symbol,entry_ts,session,anchor,clock_et,family,position,weighted_similarity,weighted_distance,n_neighbours
ES,2021-01-04 15:01:00+00:00,2021-01-04,1,10:00,ISM Manufacturing @ 10:00,0.11283390369170866,0.5522010770932376,1.8235520916245744,15.0
ES,2021-01-04 15:31:00+00:00,2021-01-04,31,10:00,ISM Manufacturing @ 10:00,-0.43905059860878165,0.6962527149666586,1.4535444915574587,15.0
ES,2021-01-04 16:01:00+00:00,2021-01-04,61,10:00,ISM Manufacturing @ 10:00,0.45190221421087323,0.7483347163423861,1.3448250728265445,15.0
ES,2021-01-04 17:01:00+00:00,2021-01-04,121,10:00,ISM Manufacturing @ 10:00,0.27801383306610644,0.6454371055882129,1.5864362519951816,15.0
ES,2021-01-05 15:01:00+00:00,2021-01-05,1,10:00,ISM Manufacturing @ 10:00,-0.40517930286426673,0.4973773497926984,2.034589527086503,15.0
ES,2021-01-05 15:31:00+00:00,2021-01-05,31,10:00,ISM Manufacturing @ 10:00,-0.9742334973141071,0.7004721661936615,1.4382221366491226,15.0
ES,2021-01-05 16:01:00+00:00,2021-01-05,61,10:00,ISM Manufacturing @ 10:00,2.0,0.36907554056012365,2.758399253891869,15.0
ES,2021-01-05 16:31:00+00:00,2021-01-05,91,10:00,ISM Manufacturing @ 10:00,0.9775250320864414,0.5335672798995458,1.9133510388627486,15.0
ES,2021-01-06 19:31:00+00:00,2021-01-06,31,14:00,FOMC Meeting Minutes @ 14:00,0.8385179382888996,0.468361861757685,2.1856397350317147,15.0
ES,2021-01-06 20:01:00+00:00,2021-01-06,61,14:00,FOMC Meeting Minutes @ 14:00,0.5731762770288718,0.4349031618098862,2.357367346092189,15.0
ES,2021-01-06 20:31:00+00:00,2021-01-06,91,14:00,FOMC Meeting Minutes @ 14:00,-0.905537548998376,0.2940588247248037,3.4821738059901746,15.0
ES,2021-01-07 15:01:00+00:00,2021-01-07,91,08:30,Continuing Claims @ 08:30+ISM Services Index @ 10:00+Trade Balance @ 08:30,1.1825221260992649,0.4354197374301603,2.3105788566652046,15.0
ES,2021-01-07 15:31:00+00:00,2021-01-07,121,08:30,Continuing Claims @ 08:30+ISM Services Index @ 10:00+Trade Balance @ 08:30,1.0159369308259865,0.5154122586736302,1.95519247324134,15.0
ES,2021-01-07 16:01:00+00:00,2021-01-07,61,10:00,ISM Services Index @ 10:00,-0.9864847412652973,0.4491177306793241,2.246480488613278,15.0
ES,2021-01-07 17:01:00+00:00,2021-01-07,121,10:00,ISM Services Index @ 10:00,-0.4752071769030046,0.45358647054003964,2.2166400352597835,15.0
ES,2021-01-08 14:01:00+00:00,2021-01-08,31,08:30,Change in Manufact. Payrolls @ 08:30,-0.980533097345991,0.4293962864437213,2.389553637088185,15.0
ES,2021-01-08 14:31:00+00:00,2021-01-08,61,08:30,Change in Manufact. Payrolls @ 08:30,0.3118570480969945,0.48185737642321924,2.1022433579590523,15.0
ES,2021-01-08 15:01:00+00:00,2021-01-08,91,08:30,Change in Manufact. Payrolls @ 08:30+Wholesale Inventories MoM @ 10:00,-0.5117024079670658,0.332686670149393,3.0173779923194175,15.0
ES,2021-01-08 15:31:00+00:00,2021-01-08,31,10:00,Change in Manufact. Payrolls @ 08:30+Wholesale Inventories MoM @ 10:00,0.2501449680962399,0.620522634844999,1.6361782367412085,15.0
ES,2021-01-13 14:31:00+00:00,2021-01-13,61,08:30,CPI Index NSA @ 08:30,0.33988977385133534,0.5490518498276329,1.8394432611294422,15.0
ES,2021-01-13 15:01:00+00:00,2021-01-13,91,08:30,CPI Index NSA @ 08:30,-0.46483212659995227,0.31271945691241926,3.246776323851059,15.0
ES,2021-02-01 15:01:00+00:00,2021-02-01,1,10:00,ISM Manufacturing @ 10:00,0.5437952985501848,0.7854604342105476,1.280363715939738,15.0
ES,2021-02-01 15:31:00+00:00,2021-02-01,31,10:00,ISM Manufacturing @ 10:00,0.7995185275119145,0.4993556487690226,2.005836406177793,15.0
ES,2021-02-01 16:31:00+00:00,2021-02-01,91,10:00,ISM Manufacturing @ 10:00,0.7102013506760023,0.8648475235743421,1.1772482549356944,15.0
ES,2021-02-03 15:31:00+00:00,2021-02-03,31,10:00,ISM Services Index @ 10:00,-0.4700588966701046,0.8051549016628126,1.2560706040702518,15.0
ES,2021-02-03 17:01:00+00:00,2021-02-03,121,10:00,ISM Services Index @ 10:00,0.6989304308842611,0.7847828784875052,1.2832467078720575,15.0
ES,2021-02-05 14:01:00+00:00,2021-02-05,31,08:30,Change in Manufact. Payrolls @ 08:30+Trade Balance @ 08:30,1.675290187913053,0.3665511063363506,2.7364260677412666,15.0
ES,2021-02-05 15:01:00+00:00,2021-02-05,91,08:30,Change in Manufact. Payrolls @ 08:30+Trade Balance @ 08:30,1.4105537490478237,0.5956285800855932,1.6937428992959198,15.0
ES,2021-02-10 13:31:00+00:00,2021-02-10,1,08:30,CPI Index NSA @ 08:30+MBA Mortgage Applications @ 07:00,1.0696786281956316,0.3056242785225472,3.48092935966367,15.0
ES,2021-02-10 14:01:00+00:00,2021-02-10,31,08:30,CPI Index NSA @ 08:30+MBA Mortgage Applications @ 07:00,-1.945263615510708,0.2947024056904147,3.5086014316331573,15.0
ES,2021-02-10 14:31:00+00:00,2021-02-10,61,08:30,CPI Index NSA @ 08:30,-0.18463395088135026,0.30534751507497293,3.2802955785405374,15.0
ES,2021-02-10 15:01:00+00:00,2021-02-10,1,10:00,CPI Index NSA @ 08:30+Wholesale Inventories MoM @ 10:00,0.5399501111068472,0.3529203433268119,2.8514620236852424,15.0
ES,2021-02-10 15:31:00+00:00,2021-02-10,31,10:00,CPI Index NSA @ 08:30+Wholesale Inventories MoM @ 10:00,-0.41891657954138917,0.890340622633458,1.1435366633906714,15.0
ES,2021-02-17 19:01:00+00:00,2021-02-17,1,14:00,FOMC Meeting Minutes @ 14:00,1.7467447183734734,0.28502662245785304,3.528135359356886,15.0
ES,2021-02-17 19:31:00+00:00,2021-02-17,31,14:00,FOMC Meeting Minutes @ 14:00,-0.5863965096669854,0.4832022587172481,2.2165551638547285,15.0
ES,2021-02-17 20:01:00+00:00,2021-02-17,61,14:00,FOMC Meeting Minutes @ 14:00,-0.7438326005749792,0.5251667278582522,1.9420722455448383,15.0
ES,2021-02-17 20:31:00+00:00,2021-02-17,91,14:00,FOMC Meeting Minutes @ 14:00,-0.38258699635893123,0.32779640299110396,3.0693664206550935,15.0
ES,2021-03-01 15:01:00+00:00,2021-03-01,1,10:00,ISM Manufacturing @ 10:00,1.357970869674469,0.43340613881960344,2.3107397328612533,15.0
ES,2021-03-01 15:31:00+00:00,2021-03-01,31,10:00,ISM Manufacturing @ 10:00,0.6570383014846387,0.6864627534354761,1.4642499956399924,15.0
ES,2021-03-01 16:01:00+00:00,2021-03-01,61,10:00,ISM Manufacturing @ 10:00,0.4389173518119629,0.5042923020115954,1.9862119198897106,15.0
ES,2021-03-01 16:31:00+00:00,2021-03-01,91,10:00,ISM Manufacturing @ 10:00,-0.6052827798860573,0.5445910367922029,1.8641509082202963,15.0
ES,2021-03-01 17:01:00+00:00,2021-03-01,121,10:00,ISM Manufacturing @ 10:00,-1.5857666962881751,0.5986156028530185,1.6775753352599425,15.0
ES,2021-03-03 15:01:00+00:00,2021-03-03,1,10:00,ISM Services Index @ 10:00,0.6133941613049942,0.39479120116162764,2.541715395666521,15.0
ES,2021-03-03 15:31:00+00:00,2021-03-03,31,10:00,ISM Services Index @ 10:00,0.7037803783514215,0.371688227482873,2.7003889620573376,15.0
ES,2021-03-03 17:01:00+00:00,2021-03-03,121,10:00,ISM Services Index @ 10:00,-0.7954773986131298,0.4237249125519343,2.383372203067798,15.0
ES,2021-03-05 13:31:00+00:00,2021-03-05,1,08:30,Change in Manufact. Payrolls @ 08:30+Trade Balance @ 08:30,1.9272967253374724,0.43017732506472345,2.4514227434865585,15.0
ES,2021-03-05 14:01:00+00:00,2021-03-05,31,08:30,Change in Manufact. Payrolls @ 08:30+Trade Balance @ 08:30,-0.6097291388186694,0.8781865583522533,1.1638959872043773,15.0
ES,2021-03-05 14:31:00+00:00,2021-03-05,61,08:30,Change in Manufact. Payrolls @ 08:30+Trade Balance @ 08:30,-0.6873260578402001,0.4431279598186674,2.2708263037462073,15.0
ES,2021-03-10 13:31:00+00:00,2021-03-10,1,08:30,CPI Index NSA @ 08:30+MBA Mortgage Applications @ 07:00,0.2751506736033903,0.39091167934055937,2.829325339290553,15.0
ES,2021-03-10 14:01:00+00:00,2021-03-10,31,08:30,CPI Index NSA @ 08:30+MBA Mortgage Applications @ 07:00,-0.5552232985531875,0.4486289981435736,2.2447075956024367,15.0
ES,2021-03-10 14:31:00+00:00,2021-03-10,61,08:30,CPI Index NSA @ 08:30,0.5078930227040187,0.43829820716511536,2.296917253553732,15.0
ES,2021-03-10 15:01:00+00:00,2021-03-10,91,08:30,CPI Index NSA @ 08:30,1.60409497421413,0.5645690633853968,1.7848297343012216,15.0
ES,2021-03-10 15:31:00+00:00,2021-03-10,121,08:30,CPI Index NSA @ 08:30,-0.5792510291058313,0.8362921382638661,1.2214379555242831,15.0
ES,2021-04-01 14:31:00+00:00,2021-04-01,121,08:30,Continuing Claims @ 08:30+ISM Manufacturing @ 10:00,-0.44213518618368025,0.6353881097229064,1.5866429803457374,15.0
ES,2021-04-01 16:01:00+00:00,2021-04-01,121,10:00,ISM Manufacturing @ 10:00,1.672650063861186,0.34734982793519575,2.883710202105078,15.0
ES,2021-04-05 14:01:00+00:00,2021-04-05,1,10:00,Durable Goods Orders @ 08:30+ISM Services Index @ 10:00,0.6247161788619748,0.625299023682315,1.6274314336231164,15.0
ES,2021-04-05 14:31:00+00:00,2021-04-05,31,10:00,Durable Goods Orders @ 08:30+ISM Services Index @ 10:00,-0.9204472422902404,0.8274168278506961,1.21689429909438,15.0
ES,2021-04-05 15:01:00+00:00,2021-04-05,61,10:00,Durable Goods Orders @ 08:30+ISM Services Index @ 10:00,0.8014614602269892,0.47058482693056974,2.1472672082368693,15.0
ES,2021-04-05 15:31:00+00:00,2021-04-05,91,10:00,Durable Goods Orders @ 08:30+ISM Services Index @ 10:00,0.5763221074784814,0.39105140484961576,2.6020859242650674,15.0
ES,2021-04-05 16:01:00+00:00,2021-04-05,121,10:00,Durable Goods Orders @ 08:30+ISM Services Index @ 10:00,-0.43482571338022136,0.38569588015696804,2.6182397066625054,15.0
ES,2021-04-07 18:31:00+00:00,2021-04-07,31,14:00,FOMC Meeting Minutes @ 14:00,0.3405905677320421,0.30264447895922275,3.3932709567439217,15.0
ES,2021-04-07 19:01:00+00:00,2021-04-07,1,15:00,Consumer Credit @ 15:00+FOMC Meeting Minutes @ 14:00,-0.42622479762085946,0.29148984831366637,3.6681587754873943,15.0
ES,2021-04-07 19:31:00+00:00,2021-04-07,91,14:00,Consumer Credit @ 15:00+FOMC Meeting Minutes @ 14:00,-0.5280212983552384,0.3959742594628853,3.3064567270970397,15.0
ES,2021-04-07 20:01:00+00:00,2021-04-07,121,14:00,Consumer Credit @ 15:00+FOMC Meeting Minutes @ 14:00,1.3500459357585841,0.35306626393755736,3.0655099378633053,15.0
ES,2021-04-13 12:31:00+00:00,2021-04-13,1,08:30,CPI Index NSA @ 08:30,1.3901999341154965,0.45486038437073856,2.2229651922080946,15.0
ES,2021-04-13 13:01:00+00:00,2021-04-13,31,08:30,CPI Index NSA @ 08:30,2.0,0.4423053807240219,2.290512590817122,15.0
ES,2021-04-13 13:31:00+00:00,2021-04-13,61,08:30,CPI Index NSA @ 08:30,0.7618538897699455,0.6170581589661308,1.6404518554411618,15.0
ES,2021-04-13 14:01:00+00:00,2021-04-13,91,08:30,CPI Index NSA @ 08:30,0.1652052885305388,0.4278108348816535,2.3765115680989846,15.0
ES,2021-05-03 14:01:00+00:00,2021-05-03,1,10:00,ISM Manufacturing @ 10:00,1.1239755518241965,0.4198021873959185,2.435025719537075,15.0
ES,2021-05-03 14:31:00+00:00,2021-05-03,31,10:00,ISM Manufacturing @ 10:00,-0.40886848235715656,0.3829589830783334,2.6375180103660276,15.0
ES,2021-05-03 15:01:00+00:00,2021-05-03,61,10:00,ISM Manufacturing @ 10:00,-1.1439398663789415,0.7393143028903907,1.3637696178043157,15.0
ES,2021-05-03 16:01:00+00:00,2021-05-03,121,10:00,ISM Manufacturing @ 10:00,1.4250244686284959,0.3044343195672028,3.29229860116703,15.0
ES,2021-05-05 14:31:00+00:00,2021-05-05,31,10:00,ISM Services Index @ 10:00,1.085561519198098,0.3651955163708232,2.7534919182966187,15.0
ES,2021-05-05 15:31:00+00:00,2021-05-05,91,10:00,ISM Services Index @ 10:00,0.39124871100466424,0.5189333536655159,1.9314298951145206,15.0
ES,2021-05-05 16:01:00+00:00,2021-05-05,121,10:00,ISM Services Index @ 10:00,-1.444538662956383,0.8170197358560365,1.229028245458304,15.0
ES,2021-05-07 12:31:00+00:00,2021-05-07,1,08:30,Change in Manufact. Payrolls @ 08:30,-0.5125097551809262,0.5677348887110057,1.7898294717921963,15.0
ES,2021-05-07 13:31:00+00:00,2021-05-07,61,08:30,Change in Manufact. Payrolls @ 08:30,0.8111219733100006,0.5358434034180376,1.8930648940940307,15.0
ES,2021-05-07 14:01:00+00:00,2021-05-07,1,10:00,Change in Manufact. Payrolls @ 08:30+Mortgage Delinquencies @ 10:00+Wholesale Inventories MoM @ 10:00,-0.78713873047761,0.7867884378856758,1.295712686721912,15.0
ES,2021-05-12 12:31:00+00:00,2021-05-12,91,07:00,CPI Index NSA @ 08:30+MBA Mortgage Applications @ 07:00,2.0,0.3125862099885446,3.4839846860266106,15.0
ES,2021-05-12 13:31:00+00:00,2021-05-12,61,08:30,CPI Index NSA @ 08:30,-0.36683840748583363,0.42646333832006317,2.3882961210816895,15.0
ES,2021-05-12 14:01:00+00:00,2021-05-12,91,08:30,CPI Index NSA @ 08:30,-0.48106163980017425,0.46592266808135396,2.193552402790902,15.0
ES,2021-05-12 14:31:00+00:00,2021-05-12,121,08:30,CPI Index NSA @ 08:30,0.5358328823471162,0.3556530582094787,2.840363490908855,15.0
ES,2021-05-19 18:31:00+00:00,2021-05-19,31,14:00,FOMC Meeting Minutes @ 14:00,-0.3025360752999255,0.36069933716427,2.8230564553460313,15.0
ES,2021-05-19 19:01:00+00:00,2021-05-19,61,14:00,FOMC Meeting Minutes @ 14:00,0.5096889934825595,0.40971640572063706,2.5023386956991605,15.0
ES,2021-05-19 19:31:00+00:00,2021-05-19,91,14:00,FOMC Meeting Minutes @ 14:00,-0.44024906322570156,0.5100050865199109,2.030504201199925,15.0
ES,2021-05-19 20:01:00+00:00,2021-05-19,121,14:00,FOMC Meeting Minutes @ 14:00,-0.5528582101009218,0.504763730262496,2.1020491849471563,15.0
ES,2021-06-01 14:01:00+00:00,2021-06-01,1,10:00,ISM Manufacturing @ 10:00,0.7314293237192213,0.7110313997464724,1.446550979591678,15.0
ES,2021-06-01 14:31:00+00:00,2021-06-01,31,10:00,Dallas Fed Manf. Activity @ 10:30+ISM Manufacturing @ 10:00,-0.3413002441394211,0.5648559263668411,2.2370231418163185,15.0
ES,2021-06-01 15:01:00+00:00,2021-06-01,61,10:00,Dallas Fed Manf. Activity @ 10:30+ISM Manufacturing @ 10:00,-0.33531216154001087,0.5495132737857968,2.097217932645826,15.0
ES,2021-06-01 15:31:00+00:00,2021-06-01,91,10:00,Dallas Fed Manf. Activity @ 10:30+ISM Manufacturing @ 10:00,1.178209574780255,0.48673352946688947,2.3295508900115784,15.0
ES,2021-06-01 16:01:00+00:00,2021-06-01,121,10:00,Dallas Fed Manf. Activity @ 10:30+ISM Manufacturing @ 10:00,0.8478457095550431,0.28055618901701956,3.748947313838406,15.0
ES,2021-06-03 14:01:00+00:00,2021-06-03,1,10:00,Continuing Claims @ 08:30+ISM Services Index @ 10:00+Nonfarm Productivity @ 08:30,0.5198080381345778,0.6186827864745265,1.6664661871135988,15.0
ES,2021-06-03 14:31:00+00:00,2021-06-03,121,08:30,Continuing Claims @ 08:30+ISM Services Index @ 10:00+Nonfarm Productivity @ 08:30,1.6324677663600722,0.4392301896016035,2.2964774816691027,15.0
ES,2021-06-03 15:01:00+00:00,2021-06-03,61,10:00,ISM Services Index @ 10:00,-1.178731202647988,0.6872876905613402,1.476989822626369,15.0
ES,2021-06-03 15:31:00+00:00,2021-06-03,91,10:00,ISM Services Index @ 10:00,1.062952914616311,0.38176303673193124,2.6297480351866778,15.0
ES,2021-06-04 12:31:00+00:00,2021-06-04,1,08:30,Change in Manufact. Payrolls @ 08:30,0.7919789196440155,0.43285036050176473,2.372059433286989,15.0
ES,2021-06-04 14:01:00+00:00,2021-06-04,1,10:00,Change in Manufact. Payrolls @ 08:30+Durable Goods Orders @ 08:30,-0.4167603402661308,0.44461546507781546,2.2835793395256916,15.0
ES,2021-06-10 13:31:00+00:00,2021-06-10,61,08:30,CPI Index NSA @ 08:30+Continuing Claims @ 08:30,0.3252102206471032,0.49220268391702116,2.0457370475563112,15.0
ES,2021-06-10 14:01:00+00:00,2021-06-10,91,08:30,CPI Index NSA @ 08:30+Continuing Claims @ 08:30,1.1553539113699838,0.5300942945658091,1.9097512313916216,15.0
ES,2021-06-10 14:31:00+00:00,2021-06-10,121,08:30,CPI Index NSA @ 08:30+Continuing Claims @ 08:30,1.8776947828528532,0.635491631893098,1.5857767073971218,15.0
ES,2021-07-01 14:01:00+00:00,2021-07-01,1,10:00,Continuing Claims @ 08:30+ISM Manufacturing @ 10:00,1.510163879654976,0.5148711397578281,1.9632316366827212,15.0
ES,2021-07-01 14:31:00+00:00,2021-07-01,121,08:30,Continuing Claims @ 08:30+ISM Manufacturing @ 10:00,-0.35104528689209485,0.39880009494870017,2.534727970032418,15.0
ES,2021-07-01 15:01:00+00:00,2021-07-01,61,10:00,ISM Manufacturing @ 10:00,1.6007899135245727,0.439001061808979,2.280933447794086,15.0
ES,2021-07-01 15:31:00+00:00,2021-07-01,91,10:00,ISM Manufacturing @ 10:00,-1.5029557016538209,0.5947429651138602,1.6910868431140202,15.0
ES,2021-07-02 12:31:00+00:00,2021-07-02,1,08:30,Change in Manufact. Payrolls @ 08:30+Trade Balance @ 08:30,0.2994338620549855,0.45450555177345875,2.227845091982761,15.0
ES,2021-07-02 13:31:00+00:00,2021-07-02,61,08:30,Change in Manufact. Payrolls @ 08:30+Trade Balance @ 08:30,0.41465452168812217,0.3830379240952121,2.615769005981956,15.0
ES,2021-07-02 14:01:00+00:00,2021-07-02,91,08:30,Change in Manufact. Payrolls @ 08:30+Durable Goods Orders @ 08:30+Trade Balance @ 08:30,-0.7454543187379374,0.6426319483422192,1.5724509483328049,15.0
ES,2021-07-02 14:31:00+00:00,2021-07-02,31,10:00,Change in Manufact. Payrolls @ 08:30+Durable Goods Orders @ 08:30+Trade Balance @ 08:30,1.0961427584781933,0.3479474592864819,2.8862910334852487,15.0
ES,2021-07-06 14:01:00+00:00,2021-07-06,1,10:00,ISM Services Index @ 10:00,0.10704500721539509,0.47414483323822715,2.13526403059339,15.0
ES,2021-07-06 14:31:00+00:00,2021-07-06,31,10:00,ISM Services Index @ 10:00,-0.667992571060824,0.835401175925042,1.20239371489295,15.0
ES,2021-07-06 15:31:00+00:00,2021-07-06,91,10:00,ISM Services Index @ 10:00,0.44368218993543174,0.34447715377612664,2.923919536057593,15.0
ES,2021-07-06 16:01:00+00:00,2021-07-06,121,10:00,ISM Services Index @ 10:00,0.6984336872909643,0.48371016610635126,2.07463740639735,15.0
ES,2021-07-07 18:31:00+00:00,2021-07-07,31,14:00,FOMC Meeting Minutes @ 14:00,0.6339001511943223,0.25166362783273005,4.020324879434376,15.0
ES,2021-07-07 19:01:00+00:00,2021-07-07,61,14:00,FOMC Meeting Minutes @ 14:00,-0.8105914064124528,0.44564817699391945,2.2837058680019244,15.0
ES,2021-07-13 12:31:00+00:00,2021-07-13,1,08:30,CPI Index NSA @ 08:30,0.9276076009113743,0.815584981191619,1.99845084504666,15.0
ES,2021-07-13 13:31:00+00:00,2021-07-13,61,08:30,CPI Index NSA @ 08:30,0.5006551122809402,0.5305607657825111,1.9038706896887323,15.0
ES,2021-07-13 14:01:00+00:00,2021-07-13,91,08:30,CPI Index NSA @ 08:30,-1.0072370726142532,0.518486217892112,1.937353809328369,15.0
ES,2021-08-02 14:01:00+00:00,2021-08-02,1,10:00,ISM Manufacturing @ 10:00,0.137328492578613,0.39429278156474584,2.545918409648288,15.0
ES,2021-08-02 15:01:00+00:00,2021-08-02,61,10:00,ISM Manufacturing @ 10:00,0.6157873655308298,0.5580344136059745,1.7957159765673143,15.0
ES,2021-08-02 15:31:00+00:00,2021-08-02,91,10:00,ISM Manufacturing @ 10:00,-1.2639381946374995,0.37497662298311407,2.6928142919299045,15.0
ES,2021-08-02 16:01:00+00:00,2021-08-02,121,10:00,ISM Manufacturing @ 10:00,0.32467890039947067,0.7021898283806558,1.5146005312239859,15.0
ES,2021-08-04 14:31:00+00:00,2021-08-04,31,10:00,ISM Services Index @ 10:00,0.3205598666514462,0.5613598689244687,1.7939596407442489,15.0
ES,2021-08-04 15:01:00+00:00,2021-08-04,61,10:00,ISM Services Index @ 10:00,0.5021098021592602,0.48408053620131697,2.1116618483129277,15.0
ES,2021-08-04 16:01:00+00:00,2021-08-04,121,10:00,ISM Services Index @ 10:00,1.096305059827064,0.42711366126614614,2.3580380869062347,15.0
ES,2021-08-06 12:31:00+00:00,2021-08-06,1,08:30,Change in Manufact. Payrolls @ 08:30,2.0,0.5926730370075993,1.821010088879585,15.0
ES,2021-08-06 13:01:00+00:00,2021-08-06,31,08:30,Change in Manufact. Payrolls @ 08:30,1.2812795488760964,0.507176412055857,2.0073991762358525,15.0
ES,2021-08-06 13:31:00+00:00,2021-08-06,61,08:30,Change in Manufact. Payrolls @ 08:30,0.35045042785017017,0.5218307921543902,1.9278132162927681,15.0
ES,2021-08-06 14:01:00+00:00,2021-08-06,1,10:00,Change in Manufact. Payrolls @ 08:30+Wholesale Inventories MoM @ 10:00,-0.4862371307272388,0.7486947282381635,1.3559880772823083,15.0
ES,2021-08-06 14:31:00+00:00,2021-08-06,121,08:30,Change in Manufact. Payrolls @ 08:30+Wholesale Inventories MoM @ 10:00,0.2865252535654739,0.38956964023200535,2.574483245082046,15.0
ES,2021-08-11 12:31:00+00:00,2021-08-11,91,07:00,CPI Index NSA @ 08:30+MBA Mortgage Applications @ 07:00,0.4146619187813845,0.5045650747156886,2.3500761099696112,15.0
ES,2021-08-11 13:31:00+00:00,2021-08-11,61,08:30,CPI Index NSA @ 08:30,0.274169482836082,0.5159737291118546,1.9429948101936139,15.0
ES,2021-08-11 14:01:00+00:00,2021-08-11,91,08:30,CPI Index NSA @ 08:30,-1.283525782711019,0.4359655494964868,2.3117814500987266,15.0
ES,2021-08-11 14:31:00+00:00,2021-08-11,121,08:30,CPI Index NSA @ 08:30,-0.9460314662603857,0.27635666218623395,3.623533454311276,15.0
ES,2021-08-18 18:01:00+00:00,2021-08-18,1,14:00,FOMC Meeting Minutes @ 14:00,-0.8800448718423659,0.5326403618684543,1.920342289257043,15.0
ES,2021-08-18 18:31:00+00:00,2021-08-18,31,14:00,FOMC Meeting Minutes @ 14:00,1.525319897260341,0.4221236442052952,2.4745744295512018,15.0
ES,2021-08-18 19:31:00+00:00,2021-08-18,91,14:00,FOMC Meeting Minutes @ 14:00,-0.5199809836212455,0.3721328627007639,2.7813080638661623,15.0
ES,2021-08-18 20:01:00+00:00,2021-08-18,121,14:00,FOMC Meeting Minutes @ 14:00,0.733547686465316,0.6587238104419545,1.5541522029144277,15.0
ES,2021-09-01 14:01:00+00:00,2021-09-01,1,10:00,ISM Manufacturing @ 10:00,-0.36200090177462074,0.33599725075046916,3.0491306205933237,15.0
ES,2021-09-01 14:31:00+00:00,2021-09-01,31,10:00,ISM Manufacturing @ 10:00,1.6216831098122784,0.3309338104306487,3.0240808031193662,15.0
ES,2021-09-01 15:01:00+00:00,2021-09-01,61,10:00,ISM Manufacturing @ 10:00,-0.798463136998172,0.477229677974808,2.1081953395966524,15.0
ES,2021-09-01 15:31:00+00:00,2021-09-01,91,10:00,ISM Manufacturing @ 10:00,0.5026027387871652,0.37173741788553843,2.735929125292455,15.0
ES,2021-09-03 13:01:00+00:00,2021-09-03,31,08:30,Change in Manufact. Payrolls @ 08:30,-2.0,0.3866777565033609,2.6092783826659054,15.0
ES,2021-09-03 14:31:00+00:00,2021-09-03,31,10:00,Change in Manufact. Payrolls @ 08:30+ISM Services Index @ 10:00,0.034290037242531685,0.33297596110656724,3.024612536427637,15.0
ES,2021-09-03 15:01:00+00:00,2021-09-03,61,10:00,ISM Services Index @ 10:00,-0.38353691986853233,0.4293430545831914,2.3669718064419474,15.0
ES,2021-09-03 16:01:00+00:00,2021-09-03,121,10:00,ISM Services Index @ 10:00,0.38602894882013916,0.7736186575713783,1.3125482877919075,15.0
ES,2021-09-14 12:31:00+00:00,2021-09-14,1,08:30,CPI Index NSA @ 08:30,1.1098242526204738,0.6103032472504787,1.707728602634251,15.0
ES,2021-09-14 13:01:00+00:00,2021-09-14,31,08:30,CPI Index NSA @ 08:30,-1.2985259623516725,0.36998098701944704,2.7265635276171114,15.0
ES,2021-09-14 14:01:00+00:00,2021-09-14,91,08:30,CPI Index NSA @ 08:30,1.3299396564529897,0.7074478318555707,1.4425417496906574,15.0
ES,2021-10-01 14:01:00+00:00,2021-10-01,1,10:00,Core PCE Price Index MoM @ 08:30+ISM Manufacturing @ 10:00+U. of Mich. Sentiment @ 10:00,-0.9879907650761679,0.49732036616183056,2.0224606126658875,15.0
ES,2021-10-01 15:31:00+00:00,2021-10-01,91,10:00,ISM Manufacturing @ 10:00+U. of Mich. Sentiment @ 10:00,0.8865440023860073,0.6472142987362958,1.5882254827625104,15.0
ES,2021-10-01 16:01:00+00:00,2021-10-01,121,10:00,ISM Manufacturing @ 10:00+U. of Mich. Sentiment @ 10:00,-1.2501592513186406,0.46978648706203746,2.1581437552945255,15.0
ES,2021-10-05 14:01:00+00:00,2021-10-05,91,08:30,ISM Services Index @ 10:00+Trade Balance @ 08:30,-0.7264948429581314,0.5234016566743547,1.922817972200947,15.0
ES,2021-10-05 14:31:00+00:00,2021-10-05,31,10:00,ISM Services Index @ 10:00+Trade Balance @ 08:30,1.1538488021000726,0.7730661123032251,1.3170568445574342,15.0
ES,2021-10-08 12:31:00+00:00,2021-10-08,1,08:30,Change in Manufact. Payrolls @ 08:30,-2.0,0.3952714881145064,2.5927757968670027,15.0
ES,2021-10-08 13:01:00+00:00,2021-10-08,31,08:30,Change in Manufact. Payrolls @ 08:30,0.16833435450492362,0.44919658530717343,2.3942020349090405,15.0
ES,2021-10-08 13:31:00+00:00,2021-10-08,61,08:30,Change in Manufact. Payrolls @ 08:30,0.5345460200760507,0.30865305902504403,3.24788985979146,15.0
ES,2021-10-08 14:31:00+00:00,2021-10-08,31,10:00,Change in Manufact. Payrolls @ 08:30+Wholesale Inventories MoM @ 10:00,-0.37893301963551457,0.30106665290425766,3.3494088254448258,15.0
ES,2021-10-13 12:31:00+00:00,2021-10-13,91,07:00,CPI Index NSA @ 08:30+MBA Mortgage Applications @ 07:00,-0.8899830454736207,0.3144131319904748,3.277287912026794,15.0
ES,2021-10-13 13:01:00+00:00,2021-10-13,121,07:00,CPI Index NSA @ 08:30+MBA Mortgage Applications @ 07:00,-1.4342201428077017,0.4900481823205697,2.1931563040532605,15.0
ES,2021-10-13 14:01:00+00:00,2021-10-13,91,08:30,CPI Index NSA @ 08:30,0.8301451470220292,0.8126775490134887,1.2361119486404877,15.0
ES,2021-10-13 14:31:00+00:00,2021-10-13,121,08:30,CPI Index NSA @ 08:30,-0.37262152289325173,0.4430014817173808,2.2776263323312764,15.0
ES,2021-10-13 18:31:00+00:00,2021-10-13,31,14:00,FOMC Meeting Minutes @ 14:00,1.9204716155400814,0.27060343522665037,3.8139520427791576,15.0
ES,2021-10-13 19:01:00+00:00,2021-10-13,61,14:00,FOMC Meeting Minutes @ 14:00,0.8604622507603092,0.3466633249063585,2.923218262832356,15.0
ES,2021-10-13 19:31:00+00:00,2021-10-13,91,14:00,FOMC Meeting Minutes @ 14:00,-0.5428182072402777,0.2979456211168446,3.4183887146163903,15.0
ES,2021-10-13 20:01:00+00:00,2021-10-13,121,14:00,FOMC Meeting Minutes @ 14:00,-1.4079013582232833,0.3456066216043151,2.912354368915363,15.0
ES,2021-11-01 14:31:00+00:00,2021-11-01,31,10:00,ISM Manufacturing @ 10:00,-0.41953684179472844,0.3386615682310342,2.960901651021028,15.0
ES,2021-11-01 16:01:00+00:00,2021-11-01,121,10:00,ISM Manufacturing @ 10:00,-0.6685358543082045,0.4258922787184546,2.3580025541414367,15.0
ES,2021-11-03 14:01:00+00:00,2021-11-03,1,10:00,Durable Goods Orders @ 08:30+ISM Services Index @ 10:00,1.289449947602557,0.295051059015221,3.3960050951224976,15.0
ES,2021-11-03 14:31:00+00:00,2021-11-03,31,10:00,Durable Goods Orders @ 08:30+ISM Services Index @ 10:00,-0.9876161460566936,0.3252611884657187,3.0816879313344496,15.0
ES,2021-11-03 15:01:00+00:00,2021-11-03,61,10:00,Durable Goods Orders @ 08:30+ISM Services Index @ 10:00,1.4894944515344335,0.5282561660133055,1.9023261002382048,15.0
ES,2021-11-03 15:31:00+00:00,2021-11-03,91,10:00,Durable Goods Orders @ 08:30+ISM Services Index @ 10:00,-0.932227455967723,0.3213576237456183,3.1127052007049887,15.0
ES,2021-11-05 12:31:00+00:00,2021-11-05,1,08:30,Change in Manufact. Payrolls @ 08:30,1.3620948199843463,0.5914810189497515,1.71596051489842,15.0
ES,2021-11-05 13:01:00+00:00,2021-11-05,31,08:30,Change in Manufact. Payrolls @ 08:30,1.3020804603124498,0.4139194222105157,2.4463628969687874,15.0
ES,2021-11-05 13:31:00+00:00,2021-11-05,61,08:30,Change in Manufact. Payrolls @ 08:30,0.3278418858911787,0.6841397254190974,1.5146227726273327,15.0
ES,2021-11-05 14:01:00+00:00,2021-11-05,91,08:30,Change in Manufact. Payrolls @ 08:30,1.626985091934,0.47087294239587174,2.1634728020230822,15.0
ES,2021-11-10 13:31:00+00:00,2021-11-10,1,08:30,CPI Index NSA @ 08:30+Continuing Claims @ 08:30+MBA Mortgage Applications @ 07:00,0.613954674623813,0.44391025674622514,2.5943021565388382,15.0
ES,2021-11-10 14:31:00+00:00,2021-11-10,61,08:30,CPI Index NSA @ 08:30+Continuing Claims @ 08:30,0.6769632825178425,0.2903258562870699,3.4551982681485316,15.0
ES,2021-11-10 15:01:00+00:00,2021-11-10,1,10:00,CPI Index NSA @ 08:30+Continuing Claims @ 08:30+Mortgage Delinquencies @ 10:00+Wholesale Inventories MoM @ 10:00,1.2784423000845315,0.6087792020077101,1.656288206959263,15.0
ES,2021-11-10 15:31:00+00:00,2021-11-10,121,08:30,CPI Index NSA @ 08:30+Continuing Claims @ 08:30+Mortgage Delinquencies @ 10:00+Wholesale Inventories MoM @ 10:00,0.8286757653333113,0.33564456442438567,2.9911578984679568,15.0
ES,2021-11-24 19:31:00+00:00,2021-11-24,31,14:00,FOMC Meeting Minutes @ 14:00,1.5417650070229652,0.32155583336740423,3.138399681340122,15.0
ES,2021-11-24 20:01:00+00:00,2021-11-24,61,14:00,FOMC Meeting Minutes @ 14:00,-0.4321273890712308,0.5154456766633144,2.0006672365844134,15.0
ES,2021-11-24 21:01:00+00:00,2021-11-24,121,14:00,FOMC Meeting Minutes @ 14:00,-1.4023157201929628,0.3100182578596424,3.3184600971391074,15.0
ES,2021-12-01 15:01:00+00:00,2021-12-01,1,10:00,ISM Manufacturing @ 10:00,-0.5479804244147809,0.449869487441089,2.238268424889105,15.0
ES,2021-12-01 16:31:00+00:00,2021-12-01,91,10:00,ISM Manufacturing @ 10:00,1.2488268139962593,0.6860297165748354,1.4601866817672022,15.0
ES,2021-12-01 17:01:00+00:00,2021-12-01,121,10:00,ISM Manufacturing @ 10:00,-1.5103919723587484,0.7194405773855007,1.3997362041861678,15.0
ES,2021-12-03 13:31:00+00:00,2021-12-03,1,08:30,Change in Manufact. Payrolls @ 08:30,-0.45523603013857944,0.35869910730509585,2.8218259131954726,15.0
ES,2021-12-03 14:01:00+00:00,2021-12-03,31,08:30,Change in Manufact. Payrolls @ 08:30,2.0,0.37596386540970056,2.6742303823597893,15.0
ES,2021-12-03 14:31:00+00:00,2021-12-03,61,08:30,Change in Manufact. Payrolls @ 08:30,-0.30662482452818457,0.33453161170795653,3.013880991010384,15.0
ES,2021-12-03 15:01:00+00:00,2021-12-03,1,10:00,Change in Manufact. Payrolls @ 08:30+Durable Goods Orders @ 08:30+ISM Services Index @ 10:00,-1.2127429456347105,0.8268295298699245,1.2254879552692297,15.0
ES,2021-12-03 15:31:00+00:00,2021-12-03,31,10:00,Change in Manufact. Payrolls @ 08:30+Durable Goods Orders @ 08:30+ISM Services Index @ 10:00,0.45606839320391895,0.3216126476808225,3.1225909602208595,15.0
ES,2021-12-03 16:01:00+00:00,2021-12-03,61,10:00,Durable Goods Orders @ 08:30+ISM Services Index @ 10:00,0.46137601113035615,0.589036611185009,1.718881315734666,15.0
ES,2021-12-03 17:01:00+00:00,2021-12-03,121,10:00,Durable Goods Orders @ 08:30+ISM Services Index @ 10:00,-1.343365406049047,0.791890331020537,1.2788670449735962,15.0
ES,2021-12-10 15:01:00+00:00,2021-12-10,1,10:00,CPI Index NSA @ 08:30+U. of Mich. Sentiment @ 10:00,-0.3563353660768727,0.5641487637057502,1.7849800430298015,15.0
ES,2021-12-10 15:31:00+00:00,2021-12-10,121,08:30,CPI Index NSA @ 08:30+U. of Mich. Sentiment @ 10:00,-0.3604610045189652,0.6109566335093204,1.6490784330070303,15.0
ES,2022-01-03 15:01:00+00:00,2022-01-03,1,10:00,ISM Manufacturing @ 10:00,0.5598007218786766,0.6945413039765835,1.4968935241882424,15.0
ES,2022-01-03 15:31:00+00:00,2022-01-03,31,10:00,ISM Manufacturing @ 10:00,0.5707353933201639,0.5615828691983771,1.7831808417430135,15.0
ES,2022-01-03 16:01:00+00:00,2022-01-03,61,10:00,ISM Manufacturing @ 10:00,-0.8498390866584409,0.2777195752199349,3.6154689517116485,15.0
ES,2022-01-03 17:01:00+00:00,2022-01-03,121,10:00,ISM Manufacturing @ 10:00,1.3018692055970347,0.3871455886660635,2.611049599527802,15.0
ES,2022-01-04 16:01:00+00:00,2022-01-04,61,10:00,ISM Manufacturing @ 10:00+JOLTS Job Openings @ 10:00,0.22858951225324003,0.8253013015920841,1.2380493627951348,15.0
ES,2022-01-04 16:31:00+00:00,2022-01-04,91,10:00,ISM Manufacturing @ 10:00+JOLTS Job Openings @ 10:00,0.5872537504695138,0.3036556200657531,3.3060188189493833,15.0
ES,2022-01-06 15:01:00+00:00,2022-01-06,91,08:30,Continuing Claims @ 08:30+Durable Goods Orders @ 08:30+ISM Services Index @ 10:00+Trade Balance @ 08:30,0.6524158572516929,0.604518023799297,1.699587197619286,15.0
ES,2022-01-06 15:31:00+00:00,2022-01-06,31,10:00,Continuing Claims @ 08:30+Durable Goods Orders @ 08:30+ISM Services Index @ 10:00+Trade Balance @ 08:30,1.2893523661464457,0.6075536938279986,1.6601150231972193,15.0
ES,2022-01-06 16:31:00+00:00,2022-01-06,91,10:00,Durable Goods Orders @ 08:30+ISM Services Index @ 10:00,-0.890882244529293,0.45227920133964167,2.2368375846987125,15.0
ES,2022-01-06 17:01:00+00:00,2022-01-06,121,10:00,Durable Goods Orders @ 08:30+ISM Services Index @ 10:00,-0.9968610657882138,0.4932077425121481,2.035275955579827,15.0
ES,2022-01-07 13:31:00+00:00,2022-01-07,1,08:30,Change in Manufact. Payrolls @ 08:30,0.9201243347336346,0.2439839902958661,4.103384367614219,15.0
ES,2022-01-07 14:31:00+00:00,2022-01-07,61,08:30,Change in Manufact. Payrolls @ 08:30,0.3550306795474945,0.48062847245235746,2.0962994140413604,15.0
ES,2022-01-07 15:01:00+00:00,2022-01-07,91,08:30,Change in Manufact. Payrolls @ 08:30,-0.5883326780707226,0.6371673036598169,1.5753885031838637,15.0
ES,2022-01-07 15:31:00+00:00,2022-01-07,121,08:30,Change in Manufact. Payrolls @ 08:30,1.2415225656808877,0.6375430949552441,1.5836323088561215,15.0
ES,2022-01-12 13:31:00+00:00,2022-01-12,91,07:00,CPI Index NSA @ 08:30+MBA Mortgage Applications @ 07:00,0.6131226218442775,0.4927663089002359,2.098750187793117,15.0
ES,2022-01-12 14:01:00+00:00,2022-01-12,121,07:00,CPI Index NSA @ 08:30+MBA Mortgage Applications @ 07:00,0.16900736030052685,0.3574613736278769,2.890890279220149,15.0
ES,2022-01-12 14:31:00+00:00,2022-01-12,61,08:30,CPI Index NSA @ 08:30,1.6458853922641652,0.44770522682893715,2.3006072136791316,15.0
ES,2022-01-12 15:01:00+00:00,2022-01-12,91,08:30,CPI Index NSA @ 08:30,0.15716207293284412,0.4736138206880913,2.120286707593331,15.0
ES,2022-01-12 15:31:00+00:00,2022-01-12,121,08:30,CPI Index NSA @ 08:30,0.9107359644090368,0.4158975188350283,2.441416292955818,15.0
ES,2022-02-01 15:01:00+00:00,2022-02-01,1,10:00,ISM Manufacturing @ 10:00+JOLTS Job Openings @ 10:00,-0.4223685616078431,0.3707171685044332,2.7346550106476,15.0
ES,2022-02-01 15:31:00+00:00,2022-02-01,31,10:00,ISM Manufacturing @ 10:00+JOLTS Job Openings @ 10:00,1.1395420617020466,0.5589071939168697,1.80534388729427,15.0
ES,2022-02-01 16:01:00+00:00,2022-02-01,61,10:00,ISM Manufacturing @ 10:00+JOLTS Job Openings @ 10:00,0.9994915304757428,0.5246354213714147,1.929345313134679,15.0
ES,2022-02-03 15:01:00+00:00,2022-02-03,1,10:00,Continuing Claims @ 08:30+Durable Goods Orders @ 08:30+ISM Services Index @ 10:00+Nonfarm Productivity @ 08:30,0.5122033338080659,0.4931705074673242,2.0555684438631356,15.0
ES,2022-02-03 15:31:00+00:00,2022-02-03,31,10:00,Continuing Claims @ 08:30+Durable Goods Orders @ 08:30+ISM Services Index @ 10:00+Nonfarm Productivity @ 08:30,-0.7972129578549534,0.5899062459795765,1.702359077206414,15.0
ES,2022-02-03 16:01:00+00:00,2022-02-03,61,10:00,Durable Goods Orders @ 08:30+ISM Services Index @ 10:00,0.3956193660975051,0.38572439427380456,2.602843034823074,15.0
ES,2022-02-03 16:31:00+00:00,2022-02-03,91,10:00,Durable Goods Orders @ 08:30+ISM Services Index @ 10:00,0.805293606198562,0.5004660567159096,2.004903167217449,15.0
ES,2022-02-03 17:01:00+00:00,2022-02-03,121,10:00,Durable Goods Orders @ 08:30+ISM Services Index @ 10:00,0.40949837915289844,0.5322705397328206,1.8857361424002284,15.0
ES,2022-02-04 13:31:00+00:00,2022-02-04,1,08:30,Change in Manufact. Payrolls @ 08:30,0.36148282185624986,0.36267407780431754,2.786361255210813,15.0
ES,2022-02-04 15:31:00+00:00,2022-02-04,121,08:30,Change in Manufact. Payrolls @ 08:30,0.4986965990189159,0.38558904303395497,2.6295964058795143,15.0
ES,2022-02-10 13:31:00+00:00,2022-02-10,1,08:30,CPI Index NSA @ 08:30+Continuing Claims @ 08:30,-0.7439855256745055,0.4804344219497366,2.2906199117347015,15.0
ES,2022-02-10 14:01:00+00:00,2022-02-10,31,08:30,CPI Index NSA @ 08:30+Continuing Claims @ 08:30,0.9618806222736347,0.44185904711467694,2.2769628803428335,15.0
ES,2022-02-10 14:31:00+00:00,2022-02-10,61,08:30,CPI Index NSA @ 08:30+Continuing Claims @ 08:30,0.6647718042481997,0.37641770728299184,2.6628216940909315,15.0
ES,2022-03-01 15:01:00+00:00,2022-03-01,1,10:00,ISM Manufacturing @ 10:00,0.7250709899198273,0.4026876121503932,2.492493661557516,15.0
ES,2022-03-01 16:01:00+00:00,2022-03-01,61,10:00,ISM Manufacturing @ 10:00,0.6532585918872333,0.5656728662697309,1.8125724098334706,15.0
ES,2022-03-01 16:31:00+00:00,2022-03-01,91,10:00,ISM Manufacturing @ 10:00,0.9686439150285318,0.3842990897828165,2.6439401969440164,15.0
ES,2022-03-01 17:01:00+00:00,2022-03-01,121,10:00,ISM Manufacturing @ 10:00,-1.1655741693036998,0.7835672330400193,1.2850747115694403,15.0
ES,2022-03-03 15:01:00+00:00,2022-03-03,1,10:00,Continuing Claims @ 08:30+Durable Goods Orders @ 08:30+ISM Services Index @ 10:00+Nonfarm Productivity @ 08:30,0.44684506745727565,0.3774063022280995,2.6801153911566598,15.0
ES,2022-03-03 15:31:00+00:00,2022-03-03,121,08:30,Continuing Claims @ 08:30+Durable Goods Orders @ 08:30+ISM Services Index @ 10:00+Nonfarm Productivity @ 08:30,-0.520048410395465,0.6583890203228542,1.545095005282144,15.0
ES,2022-03-03 16:01:00+00:00,2022-03-03,61,10:00,Durable Goods Orders @ 08:30+ISM Services Index @ 10:00,-0.4881131390293728,0.7570741237225422,1.3672605797114668,15.0
ES,2022-03-03 16:31:00+00:00,2022-03-03,91,10:00,Durable Goods Orders @ 08:30+ISM Services Index @ 10:00,-1.180886392438368,0.5410992979956053,1.8851037713072691,15.0
ES,2022-03-03 17:01:00+00:00,2022-03-03,121,10:00,Durable Goods Orders @ 08:30+ISM Services Index @ 10:00,-0.5430253545294713,0.36520838706113734,2.745057902217826,15.0
ES,2022-03-04 13:31:00+00:00,2022-03-04,1,08:30,Change in Manufact. Payrolls @ 08:30,0.3610281845768279,0.4898301342938559,2.0711805469609335,15.0
ES,2022-03-04 14:01:00+00:00,2022-03-04,31,08:30,Change in Manufact. Payrolls @ 08:30,-2.0,0.8006502906845578,1.2608186561900379,15.0
ES,2022-03-04 14:31:00+00:00,2022-03-04,61,08:30,Change in Manufact. Payrolls @ 08:30,0.4773341171452209,0.4538653382559422,2.2055441795117896,15.0
ES,2022-03-04 15:01:00+00:00,2022-03-04,91,08:30,Change in Manufact. Payrolls @ 08:30,0.34721786969586976,0.4600005029463525,2.1951586676063206,15.0
ES,2022-03-04 15:31:00+00:00,2022-03-04,121,08:30,Change in Manufact. Payrolls @ 08:30,-0.8189548472305616,0.5415096798483723,1.882070051418458,15.0
ES,2022-03-10 13:31:00+00:00,2022-03-10,1,08:30,CPI Index NSA @ 08:30+Continuing Claims @ 08:30,-1.2385530869104653,0.46816883190297176,2.1544374411096006,15.0
ES,2022-03-10 14:31:00+00:00,2022-03-10,61,08:30,CPI Index NSA @ 08:30+Continuing Claims @ 08:30,0.3072689072607254,0.43298065206739955,2.3118288516032353,15.0
ES,2022-03-10 15:01:00+00:00,2022-03-10,91,08:30,CPI Index NSA @ 08:30+Continuing Claims @ 08:30,1.3024945606017626,0.501158302479121,1.9984866433816946,15.0
ES,2022-03-10 15:31:00+00:00,2022-03-10,121,08:30,CPI Index NSA @ 08:30+Continuing Claims @ 08:30,-0.6369371591498105,0.436078594569165,2.336616585053068,15.0
ES,2022-04-01 12:31:00+00:00,2022-04-01,1,08:30,Change in Manufact. Payrolls @ 08:30,0.6995260205185749,0.35649919682024406,2.827098382523672,15.0
ES,2022-04-01 13:31:00+00:00,2022-04-01,61,08:30,Change in Manufact. Payrolls @ 08:30,-0.8926685461521632,0.41955512909942516,2.412190187007597,15.0
ES,2022-04-01 14:01:00+00:00,2022-04-01,1,10:00,Change in Manufact. Payrolls @ 08:30+ISM Manufacturing @ 10:00,-0.8072378858674378,0.5644364413560157,1.7839466554563368,15.0
ES,2022-04-01 14:31:00+00:00,2022-04-01,31,10:00,Change in Manufact. Payrolls @ 08:30+ISM Manufacturing @ 10:00,-0.5122187886377331,0.5910155157491246,1.7066414506781,15.0
ES,2022-04-01 15:01:00+00:00,2022-04-01,61,10:00,ISM Manufacturing @ 10:00,2.0,0.6225477165526533,1.6113304798269716,15.0
ES,2022-04-05 14:01:00+00:00,2022-04-05,91,08:30,ISM Services Index @ 10:00+Trade Balance @ 08:30,-0.4780266082899975,0.4268324970820496,2.3811136131575608,15.0
ES,2022-04-05 14:31:00+00:00,2022-04-05,121,08:30,ISM Services Index @ 10:00+Trade Balance @ 08:30,-0.5384365062790739,0.6124253175404273,1.6542633135769944,15.0
ES,2022-04-05 15:01:00+00:00,2022-04-05,61,10:00,ISM Services Index @ 10:00,0.7683287002686348,0.7058536959286813,1.431496079338371,15.0
ES,2022-04-05 15:31:00+00:00,2022-04-05,91,10:00,ISM Services Index @ 10:00,1.23798805756531,0.44814897794090774,2.2328096164572355,15.0
ES,2022-04-05 16:01:00+00:00,2022-04-05,121,10:00,ISM Services Index @ 10:00,0.6637218273097081,0.6340269666277294,1.606271092316049,15.0
ES,2022-04-12 12:31:00+00:00,2022-04-12,1,08:30,CPI Index NSA @ 08:30,1.6912420912614143,0.42978687429443707,2.374936950461983,15.0
ES,2022-04-12 13:01:00+00:00,2022-04-12,31,08:30,CPI Index NSA @ 08:30,2.0,0.741545993366612,1.364853281950632,15.0
ES,2022-04-12 14:31:00+00:00,2022-04-12,121,08:30,CPI Index NSA @ 08:30,0.25468683143684434,0.5253230061060676,1.9182876860571145,15.0
ES,2022-05-02 14:01:00+00:00,2022-05-02,1,10:00,ISM Manufacturing @ 10:00,0.631655121800994,0.42359200594737273,2.381867262126831,15.0
ES,2022-05-02 14:31:00+00:00,2022-05-02,31,10:00,ISM Manufacturing @ 10:00,0.7819961543656223,0.5833455064958787,1.7276104881869285,15.0
ES,2022-05-02 15:01:00+00:00,2022-05-02,61,10:00,ISM Manufacturing @ 10:00,0.25509859139252916,0.7877457274236593,1.277218534066569,15.0
ES,2022-05-02 15:31:00+00:00,2022-05-02,91,10:00,ISM Manufacturing @ 10:00,1.529730902340396,0.4605995937374902,2.1842172960609885,15.0
ES,2022-05-02 16:01:00+00:00,2022-05-02,121,10:00,ISM Manufacturing @ 10:00,-0.9018952785731941,0.36277682048501503,2.770641772306623,15.0
ES,2022-05-04 14:01:00+00:00,2022-05-04,1,10:00,ISM Services Index @ 10:00+Trade Balance @ 08:30,-0.536925843055916,0.3867266984608943,2.605124413771834,15.0
ES,2022-05-04 14:31:00+00:00,2022-05-04,31,10:00,ISM Services Index @ 10:00+Trade Balance @ 08:30,-1.0398105839796405,0.4333572390406215,2.3179330705314287,15.0
ES,2022-05-04 15:31:00+00:00,2022-05-04,91,10:00,ISM Services Index @ 10:00,1.3071239181593046,0.4522278160314799,2.236338115533499,15.0
ES,2022-05-06 12:31:00+00:00,2022-05-06,1,08:30,Change in Manufact. Payrolls @ 08:30,0.7040892540235807,0.3923196983452246,2.658649821991222,15.0
ES,2022-05-06 13:01:00+00:00,2022-05-06,31,08:30,Change in Manufact. Payrolls @ 08:30,1.8523066974146907,0.8498846570607885,1.2294466209317654,15.0
ES,2022-05-06 13:31:00+00:00,2022-05-06,61,08:30,Change in Manufact. Payrolls @ 08:30,0.5855777790248936,0.424103663971191,2.3741611288415165,15.0
ES,2022-05-06 14:01:00+00:00,2022-05-06,91,08:30,Change in Manufact. Payrolls @ 08:30,-0.600120927153559,0.6196574993668099,1.6481764367884768,15.0
ES,2022-05-11 12:31:00+00:00,2022-05-11,1,08:30,CPI Index NSA @ 08:30+MBA Mortgage Applications @ 07:00,-0.521278526441875,0.4483323655340876,2.6470938259289243,15.0
ES,2022-05-11 13:01:00+00:00,2022-05-11,121,07:00,CPI Index NSA @ 08:30+MBA Mortgage Applications @ 07:00,-2.0,0.7292834562711477,1.4744530316022801,15.0
ES,2022-05-11 13:31:00+00:00,2022-05-11,61,08:30,CPI Index NSA @ 08:30,0.29665264807415603,0.7051184528169456,1.4396364157604473,15.0
ES,2022-05-11 14:01:00+00:00,2022-05-11,91,08:30,CPI Index NSA @ 08:30,-0.8954050216956273,0.744570988686784,1.3583719444090891,15.0
ES,2022-05-11 14:31:00+00:00,2022-05-11,121,08:30,CPI Index NSA @ 08:30,0.4184891074273941,0.44033960643596526,2.281583625189929,15.0
ES,2022-06-01 14:01:00+00:00,2022-06-01,1,10:00,ISM Manufacturing @ 10:00+JOLTS Job Openings @ 10:00,-0.7495955342572048,0.4325287605365636,2.3230413117071502,15.0
ES,2022-06-01 14:31:00+00:00,2022-06-01,31,10:00,ISM Manufacturing @ 10:00+JOLTS Job Openings @ 10:00,-0.45296809517667397,0.7578477486261886,1.33817158295594,15.0
ES,2022-06-01 15:01:00+00:00,2022-06-01,61,10:00,ISM Manufacturing @ 10:00+JOLTS Job Openings @ 10:00,0.6712852449940594,0.4136124734461611,2.4388580145595085,15.0
ES,2022-06-01 15:31:00+00:00,2022-06-01,91,10:00,ISM Manufacturing @ 10:00+JOLTS Job Openings @ 10:00,1.2516660987139938,0.7555342510062103,1.3352689123653985,15.0
ES,2022-06-01 16:01:00+00:00,2022-06-01,121,10:00,ISM Manufacturing @ 10:00+JOLTS Job Openings @ 10:00,0.5811801679758842,0.5068890815950777,1.9902313388170507,15.0
ES,2022-06-03 13:31:00+00:00,2022-06-03,61,08:30,Change in Manufact. Payrolls @ 08:30,0.474363159613158,0.44316530926729525,2.263811171809651,15.0
ES,2022-06-03 14:01:00+00:00,2022-06-03,1,10:00,Change in Manufact. Payrolls @ 08:30+ISM Services Index @ 10:00,0.17876334319906864,0.47357573514959506,2.1746056030237084,15.0
ES,2022-06-03 14:31:00+00:00,2022-06-03,121,08:30,Change in Manufact. Payrolls @ 08:30+ISM Services Index @ 10:00,-0.5856016097646473,0.4062664434903518,2.4790719974532633,15.0
ES,2022-06-03 15:01:00+00:00,2022-06-03,61,10:00,ISM Services Index @ 10:00,-1.3191421474062448,0.43774584801285055,2.3150199979994164,15.0
ES,2022-06-03 15:31:00+00:00,2022-06-03,91,10:00,ISM Services Index @ 10:00,-1.107163358054629,0.5032989120523059,2.037969328996245,15.0
ES,2022-06-10 12:31:00+00:00,2022-06-10,1,08:30,CPI Index NSA @ 08:30,-0.36948588071004834,0.646460049884398,1.8440305925872775,15.0
ES,2022-06-10 13:01:00+00:00,2022-06-10,31,08:30,CPI Index NSA @ 08:30,0.6782195046635491,0.5078393818584929,1.9863085814720234,15.0
ES,2022-06-10 13:31:00+00:00,2022-06-10,61,08:30,CPI Index NSA @ 08:30,0.23288688940278518,0.5535452065334041,1.842192562165316,15.0
ES,2022-06-10 14:01:00+00:00,2022-06-10,1,10:00,CPI Index NSA @ 08:30+U. of Mich. Sentiment @ 10:00,0.6589777111408375,0.4183059965976386,2.4115619816673206,15.0
ES,2022-06-10 14:31:00+00:00,2022-06-10,121,08:30,CPI Index NSA @ 08:30+U. of Mich. Sentiment @ 10:00,-0.4379810118617461,0.4937796411964908,2.029952127624457,15.0
ES,2022-07-01 14:31:00+00:00,2022-07-01,31,10:00,ISM Manufacturing @ 10:00,0.31351567715536643,0.6807843810171544,1.484190529204805,15.0
ES,2022-07-01 15:01:00+00:00,2022-07-01,61,10:00,ISM Manufacturing @ 10:00,1.2338502810457257,0.45027386479228076,2.2252307404129423,15.0
ES,2022-07-01 15:31:00+00:00,2022-07-01,91,10:00,ISM Manufacturing @ 10:00,0.46575292357552234,0.5951729733217488,1.7049855324545413,15.0
ES,2022-07-06 14:01:00+00:00,2022-07-06,1,10:00,ISM Services Index @ 10:00+JOLTS Job Openings @ 10:00,-0.4732607701210318,0.45032836187865977,2.2308756360031037,15.0
ES,2022-07-06 15:01:00+00:00,2022-07-06,61,10:00,ISM Services Index @ 10:00+JOLTS Job Openings @ 10:00,-0.670542471218533,0.4008093523391888,2.5289657349350474,15.0
ES,2022-07-06 15:31:00+00:00,2022-07-06,91,10:00,ISM Services Index @ 10:00+JOLTS Job Openings @ 10:00,-1.094483919505375,0.36557657281564726,2.778933813941606,15.0
ES,2022-07-06 16:01:00+00:00,2022-07-06,121,10:00,ISM Services Index @ 10:00+JOLTS Job Openings @ 10:00,-0.7749494802105041,0.41865184485007423,2.3916935956500347,15.0
ES,2022-07-08 12:31:00+00:00,2022-07-08,1,08:30,Change in Manufact. Payrolls @ 08:30,0.47899082374772456,0.5050482935014278,2.07467844216378,15.0
ES,2022-07-08 13:01:00+00:00,2022-07-08,31,08:30,Change in Manufact. Payrolls @ 08:30,1.0965468663360045,0.4142006003517134,2.437217517399611,15.0
ES,2022-07-08 13:31:00+00:00,2022-07-08,61,08:30,Change in Manufact. Payrolls @ 08:30,-0.26588705513435296,0.34438463968908534,2.9128644793612106,15.0
ES,2022-07-08 14:01:00+00:00,2022-07-08,91,08:30,Change in Manufact. Payrolls @ 08:30+Wholesale Inventories MoM @ 10:00,-0.8421955228657375,0.6329367794729633,1.606377734660568,15.0
ES,2022-07-08 14:31:00+00:00,2022-07-08,121,08:30,Change in Manufact. Payrolls @ 08:30+Wholesale Inventories MoM @ 10:00,1.2662932491435863,0.7284862448947389,1.395400696374549,15.0
ES,2022-07-13 12:31:00+00:00,2022-07-13,91,07:00,CPI Index NSA @ 08:30+MBA Mortgage Applications @ 07:00,-0.3188753098329282,0.36075179876842456,3.19439090679485,15.0
ES,2022-07-13 13:01:00+00:00,2022-07-13,121,07:00,CPI Index NSA @ 08:30+MBA Mortgage Applications @ 07:00,0.9644995742805454,0.3427221959103419,2.9899473369317753,15.0
ES,2022-07-13 13:31:00+00:00,2022-07-13,61,08:30,CPI Index NSA @ 08:30,-0.6362181753480336,0.42655190950888355,2.3662295265932696,15.0
ES,2022-07-13 14:01:00+00:00,2022-07-13,91,08:30,CPI Index NSA @ 08:30,0.6802790458585408,0.4021652330074068,2.5063678924106254,15.0
ES,2022-08-01 14:01:00+00:00,2022-08-01,1,10:00,ISM Manufacturing @ 10:00,0.9202777209044188,0.837516694479217,1.2093985890164152,15.0
ES,2022-08-01 14:31:00+00:00,2022-08-01,31,10:00,ISM Manufacturing @ 10:00,-0.4277254951065151,0.6796049305433429,1.5109831861193883,15.0
ES,2022-08-01 15:31:00+00:00,2022-08-01,91,10:00,ISM Manufacturing @ 10:00,0.507493208389077,0.38040206575093355,2.643988791086815,15.0
ES,2022-08-01 16:01:00+00:00,2022-08-01,121,10:00,ISM Manufacturing @ 10:00,0.4065263970232702,0.5326852316574583,1.9399152723846365,15.0
ES,2022-08-03 14:01:00+00:00,2022-08-03,1,10:00,Durable Goods Orders @ 08:30+ISM Services Index @ 10:00,0.32446886699953137,0.3442931878214437,2.912493756456203,15.0
ES,2022-08-03 14:31:00+00:00,2022-08-03,31,10:00,Durable Goods Orders @ 08:30+ISM Services Index @ 10:00,-0.3429958654667038,0.40835517682161926,2.4671922322114486,15.0
ES,2022-08-03 15:01:00+00:00,2022-08-03,61,10:00,Durable Goods Orders @ 08:30+ISM Services Index @ 10:00,0.7868444710154179,0.584817535989157,1.7164527035101445,15.0
ES,2022-08-03 15:31:00+00:00,2022-08-03,91,10:00,Durable Goods Orders @ 08:30+ISM Services Index @ 10:00,-1.109789727029597,0.5163938909054099,1.9493464153826114,15.0
ES,2022-08-03 16:01:00+00:00,2022-08-03,121,10:00,Durable Goods Orders @ 08:30+ISM Services Index @ 10:00,0.8543991768993467,0.5716062500001933,1.7686180176690465,15.0
ES,2022-08-05 12:31:00+00:00,2022-08-05,1,08:30,Change in Manufact. Payrolls @ 08:30,-0.4091571429387388,0.6669271653062194,1.6723404260784183,15.0
ES,2022-08-05 13:01:00+00:00,2022-08-05,31,08:30,Change in Manufact. Payrolls @ 08:30,0.8187619876729646,0.7629951333670738,1.3148389190326888,15.0
ES,2022-08-05 13:31:00+00:00,2022-08-05,61,08:30,Change in Manufact. Payrolls @ 08:30,0.5332405893180904,0.32416346481672564,3.0943610740271117,15.0
ES,2022-08-05 14:01:00+00:00,2022-08-05,91,08:30,Change in Manufact. Payrolls @ 08:30,0.8933871856007559,0.607520845810426,1.6565480330526625,15.0
ES,2022-08-05 14:31:00+00:00,2022-08-05,121,08:30,Change in Manufact. Payrolls @ 08:30,0.6997772289807529,0.4884033547270671,2.058225905378325,15.0
ES,2022-08-10 12:31:00+00:00,2022-08-10,1,08:30,CPI Index NSA @ 08:30+MBA Mortgage Applications @ 07:00,0.5875507203721599,0.6097675098651762,2.2780182364787214,15.0
ES,2022-08-10 13:31:00+00:00,2022-08-10,61,08:30,CPI Index NSA @ 08:30,-0.5691195781880313,0.3898475535559526,2.612984348704519,15.0
ES,2022-08-10 14:31:00+00:00,2022-08-10,121,08:30,CPI Index NSA @ 08:30+Wholesale Inventories MoM @ 10:00,-0.4224833542935665,0.5671732518869793,1.7697954040858326,15.0
ES,2022-09-01 14:01:00+00:00,2022-09-01,1,10:00,Continuing Claims @ 08:30+ISM Manufacturing @ 10:00+Nonfarm Productivity @ 08:30,0.5751492483012323,0.28755401020113847,3.4856025325936884,15.0
ES,2022-09-01 14:31:00+00:00,2022-09-01,121,08:30,Continuing Claims @ 08:30+ISM Manufacturing @ 10:00+Nonfarm Productivity @ 08:30,-1.1704094601333528,0.5258970565158068,1.9305745023627194,15.0
ES,2022-09-01 15:31:00+00:00,2022-09-01,91,10:00,ISM Manufacturing @ 10:00,-0.5889167519979239,0.46782793151472174,2.169587255059007,15.0
ES,2022-09-01 16:01:00+00:00,2022-09-01,121,10:00,ISM Manufacturing @ 10:00,-0.8661025958321034,0.4468510379598469,2.2769358297305673,15.0
ES,2022-09-02 12:31:00+00:00,2022-09-02,1,08:30,Change in Manufact. Payrolls @ 08:30,-0.5909519369422855,0.4448324678389028,2.3068649455211157,15.0
ES,2022-09-02 13:31:00+00:00,2022-09-02,61,08:30,Change in Manufact. Payrolls @ 08:30,1.7235098034822964,0.49308807935554755,2.0581301304735518,15.0
ES,2022-09-02 14:01:00+00:00,2022-09-02,1,10:00,Change in Manufact. Payrolls @ 08:30+Durable Goods Orders @ 08:30,0.8487247301699615,0.35986678869732697,2.794133053193044,15.0
ES,2022-09-02 14:31:00+00:00,2022-09-02,31,10:00,Change in Manufact. Payrolls @ 08:30+Durable Goods Orders @ 08:30,-0.6415940688081787,0.8482946566147644,1.234165224828679,15.0
ES,2022-09-06 14:31:00+00:00,2022-09-06,31,10:00,ISM Services Index @ 10:00,-0.6480661297445914,0.39163868941186136,2.5598023676862516,15.0
ES,2022-09-13 12:31:00+00:00,2022-09-13,1,08:30,CPI Index NSA @ 08:30,-0.4490500922636138,0.9001108707098537,1.4013577928272598,15.0
ES,2022-09-13 13:31:00+00:00,2022-09-13,61,08:30,CPI Index NSA @ 08:30,0.7155573954629201,0.40285388016179957,2.505676660774181,15.0
ES,2022-09-13 14:01:00+00:00,2022-09-13,91,08:30,CPI Index NSA @ 08:30,1.219163377983974,0.39216606761668316,2.569356617106433,15.0
ES,2022-09-13 14:31:00+00:00,2022-09-13,121,08:30,CPI Index NSA @ 08:30,0.6114003640394129,0.2804740961346388,3.572312185466938,15.0
ES,2022-10-03 14:31:00+00:00,2022-10-03,31,10:00,ISM Manufacturing @ 10:00,1.1358902087903069,0.6939497856743746,1.4708841032505653,15.0
ES,2022-10-03 15:01:00+00:00,2022-10-03,61,10:00,ISM Manufacturing @ 10:00,-1.344925560187511,0.476989559898854,2.117003222399708,15.0
ES,2022-10-03 15:31:00+00:00,2022-10-03,91,10:00,ISM Manufacturing @ 10:00,-0.33526224151212525,0.467091714977147,2.169302581408183,15.0
ES,2022-10-03 16:01:00+00:00,2022-10-03,121,10:00,ISM Manufacturing @ 10:00,1.1118913531980907,0.5027445230853094,2.0228829934454926,15.0
ES,2022-10-05 14:01:00+00:00,2022-10-05,91,08:30,ISM Services Index @ 10:00+Trade Balance @ 08:30,0.3727737117025873,0.3481002862110356,2.9561696712867427,15.0
ES,2022-10-05 14:31:00+00:00,2022-10-05,31,10:00,ISM Services Index @ 10:00+Trade Balance @ 08:30,-0.28576599369710615,0.5345298239841749,1.882953691022204,15.0
ES,2022-10-05 15:01:00+00:00,2022-10-05,61,10:00,ISM Services Index @ 10:00,-0.22655429910776098,0.3553873643126335,2.8164694639308725,15.0
ES,2022-10-05 16:01:00+00:00,2022-10-05,121,10:00,ISM Services Index @ 10:00,-0.38712114504419526,0.38316061792731787,2.6517412029107468,15.0
ES,2022-10-07 12:31:00+00:00,2022-10-07,1,08:30,Change in Manufact. Payrolls @ 08:30,-0.3361002011826989,0.4681246273372831,2.233437088192527,15.0
ES,2022-10-07 13:01:00+00:00,2022-10-07,31,08:30,Change in Manufact. Payrolls @ 08:30,-2.0,0.7184770510124877,1.4375354456279577,15.0
ES,2022-10-07 13:31:00+00:00,2022-10-07,61,08:30,Change in Manufact. Payrolls @ 08:30,0.5143632518039697,0.43246841976032446,2.337145448938326,15.0
ES,2022-10-07 14:01:00+00:00,2022-10-07,1,10:00,Change in Manufact. Payrolls @ 08:30+Wholesale Inventories MoM @ 10:00,-0.36478701814027187,0.9618487258487349,1.1112243099723003,15.0
ES,2022-10-07 14:31:00+00:00,2022-10-07,31,10:00,Change in Manufact. Payrolls @ 08:30+Wholesale Inventories MoM @ 10:00,0.6250557134728034,0.7080348063971056,1.435170486404784,15.0
ES,2022-10-13 12:31:00+00:00,2022-10-13,1,08:30,CPI Index NSA @ 08:30+Continuing Claims @ 08:30,-0.3844928815872189,0.8448810342148708,1.4095223630027849,15.0
ES,2022-10-13 13:01:00+00:00,2022-10-13,31,08:30,CPI Index NSA @ 08:30+Continuing Claims @ 08:30,-0.8962991844194074,0.4314815427001734,2.326592112205609,15.0
ES,2022-10-13 14:01:00+00:00,2022-10-13,91,08:30,CPI Index NSA @ 08:30+Continuing Claims @ 08:30,0.8273256766317287,0.6819547203321858,1.4679333658918394,15.0
ES,2022-10-13 14:31:00+00:00,2022-10-13,121,08:30,CPI Index NSA @ 08:30+Continuing Claims @ 08:30,-0.5639208534726099,0.42464241644062295,2.3636855211609094,15.0
ES,2022-11-01 14:01:00+00:00,2022-11-01,1,10:00,ISM Manufacturing @ 10:00+JOLTS Job Openings @ 10:00,0.41520488623529617,0.6748954031584589,1.5022434415242008,15.0
ES,2022-11-01 14:31:00+00:00,2022-11-01,31,10:00,ISM Manufacturing @ 10:00+JOLTS Job Openings @ 10:00,0.8965766667616681,0.4496689903356746,2.293553149255171,15.0
ES,2022-11-01 15:01:00+00:00,2022-11-01,61,10:00,ISM Manufacturing @ 10:00+JOLTS Job Openings @ 10:00,-0.4275006618298157,0.6360757174357331,1.58580958664605,15.0
ES,2022-11-01 15:31:00+00:00,2022-11-01,91,10:00,ISM Manufacturing @ 10:00+JOLTS Job Openings @ 10:00,1.7372794490412318,0.34236044261875176,2.933211723296015,15.0
ES,2022-11-01 16:01:00+00:00,2022-11-01,121,10:00,ISM Manufacturing @ 10:00+JOLTS Job Openings @ 10:00,1.270079673223855,0.4971232798600105,2.0435521313897085,15.0
ES,2022-11-03 14:01:00+00:00,2022-11-03,1,10:00,Continuing Claims @ 08:30+Durable Goods Orders @ 08:30+ISM Services Index @ 10:00+Nonfarm Productivity @ 08:30+Trade Balance @ 08:30,0.43654598311797377,0.6400740010895556,1.583096449247294,15.0
ES,2022-11-03 14:31:00+00:00,2022-11-03,121,08:30,Continuing Claims @ 08:30+Durable Goods Orders @ 08:30+ISM Services Index @ 10:00+Nonfarm Productivity @ 08:30+Trade Balance @ 08:30,-1.9158168543217218,0.6419463621108998,1.5671015236670254,15.0
ES,2022-11-03 15:01:00+00:00,2022-11-03,61,10:00,Durable Goods Orders @ 08:30+ISM Services Index @ 10:00,-1.3068393228815982,0.8958087652150619,1.1287294839214008,15.0
ES,2022-11-03 15:31:00+00:00,2022-11-03,91,10:00,Durable Goods Orders @ 08:30+ISM Services Index @ 10:00,0.4805641939819177,0.5651450193274611,1.7968007748191273,15.0
ES,2022-11-04 12:31:00+00:00,2022-11-04,1,08:30,Change in Manufact. Payrolls @ 08:30,-0.4730626492421543,0.4780415296570727,2.1608870658327852,15.0
ES,2022-11-04 13:01:00+00:00,2022-11-04,31,08:30,Change in Manufact. Payrolls @ 08:30,1.2622181730246134,0.4467293136135713,2.2638928143833117,15.0
ES,2022-11-04 14:01:00+00:00,2022-11-04,91,08:30,Change in Manufact. Payrolls @ 08:30,0.6917644889014585,0.6866499411437742,1.5116992040247792,15.0
ES,2022-11-04 14:31:00+00:00,2022-11-04,121,08:30,Change in Manufact. Payrolls @ 08:30,-0.7255730729409312,0.791315653954575,1.2972280106046519,15.0
ES,2022-11-10 13:31:00+00:00,2022-11-10,1,08:30,CPI Index NSA @ 08:30+Continuing Claims @ 08:30,1.7041353117298559,0.7097258086179941,1.5760292405120702,15.0
ES,2022-11-10 15:31:00+00:00,2022-11-10,121,08:30,CPI Index NSA @ 08:30+Continuing Claims @ 08:30,0.7085548376134351,0.29881942360363145,3.364419155140554,15.0
ES,2022-12-01 16:01:00+00:00,2022-12-01,61,10:00,ISM Manufacturing @ 10:00,1.1305697396708263,0.844539495790829,1.1999112843028987,15.0
ES,2022-12-01 16:31:00+00:00,2022-12-01,91,10:00,ISM Manufacturing @ 10:00,1.1147787218680374,0.48241232551175806,2.0859768661749505,15.0
ES,2022-12-01 17:01:00+00:00,2022-12-01,121,10:00,ISM Manufacturing @ 10:00,-0.6494321746361772,0.3294537930135887,3.0395923578252755,15.0
ES,2022-12-02 13:31:00+00:00,2022-12-02,1,08:30,Change in Manufact. Payrolls @ 08:30,-0.36925686008154635,0.9985797545859592,1.3043502186431029,15.0
ES,2022-12-02 14:31:00+00:00,2022-12-02,61,08:30,Change in Manufact. Payrolls @ 08:30,0.43799113591203215,0.612459323254657,1.643953704963721,15.0
ES,2022-12-02 15:01:00+00:00,2022-12-02,91,08:30,Change in Manufact. Payrolls @ 08:30,-0.46049687113857013,0.3830125307497727,2.6471035488294934,15.0
ES,2022-12-05 15:31:00+00:00,2022-12-05,31,10:00,Durable Goods Orders @ 08:30+ISM Services Index @ 10:00,-0.784526027862688,0.30906125270769275,3.2716709055807707,15.0
ES,2022-12-05 16:01:00+00:00,2022-12-05,61,10:00,Durable Goods Orders @ 08:30+ISM Services Index @ 10:00,-0.6566090520550463,0.44829295374777617,2.2482903496085753,15.0
ES,2022-12-05 16:31:00+00:00,2022-12-05,91,10:00,Durable Goods Orders @ 08:30+ISM Services Index @ 10:00,-0.7278787521373113,0.791194646499153,1.3387038459993212,15.0
ES,2022-12-05 17:01:00+00:00,2022-12-05,121,10:00,Durable Goods Orders @ 08:30+ISM Services Index @ 10:00,0.3848634216155321,0.6736011842583266,1.4945468824161967,15.0
ES,2022-12-13 13:31:00+00:00,2022-12-13,1,08:30,CPI Index NSA @ 08:30,0.5162315565667259,0.45379105799704345,2.2581381877523756,15.0
ES,2022-12-13 14:31:00+00:00,2022-12-13,61,08:30,CPI Index NSA @ 08:30,-1.2780585177989632,0.45761667836663156,2.1991729146015975,15.0
ES,2022-12-13 15:01:00+00:00,2022-12-13,91,08:30,CPI Index NSA @ 08:30,-0.3268338903901446,0.45568941517527833,2.2309366117862415,15.0
ES,2022-12-13 15:31:00+00:00,2022-12-13,121,08:30,CPI Index NSA @ 08:30,-0.3586025550728498,0.7595556564070702,1.3210608870643739,15.0
ES,2023-01-03 15:01:00+00:00,2023-01-03,1,10:00,ISM Manufacturing @ 10:00,0.4853264554852096,0.7837717214427724,1.3420528208969957,15.0
ES,2023-01-03 15:31:00+00:00,2023-01-03,31,10:00,ISM Manufacturing @ 10:00,0.3394943027042549,0.7149436872582741,1.4086465554028174,15.0
ES,2023-01-03 16:01:00+00:00,2023-01-03,61,10:00,ISM Manufacturing @ 10:00,1.2326266323969723,0.5192147765485543,1.9425077069161567,15.0
ES,2023-01-03 16:31:00+00:00,2023-01-03,91,10:00,ISM Manufacturing @ 10:00,0.5455019501658351,0.644420393566861,1.5671923497596942,15.0
ES,2023-01-04 15:01:00+00:00,2023-01-04,1,10:00,ISM Manufacturing @ 10:00+JOLTS Job Openings @ 10:00,0.863212491270525,0.32354059572751526,3.12143323334588,15.0
ES,2023-01-04 15:31:00+00:00,2023-01-04,31,10:00,ISM Manufacturing @ 10:00+JOLTS Job Openings @ 10:00,-0.5732611089957408,0.40009029881885577,2.5870667071356745,15.0
ES,2023-01-04 16:01:00+00:00,2023-01-04,61,10:00,ISM Manufacturing @ 10:00+JOLTS Job Openings @ 10:00,-0.5903364158750762,0.7852215403425806,1.287351861302855,15.0
ES,2023-01-04 17:01:00+00:00,2023-01-04,121,10:00,ISM Manufacturing @ 10:00+JOLTS Job Openings @ 10:00,0.9528464666080745,0.6216259455886399,1.6181505173458335,15.0
ES,2023-01-06 13:31:00+00:00,2023-01-06,1,08:30,Change in Manufact. Payrolls @ 08:30,0.9747164003843118,0.499183217004569,2.073348625361576,15.0
ES,2023-01-06 14:01:00+00:00,2023-01-06,31,08:30,Change in Manufact. Payrolls @ 08:30,0.5116421593677145,0.770486754464831,1.3104977904767021,15.0
ES,2023-01-06 14:31:00+00:00,2023-01-06,61,08:30,Change in Manufact. Payrolls @ 08:30,0.3668171171429666,0.517606461430275,1.945290341612714,15.0
ES,2023-01-06 15:01:00+00:00,2023-01-06,91,08:30,Change in Manufact. Payrolls @ 08:30+Durable Goods Orders @ 08:30+ISM Services Index @ 10:00,0.0052296967751358225,0.5425148011820706,1.8958554189812524,15.0
ES,2023-01-06 15:31:00+00:00,2023-01-06,31,10:00,Change in Manufact. Payrolls @ 08:30+Durable Goods Orders @ 08:30+ISM Services Index @ 10:00,-0.04205370813168441,0.48685656767359137,2.069798986835919,15.0
ES,2023-01-06 16:31:00+00:00,2023-01-06,91,10:00,Durable Goods Orders @ 08:30+ISM Services Index @ 10:00,-0.7369006374489848,0.34295010341160054,2.9426463567672427,15.0
ES,2023-01-06 17:01:00+00:00,2023-01-06,121,10:00,Durable Goods Orders @ 08:30+ISM Services Index @ 10:00,0.3966272925726744,0.6422270542957309,1.5814949380762333,15.0
ES,2023-01-12 13:31:00+00:00,2023-01-12,1,08:30,CPI Index NSA @ 08:30+Continuing Claims @ 08:30,-0.3538626623689074,0.4987481782133193,2.020966289439339,15.0
ES,2023-01-12 14:31:00+00:00,2023-01-12,61,08:30,CPI Index NSA @ 08:30+Continuing Claims @ 08:30,0.2982178460084734,0.5531458280547893,1.8380652440679437,15.0
ES,2023-01-12 15:01:00+00:00,2023-01-12,91,08:30,CPI Index NSA @ 08:30+Continuing Claims @ 08:30,0.3086133825757823,0.6116454782191814,1.6977083906178385,15.0
ES,2023-01-12 15:31:00+00:00,2023-01-12,121,08:30,CPI Index NSA @ 08:30+Continuing Claims @ 08:30,1.4672055159904256,0.6084804440479047,1.6697527207042278,15.0
ES,2023-02-01 15:01:00+00:00,2023-02-01,1,10:00,ISM Manufacturing @ 10:00+JOLTS Job Openings @ 10:00,-0.8706784039188501,0.6803298748317452,1.4937211581911143,15.0
ES,2023-02-01 16:01:00+00:00,2023-02-01,61,10:00,ISM Manufacturing @ 10:00+JOLTS Job Openings @ 10:00,-0.5295397424494391,0.7843899521756805,1.2905692059466838,15.0
ES,2023-02-01 17:01:00+00:00,2023-02-01,121,10:00,ISM Manufacturing @ 10:00+JOLTS Job Openings @ 10:00,-0.381483395655242,0.7945699629368325,1.2888883222949736,15.0
ES,2023-02-03 13:31:00+00:00,2023-02-03,1,08:30,Change in Manufact. Payrolls @ 08:30,-0.34388424716799454,0.8440263572427518,1.2554396535968186,15.0
ES,2023-02-03 14:01:00+00:00,2023-02-03,31,08:30,Change in Manufact. Payrolls @ 08:30,-1.415830984239693,0.5078585271804512,1.9822090561542924,15.0
ES,2023-02-03 14:31:00+00:00,2023-02-03,61,08:30,Change in Manufact. Payrolls @ 08:30,-0.5276009387941373,0.3795326693146652,2.647480837553741,15.0
ES,2023-02-03 15:01:00+00:00,2023-02-03,91,08:30,Change in Manufact. Payrolls @ 08:30+ISM Services Index @ 10:00,0.8678110021614827,0.43696015924486364,2.310438691837613,15.0
ES,2023-02-03 15:31:00+00:00,2023-02-03,31,10:00,Change in Manufact. Payrolls @ 08:30+ISM Services Index @ 10:00,-0.4552431126120153,0.8637888084531214,1.1633628656719872,15.0
ES,2023-02-03 16:01:00+00:00,2023-02-03,61,10:00,ISM Services Index @ 10:00,-0.42144043580764623,0.42463455142506573,2.440510875710328,15.0
ES,2023-02-03 16:31:00+00:00,2023-02-03,91,10:00,ISM Services Index @ 10:00,0.6205852505250634,0.33094336035355215,3.0321443940705906,15.0
ES,2023-02-03 17:01:00+00:00,2023-02-03,121,10:00,ISM Services Index @ 10:00,0.8014692302288282,0.624478638182369,1.6082507653680311,15.0
ES,2023-02-14 13:31:00+00:00,2023-02-14,1,08:30,CPI Index NSA @ 08:30,-0.3828073143565937,0.4051586923512067,2.504855311442038,15.0
ES,2023-02-14 14:01:00+00:00,2023-02-14,31,08:30,CPI Index NSA @ 08:30,-1.2618704698016197,0.35081248867036674,2.8633413662884197,15.0
ES,2023-02-14 14:31:00+00:00,2023-02-14,61,08:30,CPI Index NSA @ 08:30,0.4443499457102749,0.5377491363201197,1.8908780424365421,15.0
ES,2023-02-14 15:01:00+00:00,2023-02-14,91,08:30,CPI Index NSA @ 08:30,1.4477992657624799,0.9385199022245612,1.0849195811811596,15.0
ES,2023-02-14 15:31:00+00:00,2023-02-14,121,08:30,CPI Index NSA @ 08:30,0.38332279450452067,0.4690359791000355,2.1693724113182142,15.0
ES,2023-03-01 16:31:00+00:00,2023-03-01,91,10:00,ISM Manufacturing @ 10:00,1.5522698502208956,0.5129063818405462,1.9808080559325778,15.0
ES,2023-03-01 17:01:00+00:00,2023-03-01,121,10:00,ISM Manufacturing @ 10:00,0.7823204009543459,0.8335662543375834,1.2340086629247802,15.0
ES,2023-03-03 15:01:00+00:00,2023-03-03,1,10:00,ISM Services Index @ 10:00,2.0,0.7212319800146234,1.391221411547032,15.0
ES,2023-03-03 15:31:00+00:00,2023-03-03,31,10:00,ISM Services Index @ 10:00,-0.6266397211696667,0.7274508287942153,1.3950759452054324,15.0
ES,2023-03-03 16:01:00+00:00,2023-03-03,61,10:00,ISM Services Index @ 10:00,-0.8161236183214988,0.33938635735856,2.9543371293603466,15.0
ES,2023-03-03 16:31:00+00:00,2023-03-03,91,10:00,ISM Services Index @ 10:00,-0.7824887652559487,0.3717935038405132,2.6960463388496367,15.0
ES,2023-03-10 13:31:00+00:00,2023-03-10,1,08:30,Change in Manufact. Payrolls @ 08:30,0.4161927590078125,0.5687973983637584,1.8576599913520646,15.0
ES,2023-03-10 14:01:00+00:00,2023-03-10,31,08:30,Change in Manufact. Payrolls @ 08:30,-1.9047694913416053,0.29563141897771283,3.390141684896555,15.0
ES,2023-03-10 14:31:00+00:00,2023-03-10,61,08:30,Change in Manufact. Payrolls @ 08:30,0.4289738668988759,0.5843374270736188,1.7176922047739174,15.0
ES,2023-03-10 15:01:00+00:00,2023-03-10,91,08:30,Change in Manufact. Payrolls @ 08:30,0.4505273152581279,0.5373074070105535,1.8652675778730359,15.0
ES,2023-03-10 15:31:00+00:00,2023-03-10,121,08:30,Change in Manufact. Payrolls @ 08:30,0.524107024433144,0.46091862835563613,2.173196373462965,15.0
ES,2023-03-14 12:31:00+00:00,2023-03-14,1,08:30,CPI Index NSA @ 08:30,-0.8507795405874886,0.4753521867007516,2.120469387594424,15.0
ES,2023-03-14 13:31:00+00:00,2023-03-14,61,08:30,CPI Index NSA @ 08:30,0.7582374650756684,0.5091098243399741,1.971626959750871,15.0
ES,2023-03-14 14:01:00+00:00,2023-03-14,91,08:30,CPI Index NSA @ 08:30,-0.9700898546869074,0.3950974450669776,2.5532812392049373,15.0
ES,2023-04-03 14:31:00+00:00,2023-04-03,31,10:00,ISM Manufacturing @ 10:00,-0.503226612343089,0.6780021402364504,1.486870137310576,15.0
ES,2023-04-03 15:01:00+00:00,2023-04-03,61,10:00,ISM Manufacturing @ 10:00,0.8103278310722901,0.9251877998602219,1.0930255892396212,15.0
ES,2023-04-03 15:31:00+00:00,2023-04-03,91,10:00,ISM Manufacturing @ 10:00,-0.5030795104105185,0.4656752409557518,2.182475797828265,15.0
ES,2023-04-05 14:01:00+00:00,2023-04-05,91,08:30,ISM Services Index @ 10:00+Trade Balance @ 08:30,1.729545263941218,0.435861931884535,2.3044360657371215,15.0
ES,2023-04-05 14:31:00+00:00,2023-04-05,121,08:30,ISM Services Index @ 10:00+Trade Balance @ 08:30,-0.6677280519225701,0.31801620544314546,3.163580319075395,15.0
ES,2023-04-05 15:01:00+00:00,2023-04-05,61,10:00,ISM Services Index @ 10:00,0.8612655603291369,0.8473147731518017,1.1978258106004687,15.0
ES,2023-04-05 15:31:00+00:00,2023-04-05,91,10:00,ISM Services Index @ 10:00,-0.6300604984932446,0.43441220730224145,2.316191482949273,15.0
ES,2023-04-05 16:01:00+00:00,2023-04-05,121,10:00,ISM Services Index @ 10:00,-0.9288713249406231,0.4207694640173895,2.407433711238038,15.0
ES,2023-04-12 12:31:00+00:00,2023-04-12,1,08:30,CPI Index NSA @ 08:30+MBA Mortgage Applications @ 07:00,0.4413767728424147,0.5495532093435356,2.2398901243478115,15.0
ES,2023-04-12 13:01:00+00:00,2023-04-12,31,08:30,CPI Index NSA @ 08:30+MBA Mortgage Applications @ 07:00,-1.6108358765023745,0.4517691968335965,2.316345377824992,15.0
ES,2023-04-12 13:31:00+00:00,2023-04-12,61,08:30,CPI Index NSA @ 08:30,-0.38389898361579244,0.35665775782264547,2.816312864105551,15.0
ES,2023-04-12 14:01:00+00:00,2023-04-12,91,08:30,CPI Index NSA @ 08:30,-0.5532797846481435,0.6265494436669562,1.611691908827823,15.0
ES,2023-04-12 14:31:00+00:00,2023-04-12,121,08:30,CPI Index NSA @ 08:30,-0.4961356884335103,0.33382681195621944,3.0031141908829024,15.0
ES,2023-05-01 14:01:00+00:00,2023-05-01,1,10:00,ISM Manufacturing @ 10:00,0.48513442152565484,0.5218562903105992,1.9549452417742748,15.0
ES,2023-05-01 14:31:00+00:00,2023-05-01,31,10:00,ISM Manufacturing @ 10:00,0.6670242925809969,0.3839491123116171,2.627240949836481,15.0
ES,2023-05-03 14:01:00+00:00,2023-05-03,1,10:00,ISM Services Index @ 10:00,0.6509658679742635,0.7785956472764773,1.2884065725333542,15.0
ES,2023-05-03 14:31:00+00:00,2023-05-03,31,10:00,ISM Services Index @ 10:00,0.31850920280289396,0.49275715295112,2.076064842941747,15.0
ES,2023-05-03 15:31:00+00:00,2023-05-03,91,10:00,ISM Services Index @ 10:00,-0.5760038386072788,0.36058950942085743,2.7812408122828085,15.0
ES,2023-05-03 16:01:00+00:00,2023-05-03,121,10:00,ISM Services Index @ 10:00,-1.379747107806451,0.6173223787601527,1.6327275204736211,15.0
ES,2023-05-05 12:31:00+00:00,2023-05-05,1,08:30,Change in Manufact. Payrolls @ 08:30,0.2997639211874339,0.5550254860037019,1.8295880622908811,15.0
ES,2023-05-05 13:01:00+00:00,2023-05-05,31,08:30,Change in Manufact. Payrolls @ 08:30,0.499976957756297,0.6737505104195437,1.4993047196861053,15.0
ES,2023-05-05 13:31:00+00:00,2023-05-05,61,08:30,Change in Manufact. Payrolls @ 08:30,-0.3597516286994258,0.6184702424436718,1.6260274024686578,15.0
ES,2023-05-05 14:01:00+00:00,2023-05-05,91,08:30,Change in Manufact. Payrolls @ 08:30,-0.36468703503857375,0.581405474011422,1.7478349790510448,15.0
ES,2023-05-10 12:31:00+00:00,2023-05-10,91,07:00,CPI Index NSA @ 08:30+MBA Mortgage Applications @ 07:00,0.5177507093243988,0.583412590039412,2.1606316249991466,15.0
ES,2023-05-10 13:01:00+00:00,2023-05-10,121,07:00,CPI Index NSA @ 08:30+MBA Mortgage Applications @ 07:00,0.4860784104754735,0.6524829945313465,1.676302665670288,15.0
ES,2023-05-10 13:31:00+00:00,2023-05-10,61,08:30,CPI Index NSA @ 08:30,-1.012741552284536,0.40925427309223733,2.460237040349421,15.0
ES,2023-05-10 14:01:00+00:00,2023-05-10,91,08:30,CPI Index NSA @ 08:30,0.38083741399730897,0.6832561451618049,1.487479661283789,15.0
ES,2023-05-10 14:31:00+00:00,2023-05-10,121,08:30,CPI Index NSA @ 08:30,0.9396504382929866,0.6775086419157249,1.5096582871601862,15.0
ES,2023-06-01 14:01:00+00:00,2023-06-01,91,08:30,Continuing Claims @ 08:30+ISM Manufacturing @ 10:00+Nonfarm Productivity @ 08:30,-0.895051072818965,0.3685746808716197,2.7328198375056285,15.0
ES,2023-06-01 14:31:00+00:00,2023-06-01,31,10:00,Continuing Claims @ 08:30+ISM Manufacturing @ 10:00+Nonfarm Productivity @ 08:30,-0.6073798707384392,0.3891205170564014,2.6025646281891848,15.0
ES,2023-06-01 15:01:00+00:00,2023-06-01,61,10:00,ISM Manufacturing @ 10:00,0.4894852665106389,0.7876738916381504,1.2870455694373135,15.0
ES,2023-06-01 15:31:00+00:00,2023-06-01,91,10:00,ISM Manufacturing @ 10:00,-1.6920481170929322,0.6416675994697818,1.565035166333121,15.0
ES,2023-06-02 12:31:00+00:00,2023-06-02,1,08:30,Change in Manufact. Payrolls @ 08:30,-1.1392798916486624,0.37945353066618553,2.6399775210472374,15.0
ES,2023-06-02 13:01:00+00:00,2023-06-02,31,08:30,Change in Manufact. Payrolls @ 08:30,-1.2093424873502001,0.30264780722976364,3.332353368225848,15.0
ES,2023-06-02 13:31:00+00:00,2023-06-02,61,08:30,Change in Manufact. Payrolls @ 08:30,0.6025413589715024,0.43475112743000605,2.3181299489680423,15.0
ES,2023-06-02 14:01:00+00:00,2023-06-02,91,08:30,Change in Manufact. Payrolls @ 08:30,0.48189214174418027,0.6070821681293708,1.6828302211029715,15.0
ES,2023-06-02 14:31:00+00:00,2023-06-02,121,08:30,Change in Manufact. Payrolls @ 08:30,-2.0,0.46537442119921735,2.16100067544698,15.0
ES,2023-06-05 14:01:00+00:00,2023-06-05,1,10:00,Durable Goods Orders @ 08:30+ISM Services Index @ 10:00,0.7269849515761342,0.3510632450385624,2.883177516029987,15.0
ES,2023-06-05 14:31:00+00:00,2023-06-05,31,10:00,Durable Goods Orders @ 08:30+ISM Services Index @ 10:00,1.3188194850129134,0.48370657192542654,2.070875347012124,15.0
ES,2023-06-05 15:01:00+00:00,2023-06-05,61,10:00,Durable Goods Orders @ 08:30+ISM Services Index @ 10:00,0.4417151020374621,0.5970124761650734,1.6791279050897276,15.0
ES,2023-06-05 16:01:00+00:00,2023-06-05,121,10:00,Durable Goods Orders @ 08:30+ISM Services Index @ 10:00,0.6371736629636898,0.37558030370966144,2.674807361272384,15.0
ES,2023-06-13 12:31:00+00:00,2023-06-13,1,08:30,CPI Index NSA @ 08:30,0.5409611372936313,0.5159359732420755,2.002517178724103,15.0
ES,2023-06-13 13:01:00+00:00,2023-06-13,31,08:30,CPI Index NSA @ 08:30,-0.5592306580138345,0.5528272039737858,1.8291200355050363,15.0
ES,2023-07-06 14:01:00+00:00,2023-07-06,91,08:30,Continuing Claims @ 08:30+ISM Services Index @ 10:00+JOLTS Job Openings @ 10:00+Trade Balance @ 08:30,-1.1400816998790817,0.47984612797572646,2.1077687322210084,15.0
ES,2023-07-06 14:31:00+00:00,2023-07-06,31,10:00,Continuing Claims @ 08:30+ISM Services Index @ 10:00+JOLTS Job Openings @ 10:00+Trade Balance @ 08:30,0.7562252759965917,0.3788673292926128,2.669539276417643,15.0
ES,2023-07-06 15:01:00+00:00,2023-07-06,61,10:00,ISM Services Index @ 10:00+JOLTS Job Openings @ 10:00,-0.8404390598535316,0.3628248920345984,2.76112879967966,15.0
ES,2023-07-07 12:31:00+00:00,2023-07-07,1,08:30,Change in Manufact. Payrolls @ 08:30,0.7223583402251321,0.5251406814412932,1.9467905853787246,15.0
ES,2023-07-07 13:01:00+00:00,2023-07-07,31,08:30,Change in Manufact. Payrolls @ 08:30,-0.9219977071015987,0.49423271080840075,2.0365116946070922,15.0
ES,2023-07-07 13:31:00+00:00,2023-07-07,61,08:30,Change in Manufact. Payrolls @ 08:30,0.2549300158061315,0.35802736972179094,2.799732745769352,15.0
ES,2023-07-07 14:31:00+00:00,2023-07-07,121,08:30,Change in Manufact. Payrolls @ 08:30,-0.5026289623849013,0.5622859768073414,1.8097723399356371,15.0
ES,2023-07-12 12:31:00+00:00,2023-07-12,91,07:00,CPI Index NSA @ 08:30+MBA Mortgage Applications @ 07:00,0.4779237626744909,0.7671874066342865,1.6841020685709742,15.0
ES,2023-07-12 13:31:00+00:00,2023-07-12,61,08:30,CPI Index NSA @ 08:30,-0.2661155957845833,0.4902227149055122,2.057434330612232,15.0
ES,2023-07-12 14:01:00+00:00,2023-07-12,91,08:30,CPI Index NSA @ 08:30,-0.740759622355235,0.6010825872351937,1.670320363542481,15.0
ES,2023-08-01 15:31:00+00:00,2023-08-01,91,10:00,Dallas Fed Services Activity @ 10:30+ISM Manufacturing @ 10:00+JOLTS Job Openings @ 10:00,0.5777941768675812,0.34660580967171634,3.02838769845197,15.0
ES,2023-08-01 16:01:00+00:00,2023-08-01,121,10:00,Dallas Fed Services Activity @ 10:30+ISM Manufacturing @ 10:00+JOLTS Job Openings @ 10:00,-0.6308770892287381,0.32136187960646384,3.1933675965590123,15.0
ES,2023-08-03 15:01:00+00:00,2023-08-03,61,10:00,Durable Goods Orders @ 08:30+ISM Services Index @ 10:00,-0.4828711052940089,0.37949649789348017,2.674858142785245,15.0
ES,2023-08-03 15:31:00+00:00,2023-08-03,91,10:00,Durable Goods Orders @ 08:30+ISM Services Index @ 10:00,-1.3973087658661227,1.0278666535576693,0.9960666994666861,15.0
ES,2023-08-03 16:01:00+00:00,2023-08-03,121,10:00,Durable Goods Orders @ 08:30+ISM Services Index @ 10:00,-0.8602097103618533,0.3423920665303592,2.9400649574260473,15.0
ES,2023-08-04 13:31:00+00:00,2023-08-04,61,08:30,Change in Manufact. Payrolls @ 08:30,-0.30916835834212253,0.27704192105859066,3.645027837452976,15.0
ES,2023-08-04 14:31:00+00:00,2023-08-04,121,08:30,Change in Manufact. Payrolls @ 08:30,0.7939263959009822,0.5304737805807571,1.9249134968524655,15.0
ES,2023-08-10 12:31:00+00:00,2023-08-10,1,08:30,CPI Index NSA @ 08:30+Continuing Claims @ 08:30,-0.4333485169553839,0.5433140006663,1.8647130063765294,15.0
ES,2023-08-10 14:31:00+00:00,2023-08-10,121,08:30,CPI Index NSA @ 08:30+Continuing Claims @ 08:30,-0.9963806348510654,0.4950781685747602,2.030050926286215,15.0
ES,2023-09-01 13:01:00+00:00,2023-09-01,31,08:30,Change in Manufact. Payrolls @ 08:30,-1.2930835180411704,0.2781216979377132,3.604979992040469,15.0
ES,2023-09-01 13:31:00+00:00,2023-09-01,61,08:30,Change in Manufact. Payrolls @ 08:30,0.5317737388242711,0.329257121971108,3.0759072774242533,15.0
ES,2023-09-01 14:01:00+00:00,2023-09-01,91,08:30,Change in Manufact. Payrolls @ 08:30+ISM Manufacturing @ 10:00,-0.5667966417558096,0.5000987074451985,2.004457105115363,15.0
ES,2023-09-01 14:31:00+00:00,2023-09-01,31,10:00,Change in Manufact. Payrolls @ 08:30+ISM Manufacturing @ 10:00,-0.6229190443190168,0.38904932259898983,2.5811272277941377,15.0
ES,2023-09-01 15:01:00+00:00,2023-09-01,61,10:00,ISM Manufacturing @ 10:00,0.5311324468446574,0.7853859054388977,1.2802407998832954,15.0
ES,2023-09-01 15:31:00+00:00,2023-09-01,91,10:00,ISM Manufacturing @ 10:00,0.626678182331394,0.3572408991255266,2.8118488690946686,15.0
ES,2023-09-01 16:01:00+00:00,2023-09-01,121,10:00,ISM Manufacturing @ 10:00,1.124259253449937,0.7003656865215048,1.4528257324825071,15.0
ES,2023-09-06 14:01:00+00:00,2023-09-06,91,08:30,ISM Services Index @ 10:00+Trade Balance @ 08:30,0.4051659208134399,0.3277863959716588,3.0846526850843428,15.0
ES,2023-09-06 15:01:00+00:00,2023-09-06,61,10:00,ISM Services Index @ 10:00,0.5278934852226788,0.5713826262635247,1.758466497181092,15.0
ES,2023-09-06 15:31:00+00:00,2023-09-06,91,10:00,ISM Services Index @ 10:00,0.9807269724169989,0.4392149814556546,2.2910528506470076,15.0
ES,2023-09-06 16:01:00+00:00,2023-09-06,121,10:00,ISM Services Index @ 10:00,0.8417226257072344,0.3654542604704376,2.7508956774499205,15.0
ES,2023-09-13 12:31:00+00:00,2023-09-13,91,07:00,CPI Index NSA @ 08:30+MBA Mortgage Applications @ 07:00,-0.35843974674451906,0.5244992049057796,2.2866278928610275,15.0
ES,2023-09-13 13:01:00+00:00,2023-09-13,31,08:30,CPI Index NSA @ 08:30+MBA Mortgage Applications @ 07:00,-0.6982888895791711,0.38488379677559903,2.640906399709905,15.0
ES,2023-09-13 13:31:00+00:00,2023-09-13,61,08:30,CPI Index NSA @ 08:30,0.4621283463235251,0.4530529793859962,2.2327804449765605,15.0
ES,2023-09-13 14:01:00+00:00,2023-09-13,91,08:30,CPI Index NSA @ 08:30,-1.4855139388149476,0.32129097760054914,3.1252618710534428,15.0
ES,2023-09-13 14:31:00+00:00,2023-09-13,121,08:30,CPI Index NSA @ 08:30,0.27224028669344325,0.6900871804484633,1.5268093010471515,15.0
ES,2023-10-02 14:01:00+00:00,2023-10-02,1,10:00,ISM Manufacturing @ 10:00,-0.6081313322709475,0.41126190170850185,2.5276202558242797,15.0
ES,2023-10-02 15:01:00+00:00,2023-10-02,61,10:00,ISM Manufacturing @ 10:00,1.1707642797035338,0.3248304774434388,3.133331655541764,15.0
ES,2023-10-04 14:31:00+00:00,2023-10-04,31,10:00,Durable Goods Orders @ 08:30+ISM Services Index @ 10:00,0.8699233682958069,0.40038094127355706,2.500277002822426,15.0
ES,2023-10-04 16:01:00+00:00,2023-10-04,121,10:00,Durable Goods Orders @ 08:30+ISM Services Index @ 10:00,0.42603774917229004,0.6311710827433585,1.5873556171320071,15.0
ES,2023-10-06 12:31:00+00:00,2023-10-06,1,08:30,Change in Manufact. Payrolls @ 08:30,-0.3426466348094289,1.2752187530502017,0.9462595665442918,15.0
ES,2023-10-06 13:31:00+00:00,2023-10-06,61,08:30,Change in Manufact. Payrolls @ 08:30,-0.41084246689375764,0.7617581784528005,1.3395581001750145,15.0
ES,2023-10-06 14:01:00+00:00,2023-10-06,91,08:30,Change in Manufact. Payrolls @ 08:30,0.376791958652301,0.39836504613918167,2.528091981393542,15.0
ES,2023-10-06 14:31:00+00:00,2023-10-06,121,08:30,Change in Manufact. Payrolls @ 08:30,-0.8772518653607212,0.7202678272042868,1.4234406206832926,15.0
ES,2023-10-12 12:31:00+00:00,2023-10-12,1,08:30,CPI Index NSA @ 08:30+Continuing Claims @ 08:30,0.27256919833563437,0.4057244557359325,2.4968413600405936,15.0
ES,2023-10-12 14:01:00+00:00,2023-10-12,91,08:30,CPI Index NSA @ 08:30+Continuing Claims @ 08:30,-0.5371186184737968,0.7413650443078156,1.3579285373534105,15.0
ES,2023-11-01 14:31:00+00:00,2023-11-01,31,10:00,ISM Manufacturing @ 10:00+JOLTS Job Openings @ 10:00,-0.5759763156302219,0.7797535256979496,1.3220267198618563,15.0
ES,2023-11-01 15:01:00+00:00,2023-11-01,61,10:00,ISM Manufacturing @ 10:00+JOLTS Job Openings @ 10:00,0.8508655365576788,0.34762485773471175,2.89031924442885,15.0
ES,2023-11-01 15:31:00+00:00,2023-11-01,91,10:00,ISM Manufacturing @ 10:00+JOLTS Job Openings @ 10:00,2.0,0.7080950024238845,1.4260842461832788,15.0
ES,2023-11-01 16:01:00+00:00,2023-11-01,121,10:00,ISM Manufacturing @ 10:00+JOLTS Job Openings @ 10:00,2.0,0.418807036357642,2.393329572390366,15.0
ES,2023-11-03 12:31:00+00:00,2023-11-03,1,08:30,Change in Manufact. Payrolls @ 08:30,0.477472299967941,0.8118474578311577,1.3853380733191651,15.0
ES,2023-11-03 13:01:00+00:00,2023-11-03,31,08:30,Change in Manufact. Payrolls @ 08:30,0.5256991016978987,0.419277731895835,2.39609839693801,15.0
ES,2023-11-03 13:31:00+00:00,2023-11-03,61,08:30,Change in Manufact. Payrolls @ 08:30,-0.5496067501790369,0.5832398353977187,1.7271823814352238,15.0
ES,2023-11-03 14:01:00+00:00,2023-11-03,91,08:30,Change in Manufact. Payrolls @ 08:30+ISM Services Index @ 10:00,-0.3369388964800878,1.0109658017222642,1.0069686410942744,15.0
ES,2023-11-03 14:31:00+00:00,2023-11-03,121,08:30,Change in Manufact. Payrolls @ 08:30+ISM Services Index @ 10:00,-0.02605147666427035,0.40878070165415625,2.462321985627449,15.0
ES,2023-11-03 15:01:00+00:00,2023-11-03,61,10:00,ISM Services Index @ 10:00,-0.635747640095444,0.3409497715352411,2.943389112286362,15.0
ES,2023-11-03 15:31:00+00:00,2023-11-03,91,10:00,ISM Services Index @ 10:00,2.0,0.36854476153843413,2.7315038789681036,15.0
ES,2023-11-03 16:01:00+00:00,2023-11-03,121,10:00,ISM Services Index @ 10:00,-0.8078512452810366,0.65490229614853,1.5308009385250105,15.0
ES,2023-11-14 13:31:00+00:00,2023-11-14,1,08:30,CPI Index NSA @ 08:30,0.48004809935081283,0.973553973930109,1.182351282949679,15.0
ES,2023-11-14 14:01:00+00:00,2023-11-14,31,08:30,CPI Index NSA @ 08:30,-1.1667753951841848,0.6802244037391956,1.4792308112977408,15.0
ES,2023-11-14 14:31:00+00:00,2023-11-14,61,08:30,CPI Index NSA @ 08:30,-0.6282947104701183,0.46986073906673403,2.133960128529041,15.0
ES,2023-11-14 15:31:00+00:00,2023-11-14,121,08:30,CPI Index NSA @ 08:30,0.9730659910441345,0.4920591738051694,2.0367777417645416,15.0
ES,2023-12-01 15:01:00+00:00,2023-12-01,1,10:00,ISM Manufacturing @ 10:00,0.605388681031783,0.5646159230059997,1.7799885452875213,15.0
ES,2023-12-01 15:31:00+00:00,2023-12-01,31,10:00,ISM Manufacturing @ 10:00,-0.5937219657821435,0.7211036234164958,1.3965596640641444,15.0
ES,2023-12-01 16:01:00+00:00,2023-12-01,61,10:00,ISM Manufacturing @ 10:00,-0.5605311672548141,0.364766272253617,2.8509601355388976,15.0
ES,2023-12-01 16:31:00+00:00,2023-12-01,91,10:00,ISM Manufacturing @ 10:00,-0.3874808707775412,0.5081631188788378,1.9915767411378074,15.0
ES,2023-12-05 15:01:00+00:00,2023-12-05,1,10:00,ISM Services Index @ 10:00+JOLTS Job Openings @ 10:00,0.43480720723366634,0.41188403173764276,2.444015307929577,15.0
ES,2023-12-05 16:01:00+00:00,2023-12-05,61,10:00,ISM Services Index @ 10:00+JOLTS Job Openings @ 10:00,-0.9572188282812535,0.7988858102242832,1.2597137868629726,15.0
ES,2023-12-05 17:01:00+00:00,2023-12-05,121,10:00,ISM Services Index @ 10:00+JOLTS Job Openings @ 10:00,0.7658076941396968,0.5254913848818648,1.9470176421575491,15.0
ES,2023-12-08 13:31:00+00:00,2023-12-08,1,08:30,Change in Manufact. Payrolls @ 08:30,-0.6701838918444701,0.5007492980061822,2.02515730996503,15.0
ES,2023-12-08 14:01:00+00:00,2023-12-08,31,08:30,Change in Manufact. Payrolls @ 08:30,0.5866328800083492,0.657705982259742,1.5375577825921853,15.0
ES,2023-12-08 14:31:00+00:00,2023-12-08,61,08:30,Change in Manufact. Payrolls @ 08:30,0.6016808993592262,0.2892317569831247,3.459453391719146,15.0
ES,2023-12-12 14:01:00+00:00,2023-12-12,31,08:30,CPI Index NSA @ 08:30,1.3489140147054468,0.65412301098216,1.5356426975615927,15.0
ES,2023-12-12 15:01:00+00:00,2023-12-12,91,08:30,CPI Index NSA @ 08:30,-0.5209698881568531,0.5929704625491155,1.7006501676379346,15.0
ES,2023-12-12 15:31:00+00:00,2023-12-12,121,08:30,CPI Index NSA @ 08:30,1.0115709087907407,0.48223522032717453,2.07715921281457,15.0
ES,2024-01-02 15:31:00+00:00,2024-01-02,31,10:00,ISM Manufacturing @ 10:00,-0.5027049628773236,0.5200377062184808,1.935144022651062,15.0
ES,2024-01-02 16:01:00+00:00,2024-01-02,61,10:00,ISM Manufacturing @ 10:00,0.9540022804254481,0.5045561128280651,2.009890647923263,15.0
ES,2024-01-02 17:01:00+00:00,2024-01-02,121,10:00,ISM Manufacturing @ 10:00,0.5075306760234729,0.822991590425245,1.23094243283769,15.0
ES,2024-01-03 15:01:00+00:00,2024-01-03,1,10:00,ISM Manufacturing @ 10:00+JOLTS Job Openings @ 10:00,-0.5503402766738497,0.31314501637022873,3.2088761321437964,15.0
ES,2024-01-03 15:31:00+00:00,2024-01-03,31,10:00,ISM Manufacturing @ 10:00+JOLTS Job Openings @ 10:00,-0.6913936315444562,0.5631164019882424,1.7823060659376253,15.0
ES,2024-01-03 16:01:00+00:00,2024-01-03,61,10:00,ISM Manufacturing @ 10:00+JOLTS Job Openings @ 10:00,-0.6727439251471498,0.46120140354483397,2.1820884004961276,15.0
ES,2024-01-03 16:31:00+00:00,2024-01-03,91,10:00,ISM Manufacturing @ 10:00+JOLTS Job Openings @ 10:00,0.5985520966998558,0.2723467750163824,3.6764198969941715,15.0
ES,2024-01-03 17:01:00+00:00,2024-01-03,121,10:00,ISM Manufacturing @ 10:00+JOLTS Job Openings @ 10:00,0.5617930738917146,0.3894391700833987,2.5764394035652916,15.0
ES,2024-01-03 19:01:00+00:00,2024-01-03,1,14:00,FOMC Meeting Minutes @ 14:00,0.8196763906071747,0.23736910514688936,4.220572480534053,15.0
ES,2024-01-03 19:31:00+00:00,2024-01-03,31,14:00,FOMC Meeting Minutes @ 14:00,-1.6540757861850832,0.463901380844034,2.2184865890134837,15.0
ES,2024-01-03 20:01:00+00:00,2024-01-03,61,14:00,FOMC Meeting Minutes @ 14:00,-0.4028810751536243,0.33401145699330664,3.023251089054592,15.0
ES,2024-01-03 20:31:00+00:00,2024-01-03,91,14:00,FOMC Meeting Minutes @ 14:00,0.5800581870350034,0.40462062860727277,2.499967229034819,15.0
ES,2024-01-03 21:01:00+00:00,2024-01-03,121,14:00,FOMC Meeting Minutes @ 14:00,1.0479484137740058,0.47114336945806295,2.169364461614702,15.0
ES,2024-01-05 13:31:00+00:00,2024-01-05,1,08:30,Change in Manufact. Payrolls @ 08:30,1.009630458048413,0.4938810568102584,2.1091815247388523,15.0
ES,2024-01-05 14:01:00+00:00,2024-01-05,31,08:30,Change in Manufact. Payrolls @ 08:30,-0.709469807999188,0.7087424753060045,1.4410297344288499,15.0
ES,2024-01-05 14:31:00+00:00,2024-01-05,61,08:30,Change in Manufact. Payrolls @ 08:30,0.2757937676357792,0.45365132308401146,2.214119701367247,15.0
ES,2024-01-05 15:31:00+00:00,2024-01-05,121,08:30,Change in Manufact. Payrolls @ 08:30+Durable Goods Orders @ 08:30+ISM Services Index @ 10:00,-1.42234733630162,0.3533875081524048,2.8635708863549603,15.0
ES,2024-01-05 16:01:00+00:00,2024-01-05,61,10:00,Durable Goods Orders @ 08:30+ISM Services Index @ 10:00,-0.5927113447915816,0.40768861427440906,2.457058459045365,15.0
ES,2024-01-05 16:31:00+00:00,2024-01-05,91,10:00,Durable Goods Orders @ 08:30+ISM Services Index @ 10:00,-0.6029282166918578,0.577897830771839,1.7420685387938533,15.0
ES,2024-01-11 13:31:00+00:00,2024-01-11,1,08:30,CPI Index NSA @ 08:30+Continuing Claims @ 08:30,-0.40987302813799587,0.5638203607684374,1.8017091700921788,15.0
ES,2024-01-11 14:01:00+00:00,2024-01-11,31,08:30,CPI Index NSA @ 08:30+Continuing Claims @ 08:30,1.1754246822825398,0.4152327604878523,2.4192258192036395,15.0
ES,2024-01-11 14:31:00+00:00,2024-01-11,61,08:30,CPI Index NSA @ 08:30+Continuing Claims @ 08:30,0.31925698861881185,0.7106598855519037,1.440764304450013,15.0
ES,2024-01-11 15:01:00+00:00,2024-01-11,91,08:30,CPI Index NSA @ 08:30+Continuing Claims @ 08:30,0.2917336214391167,0.7765417882110944,1.293858045034167,15.0
ES,2024-01-11 15:31:00+00:00,2024-01-11,121,08:30,CPI Index NSA @ 08:30+Continuing Claims @ 08:30,0.2734789125761609,0.5499549906959776,1.8799215307076216,15.0
ES,2024-01-17 13:31:00+00:00,2024-01-17,1,08:30,Import Price Index YoY @ 08:30+MBA Mortgage Applications @ 07:00+New York Fed Services Business Activity @ 08:30+Retail Sales Advance MoM @ 08:30,0.8910835053405272,0.43561387343632013,2.3507218839868513,15.0
ES,2024-01-17 14:01:00+00:00,2024-01-17,31,08:30,Import Price Index YoY @ 08:30+MBA Mortgage Applications @ 07:00+New York Fed Services Business Activity @ 08:30+Retail Sales Advance MoM @ 08:30,-1.413998837019564,0.8095536714383675,1.2924557246908406,15.0
ES,2024-01-17 14:31:00+00:00,2024-01-17,61,08:30,Import Price Index YoY @ 08:30+New York Fed Services Business Activity @ 08:30+Retail Sales Advance MoM @ 08:30,-0.6741187705474572,0.4012832834856705,2.506693372588738,15.0
ES,2024-01-17 15:01:00+00:00,2024-01-17,91,08:30,Business Inventories @ 10:00+Import Price Index YoY @ 08:30+NAHB Housing Market Index @ 10:00+New York Fed Services Business Activity @ 08:30+Retail Sales Advance MoM @ 08:30,0.6380253532359974,0.32611792769972514,3.074738180523788,15.0
ES,2024-01-25 14:01:00+00:00,2024-01-25,31,08:30,Chicago Fed Nat Activity Index @ 08:30+Continuing Claims @ 08:30+Core PCE Price Index QoQ @ 08:30+Durable Goods Orders @ 08:30+Wholesale Inventories MoM @ 10:00,1.0859650073352314,0.5684122191780903,1.7660352352330708,15.0
ES,2024-01-25 14:31:00+00:00,2024-01-25,61,08:30,Chicago Fed Nat Activity Index @ 08:30+Continuing Claims @ 08:30+Core PCE Price Index QoQ @ 08:30+Durable Goods Orders @ 08:30+Wholesale Inventories MoM @ 10:00,-0.7329238051112108,0.29648286915646366,3.385763013039031,15.0
ES,2024-01-25 15:01:00+00:00,2024-01-25,91,08:30,Chicago Fed Nat Activity Index @ 08:30+Continuing Claims @ 08:30+Core PCE Price Index QoQ @ 08:30+Durable Goods Orders @ 08:30+New Home Sales @ 10:00+Wholesale Inventories MoM @ 10:00,-0.5433668965675758,0.3685619281781635,2.7390954267849845,15.0
ES,2024-02-01 15:01:00+00:00,2024-02-01,91,08:30,Continuing Claims @ 08:30+ISM Manufacturing @ 10:00+Nonfarm Productivity @ 08:30,0.6404516795315242,0.45379350262553947,2.2119643970243397,15.0
ES,2024-02-01 15:31:00+00:00,2024-02-01,121,08:30,Continuing Claims @ 08:30+ISM Manufacturing @ 10:00+Nonfarm Productivity @ 08:30,0.8775736595319701,0.4498765973531326,2.252192290170308,15.0
ES,2024-02-01 16:01:00+00:00,2024-02-01,61,10:00,ISM Manufacturing @ 10:00,0.5801557624954723,0.8761596185936792,1.1889463742326813,15.0
ES,2024-02-02 13:31:00+00:00,2024-02-02,1,08:30,Change in Manufact. Payrolls @ 08:30,0.2956615215488207,0.6244514338972459,1.630568800538041,15.0
ES,2024-02-02 15:01:00+00:00,2024-02-02,1,10:00,Change in Manufact. Payrolls @ 08:30+Durable Goods Orders @ 08:30+U. of Mich. Sentiment @ 10:00,-0.5413169799650499,0.5129172408790411,1.969210982873377,15.0
ES,2024-02-05 15:31:00+00:00,2024-02-05,31,10:00,ISM Services Index @ 10:00,0.5977907666927457,0.8089755137039693,1.251614526933425,15.0
ES,2024-02-05 16:01:00+00:00,2024-02-05,61,10:00,ISM Services Index @ 10:00,0.6189171277546841,0.5610106938395942,1.7965306581378184,15.0
ES,2024-02-05 16:31:00+00:00,2024-02-05,91,10:00,ISM Services Index @ 10:00,-0.687239333548505,0.5588069466911262,1.8403725069452965,15.0
ES,2024-02-13 13:31:00+00:00,2024-02-13,1,08:30,CPI Index NSA @ 08:30,-0.4109636201106805,0.8422335467109888,1.2342387170849625,15.0
ES,2024-02-13 14:01:00+00:00,2024-02-13,31,08:30,CPI Index NSA @ 08:30,0.7203406931014604,0.4664980712667218,2.161159126526852,15.0
ES,2024-02-15 14:01:00+00:00,2024-02-15,31,08:30,Continuing Claims @ 08:30+Empire Manufacturing @ 08:30+Import Price Index YoY @ 08:30+Philadelphia Fed Business Outlook @ 08:30+Retail Sales Advance MoM @ 08:30,1.441398594757895,0.4580715415637064,2.1964901449962615,15.0
ES,2024-02-15 14:31:00+00:00,2024-02-15,61,08:30,Continuing Claims @ 08:30+Empire Manufacturing @ 08:30+Import Price Index YoY @ 08:30+Philadelphia Fed Business Outlook @ 08:30+Retail Sales Advance MoM @ 08:30,0.6403897737797535,0.3368220688327002,2.9915156462919925,15.0
ES,2024-02-15 15:01:00+00:00,2024-02-15,91,08:30,Business Inventories @ 10:00+Continuing Claims @ 08:30+Empire Manufacturing @ 08:30+Import Price Index YoY @ 08:30+NAHB Housing Market Index @ 10:00+Philadelphia Fed Business Outlook @ 08:30+Retail Sales Advance MoM @ 08:30,1.0158727058848949,0.34074084254506276,2.9840513484442615,15.0
ES,2024-02-15 15:31:00+00:00,2024-02-15,121,08:30,Business Inventories @ 10:00+Continuing Claims @ 08:30+Empire Manufacturing @ 08:30+Import Price Index YoY @ 08:30+NAHB Housing Market Index @ 10:00+Philadelphia Fed Business Outlook @ 08:30+Retail Sales Advance MoM @ 08:30,-0.5687739522815782,0.38583136124794504,2.6065206567810355,15.0
ES,2024-02-21 19:01:00+00:00,2024-02-21,1,14:00,FOMC Meeting Minutes @ 14:00,-0.4838546157575025,0.2888102352612781,3.5204489277280913,15.0
ES,2024-02-21 20:01:00+00:00,2024-02-21,61,14:00,FOMC Meeting Minutes @ 14:00,0.7289073267335842,0.4019243070869938,2.558392269852837,15.0
ES,2024-02-21 20:31:00+00:00,2024-02-21,91,14:00,FOMC Meeting Minutes @ 14:00,0.7672874917677834,0.2968173581579939,3.460386079922812,15.0
ES,2024-02-21 21:01:00+00:00,2024-02-21,121,14:00,FOMC Meeting Minutes @ 14:00,1.3098688335628927,0.557436274432274,1.968815601142088,15.0
ES,2024-02-28 13:31:00+00:00,2024-02-28,91,07:00,Core PCE Price Index QoQ @ 08:30+MBA Mortgage Applications @ 07:00+Wholesale Inventories MoM @ 10:00,2.0,0.5601874048828474,1.8543104304090934,15.0
ES,2024-02-28 15:01:00+00:00,2024-02-28,91,08:30,Core PCE Price Index QoQ @ 08:30+Wholesale Inventories MoM @ 10:00,0.5761891946378322,0.39171443366598774,2.5756562303144754,15.0
ES,2024-02-28 15:31:00+00:00,2024-02-28,121,08:30,Core PCE Price Index QoQ @ 08:30+Wholesale Inventories MoM @ 10:00,-0.7089580280021018,0.4356090929224906,2.3085744884378228,15.0
ES,2024-03-01 15:01:00+00:00,2024-03-01,1,10:00,ISM Manufacturing @ 10:00+U. of Mich. Sentiment @ 10:00,-0.685732255520471,0.4525877023963929,2.261638837353928,15.0
ES,2024-03-01 16:01:00+00:00,2024-03-01,61,10:00,ISM Manufacturing @ 10:00+Kansas City Fed Services Activity @ 11:00+U. of Mich. Sentiment @ 10:00,-1.5490886740597236,0.6835590100039161,1.5336038025258152,15.0
ES,2024-03-05 15:31:00+00:00,2024-03-05,31,10:00,Durable Goods Orders @ 08:30+ISM Services Index @ 10:00,-0.46956459533802397,0.8853247534418861,1.1618886210653427,15.0
ES,2024-03-05 16:01:00+00:00,2024-03-05,61,10:00,Durable Goods Orders @ 08:30+ISM Services Index @ 10:00,-0.780695855668255,0.25957179616973514,3.871478438948507,15.0
ES,2024-03-08 13:31:00+00:00,2024-03-08,1,08:30,Change in Manufact. Payrolls @ 08:30,-0.8339705775658846,0.5667400399261351,1.7883486336716905,15.0
ES,2024-03-08 14:31:00+00:00,2024-03-08,61,08:30,Change in Manufact. Payrolls @ 08:30,0.5326098873523609,0.6345675661238939,1.586728367147423,15.0
ES,2024-03-08 15:01:00+00:00,2024-03-08,91,08:30,Change in Manufact. Payrolls @ 08:30,2.0,1.0432335654070406,0.9622368768329804,15.0
ES,2024-03-08 15:31:00+00:00,2024-03-08,121,08:30,Change in Manufact. Payrolls @ 08:30,0.6106761622068563,0.3403049365439914,2.955775913430789,15.0
ES,2024-03-12 12:31:00+00:00,2024-03-12,1,08:30,CPI Index NSA @ 08:30,0.2690817374402621,0.4531657677407961,2.240589382600635,15.0
ES,2024-03-12 13:31:00+00:00,2024-03-12,61,08:30,CPI Index NSA @ 08:30,0.6276881954802874,0.44618585180548265,2.2513447306919923,15.0
ES,2024-03-12 14:01:00+00:00,2024-03-12,91,08:30,CPI Index NSA @ 08:30,-0.3022647663859525,0.5302128693686042,1.9209624896356583,15.0
ES,2024-03-14 12:31:00+00:00,2024-03-14,1,08:30,Continuing Claims @ 08:30+PPI Ex Food and Energy MoM @ 08:30+Retail Sales Advance MoM @ 08:30,-0.3726059055247353,0.5889786611651892,1.7048716042862304,15.0
ES,2024-03-14 13:01:00+00:00,2024-03-14,31,08:30,Continuing Claims @ 08:30+PPI Ex Food and Energy MoM @ 08:30+Retail Sales Advance MoM @ 08:30,0.773735795831418,0.4134160739640711,2.478275373493704,15.0
ES,2024-03-14 13:31:00+00:00,2024-03-14,61,08:30,Continuing Claims @ 08:30+PPI Ex Food and Energy MoM @ 08:30+Retail Sales Advance MoM @ 08:30,0.46157116413948185,0.4680653703492606,2.1597575602621384,15.0
ES,2024-03-14 14:31:00+00:00,2024-03-14,121,08:30,Business Inventories @ 10:00+Continuing Claims @ 08:30+PPI Ex Food and Energy MoM @ 08:30+Retail Sales Advance MoM @ 08:30,-0.8418914188706301,0.5071278452844915,1.9813933129635384,15.0
ES,2024-03-28 12:31:00+00:00,2024-03-28,1,08:30,Continuing Claims @ 08:30+Core PCE Price Index QoQ @ 08:30,-0.8461087740561567,0.40987659347387767,2.469506810701321,15.0
ES,2024-03-28 13:31:00+00:00,2024-03-28,61,08:30,Continuing Claims @ 08:30+Core PCE Price Index QoQ @ 08:30,-1.0326315483108404,0.345891286637646,2.8967329044952184,15.0
ES,2024-03-28 14:31:00+00:00,2024-03-28,121,08:30,Continuing Claims @ 08:30+Core PCE Price Index QoQ @ 08:30+Pending Home Sales MoM @ 10:00+U. of Mich. Sentiment @ 10:00,0.8975772037398906,0.5544925195963741,1.8076374977781737,15.0
ES,2024-04-01 14:01:00+00:00,2024-04-01,1,10:00,ISM Manufacturing @ 10:00,0.7006399939102376,0.37108369580304934,2.729458151585672,15.0
ES,2024-04-01 14:31:00+00:00,2024-04-01,31,10:00,ISM Manufacturing @ 10:00,-0.5472518818511052,0.48009581718854843,2.0894303328864763,15.0
ES,2024-04-01 15:01:00+00:00,2024-04-01,61,10:00,ISM Manufacturing @ 10:00,0.7497302652397057,0.5625716530024883,1.780357178337824,15.0
ES,2024-04-01 16:01:00+00:00,2024-04-01,121,10:00,ISM Manufacturing @ 10:00,-0.6761688299245222,0.6867817383905374,1.4750447707112277,15.0
ES,2024-04-03 14:01:00+00:00,2024-04-03,1,10:00,ISM Services Index @ 10:00,0.7645735493448073,0.3165991839538745,3.1772513881380418,15.0
ES,2024-04-03 16:01:00+00:00,2024-04-03,121,10:00,ISM Services Index @ 10:00,-0.5333266179559029,0.8186664027380206,1.2379684893132343,15.0
ES,2024-04-05 12:31:00+00:00,2024-04-05,1,08:30,Change in Manufact. Payrolls @ 08:30,0.46399079770061463,0.5736624790721628,1.7701975454294305,15.0
ES,2024-04-05 13:31:00+00:00,2024-04-05,61,08:30,Change in Manufact. Payrolls @ 08:30,0.6207198586750429,0.4377258115735457,2.3908898578785402,15.0
ES,2024-04-05 14:01:00+00:00,2024-04-05,91,08:30,Change in Manufact. Payrolls @ 08:30,0.8624008841922792,0.7366091223384802,1.3626954869270962,15.0
ES,2024-04-10 12:31:00+00:00,2024-04-10,91,07:00,CPI Index NSA @ 08:30+MBA Mortgage Applications @ 07:00,-0.39318091840041575,0.6989240834424791,1.8931359949053554,15.0
ES,2024-04-10 13:01:00+00:00,2024-04-10,31,08:30,CPI Index NSA @ 08:30+MBA Mortgage Applications @ 07:00,-0.58703811431777,0.3962971539896724,2.558728124241568,15.0
ES,2024-04-10 13:31:00+00:00,2024-04-10,61,08:30,CPI Index NSA @ 08:30,1.0343500096607792,0.5049213492849867,2.008847866451796,15.0
ES,2024-04-10 14:01:00+00:00,2024-04-10,1,10:00,CPI Index NSA @ 08:30+Wholesale Inventories MoM @ 10:00,1.1277582932833548,0.3392807080053823,2.954018912589365,15.0
ES,2024-04-10 14:31:00+00:00,2024-04-10,121,08:30,CPI Index NSA @ 08:30+Wholesale Inventories MoM @ 10:00,0.46601890417556596,0.5620323790661335,1.7912623105802963,15.0
ES,2024-04-10 18:01:00+00:00,2024-04-10,1,14:00,FOMC Meeting Minutes @ 14:00+Federal Budget Balance @ 14:00,1.5153651141511535,0.35705882243209214,2.8852791908946767,15.0
ES,2024-04-10 20:01:00+00:00,2024-04-10,121,14:00,FOMC Meeting Minutes @ 14:00+Federal Budget Balance @ 14:00,2.0,0.3369324655245034,3.085077746363493,15.0
ES,2024-04-15 13:31:00+00:00,2024-04-15,61,08:30,Empire Manufacturing @ 08:30+Retail Sales Advance MoM @ 08:30,2.0,0.3497506459436514,2.8612802162391935,15.0
ES,2024-04-15 14:01:00+00:00,2024-04-15,1,10:00,Business Inventories @ 10:00+Empire Manufacturing @ 08:30+NAHB Housing Market Index @ 10:00+Retail Sales Advance MoM @ 08:30,-0.8094636697791142,0.3149251573782673,3.1885857767788304,15.0
ES,2024-04-25 13:01:00+00:00,2024-04-25,31,08:30,Continuing Claims @ 08:30+Core PCE Price Index QoQ @ 08:30+Wholesale Inventories MoM @ 10:00,0.5091109716465191,0.6565555165955459,1.5250440904890865,15.0
ES,2024-04-25 14:01:00+00:00,2024-04-25,91,08:30,Continuing Claims @ 08:30+Core PCE Price Index QoQ @ 08:30+Pending Home Sales MoM @ 10:00+Wholesale Inventories MoM @ 10:00,0.759154598440212,0.4522959264190573,2.2328164451821464,15.0
ES,2024-04-25 14:31:00+00:00,2024-04-25,121,08:30,Continuing Claims @ 08:30+Core PCE Price Index QoQ @ 08:30+Pending Home Sales MoM @ 10:00+Wholesale Inventories MoM @ 10:00,-0.547850466666322,0.904331575676953,1.1169906614417755,15.0
ES,2024-05-01 14:01:00+00:00,2024-05-01,1,10:00,ISM Manufacturing @ 10:00+JOLTS Job Openings @ 10:00,-0.4577963641555304,0.5462811360800751,1.8332312429020752,15.0
ES,2024-05-01 15:31:00+00:00,2024-05-01,91,10:00,ISM Manufacturing @ 10:00+JOLTS Job Openings @ 10:00,-0.7880059415902522,0.6758892774374688,1.488820174459795,15.0
ES,2024-05-03 12:31:00+00:00,2024-05-03,1,08:30,Change in Manufact. Payrolls @ 08:30,0.45197700979590466,0.9757962874379417,1.1793891733784596,15.0
ES,2024-05-03 13:31:00+00:00,2024-05-03,61,08:30,Change in Manufact. Payrolls @ 08:30,-1.0009428862741556,0.4545612732051891,2.203122922901744,15.0
ES,2024-05-03 14:01:00+00:00,2024-05-03,1,10:00,Change in Manufact. Payrolls @ 08:30+ISM Services Index @ 10:00,-0.41145552656115225,0.482122709424677,2.1199954033721444,15.0
ES,2024-05-03 14:31:00+00:00,2024-05-03,31,10:00,Change in Manufact. Payrolls @ 08:30+ISM Services Index @ 10:00,-0.9445033246183647,0.4213391533322717,2.380308839896928,15.0
ES,2024-05-15 12:31:00+00:00,2024-05-15,1,08:30,CPI Index NSA @ 08:30+Empire Manufacturing @ 08:30+MBA Mortgage Applications @ 07:00+Retail Sales Advance MoM @ 08:30,0.5924395508145682,0.8288671453124093,1.4632916039373445,15.0
ES,2024-05-15 13:31:00+00:00,2024-05-15,61,08:30,CPI Index NSA @ 08:30+Empire Manufacturing @ 08:30+Retail Sales Advance MoM @ 08:30,-0.5722660925011598,0.339997050001208,2.951056484183791,15.0
ES,2024-05-15 14:01:00+00:00,2024-05-15,91,08:30,Business Inventories @ 10:00+CPI Index NSA @ 08:30+Empire Manufacturing @ 08:30+NAHB Housing Market Index @ 10:00+Retail Sales Advance MoM @ 08:30,-0.7255142094068344,0.5405024108539506,1.8578041585859573,15.0
ES,2024-05-15 14:31:00+00:00,2024-05-15,31,10:00,Business Inventories @ 10:00+CPI Index NSA @ 08:30+Empire Manufacturing @ 08:30+NAHB Housing Market Index @ 10:00+Retail Sales Advance MoM @ 08:30,1.030434351757071,0.4946600966163979,2.040728047536289,15.0
ES,2024-05-22 18:01:00+00:00,2024-05-22,1,14:00,FOMC Meeting Minutes @ 14:00,-0.706888769183189,0.49105596448722016,2.30025637647295,15.0
ES,2024-05-22 19:01:00+00:00,2024-05-22,61,14:00,FOMC Meeting Minutes @ 14:00,0.6441551626632136,0.46805193521220717,2.1881144196490685,15.0
ES,2024-05-22 19:31:00+00:00,2024-05-22,91,14:00,FOMC Meeting Minutes @ 14:00,0.5919455704962299,0.24722196129186524,4.074958040749693,15.0
ES,2024-05-30 12:31:00+00:00,2024-05-30,1,08:30,Continuing Claims @ 08:30+Core PCE Price Index QoQ @ 08:30+Wholesale Inventories MoM @ 10:00,0.8325274782048558,0.5720579739601644,1.772514263002951,15.0
ES,2024-05-30 14:01:00+00:00,2024-05-30,1,10:00,Continuing Claims @ 08:30+Core PCE Price Index QoQ @ 08:30+Pending Home Sales MoM @ 10:00+Wholesale Inventories MoM @ 10:00,0.583438931394028,0.3041117500415488,3.3067053054761297,15.0
ES,2024-05-30 14:31:00+00:00,2024-05-30,121,08:30,Continuing Claims @ 08:30+Core PCE Price Index QoQ @ 08:30+Pending Home Sales MoM @ 10:00+Wholesale Inventories MoM @ 10:00,0.8044693148839368,0.5306371422040459,1.9188607868553471,15.0
ES,2024-06-03 14:01:00+00:00,2024-06-03,1,10:00,ISM Manufacturing @ 10:00,0.47821087457521333,0.5363692206781232,1.8730966937717988,15.0
ES,2024-06-03 15:01:00+00:00,2024-06-03,61,10:00,ISM Manufacturing @ 10:00,0.6982720084140375,0.9792111430714338,1.0439060871948984,15.0
ES,2024-06-03 16:01:00+00:00,2024-06-03,121,10:00,ISM Manufacturing @ 10:00,-0.7525989895557371,0.33310659665645664,3.013342169973845,15.0
ES,2024-06-05 16:01:00+00:00,2024-06-05,121,10:00,ISM Services Index @ 10:00,0.6276078141491266,0.4230453632318279,2.4027226293283133,15.0
ES,2024-06-07 12:31:00+00:00,2024-06-07,1,08:30,Change in Manufact. Payrolls @ 08:30,-0.371958589526388,1.050820304285356,1.0586110634821964,15.0
ES,2024-06-07 13:01:00+00:00,2024-06-07,31,08:30,Change in Manufact. Payrolls @ 08:30,0.6315675050331218,0.47629821418449,2.1310627447297605,15.0
ES,2024-06-07 13:31:00+00:00,2024-06-07,61,08:30,Change in Manufact. Payrolls @ 08:30,-0.24413967388104182,0.4032603879834294,2.4887756016167173,15.0
ES,2024-06-07 14:31:00+00:00,2024-06-07,121,08:30,Change in Manufact. Payrolls @ 08:30+Wholesale Inventories MoM @ 10:00,-0.6399487284203519,0.6633619406074781,1.5138110265772102,15.0
ES,2024-06-12 12:31:00+00:00,2024-06-12,91,07:00,CPI Index NSA @ 08:30+MBA Mortgage Applications @ 07:00,0.5161822841331801,0.8358162850358795,1.4630324792920024,15.0
ES,2024-06-12 13:01:00+00:00,2024-06-12,121,07:00,CPI Index NSA @ 08:30+MBA Mortgage Applications @ 07:00,-2.0,0.47262310351834813,2.1275554230525198,15.0
ES,2024-06-12 13:31:00+00:00,2024-06-12,61,08:30,CPI Index NSA @ 08:30,-0.9119924326782585,0.3616104041463434,2.7777569162364726,15.0
ES,2024-06-12 14:31:00+00:00,2024-06-12,121,08:30,CPI Index NSA @ 08:30,-0.9195090742012567,0.8155205506396936,1.2631669199507507,15.0
ES,2024-06-18 12:31:00+00:00,2024-06-18,1,08:30,New York Fed Services Business Activity @ 08:30+Retail Sales Advance MoM @ 08:30,0.38384114218869697,0.40536034054552955,2.4682257451034246,15.0
ES,2024-06-18 13:01:00+00:00,2024-06-18,31,08:30,New York Fed Services Business Activity @ 08:30+Retail Sales Advance MoM @ 08:30,1.9416995072022438,0.3376006563393423,2.9736249813528093,15.0
ES,2024-06-18 13:31:00+00:00,2024-06-18,61,08:30,New York Fed Services Business Activity @ 08:30+Retail Sales Advance MoM @ 08:30,-0.8925747506142369,0.6658137641328515,1.5176467259660855,15.0
ES,2024-06-27 12:31:00+00:00,2024-06-27,1,08:30,Continuing Claims @ 08:30+Core PCE Price Index QoQ @ 08:30+Durable Goods Orders @ 08:30+Wholesale Inventories MoM @ 10:00,-0.7726479189657462,0.3586678175926217,2.7989742049622457,15.0
ES,2024-06-27 13:01:00+00:00,2024-06-27,31,08:30,Continuing Claims @ 08:30+Core PCE Price Index QoQ @ 08:30+Durable Goods Orders @ 08:30+Wholesale Inventories MoM @ 10:00,0.8227711155760501,0.3551638808987003,2.8367797339913254,15.0
ES,2024-06-27 13:31:00+00:00,2024-06-27,61,08:30,Continuing Claims @ 08:30+Core PCE Price Index QoQ @ 08:30+Durable Goods Orders @ 08:30+Wholesale Inventories MoM @ 10:00,0.343308842223842,0.44384485392907497,2.262522851109325,15.0
ES,2024-06-27 14:01:00+00:00,2024-06-27,1,10:00,Continuing Claims @ 08:30+Core PCE Price Index QoQ @ 08:30+Durable Goods Orders @ 08:30+Pending Home Sales MoM @ 10:00+Wholesale Inventories MoM @ 10:00,2.0,0.4293840910406449,2.348558528677154,15.0
ES,2024-06-27 14:31:00+00:00,2024-06-27,121,08:30,Continuing Claims @ 08:30+Core PCE Price Index QoQ @ 08:30+Durable Goods Orders @ 08:30+Pending Home Sales MoM @ 10:00+Wholesale Inventories MoM @ 10:00,0.446432362889274,0.45940401734030367,2.1943237746299267,15.0
ES,2024-07-01 14:01:00+00:00,2024-07-01,1,10:00,ISM Manufacturing @ 10:00,-0.5769054903424609,0.5073341651529396,1.9768513054963868,15.0
ES,2024-07-01 14:31:00+00:00,2024-07-01,31,10:00,ISM Manufacturing @ 10:00,-2.0,0.5605085660064595,1.8582144936666627,15.0
ES,2024-07-01 15:01:00+00:00,2024-07-01,61,10:00,ISM Manufacturing @ 10:00,-0.640250585984196,0.40920874134059493,2.4480872625276775,15.0
ES,2024-07-01 15:31:00+00:00,2024-07-01,91,10:00,ISM Manufacturing @ 10:00,1.3544658169382984,0.6398957594376015,1.5771671081510281,15.0
ES,2024-07-05 12:31:00+00:00,2024-07-05,1,08:30,Change in Manufact. Payrolls @ 08:30,0.988399131675878,0.7404324719863475,1.490987172967944,15.0
ES,2024-07-05 13:31:00+00:00,2024-07-05,61,08:30,Change in Manufact. Payrolls @ 08:30,-0.5228180556677103,0.35191655409235123,2.8490365558229063,15.0
ES,2024-07-05 14:01:00+00:00,2024-07-05,91,08:30,Change in Manufact. Payrolls @ 08:30,-0.6116446520422439,0.43252845686360536,2.339054612921275,15.0
ES,2024-07-05 14:31:00+00:00,2024-07-05,121,08:30,Change in Manufact. Payrolls @ 08:30,-1.0595766986325956,0.3947614041560542,2.5426562018409573,15.0
ES,2024-07-11 12:31:00+00:00,2024-07-11,1,08:30,CPI Index NSA @ 08:30+Continuing Claims @ 08:30,-1.1424855485844319,1.166558392065611,0.9975365199684182,15.0
ES,2024-07-11 13:01:00+00:00,2024-07-11,31,08:30,CPI Index NSA @ 08:30+Continuing Claims @ 08:30,1.6971474474153259,0.790553890582002,1.2814344050308863,15.0
ES,2024-07-11 13:31:00+00:00,2024-07-11,61,08:30,CPI Index NSA @ 08:30+Continuing Claims @ 08:30,-0.37276671619063845,0.40450163246644577,2.514754796144845,15.0
ES,2024-07-11 14:01:00+00:00,2024-07-11,91,08:30,CPI Index NSA @ 08:30+Continuing Claims @ 08:30,-0.6768842837573165,0.42084535526553785,2.3953044052938783,15.0
ES,2024-07-11 14:31:00+00:00,2024-07-11,121,08:30,CPI Index NSA @ 08:30+Continuing Claims @ 08:30,0.598937998010301,0.7903073598200839,1.336114251135133,15.0
ES,2024-07-16 12:31:00+00:00,2024-07-16,1,08:30,Import Price Index YoY @ 08:30+New York Fed Services Business Activity @ 08:30+Retail Sales Advance MoM @ 08:30,-0.8855114045238921,0.36982125894476153,2.712398394668034,15.0
ES,2024-07-16 13:31:00+00:00,2024-07-16,61,08:30,Import Price Index YoY @ 08:30+New York Fed Services Business Activity @ 08:30+Retail Sales Advance MoM @ 08:30,-0.4080370032425742,0.5321540953423997,1.9025853011620228,15.0
ES,2024-07-16 14:31:00+00:00,2024-07-16,31,10:00,Business Inventories @ 10:00+Import Price Index YoY @ 08:30+NAHB Housing Market Index @ 10:00+New York Fed Services Business Activity @ 08:30+Retail Sales Advance MoM @ 08:30,0.5178373262730902,0.33934395743395046,2.9532142417275504,15.0
ES,2024-07-25 12:31:00+00:00,2024-07-25,1,08:30,Continuing Claims @ 08:30+Core PCE Price Index QoQ @ 08:30+Durable Goods Orders @ 08:30,-1.3329011560336452,0.3447934863001894,2.934809099098531,15.0
ES,2024-07-25 14:01:00+00:00,2024-07-25,91,08:30,Continuing Claims @ 08:30+Core PCE Price Index QoQ @ 08:30+Durable Goods Orders @ 08:30,0.616421779421451,0.4412587634657254,2.2741335211715166,15.0
ES,2024-07-25 14:31:00+00:00,2024-07-25,121,08:30,Continuing Claims @ 08:30+Core PCE Price Index QoQ @ 08:30+Durable Goods Orders @ 08:30,0.9164415951200997,0.6990159050983017,1.446468069790641,15.0
ES,2024-08-01 14:01:00+00:00,2024-08-01,91,08:30,Continuing Claims @ 08:30+ISM Manufacturing @ 10:00+Nonfarm Productivity @ 08:30,0.5646103978980341,0.4483587769814108,2.2726797639488043,15.0
ES,2024-08-01 15:01:00+00:00,2024-08-01,61,10:00,ISM Manufacturing @ 10:00,0.5804090016339822,0.5762548232644874,1.7438068378304257,15.0
ES,2024-08-01 15:31:00+00:00,2024-08-01,91,10:00,ISM Manufacturing @ 10:00,1.3963890895917865,0.3075555900120541,3.261804646298952,15.0
ES,2024-08-02 12:31:00+00:00,2024-08-02,1,08:30,Change in Manufact. Payrolls @ 08:30,-0.43272140467896053,0.9189382898293031,1.1126776549598891,15.0
ES,2024-08-02 13:31:00+00:00,2024-08-02,61,08:30,Change in Manufact. Payrolls @ 08:30,-0.22212722460152085,0.5368677954450066,1.9357294564964336,15.0
ES,2024-08-02 14:01:00+00:00,2024-08-02,91,08:30,Change in Manufact. Payrolls @ 08:30+Durable Goods Orders @ 08:30,0.6125021133977397,0.4111473772295007,2.45428355993635,15.0
ES,2024-08-02 14:31:00+00:00,2024-08-02,121,08:30,Change in Manufact. Payrolls @ 08:30+Durable Goods Orders @ 08:30,-0.8891125770783057,0.5813899243610425,1.7408495394615797,15.0
ES,2024-08-05 14:01:00+00:00,2024-08-05,1,10:00,ISM Services Index @ 10:00,1.3099364843336085,0.5802824039729787,1.732577632322046,15.0
ES,2024-08-05 16:01:00+00:00,2024-08-05,121,10:00,ISM Services Index @ 10:00,-0.6652054921371124,0.3347844958299637,3.0004169169294803,15.0
ES,2024-08-14 12:31:00+00:00,2024-08-14,91,07:00,CPI Index NSA @ 08:30+MBA Mortgage Applications @ 07:00,0.7800744346137968,0.24116940616093935,4.210946105291071,15.0
ES,2024-08-14 13:01:00+00:00,2024-08-14,121,07:00,CPI Index NSA @ 08:30+MBA Mortgage Applications @ 07:00,-0.5435656765058209,0.5183447101124565,1.9517957237580947,15.0
ES,2024-08-14 13:31:00+00:00,2024-08-14,61,08:30,CPI Index NSA @ 08:30,0.7230307034150363,0.29876014396159545,3.3510766637268077,15.0
ES,2024-08-14 14:01:00+00:00,2024-08-14,91,08:30,CPI Index NSA @ 08:30,0.5752623905819012,0.5733350666258058,1.7608818516308342,15.0
ES,2024-08-15 12:31:00+00:00,2024-08-15,1,08:30,Continuing Claims @ 08:30+Empire Manufacturing @ 08:30+Import Price Index YoY @ 08:30+Philadelphia Fed Business Outlook @ 08:30+Retail Sales Advance MoM @ 08:30,0.5568632662309843,0.9184259665276274,1.1579855772204741,15.0
ES,2024-08-15 13:01:00+00:00,2024-08-15,31,08:30,Continuing Claims @ 08:30+Empire Manufacturing @ 08:30+Import Price Index YoY @ 08:30+Philadelphia Fed Business Outlook @ 08:30+Retail Sales Advance MoM @ 08:30,1.0215209391568942,0.7550617876750056,1.3409526621040928,15.0
ES,2024-08-15 13:31:00+00:00,2024-08-15,61,08:30,Continuing Claims @ 08:30+Empire Manufacturing @ 08:30+Import Price Index YoY @ 08:30+Philadelphia Fed Business Outlook @ 08:30+Retail Sales Advance MoM @ 08:30,-0.6057643391556405,0.47111172924278566,2.131286553099288,15.0
ES,2024-08-15 14:01:00+00:00,2024-08-15,91,08:30,Business Inventories @ 10:00+Continuing Claims @ 08:30+Empire Manufacturing @ 08:30+Import Price Index YoY @ 08:30+NAHB Housing Market Index @ 10:00+Philadelphia Fed Business Outlook @ 08:30+Retail Sales Advance MoM @ 08:30,-0.3738095565482058,0.42758310263350896,2.3457014799086267,15.0
ES,2024-08-15 14:31:00+00:00,2024-08-15,31,10:00,Business Inventories @ 10:00+Continuing Claims @ 08:30+Empire Manufacturing @ 08:30+Import Price Index YoY @ 08:30+NAHB Housing Market Index @ 10:00+Philadelphia Fed Business Outlook @ 08:30+Retail Sales Advance MoM @ 08:30,0.4980538684077587,0.47761847167729654,2.11295581833108,15.0
ES,2024-08-21 18:01:00+00:00,2024-08-21,1,14:00,FOMC Meeting Minutes @ 14:00,0.7143174777351035,0.3809703202665148,2.692501167916405,15.0
ES,2024-08-21 19:01:00+00:00,2024-08-21,61,14:00,FOMC Meeting Minutes @ 14:00,-0.5917290471313412,0.2918157662640485,3.531834330204638,15.0
ES,2024-08-21 19:31:00+00:00,2024-08-21,91,14:00,FOMC Meeting Minutes @ 14:00,-0.5500406434579163,0.36200118918649127,2.8241378294198625,15.0
ES,2024-08-21 20:01:00+00:00,2024-08-21,121,14:00,FOMC Meeting Minutes @ 14:00,1.1610898449377314,0.49482396696384184,2.0922114093514423,15.0
ES,2024-08-29 12:31:00+00:00,2024-08-29,1,08:30,Continuing Claims @ 08:30+Core PCE Price Index QoQ @ 08:30+Wholesale Inventories MoM @ 10:00,-0.76352599606694,0.63493026976513,1.60386854445762,15.0
ES,2024-08-29 13:31:00+00:00,2024-08-29,61,08:30,Continuing Claims @ 08:30+Core PCE Price Index QoQ @ 08:30+Wholesale Inventories MoM @ 10:00,-0.4370500947633575,0.29972838160814497,3.3409897893528613,15.0
ES,2024-08-29 14:01:00+00:00,2024-08-29,1,10:00,Continuing Claims @ 08:30+Core PCE Price Index QoQ @ 08:30+Pending Home Sales MoM @ 10:00+Wholesale Inventories MoM @ 10:00,-0.3545102547936601,0.48810809291556534,2.078614963928338,15.0
ES,2024-09-03 14:01:00+00:00,2024-09-03,1,10:00,ISM Manufacturing @ 10:00,0.87604116664128,0.6509632172660159,1.5406518966725407,15.0
ES,2024-09-03 14:31:00+00:00,2024-09-03,31,10:00,ISM Manufacturing @ 10:00,0.4672804012695875,0.4249901109657396,2.3949294637369305,15.0
ES,2024-09-03 15:01:00+00:00,2024-09-03,61,10:00,ISM Manufacturing @ 10:00,0.8983626985845594,0.5911845944531972,1.6980173059736705,15.0
ES,2024-09-03 16:01:00+00:00,2024-09-03,121,10:00,ISM Manufacturing @ 10:00,1.0906401863611692,0.45546917274080473,2.2279527729826802,15.0
ES,2024-09-05 15:01:00+00:00,2024-09-05,61,10:00,ISM Services Index @ 10:00,0.618270502124917,0.811185305375627,1.2626377954556942,15.0
ES,2024-09-05 15:31:00+00:00,2024-09-05,91,10:00,ISM Services Index @ 10:00,-0.5586505251093474,0.7410745893012843,1.3855863116235003,15.0
ES,2024-09-05 16:01:00+00:00,2024-09-05,121,10:00,ISM Services Index @ 10:00,-0.696209743659009,0.30658633254214723,3.3120266064220205,15.0
ES,2024-09-06 12:31:00+00:00,2024-09-06,1,08:30,Change in Manufact. Payrolls @ 08:30,1.8153395442908826,0.317912721461795,3.155835324509092,15.0
ES,2024-09-06 13:01:00+00:00,2024-09-06,31,08:30,Change in Manufact. Payrolls @ 08:30,1.8460229541748896,0.6849537430722065,1.4629099940410495,15.0
ES,2024-09-06 13:31:00+00:00,2024-09-06,61,08:30,Change in Manufact. Payrolls @ 08:30,-0.4160353690493975,0.3749823757521222,2.674433574812704,15.0
ES,2024-09-06 14:01:00+00:00,2024-09-06,91,08:30,Change in Manufact. Payrolls @ 08:30,1.0804666582572267,0.6032315825222478,1.6705691135398386,15.0
ES,2024-09-06 14:31:00+00:00,2024-09-06,121,08:30,Change in Manufact. Payrolls @ 08:30,0.8544238731204495,0.8380139831311884,1.206202317963768,15.0
ES,2024-09-11 12:31:00+00:00,2024-09-11,91,07:00,CPI Index NSA @ 08:30+MBA Mortgage Applications @ 07:00,-0.4618667944097476,0.8310342357247283,1.7121408881200306,15.0
ES,2024-09-11 13:01:00+00:00,2024-09-11,31,08:30,CPI Index NSA @ 08:30+MBA Mortgage Applications @ 07:00,-0.5952018317516968,0.5693625167808818,1.7880549991706254,15.0
ES,2024-09-11 13:31:00+00:00,2024-09-11,61,08:30,CPI Index NSA @ 08:30,-0.8368759685031301,0.42580569221538345,2.383737131319133,15.0
ES,2024-09-11 14:31:00+00:00,2024-09-11,121,08:30,CPI Index NSA @ 08:30,0.5344792869192935,0.8216070756958579,1.2464152776445312,15.0
ES,2024-09-17 13:31:00+00:00,2024-09-17,61,08:30,New York Fed Services Business Activity @ 08:30+Retail Sales Advance MoM @ 08:30,-0.7380185877945977,0.5008562230772865,2.0015901475796922,15.0
ES,2024-09-17 14:01:00+00:00,2024-09-17,1,10:00,Business Inventories @ 10:00+NAHB Housing Market Index @ 10:00+New York Fed Services Business Activity @ 08:30+Retail Sales Advance MoM @ 08:30,0.7337002619410956,0.4565017461754926,2.1997682590821173,15.0
ES,2024-09-17 14:31:00+00:00,2024-09-17,121,08:30,Business Inventories @ 10:00+NAHB Housing Market Index @ 10:00+New York Fed Services Business Activity @ 08:30+Retail Sales Advance MoM @ 08:30,-0.4807517233527407,0.54175612552964,1.8702015379455965,15.0
ES,2024-10-01 14:31:00+00:00,2024-10-01,31,10:00,Dallas Fed Services Activity @ 10:30+ISM Manufacturing @ 10:00+JOLTS Job Openings @ 10:00,0.5091419202289723,0.5008330831138686,2.153385744172374,15.0
ES,2024-10-01 15:01:00+00:00,2024-10-01,61,10:00,Dallas Fed Services Activity @ 10:30+ISM Manufacturing @ 10:00+JOLTS Job Openings @ 10:00,-0.5763889214391049,0.36619034221339747,2.931125243772369,15.0
ES,2024-10-01 16:01:00+00:00,2024-10-01,121,10:00,Dallas Fed Services Activity @ 10:30+ISM Manufacturing @ 10:00+JOLTS Job Openings @ 10:00,1.08151130861227,0.35824565355002896,2.901850537711185,15.0
ES,2024-10-03 14:31:00+00:00,2024-10-03,121,08:30,Continuing Claims @ 08:30+Durable Goods Orders @ 08:30+ISM Services Index @ 10:00,1.0615865805272358,0.5052056327071109,2.0270017701278484,15.0
ES,2024-10-03 15:01:00+00:00,2024-10-03,61,10:00,Durable Goods Orders @ 08:30+ISM Services Index @ 10:00,-0.3870057949273061,0.3469939288926338,2.9032816736632063,15.0
ES,2024-10-03 15:31:00+00:00,2024-10-03,91,10:00,Durable Goods Orders @ 08:30+ISM Services Index @ 10:00,1.88204036509278,0.4412874929177992,2.274099007646021,15.0
ES,2024-10-03 16:01:00+00:00,2024-10-03,121,10:00,Durable Goods Orders @ 08:30+ISM Services Index @ 10:00,0.9984102912208455,0.5874252313978158,1.7064850821283348,15.0
ES,2024-10-04 13:01:00+00:00,2024-10-04,31,08:30,Change in Manufact. Payrolls @ 08:30,0.9519057411973791,0.9571664925914746,1.0567118792146506,15.0
ES,2024-10-04 14:01:00+00:00,2024-10-04,91,08:30,Change in Manufact. Payrolls @ 08:30,1.7586791973063218,0.5213735647464044,1.9314070627518367,15.0
ES,2024-10-09 18:31:00+00:00,2024-10-09,31,14:00,FOMC Meeting Minutes @ 14:00,-0.33784740062101826,0.3258077945025319,3.1403652633217343,15.0
ES,2024-10-09 19:01:00+00:00,2024-10-09,61,14:00,FOMC Meeting Minutes @ 14:00,0.7194768929683995,0.341997629515525,3.053050499190268,15.0
ES,2024-10-09 20:01:00+00:00,2024-10-09,121,14:00,FOMC Meeting Minutes @ 14:00,1.9677416099811185,0.28926693316298085,3.506389933187864,15.0
ES,2024-10-10 12:31:00+00:00,2024-10-10,1,08:30,CPI Index NSA @ 08:30+Continuing Claims @ 08:30,-0.7955307755226598,0.4866855663187895,2.090557319793483,15.0
ES,2024-10-10 13:01:00+00:00,2024-10-10,31,08:30,CPI Index NSA @ 08:30+Continuing Claims @ 08:30,-0.7521193458178611,0.5020209500654063,1.9934368838441967,15.0
ES,2024-10-10 13:31:00+00:00,2024-10-10,61,08:30,CPI Index NSA @ 08:30+Continuing Claims @ 08:30,1.010442224605247,0.24712618973577052,4.0531816051663165,15.0
ES,2024-10-17 13:31:00+00:00,2024-10-17,61,08:30,Continuing Claims @ 08:30+Philadelphia Fed Business Outlook @ 08:30+Retail Sales Advance MoM @ 08:30,-0.7573588835549835,0.3964282481838464,2.580585585993842,15.0
ES,2024-10-17 14:01:00+00:00,2024-10-17,91,08:30,Business Inventories @ 10:00+Continuing Claims @ 08:30+NAHB Housing Market Index @ 10:00+Philadelphia Fed Business Outlook @ 08:30+Retail Sales Advance MoM @ 08:30,-0.5357304513112721,0.3583029129065697,2.8889408035731066,15.0
ES,2024-10-17 14:31:00+00:00,2024-10-17,31,10:00,Business Inventories @ 10:00+Continuing Claims @ 08:30+NAHB Housing Market Index @ 10:00+Philadelphia Fed Business Outlook @ 08:30+Retail Sales Advance MoM @ 08:30,0.6245895391051172,0.5074620487009573,1.974397320587886,15.0
ES,2024-10-30 13:31:00+00:00,2024-10-30,61,08:30,Core PCE Price Index QoQ @ 08:30,-0.39401885062471964,0.30784486040530057,3.2588671542778687,15.0
ES,2024-10-30 14:01:00+00:00,2024-10-30,1,10:00,Core PCE Price Index QoQ @ 08:30+Pending Home Sales MoM @ 10:00,-0.41167969605609994,0.5104835260002475,1.9960777082295615,15.0
ES,2024-10-30 14:31:00+00:00,2024-10-30,31,10:00,Core PCE Price Index QoQ @ 08:30+Pending Home Sales MoM @ 10:00,-0.550972654603578,0.5092624566844666,1.9683757461589897,15.0
ES,2024-11-01 12:31:00+00:00,2024-11-01,1,08:30,Change in Manufact. Payrolls @ 08:30,-1.2949861894585857,0.2640902144144922,3.7913114218065376,15.0
ES,2024-11-01 13:31:00+00:00,2024-11-01,61,08:30,Change in Manufact. Payrolls @ 08:30,-0.7890811905902663,0.3393420072490852,2.963639904630514,15.0
ES,2024-11-01 14:01:00+00:00,2024-11-01,1,10:00,Change in Manufact. Payrolls @ 08:30+ISM Manufacturing @ 10:00,-0.5843573976150281,0.6933144089633299,1.4583585907852474,15.0
ES,2024-11-01 14:31:00+00:00,2024-11-01,31,10:00,Change in Manufact. Payrolls @ 08:30+ISM Manufacturing @ 10:00,-0.9347811874192026,0.8852651177911957,1.1515394705178368,15.0
ES,2024-11-01 15:01:00+00:00,2024-11-01,61,10:00,ISM Manufacturing @ 10:00,0.5880980135995977,0.6270556147947002,1.613553981317475,15.0
ES,2024-11-01 15:31:00+00:00,2024-11-01,91,10:00,ISM Manufacturing @ 10:00,2.0,0.4879503530959923,2.064683268669349,15.0
ES,2024-11-01 16:01:00+00:00,2024-11-01,121,10:00,ISM Manufacturing @ 10:00,1.3426426436029502,0.7088003048997138,1.440928847742861,15.0
ES,2024-11-05 15:31:00+00:00,2024-11-05,31,10:00,ISM Services Index @ 10:00+Trade Balance @ 08:30,-0.4841974258051097,0.37406095794564076,2.722926118583076,15.0
ES,2024-11-05 16:01:00+00:00,2024-11-05,61,10:00,ISM Services Index @ 10:00,-0.7693815904389061,0.4996244522741377,2.079226851306681,15.0
ES,2024-11-05 17:01:00+00:00,2024-11-05,121,10:00,ISM Services Index @ 10:00,-0.543883558525014,0.3889099757076203,2.581258198497132,15.0
ES,2024-11-13 13:31:00+00:00,2024-11-13,1,08:30,CPI Index NSA @ 08:30+MBA Mortgage Applications @ 07:00,0.5746519193677816,0.8052252007114589,1.4781531381658084,15.0
ES,2024-11-13 15:01:00+00:00,2024-11-13,91,08:30,CPI Index NSA @ 08:30,0.5333247526502328,0.4676540876817707,2.1437265796313985,15.0
ES,2024-11-13 15:31:00+00:00,2024-11-13,121,08:30,CPI Index NSA @ 08:30,1.6535540801303636,0.28451191689034433,3.5233655564913047,15.0
ES,2024-11-15 13:31:00+00:00,2024-11-15,1,08:30,Empire Manufacturing @ 08:30+Import Price Index YoY @ 08:30+Retail Sales Advance MoM @ 08:30,0.3545107233683089,0.49191079505719987,2.046514633915797,15.0
ES,2024-11-15 14:31:00+00:00,2024-11-15,61,08:30,Empire Manufacturing @ 08:30+Import Price Index YoY @ 08:30+Retail Sales Advance MoM @ 08:30,0.5585331977955291,0.610095757746486,1.654965070792404,15.0
ES,2024-11-15 15:31:00+00:00,2024-11-15,31,10:00,Business Inventories @ 10:00+Empire Manufacturing @ 08:30+Import Price Index YoY @ 08:30+Retail Sales Advance MoM @ 08:30,-0.42008160791391547,0.6685032175754906,1.5084825123411538,15.0
ES,2024-11-26 19:01:00+00:00,2024-11-26,1,14:00,FOMC Meeting Minutes @ 14:00,0.7462192133171633,0.3719674836023218,2.709547113749033,15.0
ES,2024-11-26 19:31:00+00:00,2024-11-26,31,14:00,FOMC Meeting Minutes @ 14:00,-0.3059764972666463,0.43258709519650845,2.3807117752905524,15.0
ES,2024-11-26 21:01:00+00:00,2024-11-26,121,14:00,FOMC Meeting Minutes @ 14:00,1.3087299442237468,0.446937255724154,2.263465169822327,15.0
ES,2024-11-27 13:31:00+00:00,2024-11-27,1,08:30,Continuing Claims @ 08:30+Core PCE Price Index QoQ @ 08:30+Durable Goods Orders @ 08:30+MBA Mortgage Applications @ 07:00+Wholesale Inventories MoM @ 10:00,-0.763764024288088,0.45054948099417025,2.242933802101115,15.0
ES,2024-11-27 14:01:00+00:00,2024-11-27,31,08:30,Continuing Claims @ 08:30+Core PCE Price Index QoQ @ 08:30+Durable Goods Orders @ 08:30+MBA Mortgage Applications @ 07:00+Wholesale Inventories MoM @ 10:00,-0.8822271714482869,0.2975501798509954,3.378914106412232,15.0
ES,2024-11-27 14:31:00+00:00,2024-11-27,61,08:30,Continuing Claims @ 08:30+Core PCE Price Index QoQ @ 08:30+Durable Goods Orders @ 08:30+Wholesale Inventories MoM @ 10:00,0.5553039531153968,0.3522157486223044,2.849824566982938,15.0
ES,2024-11-27 15:01:00+00:00,2024-11-27,1,10:00,Continuing Claims @ 08:30+Core PCE Price Index MoM @ 08:30+Core PCE Price Index QoQ @ 08:30+Durable Goods Orders @ 08:30+Pending Home Sales MoM @ 10:00+Wholesale Inventories MoM @ 10:00,-0.6755183644801952,0.32657905322712644,3.06859403943754,15.0
ES,2024-11-27 15:31:00+00:00,2024-11-27,121,08:30,Continuing Claims @ 08:30+Core PCE Price Index MoM @ 08:30+Core PCE Price Index QoQ @ 08:30+Durable Goods Orders @ 08:30+Pending Home Sales MoM @ 10:00+Wholesale Inventories MoM @ 10:00,1.1703991273791328,0.5575950192136663,1.8155167477727028,15.0
ES,2024-12-02 15:01:00+00:00,2024-12-02,1,10:00,ISM Manufacturing @ 10:00,0.6733910220808506,0.4634718153230993,2.1709920464564085,15.0
ES,2024-12-02 15:31:00+00:00,2024-12-02,31,10:00,ISM Manufacturing @ 10:00,-1.5083427086677408,0.4289035028017248,2.3473230281750426,15.0
ES,2024-12-02 16:01:00+00:00,2024-12-02,61,10:00,ISM Manufacturing @ 10:00,1.0771331123327612,0.6583088874104345,1.5786319519766596,15.0
ES,2024-12-02 17:01:00+00:00,2024-12-02,121,10:00,ISM Manufacturing @ 10:00,1.723191169115831,0.5524743061233532,1.8393018002428283,15.0
ES,2024-12-04 15:01:00+00:00,2024-12-04,1,10:00,Durable Goods Orders @ 08:30+ISM Services Index @ 10:00,-0.44266612110603953,0.3549040922978856,2.8548306430455046,15.0
ES,2024-12-04 15:31:00+00:00,2024-12-04,31,10:00,Durable Goods Orders @ 08:30+ISM Services Index @ 10:00,-0.4949223119998651,0.35838222984139956,2.8173863788855957,15.0
ES,2024-12-04 16:01:00+00:00,2024-12-04,61,10:00,Durable Goods Orders @ 08:30+ISM Services Index @ 10:00,1.6275408358775882,0.36203865626564247,2.790131970400177,15.0
ES,2024-12-04 16:31:00+00:00,2024-12-04,91,10:00,Durable Goods Orders @ 08:30+ISM Services Index @ 10:00,-0.7622256680218009,0.34608882285161197,2.8965827483127113,15.0
ES,2024-12-04 17:01:00+00:00,2024-12-04,121,10:00,Durable Goods Orders @ 08:30+ISM Services Index @ 10:00,-0.609172015765652,0.38750682958727856,2.6102539158481752,15.0
ES,2024-12-06 13:31:00+00:00,2024-12-06,1,08:30,Change in Manufact. Payrolls @ 08:30,0.6772290839643731,0.7297698134503372,1.4062324832340138,15.0
ES,2024-12-06 14:31:00+00:00,2024-12-06,61,08:30,Change in Manufact. Payrolls @ 08:30,-1.3555388190509792,0.3672868442530761,2.7339966239335696,15.0
ES,2024-12-06 15:01:00+00:00,2024-12-06,91,08:30,Change in Manufact. Payrolls @ 08:30+U. of Mich. Sentiment @ 10:00,0.853664879205825,0.6881287653994578,1.460461350997611,15.0
ES,2024-12-06 15:31:00+00:00,2024-12-06,121,08:30,Change in Manufact. Payrolls @ 08:30+U. of Mich. Sentiment @ 10:00,0.5244725643620767,0.32427508031683694,3.0883966991889515,15.0
ES,2024-12-11 14:01:00+00:00,2024-12-11,31,08:30,CPI Index NSA @ 08:30+MBA Mortgage Applications @ 07:00,1.5561526865303812,0.5013348695014012,2.10391613095298,15.0
ES,2024-12-11 14:31:00+00:00,2024-12-11,61,08:30,CPI Index NSA @ 08:30,0.795403502353213,0.34547114493695,2.9171739449878196,15.0
ES,2024-12-17 14:31:00+00:00,2024-12-17,61,08:30,New York Fed Services Business Activity @ 08:30+Retail Sales Advance MoM @ 08:30,1.1556921627299996,0.5953269579095636,1.6857790760292721,15.0
ES,2024-12-17 15:01:00+00:00,2024-12-17,1,10:00,Business Inventories @ 10:00+NAHB Housing Market Index @ 10:00+New York Fed Services Business Activity @ 08:30+Retail Sales Advance MoM @ 08:30,-0.36605009951033324,0.46596489689604503,2.1778258823371344,15.0
ES,2024-12-17 15:31:00+00:00,2024-12-17,121,08:30,Business Inventories @ 10:00+NAHB Housing Market Index @ 10:00+New York Fed Services Business Activity @ 08:30+Retail Sales Advance MoM @ 08:30,-1.4785206166140015,0.598461260302444,1.6902147186757346,15.0
ES,2024-12-19 13:31:00+00:00,2024-12-19,1,08:30,Continuing Claims @ 08:30+Core PCE Price Index QoQ @ 08:30+Philadelphia Fed Business Outlook @ 08:30,-1.936868529033542,0.30790529670727973,3.2717370213726293,15.0
ES,2024-12-19 14:01:00+00:00,2024-12-19,31,08:30,Continuing Claims @ 08:30+Core PCE Price Index QoQ @ 08:30+Philadelphia Fed Business Outlook @ 08:30,1.595836938316448,0.5326071843559095,1.883428056097701,15.0
ES,2024-12-19 15:31:00+00:00,2024-12-19,121,08:30,Continuing Claims @ 08:30+Core PCE Price Index QoQ @ 08:30+Existing Home Sales @ 10:00+Leading Index @ 10:00+Philadelphia Fed Business Outlook @ 08:30,0.39874105319801784,0.44705642679403573,2.275172053261159,15.0
ES,2025-01-02 17:01:00+00:00,2025-01-02,121,10:00,ISM Manufacturing @ 10:00,1.0381350232722004,0.40928830342109024,2.445555115737117,15.0
ES,2025-01-03 15:01:00+00:00,2025-01-03,1,10:00,ISM Manufacturing @ 10:00,0.5166464052163879,0.43106240200635587,2.3530698506663676,15.0
ES,2025-01-03 16:31:00+00:00,2025-01-03,91,10:00,ISM Manufacturing @ 10:00,1.5925147850250867,0.5469557987474356,1.8557441309533456,15.0
ES,2025-01-03 17:01:00+00:00,2025-01-03,121,10:00,ISM Manufacturing @ 10:00,0.6829611147934781,0.5513290443458378,1.845754869229365,15.0
ES,2025-01-07 15:01:00+00:00,2025-01-07,1,10:00,ISM Services Index @ 10:00+JOLTS Job Openings @ 10:00+Trade Balance @ 08:30,-0.6154077956126842,0.3682967516847624,2.745122647614663,15.0
ES,2025-01-07 15:31:00+00:00,2025-01-07,121,08:30,ISM Services Index @ 10:00+JOLTS Job Openings @ 10:00+Trade Balance @ 08:30,1.156267227461647,0.365849582046563,2.7476938674058666,15.0
ES,2025-01-07 16:01:00+00:00,2025-01-07,61,10:00,ISM Services Index @ 10:00+JOLTS Job Openings @ 10:00,-0.7466516538652757,0.5658692990719224,1.8221901013338173,15.0
ES,2025-01-07 17:01:00+00:00,2025-01-07,121,10:00,ISM Services Index @ 10:00+JOLTS Job Openings @ 10:00,0.8392727660934135,0.5505895531799098,1.8264178561090514,15.0
ES,2025-01-08 19:31:00+00:00,2025-01-08,31,14:00,FOMC Meeting Minutes @ 14:00,0.5967059020924187,0.41926904718693636,2.4290866545727523,15.0
ES,2025-01-08 20:31:00+00:00,2025-01-08,31,15:00,Consumer Credit @ 15:00+FOMC Meeting Minutes @ 14:00,-0.32278651007108417,0.3322749618658227,3.1695203804961016,15.0
ES,2025-01-08 21:01:00+00:00,2025-01-08,121,14:00,Consumer Credit @ 15:00+FOMC Meeting Minutes @ 14:00,1.3751173968609165,0.37452085544871827,2.863339542967095,15.0
ES,2025-01-10 13:31:00+00:00,2025-01-10,1,08:30,Change in Manufact. Payrolls @ 08:30,-0.47943976326010806,0.9512357574060553,1.1060771147681396,15.0
ES,2025-01-10 14:01:00+00:00,2025-01-10,31,08:30,Change in Manufact. Payrolls @ 08:30,-1.2478394331635152,0.31634824253527705,3.167667310690651,15.0
ES,2025-01-10 14:31:00+00:00,2025-01-10,61,08:30,Change in Manufact. Payrolls @ 08:30,-0.6502940323112545,0.3383964453362115,2.9646854422703695,15.0
ES,2025-01-10 15:01:00+00:00,2025-01-10,91,08:30,Change in Manufact. Payrolls @ 08:30+U. of Mich. Sentiment @ 10:00,-0.8683018453362261,0.5249118347640955,1.911499343086085,15.0
ES,2025-01-10 15:31:00+00:00,2025-01-10,121,08:30,Change in Manufact. Payrolls @ 08:30+U. of Mich. Sentiment @ 10:00,0.8206415140561534,0.6830982975670037,1.4999335009565637,15.0
ES,2025-01-15 14:01:00+00:00,2025-01-15,31,08:30,CPI Index NSA @ 08:30+Empire Manufacturing @ 08:30+MBA Mortgage Applications @ 07:00,-1.030685948575791,0.4464253007239752,2.360910110912464,15.0
ES,2025-01-15 14:31:00+00:00,2025-01-15,61,08:30,CPI Index NSA @ 08:30+Empire Manufacturing @ 08:30,-0.5068401108961613,0.5490913790103764,1.8389816125797167,15.0
ES,2025-01-15 15:01:00+00:00,2025-01-15,91,08:30,CPI Index NSA @ 08:30+Empire Manufacturing @ 08:30,-0.4186606827558468,0.6129836659455175,1.6397289597876896,15.0
ES,2025-01-16 13:31:00+00:00,2025-01-16,1,08:30,Continuing Claims @ 08:30+Import Price Index YoY @ 08:30+New York Fed Services Business Activity @ 08:30+Philadelphia Fed Business Outlook @ 08:30+Retail Sales Advance MoM @ 08:30,-1.4949406577742967,0.521609016867721,1.9254534153817553,15.0
ES,2025-01-16 14:31:00+00:00,2025-01-16,61,08:30,Continuing Claims @ 08:30+Import Price Index YoY @ 08:30+New York Fed Services Business Activity @ 08:30+Philadelphia Fed Business Outlook @ 08:30+Retail Sales Advance MoM @ 08:30,0.5686758252213545,0.5263806959072039,1.9919833060599896,15.0
ES,2025-01-16 15:01:00+00:00,2025-01-16,91,08:30,Business Inventories @ 10:00+Continuing Claims @ 08:30+Import Price Index YoY @ 08:30+NAHB Housing Market Index @ 10:00+New York Fed Services Business Activity @ 08:30+Philadelphia Fed Business Outlook @ 08:30+Retail Sales Advance MoM @ 08:30,0.46804614966775204,0.6347693609468736,1.5958198105064623,15.0
ES,2025-01-16 15:31:00+00:00,2025-01-16,31,10:00,Business Inventories @ 10:00+Continuing Claims @ 08:30+Import Price Index YoY @ 08:30+NAHB Housing Market Index @ 10:00+New York Fed Services Business Activity @ 08:30+Philadelphia Fed Business Outlook @ 08:30+Retail Sales Advance MoM @ 08:30,0.6908298622955218,0.33156612475572167,3.03362720419711,15.0
ES,2025-01-30 13:31:00+00:00,2025-01-30,1,08:30,Continuing Claims @ 08:30+Core PCE Price Index QoQ @ 08:30,-1.4865746125988824,0.3908458452838851,2.5987472055028156,15.0
ES,2025-01-30 14:31:00+00:00,2025-01-30,61,08:30,Continuing Claims @ 08:30+Core PCE Price Index QoQ @ 08:30,1.493373309817989,0.4522410137754486,2.227836748039892,15.0
ES,2025-01-30 15:31:00+00:00,2025-01-30,121,08:30,Continuing Claims @ 08:30+Core PCE Price Index QoQ @ 08:30+Pending Home Sales MoM @ 10:00,0.8768315079738124,0.374238712570191,2.677868710282056,15.0
ES,2025-02-03 15:01:00+00:00,2025-02-03,1,10:00,ISM Manufacturing @ 10:00,0.4875215457576938,0.6035770650376099,1.6637382274470238,15.0
ES,2025-02-03 16:01:00+00:00,2025-02-03,61,10:00,ISM Manufacturing @ 10:00,0.724991778800031,0.44830250617121736,2.2360232264451287,15.0
ES,2025-02-03 16:31:00+00:00,2025-02-03,91,10:00,ISM Manufacturing @ 10:00,-0.8839793900312365,0.308221504240712,3.2532033854927715,15.0
ES,2025-02-05 15:01:00+00:00,2025-02-05,1,10:00,ISM Services Index @ 10:00+Trade Balance @ 08:30,0.578337827900422,0.4547305632908021,2.2097608932444275,15.0
ES,2025-02-05 15:31:00+00:00,2025-02-05,121,08:30,ISM Services Index @ 10:00+Trade Balance @ 08:30,1.9355833313275796,0.42407067271654075,2.393794015607343,15.0
ES,2025-02-05 16:31:00+00:00,2025-02-05,91,10:00,ISM Services Index @ 10:00,1.3576008850561034,0.37969158968813005,2.648645550031556,15.0
ES,2025-02-07 14:01:00+00:00,2025-02-07,31,08:30,Change in Manufact. Payrolls @ 08:30,0.9132262785935357,0.5452751531135716,1.8639375109260519,15.0
ES,2025-02-07 14:31:00+00:00,2025-02-07,61,08:30,Change in Manufact. Payrolls @ 08:30,1.5438116150211607,0.4959419348937041,2.0715589696326697,15.0
ES,2025-02-07 15:01:00+00:00,2025-02-07,1,10:00,Change in Manufact. Payrolls @ 08:30+U. of Mich. Sentiment @ 10:00+Wholesale Inventories MoM @ 10:00,-0.6334069666308214,0.3454148514562642,2.9382227770867444,15.0
ES,2025-02-12 13:31:00+00:00,2025-02-12,91,07:00,CPI Index NSA @ 08:30+MBA Mortgage Applications @ 07:00,-0.6880261016132392,0.96815399091601,1.520885774136516,15.0
ES,2025-02-12 14:01:00+00:00,2025-02-12,121,07:00,CPI Index NSA @ 08:30+MBA Mortgage Applications @ 07:00,-1.0041653764806713,0.3739030019929539,2.7563414096951555,15.0
ES,2025-02-12 14:31:00+00:00,2025-02-12,61,08:30,CPI Index NSA @ 08:30,0.5501949365838352,0.4232418062999003,2.3749917214777523,15.0
ES,2025-02-12 15:01:00+00:00,2025-02-12,91,08:30,CPI Index NSA @ 08:30,0.9121584521016386,0.762539903058253,1.3260282795706848,15.0
ES,2025-02-12 15:31:00+00:00,2025-02-12,121,08:30,CPI Index NSA @ 08:30,0.6775769031609721,0.6423077606825213,1.5649256099074784,15.0
ES,2025-02-14 13:31:00+00:00,2025-02-14,1,08:30,Import Price Index YoY @ 08:30+Retail Sales Advance MoM @ 08:30,-0.7200639433806886,0.35542446751103723,2.8400333945744283,15.0
ES,2025-02-14 14:01:00+00:00,2025-02-14,31,08:30,Import Price Index YoY @ 08:30+Retail Sales Advance MoM @ 08:30,-1.5149719523111713,0.4823730165582582,2.0937240694968353,15.0
ES,2025-02-14 14:31:00+00:00,2025-02-14,61,08:30,Import Price Index YoY @ 08:30+Retail Sales Advance MoM @ 08:30,-0.3758854998379616,0.4298398630271724,2.3317278530024903,15.0
ES,2025-02-14 15:31:00+00:00,2025-02-14,121,08:30,Business Inventories @ 10:00+Import Price Index YoY @ 08:30+Retail Sales Advance MoM @ 08:30,-0.955552942241588,0.41714281433396155,2.4457959546916817,15.0
ES,2025-02-19 19:01:00+00:00,2025-02-19,1,14:00,FOMC Meeting Minutes @ 14:00,0.621605729241442,0.43137010046069535,2.442654993784851,15.0
ES,2025-02-19 20:31:00+00:00,2025-02-19,91,14:00,FOMC Meeting Minutes @ 14:00,-0.253440233839296,0.33580644684707683,3.0177929017615015,15.0
ES,2025-02-27 15:01:00+00:00,2025-02-27,91,08:30,Continuing Claims @ 08:30+Core PCE Price Index QoQ @ 08:30+Durable Goods Orders @ 08:30+Pending Home Sales MoM @ 10:00,1.5886185449688328,0.7747681381793663,1.32744094562632,15.0
ES,2025-02-27 15:31:00+00:00,2025-02-27,121,08:30,Continuing Claims @ 08:30+Core PCE Price Index QoQ @ 08:30+Durable Goods Orders @ 08:30+Pending Home Sales MoM @ 10:00,-0.6851099455223475,0.8793381273974656,1.1521953001205576,15.0
ES,2025-03-03 15:01:00+00:00,2025-03-03,1,10:00,ISM Manufacturing @ 10:00,0.5395733661842735,0.7562108625564091,1.3420424738734054,15.0
ES,2025-03-03 15:31:00+00:00,2025-03-03,31,10:00,ISM Manufacturing @ 10:00,1.2762873106945767,0.5432063894375093,1.851221028253954,15.0
ES,2025-03-05 15:01:00+00:00,2025-03-05,1,10:00,Durable Goods Orders @ 08:30+ISM Services Index @ 10:00,-0.5380869829574607,0.3284848662403796,3.0727346922227454,15.0
ES,2025-03-05 15:31:00+00:00,2025-03-05,31,10:00,Durable Goods Orders @ 08:30+ISM Services Index @ 10:00,-0.5230829773805166,0.6090168549622685,1.6478872087409313,15.0
ES,2025-03-05 16:01:00+00:00,2025-03-05,61,10:00,Durable Goods Orders @ 08:30+ISM Services Index @ 10:00,0.5094720358600607,0.31074594202489875,3.2729407086171634,15.0
ES,2025-03-07 13:31:00+00:00,2025-03-07,1,08:30,Change in Manufact. Payrolls @ 08:30,0.6199035074355821,0.738075891028113,1.382833982147148,15.0
ES,2025-03-07 14:01:00+00:00,2025-03-07,31,08:30,Change in Manufact. Payrolls @ 08:30,1.9793738888746497,0.5601422751206157,1.8003590040684452,15.0
ES,2025-03-07 14:31:00+00:00,2025-03-07,61,08:30,Change in Manufact. Payrolls @ 08:30,-0.23973880590100607,0.30050657364322825,3.3378589154737255,15.0
ES,2025-03-07 15:01:00+00:00,2025-03-07,91,08:30,Change in Manufact. Payrolls @ 08:30,-0.779957717127985,0.6593377652185591,1.5586892302775588,15.0
ES,2025-03-12 12:31:00+00:00,2025-03-12,91,07:00,CPI Index NSA @ 08:30+MBA Mortgage Applications @ 07:00,0.6613726405782234,0.7338261928791667,1.5914088577229912,15.0
ES,2025-03-12 13:01:00+00:00,2025-03-12,121,07:00,CPI Index NSA @ 08:30+MBA Mortgage Applications @ 07:00,2.0,0.37659937769982094,2.7257585999097644,15.0
ES,2025-03-12 13:31:00+00:00,2025-03-12,61,08:30,CPI Index NSA @ 08:30,0.848932968866239,0.47979072944558177,2.0971735038117028,15.0
ES,2025-03-12 14:01:00+00:00,2025-03-12,91,08:30,CPI Index NSA @ 08:30,0.6056365919815577,0.786550818672051,1.2759419473415825,15.0
ES,2025-03-17 12:31:00+00:00,2025-03-17,1,08:30,Empire Manufacturing @ 08:30+Retail Sales Advance MoM @ 08:30,0.7794689836766174,0.3103789305743955,3.2267694891483134,15.0
ES,2025-03-17 14:01:00+00:00,2025-03-17,1,10:00,Business Inventories @ 10:00+Empire Manufacturing @ 08:30+NAHB Housing Market Index @ 10:00+Retail Sales Advance MoM @ 08:30,-0.35263070828086224,0.40839874581134816,2.4671530043412853,15.0
ES,2025-03-17 14:31:00+00:00,2025-03-17,31,10:00,Business Inventories @ 10:00+Empire Manufacturing @ 08:30+NAHB Housing Market Index @ 10:00+Retail Sales Advance MoM @ 08:30,0.5254139731672799,0.48022970920862634,2.0960847774928695,15.0
ES,2025-03-27 12:31:00+00:00,2025-03-27,1,08:30,Continuing Claims @ 08:30+Core PCE Price Index QoQ @ 08:30+Wholesale Inventories MoM @ 10:00,-1.669695776477871,0.3263839625119634,3.083252387289902,15.0
ES,2025-03-27 13:01:00+00:00,2025-03-27,31,08:30,Continuing Claims @ 08:30+Core PCE Price Index QoQ @ 08:30+Wholesale Inventories MoM @ 10:00,-2.0,0.7000279601091609,1.455606194832548,15.0
ES,2025-03-27 13:31:00+00:00,2025-03-27,61,08:30,Continuing Claims @ 08:30+Core PCE Price Index QoQ @ 08:30+Wholesale Inventories MoM @ 10:00,-0.6179541737648828,0.5793820916588244,1.7523961798543273,15.0
ES,2025-03-27 14:01:00+00:00,2025-03-27,91,08:30,Continuing Claims @ 08:30+Core PCE Price Index QoQ @ 08:30+Pending Home Sales MoM @ 10:00+Wholesale Inventories MoM @ 10:00,-0.4380433259089506,0.7221207840306988,1.4238521573955008,15.0
ES,2025-03-27 14:31:00+00:00,2025-03-27,121,08:30,Continuing Claims @ 08:30+Core PCE Price Index QoQ @ 08:30+Pending Home Sales MoM @ 10:00+Wholesale Inventories MoM @ 10:00,1.0004630922956015,0.4425322504476751,2.2755709848885837,15.0
ES,2025-04-01 14:01:00+00:00,2025-04-01,1,10:00,ISM Manufacturing @ 10:00+JOLTS Job Openings @ 10:00,-0.6472498737750831,0.44365415352546317,2.283468938830638,15.0
ES,2025-04-01 15:01:00+00:00,2025-04-01,31,10:30,Dallas Fed Services Activity @ 10:30+ISM Manufacturing @ 10:00+JOLTS Job Openings @ 10:00,-2.0,0.6743351294712209,1.7625652253024102,15.0
ES,2025-04-01 16:01:00+00:00,2025-04-01,121,10:00,Dallas Fed Services Activity @ 10:30+ISM Manufacturing @ 10:00+JOLTS Job Openings @ 10:00,1.397052029955118,0.40246102345648516,2.5318073740051816,15.0
ES,2025-04-03 14:01:00+00:00,2025-04-03,91,08:30,Continuing Claims @ 08:30+ISM Services Index @ 10:00+Trade Balance @ 08:30,0.4038666679398731,0.5837898551320859,1.7542752750801462,15.0
ES,2025-04-03 14:31:00+00:00,2025-04-03,121,08:30,Continuing Claims @ 08:30+ISM Services Index @ 10:00+Trade Balance @ 08:30,-0.6392032623669097,0.41672956486735124,2.405736415511187,15.0
ES,2025-04-03 15:01:00+00:00,2025-04-03,61,10:00,ISM Services Index @ 10:00,0.681663178784327,0.7938694160210797,1.2809753738208083,15.0
ES,2025-04-03 15:31:00+00:00,2025-04-03,91,10:00,ISM Services Index @ 10:00,-0.9857944506307648,0.5906978436776221,1.6971506203303148,15.0
ES,2025-04-04 13:01:00+00:00,2025-04-04,31,08:30,Change in Manufact. Payrolls @ 08:30,1.4663162815670174,0.44620929070449233,2.2447247242087642,15.0
ES,2025-04-04 13:31:00+00:00,2025-04-04,61,08:30,Change in Manufact. Payrolls @ 08:30,-1.148532857405408,0.5172434598346084,1.93966000535601,15.0
ES,2025-04-04 14:01:00+00:00,2025-04-04,91,08:30,Change in Manufact. Payrolls @ 08:30,1.2398918964218364,0.37968576245452473,2.682534008806233,15.0
ES,2025-04-04 14:31:00+00:00,2025-04-04,121,08:30,Change in Manufact. Payrolls @ 08:30,-0.8448778736026463,0.8857315598612485,1.1943696185253276,15.0
ES,2025-04-09 19:01:00+00:00,2025-04-09,61,14:00,FOMC Meeting Minutes @ 14:00,-0.5483080425804991,0.47423449085364866,2.1521186029908264,15.0
ES,2025-04-09 19:31:00+00:00,2025-04-09,91,14:00,FOMC Meeting Minutes @ 14:00,-0.4902002115415866,0.6330571503934279,1.733543233781894,15.0
ES,2025-04-09 20:01:00+00:00,2025-04-09,121,14:00,FOMC Meeting Minutes @ 14:00,1.4566335982147194,0.3403817999322405,2.982026644918205,15.0
ES,2025-04-10 12:31:00+00:00,2025-04-10,1,08:30,CPI Index NSA @ 08:30+Continuing Claims @ 08:30,-0.8981024003329111,0.39428985329699895,2.553014994572119,15.0
ES,2025-04-10 13:31:00+00:00,2025-04-10,61,08:30,CPI Index NSA @ 08:30+Continuing Claims @ 08:30,-0.8729689290437754,0.36067942931689334,2.7870753124401753,15.0
ES,2025-04-10 14:01:00+00:00,2025-04-10,91,08:30,CPI Index NSA @ 08:30+Continuing Claims @ 08:30,-0.8656700415922052,0.4032101900508574,2.4929457410861318,15.0
ES,2025-04-10 14:31:00+00:00,2025-04-10,121,08:30,CPI Index NSA @ 08:30+Continuing Claims @ 08:30,-1.132555930791574,0.3555366458760285,2.823294008227245,15.0
ES,2025-04-16 12:31:00+00:00,2025-04-16,91,07:00,MBA Mortgage Applications @ 07:00+New York Fed Services Business Activity @ 08:30+Retail Sales Advance MoM @ 08:30,2.0,0.2979180869797631,3.3948578769112694,15.0
ES,2025-04-16 13:01:00+00:00,2025-04-16,121,07:00,MBA Mortgage Applications @ 07:00+New York Fed Services Business Activity @ 08:30+Retail Sales Advance MoM @ 08:30,0.47593051472460657,0.6261509538069822,1.6425611986989903,15.0
ES,2025-04-16 13:31:00+00:00,2025-04-16,61,08:30,New York Fed Services Business Activity @ 08:30+Retail Sales Advance MoM @ 08:30,-0.8356246360917179,0.4030260266806404,2.488714203198701,15.0
ES,2025-04-16 14:01:00+00:00,2025-04-16,1,10:00,Business Inventories @ 10:00+NAHB Housing Market Index @ 10:00+New York Fed Services Business Activity @ 08:30+Retail Sales Advance MoM @ 08:30,2.0,0.9181108049052426,1.1554978482287739,15.0
ES,2025-04-16 14:31:00+00:00,2025-04-16,31,10:00,Business Inventories @ 10:00+NAHB Housing Market Index @ 10:00+New York Fed Services Business Activity @ 08:30+Retail Sales Advance MoM @ 08:30,-0.8421290255825584,0.4588953118071711,2.2013482773167503,15.0
ES,2025-04-30 12:31:00+00:00,2025-04-30,1,08:30,Core PCE Price Index QoQ @ 08:30+Employment Cost Index @ 08:30+MBA Mortgage Applications @ 07:00,-0.6593550237285082,0.6528002969924295,1.564763800967451,15.0
ES,2025-04-30 13:01:00+00:00,2025-04-30,31,08:30,Core PCE Price Index QoQ @ 08:30+Employment Cost Index @ 08:30+MBA Mortgage Applications @ 07:00,-2.0,0.681200945240946,1.5114635007740478,15.0
ES,2025-04-30 13:31:00+00:00,2025-04-30,61,08:30,Core PCE Price Index QoQ @ 08:30+Employment Cost Index @ 08:30,-1.1531234945809048,0.36803514488156625,2.7255536818407076,15.0
ES,2025-04-30 14:01:00+00:00,2025-04-30,1,10:00,Core PCE Price Index MoM @ 08:30+Core PCE Price Index QoQ @ 08:30+Employment Cost Index @ 08:30+Pending Home Sales MoM @ 10:00,1.4636386535237467,0.5355726146138835,1.8822052718725817,15.0
ES,2025-05-01 15:01:00+00:00,2025-05-01,61,10:00,ISM Manufacturing @ 10:00,-0.9416680362205302,0.6711413108027845,1.5010934199146428,15.0
ES,2025-05-01 15:31:00+00:00,2025-05-01,91,10:00,ISM Manufacturing @ 10:00,0.5752787289386838,0.4252612994238397,2.361488121781657,15.0
ES,2025-05-02 12:31:00+00:00,2025-05-02,1,08:30,Change in Manufact. Payrolls @ 08:30,0.7172094259402282,0.9895486054666277,1.077598052039557,15.0
ES,2025-05-02 13:01:00+00:00,2025-05-02,31,08:30,Change in Manufact. Payrolls @ 08:30,-1.115245408923176,0.6511903152033149,1.5608232934824182,15.0
ES,2025-05-02 13:31:00+00:00,2025-05-02,61,08:30,Change in Manufact. Payrolls @ 08:30,-0.8834359638380204,0.42889697806810134,2.4094301102450553,15.0
ES,2025-05-02 14:01:00+00:00,2025-05-02,91,08:30,Change in Manufact. Payrolls @ 08:30+Durable Goods Orders @ 08:30,0.8457359540609788,0.5371913071208287,1.8899134214973476,15.0
ES,2025-05-02 14:31:00+00:00,2025-05-02,31,10:00,Change in Manufact. Payrolls @ 08:30+Durable Goods Orders @ 08:30,2.0,0.5672106454717615,1.7685314915799595,15.0
ES,2025-05-05 14:01:00+00:00,2025-05-05,1,10:00,ISM Services Index @ 10:00,-0.5516008638797377,0.48798257038360776,2.132467886303816,15.0
ES,2025-05-05 14:31:00+00:00,2025-05-05,31,10:00,ISM Services Index @ 10:00,0.8381237551635449,0.2952516297768373,3.4321861450217703,15.0
ES,2025-05-05 15:31:00+00:00,2025-05-05,91,10:00,ISM Services Index @ 10:00,-1.223932675260519,0.3319496936312792,3.040600956216231,15.0
ES,2025-05-13 12:31:00+00:00,2025-05-13,1,08:30,CPI Index NSA @ 08:30,-1.2925656277775672,0.49059095685521753,2.1041044958481727,15.0
ES,2025-05-13 13:01:00+00:00,2025-05-13,31,08:30,CPI Index NSA @ 08:30,-0.6087398331436253,0.4007289998104594,2.518819530500015,15.0
ES,2025-05-13 13:31:00+00:00,2025-05-13,61,08:30,CPI Index NSA @ 08:30,-0.8555174883044723,0.41852921424275974,2.394017535549185,15.0
ES,2025-05-13 14:01:00+00:00,2025-05-13,91,08:30,CPI Index NSA @ 08:30,1.3704118394249323,0.6768900934219059,1.4871337031524514,15.0
ES,2025-05-13 14:31:00+00:00,2025-05-13,121,08:30,CPI Index NSA @ 08:30,-0.8786879439042675,0.7292430312376695,1.387591838777627,15.0
ES,2025-05-15 12:31:00+00:00,2025-05-15,1,08:30,Continuing Claims @ 08:30+Empire Manufacturing @ 08:30+PPI Ex Food and Energy MoM @ 08:30+Philadelphia Fed Business Outlook @ 08:30+Retail Sales Advance MoM @ 08:30,-0.9394937080758001,0.43986878183038264,2.308316259745811,15.0
ES,2025-05-15 14:01:00+00:00,2025-05-15,91,08:30,Business Inventories @ 10:00+Continuing Claims @ 08:30+Empire Manufacturing @ 08:30+NAHB Housing Market Index @ 10:00+PPI Ex Food and Energy MoM @ 08:30+Philadelphia Fed Business Outlook @ 08:30+Retail Sales Advance MoM @ 08:30,-0.367252547837178,0.3659102948313221,2.759811775587834,15.0
ES,2025-05-15 14:31:00+00:00,2025-05-15,121,08:30,Business Inventories @ 10:00+Continuing Claims @ 08:30+Empire Manufacturing @ 08:30+NAHB Housing Market Index @ 10:00+PPI Ex Food and Energy MoM @ 08:30+Philadelphia Fed Business Outlook @ 08:30+Retail Sales Advance MoM @ 08:30,-0.6800152090343922,0.48345935195772427,2.0946354265110574,15.0
ES,2025-05-28 18:01:00+00:00,2025-05-28,1,14:00,FOMC Meeting Minutes @ 14:00,-0.9960920293932723,0.26379912799716065,3.8251632540742824,15.0
ES,2025-05-28 19:01:00+00:00,2025-05-28,61,14:00,FOMC Meeting Minutes @ 14:00,-0.5027884528034349,0.3673416904032662,2.8521492633916434,15.0
ES,2025-05-28 19:31:00+00:00,2025-05-28,91,14:00,FOMC Meeting Minutes @ 14:00,0.36817498666425846,0.409340562416007,2.570327181945945,15.0
ES,2025-05-29 12:31:00+00:00,2025-05-29,1,08:30,Continuing Claims @ 08:30+Core PCE Price Index QoQ @ 08:30,-1.1468522536027026,0.385092275539788,2.6193866785511473,15.0
ES,2025-05-29 13:31:00+00:00,2025-05-29,61,08:30,Continuing Claims @ 08:30+Core PCE Price Index QoQ @ 08:30,-0.883108742443127,0.42379709942946087,2.3854333703400816,15.0
ES,2025-05-29 14:01:00+00:00,2025-05-29,91,08:30,Continuing Claims @ 08:30+Core PCE Price Index QoQ @ 08:30+Pending Home Sales MoM @ 10:00,-0.6800972648559479,0.40208674280121376,2.538182534579874,15.0
ES,2025-05-29 14:31:00+00:00,2025-05-29,121,08:30,Continuing Claims @ 08:30+Core PCE Price Index QoQ @ 08:30+Pending Home Sales MoM @ 10:00,0.23987360992971668,0.4878024495374936,2.0840604643870524,15.0
ES,2025-06-02 14:01:00+00:00,2025-06-02,1,10:00,ISM Manufacturing @ 10:00,0.38667311694451034,0.7325190250129197,1.3989998236595391,15.0
ES,2025-06-02 15:31:00+00:00,2025-06-02,91,10:00,ISM Manufacturing @ 10:00,0.8560007828002483,0.3997756513853296,2.5101041143465976,15.0
ES,2025-06-02 16:01:00+00:00,2025-06-02,121,10:00,ISM Manufacturing @ 10:00,-0.8295103646364568,0.8422764116246875,1.212403441257535,15.0
ES,2025-06-04 14:01:00+00:00,2025-06-04,1,10:00,ISM Services Index @ 10:00,0.6529665213878809,0.2839769847390544,3.522680381937068,15.0
ES,2025-06-04 14:31:00+00:00,2025-06-04,31,10:00,ISM Services Index @ 10:00,1.5649026060202316,0.4898808988868721,2.054993235759985,15.0
ES,2025-06-04 15:01:00+00:00,2025-06-04,61,10:00,ISM Services Index @ 10:00,0.9612793547451037,0.452248719763139,2.2537451698240045,15.0
ES,2025-06-04 15:31:00+00:00,2025-06-04,91,10:00,ISM Services Index @ 10:00,-0.9278901169779152,0.7170369713530486,1.4105126506527565,15.0
ES,2025-06-06 12:31:00+00:00,2025-06-06,1,08:30,Change in Manufact. Payrolls @ 08:30,0.6410890083989581,0.7099723114435436,1.4167038806548866,15.0
ES,2025-06-06 14:01:00+00:00,2025-06-06,91,08:30,Change in Manufact. Payrolls @ 08:30,-0.9039053848170044,0.6790881526210122,1.5276653030478073,15.0
ES,2025-06-06 14:31:00+00:00,2025-06-06,121,08:30,Change in Manufact. Payrolls @ 08:30,-1.2080711975352436,0.4426659593562611,2.2972088903945878,15.0
ES,2025-06-11 12:31:00+00:00,2025-06-11,1,08:30,CPI Index NSA @ 08:30+MBA Mortgage Applications @ 07:00,0.5273037840929111,0.7576277326777834,1.4299103338166521,15.0
ES,2025-06-11 13:01:00+00:00,2025-06-11,31,08:30,CPI Index NSA @ 08:30+MBA Mortgage Applications @ 07:00,-0.5195101610529642,0.5342010812519846,1.9195756558303203,15.0
ES,2025-06-11 13:31:00+00:00,2025-06-11,61,08:30,CPI Index NSA @ 08:30,0.6416562387537372,0.43070429202720917,2.329071729043483,15.0
ES,2025-06-11 14:01:00+00:00,2025-06-11,91,08:30,CPI Index NSA @ 08:30,-0.3511877560549685,0.42880346028889915,2.3604123682530003,15.0
ES,2025-06-11 14:31:00+00:00,2025-06-11,121,08:30,CPI Index NSA @ 08:30,1.175569928907031,0.8951290829820291,1.1227791357140513,15.0
ES,2025-06-17 13:01:00+00:00,2025-06-17,31,08:30,Import Price Index YoY @ 08:30+New York Fed Services Business Activity @ 08:30+Retail Sales Advance MoM @ 08:30,-0.5137804097406462,0.537685762780072,1.8766989723329701,15.0
ES,2025-06-17 13:31:00+00:00,2025-06-17,61,08:30,Import Price Index YoY @ 08:30+New York Fed Services Business Activity @ 08:30+Retail Sales Advance MoM @ 08:30,-1.1644829118176176,0.5513069213211526,1.8398167197263904,15.0
ES,2025-06-17 14:01:00+00:00,2025-06-17,1,10:00,Business Inventories @ 10:00+Import Price Index YoY @ 08:30+NAHB Housing Market Index @ 10:00+New York Fed Services Business Activity @ 08:30+Retail Sales Advance MoM @ 08:30,-0.4994829951106319,0.3596894361347693,2.7927643296769684,15.0
ES,2025-06-26 12:31:00+00:00,2025-06-26,1,08:30,Chicago Fed Nat Activity Index @ 08:30+Continuing Claims @ 08:30+Core PCE Price Index QoQ @ 08:30+Durable Goods Orders @ 08:30+Wholesale Inventories MoM @ 10:00,-0.6646757072423451,0.4336617954811743,2.329459651918438,15.0
ES,2025-06-26 13:31:00+00:00,2025-06-26,61,08:30,Chicago Fed Nat Activity Index @ 08:30+Continuing Claims @ 08:30+Core PCE Price Index QoQ @ 08:30+Durable Goods Orders @ 08:30+Wholesale Inventories MoM @ 10:00,-1.213866128640668,0.6058555776778906,1.6580559738735712,15.0
ES,2025-06-26 14:01:00+00:00,2025-06-26,91,08:30,Chicago Fed Nat Activity Index @ 08:30+Continuing Claims @ 08:30+Core PCE Price Index QoQ @ 08:30+Durable Goods Orders @ 08:30+Pending Home Sales MoM @ 10:00+Wholesale Inventories MoM @ 10:00,0.6081556525554751,0.3815005801327098,2.6378943516525437,15.0
ES,2025-06-26 14:31:00+00:00,2025-06-26,121,08:30,Chicago Fed Nat Activity Index @ 08:30+Continuing Claims @ 08:30+Core PCE Price Index QoQ @ 08:30+Durable Goods Orders @ 08:30+Pending Home Sales MoM @ 10:00+Wholesale Inventories MoM @ 10:00,-0.7653494317853509,0.5435024707299921,1.8472525402428468,15.0
ES,2025-07-01 14:01:00+00:00,2025-07-01,1,10:00,ISM Manufacturing @ 10:00+JOLTS Job Openings @ 10:00,0.8371205439809574,0.6447140254144186,1.561835385304679,15.0
ES,2025-07-09 18:31:00+00:00,2025-07-09,31,14:00,FOMC Meeting Minutes @ 14:00,0.33729621126587656,0.3087341254181313,3.3722810727513366,15.0
ES,2025-07-09 19:01:00+00:00,2025-07-09,61,14:00,FOMC Meeting Minutes @ 14:00,0.7202892008296231,0.47033891582673204,2.264453436516539,15.0
ES,2025-07-09 19:31:00+00:00,2025-07-09,91,14:00,FOMC Meeting Minutes @ 14:00,-0.3146568203196151,0.39499298733015736,2.643962318401714,15.0
ES,2025-07-09 20:01:00+00:00,2025-07-09,121,14:00,FOMC Meeting Minutes @ 14:00,0.9699967819034154,0.35023676983206997,2.883133823471868,15.0
ES,2025-07-15 12:31:00+00:00,2025-07-15,1,08:30,CPI Index NSA @ 08:30+Empire Manufacturing @ 08:30,-0.5250097313842507,0.43977524265077744,2.311466072032949,15.0
ES,2025-07-15 14:01:00+00:00,2025-07-15,91,08:30,CPI Index NSA @ 08:30+Empire Manufacturing @ 08:30,-0.5641373663138416,0.5802407672359474,1.7316106567498313,15.0
ES,2025-07-17 12:31:00+00:00,2025-07-17,1,08:30,Continuing Claims @ 08:30+Import Price Index YoY @ 08:30+Philadelphia Fed Business Outlook @ 08:30+Retail Sales Advance MoM @ 08:30,1.2497389490817832,0.3229986349133105,3.126758680150188,15.0
ES,2025-07-17 13:31:00+00:00,2025-07-17,61,08:30,Continuing Claims @ 08:30+Import Price Index YoY @ 08:30+Philadelphia Fed Business Outlook @ 08:30+Retail Sales Advance MoM @ 08:30,0.6483497086652293,0.824491957332882,1.3097390111736456,15.0
ES,2025-07-17 14:01:00+00:00,2025-07-17,91,08:30,Business Inventories @ 10:00+Continuing Claims @ 08:30+Import Price Index YoY @ 08:30+NAHB Housing Market Index @ 10:00+Philadelphia Fed Business Outlook @ 08:30+Retail Sales Advance MoM @ 08:30,1.4454922721900194,0.8965537265850326,1.1394071515533657,15.0
ES,2025-07-17 14:31:00+00:00,2025-07-17,31,10:00,Business Inventories @ 10:00+Continuing Claims @ 08:30+Import Price Index YoY @ 08:30+NAHB Housing Market Index @ 10:00+Philadelphia Fed Business Outlook @ 08:30+Retail Sales Advance MoM @ 08:30,0.9739778633410662,0.6352529440714096,1.6006522839341952,15.0
ES,2025-07-30 13:31:00+00:00,2025-07-30,61,08:30,Core PCE Price Index QoQ @ 08:30,-0.8755898694727569,0.3856266617925699,2.633174396521341,15.0
ES,2025-07-30 14:01:00+00:00,2025-07-30,91,08:30,Core PCE Price Index QoQ @ 08:30+Pending Home Sales MoM @ 10:00,1.2038955274172962,0.33175200434526275,3.020858590667612,15.0
ES,2025-07-30 14:31:00+00:00,2025-07-30,121,08:30,Core PCE Price Index QoQ @ 08:30+Pending Home Sales MoM @ 10:00,2.0,0.9043712530726886,1.1276703141162823,15.0
ES,2025-08-01 12:31:00+00:00,2025-08-01,1,08:30,Change in Manufact. Payrolls @ 08:30,-0.9336895838449494,0.47054948348064607,2.2251554724550076,15.0
ES,2025-08-01 13:01:00+00:00,2025-08-01,31,08:30,Change in Manufact. Payrolls @ 08:30,-1.691016680326843,0.40449236055543303,2.488810714151361,15.0
ES,2025-08-01 14:01:00+00:00,2025-08-01,1,10:00,Change in Manufact. Payrolls @ 08:30+ISM Manufacturing @ 10:00+U. of Mich. Sentiment @ 10:00,1.0502117417163412,0.6627492478230713,1.5131712916966809,15.0
ES,2025-08-01 14:31:00+00:00,2025-08-01,31,10:00,Change in Manufact. Payrolls @ 08:30+ISM Manufacturing @ 10:00+U. of Mich. Sentiment @ 10:00,-1.3825775622258079,0.7815644232173917,1.285337358751028,15.0
ES,2025-08-01 16:01:00+00:00,2025-08-01,121,10:00,ISM Manufacturing @ 10:00+U. of Mich. Sentiment @ 10:00,-1.0843624544459076,0.8208182195697915,1.247069914976744,15.0
ES,2025-08-05 14:01:00+00:00,2025-08-05,1,10:00,ISM Services Index @ 10:00+Trade Balance @ 08:30,-0.46664106339629646,0.4132201154756886,2.4452546267089277,15.0
ES,2025-08-05 14:31:00+00:00,2025-08-05,31,10:00,ISM Services Index @ 10:00+Trade Balance @ 08:30,-0.878292557776112,0.6391350288871098,1.5734951889652062,15.0
ES,2025-08-05 15:01:00+00:00,2025-08-05,61,10:00,ISM Services Index @ 10:00,1.187570664362505,0.6868374562654177,1.4671906710089908,15.0
ES,2025-08-05 15:31:00+00:00,2025-08-05,91,10:00,ISM Services Index @ 10:00,-1.243098753552211,0.30256812004649986,3.3156581256195095,15.0
ES,2025-08-12 12:31:00+00:00,2025-08-12,1,08:30,CPI Index NSA @ 08:30,0.6056848035525454,0.8389148284580453,1.22460496837578,15.0
ES,2025-08-12 13:01:00+00:00,2025-08-12,31,08:30,CPI Index NSA @ 08:30,-2.0,0.4463525378234451,2.2637853207859973,15.0
ES,2025-08-12 13:31:00+00:00,2025-08-12,61,08:30,CPI Index NSA @ 08:30,-0.48642013955771374,0.41024694456202243,2.462237037993845,15.0
ES,2025-08-12 14:01:00+00:00,2025-08-12,91,08:30,CPI Index NSA @ 08:30,-0.3989455022786515,0.5343297029726523,1.895085360897857,15.0
ES,2025-08-12 14:31:00+00:00,2025-08-12,121,08:30,CPI Index NSA @ 08:30,-0.8640800461059703,0.7484260419853178,1.342883474678664,15.0
ES,2025-08-15 14:01:00+00:00,2025-08-15,91,08:30,Business Inventories @ 10:00+Empire Manufacturing @ 08:30+Import Price Index YoY @ 08:30+Retail Sales Advance MoM @ 08:30+U. of Mich. Sentiment @ 10:00,0.642002309633733,0.6609242148313481,1.518132123882703,15.0
ES,2025-08-20 18:01:00+00:00,2025-08-20,1,14:00,FOMC Meeting Minutes @ 14:00,1.3590646289133863,0.260321550340979,3.9078208491380955,15.0
ES,2025-08-20 19:01:00+00:00,2025-08-20,61,14:00,FOMC Meeting Minutes @ 14:00,-0.35328377137365274,0.44848785394014773,2.2768090172531212,15.0
ES,2025-08-20 19:31:00+00:00,2025-08-20,91,14:00,FOMC Meeting Minutes @ 14:00,0.6623711652981465,0.5150823277208717,2.038165125447109,15.0
ES,2025-08-28 14:01:00+00:00,2025-08-28,91,08:30,Continuing Claims @ 08:30+Core PCE Price Index QoQ @ 08:30+Pending Home Sales MoM @ 10:00,-1.6877571609320574,0.7658972666481381,1.3235941284666626,15.0
ES,2025-08-28 14:31:00+00:00,2025-08-28,121,08:30,Continuing Claims @ 08:30+Core PCE Price Index QoQ @ 08:30+Pending Home Sales MoM @ 10:00,-0.999791360728257,0.317772465964878,3.1730857879616408,15.0
ES,2025-09-02 14:01:00+00:00,2025-09-02,1,10:00,ISM Manufacturing @ 10:00,0.972626214720163,0.7544380207642332,1.3540226687503734,15.0
ES,2025-09-02 15:31:00+00:00,2025-09-02,91,10:00,ISM Manufacturing @ 10:00,-1.3963049289201708,0.6247565943407022,1.6108828624784612,15.0
ES,2025-09-02 16:01:00+00:00,2025-09-02,121,10:00,ISM Manufacturing @ 10:00,0.718373693488931,0.5265648946182551,1.9229639653529058,15.0
ES,2025-09-04 14:01:00+00:00,2025-09-04,1,10:00,Continuing Claims @ 08:30+ISM Services Index @ 10:00+Nonfarm Productivity @ 08:30+Trade Balance @ 08:30,0.7897460031134838,0.27105357906358307,3.70208054762547,15.0
ES,2025-09-04 14:31:00+00:00,2025-09-04,121,08:30,Continuing Claims @ 08:30+ISM Services Index @ 10:00+Nonfarm Productivity @ 08:30+Trade Balance @ 08:30,-0.6753788187408148,0.4712431062681441,2.1329506268356595,15.0
ES,2025-09-05 12:31:00+00:00,2025-09-05,1,08:30,Change in Manufact. Payrolls @ 08:30,-0.4998419317849446,0.2941352204577372,3.4057287011799455,15.0
ES,2025-09-05 13:31:00+00:00,2025-09-05,61,08:30,Change in Manufact. Payrolls @ 08:30,-0.5693658980590007,0.28656545867651984,3.4939047073682605,15.0
ES,2025-09-05 14:01:00+00:00,2025-09-05,91,08:30,Change in Manufact. Payrolls @ 08:30,-0.7290731934077571,0.45481460724734085,2.207675051778243,15.0
ES,2025-09-11 14:01:00+00:00,2025-09-11,91,08:30,CPI Index NSA @ 08:30+Continuing Claims @ 08:30,0.8160569143221919,0.7293064070708261,1.3870991115819995,15.0
ES,2025-09-11 14:31:00+00:00,2025-09-11,121,08:30,CPI Index NSA @ 08:30+Continuing Claims @ 08:30,-0.752827149298789,0.3270958760208961,3.0600725501317516,15.0
ES,2025-09-16 12:31:00+00:00,2025-09-16,1,08:30,Import Price Index YoY @ 08:30+New York Fed Services Business Activity @ 08:30+Retail Sales Advance MoM @ 08:30,-1.2675884975548908,0.3247380512772302,3.1023384878121885,15.0
ES,2025-09-16 13:31:00+00:00,2025-09-16,61,08:30,Import Price Index YoY @ 08:30+New York Fed Services Business Activity @ 08:30+Retail Sales Advance MoM @ 08:30,-0.5463567712807941,0.31562312962925604,3.173436063869491,15.0
ES,2025-09-16 14:01:00+00:00,2025-09-16,1,10:00,Business Inventories @ 10:00+Import Price Index YoY @ 08:30+NAHB Housing Market Index @ 10:00+New York Fed Services Business Activity @ 08:30+Retail Sales Advance MoM @ 08:30,-2.0,0.67041362961975,1.5120742767742843,15.0
ES,2025-09-25 12:31:00+00:00,2025-09-25,1,08:30,Continuing Claims @ 08:30+Core PCE Price Index QoQ @ 08:30+Durable Goods Orders @ 08:30+Wholesale Inventories MoM @ 10:00,-1.6747376693698088,0.38674968329098364,2.601208960976921,15.0
ES,2025-09-25 13:01:00+00:00,2025-09-25,31,08:30,Continuing Claims @ 08:30+Core PCE Price Index QoQ @ 08:30+Durable Goods Orders @ 08:30+Wholesale Inventories MoM @ 10:00,-2.0,0.7046721936762138,1.459282518485169,15.0
ES,2025-09-25 13:31:00+00:00,2025-09-25,61,08:30,Continuing Claims @ 08:30+Core PCE Price Index QoQ @ 08:30+Durable Goods Orders @ 08:30+Wholesale Inventories MoM @ 10:00,-1.247589634146071,0.4865797237236641,2.0964705921795996,15.0
ES,2025-09-25 14:01:00+00:00,2025-09-25,91,08:30,Continuing Claims @ 08:30+Core PCE Price Index QoQ @ 08:30+Durable Goods Orders @ 08:30+Existing Home Sales @ 10:00+Wholesale Inventories MoM @ 10:00,0.4471188557791482,0.45564903190046013,2.2379448806273325,15.0
ES,2025-09-25 14:31:00+00:00,2025-09-25,121,08:30,Continuing Claims @ 08:30+Core PCE Price Index QoQ @ 08:30+Durable Goods Orders @ 08:30+Existing Home Sales @ 10:00+Wholesale Inventories MoM @ 10:00,-1.2629980309748488,0.79922256130746,1.2653031709067162,15.0
ES,2025-10-01 14:01:00+00:00,2025-10-01,1,10:00,ISM Manufacturing @ 10:00,-0.9961793289673305,0.4965262560565434,2.02622622346141,15.0
ES,2025-10-01 15:01:00+00:00,2025-10-01,61,10:00,ISM Manufacturing @ 10:00,-2.0,0.39753419606079243,2.557937665201393,15.0
ES,2025-10-01 16:01:00+00:00,2025-10-01,121,10:00,ISM Manufacturing @ 10:00,-0.9754231705989518,0.6173354534984259,1.6267017100729266,15.0
ES,2025-10-03 14:01:00+00:00,2025-10-03,1,10:00,ISM Services Index @ 10:00,-0.8038277103851647,0.3997580461277797,2.5142995453490173,15.0
ES,2025-10-03 15:31:00+00:00,2025-10-03,91,10:00,ISM Services Index @ 10:00,-1.1684918274183278,0.32096805295306235,3.1358164900581884,15.0
ES,2025-10-08 18:31:00+00:00,2025-10-08,31,14:00,FOMC Meeting Minutes @ 14:00,0.35278678244113487,0.335881855965362,3.061047326966574,15.0
ES,2025-10-08 19:01:00+00:00,2025-10-08,61,14:00,FOMC Meeting Minutes @ 14:00,0.16617248573673973,0.5343081429535842,1.9060207266441513,15.0
ES,2025-10-08 19:31:00+00:00,2025-10-08,91,14:00,FOMC Meeting Minutes @ 14:00,0.6571211312430699,0.6141449355454393,1.7165720046805761,15.0
ES,2025-10-08 20:01:00+00:00,2025-10-08,121,14:00,FOMC Meeting Minutes @ 14:00,0.6037675931297588,0.4157992844660944,2.4312922163663897,15.0
ES,2025-10-24 12:31:00+00:00,2025-10-24,1,08:30,CPI Index NSA @ 08:30,0.5995615419823707,0.9025060685044125,1.1397052529580665,15.0
ES,2025-10-24 13:01:00+00:00,2025-10-24,31,08:30,CPI Index NSA @ 08:30,0.9457299950130601,0.47934984769413413,2.1041038535196694,15.0
ES,2025-10-24 13:31:00+00:00,2025-10-24,61,08:30,CPI Index NSA @ 08:30,-1.0844859033857888,0.41214198787900486,2.4441520404756165,15.0
ES,2025-11-03 15:01:00+00:00,2025-11-03,1,10:00,ISM Manufacturing @ 10:00,0.48909820305334467,0.7836817053609997,1.2952320554672767,15.0
ES,2025-11-03 15:31:00+00:00,2025-11-03,31,10:00,ISM Manufacturing @ 10:00,1.1586531221777914,0.5841799094167188,1.7641940174102968,15.0
ES,2025-11-03 16:31:00+00:00,2025-11-03,91,10:00,ISM Manufacturing @ 10:00,-0.9324293156147314,0.30213697780381615,3.3279850277587646,15.0
ES,2025-11-03 17:01:00+00:00,2025-11-03,121,10:00,ISM Manufacturing @ 10:00,0.9665923031886353,0.3236372313441956,3.096061471656901,15.0
ES,2025-11-05 15:31:00+00:00,2025-11-05,31,10:00,ISM Services Index @ 10:00,-0.35334844714725355,0.34351943374965627,2.9388669330567936,15.0
ES,2025-11-05 16:31:00+00:00,2025-11-05,91,10:00,ISM Services Index @ 10:00,0.957212857293499,0.5261831176445358,1.9185144441492532,15.0
ES,2025-11-05 17:01:00+00:00,2025-11-05,121,10:00,ISM Services Index @ 10:00,-0.8187405191855979,0.8286015091876909,1.229030419576063,15.0
ES,2025-11-17 15:01:00+00:00,2025-11-17,91,08:30,Empire Manufacturing @ 08:30+ISM Manufacturing @ 10:00,0.6353994304772834,0.5857776140559458,1.7716729403427802,15.0
ES,2025-11-17 15:31:00+00:00,2025-11-17,31,10:00,Empire Manufacturing @ 08:30+ISM Manufacturing @ 10:00,-0.3271918550110803,0.3755860833666973,2.691480033133616,15.0
ES,2025-11-17 16:31:00+00:00,2025-11-17,91,10:00,ISM Manufacturing @ 10:00,1.7825474658950737,0.523173637119906,1.975593658100099,15.0
ES,2025-11-17 17:01:00+00:00,2025-11-17,121,10:00,ISM Manufacturing @ 10:00,-1.0118836244306544,0.8319804866945604,1.208728686601056,15.0
ES,2025-11-19 19:01:00+00:00,2025-11-19,1,14:00,FOMC Meeting Minutes @ 14:00,0.6621594451452785,0.30924904652777113,3.3493354184786437,15.0
ES,2025-11-19 19:31:00+00:00,2025-11-19,31,14:00,FOMC Meeting Minutes @ 14:00,-0.553958021885096,0.43605130775959783,2.4254922306116145,15.0
ES,2025-11-20 13:31:00+00:00,2025-11-20,1,08:30,Change in Manufact. Payrolls @ 08:30+Continuing Claims @ 08:30+Philadelphia Fed Business Outlook @ 08:30,-0.5505118653781851,0.4799365834303489,2.1777949191255255,15.0
ES,2025-11-20 14:31:00+00:00,2025-11-20,61,08:30,Change in Manufact. Payrolls @ 08:30+Continuing Claims @ 08:30+Philadelphia Fed Business Outlook @ 08:30,2.0,0.3404154916928514,2.9404189050848886,15.0
ES,2025-11-20 15:01:00+00:00,2025-11-20,91,08:30,Change in Manufact. Payrolls @ 08:30+Continuing Claims @ 08:30+Existing Home Sales @ 10:00+Philadelphia Fed Business Outlook @ 08:30,0.7055089806747904,0.5620948999047424,1.784533820869619,15.0
ES,2025-11-20 15:31:00+00:00,2025-11-20,121,08:30,Change in Manufact. Payrolls @ 08:30+Continuing Claims @ 08:30+Existing Home Sales @ 10:00+Philadelphia Fed Business Outlook @ 08:30,-0.7665287106601684,0.5490449058443807,1.8646919655212004,15.0
ES,2025-11-25 14:31:00+00:00,2025-11-25,31,09:00,FHFA House Price Index MoM @ 09:00+PPI Ex Food and Energy MoM @ 08:30+Philadelphia Fed Non-Manufacturing Activity @ 08:30+Retail Sales Advance MoM @ 08:30+S&P Cotality CS 20-City MoM SA @ 09:00,2.0,0.3139596696538651,3.2961890513852836,15.0
ES,2025-11-25 15:01:00+00:00,2025-11-25,1,10:00,Business Inventories @ 10:00+Conf. Board Consumer Confidence @ 10:00+FHFA House Price Index MoM @ 09:00+PPI Ex Food and Energy MoM @ 08:30+Pending Home Sales MoM @ 10:00+Philadelphia Fed Non-Manufacturing Activity @ 08:30+Retail Sales Advance MoM @ 08:30+Richmond Fed Manufact. Index @ 10:00+S&P Cotality CS 20-City MoM SA @ 09:00,0.6874380022240103,0.45495732789081056,2.2710162917741545,15.0
ES,2025-12-01 15:31:00+00:00,2025-12-01,31,10:00,ISM Manufacturing @ 10:00,0.7227976393520025,0.7326791986400669,1.3778083005491915,15.0
ES,2025-12-01 16:01:00+00:00,2025-12-01,61,10:00,ISM Manufacturing @ 10:00,1.3593032886779908,0.7339170570100246,1.3703960714555798,15.0
ES,2025-12-01 16:31:00+00:00,2025-12-01,91,10:00,ISM Manufacturing @ 10:00,-0.8793474785242443,0.44591815542996,2.264011475168852,15.0
ES,2025-12-03 15:31:00+00:00,2025-12-03,121,08:30,ISM Services Index @ 10:00+Import Price Index YoY @ 08:30,-0.5265465085824439,0.3278034731271687,3.064432294348037,15.0
ES,2025-12-03 16:01:00+00:00,2025-12-03,61,10:00,ISM Services Index @ 10:00,1.7760307130372182,0.33792454922349335,2.9763162582604226,15.0
ES,2025-12-16 13:31:00+00:00,2025-12-16,1,08:30,Change in Manufact. Payrolls @ 08:30+New York Fed Services Business Activity @ 08:30+Retail Sales Advance MoM @ 08:30,-0.538863014630742,0.522162518341333,1.9360572294222391,15.0
ES,2025-12-16 14:01:00+00:00,2025-12-16,31,08:30,Change in Manufact. Payrolls @ 08:30+New York Fed Services Business Activity @ 08:30+Retail Sales Advance MoM @ 08:30,-2.0,0.6579131577045705,1.5288458225079629,15.0
ES,2025-12-16 14:31:00+00:00,2025-12-16,61,08:30,Change in Manufact. Payrolls @ 08:30+New York Fed Services Business Activity @ 08:30+Retail Sales Advance MoM @ 08:30,-0.9960769985919977,0.3408130520557289,2.9674058019963137,15.0
ES,2025-12-16 15:01:00+00:00,2025-12-16,91,08:30,Business Inventories @ 10:00+Change in Manufact. Payrolls @ 08:30+New York Fed Services Business Activity @ 08:30+Retail Sales Advance MoM @ 08:30,0.7735898265532254,0.41427107579768224,2.425854613173361,15.0
ES,2025-12-18 13:31:00+00:00,2025-12-18,1,08:30,CPI Index NSA @ 08:30+Continuing Claims @ 08:30+Philadelphia Fed Business Outlook @ 08:30,0.740148210419275,0.5539778443343268,1.8189958574867582,15.0
ES,2025-12-18 14:01:00+00:00,2025-12-18,31,08:30,CPI Index NSA @ 08:30+Continuing Claims @ 08:30+Philadelphia Fed Business Outlook @ 08:30,-2.0,0.5106366689718237,1.9756171865921555,15.0
ES,2025-12-18 15:01:00+00:00,2025-12-18,91,08:30,CPI Index NSA @ 08:30+Continuing Claims @ 08:30+Philadelphia Fed Business Outlook @ 08:30,-0.386177777636237,0.49497626066766437,2.055541172046766,15.0
ES,2025-12-18 15:31:00+00:00,2025-12-18,121,08:30,CPI Index NSA @ 08:30+Continuing Claims @ 08:30+Philadelphia Fed Business Outlook @ 08:30,-0.6861479531239877,0.5369070002894848,1.8855809512258286,15.0
ES,2025-12-23 13:31:00+00:00,2025-12-23,1,08:30,Core PCE Price Index QoQ @ 08:30+Durable Goods Orders @ 08:30+Philadelphia Fed Non-Manufacturing Activity @ 08:30,-1.5475065407224893,0.303808406841663,3.3077199598876543,15.0
ES,2025-12-23 14:31:00+00:00,2025-12-23,61,08:30,Core PCE Price Index QoQ @ 08:30+Durable Goods Orders @ 08:30+Philadelphia Fed Non-Manufacturing Activity @ 08:30,1.5460462583379082,0.4476933772069243,2.268964727040266,15.0
ES,2025-12-23 15:01:00+00:00,2025-12-23,1,10:00,Conf. Board Consumer Confidence @ 10:00+Core PCE Price Index QoQ @ 08:30+Durable Goods Orders @ 08:30+Philadelphia Fed Non-Manufacturing Activity @ 08:30+Richmond Fed Manufact. Index @ 10:00,-0.5247091197183262,0.42590267786276115,2.365312143441208,15.0
ES,2025-12-30 19:31:00+00:00,2025-12-30,31,14:00,FOMC Meeting Minutes @ 14:00,-0.3218138474425746,0.3434579231123352,2.9949522108201587,15.0
ES,2025-12-30 20:01:00+00:00,2025-12-30,61,14:00,FOMC Meeting Minutes @ 14:00,-0.6970167770466822,0.5089915253037962,2.0434203726458477,15.0
ES,2026-01-05 15:01:00+00:00,2026-01-05,1,10:00,ISM Manufacturing @ 10:00,-0.7185672113959666,0.29609731180008086,3.4323095815560913,15.0
ES,2026-01-05 15:31:00+00:00,2026-01-05,31,10:00,ISM Manufacturing @ 10:00,0.9977934871038908,0.5629789187221876,1.7863425446227377,15.0
ES,2026-01-05 16:01:00+00:00,2026-01-05,61,10:00,ISM Manufacturing @ 10:00,0.6028527706680443,0.34104277427013785,2.9394184107546533,15.0
ES,2026-01-05 17:01:00+00:00,2026-01-05,121,10:00,ISM Manufacturing @ 10:00,2.0,0.49792617805678185,2.019373196116057,15.0
ES,2026-01-07 15:01:00+00:00,2026-01-07,1,10:00,Durable Goods Orders @ 08:30+ISM Services Index @ 10:00+JOLTS Job Openings @ 10:00,-0.5539996125694774,0.4729246717213022,2.125267687980406,15.0
ES,2026-01-07 15:31:00+00:00,2026-01-07,31,10:00,Durable Goods Orders @ 08:30+ISM Services Index @ 10:00+JOLTS Job Openings @ 10:00,1.4043201694281675,0.46140231944671767,2.187150395953525,15.0
ES,2026-01-07 17:01:00+00:00,2026-01-07,121,10:00,Durable Goods Orders @ 08:30+ISM Services Index @ 10:00+JOLTS Job Openings @ 10:00,-1.3829267508270355,0.8566372909054486,1.1800845697779225,15.0
ES,2026-01-09 13:31:00+00:00,2026-01-09,1,08:30,Building Permits @ 08:30+Change in Manufact. Payrolls @ 08:30,2.0,0.4760354140922438,2.105361223037519,15.0
ES,2026-01-09 14:01:00+00:00,2026-01-09,31,08:30,Building Permits @ 08:30+Change in Manufact. Payrolls @ 08:30,1.8526375127058472,0.4760385582269262,2.1191546688150242,15.0
ES,2026-01-09 14:31:00+00:00,2026-01-09,61,08:30,Building Permits @ 08:30+Change in Manufact. Payrolls @ 08:30,0.625204854789841,0.7101243931078657,1.462784924214272,15.0
ES,2026-01-09 15:01:00+00:00,2026-01-09,91,08:30,Building Permits @ 08:30+Change in Manufact. Payrolls @ 08:30+U. of Mich. Sentiment @ 10:00,1.3396391086193662,0.3355417348371124,2.989930786562153,15.0
ES,2026-01-09 15:31:00+00:00,2026-01-09,121,08:30,Building Permits @ 08:30+Change in Manufact. Payrolls @ 08:30+U. of Mich. Sentiment @ 10:00,1.1115784432537252,0.6963971530737326,1.4585298704554461,15.0
ES,2026-01-13 13:31:00+00:00,2026-01-13,1,08:30,CPI Index NSA @ 08:30,0.5893119661479962,1.275510788028572,0.8508671907194032,15.0
ES,2026-01-13 14:01:00+00:00,2026-01-13,31,08:30,CPI Index NSA @ 08:30,-1.6868942843260475,0.6197287033082348,1.6159341793654667,15.0
ES,2026-01-13 14:31:00+00:00,2026-01-13,61,08:30,CPI Index NSA @ 08:30,-0.3956630411533854,0.43855954747136816,2.3038835667665043,15.0
ES,2026-01-14 13:31:00+00:00,2026-01-14,91,07:00,Current Account Balance @ 08:30+MBA Mortgage Applications @ 07:00+PPI Ex Food and Energy MoM @ 08:30+Retail Sales Advance MoM @ 08:30,2.0,0.408931264558092,2.4955629109261817,15.0
ES,2026-01-14 14:31:00+00:00,2026-01-14,61,08:30,Current Account Balance @ 08:30+PPI Ex Food and Energy MoM @ 08:30+Retail Sales Advance MoM @ 08:30,-0.70466944011134,0.3315453894527616,3.0370054751192783,15.0
ES,2026-01-14 15:01:00+00:00,2026-01-14,1,10:00,Business Inventories @ 10:00+Current Account Balance @ 08:30+Existing Home Sales @ 10:00+PPI Ex Food and Energy MoM @ 08:30+Retail Sales Advance MoM @ 08:30,0.4589178113832728,0.5208955549666798,1.9295012539064245,15.0
ES,2026-01-14 15:31:00+00:00,2026-01-14,121,08:30,Business Inventories @ 10:00+Current Account Balance @ 08:30+Existing Home Sales @ 10:00+PPI Ex Food and Energy MoM @ 08:30+Retail Sales Advance MoM @ 08:30,1.1340956319514934,0.5137165790190474,2.0020547094916434,15.0
ES,2026-01-21 15:01:00+00:00,2026-01-21,1,10:00,ISM Manufacturing @ 10:00+Pending Home Sales MoM @ 10:00,0.7626766219673176,0.7678570085821654,1.309540474957604,15.0
ES,2026-01-22 13:31:00+00:00,2026-01-22,1,08:30,Continuing Claims @ 08:30+Core PCE Price Index QoQ @ 08:30,-2.0,0.3807858040206017,2.6683312798403245,15.0
ES,2026-01-22 14:31:00+00:00,2026-01-22,61,08:30,Continuing Claims @ 08:30+Core PCE Price Index QoQ @ 08:30,-1.246537587308783,0.31767767920687245,3.155325052933908,15.0
ES,2026-01-22 15:01:00+00:00,2026-01-22,91,08:30,Continuing Claims @ 08:30+Core PCE Price Index MoM @ 08:30+Core PCE Price Index QoQ @ 08:30,0.7587804591629188,0.7797368797584622,1.2882141094003974,15.0
ES,2026-01-22 15:31:00+00:00,2026-01-22,31,10:00,Continuing Claims @ 08:30+Core PCE Price Index MoM @ 08:30+Core PCE Price Index QoQ @ 08:30,1.3303275314573428,0.43581130795364925,2.2982603736161686,15.0
ES,2026-02-02 15:01:00+00:00,2026-02-02,1,10:00,ISM Manufacturing @ 10:00,-0.632472879350355,0.6350328433288671,1.61880590302072,15.0
ES,2026-02-02 16:31:00+00:00,2026-02-02,91,10:00,ISM Manufacturing @ 10:00,0.7573201124336334,0.711336401036479,1.4118423420700812,15.0
ES,2026-02-02 17:01:00+00:00,2026-02-02,121,10:00,ISM Manufacturing @ 10:00,0.8299167792984851,0.46485416263140267,2.207955616490646,15.0
ES,2026-02-04 15:01:00+00:00,2026-02-04,1,10:00,ISM Services Index @ 10:00,0.773732925866944,0.413290247809771,2.4527621516319162,15.0
ES,2026-02-04 15:31:00+00:00,2026-02-04,31,10:00,ISM Services Index @ 10:00,-1.0212370962111674,0.6376551516947196,1.5963950062682293,15.0
ES,2026-02-04 16:31:00+00:00,2026-02-04,91,10:00,ISM Services Index @ 10:00,0.4979098889375898,0.32234173777495995,3.1055712568291676,15.0
ES,2026-02-04 17:01:00+00:00,2026-02-04,121,10:00,ISM Services Index @ 10:00,2.0,0.5969002381397259,1.8091714955605702,15.0
ES,2026-02-10 14:31:00+00:00,2026-02-10,61,08:30,Employment Cost Index @ 08:30+Import Price Index YoY @ 08:30+Retail Sales Advance MoM @ 08:30,-0.771272359662126,0.6485247260807173,1.5812060725657666,15.0
ES,2026-02-10 15:01:00+00:00,2026-02-10,1,10:00,Business Inventories @ 10:00+Employment Cost Index @ 08:30+Import Price Index YoY @ 08:30+Retail Sales Advance MoM @ 08:30,-0.4745780027968917,0.6533961960289146,1.572651320307735,15.0
ES,2026-02-10 15:31:00+00:00,2026-02-10,121,08:30,Business Inventories @ 10:00+Employment Cost Index @ 08:30+Import Price Index YoY @ 08:30+Retail Sales Advance MoM @ 08:30,-0.5958180185918456,0.3112217481415081,3.23914812713696,15.0
ES,2026-02-11 15:01:00+00:00,2026-02-11,91,08:30,Change in Manufact. Payrolls @ 08:30,-0.6143134679254503,0.608888264309479,1.666889882090045,15.0
ES,2026-02-11 15:31:00+00:00,2026-02-11,121,08:30,Change in Manufact. Payrolls @ 08:30,-0.7155024135376523,0.846557963687937,1.1932068604933752,15.0
ES,2026-02-13 13:31:00+00:00,2026-02-13,1,08:30,CPI Index NSA @ 08:30,0.879252095445954,0.4342030743452385,2.3158259068550393,15.0
ES,2026-02-13 14:31:00+00:00,2026-02-13,61,08:30,CPI Index NSA @ 08:30,1.4070340750112516,0.441274764395439,2.2791099760172733,15.0
ES,2026-02-13 15:01:00+00:00,2026-02-13,91,08:30,CPI Index NSA @ 08:30,0.44482441592400085,0.3414492430910316,2.9433424405947326,15.0
ES,2026-02-13 15:31:00+00:00,2026-02-13,121,08:30,CPI Index NSA @ 08:30,1.682135901453507,0.42989600328137983,2.3507722424148643,15.0
ES,2026-02-18 20:31:00+00:00,2026-02-18,91,14:00,FOMC Meeting Minutes @ 14:00,0.6310965675047735,0.3380453300988318,2.9987393792852015,15.0
ES,2026-02-20 13:31:00+00:00,2026-02-20,1,08:30,Core PCE Price Index MoM @ 08:30+Core PCE Price Index QoQ @ 08:30,0.8965041022415486,0.39327651952361636,2.5993336478490483,15.0
ES,2026-02-20 14:01:00+00:00,2026-02-20,31,08:30,Core PCE Price Index MoM @ 08:30+Core PCE Price Index QoQ @ 08:30,-1.6113605337037287,0.3889099713795769,2.582165832456425,15.0
ES,2026-02-20 14:31:00+00:00,2026-02-20,61,08:30,Core PCE Price Index MoM @ 08:30+Core PCE Price Index QoQ @ 08:30,0.6048988994643678,0.6349425831993197,1.603788740159275,15.0
ES,2026-02-20 15:01:00+00:00,2026-02-20,91,08:30,Core PCE Price Index MoM @ 08:30+Core PCE Price Index QoQ @ 08:30+New Home Sales @ 10:00+U. of Mich. Sentiment @ 10:00,1.7490243685765432,0.35050667965187654,2.872117287198332,15.0
ES,2026-02-20 15:31:00+00:00,2026-02-20,121,08:30,Core PCE Price Index MoM @ 08:30+Core PCE Price Index QoQ @ 08:30+New Home Sales @ 10:00+U. of Mich. Sentiment @ 10:00,-0.7565927384673559,0.29298634877400076,3.4295439220820283,15.0
ES,2026-02-27 15:01:00+00:00,2026-02-27,1,10:00,ISM Manufacturing @ 10:00+PPI Ex Food and Energy MoM @ 08:30,0.6789463352712533,0.31643036046913564,3.181469701638465,15.0
ES,2026-02-27 16:01:00+00:00,2026-02-27,61,10:00,ISM Manufacturing @ 10:00+Kansas City Fed Services Activity @ 11:00,1.7607231631925981,0.38242305138535176,2.6852510119331585,15.0
ES,2026-02-27 16:31:00+00:00,2026-02-27,31,11:00,ISM Manufacturing @ 10:00+Kansas City Fed Services Activity @ 11:00,-1.1033851667132843,0.3309402687075511,3.0747077590988026,15.0
ES,2026-02-27 17:01:00+00:00,2026-02-27,61,11:00,ISM Manufacturing @ 10:00+Kansas City Fed Services Activity @ 11:00,2.0,0.4218326369612457,2.3975022550599294,15.0
ES,2026-03-02 15:31:00+00:00,2026-03-02,31,10:00,ISM Manufacturing @ 10:00,0.9352873969234955,0.42087129201188367,2.397887604047392,15.0
ES,2026-03-02 16:01:00+00:00,2026-03-02,61,10:00,ISM Manufacturing @ 10:00,1.0624655893797055,0.5041983071676394,1.991160858553686,15.0
ES,2026-03-02 16:31:00+00:00,2026-03-02,91,10:00,ISM Manufacturing @ 10:00,0.6130414654114561,0.5601382622382793,1.8128190463303684,15.0
ES,2026-03-02 17:01:00+00:00,2026-03-02,121,10:00,ISM Manufacturing @ 10:00,-0.7073700713242146,0.7099574207608076,1.4559427336078772,15.0
ES,2026-03-04 15:01:00+00:00,2026-03-04,1,10:00,ISM Services Index @ 10:00,0.5967385344402368,0.40953137982028553,2.4640743597798416,15.0
ES,2026-03-04 15:31:00+00:00,2026-03-04,31,10:00,ISM Services Index @ 10:00,1.318308476677763,0.897557342165355,1.124212155050247,15.0
ES,2026-03-04 16:01:00+00:00,2026-03-04,61,10:00,ISM Services Index @ 10:00,-1.1127356610811792,0.49429048336905396,2.0435524599832613,15.0
ES,2026-03-04 16:31:00+00:00,2026-03-04,91,10:00,ISM Services Index @ 10:00,0.6490091320560757,0.5602877599030579,1.8155649475490163,15.0
ES,2026-03-04 17:01:00+00:00,2026-03-04,121,10:00,ISM Services Index @ 10:00,2.0,0.40695374712529797,2.4628422827277445,15.0
ES,2026-03-06 13:31:00+00:00,2026-03-06,1,08:30,Change in Manufact. Payrolls @ 08:30+Retail Sales Advance MoM @ 08:30,0.6003548096593523,0.42915439635189456,2.361161950969478,15.0
ES,2026-03-06 14:31:00+00:00,2026-03-06,61,08:30,Change in Manufact. Payrolls @ 08:30+Retail Sales Advance MoM @ 08:30,-0.541021310000705,0.36436283207822684,2.751406382842652,15.0
ES,2026-03-06 15:01:00+00:00,2026-03-06,91,08:30,Business Inventories @ 10:00+Change in Manufact. Payrolls @ 08:30+Retail Sales Advance MoM @ 08:30,0.7596301893112009,0.3460640500573125,2.9269105020909776,15.0
ES,2026-03-06 15:31:00+00:00,2026-03-06,121,08:30,Business Inventories @ 10:00+Change in Manufact. Payrolls @ 08:30+Retail Sales Advance MoM @ 08:30,0.779612598948269,0.6269721678328944,1.6064577825683635,15.0
ES,2026-03-11 12:31:00+00:00,2026-03-11,1,08:30,CPI Index NSA @ 08:30+MBA Mortgage Applications @ 07:00,2.0,0.44130023842128785,2.3314159146952074,15.0
ES,2026-03-11 13:01:00+00:00,2026-03-11,31,08:30,CPI Index NSA @ 08:30+MBA Mortgage Applications @ 07:00,-1.074065887669471,0.3935738031943746,2.623448278563947,15.0
ES,2026-03-13 13:01:00+00:00,2026-03-13,31,08:30,Core PCE Price Index MoM @ 08:30+Core PCE Price Index QoQ @ 08:30+Durable Goods Orders @ 08:30,-1.5129792852594757,0.29559467241326426,3.3884425312477653,15.0
ES,2026-03-13 13:31:00+00:00,2026-03-13,61,08:30,Core PCE Price Index MoM @ 08:30+Core PCE Price Index QoQ @ 08:30+Durable Goods Orders @ 08:30,2.0,0.31095118670134025,3.2218805788764606,15.0
ES,2026-03-13 14:01:00+00:00,2026-03-13,1,10:00,Core PCE Price Index MoM @ 08:30+Core PCE Price Index QoQ @ 08:30+Durable Goods Orders @ 08:30+JOLTS Job Openings @ 10:00+U. of Mich. Sentiment @ 10:00,-0.3857524025349036,0.49975521638541487,2.0182875484902727,15.0
ES,2026-03-23 14:01:00+00:00,2026-03-23,1,10:00,Chicago Fed Nat Activity Index @ 08:30+ISM Manufacturing @ 10:00,-0.6981541986577834,0.6300802535257755,1.5910181063547728,15.0
ES,2026-03-23 15:01:00+00:00,2026-03-23,61,10:00,ISM Manufacturing @ 10:00,0.9511284043939182,0.331461429617594,3.045299152559109,15.0
ES,2026-03-23 15:31:00+00:00,2026-03-23,91,10:00,ISM Manufacturing @ 10:00,0.8332911760804952,0.5128560304007095,1.9565903499300825,15.0
ES,2026-03-23 16:01:00+00:00,2026-03-23,121,10:00,ISM Manufacturing @ 10:00,-0.5658572070851726,0.824897676514999,1.23994420498709,15.0
ES,2026-04-01 12:31:00+00:00,2026-04-01,1,08:30,MBA Mortgage Applications @ 07:00+Retail Sales Advance MoM @ 08:30,2.0,0.634859782506351,1.6123498258883031,15.0
ES,2026-04-01 13:01:00+00:00,2026-04-01,121,07:00,MBA Mortgage Applications @ 07:00+Retail Sales Advance MoM @ 08:30,2.0,0.423692612856695,2.4165506437106212,15.0
ES,2026-04-01 13:31:00+00:00,2026-04-01,61,08:30,Retail Sales Advance MoM @ 08:30,-1.0386026951460592,0.5467602681439838,1.8397390096795754,15.0
ES,2026-04-01 14:01:00+00:00,2026-04-01,91,08:30,Business Inventories @ 10:00+ISM Manufacturing @ 10:00+Retail Sales Advance MoM @ 08:30,1.6072321562530776,0.4450781379691999,2.2727124876917895,15.0
ES,2026-04-01 14:31:00+00:00,2026-04-01,121,08:30,Business Inventories @ 10:00+ISM Manufacturing @ 10:00+Retail Sales Advance MoM @ 08:30,0.33095677907302246,0.3175619964151924,3.1738854749535492,15.0
ES,2026-04-01 15:01:00+00:00,2026-04-01,61,10:00,Business Inventories @ 10:00+ISM Manufacturing @ 10:00,-0.8132821016897789,0.7343944303772494,1.3705958398424323,15.0
ES,2026-04-01 16:01:00+00:00,2026-04-01,121,10:00,Business Inventories @ 10:00+ISM Manufacturing @ 10:00,2.0,0.8114014595810928,1.2533152439007846,15.0
ES,2026-04-06 14:01:00+00:00,2026-04-06,1,10:00,ISM Services Index @ 10:00,0.7750419292546219,0.4618683541886701,2.169991316355141,15.0
ES,2026-04-06 14:31:00+00:00,2026-04-06,31,10:00,ISM Services Index @ 10:00,1.3203271669131205,0.5321749461416238,1.8910708149700273,15.0
ES,2026-04-06 15:01:00+00:00,2026-04-06,61,10:00,ISM Services Index @ 10:00,2.0,0.39067900991149923,2.576500045287225,15.0
ES,2026-04-06 15:31:00+00:00,2026-04-06,91,10:00,ISM Services Index @ 10:00,-0.5828227912208853,0.44183581750797524,2.2835108529976864,15.0
ES,2026-04-08 18:01:00+00:00,2026-04-08,1,14:00,FOMC Meeting Minutes @ 14:00,0.516176803488497,0.45658093995612153,2.2135103883103007,15.0
ES,2026-04-08 18:31:00+00:00,2026-04-08,31,14:00,FOMC Meeting Minutes @ 14:00,-0.8413648059901024,0.4036237812087971,2.649578304798979,15.0
ES,2026-04-08 19:01:00+00:00,2026-04-08,61,14:00,FOMC Meeting Minutes @ 14:00,0.20845720455225442,0.5599871682819616,1.873060824097008,15.0
ES,2026-04-08 19:31:00+00:00,2026-04-08,91,14:00,FOMC Meeting Minutes @ 14:00,-0.666693410692499,0.31282227297807125,3.3590025334330504,15.0
ES,2026-04-08 20:01:00+00:00,2026-04-08,121,14:00,FOMC Meeting Minutes @ 14:00,0.6669834360509478,0.511019252528707,2.0262232699647313,15.0
ES,2026-04-09 12:31:00+00:00,2026-04-09,1,08:30,Continuing Claims @ 08:30+Core PCE Price Index MoM @ 08:30+Core PCE Price Index QoQ @ 08:30,-1.56981726493942,0.3425360289644373,2.9317453871730232,15.0
ES,2026-04-09 13:01:00+00:00,2026-04-09,31,08:30,Continuing Claims @ 08:30+Core PCE Price Index MoM @ 08:30+Core PCE Price Index QoQ @ 08:30,-1.7761967098259843,0.46785992964788936,2.143272309247324,15.0
ES,2026-04-09 13:31:00+00:00,2026-04-09,61,08:30,Continuing Claims @ 08:30+Core PCE Price Index MoM @ 08:30+Core PCE Price Index QoQ @ 08:30,0.5522270404751624,0.5252607402535382,1.9378374028059018,15.0
ES,2026-04-09 14:01:00+00:00,2026-04-09,1,10:00,Continuing Claims @ 08:30+Core PCE Price Index MoM @ 08:30+Core PCE Price Index QoQ @ 08:30+Wholesale Inventories MoM @ 10:00,-0.6666201213732362,0.35832796980450926,2.806207363109521,15.0
ES,2026-04-09 14:31:00+00:00,2026-04-09,121,08:30,Continuing Claims @ 08:30+Core PCE Price Index MoM @ 08:30+Core PCE Price Index QoQ @ 08:30+Wholesale Inventories MoM @ 10:00,-0.8889133059218527,0.6736105477816097,1.4956250408670988,15.0
ES,2026-04-10 12:31:00+00:00,2026-04-10,1,08:30,CPI Index NSA @ 08:30,0.8272905292566678,0.5058768477365722,1.9944268129425058,15.0
ES,2026-04-10 13:31:00+00:00,2026-04-10,61,08:30,CPI Index NSA @ 08:30,0.570427999826644,0.49257059164290107,2.047438375275635,15.0
ES,2026-04-10 14:31:00+00:00,2026-04-10,31,10:00,CPI Index NSA @ 08:30+Durable Goods Orders @ 08:30+U. of Mich. Sentiment @ 10:00,-1.2564456273056213,0.7635119458983333,1.3245106864157083,15.0
ES,2026-04-21 14:01:00+00:00,2026-04-21,91,08:30,Business Inventories @ 10:00+Pending Home Sales MoM @ 10:00+Philadelphia Fed Non-Manufacturing Activity @ 08:30+Retail Sales Advance MoM @ 08:30,0.5890648671183073,0.8880085792146332,1.142049738951051,15.0
ES,2026-04-21 14:31:00+00:00,2026-04-21,31,10:00,Business Inventories @ 10:00+Pending Home Sales MoM @ 10:00+Philadelphia Fed Non-Manufacturing Activity @ 08:30+Retail Sales Advance MoM @ 08:30,0.6971094287352555,0.5131865213505722,1.9724721426581862,15.0
ES,2026-04-30 13:31:00+00:00,2026-04-30,61,08:30,Continuing Claims @ 08:30+Core PCE Price Index MoM @ 08:30+Core PCE Price Index QoQ @ 08:30+Employment Cost Index @ 08:30,-0.49069952848783127,0.5650327913814501,1.8165139317316525,15.0
ES,2026-04-30 14:01:00+00:00,2026-04-30,91,08:30,Continuing Claims @ 08:30+Core PCE Price Index MoM @ 08:30+Core PCE Price Index QoQ @ 08:30+Employment Cost Index @ 08:30+Leading Index @ 10:00,0.3264920484449745,0.47305283267513343,2.1336739000800202,15.0
ES,2026-05-01 14:31:00+00:00,2026-05-01,31,10:00,ISM Manufacturing @ 10:00,0.9080262023868436,0.34888346986335234,2.8917089262655424,15.0
ES,2026-05-01 16:01:00+00:00,2026-05-01,121,10:00,ISM Manufacturing @ 10:00,1.2380450167936072,0.3828250332270891,2.6453867045457873,15.0
ES,2026-05-05 14:31:00+00:00,2026-05-05,31,10:00,ISM Services Index @ 10:00+JOLTS Job Openings @ 10:00+New Home Sales @ 10:00+Trade Balance @ 08:30,-0.3525714288578695,0.40367810373568175,2.5012472800713206,15.0
ES,2026-05-07 14:31:00+00:00,2026-05-07,121,08:30,Continuing Claims @ 08:30+ISM Manufacturing @ 10:00+Nonfarm Productivity @ 08:30,0.7587772093528302,0.35397900870562626,2.8476982562547186,15.0
ES,2026-05-07 15:01:00+00:00,2026-05-07,61,10:00,ISM Manufacturing @ 10:00+NY Fed 1-Yr Inflation Expectations @ 11:00,1.0005490714432672,0.7380824272729498,1.3972533688929958,15.0
ES,2026-05-07 15:31:00+00:00,2026-05-07,91,10:00,ISM Manufacturing @ 10:00+NY Fed 1-Yr Inflation Expectations @ 11:00,1.2866038487230593,0.40357307287213484,2.5066186243240294,15.0
ES,2026-05-08 12:31:00+00:00,2026-05-08,1,08:30,Change in Manufact. Payrolls @ 08:30,0.9531845633197751,0.34793146629600413,2.8829954064652368,15.0
ES,2026-05-08 13:31:00+00:00,2026-05-08,61,08:30,Change in Manufact. Payrolls @ 08:30,0.9515665656949611,0.3858606867165159,2.6117414912064763,15.0
ES,2026-05-08 14:01:00+00:00,2026-05-08,1,10:00,Change in Manufact. Payrolls @ 08:30+U. of Mich. Sentiment @ 10:00+Wholesale Inventories MoM @ 10:00,-1.3177070138071816,0.7448212548393606,1.349969124642536,15.0
ES,2026-05-08 14:31:00+00:00,2026-05-08,121,08:30,Change in Manufact. Payrolls @ 08:30+U. of Mich. Sentiment @ 10:00+Wholesale Inventories MoM @ 10:00,1.1560414852133791,0.4071059875151258,2.4756779739288484,15.0
ES,2026-05-12 13:01:00+00:00,2026-05-12,31,08:30,CPI Index NSA @ 08:30,1.1973792316469998,0.726048336795042,1.3952492195302957,15.0
ES,2026-05-12 14:01:00+00:00,2026-05-12,91,08:30,CPI Index NSA @ 08:30,0.7720678943027809,0.4419839898715293,2.2663646486951907,15.0
ES,2026-05-12 14:31:00+00:00,2026-05-12,121,08:30,CPI Index NSA @ 08:30,0.47705221234079453,0.47376591308506555,2.130434496510922,15.0
ES,2026-05-14 12:31:00+00:00,2026-05-14,1,08:30,Continuing Claims @ 08:30+Import Price Index YoY @ 08:30+Retail Sales Advance MoM @ 08:30,0.9152273475768121,0.38473780312557304,2.6063409786805485,15.0
ES,2026-05-20 18:01:00+00:00,2026-05-20,1,14:00,FOMC Meeting Minutes @ 14:00,1.0449881433845778,0.3376126243992917,3.11371673957906,15.0
ES,2026-05-20 19:01:00+00:00,2026-05-20,61,14:00,FOMC Meeting Minutes @ 14:00,-0.7084174964772275,0.3081403977647573,3.3179943606526696,15.0
ES,2026-05-20 19:31:00+00:00,2026-05-20,91,14:00,FOMC Meeting Minutes @ 14:00,0.9006377043883886,0.4251580368800855,2.3911573627465676,15.0
ES,2026-05-28 12:31:00+00:00,2026-05-28,1,08:30,Continuing Claims @ 08:30+Core PCE Price Index MoM @ 08:30+Core PCE Price Index QoQ @ 08:30+Durable Goods Orders @ 08:30,1.5611909154582648,0.3686553428005153,2.7393922191903535,15.0
ES,2026-05-28 13:01:00+00:00,2026-05-28,31,08:30,Continuing Claims @ 08:30+Core PCE Price Index MoM @ 08:30+Core PCE Price Index QoQ @ 08:30+Durable Goods Orders @ 08:30,-1.2829915336271762,0.6582911764813238,1.5514022341730456,15.0
ES,2026-05-28 13:31:00+00:00,2026-05-28,61,08:30,Continuing Claims @ 08:30+Core PCE Price Index MoM @ 08:30+Core PCE Price Index QoQ @ 08:30+Durable Goods Orders @ 08:30,0.2534310374092193,0.5087854210139934,2.007015174077039,15.0
ES,2026-05-28 14:01:00+00:00,2026-05-28,91,08:30,Continuing Claims @ 08:30+Core PCE Price Index MoM @ 08:30+Core PCE Price Index QoQ @ 08:30+Durable Goods Orders @ 08:30+New Home Sales @ 10:00,0.7736679150423988,0.510053408079141,1.9826704369498216,15.0
ES,2026-05-28 14:31:00+00:00,2026-05-28,31,10:00,Continuing Claims @ 08:30+Core PCE Price Index MoM @ 08:30+Core PCE Price Index QoQ @ 08:30+Durable Goods Orders @ 08:30+New Home Sales @ 10:00,-1.7144161528368032,0.4717682067323371,2.157687931690296,15.0
ES,2026-06-01 14:01:00+00:00,2026-06-01,1,10:00,ISM Manufacturing @ 10:00,-0.735631670136625,0.38700217374463636,2.607277984573685,15.0
ES,2026-06-01 14:31:00+00:00,2026-06-01,31,10:00,ISM Manufacturing @ 10:00,0.7418638481267998,0.28578784434930665,3.5052354558446095,15.0
ES,2026-06-01 15:01:00+00:00,2026-06-01,61,10:00,ISM Manufacturing @ 10:00,-1.4335280147365599,0.31847083249324604,3.167083618312949,15.0
ES,2026-06-01 16:01:00+00:00,2026-06-01,121,10:00,ISM Manufacturing @ 10:00,0.8684706868517641,0.40733284880722664,2.471179408591928,15.0
ES,2026-06-03 14:31:00+00:00,2026-06-03,31,10:00,Durable Goods Orders @ 08:30+ISM Services Index @ 10:00,-0.6794964510162241,0.3193005280652572,3.161074858093488,15.0
ES,2026-06-03 15:31:00+00:00,2026-06-03,91,10:00,Durable Goods Orders @ 08:30+ISM Services Index @ 10:00,-0.9121605755562724,0.3722450725973705,2.7182976299617825,15.0
ES,2026-06-05 13:31:00+00:00,2026-06-05,61,08:30,Change in Manufact. Payrolls @ 08:30,-0.5515520697536527,0.25579261280470417,3.914638224135614,15.0
ES,2026-06-05 14:01:00+00:00,2026-06-05,91,08:30,Change in Manufact. Payrolls @ 08:30,-0.5770336797108317,0.9115546445859494,1.1251353867105012,15.0
ES,2026-06-05 14:31:00+00:00,2026-06-05,121,08:30,Change in Manufact. Payrolls @ 08:30,0.8807392555352793,0.44621366995950296,2.2678504916233693,15.0
ES,2026-06-10 13:01:00+00:00,2026-06-10,121,07:00,CPI Index NSA @ 08:30+MBA Mortgage Applications @ 07:00,1.4055075396151488,0.3509416843394874,3.0110190545301654,15.0
ES,2026-06-10 13:31:00+00:00,2026-06-10,61,08:30,CPI Index NSA @ 08:30,-0.26661659647050395,0.32528178452526996,3.101041168245856,15.0
ES,2026-06-10 14:31:00+00:00,2026-06-10,121,08:30,CPI Index NSA @ 08:30,0.6235318470992366,0.3062000588870188,3.2732715248532207,15.0
ES,2026-06-17 12:31:00+00:00,2026-06-17,1,08:30,MBA Mortgage Applications @ 07:00+Retail Sales Advance MoM @ 08:30,1.5091335075613548,0.3245133342203294,3.1138362640401995,15.0
ES,2026-06-17 13:31:00+00:00,2026-06-17,61,08:30,Retail Sales Advance MoM @ 08:30,-0.7946821510680486,0.4277090438528571,2.356602960295005,15.0
ES,2026-06-17 14:01:00+00:00,2026-06-17,1,10:00,Business Inventories @ 10:00+Pending Home Sales MoM @ 10:00+Retail Sales Advance MoM @ 08:30,1.1804057592413566,0.4323381247184559,2.322288375124994,15.0
ES,2026-06-17 14:31:00+00:00,2026-06-17,31,10:00,Business Inventories @ 10:00+Pending Home Sales MoM @ 10:00+Retail Sales Advance MoM @ 08:30,-1.0835099723444375,0.6542357586190138,1.5424145472976039,15.0
ES,2026-06-25 12:31:00+00:00,2026-06-25,1,08:30,Chicago Fed Nat Activity Index @ 08:30+Continuing Claims @ 08:30+Core PCE Price Index MoM @ 08:30+Core PCE Price Index QoQ @ 08:30+Durable Goods Orders @ 08:30,0.812425531289828,0.543398232973969,2.007580599815761,15.0
ES,2026-06-25 13:31:00+00:00,2026-06-25,61,08:30,Chicago Fed Nat Activity Index @ 08:30+Continuing Claims @ 08:30+Core PCE Price Index MoM @ 08:30+Core PCE Price Index QoQ @ 08:30+Durable Goods Orders @ 08:30,-0.4031344993707639,0.33689362145954815,3.0129701233658306,15.0
NQ,2021-01-04 15:01:00+00:00,2021-01-04,1,10:00,ISM Manufacturing @ 10:00,-0.41779553954643806,0.3726700965540349,2.7125112737950436,15.0
NQ,2021-01-04 15:31:00+00:00,2021-01-04,31,10:00,ISM Manufacturing @ 10:00,-0.7862532592903051,0.45438965861154396,2.2206053014007505,15.0
NQ,2021-01-04 16:01:00+00:00,2021-01-04,61,10:00,ISM Manufacturing @ 10:00,0.43654802650435187,0.7886256479289961,1.2744382086002914,15.0
NQ,2021-01-04 17:01:00+00:00,2021-01-04,121,10:00,ISM Manufacturing @ 10:00,0.4370288363768008,0.6410791025327802,1.588076046841068,15.0
NQ,2021-01-05 15:01:00+00:00,2021-01-05,1,10:00,ISM Manufacturing @ 10:00,2.0,0.7244215807519908,1.4065955816171791,15.0
NQ,2021-01-05 17:01:00+00:00,2021-01-05,121,10:00,ISM Manufacturing @ 10:00,-0.6064076805827697,0.3883144215781121,2.597659709155862,15.0
NQ,2021-01-06 19:31:00+00:00,2021-01-06,31,14:00,FOMC Meeting Minutes @ 14:00,0.7858703497148631,0.5076377597325973,2.0271801986712568,15.0
NQ,2021-01-06 20:01:00+00:00,2021-01-06,61,14:00,FOMC Meeting Minutes @ 14:00,0.7529827512775067,0.4396066055458711,2.34684775522372,15.0
NQ,2021-01-06 20:31:00+00:00,2021-01-06,91,14:00,FOMC Meeting Minutes @ 14:00,-0.7697533864744742,0.31752992582450973,3.2309060529648894,15.0
NQ,2021-01-06 21:01:00+00:00,2021-01-06,121,14:00,FOMC Meeting Minutes @ 14:00,0.4884559790353531,0.41620857037097375,2.4269919801917634,15.0
NQ,2021-01-08 14:01:00+00:00,2021-01-08,31,08:30,Change in Manufact. Payrolls @ 08:30,1.4292442909012488,0.49579996746726257,2.0281316408906203,15.0
NQ,2021-01-08 14:31:00+00:00,2021-01-08,61,08:30,Change in Manufact. Payrolls @ 08:30,-0.3028470288279595,0.49556925784789635,2.038248122860696,15.0
NQ,2021-01-08 15:01:00+00:00,2021-01-08,91,08:30,Change in Manufact. Payrolls @ 08:30+Wholesale Inventories MoM @ 10:00,-0.4747603323331072,0.31881190045803615,3.1437362065168415,15.0
NQ,2021-01-08 15:31:00+00:00,2021-01-08,31,10:00,Change in Manufact. Payrolls @ 08:30+Wholesale Inventories MoM @ 10:00,0.3451455882302741,0.5966894971354062,1.7014028853064773,15.0
NQ,2021-01-13 14:31:00+00:00,2021-01-13,61,08:30,CPI Index NSA @ 08:30,0.324736411869717,0.7284597137631806,1.446428452829327,15.0
NQ,2021-01-13 15:01:00+00:00,2021-01-13,91,08:30,CPI Index NSA @ 08:30,-0.47414001175740883,0.4961992113512226,2.033503925996013,15.0
NQ,2021-01-13 15:31:00+00:00,2021-01-13,121,08:30,CPI Index NSA @ 08:30,1.4939164865965908,0.6622800706989171,1.5281112348313224,15.0
NQ,2021-01-26 15:01:00+00:00,2021-01-26,61,09:00,Conf. Board Consumer Confidence @ 10:00+FHFA House Price Index MoM @ 09:00+Richmond Fed Manufact. Index @ 10:00+S&P Cotality CS 20-City MoM SA @ 09:00,0.9052053442438515,0.4990128598340559,2.1126380710647146,15.0
NQ,2021-01-26 16:31:00+00:00,2021-01-26,91,10:00,Conf. Board Consumer Confidence @ 10:00+Richmond Fed Manufact. Index @ 10:00,-0.5517223660154118,0.36558830022102806,2.740826907375114,15.0
NQ,2021-02-01 15:01:00+00:00,2021-02-01,1,10:00,ISM Manufacturing @ 10:00,0.7258198369507812,0.7355996287049094,1.378986411453812,15.0
NQ,2021-02-01 16:01:00+00:00,2021-02-01,61,10:00,ISM Manufacturing @ 10:00,1.3181876570047837,0.5118183259418903,1.9782871013671968,15.0
NQ,2021-02-01 16:31:00+00:00,2021-02-01,91,10:00,ISM Manufacturing @ 10:00,0.9909738463694906,0.9376815309594907,1.0786371181210088,15.0
NQ,2021-02-01 17:01:00+00:00,2021-02-01,121,10:00,ISM Manufacturing @ 10:00,-0.792550330952143,0.4973306356895839,2.0187582879105004,15.0
NQ,2021-02-05 14:31:00+00:00,2021-02-05,61,08:30,Change in Manufact. Payrolls @ 08:30+Trade Balance @ 08:30,0.6351651414454476,0.34116443515343065,3.0145619720992443,15.0
NQ,2021-02-10 13:31:00+00:00,2021-02-10,91,07:00,CPI Index NSA @ 08:30+MBA Mortgage Applications @ 07:00,0.43557563597229554,0.3509251900946353,3.0517779526200046,15.0
NQ,2021-02-10 14:31:00+00:00,2021-02-10,61,08:30,CPI Index NSA @ 08:30,-0.47195398447408826,0.3381487142826121,2.9939477465587774,15.0
NQ,2021-02-10 15:01:00+00:00,2021-02-10,91,08:30,CPI Index NSA @ 08:30+Wholesale Inventories MoM @ 10:00,-0.7493590700469457,0.3127149019749089,3.2019532903932197,15.0
NQ,2021-02-10 15:31:00+00:00,2021-02-10,121,08:30,CPI Index NSA @ 08:30+Wholesale Inventories MoM @ 10:00,-0.43359132676674955,0.8567834608385778,1.195121383384756,15.0
NQ,2021-02-17 19:01:00+00:00,2021-02-17,1,14:00,FOMC Meeting Minutes @ 14:00,0.7739292733927071,0.31700245955463563,3.182795184450306,15.0
NQ,2021-02-17 19:31:00+00:00,2021-02-17,31,14:00,FOMC Meeting Minutes @ 14:00,-0.4788786685947325,0.6574977546029003,1.7289784634299201,15.0
NQ,2021-02-17 20:31:00+00:00,2021-02-17,91,14:00,FOMC Meeting Minutes @ 14:00,-0.902480618150435,0.4453359034483231,2.2904163201422323,15.0
NQ,2021-02-17 21:01:00+00:00,2021-02-17,121,14:00,FOMC Meeting Minutes @ 14:00,1.6870117442089667,0.2848468772567968,3.5492405363168333,15.0
NQ,2021-02-23 15:01:00+00:00,2021-02-23,61,09:00,Conf. Board Consumer Confidence @ 10:00+FHFA House Price Index MoM @ 09:00+Richmond Fed Manufact. Index @ 10:00+S&P Cotality CS 20-City MoM SA @ 09:00,0.9364553026752588,0.5574883981633688,1.8924362518838234,15.0
NQ,2021-02-23 15:31:00+00:00,2021-02-23,91,09:00,Conf. Board Consumer Confidence @ 10:00+FHFA House Price Index MoM @ 09:00+Richmond Fed Manufact. Index @ 10:00+S&P Cotality CS 20-City MoM SA @ 09:00,-0.6992507384521369,0.5476549155118006,2.029309692910906,15.0
NQ,2021-02-23 16:31:00+00:00,2021-02-23,91,10:00,Conf. Board Consumer Confidence @ 10:00+Richmond Fed Manufact. Index @ 10:00,-0.7378282040504106,0.6313331399422337,1.6040660379295943,15.0
NQ,2021-03-01 16:01:00+00:00,2021-03-01,61,10:00,ISM Manufacturing @ 10:00,0.5595647247685652,0.7507028318682305,1.3404836797158974,15.0
NQ,2021-03-05 14:01:00+00:00,2021-03-05,31,08:30,Change in Manufact. Payrolls @ 08:30+Trade Balance @ 08:30,-0.8103224652669752,0.8684065837104674,1.1839579862502547,15.0
NQ,2021-03-05 14:31:00+00:00,2021-03-05,61,08:30,Change in Manufact. Payrolls @ 08:30+Trade Balance @ 08:30,0.35348941783134075,0.4069409345148258,2.4842505318566173,15.0
NQ,2021-03-05 15:31:00+00:00,2021-03-05,121,08:30,Change in Manufact. Payrolls @ 08:30+Trade Balance @ 08:30,0.6981445703895236,0.5264754435879095,1.9172041034789002,15.0
NQ,2021-03-10 13:31:00+00:00,2021-03-10,91,07:00,CPI Index NSA @ 08:30+MBA Mortgage Applications @ 07:00,0.3866230447760706,0.3615498821947762,2.934411369800907,15.0
NQ,2021-03-10 14:31:00+00:00,2021-03-10,61,08:30,CPI Index NSA @ 08:30,-0.48056529343438803,0.5095498706699498,1.9938287753577109,15.0
NQ,2021-03-10 15:01:00+00:00,2021-03-10,91,08:30,CPI Index NSA @ 08:30,0.8929201984184318,0.4228737227133867,2.438657477754738,15.0
NQ,2021-03-10 15:31:00+00:00,2021-03-10,121,08:30,CPI Index NSA @ 08:30,0.6026426400392109,0.7452479271969664,1.34651288664989,15.0
NQ,2021-03-23 14:01:00+00:00,2021-03-23,1,10:00,Current Account Balance @ 08:30+New Home Sales @ 10:00+Richmond Fed Manufact. Index @ 10:00,0.3680214755912588,0.447748453242305,2.2429074297556095,15.0
NQ,2021-03-23 14:31:00+00:00,2021-03-23,121,08:30,Current Account Balance @ 08:30+New Home Sales @ 10:00+Richmond Fed Manufact. Index @ 10:00,-0.4870321070006235,0.42723395059672237,2.356226853033574,15.0
NQ,2021-03-23 15:01:00+00:00,2021-03-23,61,10:00,New Home Sales @ 10:00+Richmond Fed Manufact. Index @ 10:00,0.6175805784494502,0.6259461822336886,1.6222867391512867,15.0
NQ,2021-04-01 14:01:00+00:00,2021-04-01,1,10:00,Continuing Claims @ 08:30+ISM Manufacturing @ 10:00,-0.7935906034424968,0.4687621273824991,2.143560495113638,15.0
NQ,2021-04-01 14:31:00+00:00,2021-04-01,121,08:30,Continuing Claims @ 08:30+ISM Manufacturing @ 10:00,-0.49748991035268525,0.6594515826472205,1.5827440300850837,15.0
NQ,2021-04-01 15:31:00+00:00,2021-04-01,91,10:00,ISM Manufacturing @ 10:00,0.7294073619463924,0.48920597844176555,2.0634989975966143,15.0
NQ,2021-04-07 18:31:00+00:00,2021-04-07,31,14:00,FOMC Meeting Minutes @ 14:00,0.4026255375622601,0.4276240308432525,2.3675335358426186,15.0
NQ,2021-04-07 19:01:00+00:00,2021-04-07,1,15:00,Consumer Credit @ 15:00+FOMC Meeting Minutes @ 14:00,0.9863618060522416,0.2646027923709323,3.9835470358746297,15.0
NQ,2021-04-07 19:31:00+00:00,2021-04-07,31,15:00,Consumer Credit @ 15:00+FOMC Meeting Minutes @ 14:00,-0.42218893001124563,0.4193933146533697,3.099020859843826,15.0
NQ,2021-04-07 20:01:00+00:00,2021-04-07,121,14:00,Consumer Credit @ 15:00+FOMC Meeting Minutes @ 14:00,-0.4845668113843926,0.3743761215507798,2.8517233054051,15.0
NQ,2021-04-13 12:31:00+00:00,2021-04-13,1,08:30,CPI Index NSA @ 08:30,0.5974849860743334,0.5090809577397444,1.9859036084328625,15.0
NQ,2021-04-13 13:01:00+00:00,2021-04-13,31,08:30,CPI Index NSA @ 08:30,0.9499815694520453,0.4643761805662063,2.1710453691028713,15.0
NQ,2021-04-13 13:31:00+00:00,2021-04-13,61,08:30,CPI Index NSA @ 08:30,-1.5073945499523578,0.4259135071390731,2.3530064272445976,15.0
NQ,2021-04-13 14:01:00+00:00,2021-04-13,91,08:30,CPI Index NSA @ 08:30,-0.6254299162736563,0.7380951253894759,1.3642632885296195,15.0
NQ,2021-04-13 14:31:00+00:00,2021-04-13,121,08:30,CPI Index NSA @ 08:30,0.788415511961042,0.5395140779324199,1.8882493770723983,15.0
NQ,2021-04-27 14:01:00+00:00,2021-04-27,1,10:00,Conf. Board Consumer Confidence @ 10:00+FHFA House Price Index MoM @ 09:00+Richmond Fed Manufact. Index @ 10:00+S&P Cotality CS 20-City MoM SA @ 09:00,0.538718556795325,0.5768538965993455,1.9685730052572694,15.0
NQ,2021-04-27 15:01:00+00:00,2021-04-27,61,10:00,Conf. Board Consumer Confidence @ 10:00+FHFA House Price Index MoM @ 09:00+Richmond Fed Manufact. Index @ 10:00+S&P Cotality CS 20-City MoM SA @ 09:00,-0.48460228517282644,0.40653319305244495,2.839592620712729,15.0
NQ,2021-04-27 16:01:00+00:00,2021-04-27,121,10:00,Conf. Board Consumer Confidence @ 10:00+Richmond Fed Manufact. Index @ 10:00,-0.9584247954365641,0.5368421927123901,1.8692283426324947,15.0
NQ,2021-05-03 14:01:00+00:00,2021-05-03,1,10:00,ISM Manufacturing @ 10:00,0.4265486510622059,0.43415095939496,2.3112951741203998,15.0
NQ,2021-05-03 14:31:00+00:00,2021-05-03,31,10:00,ISM Manufacturing @ 10:00,-0.4898622399771849,0.5728718254993354,1.7694413382613836,15.0
NQ,2021-05-03 15:01:00+00:00,2021-05-03,61,10:00,ISM Manufacturing @ 10:00,0.7486151154924355,0.9080974036007036,1.1198493146822188,15.0
NQ,2021-05-03 15:31:00+00:00,2021-05-03,91,10:00,ISM Manufacturing @ 10:00,0.7105141415941457,0.6350078256493185,1.5830127929836995,15.0
NQ,2021-05-03 16:01:00+00:00,2021-05-03,121,10:00,ISM Manufacturing @ 10:00,0.7387594517294016,0.3241223342429906,3.096728160016294,15.0
NQ,2021-05-07 12:31:00+00:00,2021-05-07,1,08:30,Change in Manufact. Payrolls @ 08:30,0.428557759006109,0.44351492422000266,2.3064123059426493,15.0
NQ,2021-05-07 13:01:00+00:00,2021-05-07,31,08:30,Change in Manufact. Payrolls @ 08:30,1.3051767912698464,0.33139450977157253,3.0394804173102146,15.0
NQ,2021-05-07 13:31:00+00:00,2021-05-07,61,08:30,Change in Manufact. Payrolls @ 08:30,-0.5781072394704982,0.4811683078514081,2.0941469605720333,15.0
NQ,2021-05-07 14:31:00+00:00,2021-05-07,31,10:00,Change in Manufact. Payrolls @ 08:30+Mortgage Delinquencies @ 10:00+Wholesale Inventories MoM @ 10:00,0.836160082737822,0.6488083511286233,1.5701706230537045,15.0
NQ,2021-05-12 12:31:00+00:00,2021-05-12,91,07:00,CPI Index NSA @ 08:30+MBA Mortgage Applications @ 07:00,1.8701902593806403,0.2883936181170207,3.6504207036594676,15.0
NQ,2021-05-12 13:01:00+00:00,2021-05-12,31,08:30,CPI Index NSA @ 08:30+MBA Mortgage Applications @ 07:00,1.2110051038394298,0.29708937576735833,3.408314095302044,15.0
NQ,2021-05-12 13:31:00+00:00,2021-05-12,61,08:30,CPI Index NSA @ 08:30,0.45681287040932195,0.4511616205987564,2.2306059441555424,15.0
NQ,2021-05-19 18:01:00+00:00,2021-05-19,1,14:00,FOMC Meeting Minutes @ 14:00,1.0843490218106164,0.33593435402709826,3.0742886951161736,15.0
NQ,2021-05-19 18:31:00+00:00,2021-05-19,31,14:00,FOMC Meeting Minutes @ 14:00,-0.33973465402132613,0.4238377252169433,2.457893135381228,15.0
NQ,2021-05-19 19:01:00+00:00,2021-05-19,61,14:00,FOMC Meeting Minutes @ 14:00,0.6095093560460736,0.40421328528797473,2.521929014956526,15.0
NQ,2021-05-19 19:31:00+00:00,2021-05-19,91,14:00,FOMC Meeting Minutes @ 14:00,-0.5474471943035264,0.574919805702993,1.8775540764536112,15.0
NQ,2021-05-25 14:01:00+00:00,2021-05-25,1,10:00,Conf. Board Consumer Confidence @ 10:00+FHFA House Price Index MoM @ 09:00+New Home Sales @ 10:00+Richmond Fed Manufact. Index @ 10:00+S&P Cotality CS 20-City MoM SA @ 09:00,-0.9591891929134223,0.5278516626190898,2.0005302917816836,15.0
NQ,2021-05-25 14:31:00+00:00,2021-05-25,91,09:00,Conf. Board Consumer Confidence @ 10:00+FHFA House Price Index MoM @ 09:00+New Home Sales @ 10:00+Richmond Fed Manufact. Index @ 10:00+S&P Cotality CS 20-City MoM SA @ 09:00,-0.9508759140667181,0.2825697424070427,3.573329900388161,15.0
NQ,2021-05-25 15:01:00+00:00,2021-05-25,61,10:00,Conf. Board Consumer Confidence @ 10:00+FHFA House Price Index MoM @ 09:00+New Home Sales @ 10:00+Richmond Fed Manufact. Index @ 10:00+S&P Cotality CS 20-City MoM SA @ 09:00,-0.6691886410342661,0.675088561354153,1.5924196987171046,15.0
NQ,2021-05-25 15:31:00+00:00,2021-05-25,91,10:00,Conf. Board Consumer Confidence @ 10:00+New Home Sales @ 10:00+Richmond Fed Manufact. Index @ 10:00,-0.3887385727340435,0.503288439694908,1.9984324093442865,15.0
NQ,2021-05-25 16:01:00+00:00,2021-05-25,121,10:00,Conf. Board Consumer Confidence @ 10:00+New Home Sales @ 10:00+Richmond Fed Manufact. Index @ 10:00,-0.5542364052459853,0.4900109370258586,2.0449092157681603,15.0
NQ,2021-06-01 14:01:00+00:00,2021-06-01,1,10:00,ISM Manufacturing @ 10:00,-0.5879310395348312,0.6787496083988872,1.4849709050829811,15.0
NQ,2021-06-01 14:31:00+00:00,2021-06-01,31,10:00,Dallas Fed Manf. Activity @ 10:30+ISM Manufacturing @ 10:00,-0.6939033989465272,0.5255851398041733,2.297116875525554,15.0
NQ,2021-06-01 15:01:00+00:00,2021-06-01,61,10:00,Dallas Fed Manf. Activity @ 10:30+ISM Manufacturing @ 10:00,0.5536317670147585,0.682094385780903,1.8877384489655813,15.0
NQ,2021-06-01 15:31:00+00:00,2021-06-01,61,10:30,Dallas Fed Manf. Activity @ 10:30+ISM Manufacturing @ 10:00,0.9810122364100032,0.6361286654655617,1.924249871965606,15.0
NQ,2021-06-01 16:01:00+00:00,2021-06-01,121,10:00,Dallas Fed Manf. Activity @ 10:30+ISM Manufacturing @ 10:00,1.2441787765052421,0.28776977645371976,3.7484289343489574,15.0
NQ,2021-06-04 12:31:00+00:00,2021-06-04,1,08:30,Change in Manufact. Payrolls @ 08:30,0.4211579236592334,0.40239996817357193,2.541975842283745,15.0
NQ,2021-06-04 13:31:00+00:00,2021-06-04,61,08:30,Change in Manufact. Payrolls @ 08:30,-0.4125625047506004,0.35354245886005037,2.8621288901738104,15.0
NQ,2021-06-04 14:01:00+00:00,2021-06-04,91,08:30,Change in Manufact. Payrolls @ 08:30+Durable Goods Orders @ 08:30,1.1296001415753891,0.860005503399518,1.1738137713315582,15.0
NQ,2021-06-04 14:31:00+00:00,2021-06-04,121,08:30,Change in Manufact. Payrolls @ 08:30+Durable Goods Orders @ 08:30,-0.4058065078087883,0.29321136689397964,3.4143142277982252,15.0
NQ,2021-06-10 12:31:00+00:00,2021-06-10,1,08:30,CPI Index NSA @ 08:30+Continuing Claims @ 08:30,-0.5612128253256671,0.38425382054158846,2.6271737763361407,15.0
NQ,2021-06-10 13:01:00+00:00,2021-06-10,31,08:30,CPI Index NSA @ 08:30+Continuing Claims @ 08:30,0.23984390911787157,0.4157298225042679,2.422733642548829,15.0
NQ,2021-06-10 13:31:00+00:00,2021-06-10,61,08:30,CPI Index NSA @ 08:30+Continuing Claims @ 08:30,0.3741613533294501,0.28180069824936105,3.5553197006385564,15.0
NQ,2021-06-10 14:01:00+00:00,2021-06-10,91,08:30,CPI Index NSA @ 08:30+Continuing Claims @ 08:30,1.1418889958320926,0.8602261551451289,1.1755662298256666,15.0
NQ,2021-06-22 15:01:00+00:00,2021-06-22,61,10:00,Existing Home Sales @ 10:00+Richmond Fed Manufact. Index @ 10:00,-0.4455622738061331,0.5525902661208091,1.8207691532531283,15.0
NQ,2021-06-22 15:31:00+00:00,2021-06-22,91,10:00,Existing Home Sales @ 10:00+Richmond Fed Manufact. Index @ 10:00,0.7318730534517268,0.8593712912520068,1.1749442830564294,15.0
NQ,2021-07-01 14:31:00+00:00,2021-07-01,121,08:30,Continuing Claims @ 08:30+ISM Manufacturing @ 10:00,-0.3320513231357125,0.6091410722856668,1.6545152117193234,15.0
NQ,2021-07-01 15:01:00+00:00,2021-07-01,61,10:00,ISM Manufacturing @ 10:00,0.8640699188561723,0.40236427336670016,2.4933711197580957,15.0
NQ,2021-07-01 15:31:00+00:00,2021-07-01,91,10:00,ISM Manufacturing @ 10:00,2.0,0.6995544704365821,1.4461781638177431,15.0
NQ,2021-07-01 16:01:00+00:00,2021-07-01,121,10:00,ISM Manufacturing @ 10:00,-1.3417551423872494,0.8027088434670895,1.2527451629832742,15.0
NQ,2021-07-02 13:01:00+00:00,2021-07-02,31,08:30,Change in Manufact. Payrolls @ 08:30+Trade Balance @ 08:30,1.019954694057363,0.29770421833394534,3.369948099758576,15.0
NQ,2021-07-02 13:31:00+00:00,2021-07-02,61,08:30,Change in Manufact. Payrolls @ 08:30+Trade Balance @ 08:30,0.7038802024471489,0.39317362044415405,2.565448858274303,15.0
NQ,2021-07-02 14:01:00+00:00,2021-07-02,91,08:30,Change in Manufact. Payrolls @ 08:30+Durable Goods Orders @ 08:30+Trade Balance @ 08:30,0.7174069180770934,0.5295022680791637,1.9014348005940038,15.0
NQ,2021-07-07 18:31:00+00:00,2021-07-07,31,14:00,FOMC Meeting Minutes @ 14:00,0.3981415505146649,0.22041294447946513,4.573381652337212,15.0
NQ,2021-07-07 19:31:00+00:00,2021-07-07,91,14:00,FOMC Meeting Minutes @ 14:00,-0.4796367614739723,0.5847386885576606,1.7742002409694693,15.0
NQ,2021-07-13 12:31:00+00:00,2021-07-13,1,08:30,CPI Index NSA @ 08:30,0.7587658784264814,0.5084569783309478,2.3415283263743976,15.0
NQ,2021-07-13 13:01:00+00:00,2021-07-13,31,08:30,CPI Index NSA @ 08:30,0.9170284480861792,0.5157790017429077,1.9462401054390825,15.0
NQ,2021-07-27 14:01:00+00:00,2021-07-27,91,08:30,Conf. Board Consumer Confidence @ 10:00+Durable Goods Orders @ 08:30+FHFA House Price Index MoM @ 09:00+Richmond Fed Manufact. Index @ 10:00+S&P Cotality CS 20-City MoM SA @ 09:00,0.44753867899982813,0.42987422722234747,2.404813975072952,15.0
NQ,2021-07-27 14:31:00+00:00,2021-07-27,91,09:00,Conf. Board Consumer Confidence @ 10:00+Durable Goods Orders @ 08:30+FHFA House Price Index MoM @ 09:00+Richmond Fed Manufact. Index @ 10:00+S&P Cotality CS 20-City MoM SA @ 09:00,-0.3929790756716811,0.5511267061207286,1.907938364519494,15.0
NQ,2021-07-27 15:31:00+00:00,2021-07-27,91,10:00,Conf. Board Consumer Confidence @ 10:00+Richmond Fed Manufact. Index @ 10:00,-0.4192704083191777,0.8160036333487037,1.2295907044329941,15.0
NQ,2021-07-27 16:01:00+00:00,2021-07-27,121,10:00,Conf. Board Consumer Confidence @ 10:00+Richmond Fed Manufact. Index @ 10:00,1.3885147110916751,0.3313345064982649,3.047277632607853,15.0
NQ,2021-08-02 14:01:00+00:00,2021-08-02,1,10:00,ISM Manufacturing @ 10:00,0.45157934691122714,0.6619004882846636,1.5583048270958093,15.0
NQ,2021-08-02 15:01:00+00:00,2021-08-02,61,10:00,ISM Manufacturing @ 10:00,0.4975945339338865,0.6716345508196316,1.5000129960879423,15.0
NQ,2021-08-02 15:31:00+00:00,2021-08-02,91,10:00,ISM Manufacturing @ 10:00,-1.5570532489466018,0.6980330284849187,1.4501442531852362,15.0
NQ,2021-08-02 16:01:00+00:00,2021-08-02,121,10:00,ISM Manufacturing @ 10:00,-0.681325670461846,0.6007530849778154,1.7038368099317625,15.0
NQ,2021-08-06 13:31:00+00:00,2021-08-06,61,08:30,Change in Manufact. Payrolls @ 08:30,0.9470006257468465,0.4685752837719999,2.1363436085363032,15.0
NQ,2021-08-06 14:01:00+00:00,2021-08-06,91,08:30,Change in Manufact. Payrolls @ 08:30+Wholesale Inventories MoM @ 10:00,-0.6939807992314079,0.5259415470528628,1.9231251793169473,15.0
NQ,2021-08-06 14:31:00+00:00,2021-08-06,121,08:30,Change in Manufact. Payrolls @ 08:30+Wholesale Inventories MoM @ 10:00,-0.3879750384351003,0.34952932721600705,2.889493035314265,15.0
NQ,2021-08-11 12:31:00+00:00,2021-08-11,1,08:30,CPI Index NSA @ 08:30+MBA Mortgage Applications @ 07:00,2.0,0.4950324837598171,2.6939458777333387,15.0
NQ,2021-08-11 13:01:00+00:00,2021-08-11,31,08:30,CPI Index NSA @ 08:30+MBA Mortgage Applications @ 07:00,0.8644655311666333,0.45331322531087836,2.274315394004116,15.0
NQ,2021-08-11 13:31:00+00:00,2021-08-11,61,08:30,CPI Index NSA @ 08:30,-0.5219589083169979,0.4981014493452234,2.059296249236045,15.0
NQ,2021-08-11 14:01:00+00:00,2021-08-11,91,08:30,CPI Index NSA @ 08:30,0.7552949510077125,0.4759106906582215,2.104356268973908,15.0
NQ,2021-08-11 14:31:00+00:00,2021-08-11,121,08:30,CPI Index NSA @ 08:30,-0.38744146239664673,0.5394012498515474,1.8990552872926356,15.0
NQ,2021-08-18 19:01:00+00:00,2021-08-18,61,14:00,FOMC Meeting Minutes @ 14:00,0.6329696246158238,0.4573250819648237,2.215493817331825,15.0
NQ,2021-08-18 19:31:00+00:00,2021-08-18,91,14:00,FOMC Meeting Minutes @ 14:00,-0.5724210925269532,0.3888842895247559,2.665139568583872,15.0
NQ,2021-08-18 20:01:00+00:00,2021-08-18,121,14:00,FOMC Meeting Minutes @ 14:00,-1.1596148101813692,0.7423213425033085,1.367791519172547,15.0
NQ,2021-08-24 14:01:00+00:00,2021-08-24,1,10:00,New Home Sales @ 10:00+Richmond Fed Manufact. Index @ 10:00,0.461931426573765,0.28540296956923916,3.5320716301010195,15.0
NQ,2021-08-24 15:01:00+00:00,2021-08-24,61,10:00,New Home Sales @ 10:00+Richmond Fed Manufact. Index @ 10:00,-1.630282836142541,0.5959136580002871,1.6915648105077614,15.0
NQ,2021-08-24 15:31:00+00:00,2021-08-24,91,10:00,New Home Sales @ 10:00+Richmond Fed Manufact. Index @ 10:00,-0.357266849571654,0.4399851476770611,2.286313719036602,15.0
NQ,2021-08-24 16:01:00+00:00,2021-08-24,121,10:00,New Home Sales @ 10:00+Richmond Fed Manufact. Index @ 10:00,-0.43714818260250743,0.5496344827943404,1.8245736400663097,15.0
NQ,2021-09-01 14:31:00+00:00,2021-09-01,31,10:00,ISM Manufacturing @ 10:00,0.3631854405614368,0.3336737896310485,3.0247845175155774,15.0
NQ,2021-09-01 15:01:00+00:00,2021-09-01,61,10:00,ISM Manufacturing @ 10:00,0.7234347215956477,0.3990000754963753,2.5285059334675246,15.0
NQ,2021-09-01 15:31:00+00:00,2021-09-01,91,10:00,ISM Manufacturing @ 10:00,-0.8713322431978224,0.46634692303201103,2.1547673353208476,15.0
NQ,2021-09-03 12:31:00+00:00,2021-09-03,1,08:30,Change in Manufact. Payrolls @ 08:30,0.5067908343111327,0.5446020915683137,1.9379995481912131,15.0
NQ,2021-09-03 13:01:00+00:00,2021-09-03,31,08:30,Change in Manufact. Payrolls @ 08:30,0.5839279426890848,0.5550976389932877,1.8315044197547965,15.0
NQ,2021-09-03 13:31:00+00:00,2021-09-03,61,08:30,Change in Manufact. Payrolls @ 08:30,0.3366940170934664,0.4656287053446162,2.1618793640729406,15.0
NQ,2021-09-14 13:01:00+00:00,2021-09-14,31,08:30,CPI Index NSA @ 08:30,1.1540765630180783,0.3391044196881386,2.958775619702585,15.0
NQ,2021-09-14 13:31:00+00:00,2021-09-14,61,08:30,CPI Index NSA @ 08:30,0.5172715743074031,0.7723079328773311,1.4140390430970824,15.0
NQ,2021-09-14 14:31:00+00:00,2021-09-14,121,08:30,CPI Index NSA @ 08:30,-1.167868127766282,0.3867412565224071,2.5991891014262007,15.0
NQ,2021-09-28 14:01:00+00:00,2021-09-28,1,10:00,Conf. Board Consumer Confidence @ 10:00+FHFA House Price Index MoM @ 09:00+Richmond Fed Manufact. Index @ 10:00+S&P Cotality CS 20-City MoM SA @ 09:00+Wholesale Inventories MoM @ 10:00,-0.5693730304980446,0.47300596909708814,2.158553508992717,15.0
NQ,2021-09-28 14:31:00+00:00,2021-09-28,121,08:30,Conf. Board Consumer Confidence @ 10:00+FHFA House Price Index MoM @ 09:00+Richmond Fed Manufact. Index @ 10:00+S&P Cotality CS 20-City MoM SA @ 09:00+Wholesale Inventories MoM @ 10:00,-0.5831911529627928,0.5425039662422916,1.887952657240529,15.0
NQ,2021-09-28 15:31:00+00:00,2021-09-28,91,10:00,Conf. Board Consumer Confidence @ 10:00+Richmond Fed Manufact. Index @ 10:00,-0.6974324717833456,0.40432159387592453,2.4829048943112855,15.0
NQ,2021-09-28 16:01:00+00:00,2021-09-28,121,10:00,Conf. Board Consumer Confidence @ 10:00+Richmond Fed Manufact. Index @ 10:00,0.6968782124041727,0.34908334294290927,2.8840416825111133,15.0
NQ,2021-10-01 14:01:00+00:00,2021-10-01,91,08:30,Core PCE Price Index MoM @ 08:30+ISM Manufacturing @ 10:00+U. of Mich. Sentiment @ 10:00,0.5105142804746006,0.6672479866159132,1.5035294381745283,15.0
NQ,2021-10-08 12:31:00+00:00,2021-10-08,1,08:30,Change in Manufact. Payrolls @ 08:30,2.0,0.4254536622484842,2.4003525610484657,15.0
NQ,2021-10-08 13:31:00+00:00,2021-10-08,61,08:30,Change in Manufact. Payrolls @ 08:30,-1.3266189270330204,0.4857499605700094,2.073363583837134,15.0
NQ,2021-10-08 14:01:00+00:00,2021-10-08,1,10:00,Change in Manufact. Payrolls @ 08:30+Wholesale Inventories MoM @ 10:00,0.7027570000538504,0.32706356544293314,3.0705776185188247,15.0
NQ,2021-10-13 13:01:00+00:00,2021-10-13,121,07:00,CPI Index NSA @ 08:30+MBA Mortgage Applications @ 07:00,-1.3602901654012662,0.44555393047706615,2.3300010563938853,15.0
NQ,2021-10-13 14:01:00+00:00,2021-10-13,91,08:30,CPI Index NSA @ 08:30,-1.0120912155302668,0.5143180186581287,1.9498164779275364,15.0
NQ,2021-10-13 14:31:00+00:00,2021-10-13,121,08:30,CPI Index NSA @ 08:30,-0.7984992974965731,0.4830498995351845,2.0851178207943675,15.0
NQ,2021-10-13 18:01:00+00:00,2021-10-13,1,14:00,FOMC Meeting Minutes @ 14:00,0.6518477673918754,0.26432296836948804,3.866983140741165,15.0
NQ,2021-10-13 18:31:00+00:00,2021-10-13,31,14:00,FOMC Meeting Minutes @ 14:00,1.0582795530461573,0.23622984143984002,4.30153501764937,15.0
NQ,2021-10-13 19:01:00+00:00,2021-10-13,61,14:00,FOMC Meeting Minutes @ 14:00,-0.5401700152239148,0.31246529719106736,3.2338699054054683,15.0
NQ,2021-10-13 19:31:00+00:00,2021-10-13,91,14:00,FOMC Meeting Minutes @ 14:00,-0.8838707580418664,0.2664261197252286,3.790121017739304,15.0
NQ,2021-10-26 15:01:00+00:00,2021-10-26,61,10:00,Conf. Board Consumer Confidence @ 10:00+FHFA House Price Index MoM @ 09:00+New Home Sales @ 10:00+Richmond Fed Manufact. Index @ 10:00+S&P Cotality CS 20-City MoM SA @ 09:00,0.853809914877754,0.3209892655192734,3.457181414502224,15.0
NQ,2021-10-26 15:31:00+00:00,2021-10-26,91,10:00,Conf. Board Consumer Confidence @ 10:00+New Home Sales @ 10:00+Richmond Fed Manufact. Index @ 10:00,0.49696198059434754,0.29987769897499267,3.3415309498366272,15.0
NQ,2021-11-01 14:01:00+00:00,2021-11-01,1,10:00,ISM Manufacturing @ 10:00,-0.4490645517794848,0.41806668262794616,2.409187282962015,15.0
NQ,2021-11-01 15:01:00+00:00,2021-11-01,61,10:00,ISM Manufacturing @ 10:00,-0.7803251820863657,0.32384948552068427,3.1025398342627453,15.0
NQ,2021-11-01 15:31:00+00:00,2021-11-01,91,10:00,ISM Manufacturing @ 10:00,0.8286301970539229,0.626379251106137,1.6051289848385877,15.0
NQ,2021-11-05 12:31:00+00:00,2021-11-05,1,08:30,Change in Manufact. Payrolls @ 08:30,0.4394216194241539,0.3542128683505025,2.85339788858168,15.0
NQ,2021-11-05 13:01:00+00:00,2021-11-05,31,08:30,Change in Manufact. Payrolls @ 08:30,1.880889337906057,0.3335993663059183,3.0288952311573634,15.0
NQ,2021-11-05 13:31:00+00:00,2021-11-05,61,08:30,Change in Manufact. Payrolls @ 08:30,-0.2707522327722166,0.5807535842729126,1.7416245929527765,15.0
NQ,2021-11-05 14:01:00+00:00,2021-11-05,91,08:30,Change in Manufact. Payrolls @ 08:30,0.2789061838050287,0.48685430483531844,2.0915814372303747,15.0
NQ,2021-11-05 14:31:00+00:00,2021-11-05,121,08:30,Change in Manufact. Payrolls @ 08:30,1.3256472501763472,0.3776267420243009,2.6675590018912985,15.0
NQ,2021-11-10 13:31:00+00:00,2021-11-10,91,07:00,CPI Index NSA @ 08:30+Continuing Claims @ 08:30+MBA Mortgage Applications @ 07:00,0.5255197733934689,0.3673235509347755,2.910856730733012,15.0
NQ,2021-11-10 14:01:00+00:00,2021-11-10,121,07:00,CPI Index NSA @ 08:30+Continuing Claims @ 08:30+MBA Mortgage Applications @ 07:00,1.0922223090621628,0.36722187301150927,2.7639280101190686,15.0
NQ,2021-11-10 14:31:00+00:00,2021-11-10,61,08:30,CPI Index NSA @ 08:30+Continuing Claims @ 08:30,0.5226473241071442,0.4080626851972113,2.4786522520610244,15.0
NQ,2021-11-10 15:01:00+00:00,2021-11-10,1,10:00,CPI Index NSA @ 08:30+Continuing Claims @ 08:30+Mortgage Delinquencies @ 10:00+Wholesale Inventories MoM @ 10:00,-0.6709664947549826,0.6960672957115805,1.45284854765726,15.0
NQ,2021-11-10 15:31:00+00:00,2021-11-10,121,08:30,CPI Index NSA @ 08:30+Continuing Claims @ 08:30+Mortgage Delinquencies @ 10:00+Wholesale Inventories MoM @ 10:00,-0.46174231572226243,0.4224683973400596,2.378178030912104,15.0
NQ,2021-11-23 15:31:00+00:00,2021-11-23,31,10:00,Richmond Fed Manufact. Index @ 10:00,-0.4274465739510972,0.5264663984650957,1.9096312006609777,15.0
NQ,2021-11-23 16:01:00+00:00,2021-11-23,61,10:00,Richmond Fed Manufact. Index @ 10:00,0.3226097488357627,0.7398350378413339,1.3624995022376487,15.0
NQ,2021-11-23 16:31:00+00:00,2021-11-23,91,10:00,Richmond Fed Manufact. Index @ 10:00,0.7476515623971641,0.7718931915399228,1.3094837491336295,15.0
NQ,2021-11-24 19:31:00+00:00,2021-11-24,31,14:00,FOMC Meeting Minutes @ 14:00,1.3593834838191858,0.3052662756320791,3.3194542050861524,15.0
NQ,2021-11-24 20:01:00+00:00,2021-11-24,61,14:00,FOMC Meeting Minutes @ 14:00,-0.36768579878744473,0.5365202693056107,1.9294411694766307,15.0
NQ,2021-12-01 15:01:00+00:00,2021-12-01,1,10:00,ISM Manufacturing @ 10:00,0.3299519793619121,0.37202036740312977,2.7041530435988834,15.0
NQ,2021-12-01 15:31:00+00:00,2021-12-01,31,10:00,ISM Manufacturing @ 10:00,-0.6314583639494274,0.5572766632268181,1.8090113921837885,15.0
NQ,2021-12-01 16:31:00+00:00,2021-12-01,91,10:00,ISM Manufacturing @ 10:00,-1.1817085610629843,0.6916041903078454,1.4629563229887472,15.0
NQ,2021-12-03 13:31:00+00:00,2021-12-03,1,08:30,Change in Manufact. Payrolls @ 08:30,-1.8804147014435753,0.37104601977092,2.735832575390703,15.0
NQ,2021-12-03 14:01:00+00:00,2021-12-03,31,08:30,Change in Manufact. Payrolls @ 08:30,2.0,0.5196610344772317,1.930266729047349,15.0
NQ,2021-12-03 14:31:00+00:00,2021-12-03,61,08:30,Change in Manufact. Payrolls @ 08:30,0.8078071157557913,0.3363532994437294,2.9934861416826495,15.0
NQ,2021-12-10 13:31:00+00:00,2021-12-10,1,08:30,CPI Index NSA @ 08:30,0.5830206949879287,0.5083079624760606,2.045969109075657,15.0
NQ,2021-12-10 14:01:00+00:00,2021-12-10,31,08:30,CPI Index NSA @ 08:30,1.7282990953499382,0.38808562552967846,2.5859721990376925,15.0
NQ,2021-12-10 15:01:00+00:00,2021-12-10,1,10:00,CPI Index NSA @ 08:30+U. of Mich. Sentiment @ 10:00,-0.2961388994660903,0.6039064202711658,1.6762594470521957,15.0
NQ,2021-12-28 15:01:00+00:00,2021-12-28,61,09:00,FHFA House Price Index MoM @ 09:00+Richmond Fed Manufact. Index @ 10:00+S&P Cotality CS 20-City MoM SA @ 09:00,-0.8508263258362443,0.3152719891110117,3.4094174776246646,15.0
NQ,2021-12-28 15:31:00+00:00,2021-12-28,91,09:00,FHFA House Price Index MoM @ 09:00+Richmond Fed Manufact. Index @ 10:00+S&P Cotality CS 20-City MoM SA @ 09:00,-0.8105083485584845,0.4392443263148033,2.4076243149164873,15.0
NQ,2021-12-28 16:31:00+00:00,2021-12-28,91,10:00,Richmond Fed Manufact. Index @ 10:00,-1.4684624306951397,0.7134748008321782,1.4053580787751232,15.0
NQ,2022-01-03 15:01:00+00:00,2022-01-03,1,10:00,ISM Manufacturing @ 10:00,0.701497660629877,0.7229494439619462,1.4459820143916424,15.0
NQ,2022-01-03 17:01:00+00:00,2022-01-03,121,10:00,ISM Manufacturing @ 10:00,0.935316919000899,0.37377968568113235,2.6967253275714356,15.0
NQ,2022-01-04 15:31:00+00:00,2022-01-04,31,10:00,ISM Manufacturing @ 10:00+JOLTS Job Openings @ 10:00,-0.6709195394003541,0.5925484169569073,1.707557815551223,15.0
NQ,2022-01-04 16:01:00+00:00,2022-01-04,61,10:00,ISM Manufacturing @ 10:00+JOLTS Job Openings @ 10:00,0.35423215506946987,0.8056153529919128,1.262658747401691,15.0
NQ,2022-01-04 16:31:00+00:00,2022-01-04,91,10:00,ISM Manufacturing @ 10:00+JOLTS Job Openings @ 10:00,0.4489238853661553,0.3069959377748698,3.309317607272119,15.0
NQ,2022-01-05 19:01:00+00:00,2022-01-05,1,14:00,FOMC Meeting Minutes @ 14:00,-0.4011096181301623,0.40331060528983725,2.4929853635336294,15.0
NQ,2022-01-05 20:01:00+00:00,2022-01-05,61,14:00,FOMC Meeting Minutes @ 14:00,-0.37398062593513215,0.39359699137373083,2.6201631561946175,15.0
NQ,2022-01-05 20:31:00+00:00,2022-01-05,91,14:00,FOMC Meeting Minutes @ 14:00,-0.6318923791842495,0.27113072494960977,3.705656117862099,15.0
NQ,2022-01-07 13:31:00+00:00,2022-01-07,1,08:30,Change in Manufact. Payrolls @ 08:30,-1.9972956154227206,0.30616619159036856,3.382560003884578,15.0
NQ,2022-01-07 14:01:00+00:00,2022-01-07,31,08:30,Change in Manufact. Payrolls @ 08:30,0.7084770719943265,0.5489608563719415,1.8512561578067297,15.0
NQ,2022-01-07 14:31:00+00:00,2022-01-07,61,08:30,Change in Manufact. Payrolls @ 08:30,0.28242499036192553,0.5963791681684328,1.6967163803573202,15.0
NQ,2022-01-07 15:01:00+00:00,2022-01-07,91,08:30,Change in Manufact. Payrolls @ 08:30,0.910763088266898,0.5416340094860698,1.8515438893257292,15.0
NQ,2022-01-07 15:31:00+00:00,2022-01-07,121,08:30,Change in Manufact. Payrolls @ 08:30,1.0516904968120362,0.7387869735331497,1.3683896397640636,15.0
NQ,2022-01-12 13:31:00+00:00,2022-01-12,1,08:30,CPI Index NSA @ 08:30+MBA Mortgage Applications @ 07:00,-0.6481089016157671,0.35835147447349036,2.8595281423246877,15.0
NQ,2022-01-12 15:01:00+00:00,2022-01-12,91,08:30,CPI Index NSA @ 08:30,0.8423740337145083,0.462640670264955,2.1774673809583227,15.0
NQ,2022-01-12 15:31:00+00:00,2022-01-12,121,08:30,CPI Index NSA @ 08:30,0.8367766755695836,0.38337742720764956,2.6363336236132127,15.0
NQ,2022-01-25 15:01:00+00:00,2022-01-25,61,09:00,Conf. Board Consumer Confidence @ 10:00+FHFA House Price Index MoM @ 09:00+Richmond Fed Manufact. Index @ 10:00+S&P Cotality CS 20-City MoM SA @ 09:00,0.5754187126154863,0.5826817298521219,1.8429589158411317,15.0
NQ,2022-01-25 15:31:00+00:00,2022-01-25,91,09:00,Conf. Board Consumer Confidence @ 10:00+FHFA House Price Index MoM @ 09:00+Richmond Fed Manufact. Index @ 10:00+S&P Cotality CS 20-City MoM SA @ 09:00,1.2508432216130403,0.5206424955415101,2.2271771194698986,15.0
NQ,2022-01-25 16:31:00+00:00,2022-01-25,91,10:00,Conf. Board Consumer Confidence @ 10:00+Richmond Fed Manufact. Index @ 10:00,-0.5965415075834638,0.34843868966878977,2.8864064933965334,15.0
NQ,2022-01-25 17:01:00+00:00,2022-01-25,121,10:00,Conf. Board Consumer Confidence @ 10:00+Richmond Fed Manufact. Index @ 10:00,1.2173049478306115,0.3912436719620375,2.5674330074537246,15.0
NQ,2022-02-01 15:01:00+00:00,2022-02-01,1,10:00,ISM Manufacturing @ 10:00+JOLTS Job Openings @ 10:00,-0.4604293922084717,0.4559685127381902,2.210103653871635,15.0
NQ,2022-02-01 15:31:00+00:00,2022-02-01,31,10:00,ISM Manufacturing @ 10:00+JOLTS Job Openings @ 10:00,1.3789352021685801,0.7321220951197299,1.3700246017338498,15.0
NQ,2022-02-01 16:01:00+00:00,2022-02-01,61,10:00,ISM Manufacturing @ 10:00+JOLTS Job Openings @ 10:00,0.5681447522122216,0.43478258783442547,2.306259119877072,15.0
NQ,2022-02-01 16:31:00+00:00,2022-02-01,91,10:00,ISM Manufacturing @ 10:00+JOLTS Job Openings @ 10:00,-1.004352844366163,0.42994047007408565,2.35485826722038,15.0
NQ,2022-02-04 13:31:00+00:00,2022-02-04,1,08:30,Change in Manufact. Payrolls @ 08:30,0.41349686366758687,0.3926550611451765,2.5799759560065003,15.0
NQ,2022-02-04 14:01:00+00:00,2022-02-04,31,08:30,Change in Manufact. Payrolls @ 08:30,1.1330311738206227,0.5153575191705615,1.9453863995931764,15.0
NQ,2022-02-04 14:31:00+00:00,2022-02-04,61,08:30,Change in Manufact. Payrolls @ 08:30,0.27289356409246424,0.6851759873714774,1.50481423037809,15.0
NQ,2022-02-04 15:31:00+00:00,2022-02-04,121,08:30,Change in Manufact. Payrolls @ 08:30,0.503157601226323,0.3788763889382877,2.6573047304761563,15.0
NQ,2022-02-10 13:31:00+00:00,2022-02-10,1,08:30,CPI Index NSA @ 08:30+Continuing Claims @ 08:30,-0.4229475161395219,0.4948129105250234,2.2653406813779364,15.0
NQ,2022-02-10 15:01:00+00:00,2022-02-10,91,08:30,CPI Index NSA @ 08:30+Continuing Claims @ 08:30,1.016702305270057,0.8206861224855868,1.2380853658874198,15.0
NQ,2022-02-10 15:31:00+00:00,2022-02-10,121,08:30,CPI Index NSA @ 08:30+Continuing Claims @ 08:30,0.4311481180581108,0.3584487755917017,2.800072723618655,15.0
NQ,2022-02-16 19:01:00+00:00,2022-02-16,1,14:00,FOMC Meeting Minutes @ 14:00,-0.6130954407825674,0.2866933501413639,3.581987180725831,15.0
NQ,2022-02-16 20:01:00+00:00,2022-02-16,61,14:00,FOMC Meeting Minutes @ 14:00,0.6155225169924281,0.3828632757691536,2.837201993361225,15.0
NQ,2022-02-16 20:31:00+00:00,2022-02-16,91,14:00,FOMC Meeting Minutes @ 14:00,-0.7006803251613967,0.24258178977970096,4.141588873691484,15.0
NQ,2022-02-22 15:31:00+00:00,2022-02-22,31,10:00,Conf. Board Consumer Confidence @ 10:00+FHFA House Price Index MoM @ 09:00+Richmond Fed Manufact. Index @ 10:00+S&P Cotality CS 20-City MoM SA @ 09:00,-1.00709986471954,0.4890456566470347,2.167207935187821,15.0
NQ,2022-03-01 15:01:00+00:00,2022-03-01,1,10:00,ISM Manufacturing @ 10:00,0.7428541324276358,0.298504025050709,3.3651411703429925,15.0
NQ,2022-03-01 15:31:00+00:00,2022-03-01,31,10:00,ISM Manufacturing @ 10:00,0.5513259986228158,0.6040491472017878,1.666078468151229,15.0
NQ,2022-03-01 16:01:00+00:00,2022-03-01,61,10:00,ISM Manufacturing @ 10:00,0.5736581853791776,0.6341633489947596,1.5998980085654837,15.0
NQ,2022-03-04 13:31:00+00:00,2022-03-04,1,08:30,Change in Manufact. Payrolls @ 08:30,0.5424031293323636,0.44583583541463334,2.2586185879963,15.0
NQ,2022-03-04 14:31:00+00:00,2022-03-04,61,08:30,Change in Manufact. Payrolls @ 08:30,-1.019144100839655,0.5720390735262386,1.7602084004116838,15.0
NQ,2022-03-04 15:01:00+00:00,2022-03-04,91,08:30,Change in Manufact. Payrolls @ 08:30,0.8411701248953952,0.5708537046165146,1.7608518293421644,15.0
NQ,2022-03-04 15:31:00+00:00,2022-03-04,121,08:30,Change in Manufact. Payrolls @ 08:30,-0.5341654930401235,0.6029780312967719,1.6960931797550023,15.0
NQ,2022-03-10 13:31:00+00:00,2022-03-10,1,08:30,CPI Index NSA @ 08:30+Continuing Claims @ 08:30,-0.5756324545769466,0.5857253491275354,1.7736743580582945,15.0
NQ,2022-03-10 14:31:00+00:00,2022-03-10,61,08:30,CPI Index NSA @ 08:30+Continuing Claims @ 08:30,0.2932879279063854,0.48753258941666494,2.0935509246833957,15.0
NQ,2022-03-10 15:31:00+00:00,2022-03-10,121,08:30,CPI Index NSA @ 08:30+Continuing Claims @ 08:30,0.37121164826070585,0.49424598661579205,2.0286723821775907,15.0
NQ,2022-03-22 14:01:00+00:00,2022-03-22,1,10:00,Richmond Fed Manufact. Index @ 10:00,1.202662479937106,0.41851581002603166,2.463785334417734,15.0
NQ,2022-03-22 15:01:00+00:00,2022-03-22,61,10:00,Richmond Fed Manufact. Index @ 10:00,0.8512200078009279,0.3710629525724391,2.715472178524996,15.0
NQ,2022-03-22 15:31:00+00:00,2022-03-22,91,10:00,Richmond Fed Manufact. Index @ 10:00,-0.9708933219421859,0.6990543264437117,1.4406405584496302,15.0
NQ,2022-03-22 16:01:00+00:00,2022-03-22,121,10:00,Richmond Fed Manufact. Index @ 10:00,-0.629650695744959,0.4543589110405789,2.2120337294573096,15.0
NQ,2022-04-01 12:31:00+00:00,2022-04-01,1,08:30,Change in Manufact. Payrolls @ 08:30,0.65902518126289,0.3474704409239278,2.889382436310206,15.0
NQ,2022-04-01 13:31:00+00:00,2022-04-01,61,08:30,Change in Manufact. Payrolls @ 08:30,1.1204798685583341,0.3917315599527687,2.5630121747414143,15.0
NQ,2022-04-01 14:01:00+00:00,2022-04-01,1,10:00,Change in Manufact. Payrolls @ 08:30+ISM Manufacturing @ 10:00,-0.9760480850394044,0.7200543975107521,1.4146134680344842,15.0
NQ,2022-04-01 14:31:00+00:00,2022-04-01,31,10:00,Change in Manufact. Payrolls @ 08:30+ISM Manufacturing @ 10:00,-0.449087528567069,0.424363430285564,2.4385061324956574,15.0
NQ,2022-04-01 15:01:00+00:00,2022-04-01,61,10:00,ISM Manufacturing @ 10:00,1.9172476595538757,0.6038119834880836,1.6651642683531604,15.0
NQ,2022-04-01 15:31:00+00:00,2022-04-01,91,10:00,ISM Manufacturing @ 10:00,-0.8166714096636154,0.5943160061992471,1.6857501045152783,15.0
NQ,2022-04-01 16:01:00+00:00,2022-04-01,121,10:00,ISM Manufacturing @ 10:00,0.533161894235012,0.4691911106704674,2.181334598795512,15.0
NQ,2022-04-06 18:01:00+00:00,2022-04-06,1,14:00,FOMC Meeting Minutes @ 14:00,-0.9435980772576392,0.39699952215924755,2.5732821842304996,15.0
NQ,2022-04-06 18:31:00+00:00,2022-04-06,31,14:00,FOMC Meeting Minutes @ 14:00,-0.2414179818186071,0.5032702681411675,2.1363786617939065,15.0
NQ,2022-04-06 19:01:00+00:00,2022-04-06,61,14:00,FOMC Meeting Minutes @ 14:00,-0.8673640168064358,0.4069798485981033,2.485044446296653,15.0
NQ,2022-04-06 19:31:00+00:00,2022-04-06,91,14:00,FOMC Meeting Minutes @ 14:00,-0.39677337531033796,0.61141849735947,1.6826160448857388,15.0
NQ,2022-04-12 12:31:00+00:00,2022-04-12,1,08:30,CPI Index NSA @ 08:30,1.20857202922687,0.45282778041067967,2.2761309227645983,15.0
NQ,2022-04-12 14:01:00+00:00,2022-04-12,91,08:30,CPI Index NSA @ 08:30,1.1262218020842316,0.7665830523141423,1.3065941409769843,15.0
NQ,2022-04-12 14:31:00+00:00,2022-04-12,121,08:30,CPI Index NSA @ 08:30,0.2684216538492729,0.5998295400279989,1.683636452746316,15.0
NQ,2022-04-26 14:31:00+00:00,2022-04-26,31,10:00,Conf. Board Consumer Confidence @ 10:00+Durable Goods Orders @ 08:30+FHFA House Price Index MoM @ 09:00+New Home Sales @ 10:00+Richmond Fed Manufact. Index @ 10:00+S&P Cotality CS 20-City MoM SA @ 09:00,-0.3128518876850426,0.5008033375611614,2.024454269515989,15.0
NQ,2022-04-26 15:31:00+00:00,2022-04-26,91,10:00,Conf. Board Consumer Confidence @ 10:00+New Home Sales @ 10:00+Richmond Fed Manufact. Index @ 10:00,-0.8518295091127482,0.39450394076430556,2.540777706170772,15.0
NQ,2022-04-26 16:01:00+00:00,2022-04-26,121,10:00,Conf. Board Consumer Confidence @ 10:00+New Home Sales @ 10:00+Richmond Fed Manufact. Index @ 10:00,1.0503755288935568,0.33903728336782324,2.959112204091655,15.0
NQ,2022-05-02 14:01:00+00:00,2022-05-02,1,10:00,ISM Manufacturing @ 10:00,-1.3810170763716882,0.5193274574640825,1.9399840350090445,15.0
NQ,2022-05-02 14:31:00+00:00,2022-05-02,31,10:00,ISM Manufacturing @ 10:00,0.7965599231034746,0.5331777187382132,1.8972547349332918,15.0
NQ,2022-05-02 15:31:00+00:00,2022-05-02,91,10:00,ISM Manufacturing @ 10:00,1.3731771386505023,0.4039723897527266,2.4928478441703703,15.0
NQ,2022-05-02 16:01:00+00:00,2022-05-02,121,10:00,ISM Manufacturing @ 10:00,-0.571895500065534,0.42500593081739335,2.3553977857216615,15.0
NQ,2022-05-06 12:31:00+00:00,2022-05-06,1,08:30,Change in Manufact. Payrolls @ 08:30,0.49769804910179716,0.34191856042508434,2.989581723830612,15.0
NQ,2022-05-06 13:01:00+00:00,2022-05-06,31,08:30,Change in Manufact. Payrolls @ 08:30,-0.7225522455170614,0.7665788176285642,1.3247929576563993,15.0
NQ,2022-05-06 13:31:00+00:00,2022-05-06,61,08:30,Change in Manufact. Payrolls @ 08:30,0.5396030542950021,0.4299436760829034,2.3408784018935345,15.0
NQ,2022-05-06 14:01:00+00:00,2022-05-06,91,08:30,Change in Manufact. Payrolls @ 08:30,-0.4929532511199683,0.5640588064480763,1.7941822717577383,15.0
NQ,2022-05-06 14:31:00+00:00,2022-05-06,121,08:30,Change in Manufact. Payrolls @ 08:30,0.32664045491497085,0.669366829687742,1.5013115894747104,15.0
NQ,2022-05-11 12:31:00+00:00,2022-05-11,91,07:00,CPI Index NSA @ 08:30+MBA Mortgage Applications @ 07:00,-0.3664281841205258,0.40808196445000505,2.8810762148783495,15.0
NQ,2022-05-11 13:01:00+00:00,2022-05-11,121,07:00,CPI Index NSA @ 08:30+MBA Mortgage Applications @ 07:00,-0.8741646653414649,0.703849697053772,1.5097979476593255,15.0
NQ,2022-05-11 13:31:00+00:00,2022-05-11,61,08:30,CPI Index NSA @ 08:30,0.38063503355236655,0.5633850220660848,1.7916641194055858,15.0
NQ,2022-05-11 14:01:00+00:00,2022-05-11,91,08:30,CPI Index NSA @ 08:30,-0.4626098126975973,0.5460458711990258,1.8464802282018558,15.0
NQ,2022-05-24 14:01:00+00:00,2022-05-24,1,10:00,New Home Sales @ 10:00+Richmond Fed Manufact. Index @ 10:00,-0.9199272354931718,0.8372368420281115,1.211887325575714,15.0
NQ,2022-05-24 15:01:00+00:00,2022-05-24,61,10:00,New Home Sales @ 10:00+Richmond Fed Manufact. Index @ 10:00,-0.9262479341045078,0.42061468103897337,2.403073415999513,15.0
NQ,2022-05-24 15:31:00+00:00,2022-05-24,91,10:00,New Home Sales @ 10:00+Richmond Fed Manufact. Index @ 10:00,-0.7610765072394126,0.3623953479741699,2.7667715340981087,15.0
NQ,2022-05-24 16:01:00+00:00,2022-05-24,121,10:00,New Home Sales @ 10:00+Richmond Fed Manufact. Index @ 10:00,-1.3987703986081188,0.7652171126981832,1.318723610305463,15.0
NQ,2022-05-25 18:01:00+00:00,2022-05-25,1,14:00,FOMC Meeting Minutes @ 14:00,-0.5336233173076416,0.30817718986787235,3.4283987536062144,15.0
NQ,2022-05-25 18:31:00+00:00,2022-05-25,31,14:00,FOMC Meeting Minutes @ 14:00,-0.8438510399395556,0.4610996025637833,2.248472368979329,15.0
NQ,2022-05-25 19:01:00+00:00,2022-05-25,61,14:00,FOMC Meeting Minutes @ 14:00,-0.5936616293352867,0.3893944571656316,2.5857925170583096,15.0
NQ,2022-05-25 19:31:00+00:00,2022-05-25,91,14:00,FOMC Meeting Minutes @ 14:00,-0.9837972956154256,0.32104292131466616,3.138953201150592,15.0
NQ,2022-06-01 14:01:00+00:00,2022-06-01,1,10:00,ISM Manufacturing @ 10:00+JOLTS Job Openings @ 10:00,0.44687801641980024,0.27254880882097066,3.6876823261792797,15.0
NQ,2022-06-01 14:31:00+00:00,2022-06-01,31,10:00,ISM Manufacturing @ 10:00+JOLTS Job Openings @ 10:00,-0.5658237345690779,0.7557231327649855,1.3497224589235577,15.0
NQ,2022-06-01 15:01:00+00:00,2022-06-01,61,10:00,ISM Manufacturing @ 10:00+JOLTS Job Openings @ 10:00,-0.47539651406071526,0.4272808611720043,2.3490154301796986,15.0
NQ,2022-06-01 16:01:00+00:00,2022-06-01,121,10:00,ISM Manufacturing @ 10:00+JOLTS Job Openings @ 10:00,-0.6607901803407419,0.4380730561455041,2.315689692417096,15.0
NQ,2022-06-03 13:01:00+00:00,2022-06-03,31,08:30,Change in Manufact. Payrolls @ 08:30,0.7512718494688609,0.5674045282582032,1.767641254752122,15.0
NQ,2022-06-03 13:31:00+00:00,2022-06-03,61,08:30,Change in Manufact. Payrolls @ 08:30,0.7066116236891247,0.46343000400423134,2.212094664828574,15.0
NQ,2022-06-03 14:01:00+00:00,2022-06-03,91,08:30,Change in Manufact. Payrolls @ 08:30+ISM Services Index @ 10:00,0.37965236445372885,0.45256335824476085,2.2399019325099947,15.0
NQ,2022-06-03 14:31:00+00:00,2022-06-03,31,10:00,Change in Manufact. Payrolls @ 08:30+ISM Services Index @ 10:00,0.46316732084892476,0.4851228485318927,2.077120061294937,15.0
NQ,2022-06-10 12:31:00+00:00,2022-06-10,1,08:30,CPI Index NSA @ 08:30,-0.3366011166570722,0.6813575866396474,1.8864625432378879,15.0
NQ,2022-06-10 13:01:00+00:00,2022-06-10,31,08:30,CPI Index NSA @ 08:30,-1.7972825510955366,0.44857734568887897,2.2520047138485384,15.0
NQ,2022-06-10 13:31:00+00:00,2022-06-10,61,08:30,CPI Index NSA @ 08:30,0.3510081136282802,0.4719687665948205,2.1564678388927296,15.0
NQ,2022-06-10 14:01:00+00:00,2022-06-10,1,10:00,CPI Index NSA @ 08:30+U. of Mich. Sentiment @ 10:00,-0.37868212080760355,0.4705820601909677,2.1520200639459297,15.0
NQ,2022-06-10 14:31:00+00:00,2022-06-10,31,10:00,CPI Index NSA @ 08:30+U. of Mich. Sentiment @ 10:00,-0.6038840253062253,0.3671495798641331,2.729853777384604,15.0
NQ,2022-06-28 14:01:00+00:00,2022-06-28,61,09:00,Conf. Board Consumer Confidence @ 10:00+FHFA House Price Index MoM @ 09:00+Richmond Fed Manufact. Index @ 10:00+S&P Cotality CS 20-City MoM SA @ 09:00+Wholesale Inventories MoM @ 10:00,0.38432066733428333,0.327801976815113,3.184980185248521,15.0
NQ,2022-06-28 14:31:00+00:00,2022-06-28,31,10:00,Conf. Board Consumer Confidence @ 10:00+FHFA House Price Index MoM @ 09:00+Richmond Fed Manufact. Index @ 10:00+S&P Cotality CS 20-City MoM SA @ 09:00+Wholesale Inventories MoM @ 10:00,0.2927982792484646,0.42403416910535235,2.4870561001165665,15.0
NQ,2022-06-28 15:01:00+00:00,2022-06-28,61,10:00,Conf. Board Consumer Confidence @ 10:00+FHFA House Price Index MoM @ 09:00+Richmond Fed Manufact. Index @ 10:00+S&P Cotality CS 20-City MoM SA @ 09:00,1.232272675713667,0.39932627693915557,2.5627797331037834,15.0
NQ,2022-06-28 15:31:00+00:00,2022-06-28,91,10:00,Conf. Board Consumer Confidence @ 10:00+Richmond Fed Manufact. Index @ 10:00,-1.578645496790175,0.7886672879230611,1.2772633115802683,15.0
NQ,2022-07-01 14:01:00+00:00,2022-07-01,1,10:00,ISM Manufacturing @ 10:00,0.6088628669693874,0.7675748624353654,1.3261897832211713,15.0
NQ,2022-07-01 14:31:00+00:00,2022-07-01,31,10:00,ISM Manufacturing @ 10:00,0.29082635912481936,0.6315735887082948,1.5915119613712296,15.0
NQ,2022-07-01 15:01:00+00:00,2022-07-01,61,10:00,ISM Manufacturing @ 10:00,-0.7570330029712985,0.43147906015929777,2.3216200243640257,15.0
NQ,2022-07-01 15:31:00+00:00,2022-07-01,91,10:00,ISM Manufacturing @ 10:00,-1.237593531884769,0.5882417288262365,1.7093638218602787,15.0
NQ,2022-07-01 16:01:00+00:00,2022-07-01,121,10:00,ISM Manufacturing @ 10:00,0.3575887259199855,0.7006920071720396,1.4353646728846143,15.0
NQ,2022-07-06 18:01:00+00:00,2022-07-06,1,14:00,FOMC Meeting Minutes @ 14:00,0.4515961742204124,0.21909890120975414,4.584605246946013,15.0
NQ,2022-07-06 18:31:00+00:00,2022-07-06,31,14:00,FOMC Meeting Minutes @ 14:00,-0.6656392088538196,0.3298903395345073,3.1102048926577623,15.0
NQ,2022-07-06 19:01:00+00:00,2022-07-06,61,14:00,FOMC Meeting Minutes @ 14:00,0.30916648630850807,0.40443430169706684,2.5092295685294244,15.0
NQ,2022-07-06 19:31:00+00:00,2022-07-06,91,14:00,FOMC Meeting Minutes @ 14:00,0.5164477590160279,0.6864159171265938,1.5029446822189116,15.0
NQ,2022-07-08 12:31:00+00:00,2022-07-08,1,08:30,Change in Manufact. Payrolls @ 08:30,-0.34305949362580185,0.4742807737860103,2.1972563104103395,15.0
NQ,2022-07-08 13:01:00+00:00,2022-07-08,31,08:30,Change in Manufact. Payrolls @ 08:30,1.2540221821665882,0.46287934789626417,2.198383687101141,15.0
NQ,2022-07-08 13:31:00+00:00,2022-07-08,61,08:30,Change in Manufact. Payrolls @ 08:30,0.2687103007261711,0.35399511909691145,2.8413689911530864,15.0
NQ,2022-07-08 14:01:00+00:00,2022-07-08,1,10:00,Change in Manufact. Payrolls @ 08:30+Wholesale Inventories MoM @ 10:00,-0.6791527421636389,0.5541415931433198,1.8196379153153486,15.0
NQ,2022-07-13 12:31:00+00:00,2022-07-13,1,08:30,CPI Index NSA @ 08:30+MBA Mortgage Applications @ 07:00,-0.4527861994291457,0.35655700139345503,3.284925793208787,15.0
NQ,2022-07-13 13:01:00+00:00,2022-07-13,121,07:00,CPI Index NSA @ 08:30+MBA Mortgage Applications @ 07:00,0.6150752168307513,0.3059169748518824,3.3212338252379165,15.0
NQ,2022-07-13 13:31:00+00:00,2022-07-13,61,08:30,CPI Index NSA @ 08:30,-0.24202359775804924,0.38830321557140923,2.5923164983766216,15.0
NQ,2022-07-13 14:01:00+00:00,2022-07-13,91,08:30,CPI Index NSA @ 08:30,0.4193843436605345,0.5569178989824497,1.8095215221778642,15.0
NQ,2022-07-13 14:31:00+00:00,2022-07-13,121,08:30,CPI Index NSA @ 08:30,0.33934886879953086,0.3851317950123351,2.617286959668621,15.0
NQ,2022-07-26 14:01:00+00:00,2022-07-26,1,10:00,Conf. Board Consumer Confidence @ 10:00+FHFA House Price Index MoM @ 09:00+New Home Sales @ 10:00+Richmond Fed Manufact. Index @ 10:00+S&P Cotality CS 20-City MoM SA @ 09:00,-0.361687551069325,0.34947914577591316,2.9094521328712917,15.0
NQ,2022-07-26 14:31:00+00:00,2022-07-26,31,10:00,Conf. Board Consumer Confidence @ 10:00+FHFA House Price Index MoM @ 09:00+New Home Sales @ 10:00+Richmond Fed Manufact. Index @ 10:00+S&P Cotality CS 20-City MoM SA @ 09:00,-0.7623883124128836,0.6178025230068217,1.799636463026714,15.0
NQ,2022-07-26 15:01:00+00:00,2022-07-26,121,09:00,Conf. Board Consumer Confidence @ 10:00+FHFA House Price Index MoM @ 09:00+New Home Sales @ 10:00+Richmond Fed Manufact. Index @ 10:00+S&P Cotality CS 20-City MoM SA @ 09:00,-0.398635160365666,0.41495224217928206,2.4442766442179704,15.0
NQ,2022-07-26 16:01:00+00:00,2022-07-26,121,10:00,Conf. Board Consumer Confidence @ 10:00+New Home Sales @ 10:00+Richmond Fed Manufact. Index @ 10:00,0.38538314757962555,0.6354970456921316,1.5837298277390548,15.0
NQ,2022-08-01 14:01:00+00:00,2022-08-01,1,10:00,ISM Manufacturing @ 10:00,0.554463211066404,0.806396975212798,1.2544515071885056,15.0
NQ,2022-08-01 14:31:00+00:00,2022-08-01,31,10:00,ISM Manufacturing @ 10:00,-0.6450344011345928,0.47502514839378157,2.158185180795746,15.0
NQ,2022-08-01 15:01:00+00:00,2022-08-01,61,10:00,ISM Manufacturing @ 10:00,0.66439237585166,0.8931975047363848,1.1547217292165453,15.0
NQ,2022-08-01 15:31:00+00:00,2022-08-01,91,10:00,ISM Manufacturing @ 10:00,-0.49434012624153084,0.3387882429245558,2.9739416142341866,15.0
NQ,2022-08-01 16:01:00+00:00,2022-08-01,121,10:00,ISM Manufacturing @ 10:00,2.0,0.6988813325295558,1.4433145061617965,15.0
NQ,2022-08-05 12:31:00+00:00,2022-08-05,1,08:30,Change in Manufact. Payrolls @ 08:30,-0.5238030763797971,0.6345912453347233,1.7485598252408185,15.0
NQ,2022-08-05 13:01:00+00:00,2022-08-05,31,08:30,Change in Manufact. Payrolls @ 08:30,1.372089233844158,0.7897536943895347,1.3075793538048988,15.0
NQ,2022-08-05 14:01:00+00:00,2022-08-05,91,08:30,Change in Manufact. Payrolls @ 08:30,0.7788509806005975,0.3058771185764909,3.28635476166802,15.0
NQ,2022-08-05 14:31:00+00:00,2022-08-05,121,08:30,Change in Manufact. Payrolls @ 08:30,1.4333282639261762,0.6955251500744649,1.4492027557433853,15.0
NQ,2022-08-10 12:31:00+00:00,2022-08-10,1,08:30,CPI Index NSA @ 08:30+MBA Mortgage Applications @ 07:00,-0.7095649459104351,0.4938924245052776,2.469068266303137,15.0
NQ,2022-08-10 13:01:00+00:00,2022-08-10,31,08:30,CPI Index NSA @ 08:30+MBA Mortgage Applications @ 07:00,-0.6871033786303421,0.2741677247056977,3.708061253496998,15.0
NQ,2022-08-10 13:31:00+00:00,2022-08-10,61,08:30,CPI Index NSA @ 08:30,0.5279631118100282,0.33700776449562436,2.9870069161254675,15.0
NQ,2022-08-10 14:01:00+00:00,2022-08-10,1,10:00,CPI Index NSA @ 08:30+Wholesale Inventories MoM @ 10:00,-0.45249812622239155,0.3713651260841583,2.7194229009037327,15.0
NQ,2022-08-10 14:31:00+00:00,2022-08-10,31,10:00,CPI Index NSA @ 08:30+Wholesale Inventories MoM @ 10:00,0.7580709212974844,0.6012222368753639,1.6739425421499416,15.0
NQ,2022-08-17 18:31:00+00:00,2022-08-17,31,14:00,FOMC Meeting Minutes @ 14:00,-0.6598802980473988,0.36773166377424593,2.7477057328252323,15.0
NQ,2022-08-17 19:31:00+00:00,2022-08-17,91,14:00,FOMC Meeting Minutes @ 14:00,-0.5575463788343669,0.44112132481058525,2.3456345811303145,15.0
NQ,2022-08-17 20:01:00+00:00,2022-08-17,121,14:00,FOMC Meeting Minutes @ 14:00,0.5940654616181339,0.33909398651165445,2.970792038203827,15.0
NQ,2022-08-23 14:01:00+00:00,2022-08-23,1,10:00,New Home Sales @ 10:00+Richmond Fed Manufact. Index @ 10:00,-0.827093652164398,0.42457623437256853,2.3758023045011982,15.0
NQ,2022-08-23 14:31:00+00:00,2022-08-23,31,10:00,New Home Sales @ 10:00+Richmond Fed Manufact. Index @ 10:00,-0.48599726888109684,0.5361001136876242,1.9540938605666087,15.0
NQ,2022-08-23 15:01:00+00:00,2022-08-23,61,10:00,New Home Sales @ 10:00+Richmond Fed Manufact. Index @ 10:00,0.3357044008944663,0.6415879804049653,1.5628356297191377,15.0
NQ,2022-08-23 15:31:00+00:00,2022-08-23,91,10:00,New Home Sales @ 10:00+Richmond Fed Manufact. Index @ 10:00,0.6047744468446341,0.7133738880564147,1.4090089604149727,15.0
NQ,2022-09-01 16:01:00+00:00,2022-09-01,121,10:00,ISM Manufacturing @ 10:00,-0.7346163192534783,0.41972022842584905,2.401985985257644,15.0
NQ,2022-09-02 12:31:00+00:00,2022-09-02,1,08:30,Change in Manufact. Payrolls @ 08:30,-0.6050744630460297,0.5281112090115413,1.975425896276824,15.0
NQ,2022-09-02 13:01:00+00:00,2022-09-02,31,08:30,Change in Manufact. Payrolls @ 08:30,1.205882982136066,0.41774660613441217,2.4176326790920677,15.0
NQ,2022-09-02 13:31:00+00:00,2022-09-02,61,08:30,Change in Manufact. Payrolls @ 08:30,-0.33018759649232704,0.43996513121619346,2.319047775795523,15.0
NQ,2022-09-02 14:01:00+00:00,2022-09-02,91,08:30,Change in Manufact. Payrolls @ 08:30+Durable Goods Orders @ 08:30,-0.5529182632291089,0.37754885863979093,2.6655539233317658,15.0
NQ,2022-09-13 12:31:00+00:00,2022-09-13,1,08:30,CPI Index NSA @ 08:30,-0.604303079977225,0.8191504234553707,1.417304161678606,15.0
NQ,2022-09-13 13:01:00+00:00,2022-09-13,31,08:30,CPI Index NSA @ 08:30,0.3615807467717798,0.5448582072678119,1.8517113441804085,15.0
NQ,2022-09-13 13:31:00+00:00,2022-09-13,61,08:30,CPI Index NSA @ 08:30,-0.4546488016803419,0.37502114133737996,2.690991135834835,15.0
NQ,2022-09-13 14:01:00+00:00,2022-09-13,91,08:30,CPI Index NSA @ 08:30,0.41242118037688763,0.4832474136814253,2.0759389348711723,15.0
NQ,2022-09-27 14:01:00+00:00,2022-09-27,1,10:00,Conf. Board Consumer Confidence @ 10:00+Durable Goods Orders @ 08:30+FHFA House Price Index MoM @ 09:00+New Home Sales @ 10:00+Richmond Fed Manufact. Index @ 10:00+S&P Cotality CS 20-City MoM SA @ 09:00,0.31877958957689095,0.44178308097902175,2.3623064610463436,15.0
NQ,2022-09-27 14:31:00+00:00,2022-09-27,91,09:00,Conf. Board Consumer Confidence @ 10:00+Durable Goods Orders @ 08:30+FHFA House Price Index MoM @ 09:00+New Home Sales @ 10:00+Richmond Fed Manufact. Index @ 10:00+S&P Cotality CS 20-City MoM SA @ 09:00,0.8194569331464405,0.37872385537355724,2.7045355672962046,15.0
NQ,2022-09-27 15:01:00+00:00,2022-09-27,61,10:00,Conf. Board Consumer Confidence @ 10:00+FHFA House Price Index MoM @ 09:00+New Home Sales @ 10:00+Richmond Fed Manufact. Index @ 10:00+S&P Cotality CS 20-City MoM SA @ 09:00,-0.8150654381462762,0.42521393145662295,2.3799407148357803,15.0
NQ,2022-09-27 15:31:00+00:00,2022-09-27,91,10:00,Conf. Board Consumer Confidence @ 10:00+New Home Sales @ 10:00+Richmond Fed Manufact. Index @ 10:00,-0.5961556511068736,0.7725133240448718,1.3237024062437954,15.0
NQ,2022-09-27 16:01:00+00:00,2022-09-27,121,10:00,Conf. Board Consumer Confidence @ 10:00+New Home Sales @ 10:00+Richmond Fed Manufact. Index @ 10:00,0.3649048380693221,0.7318632363386892,1.387539251683003,15.0
NQ,2022-10-03 14:01:00+00:00,2022-10-03,1,10:00,ISM Manufacturing @ 10:00,0.5617014215754512,0.42620649548162953,2.371721311620686,15.0
NQ,2022-10-03 14:31:00+00:00,2022-10-03,31,10:00,ISM Manufacturing @ 10:00,0.8323468958167644,0.677011228627067,1.5406928317817836,15.0
NQ,2022-10-03 15:31:00+00:00,2022-10-03,91,10:00,ISM Manufacturing @ 10:00,2.0,0.49334815611201016,2.0322285982026975,15.0
NQ,2022-10-03 16:01:00+00:00,2022-10-03,121,10:00,ISM Manufacturing @ 10:00,-0.7028823168057006,0.5217954520592945,1.9210773119713924,15.0
NQ,2022-10-07 12:31:00+00:00,2022-10-07,1,08:30,Change in Manufact. Payrolls @ 08:30,-0.36893104506595925,0.5717018452085564,1.9513323633248585,15.0
NQ,2022-10-07 13:01:00+00:00,2022-10-07,31,08:30,Change in Manufact. Payrolls @ 08:30,-0.8378475791705106,0.7113754383417111,1.4188684293386549,15.0
NQ,2022-10-07 13:31:00+00:00,2022-10-07,61,08:30,Change in Manufact. Payrolls @ 08:30,0.44655570008395123,0.4366952862515842,2.3407940335434394,15.0
NQ,2022-10-07 14:01:00+00:00,2022-10-07,1,10:00,Change in Manufact. Payrolls @ 08:30+Wholesale Inventories MoM @ 10:00,-0.3404215009354014,0.7504610903742286,1.3569339138960363,15.0
NQ,2022-10-07 14:31:00+00:00,2022-10-07,31,10:00,Change in Manufact. Payrolls @ 08:30+Wholesale Inventories MoM @ 10:00,0.5162727252807997,0.620323704852522,1.6392774848412763,15.0
NQ,2022-10-12 18:01:00+00:00,2022-10-12,1,14:00,FOMC Meeting Minutes @ 14:00,0.5922144582362842,0.2524566770077977,4.002498059730428,15.0
NQ,2022-10-12 18:31:00+00:00,2022-10-12,31,14:00,FOMC Meeting Minutes @ 14:00,-1.365781695385322,0.38281061586646237,2.6331975888272643,15.0
NQ,2022-10-12 19:01:00+00:00,2022-10-12,61,14:00,FOMC Meeting Minutes @ 14:00,-0.4729939879111923,0.5681870783912027,1.8333786178081581,15.0
NQ,2022-10-12 19:31:00+00:00,2022-10-12,91,14:00,FOMC Meeting Minutes @ 14:00,-0.5106916882159499,0.3694813631432612,2.722956490914306,15.0
NQ,2022-10-12 20:01:00+00:00,2022-10-12,121,14:00,FOMC Meeting Minutes @ 14:00,0.631687434115269,0.600450093017032,1.7429101113064398,15.0
NQ,2022-10-13 12:31:00+00:00,2022-10-13,1,08:30,CPI Index NSA @ 08:30+Continuing Claims @ 08:30,-0.5122103480173815,0.9880833914431962,1.2223130582774862,15.0
NQ,2022-10-13 14:01:00+00:00,2022-10-13,91,08:30,CPI Index NSA @ 08:30+Continuing Claims @ 08:30,0.4717506710469705,0.6601371310749854,1.519150404168859,15.0
NQ,2022-10-13 14:31:00+00:00,2022-10-13,121,08:30,CPI Index NSA @ 08:30+Continuing Claims @ 08:30,-0.637694898899057,0.4562274690607103,2.213351427340792,15.0
NQ,2022-10-25 14:01:00+00:00,2022-10-25,1,10:00,Conf. Board Consumer Confidence @ 10:00+FHFA House Price Index MoM @ 09:00+Richmond Fed Manufact. Index @ 10:00+S&P Cotality CS 20-City MoM SA @ 09:00,0.28013301797312706,0.6376409678366177,1.9072297819226252,15.0
NQ,2022-10-25 14:31:00+00:00,2022-10-25,31,10:00,Conf. Board Consumer Confidence @ 10:00+FHFA House Price Index MoM @ 09:00+Richmond Fed Manufact. Index @ 10:00+S&P Cotality CS 20-City MoM SA @ 09:00,0.31350657657947084,0.2500536855374201,4.054644596973095,15.0
NQ,2022-10-25 15:31:00+00:00,2022-10-25,91,10:00,Conf. Board Consumer Confidence @ 10:00+Richmond Fed Manufact. Index @ 10:00,-1.0773247975906002,0.5893441365524512,1.7102082725974108,15.0
NQ,2022-10-25 16:01:00+00:00,2022-10-25,121,10:00,Conf. Board Consumer Confidence @ 10:00+Richmond Fed Manufact. Index @ 10:00,0.5752256328136564,0.42701759900330283,2.3520805599869146,15.0
NQ,2022-11-01 14:01:00+00:00,2022-11-01,1,10:00,ISM Manufacturing @ 10:00+JOLTS Job Openings @ 10:00,0.48279176327631207,0.718747164002244,1.4196377140515641,15.0
NQ,2022-11-01 14:31:00+00:00,2022-11-01,31,10:00,ISM Manufacturing @ 10:00+JOLTS Job Openings @ 10:00,1.24164832394052,0.5470031419320128,1.8558975123838946,15.0
NQ,2022-11-01 15:01:00+00:00,2022-11-01,61,10:00,ISM Manufacturing @ 10:00+JOLTS Job Openings @ 10:00,0.8766112131038927,0.6326711836836745,1.6109599258399079,15.0
NQ,2022-11-04 12:31:00+00:00,2022-11-04,1,08:30,Change in Manufact. Payrolls @ 08:30,-0.42173443198013993,0.5751291353710114,1.8065194873183896,15.0
NQ,2022-11-04 13:31:00+00:00,2022-11-04,61,08:30,Change in Manufact. Payrolls @ 08:30,0.5972220953081423,0.42074017004141884,2.41322359717065,15.0
NQ,2022-11-04 14:01:00+00:00,2022-11-04,91,08:30,Change in Manufact. Payrolls @ 08:30,0.266762411273314,0.5440860152395887,1.8552787315942922,15.0
NQ,2022-11-04 14:31:00+00:00,2022-11-04,121,08:30,Change in Manufact. Payrolls @ 08:30,1.4124128694242222,0.793428658555663,1.2648717012610633,15.0
NQ,2022-11-10 13:31:00+00:00,2022-11-10,1,08:30,CPI Index NSA @ 08:30+Continuing Claims @ 08:30,1.6787840032622487,0.7307514345195655,1.5689537843187742,15.0
NQ,2022-11-10 15:01:00+00:00,2022-11-10,91,08:30,CPI Index NSA @ 08:30+Continuing Claims @ 08:30,0.7104037891128013,0.6926937399143733,1.4727536109130333,15.0
NQ,2022-11-22 15:01:00+00:00,2022-11-22,1,10:00,Richmond Fed Manufact. Index @ 10:00,1.4505659948152045,0.5584246892162488,1.818730529083433,15.0
NQ,2022-11-22 16:01:00+00:00,2022-11-22,61,10:00,Richmond Fed Manufact. Index @ 10:00,0.9584518640948169,0.7988629630479915,1.2610211633485133,15.0
NQ,2022-11-22 17:01:00+00:00,2022-11-22,121,10:00,Richmond Fed Manufact. Index @ 10:00,0.6810540857520349,0.4433435237625613,2.301284513607712,15.0
NQ,2022-11-23 19:01:00+00:00,2022-11-23,1,14:00,FOMC Meeting Minutes @ 14:00,0.5205270506018053,0.22803222690074884,4.443922036555822,15.0
NQ,2022-11-23 20:01:00+00:00,2022-11-23,61,14:00,FOMC Meeting Minutes @ 14:00,-0.39700055806919665,0.3391215329789982,2.9964702100983662,15.0
NQ,2022-12-01 15:01:00+00:00,2022-12-01,91,08:30,Continuing Claims @ 08:30+Core PCE Price Index MoM @ 08:30+ISM Manufacturing @ 10:00,0.7798673095420565,0.5396531863680656,1.8589831539056234,15.0
NQ,2022-12-01 15:31:00+00:00,2022-12-01,121,08:30,Continuing Claims @ 08:30+Core PCE Price Index MoM @ 08:30+ISM Manufacturing @ 10:00,-0.46797683328294726,0.9062808134714322,1.1269839808931035,15.0
NQ,2022-12-01 16:01:00+00:00,2022-12-01,61,10:00,ISM Manufacturing @ 10:00,1.136959705558126,0.8753973727926979,1.1613267642961214,15.0
NQ,2022-12-01 16:31:00+00:00,2022-12-01,91,10:00,ISM Manufacturing @ 10:00,0.6803673540997324,0.5071009944326951,1.9753396934043037,15.0
NQ,2022-12-02 13:31:00+00:00,2022-12-02,1,08:30,Change in Manufact. Payrolls @ 08:30,-0.22961123727341898,0.9832431844962694,1.2584952543561423,15.0
NQ,2022-12-02 14:31:00+00:00,2022-12-02,61,08:30,Change in Manufact. Payrolls @ 08:30,-0.241774395303051,0.7261014466737863,1.4133176524529414,15.0
NQ,2022-12-02 15:01:00+00:00,2022-12-02,91,08:30,Change in Manufact. Payrolls @ 08:30,-1.2964194031027592,0.4586282241199119,2.1865100736782157,15.0
NQ,2022-12-02 15:31:00+00:00,2022-12-02,121,08:30,Change in Manufact. Payrolls @ 08:30,0.3614489028716367,0.508111279300556,1.9693103392220137,15.0
NQ,2022-12-13 13:31:00+00:00,2022-12-13,1,08:30,CPI Index NSA @ 08:30,0.3933709167909483,0.4703044576087477,2.139634094301032,15.0
NQ,2022-12-13 14:01:00+00:00,2022-12-13,31,08:30,CPI Index NSA @ 08:30,-0.5061504954340352,0.36418679052472175,2.752873078236067,15.0
NQ,2022-12-13 14:31:00+00:00,2022-12-13,61,08:30,CPI Index NSA @ 08:30,-0.400179280450154,0.4030141753405181,2.489154547330006,15.0
NQ,2022-12-13 15:31:00+00:00,2022-12-13,121,08:30,CPI Index NSA @ 08:30,-0.5235612395252807,0.6954310022669966,1.4653786072709232,15.0
NQ,2022-12-28 15:01:00+00:00,2022-12-28,1,10:00,Pending Home Sales MoM @ 10:00+Richmond Fed Manufact. Index @ 10:00,1.016830901384662,0.35521871800695093,2.8631671835384678,15.0
NQ,2022-12-28 15:31:00+00:00,2022-12-28,31,10:00,Pending Home Sales MoM @ 10:00+Richmond Fed Manufact. Index @ 10:00,-0.37592129652723844,0.5246633889350255,1.9454481398247763,15.0
NQ,2022-12-28 16:01:00+00:00,2022-12-28,61,10:00,Pending Home Sales MoM @ 10:00+Richmond Fed Manufact. Index @ 10:00,0.393330891876801,0.80791290122294,1.250084695841235,15.0
NQ,2022-12-28 16:31:00+00:00,2022-12-28,91,10:00,Pending Home Sales MoM @ 10:00+Richmond Fed Manufact. Index @ 10:00,-0.5070810025232977,0.31952817587496074,3.139954467964377,15.0
NQ,2023-01-03 15:01:00+00:00,2023-01-03,1,10:00,ISM Manufacturing @ 10:00,0.3809532672392515,0.6672986427210593,1.5331846216792018,15.0
NQ,2023-01-03 15:31:00+00:00,2023-01-03,31,10:00,ISM Manufacturing @ 10:00,0.36923569697447045,0.6828203334128763,1.4789489962691438,15.0
NQ,2023-01-03 16:01:00+00:00,2023-01-03,61,10:00,ISM Manufacturing @ 10:00,1.1249919520507914,0.48905564366124465,2.0473518313145886,15.0
NQ,2023-01-03 16:31:00+00:00,2023-01-03,91,10:00,ISM Manufacturing @ 10:00,0.47258731466923737,0.5972257184294322,1.6968170014111248,15.0
NQ,2023-01-03 17:01:00+00:00,2023-01-03,121,10:00,ISM Manufacturing @ 10:00,-0.7139851511278437,0.469687383644264,2.142738205531354,15.0
NQ,2023-01-04 15:01:00+00:00,2023-01-04,1,10:00,ISM Manufacturing @ 10:00+JOLTS Job Openings @ 10:00,0.36856472927424433,0.3872925213494083,2.620641330532406,15.0
NQ,2023-01-04 15:31:00+00:00,2023-01-04,31,10:00,ISM Manufacturing @ 10:00+JOLTS Job Openings @ 10:00,-0.7121343129717188,0.39941923675076957,2.580988825682528,15.0
NQ,2023-01-04 17:01:00+00:00,2023-01-04,121,10:00,ISM Manufacturing @ 10:00+JOLTS Job Openings @ 10:00,0.48471778311710323,0.44316527108782205,2.2828855535151247,15.0
NQ,2023-01-04 19:01:00+00:00,2023-01-04,1,14:00,FOMC Meeting Minutes @ 14:00,0.3818980197880088,0.23808689926150728,4.248302920861895,15.0
NQ,2023-01-04 19:31:00+00:00,2023-01-04,31,14:00,FOMC Meeting Minutes @ 14:00,0.25631876240429036,0.37585024957969854,2.88620810573215,15.0
NQ,2023-01-04 20:01:00+00:00,2023-01-04,61,14:00,FOMC Meeting Minutes @ 14:00,0.3430699813452712,0.5054784642274361,2.0604736052716763,15.0
NQ,2023-01-04 20:31:00+00:00,2023-01-04,91,14:00,FOMC Meeting Minutes @ 14:00,-0.3832500268568906,0.583021061881907,1.7534744841061267,15.0
NQ,2023-01-04 21:01:00+00:00,2023-01-04,121,14:00,FOMC Meeting Minutes @ 14:00,1.7616388036101052,0.4340150760005277,2.370248039034663,15.0
NQ,2023-01-06 14:31:00+00:00,2023-01-06,61,08:30,Change in Manufact. Payrolls @ 08:30,0.31239953689206496,0.5747696828122405,1.7574842526741676,15.0
NQ,2023-01-06 15:31:00+00:00,2023-01-06,31,10:00,Change in Manufact. Payrolls @ 08:30+Durable Goods Orders @ 08:30+ISM Services Index @ 10:00,1.049709922698955,0.49639031652983284,2.0264385619227054,15.0
NQ,2023-01-12 13:31:00+00:00,2023-01-12,1,08:30,CPI Index NSA @ 08:30+Continuing Claims @ 08:30,-0.39071472914490707,0.5535219062021498,1.8381803192364727,15.0
NQ,2023-01-12 14:31:00+00:00,2023-01-12,61,08:30,CPI Index NSA @ 08:30+Continuing Claims @ 08:30,0.22234846337200775,0.4640680834870247,2.1771959266344783,15.0
NQ,2023-01-12 15:01:00+00:00,2023-01-12,91,08:30,CPI Index NSA @ 08:30+Continuing Claims @ 08:30,-0.48014924769976797,0.7354662369716732,1.3909297541194499,15.0
NQ,2023-01-12 15:31:00+00:00,2023-01-12,121,08:30,CPI Index NSA @ 08:30+Continuing Claims @ 08:30,0.47044725096920176,0.6681043038701548,1.5333794096839144,15.0
NQ,2023-01-24 15:01:00+00:00,2023-01-24,91,08:30,Philadelphia Fed Non-Manufacturing Activity @ 08:30+Richmond Fed Manufact. Index @ 10:00,-0.3757357430322196,0.5395272167824718,1.8931948001227619,15.0
NQ,2023-01-24 15:31:00+00:00,2023-01-24,121,08:30,Philadelphia Fed Non-Manufacturing Activity @ 08:30+Richmond Fed Manufact. Index @ 10:00,0.6492707650598868,0.4427766578158086,2.277384134919118,15.0
NQ,2023-01-24 16:31:00+00:00,2023-01-24,91,10:00,Richmond Fed Manufact. Index @ 10:00,-0.5925687060852776,0.39949241354590154,2.5175449906819254,15.0
NQ,2023-01-24 17:01:00+00:00,2023-01-24,121,10:00,Richmond Fed Manufact. Index @ 10:00,-0.682193356790698,0.3122009453562732,3.214376865807713,15.0
NQ,2023-02-01 15:01:00+00:00,2023-02-01,1,10:00,ISM Manufacturing @ 10:00+JOLTS Job Openings @ 10:00,-0.36268256818712485,0.5006728657498432,2.0079593435824123,15.0
NQ,2023-02-01 16:01:00+00:00,2023-02-01,61,10:00,ISM Manufacturing @ 10:00+JOLTS Job Openings @ 10:00,-0.5364279680982221,0.9452567443175565,1.0783896480445045,15.0
NQ,2023-02-01 16:31:00+00:00,2023-02-01,91,10:00,ISM Manufacturing @ 10:00+JOLTS Job Openings @ 10:00,-1.018442654818127,0.9882877367838363,1.0185845226445818,15.0
NQ,2023-02-01 17:01:00+00:00,2023-02-01,121,10:00,ISM Manufacturing @ 10:00+JOLTS Job Openings @ 10:00,0.6991844829613381,0.4811948959548343,2.082106957264142,15.0
NQ,2023-02-03 13:31:00+00:00,2023-02-03,1,08:30,Change in Manufact. Payrolls @ 08:30,-0.4255322540888553,0.7309410985698213,1.398137871297617,15.0
NQ,2023-02-03 15:01:00+00:00,2023-02-03,1,10:00,Change in Manufact. Payrolls @ 08:30+ISM Services Index @ 10:00,1.0892425291588557,0.7075314767722403,1.4326839170192445,15.0
NQ,2023-02-03 15:31:00+00:00,2023-02-03,31,10:00,Change in Manufact. Payrolls @ 08:30+ISM Services Index @ 10:00,-0.4402376681329401,0.7611558516834982,1.326863625340519,15.0
NQ,2023-02-14 13:31:00+00:00,2023-02-14,1,08:30,CPI Index NSA @ 08:30,0.3105268050521517,0.49783534745570085,2.0556655617947874,15.0
NQ,2023-02-14 14:01:00+00:00,2023-02-14,31,08:30,CPI Index NSA @ 08:30,-1.1854732749566714,0.3528875622028815,2.8588434273752683,15.0
NQ,2023-02-14 14:31:00+00:00,2023-02-14,61,08:30,CPI Index NSA @ 08:30,-0.3445980641577115,0.5671515507068378,1.8037823597021683,15.0
NQ,2023-02-14 15:01:00+00:00,2023-02-14,91,08:30,CPI Index NSA @ 08:30,1.3319371843584764,0.9831428776490073,1.0786231609067254,15.0
NQ,2023-02-14 15:31:00+00:00,2023-02-14,121,08:30,CPI Index NSA @ 08:30,0.3983658784534596,0.46251701236692183,2.2065081187822786,15.0
NQ,2023-02-22 19:31:00+00:00,2023-02-22,31,14:00,FOMC Meeting Minutes @ 14:00,0.20957618825816554,0.254687039484689,3.9540835283280895,15.0
NQ,2023-02-22 20:01:00+00:00,2023-02-22,61,14:00,FOMC Meeting Minutes @ 14:00,-0.4068980314668933,0.3281583254797443,3.09245625654766,15.0
NQ,2023-02-28 15:01:00+00:00,2023-02-28,91,08:30,Conf. Board Consumer Confidence @ 10:00+FHFA House Price Index MoM @ 09:00+Richmond Fed Manufact. Index @ 10:00+S&P Cotality CS 20-City MoM SA @ 09:00+Wholesale Inventories MoM @ 10:00,-0.4395546707817177,0.4118258985589988,2.5352734048309773,15.0
NQ,2023-02-28 16:01:00+00:00,2023-02-28,121,09:00,Conf. Board Consumer Confidence @ 10:00+Dallas Fed Services Activity @ 10:30+FHFA House Price Index MoM @ 09:00+Richmond Fed Manufact. Index @ 10:00+S&P Cotality CS 20-City MoM SA @ 09:00,-0.8346334938400305,0.3029455196867727,3.500084369320929,15.0
NQ,2023-02-28 16:31:00+00:00,2023-02-28,91,10:00,Conf. Board Consumer Confidence @ 10:00+Dallas Fed Services Activity @ 10:30+Richmond Fed Manufact. Index @ 10:00,0.6562932508917787,0.35501838449678047,3.0351723687330274,15.0
NQ,2023-02-28 17:01:00+00:00,2023-02-28,91,10:30,Conf. Board Consumer Confidence @ 10:00+Dallas Fed Services Activity @ 10:30+Richmond Fed Manufact. Index @ 10:00,-0.8544452070527577,0.4517960948662448,2.525942934427268,15.0
NQ,2023-03-01 15:01:00+00:00,2023-03-01,1,10:00,ISM Manufacturing @ 10:00,0.4912991580541571,0.4345564307597741,2.3181685051457506,15.0
NQ,2023-03-01 15:31:00+00:00,2023-03-01,31,10:00,ISM Manufacturing @ 10:00,0.34645321949555946,0.5800587593166887,1.7921643420763256,15.0
NQ,2023-03-01 16:31:00+00:00,2023-03-01,91,10:00,ISM Manufacturing @ 10:00,-0.6180283086779021,0.5177254502563218,1.989956057942535,15.0
NQ,2023-03-01 17:01:00+00:00,2023-03-01,121,10:00,ISM Manufacturing @ 10:00,0.5771066092199135,0.7813549388436102,1.297218361586959,15.0
NQ,2023-03-10 13:31:00+00:00,2023-03-10,1,08:30,Change in Manufact. Payrolls @ 08:30,0.4242122014827655,0.5615801437380221,1.7967718961423664,15.0
NQ,2023-03-10 14:01:00+00:00,2023-03-10,31,08:30,Change in Manufact. Payrolls @ 08:30,-0.7997558335531215,0.3510849358841116,2.8757633704425167,15.0
NQ,2023-03-10 14:31:00+00:00,2023-03-10,61,08:30,Change in Manufact. Payrolls @ 08:30,0.27992798910221467,0.6018467611551972,1.6735356402033656,15.0
NQ,2023-03-10 15:01:00+00:00,2023-03-10,91,08:30,Change in Manufact. Payrolls @ 08:30,0.5115998734269414,0.5752031739578107,1.7623176277531276,15.0
NQ,2023-03-10 15:31:00+00:00,2023-03-10,121,08:30,Change in Manufact. Payrolls @ 08:30,-0.6571678380546079,0.4633307352767883,2.1636854959115612,15.0
NQ,2023-03-14 12:31:00+00:00,2023-03-14,1,08:30,CPI Index NSA @ 08:30,-0.7785204332525589,0.4235894492466726,2.3715268120671307,15.0
NQ,2023-03-14 13:31:00+00:00,2023-03-14,61,08:30,CPI Index NSA @ 08:30,-0.4291469288749556,0.4927196404255812,2.038963056532461,15.0
NQ,2023-03-14 14:01:00+00:00,2023-03-14,91,08:30,CPI Index NSA @ 08:30,-0.3484829577937169,0.473851954402396,2.125723166470344,15.0
NQ,2023-03-14 14:31:00+00:00,2023-03-14,121,08:30,CPI Index NSA @ 08:30,-0.6068989877734768,0.5706787181759387,1.7717104623106144,15.0
NQ,2023-03-28 14:01:00+00:00,2023-03-28,1,10:00,Conf. Board Consumer Confidence @ 10:00+FHFA House Price Index MoM @ 09:00+Richmond Fed Manufact. Index @ 10:00+S&P Cotality CS 20-City MoM SA @ 09:00+Wholesale Inventories MoM @ 10:00,0.2994639341055911,0.43142525131548437,2.3854786203439473,15.0
NQ,2023-03-28 14:31:00+00:00,2023-03-28,1,10:30,Conf. Board Consumer Confidence @ 10:00+Dallas Fed Services Activity @ 10:30+FHFA House Price Index MoM @ 09:00+Richmond Fed Manufact. Index @ 10:00+S&P Cotality CS 20-City MoM SA @ 09:00+Wholesale Inventories MoM @ 10:00,-0.39262077703498977,0.3523155252423423,3.367944982900326,15.0
NQ,2023-03-28 15:01:00+00:00,2023-03-28,61,10:00,Conf. Board Consumer Confidence @ 10:00+Dallas Fed Services Activity @ 10:30+FHFA House Price Index MoM @ 09:00+Richmond Fed Manufact. Index @ 10:00+S&P Cotality CS 20-City MoM SA @ 09:00,0.471952215455927,0.23819401392000977,4.271730412962252,15.0
NQ,2023-03-28 15:31:00+00:00,2023-03-28,91,10:00,Conf. Board Consumer Confidence @ 10:00+Dallas Fed Services Activity @ 10:30+Richmond Fed Manufact. Index @ 10:00,-0.8581189692592758,0.5382464616425512,2.074640748693405,15.0
NQ,2023-04-03 14:01:00+00:00,2023-04-03,1,10:00,ISM Manufacturing @ 10:00,0.5700668741383206,0.3717001191295212,2.732388565794677,15.0
NQ,2023-04-03 14:31:00+00:00,2023-04-03,31,10:00,ISM Manufacturing @ 10:00,-0.60244509036163,0.4853556483498431,2.0626820364186274,15.0
NQ,2023-04-03 15:01:00+00:00,2023-04-03,61,10:00,ISM Manufacturing @ 10:00,0.5719503977608281,1.0287606152701132,1.0016730085111685,15.0
NQ,2023-04-03 15:31:00+00:00,2023-04-03,91,10:00,ISM Manufacturing @ 10:00,-0.6854185949357197,0.5425852442377248,1.855690622702686,15.0
NQ,2023-04-03 16:01:00+00:00,2023-04-03,121,10:00,ISM Manufacturing @ 10:00,-0.807103281051247,0.4348848722167675,2.310645389053876,15.0
NQ,2023-04-12 12:31:00+00:00,2023-04-12,91,07:00,CPI Index NSA @ 08:30+MBA Mortgage Applications @ 07:00,0.46361486843037447,0.5420284235365795,2.308305620210067,15.0
NQ,2023-04-12 13:01:00+00:00,2023-04-12,121,07:00,CPI Index NSA @ 08:30+MBA Mortgage Applications @ 07:00,-0.7674828963221031,0.42295416013385756,2.4446268714423445,15.0
NQ,2023-04-12 14:01:00+00:00,2023-04-12,91,08:30,CPI Index NSA @ 08:30,-0.537765377323798,0.8197634383885392,1.2379066400770746,15.0
NQ,2023-04-12 14:31:00+00:00,2023-04-12,121,08:30,CPI Index NSA @ 08:30,0.40968223510783186,0.39862419231402135,2.5147866657192894,15.0
NQ,2023-04-12 18:01:00+00:00,2023-04-12,1,14:00,FOMC Meeting Minutes @ 14:00+Federal Budget Balance @ 14:00,-0.4504042645345563,0.4162815744496799,2.5158813727871228,15.0
NQ,2023-04-12 18:31:00+00:00,2023-04-12,31,14:00,FOMC Meeting Minutes @ 14:00+Federal Budget Balance @ 14:00,0.4469738141580745,0.38230682161679175,2.8662614976750813,15.0
NQ,2023-04-12 19:31:00+00:00,2023-04-12,91,14:00,FOMC Meeting Minutes @ 14:00+Federal Budget Balance @ 14:00,-0.44311039588129136,0.46492116200501094,2.200210000844285,15.0
NQ,2023-04-12 20:01:00+00:00,2023-04-12,121,14:00,FOMC Meeting Minutes @ 14:00+Federal Budget Balance @ 14:00,0.6574882748919947,0.39071777380893535,2.5766264396091354,15.0
NQ,2023-04-25 14:01:00+00:00,2023-04-25,1,10:00,Conf. Board Consumer Confidence @ 10:00+FHFA House Price Index MoM @ 09:00+New Home Sales @ 10:00+Philadelphia Fed Non-Manufacturing Activity @ 08:30+Richmond Fed Manufact. Index @ 10:00+S&P Cotality CS 20-City MoM SA @ 09:00,-0.4216083307910964,0.3601493409552272,2.8082188177066,15.0
NQ,2023-04-25 14:31:00+00:00,2023-04-25,121,08:30,Conf. Board Consumer Confidence @ 10:00+Dallas Fed Services Activity @ 10:30+FHFA House Price Index MoM @ 09:00+New Home Sales @ 10:00+Philadelphia Fed Non-Manufacturing Activity @ 08:30+Richmond Fed Manufact. Index @ 10:00+S&P Cotality CS 20-City MoM SA @ 09:00,-0.5731700058982581,0.5415201658428931,1.9786020065814625,15.0
NQ,2023-04-25 15:01:00+00:00,2023-04-25,61,10:00,Conf. Board Consumer Confidence @ 10:00+Dallas Fed Services Activity @ 10:30+FHFA House Price Index MoM @ 09:00+New Home Sales @ 10:00+Richmond Fed Manufact. Index @ 10:00+S&P Cotality CS 20-City MoM SA @ 09:00,-0.3769145239500628,0.36648852717290153,2.788665387409081,15.0
NQ,2023-04-25 15:31:00+00:00,2023-04-25,61,10:30,Conf. Board Consumer Confidence @ 10:00+Dallas Fed Services Activity @ 10:30+New Home Sales @ 10:00+Richmond Fed Manufact. Index @ 10:00,-0.7257111330333486,0.3549925377549834,3.001187656278701,15.0
NQ,2023-04-25 16:01:00+00:00,2023-04-25,121,10:00,Conf. Board Consumer Confidence @ 10:00+Dallas Fed Services Activity @ 10:30+New Home Sales @ 10:00+Richmond Fed Manufact. Index @ 10:00,-0.5082536495313844,0.5397209434186885,2.1065470232532717,15.0
NQ,2023-05-01 14:01:00+00:00,2023-05-01,1,10:00,ISM Manufacturing @ 10:00,-0.4588005082775413,0.38317526672409574,2.617669198602109,15.0
NQ,2023-05-01 14:31:00+00:00,2023-05-01,31,10:00,ISM Manufacturing @ 10:00,0.5690355621218033,0.39677921168299407,2.530240697537489,15.0
NQ,2023-05-01 15:01:00+00:00,2023-05-01,61,10:00,ISM Manufacturing @ 10:00,-0.7677544556058741,0.5721825596610659,1.7654292611998856,15.0
NQ,2023-05-01 15:31:00+00:00,2023-05-01,91,10:00,ISM Manufacturing @ 10:00,-1.1788143907572044,0.7734779491297357,1.3116121650871848,15.0
NQ,2023-05-01 16:01:00+00:00,2023-05-01,121,10:00,ISM Manufacturing @ 10:00,-1.9348943653699042,0.6843918912316683,1.4722835518508754,15.0
NQ,2023-05-05 12:31:00+00:00,2023-05-05,1,08:30,Change in Manufact. Payrolls @ 08:30,-0.24365476986654322,0.6515590780720826,1.5966734748293288,15.0
NQ,2023-05-05 13:31:00+00:00,2023-05-05,61,08:30,Change in Manufact. Payrolls @ 08:30,0.6371331334720872,0.5269303481946853,1.9114961872906464,15.0
NQ,2023-05-05 14:01:00+00:00,2023-05-05,91,08:30,Change in Manufact. Payrolls @ 08:30,0.6937630299577132,0.7526126015949873,1.3411152836645892,15.0
NQ,2023-05-05 14:31:00+00:00,2023-05-05,121,08:30,Change in Manufact. Payrolls @ 08:30,-0.34513393922801267,0.6599904059314516,1.5317944695282073,15.0
NQ,2023-05-10 12:31:00+00:00,2023-05-10,91,07:00,CPI Index NSA @ 08:30+MBA Mortgage Applications @ 07:00,0.46349542195737703,0.7377720803917363,1.7727677889905014,15.0
NQ,2023-05-10 14:01:00+00:00,2023-05-10,91,08:30,CPI Index NSA @ 08:30,0.33050389264457386,0.5462282463906728,1.855368299386323,15.0
NQ,2023-05-10 14:31:00+00:00,2023-05-10,121,08:30,CPI Index NSA @ 08:30,-0.7145210890343199,0.40228960323215285,2.4921646899724808,15.0
NQ,2023-05-23 14:01:00+00:00,2023-05-23,91,08:30,New Home Sales @ 10:00+Philadelphia Fed Non-Manufacturing Activity @ 08:30+Richmond Fed Manufact. Index @ 10:00,-0.3303172958909497,0.3424452896483377,2.9232276623954667,15.0
NQ,2023-05-23 14:31:00+00:00,2023-05-23,31,10:00,New Home Sales @ 10:00+Philadelphia Fed Non-Manufacturing Activity @ 08:30+Richmond Fed Manufact. Index @ 10:00,-0.40534943678896174,0.3275158076040127,3.0639708690653187,15.0
NQ,2023-05-23 15:01:00+00:00,2023-05-23,61,10:00,New Home Sales @ 10:00+Richmond Fed Manufact. Index @ 10:00,-0.5100073026237325,0.3802682794193243,2.646926038732132,15.0
NQ,2023-05-23 16:01:00+00:00,2023-05-23,121,10:00,New Home Sales @ 10:00+Richmond Fed Manufact. Index @ 10:00,-0.7067194105020099,0.3862216671452806,2.6589322087283076,15.0
NQ,2023-05-24 18:01:00+00:00,2023-05-24,1,14:00,FOMC Meeting Minutes @ 14:00,-0.9637613323471982,0.40860776542502597,2.47367151488416,15.0
NQ,2023-05-24 18:31:00+00:00,2023-05-24,31,14:00,FOMC Meeting Minutes @ 14:00,0.5254012020562352,0.4053081033027635,2.5900274404191035,15.0
NQ,2023-05-24 19:01:00+00:00,2023-05-24,61,14:00,FOMC Meeting Minutes @ 14:00,0.5288865306788287,0.3395046032719472,3.071574329796376,15.0
NQ,2023-05-24 19:31:00+00:00,2023-05-24,91,14:00,FOMC Meeting Minutes @ 14:00,0.5597461853768908,0.81078213433749,1.354530800847177,15.0
NQ,2023-05-24 20:01:00+00:00,2023-05-24,121,14:00,FOMC Meeting Minutes @ 14:00,-0.7981575974728249,0.5085339900539834,2.0479026621278393,15.0
NQ,2023-06-01 14:01:00+00:00,2023-06-01,91,08:30,Continuing Claims @ 08:30+ISM Manufacturing @ 10:00+Nonfarm Productivity @ 08:30,-0.36394728037374546,0.4298612488836537,2.339479434224684,15.0
NQ,2023-06-01 15:01:00+00:00,2023-06-01,61,10:00,ISM Manufacturing @ 10:00,0.4161157534476353,0.7663813013988745,1.3270662343314015,15.0
NQ,2023-06-02 12:31:00+00:00,2023-06-02,1,08:30,Change in Manufact. Payrolls @ 08:30,0.34736113960093673,0.5997933694771683,1.7184414495734317,15.0
NQ,2023-06-02 13:01:00+00:00,2023-06-02,31,08:30,Change in Manufact. Payrolls @ 08:30,0.35819245491089763,0.4459742408934852,2.2479480353493653,15.0
NQ,2023-06-02 13:31:00+00:00,2023-06-02,61,08:30,Change in Manufact. Payrolls @ 08:30,0.6585463115044784,0.612875257435852,1.7488324343640742,15.0
NQ,2023-06-02 14:01:00+00:00,2023-06-02,91,08:30,Change in Manufact. Payrolls @ 08:30,0.41693469398271676,0.7881097915375416,1.2943495736083346,15.0
NQ,2023-06-02 14:31:00+00:00,2023-06-02,121,08:30,Change in Manufact. Payrolls @ 08:30,0.8830029301347638,0.37001826985894476,2.7093778778442705,15.0
NQ,2023-06-13 12:31:00+00:00,2023-06-13,1,08:30,CPI Index NSA @ 08:30,-1.041107532257975,0.6276718812715347,1.6323857914790287,15.0
NQ,2023-06-13 13:31:00+00:00,2023-06-13,61,08:30,CPI Index NSA @ 08:30,-0.546505115421471,0.5422563089751397,1.8628230497396425,15.0
NQ,2023-06-13 14:31:00+00:00,2023-06-13,121,08:30,CPI Index NSA @ 08:30,0.38321125180932897,0.4816115823219923,2.0941572560041157,15.0
NQ,2023-06-27 14:01:00+00:00,2023-06-27,1,10:00,Conf. Board Consumer Confidence @ 10:00+Durable Goods Orders @ 08:30+FHFA House Price Index MoM @ 09:00+New Home Sales @ 10:00+Richmond Fed Manufact. Index @ 10:00+S&P Cotality CS 20-City MoM SA @ 09:00,0.39917236333388517,0.338198753732331,3.1095013250093277,15.0
NQ,2023-06-27 14:31:00+00:00,2023-06-27,91,09:00,Conf. Board Consumer Confidence @ 10:00+Dallas Fed Services Activity @ 10:30+Durable Goods Orders @ 08:30+FHFA House Price Index MoM @ 09:00+New Home Sales @ 10:00+Richmond Fed Manufact. Index @ 10:00+S&P Cotality CS 20-City MoM SA @ 09:00,-0.7434575173821678,0.40428459079340173,2.663857090019379,15.0
NQ,2023-06-27 15:01:00+00:00,2023-06-27,61,10:00,Conf. Board Consumer Confidence @ 10:00+Dallas Fed Services Activity @ 10:30+FHFA House Price Index MoM @ 09:00+New Home Sales @ 10:00+Richmond Fed Manufact. Index @ 10:00+S&P Cotality CS 20-City MoM SA @ 09:00,-1.1412158146869957,0.28369763794508873,3.6259129719646075,15.0
NQ,2023-07-05 18:01:00+00:00,2023-07-05,1,14:00,FOMC Meeting Minutes @ 14:00,0.4871614197619673,0.36589662942419204,2.7582926350449135,15.0
NQ,2023-07-05 18:31:00+00:00,2023-07-05,31,14:00,FOMC Meeting Minutes @ 14:00,-0.22370126794461942,0.4251161619079433,2.4039430846544017,15.0
NQ,2023-07-05 19:01:00+00:00,2023-07-05,61,14:00,FOMC Meeting Minutes @ 14:00,0.2291269787023218,0.6948526596870875,1.5808162901249183,15.0
NQ,2023-07-05 19:31:00+00:00,2023-07-05,91,14:00,FOMC Meeting Minutes @ 14:00,-0.488314696066976,0.298313212807104,3.360748092286334,15.0
NQ,2023-07-05 20:01:00+00:00,2023-07-05,121,14:00,FOMC Meeting Minutes @ 14:00,-2.0,0.522349332007533,1.9571051692246253,15.0
NQ,2023-07-07 12:31:00+00:00,2023-07-07,1,08:30,Change in Manufact. Payrolls @ 08:30,0.44180204133926665,0.7393435445998147,1.3678773558316222,15.0
NQ,2023-07-07 13:01:00+00:00,2023-07-07,31,08:30,Change in Manufact. Payrolls @ 08:30,-1.7197637181365426,0.528783663566845,1.8956851885429649,15.0
NQ,2023-07-07 13:31:00+00:00,2023-07-07,61,08:30,Change in Manufact. Payrolls @ 08:30,0.504747939255591,0.41958532524762093,2.3970686101772216,15.0
NQ,2023-07-07 14:01:00+00:00,2023-07-07,91,08:30,Change in Manufact. Payrolls @ 08:30,0.714277327004889,0.7875463355197456,1.2912475150565363,15.0
NQ,2023-07-07 14:31:00+00:00,2023-07-07,121,08:30,Change in Manufact. Payrolls @ 08:30,0.5409106510965765,0.6708334096523828,1.4935523131607447,15.0
NQ,2023-07-12 12:31:00+00:00,2023-07-12,91,07:00,CPI Index NSA @ 08:30+MBA Mortgage Applications @ 07:00,0.41947212090136177,0.9538265838655471,1.4539553567389536,15.0
NQ,2023-07-12 13:31:00+00:00,2023-07-12,61,08:30,CPI Index NSA @ 08:30,0.6482560326593034,0.4034652474506914,2.489780667047049,15.0
NQ,2023-07-12 14:01:00+00:00,2023-07-12,91,08:30,CPI Index NSA @ 08:30,0.6563493952955368,0.6248269842923452,1.6048364444320289,15.0
NQ,2023-07-12 14:31:00+00:00,2023-07-12,121,08:30,CPI Index NSA @ 08:30,0.38218009538969944,0.6276935619612519,1.5961179854965977,15.0
NQ,2023-07-25 14:01:00+00:00,2023-07-25,1,10:00,Conf. Board Consumer Confidence @ 10:00+FHFA House Price Index MoM @ 09:00+Philadelphia Fed Non-Manufacturing Activity @ 08:30+Richmond Fed Manufact. Index @ 10:00+S&P Cotality CS 20-City MoM SA @ 09:00,-0.34625165301704725,0.5149194660540584,2.1430755812084628,15.0
NQ,2023-07-25 14:31:00+00:00,2023-07-25,91,09:00,Conf. Board Consumer Confidence @ 10:00+FHFA House Price Index MoM @ 09:00+Philadelphia Fed Non-Manufacturing Activity @ 08:30+Richmond Fed Manufact. Index @ 10:00+S&P Cotality CS 20-City MoM SA @ 09:00,0.7865715087091792,0.3975792887348315,2.6272942169501023,15.0
NQ,2023-07-25 16:01:00+00:00,2023-07-25,121,10:00,Conf. Board Consumer Confidence @ 10:00+Richmond Fed Manufact. Index @ 10:00,-0.6958420340810961,0.6447516823475814,1.6566671012319347,15.0
NQ,2023-08-01 15:31:00+00:00,2023-08-01,91,10:00,Dallas Fed Services Activity @ 10:30+ISM Manufacturing @ 10:00+JOLTS Job Openings @ 10:00,0.7139976609211262,0.2969486756150511,3.475228394995568,15.0
NQ,2023-08-04 12:31:00+00:00,2023-08-04,1,08:30,Change in Manufact. Payrolls @ 08:30,-0.41783443101836454,0.5823038950532177,1.7631567488335245,15.0
NQ,2023-08-04 13:01:00+00:00,2023-08-04,31,08:30,Change in Manufact. Payrolls @ 08:30,1.0615792390819399,0.5925923468727412,1.692846632648454,15.0
NQ,2023-08-04 13:31:00+00:00,2023-08-04,61,08:30,Change in Manufact. Payrolls @ 08:30,0.34699200468192537,0.35741011710147386,2.809716239237719,15.0
NQ,2023-08-04 14:01:00+00:00,2023-08-04,91,08:30,Change in Manufact. Payrolls @ 08:30,0.40348425055789183,0.7252545018590444,1.3971149821251185,15.0
NQ,2023-08-10 12:31:00+00:00,2023-08-10,1,08:30,CPI Index NSA @ 08:30+Continuing Claims @ 08:30,-0.6434126893745624,0.5708374999618808,1.8161982318197119,15.0
NQ,2023-08-10 13:01:00+00:00,2023-08-10,31,08:30,CPI Index NSA @ 08:30+Continuing Claims @ 08:30,-1.4119859229182479,0.465203453721784,2.1787624259854086,15.0
NQ,2023-08-10 13:31:00+00:00,2023-08-10,61,08:30,CPI Index NSA @ 08:30+Continuing Claims @ 08:30,0.2775958346996907,0.47269035277883553,2.1451091176441843,15.0
NQ,2023-08-10 14:01:00+00:00,2023-08-10,91,08:30,CPI Index NSA @ 08:30+Continuing Claims @ 08:30,-0.617823918212986,0.7499331057737798,1.3480198616239667,15.0
NQ,2023-08-10 14:31:00+00:00,2023-08-10,121,08:30,CPI Index NSA @ 08:30+Continuing Claims @ 08:30,0.3977843524969055,0.4820958385766269,2.075813875096465,15.0
NQ,2023-08-16 18:31:00+00:00,2023-08-16,31,14:00,FOMC Meeting Minutes @ 14:00,-0.6642231354111598,0.4847055311419947,2.1108879478467806,15.0
NQ,2023-08-16 19:01:00+00:00,2023-08-16,61,14:00,FOMC Meeting Minutes @ 14:00,-0.5641294478589015,0.65648329376781,1.5940551702095072,15.0
NQ,2023-08-16 19:31:00+00:00,2023-08-16,91,14:00,FOMC Meeting Minutes @ 14:00,-0.6776554627281006,0.48918416577935014,2.082591067959974,15.0
NQ,2023-08-16 20:01:00+00:00,2023-08-16,121,14:00,FOMC Meeting Minutes @ 14:00,-1.2636409708175413,0.5614621598418118,1.8588739296650711,15.0
NQ,2023-08-22 14:01:00+00:00,2023-08-22,1,10:00,Existing Home Sales @ 10:00+Philadelphia Fed Non-Manufacturing Activity @ 08:30+Richmond Fed Manufact. Index @ 10:00,0.43773211831349745,0.6288507883089968,1.616207981256671,15.0
NQ,2023-08-22 14:31:00+00:00,2023-08-22,31,10:00,Existing Home Sales @ 10:00+Philadelphia Fed Non-Manufacturing Activity @ 08:30+Richmond Fed Manufact. Index @ 10:00,-0.7259940766492231,0.42631361363585857,2.3673994414498765,15.0
NQ,2023-08-22 15:01:00+00:00,2023-08-22,61,10:00,Existing Home Sales @ 10:00+Richmond Fed Manufact. Index @ 10:00,0.6479178648376954,0.7736671014945866,1.298981359420423,15.0
NQ,2023-08-22 15:31:00+00:00,2023-08-22,91,10:00,Existing Home Sales @ 10:00+Richmond Fed Manufact. Index @ 10:00,-1.0416224984665847,0.33325441981512377,3.0125871927831835,15.0
NQ,2023-08-22 16:01:00+00:00,2023-08-22,121,10:00,Existing Home Sales @ 10:00+Richmond Fed Manufact. Index @ 10:00,1.0026972517123562,0.5867089966634198,1.709847536325032,15.0
NQ,2023-09-01 13:31:00+00:00,2023-09-01,61,08:30,Change in Manufact. Payrolls @ 08:30,-0.32528977222861816,0.4070047107424538,2.4703054191842795,15.0
NQ,2023-09-01 14:01:00+00:00,2023-09-01,91,08:30,Change in Manufact. Payrolls @ 08:30+ISM Manufacturing @ 10:00,0.05979316175836677,0.6180952602162147,1.6389749264543627,15.0
NQ,2023-09-01 14:31:00+00:00,2023-09-01,121,08:30,Change in Manufact. Payrolls @ 08:30+ISM Manufacturing @ 10:00,0.046091890407186004,0.39461547854273227,2.5389676179118346,15.0
NQ,2023-09-01 15:01:00+00:00,2023-09-01,61,10:00,ISM Manufacturing @ 10:00,0.5980900452311319,0.6760052676953398,1.4914119209274233,15.0
NQ,2023-09-01 15:31:00+00:00,2023-09-01,91,10:00,ISM Manufacturing @ 10:00,0.9814250052980942,0.476922387310095,2.142344904583059,15.0
NQ,2023-09-01 16:01:00+00:00,2023-09-01,121,10:00,ISM Manufacturing @ 10:00,-0.9146650627879984,0.6460763911106173,1.5621809539875746,15.0
NQ,2023-09-13 12:31:00+00:00,2023-09-13,91,07:00,CPI Index NSA @ 08:30+MBA Mortgage Applications @ 07:00,-0.47200623804514646,0.6291607461971974,2.146881070250701,15.0
NQ,2023-09-13 13:01:00+00:00,2023-09-13,121,07:00,CPI Index NSA @ 08:30+MBA Mortgage Applications @ 07:00,0.42680323842628237,0.4114436793267676,2.489704431447529,15.0
NQ,2023-09-13 13:31:00+00:00,2023-09-13,61,08:30,CPI Index NSA @ 08:30,-0.7238242699024868,0.5665750891524186,1.8137423360898373,15.0
NQ,2023-09-13 14:01:00+00:00,2023-09-13,91,08:30,CPI Index NSA @ 08:30,1.2116803192842989,0.2686995499578722,3.726528185294792,15.0
NQ,2023-09-13 14:31:00+00:00,2023-09-13,121,08:30,CPI Index NSA @ 08:30,-0.4598353981005627,0.5017874107002002,2.054318732531391,15.0
NQ,2023-09-26 14:01:00+00:00,2023-09-26,1,10:00,Conf. Board Consumer Confidence @ 10:00+FHFA House Price Index MoM @ 09:00+New Home Sales @ 10:00+Philadelphia Fed Non-Manufacturing Activity @ 08:30+Richmond Fed Manufact. Index @ 10:00+S&P Cotality CS 20-City MoM SA @ 09:00,0.3150024342226565,0.6680700382245135,1.6201661434445118,15.0
NQ,2023-09-26 15:31:00+00:00,2023-09-26,91,10:00,Conf. Board Consumer Confidence @ 10:00+Dallas Fed Services Activity @ 10:30+New Home Sales @ 10:00+Richmond Fed Manufact. Index @ 10:00,0.8123141095638173,0.6339178607662811,1.7799731468999278,15.0
NQ,2023-10-02 14:31:00+00:00,2023-10-02,31,10:00,ISM Manufacturing @ 10:00,0.46936633544577805,0.38864907820998557,2.599805080396992,15.0
NQ,2023-10-06 12:31:00+00:00,2023-10-06,1,08:30,Change in Manufact. Payrolls @ 08:30,-0.38585021955954313,1.1748746986488476,0.9158732364041583,15.0
NQ,2023-10-06 13:31:00+00:00,2023-10-06,61,08:30,Change in Manufact. Payrolls @ 08:30,-0.380626054310959,0.6033071545886102,1.6713614918932709,15.0
NQ,2023-10-06 14:01:00+00:00,2023-10-06,91,08:30,Change in Manufact. Payrolls @ 08:30,0.3127934268582346,0.35728992073571175,2.825594465853185,15.0
NQ,2023-10-06 14:31:00+00:00,2023-10-06,121,08:30,Change in Manufact. Payrolls @ 08:30,0.9456081205928519,0.873979969655955,1.1593967378874752,15.0
NQ,2023-10-11 18:01:00+00:00,2023-10-11,1,14:00,FOMC Meeting Minutes @ 14:00,-0.44022330858045755,0.4016545876481466,2.6162665406854297,15.0
NQ,2023-10-11 18:31:00+00:00,2023-10-11,31,14:00,FOMC Meeting Minutes @ 14:00,-1.0737912310823527,0.40786126864270117,2.507734569458373,15.0
NQ,2023-10-11 19:01:00+00:00,2023-10-11,61,14:00,FOMC Meeting Minutes @ 14:00,-0.30443271842281605,0.333470454812465,3.008628714200189,15.0
NQ,2023-10-11 19:31:00+00:00,2023-10-11,91,14:00,FOMC Meeting Minutes @ 14:00,-0.603970254294707,0.31683657090108475,3.242536549504027,15.0
NQ,2023-10-12 12:31:00+00:00,2023-10-12,1,08:30,CPI Index NSA @ 08:30+Continuing Claims @ 08:30,-0.3812222816858171,0.409660388064905,2.4542848998804168,15.0
NQ,2023-10-12 13:01:00+00:00,2023-10-12,31,08:30,CPI Index NSA @ 08:30+Continuing Claims @ 08:30,-0.8355182085100823,0.4754842245056388,2.1376766509938876,15.0
NQ,2023-10-12 14:31:00+00:00,2023-10-12,121,08:30,CPI Index NSA @ 08:30+Continuing Claims @ 08:30,0.48227537442553087,0.4387009702294573,2.3208823512982897,15.0
NQ,2023-10-24 15:01:00+00:00,2023-10-24,61,10:00,Richmond Fed Manufact. Index @ 10:00,-0.7261203671236411,0.37414179405024933,2.6770625357482856,15.0
NQ,2023-10-24 15:31:00+00:00,2023-10-24,91,10:00,Richmond Fed Manufact. Index @ 10:00,-0.5339025304754778,0.6665320538065683,1.51923772347083,15.0
NQ,2023-11-01 14:31:00+00:00,2023-11-01,31,10:00,ISM Manufacturing @ 10:00+JOLTS Job Openings @ 10:00,0.5862669041960433,0.7388465133826526,1.3756825059384905,15.0
NQ,2023-11-03 12:31:00+00:00,2023-11-03,1,08:30,Change in Manufact. Payrolls @ 08:30,0.499427226003105,0.8445220294413451,1.2314519594390465,15.0
NQ,2023-11-03 13:01:00+00:00,2023-11-03,31,08:30,Change in Manufact. Payrolls @ 08:30,-0.6533041513209272,0.27793989118231455,3.603523876323915,15.0
NQ,2023-11-03 13:31:00+00:00,2023-11-03,61,08:30,Change in Manufact. Payrolls @ 08:30,-0.7441305363434001,0.5424632769659724,1.8577859720808005,15.0
NQ,2023-11-03 14:01:00+00:00,2023-11-03,1,10:00,Change in Manufact. Payrolls @ 08:30+ISM Services Index @ 10:00,0.5688415088463035,0.8834026835357061,1.1398407075125796,15.0
NQ,2023-11-03 14:31:00+00:00,2023-11-03,31,10:00,Change in Manufact. Payrolls @ 08:30+ISM Services Index @ 10:00,0.44821115362953334,0.4507434517443089,2.2284133457229984,15.0
NQ,2023-11-14 13:31:00+00:00,2023-11-14,1,08:30,CPI Index NSA @ 08:30,0.4114556872321146,0.955470555697266,1.172066932553975,15.0
NQ,2023-11-14 14:31:00+00:00,2023-11-14,61,08:30,CPI Index NSA @ 08:30,-0.540558400408151,0.35508490628195266,2.830873927866323,15.0
NQ,2023-11-14 15:01:00+00:00,2023-11-14,91,08:30,CPI Index NSA @ 08:30,0.6354344269756542,0.644130367995091,1.5645449504524827,15.0
NQ,2023-11-14 15:31:00+00:00,2023-11-14,121,08:30,CPI Index NSA @ 08:30,-0.6940256009510916,0.39698567891768083,2.542949026424434,15.0
NQ,2023-11-21 19:01:00+00:00,2023-11-21,1,14:00,FOMC Meeting Minutes @ 14:00,-0.7333489965885722,0.484914521099069,2.118177737727804,15.0
NQ,2023-11-21 19:31:00+00:00,2023-11-21,31,14:00,FOMC Meeting Minutes @ 14:00,0.2729249956447437,0.2820571092336287,3.69010319901877,15.0
NQ,2023-11-21 20:01:00+00:00,2023-11-21,61,14:00,FOMC Meeting Minutes @ 14:00,0.36426500727160027,0.3667074774878,2.768341187639555,15.0
NQ,2023-11-21 20:31:00+00:00,2023-11-21,91,14:00,FOMC Meeting Minutes @ 14:00,-0.4659413753615875,0.23741534912184317,4.224340785340868,15.0
NQ,2023-11-21 21:01:00+00:00,2023-11-21,121,14:00,FOMC Meeting Minutes @ 14:00,-0.7701092791775169,0.34707486633871754,2.9037306583663356,15.0
NQ,2023-11-28 15:31:00+00:00,2023-11-28,31,10:00,Conf. Board Consumer Confidence @ 10:00+Dallas Fed Services Activity @ 10:30+FHFA House Price Index MoM @ 09:00+Richmond Fed Manufact. Index @ 10:00+S&P Cotality CS 20-City MoM SA @ 09:00,-0.5292720234660065,0.2736332851611146,3.7244831293612473,15.0
NQ,2023-11-28 16:01:00+00:00,2023-11-28,61,10:00,Conf. Board Consumer Confidence @ 10:00+Dallas Fed Services Activity @ 10:30+FHFA House Price Index MoM @ 09:00+Richmond Fed Manufact. Index @ 10:00+S&P Cotality CS 20-City MoM SA @ 09:00,0.7723744562175727,0.3944118112391234,2.7679738044734608,15.0
NQ,2023-11-28 16:31:00+00:00,2023-11-28,91,10:00,Conf. Board Consumer Confidence @ 10:00+Dallas Fed Services Activity @ 10:30+Richmond Fed Manufact. Index @ 10:00,1.0475310726008888,0.5213945666055876,2.0615303200242923,15.0
NQ,2023-11-28 17:01:00+00:00,2023-11-28,121,10:00,Conf. Board Consumer Confidence @ 10:00+Dallas Fed Services Activity @ 10:30+Richmond Fed Manufact. Index @ 10:00,0.7166942664971611,0.4738508926842108,2.3446578463018475,15.0
NQ,2023-12-01 15:31:00+00:00,2023-12-01,31,10:00,ISM Manufacturing @ 10:00,-0.6773903774858862,0.7615334055437116,1.3350410243801119,15.0
NQ,2023-12-01 16:01:00+00:00,2023-12-01,61,10:00,ISM Manufacturing @ 10:00,-0.49100863960477853,0.34738825013552543,2.8983454273981364,15.0
NQ,2023-12-01 16:31:00+00:00,2023-12-01,91,10:00,ISM Manufacturing @ 10:00,-0.38394011140948453,0.4177737101788974,2.4202286236434754,15.0
NQ,2023-12-08 13:31:00+00:00,2023-12-08,1,08:30,Change in Manufact. Payrolls @ 08:30,-0.35387115179918943,0.6630233684662293,1.563605156164078,15.0
NQ,2023-12-08 14:01:00+00:00,2023-12-08,31,08:30,Change in Manufact. Payrolls @ 08:30,0.7822510499027608,0.6108285824869407,1.6834087857305253,15.0
NQ,2023-12-08 15:31:00+00:00,2023-12-08,121,08:30,Change in Manufact. Payrolls @ 08:30+U. of Mich. Sentiment @ 10:00,0.4518181180333057,0.6747723344088874,1.498063796984919,15.0
NQ,2023-12-12 13:31:00+00:00,2023-12-12,1,08:30,CPI Index NSA @ 08:30,-0.8128368395333676,0.5286086206401226,1.9058970182577224,15.0
NQ,2023-12-12 14:31:00+00:00,2023-12-12,61,08:30,CPI Index NSA @ 08:30,-0.7714819151804382,0.5182582635552997,1.945359081859674,15.0
NQ,2023-12-12 15:01:00+00:00,2023-12-12,91,08:30,CPI Index NSA @ 08:30,-0.8263559185326658,0.6239351207897623,1.6299793229623363,15.0
NQ,2023-12-12 15:31:00+00:00,2023-12-12,121,08:30,CPI Index NSA @ 08:30,0.4894933340173117,0.344915362865986,2.908970447274022,15.0
NQ,2023-12-27 15:31:00+00:00,2023-12-27,31,10:00,Dallas Fed Services Activity @ 10:30+Richmond Fed Manufact. Index @ 10:00,0.5099411038173641,0.5303312824350463,2.069128270833085,15.0
NQ,2023-12-27 16:01:00+00:00,2023-12-27,61,10:00,Dallas Fed Services Activity @ 10:30+Richmond Fed Manufact. Index @ 10:00,0.8800635458508455,0.3028304509778688,3.492347199880972,15.0
NQ,2023-12-27 16:31:00+00:00,2023-12-27,61,10:30,Dallas Fed Services Activity @ 10:30+Richmond Fed Manufact. Index @ 10:00,-1.0351782661555802,0.25763562787337413,3.9591593106927587,15.0
NQ,2024-01-02 15:31:00+00:00,2024-01-02,31,10:00,ISM Manufacturing @ 10:00,-0.878033552527394,0.598660423457398,1.682484559870947,15.0
NQ,2024-01-02 16:01:00+00:00,2024-01-02,61,10:00,ISM Manufacturing @ 10:00,-0.7129652196784079,0.305756585274723,3.293016619048236,15.0
NQ,2024-01-03 15:01:00+00:00,2024-01-03,1,10:00,ISM Manufacturing @ 10:00+JOLTS Job Openings @ 10:00,0.6670335509788714,0.3034531447184797,3.2996331392862697,15.0
NQ,2024-01-03 15:31:00+00:00,2024-01-03,31,10:00,ISM Manufacturing @ 10:00+JOLTS Job Openings @ 10:00,-0.6147039764472534,0.5834865478663172,1.7247373984159033,15.0
NQ,2024-01-03 16:01:00+00:00,2024-01-03,61,10:00,ISM Manufacturing @ 10:00+JOLTS Job Openings @ 10:00,-0.6907893160172549,0.39526235046829333,2.549366043296193,15.0
NQ,2024-01-03 19:01:00+00:00,2024-01-03,1,14:00,FOMC Meeting Minutes @ 14:00,0.7798844041349111,0.2329017174656547,4.333356076535797,15.0
NQ,2024-01-03 19:31:00+00:00,2024-01-03,31,14:00,FOMC Meeting Minutes @ 14:00,-1.0473480825630366,0.43072757986561244,2.3896066602417196,15.0
NQ,2024-01-03 20:01:00+00:00,2024-01-03,61,14:00,FOMC Meeting Minutes @ 14:00,-0.33994244846696225,0.3198524349498847,3.139126382819556,15.0
NQ,2024-01-03 21:01:00+00:00,2024-01-03,121,14:00,FOMC Meeting Minutes @ 14:00,0.5379510974333734,0.5473789834433218,1.9203686732785732,15.0
NQ,2024-01-05 13:31:00+00:00,2024-01-05,1,08:30,Change in Manufact. Payrolls @ 08:30,0.7914524935407795,0.43098529606858754,2.38535908204718,15.0
NQ,2024-01-05 14:01:00+00:00,2024-01-05,31,08:30,Change in Manufact. Payrolls @ 08:30,0.9137743619353033,0.5766266101883873,1.742701501315949,15.0
NQ,2024-01-05 15:31:00+00:00,2024-01-05,31,10:00,Change in Manufact. Payrolls @ 08:30+Durable Goods Orders @ 08:30+ISM Services Index @ 10:00,-0.631059353335665,0.319284985425043,3.144420448732562,15.0
NQ,2024-01-11 13:31:00+00:00,2024-01-11,1,08:30,CPI Index NSA @ 08:30+Continuing Claims @ 08:30,-0.4677732015282215,0.5342179165245655,1.9044553503530393,15.0
NQ,2024-01-11 15:01:00+00:00,2024-01-11,91,08:30,CPI Index NSA @ 08:30+Continuing Claims @ 08:30,0.5952699839380905,0.7798877532941549,1.289890631127415,15.0
NQ,2024-01-11 15:31:00+00:00,2024-01-11,121,08:30,CPI Index NSA @ 08:30+Continuing Claims @ 08:30,0.9334019785832764,0.41144347983189483,2.460172857584783,15.0
NQ,2024-02-01 15:01:00+00:00,2024-02-01,91,08:30,Continuing Claims @ 08:30+ISM Manufacturing @ 10:00+Nonfarm Productivity @ 08:30,0.5076319750439112,0.476580401438742,2.107480881012916,15.0
NQ,2024-02-01 15:31:00+00:00,2024-02-01,121,08:30,Continuing Claims @ 08:30+ISM Manufacturing @ 10:00+Nonfarm Productivity @ 08:30,1.675311664310082,0.48370967927949127,2.0879154446724915,15.0
NQ,2024-02-01 16:01:00+00:00,2024-02-01,61,10:00,ISM Manufacturing @ 10:00,0.5550291181167762,1.008024290120366,1.0362960762660531,15.0
NQ,2024-02-01 17:01:00+00:00,2024-02-01,121,10:00,ISM Manufacturing @ 10:00,1.0064911497414057,0.5528043678217394,1.8168687538953052,15.0
NQ,2024-02-02 13:31:00+00:00,2024-02-02,1,08:30,Change in Manufact. Payrolls @ 08:30,0.3232407374264008,0.6451576352204056,1.5640086512968434,15.0
NQ,2024-02-02 14:01:00+00:00,2024-02-02,31,08:30,Change in Manufact. Payrolls @ 08:30,0.5994714879764069,0.5342768527343027,1.9103484847023495,15.0
NQ,2024-02-02 14:31:00+00:00,2024-02-02,61,08:30,Change in Manufact. Payrolls @ 08:30,-0.4365779987700747,0.31733585879494347,3.1659480663783195,15.0
NQ,2024-02-02 15:31:00+00:00,2024-02-02,31,10:00,Change in Manufact. Payrolls @ 08:30+Durable Goods Orders @ 08:30+U. of Mich. Sentiment @ 10:00,1.0752418295124573,0.34859250064037717,2.8923493779678275,15.0
NQ,2024-02-13 13:31:00+00:00,2024-02-13,1,08:30,CPI Index NSA @ 08:30,-0.5096906751033288,1.0372255053022004,1.034350416127543,15.0
NQ,2024-02-13 15:31:00+00:00,2024-02-13,121,08:30,CPI Index NSA @ 08:30,0.8290613592774446,0.7020270509236052,1.4361176988468636,15.0
NQ,2024-02-21 19:01:00+00:00,2024-02-21,1,14:00,FOMC Meeting Minutes @ 14:00,-0.7706640650650947,0.3411224533035573,3.1080107890211863,15.0
NQ,2024-02-21 19:31:00+00:00,2024-02-21,31,14:00,FOMC Meeting Minutes @ 14:00,0.5916736658139662,0.34991628417551085,2.945880389437667,15.0
NQ,2024-02-21 20:01:00+00:00,2024-02-21,61,14:00,FOMC Meeting Minutes @ 14:00,0.611895365996875,0.3875450240994538,2.7416298035862985,15.0
NQ,2024-02-21 20:31:00+00:00,2024-02-21,91,14:00,FOMC Meeting Minutes @ 14:00,-0.49194276958355,0.3554015771463137,3.0209800094171246,15.0
NQ,2024-03-01 15:01:00+00:00,2024-03-01,1,10:00,ISM Manufacturing @ 10:00+U. of Mich. Sentiment @ 10:00,-0.5129963223452589,0.3502487301208206,2.882443711211115,15.0
NQ,2024-03-01 15:31:00+00:00,2024-03-01,31,10:00,ISM Manufacturing @ 10:00+U. of Mich. Sentiment @ 10:00,1.161491309303379,0.50864763924489,1.9843284210787084,15.0
NQ,2024-03-01 17:01:00+00:00,2024-03-01,121,10:00,ISM Manufacturing @ 10:00+Kansas City Fed Services Activity @ 11:00+U. of Mich. Sentiment @ 10:00,0.7460454729787269,0.4875476410118182,2.118930884032571,15.0
NQ,2024-03-08 14:31:00+00:00,2024-03-08,61,08:30,Change in Manufact. Payrolls @ 08:30,0.24411889214932822,0.6465670386790666,1.555595170319432,15.0
NQ,2024-03-08 15:31:00+00:00,2024-03-08,121,08:30,Change in Manufact. Payrolls @ 08:30,2.0,0.4626994631495414,2.1755974042137862,15.0
NQ,2024-03-12 12:31:00+00:00,2024-03-12,1,08:30,CPI Index NSA @ 08:30,-0.5180437096005706,0.5096435832854833,2.020997140076592,15.0
NQ,2024-03-12 13:31:00+00:00,2024-03-12,61,08:30,CPI Index NSA @ 08:30,-0.3885272736168727,0.37705362310442786,2.69263900967999,15.0
NQ,2024-03-12 14:01:00+00:00,2024-03-12,91,08:30,CPI Index NSA @ 08:30,0.4187290625251685,0.6038145055843546,1.6758755251556934,15.0
NQ,2024-03-12 14:31:00+00:00,2024-03-12,121,08:30,CPI Index NSA @ 08:30,0.48126702910694213,0.5567310781692096,1.812488939624707,15.0
NQ,2024-04-01 14:01:00+00:00,2024-04-01,1,10:00,ISM Manufacturing @ 10:00,0.7669499791803733,0.50389658275612,1.9979968397570582,15.0
NQ,2024-04-01 14:31:00+00:00,2024-04-01,31,10:00,ISM Manufacturing @ 10:00,-0.5642414209373321,0.5082716599744219,1.9876550561848354,15.0
NQ,2024-04-01 15:01:00+00:00,2024-04-01,61,10:00,ISM Manufacturing @ 10:00,-0.4355499934577748,0.695193455486018,1.449978895574001,15.0
NQ,2024-04-01 15:31:00+00:00,2024-04-01,91,10:00,ISM Manufacturing @ 10:00,0.6758699486425402,0.6109793009660295,1.6886946484804854,15.0
NQ,2024-04-01 16:01:00+00:00,2024-04-01,121,10:00,ISM Manufacturing @ 10:00,-0.81081880239551,0.7326541439268796,1.372586973051788,15.0
NQ,2024-04-05 12:31:00+00:00,2024-04-05,1,08:30,Change in Manufact. Payrolls @ 08:30,0.3509943726395429,0.6242315334261753,1.6417996790397185,15.0
NQ,2024-04-05 13:31:00+00:00,2024-04-05,61,08:30,Change in Manufact. Payrolls @ 08:30,0.33721757752921966,0.34322607500655816,2.9421983470621034,15.0
NQ,2024-04-05 14:01:00+00:00,2024-04-05,91,08:30,Change in Manufact. Payrolls @ 08:30,0.6571916782533311,0.7870307268927454,1.2870802704586244,15.0
NQ,2024-04-10 12:31:00+00:00,2024-04-10,91,07:00,CPI Index NSA @ 08:30+MBA Mortgage Applications @ 07:00,-0.3659938492034609,0.813883794103865,1.8140787995977374,15.0
NQ,2024-04-10 13:01:00+00:00,2024-04-10,31,08:30,CPI Index NSA @ 08:30+MBA Mortgage Applications @ 07:00,-0.6503885870322818,0.31386771108647804,3.2254693300834303,15.0
NQ,2024-04-10 14:01:00+00:00,2024-04-10,91,08:30,CPI Index NSA @ 08:30+Wholesale Inventories MoM @ 10:00,1.1976292434292874,0.32510451975437715,3.0922446155277687,15.0
NQ,2024-04-10 18:01:00+00:00,2024-04-10,1,14:00,FOMC Meeting Minutes @ 14:00+Federal Budget Balance @ 14:00,1.2757726946175956,0.33731429135330687,3.027525557634181,15.0
NQ,2024-04-10 18:31:00+00:00,2024-04-10,31,14:00,FOMC Meeting Minutes @ 14:00+Federal Budget Balance @ 14:00,0.548814569408767,0.35414919077731316,2.8517875051738146,15.0
NQ,2024-05-01 14:01:00+00:00,2024-05-01,1,10:00,ISM Manufacturing @ 10:00+JOLTS Job Openings @ 10:00,0.3720670284388449,0.3583498497735229,2.7963684006784173,15.0
NQ,2024-05-01 14:31:00+00:00,2024-05-01,31,10:00,ISM Manufacturing @ 10:00+JOLTS Job Openings @ 10:00,0.6214444408781168,0.3338467510439313,3.0013282059390884,15.0
NQ,2024-05-01 15:31:00+00:00,2024-05-01,91,10:00,ISM Manufacturing @ 10:00+JOLTS Job Openings @ 10:00,-0.799933428662294,0.7019042299699773,1.4449900467936243,15.0
NQ,2024-05-01 16:01:00+00:00,2024-05-01,121,10:00,ISM Manufacturing @ 10:00+JOLTS Job Openings @ 10:00,-0.6674046403922902,0.5954337102774018,1.6994635186803395,15.0
NQ,2024-05-03 12:31:00+00:00,2024-05-03,1,08:30,Change in Manufact. Payrolls @ 08:30,0.650843629271731,0.9392575900698967,1.0958164152343925,15.0
NQ,2024-05-03 13:01:00+00:00,2024-05-03,31,08:30,Change in Manufact. Payrolls @ 08:30,-1.121158912526362,0.36168752899534035,2.789580172040949,15.0
NQ,2024-05-03 13:31:00+00:00,2024-05-03,61,08:30,Change in Manufact. Payrolls @ 08:30,-0.569048329316799,0.3792677541723397,2.646398464112186,15.0
NQ,2024-05-03 14:31:00+00:00,2024-05-03,31,10:00,Change in Manufact. Payrolls @ 08:30+ISM Services Index @ 10:00,1.0770621819370585,0.39786393907624173,2.539684930371328,15.0
NQ,2024-05-15 12:31:00+00:00,2024-05-15,91,07:00,CPI Index NSA @ 08:30+Empire Manufacturing @ 08:30+MBA Mortgage Applications @ 07:00+Retail Sales Advance MoM @ 08:30,0.650572007302966,0.947848292746231,1.251338536778256,15.0
NQ,2024-05-15 13:31:00+00:00,2024-05-15,61,08:30,CPI Index NSA @ 08:30+Empire Manufacturing @ 08:30+Retail Sales Advance MoM @ 08:30,0.7289693414345837,0.3180257781325226,3.1616857235742786,15.0
NQ,2024-05-15 14:01:00+00:00,2024-05-15,1,10:00,Business Inventories @ 10:00+CPI Index NSA @ 08:30+Empire Manufacturing @ 08:30+NAHB Housing Market Index @ 10:00+Retail Sales Advance MoM @ 08:30,0.38026396762954495,0.5469110364159983,1.834864322493758,15.0
NQ,2024-05-15 14:31:00+00:00,2024-05-15,121,08:30,Business Inventories @ 10:00+CPI Index NSA @ 08:30+Empire Manufacturing @ 08:30+NAHB Housing Market Index @ 10:00+Retail Sales Advance MoM @ 08:30,-0.7057831378846738,0.72984816346218,1.378096822855222,15.0
NQ,2024-05-22 18:01:00+00:00,2024-05-22,1,14:00,FOMC Meeting Minutes @ 14:00,-0.7405051023438786,0.5059885276183314,2.2481465194127463,15.0
NQ,2024-05-22 19:01:00+00:00,2024-05-22,61,14:00,FOMC Meeting Minutes @ 14:00,0.6469877302947005,0.47312701137837054,2.209519653998664,15.0
NQ,2024-05-22 19:31:00+00:00,2024-05-22,91,14:00,FOMC Meeting Minutes @ 14:00,0.49433651089856884,0.2482395028088775,4.05604475223491,15.0
NQ,2024-06-03 14:31:00+00:00,2024-06-03,31,10:00,ISM Manufacturing @ 10:00,-0.9824723113308163,0.3776882772558631,2.6566492489495817,15.0
NQ,2024-06-03 15:01:00+00:00,2024-06-03,61,10:00,ISM Manufacturing @ 10:00,0.6632633559727517,1.021317573481539,1.0185128123974203,15.0
NQ,2024-06-03 16:01:00+00:00,2024-06-03,121,10:00,ISM Manufacturing @ 10:00,-1.3330087466763971,0.33617360514679306,2.9917001820924733,15.0
NQ,2024-06-07 13:01:00+00:00,2024-06-07,31,08:30,Change in Manufact. Payrolls @ 08:30,0.5680635010257943,0.5155064563972422,1.9493155284292893,15.0
NQ,2024-06-07 13:31:00+00:00,2024-06-07,61,08:30,Change in Manufact. Payrolls @ 08:30,-0.41069102468049956,0.3863096672801011,2.605844677579014,15.0
NQ,2024-06-07 14:01:00+00:00,2024-06-07,91,08:30,Change in Manufact. Payrolls @ 08:30+Wholesale Inventories MoM @ 10:00,0.7549027422807456,0.46340148555007354,2.1771534378775024,15.0
NQ,2024-06-07 14:31:00+00:00,2024-06-07,31,10:00,Change in Manufact. Payrolls @ 08:30+Wholesale Inventories MoM @ 10:00,0.5564628296135773,0.3314159194755334,3.0251487634885517,15.0
NQ,2024-06-12 12:31:00+00:00,2024-06-12,91,07:00,CPI Index NSA @ 08:30+MBA Mortgage Applications @ 07:00,0.45597749768782725,1.2058598446015156,1.0868882706956229,15.0
NQ,2024-06-12 13:01:00+00:00,2024-06-12,121,07:00,CPI Index NSA @ 08:30+MBA Mortgage Applications @ 07:00,0.46657671597192807,0.4055160204729658,2.4974631232828104,15.0
NQ,2024-06-12 14:01:00+00:00,2024-06-12,91,08:30,CPI Index NSA @ 08:30,-0.4971905220824052,0.935350398031838,1.0760127464060771,15.0
NQ,2024-06-12 14:31:00+00:00,2024-06-12,121,08:30,CPI Index NSA @ 08:30,0.6864455414917864,0.8101423477393234,1.25272144332705,15.0
NQ,2024-07-01 14:01:00+00:00,2024-07-01,1,10:00,ISM Manufacturing @ 10:00,0.5006349750066227,0.6426450541238753,1.5670318493763795,15.0
NQ,2024-07-01 14:31:00+00:00,2024-07-01,31,10:00,ISM Manufacturing @ 10:00,-0.7024404249593371,0.41224260379477445,2.4749917107838098,15.0
NQ,2024-07-01 15:31:00+00:00,2024-07-01,91,10:00,ISM Manufacturing @ 10:00,0.943775338173258,0.5936268975923142,1.7009444728902288,15.0
NQ,2024-07-05 13:01:00+00:00,2024-07-05,31,08:30,Change in Manufact. Payrolls @ 08:30,-2.0,0.7051339132955081,1.4213585753908315,15.0
NQ,2024-07-05 13:31:00+00:00,2024-07-05,61,08:30,Change in Manufact. Payrolls @ 08:30,0.4688671033967732,0.6232665107919589,1.6214742805788338,15.0
NQ,2024-07-05 14:01:00+00:00,2024-07-05,91,08:30,Change in Manufact. Payrolls @ 08:30,-0.6443352320266273,0.4895266888553258,2.05712447978424,15.0
NQ,2024-07-05 14:31:00+00:00,2024-07-05,121,08:30,Change in Manufact. Payrolls @ 08:30,-0.7645719991418605,0.4126226231620187,2.447933633703082,15.0
NQ,2024-07-11 12:31:00+00:00,2024-07-11,1,08:30,CPI Index NSA @ 08:30+Continuing Claims @ 08:30,-0.9961269485034117,0.9415875107101218,1.1036290432596392,15.0
NQ,2024-07-11 13:01:00+00:00,2024-07-11,31,08:30,CPI Index NSA @ 08:30+Continuing Claims @ 08:30,-0.668021360996828,0.8382227259809536,1.2003548057628295,15.0
NQ,2024-07-11 14:01:00+00:00,2024-07-11,91,08:30,CPI Index NSA @ 08:30+Continuing Claims @ 08:30,0.6582523303966856,0.40571872884464005,2.4670105743897506,15.0
NQ,2024-08-01 14:01:00+00:00,2024-08-01,1,10:00,Continuing Claims @ 08:30+ISM Manufacturing @ 10:00+Nonfarm Productivity @ 08:30,0.9889402756363322,0.7303232120723809,1.376946322135634,15.0
NQ,2024-08-01 14:31:00+00:00,2024-08-01,121,08:30,Continuing Claims @ 08:30+ISM Manufacturing @ 10:00+Nonfarm Productivity @ 08:30,-0.8815668518938681,0.7249063967983801,1.3997128948322628,15.0
NQ,2024-08-01 15:31:00+00:00,2024-08-01,91,10:00,ISM Manufacturing @ 10:00,-0.8932409301830088,0.3322622054811141,3.0182753107242886,15.0
NQ,2024-08-01 16:01:00+00:00,2024-08-01,121,10:00,ISM Manufacturing @ 10:00,-0.84826865822157,0.6126232998175457,1.6628225631319278,15.0
NQ,2024-08-02 12:31:00+00:00,2024-08-02,1,08:30,Change in Manufact. Payrolls @ 08:30,-0.5225682015537819,0.8130813267123065,1.2689970206885597,15.0
NQ,2024-08-02 13:01:00+00:00,2024-08-02,31,08:30,Change in Manufact. Payrolls @ 08:30,0.8443748997940125,0.4858244503944367,2.0754748330707757,15.0
NQ,2024-08-02 13:31:00+00:00,2024-08-02,61,08:30,Change in Manufact. Payrolls @ 08:30,-0.43061697160663737,0.5417091605536193,1.891800828790251,15.0
NQ,2024-08-02 14:01:00+00:00,2024-08-02,1,10:00,Change in Manufact. Payrolls @ 08:30+Durable Goods Orders @ 08:30,-0.597559966121927,0.3840001833828669,2.6151774804187466,15.0
NQ,2024-08-02 14:31:00+00:00,2024-08-02,121,08:30,Change in Manufact. Payrolls @ 08:30+Durable Goods Orders @ 08:30,-0.7574336058095678,0.4827705587358163,2.1047900058502895,15.0
NQ,2024-08-14 12:31:00+00:00,2024-08-14,1,08:30,CPI Index NSA @ 08:30+MBA Mortgage Applications @ 07:00,-1.6444282456636807,0.24126374022751845,4.186154435669891,15.0
NQ,2024-08-14 13:01:00+00:00,2024-08-14,31,08:30,CPI Index NSA @ 08:30+MBA Mortgage Applications @ 07:00,-0.863358753532979,0.5453290505717485,1.869161331949196,15.0
NQ,2024-08-14 13:31:00+00:00,2024-08-14,61,08:30,CPI Index NSA @ 08:30,0.46917026761922753,0.34781706658074923,2.882734219353089,15.0
NQ,2024-08-14 14:31:00+00:00,2024-08-14,121,08:30,CPI Index NSA @ 08:30,-0.8711568569180032,0.5006619732150637,2.0535744814554175,15.0
NQ,2024-08-21 18:01:00+00:00,2024-08-21,1,14:00,FOMC Meeting Minutes @ 14:00,0.6771298912459217,0.42073162698584143,2.444152147310384,15.0
NQ,2024-08-21 18:31:00+00:00,2024-08-21,31,14:00,FOMC Meeting Minutes @ 14:00,-0.8026067041873712,0.3982675955286439,2.6037053078968793,15.0
NQ,2024-08-21 19:31:00+00:00,2024-08-21,91,14:00,FOMC Meeting Minutes @ 14:00,-0.5550070438227894,0.36449692881866674,2.805084261810877,15.0
NQ,2024-08-21 20:01:00+00:00,2024-08-21,121,14:00,FOMC Meeting Minutes @ 14:00,1.4347217289097824,0.47191806734527897,2.2127433147530873,15.0
NQ,2024-09-03 14:31:00+00:00,2024-09-03,31,10:00,ISM Manufacturing @ 10:00,0.5092707257995032,0.46413491747928715,2.1938272901106677,15.0
NQ,2024-09-03 15:31:00+00:00,2024-09-03,91,10:00,ISM Manufacturing @ 10:00,1.0673539986711904,0.3663869848795981,2.744954159532707,15.0
NQ,2024-09-06 13:31:00+00:00,2024-09-06,61,08:30,Change in Manufact. Payrolls @ 08:30,-0.950782618007621,0.30786757277832477,3.255641395996296,15.0
NQ,2024-09-06 14:31:00+00:00,2024-09-06,121,08:30,Change in Manufact. Payrolls @ 08:30,-0.36542157420483057,0.6378236081158806,1.588169722804285,15.0
NQ,2024-09-11 12:31:00+00:00,2024-09-11,91,07:00,CPI Index NSA @ 08:30+MBA Mortgage Applications @ 07:00,0.45482534755247067,0.5166388549746338,2.292747878548893,15.0
NQ,2024-09-11 13:31:00+00:00,2024-09-11,61,08:30,CPI Index NSA @ 08:30,-0.6717418019915191,0.3505334532491108,2.855553715177631,15.0
NQ,2024-09-11 14:01:00+00:00,2024-09-11,91,08:30,CPI Index NSA @ 08:30,0.680144639190591,0.49188548785729874,2.0356127595601117,15.0
NQ,2024-09-11 14:31:00+00:00,2024-09-11,121,08:30,CPI Index NSA @ 08:30,0.39517049321357695,0.7952520355575853,1.333501191922455,15.0
NQ,2024-10-01 14:01:00+00:00,2024-10-01,1,10:00,ISM Manufacturing @ 10:00+JOLTS Job Openings @ 10:00,-0.5733565415052071,0.6284767443881013,1.6327179209787688,15.0
NQ,2024-10-01 14:31:00+00:00,2024-10-01,1,10:30,Dallas Fed Services Activity @ 10:30+ISM Manufacturing @ 10:00+JOLTS Job Openings @ 10:00,0.452057038494794,0.5778394443865152,1.817021136869054,15.0
NQ,2024-10-01 15:01:00+00:00,2024-10-01,61,10:00,Dallas Fed Services Activity @ 10:30+ISM Manufacturing @ 10:00+JOLTS Job Openings @ 10:00,0.7296098235555443,0.4057437312408561,2.647748593656574,15.0
NQ,2024-10-01 15:31:00+00:00,2024-10-01,91,10:00,Dallas Fed Services Activity @ 10:30+ISM Manufacturing @ 10:00+JOLTS Job Openings @ 10:00,0.9528710690221679,0.39556318884232217,2.688676620544715,15.0
NQ,2024-10-01 16:01:00+00:00,2024-10-01,91,10:30,Dallas Fed Services Activity @ 10:30+ISM Manufacturing @ 10:00+JOLTS Job Openings @ 10:00,0.8651956443435507,0.4459935317312065,2.418391745605549,15.0
NQ,2024-10-04 12:31:00+00:00,2024-10-04,1,08:30,Change in Manufact. Payrolls @ 08:30,0.5076259749050674,0.6204913534069868,1.6347313864094701,15.0
NQ,2024-10-04 13:01:00+00:00,2024-10-04,31,08:30,Change in Manufact. Payrolls @ 08:30,1.242796548536862,0.9571693702377503,1.0754379936863827,15.0
NQ,2024-10-04 13:31:00+00:00,2024-10-04,61,08:30,Change in Manufact. Payrolls @ 08:30,0.3542446722534919,0.56961087369122,1.767454012774244,15.0
NQ,2024-10-04 14:01:00+00:00,2024-10-04,91,08:30,Change in Manufact. Payrolls @ 08:30,2.0,0.740979454888229,1.4504058981318402,15.0
NQ,2024-10-09 18:31:00+00:00,2024-10-09,31,14:00,FOMC Meeting Minutes @ 14:00,-1.3139113708049581,0.45055252113669164,2.299310711433584,15.0
NQ,2024-10-09 19:01:00+00:00,2024-10-09,61,14:00,FOMC Meeting Minutes @ 14:00,-0.395581293657514,0.252147343739323,4.004630303068161,15.0
NQ,2024-10-09 19:31:00+00:00,2024-10-09,91,14:00,FOMC Meeting Minutes @ 14:00,-0.32990234939257373,0.29403668547948103,3.426444764323643,15.0
NQ,2024-10-09 20:01:00+00:00,2024-10-09,121,14:00,FOMC Meeting Minutes @ 14:00,0.9230555671249814,0.3440510040717368,3.064545040907609,15.0
NQ,2024-10-10 12:31:00+00:00,2024-10-10,1,08:30,CPI Index NSA @ 08:30+Continuing Claims @ 08:30,-0.7275255522585231,0.5602702532990033,1.838487536660617,15.0
NQ,2024-10-10 13:01:00+00:00,2024-10-10,31,08:30,CPI Index NSA @ 08:30+Continuing Claims @ 08:30,0.7363165544330188,0.5434942939353131,1.859934390913424,15.0
NQ,2024-10-10 13:31:00+00:00,2024-10-10,61,08:30,CPI Index NSA @ 08:30+Continuing Claims @ 08:30,-0.2928683856433718,0.3389870190099737,2.9564224309364837,15.0
NQ,2024-10-10 14:01:00+00:00,2024-10-10,91,08:30,CPI Index NSA @ 08:30+Continuing Claims @ 08:30,0.495496636615485,0.4045070078911259,2.499093082551675,15.0
NQ,2024-10-10 14:31:00+00:00,2024-10-10,121,08:30,CPI Index NSA @ 08:30+Continuing Claims @ 08:30,0.5032729230959031,0.39534794551508956,2.5633468632351457,15.0
NQ,2024-11-01 12:31:00+00:00,2024-11-01,1,08:30,Change in Manufact. Payrolls @ 08:30,0.3214002194477782,0.3108183647460002,3.227974738923666,15.0
NQ,2024-11-01 13:01:00+00:00,2024-11-01,31,08:30,Change in Manufact. Payrolls @ 08:30,-0.9809493457437984,0.33093531232495427,3.079961704212198,15.0
NQ,2024-11-01 13:31:00+00:00,2024-11-01,61,08:30,Change in Manufact. Payrolls @ 08:30,-0.6411724378904485,0.44706151105025144,2.259471737313912,15.0
NQ,2024-11-01 14:01:00+00:00,2024-11-01,1,10:00,Change in Manufact. Payrolls @ 08:30+ISM Manufacturing @ 10:00,1.9679097270103836,0.6904306136048619,1.4524786857316365,15.0
NQ,2024-11-01 14:31:00+00:00,2024-11-01,31,10:00,Change in Manufact. Payrolls @ 08:30+ISM Manufacturing @ 10:00,-0.8335869742506472,0.9059307833917392,1.1210185683559528,15.0
NQ,2024-11-01 15:01:00+00:00,2024-11-01,61,10:00,ISM Manufacturing @ 10:00,0.7808622820970256,0.6448912919700451,1.5651978478850594,15.0
NQ,2024-11-01 15:31:00+00:00,2024-11-01,91,10:00,ISM Manufacturing @ 10:00,1.0615859216900052,0.5810510059450871,1.7289745108165198,15.0
NQ,2024-11-13 13:31:00+00:00,2024-11-13,1,08:30,CPI Index NSA @ 08:30+MBA Mortgage Applications @ 07:00,-0.621795750757512,0.6494625383944066,1.687541410162071,15.0
NQ,2024-11-13 14:31:00+00:00,2024-11-13,61,08:30,CPI Index NSA @ 08:30,-0.45108281141651146,0.3069163451348506,3.2971845482329067,15.0
NQ,2024-11-26 19:31:00+00:00,2024-11-26,31,14:00,FOMC Meeting Minutes @ 14:00,-0.4258666392218132,0.4830209421526524,2.2200939946989453,15.0
NQ,2024-11-26 20:31:00+00:00,2024-11-26,91,14:00,FOMC Meeting Minutes @ 14:00,-0.5088674961074042,0.3577511362181586,3.0186162765547526,15.0
NQ,2024-11-26 21:01:00+00:00,2024-11-26,121,14:00,FOMC Meeting Minutes @ 14:00,0.7335805271688663,0.5550171141912577,1.9626324219281117,15.0
NQ,2024-12-02 15:01:00+00:00,2024-12-02,1,10:00,ISM Manufacturing @ 10:00,-0.45041554424953006,0.5726247346928076,1.7516378553399192,15.0
NQ,2024-12-02 15:31:00+00:00,2024-12-02,31,10:00,ISM Manufacturing @ 10:00,-0.47337975387161374,0.36953974655766264,2.729730227956175,15.0
NQ,2024-12-02 16:01:00+00:00,2024-12-02,61,10:00,ISM Manufacturing @ 10:00,0.9951222600912059,0.5616047095837916,1.7891241549873385,15.0
NQ,2024-12-02 17:01:00+00:00,2024-12-02,121,10:00,ISM Manufacturing @ 10:00,1.2060937589052996,0.580907847184793,1.742873276397726,15.0
NQ,2024-12-06 13:31:00+00:00,2024-12-06,1,08:30,Change in Manufact. Payrolls @ 08:30,0.5643724287366447,0.5024129073847257,2.047395747740943,15.0
NQ,2024-12-06 14:01:00+00:00,2024-12-06,31,08:30,Change in Manufact. Payrolls @ 08:30,-1.0291806108238455,0.4784252142276137,2.1043231530322903,15.0
NQ,2024-12-06 14:31:00+00:00,2024-12-06,61,08:30,Change in Manufact. Payrolls @ 08:30,-0.2497916040267996,0.27331930512296965,3.6662080479331145,15.0
NQ,2024-12-06 15:01:00+00:00,2024-12-06,1,10:00,Change in Manufact. Payrolls @ 08:30+U. of Mich. Sentiment @ 10:00,0.9935111139891073,0.9423598982712619,1.0879872439424239,15.0
NQ,2024-12-06 15:31:00+00:00,2024-12-06,31,10:00,Change in Manufact. Payrolls @ 08:30+U. of Mich. Sentiment @ 10:00,0.6174605887122558,0.553778334483086,1.8091688504319667,15.0
NQ,2024-12-11 14:01:00+00:00,2024-12-11,121,07:00,CPI Index NSA @ 08:30+MBA Mortgage Applications @ 07:00,-1.7167596551543147,0.41236537976989684,2.4997680416601202,15.0
NQ,2024-12-11 14:31:00+00:00,2024-12-11,61,08:30,CPI Index NSA @ 08:30,-1.2950770286521507,0.47849000402395836,2.120542441327489,15.0
NQ,2024-12-11 15:01:00+00:00,2024-12-11,91,08:30,CPI Index NSA @ 08:30,1.0591368135348718,0.9873077402177035,1.058083892487525,15.0
NQ,2025-01-02 15:01:00+00:00,2025-01-02,91,08:30,Continuing Claims @ 08:30+ISM Manufacturing @ 10:00,0.44531363569423965,0.5678012813023251,1.8728759126992753,15.0
NQ,2025-01-02 15:31:00+00:00,2025-01-02,121,08:30,Continuing Claims @ 08:30+ISM Manufacturing @ 10:00,-0.689447181897115,0.6861099151041391,1.5015108148759544,15.0
NQ,2025-01-02 17:01:00+00:00,2025-01-02,121,10:00,ISM Manufacturing @ 10:00,-0.8123104733244044,0.41971460543600153,2.4016672904791188,15.0
NQ,2025-01-03 15:01:00+00:00,2025-01-03,1,10:00,ISM Manufacturing @ 10:00,1.2773788578326557,0.3909585428164435,2.6586732209116537,15.0
NQ,2025-01-03 15:31:00+00:00,2025-01-03,31,10:00,ISM Manufacturing @ 10:00,0.5299981195460114,0.5302841847979098,1.9661694328768524,15.0
NQ,2025-01-03 16:31:00+00:00,2025-01-03,91,10:00,ISM Manufacturing @ 10:00,1.0544664523470688,0.6134690119262372,1.649368885494517,15.0
NQ,2025-01-03 17:01:00+00:00,2025-01-03,121,10:00,ISM Manufacturing @ 10:00,1.0229507904456638,0.5888451385383054,1.7063420768465343,15.0
NQ,2025-01-07 15:01:00+00:00,2025-01-07,1,10:00,ISM Services Index @ 10:00+JOLTS Job Openings @ 10:00+Trade Balance @ 08:30,-0.6090419853599801,0.396293401829771,2.5295589417858464,15.0
NQ,2025-01-07 15:31:00+00:00,2025-01-07,31,10:00,ISM Services Index @ 10:00+JOLTS Job Openings @ 10:00+Trade Balance @ 08:30,1.1326659201243248,0.3775993353273576,2.6595803567181613,15.0
NQ,2025-01-07 16:01:00+00:00,2025-01-07,61,10:00,ISM Services Index @ 10:00+JOLTS Job Openings @ 10:00,-0.5354810812139804,0.5372462702945714,1.907734854154172,15.0
NQ,2025-01-07 16:31:00+00:00,2025-01-07,91,10:00,ISM Services Index @ 10:00+JOLTS Job Openings @ 10:00,0.683260171793211,0.2908618006789831,3.4549613695072225,15.0
NQ,2025-01-07 17:01:00+00:00,2025-01-07,121,10:00,ISM Services Index @ 10:00+JOLTS Job Openings @ 10:00,1.2047774384304024,0.6363583832089389,1.5773639986343289,15.0
NQ,2025-01-08 19:01:00+00:00,2025-01-08,1,14:00,FOMC Meeting Minutes @ 14:00,1.0435770454294921,0.4804432711662814,2.1903812534294462,15.0
NQ,2025-01-08 20:01:00+00:00,2025-01-08,1,15:00,Consumer Credit @ 15:00+FOMC Meeting Minutes @ 14:00,0.9692059743842473,0.2762243792241592,3.7413278851743597,15.0
NQ,2025-01-08 20:31:00+00:00,2025-01-08,31,15:00,Consumer Credit @ 15:00+FOMC Meeting Minutes @ 14:00,-0.3781134946968783,0.27491287219789173,3.8266350762834946,15.0
NQ,2025-01-10 13:31:00+00:00,2025-01-10,1,08:30,Change in Manufact. Payrolls @ 08:30,0.32724064851374174,0.7787247195894144,1.3431524917758282,15.0
NQ,2025-01-10 14:01:00+00:00,2025-01-10,31,08:30,Change in Manufact. Payrolls @ 08:30,-1.178541617631093,0.3077599631308504,3.2550760830665366,15.0
NQ,2025-01-10 14:31:00+00:00,2025-01-10,61,08:30,Change in Manufact. Payrolls @ 08:30,0.6582403666406823,0.3293480230609629,3.045976841466285,15.0
NQ,2025-01-10 15:01:00+00:00,2025-01-10,91,08:30,Change in Manufact. Payrolls @ 08:30+U. of Mich. Sentiment @ 10:00,1.0621920920651402,0.552477724475394,1.8171786323867791,15.0
NQ,2025-01-10 15:31:00+00:00,2025-01-10,121,08:30,Change in Manufact. Payrolls @ 08:30+U. of Mich. Sentiment @ 10:00,0.7051372281772724,0.7098497254818346,1.4449780192993849,15.0
NQ,2025-01-15 13:31:00+00:00,2025-01-15,91,07:00,CPI Index NSA @ 08:30+Empire Manufacturing @ 08:30+MBA Mortgage Applications @ 07:00,-0.5879520017661711,1.9347689757671764,0.8367890981022533,15.0
NQ,2025-01-15 14:31:00+00:00,2025-01-15,61,08:30,CPI Index NSA @ 08:30+Empire Manufacturing @ 08:30,-0.4665198765395949,0.487074115554705,2.0626596023908252,15.0
NQ,2025-01-15 15:01:00+00:00,2025-01-15,91,08:30,CPI Index NSA @ 08:30+Empire Manufacturing @ 08:30,-0.45609898805732135,0.6111534920784493,1.6520060028755337,15.0
NQ,2025-01-15 15:31:00+00:00,2025-01-15,121,08:30,CPI Index NSA @ 08:30+Empire Manufacturing @ 08:30,-0.8128121340557827,0.45635771583567236,2.196259605025324,15.0
NQ,2025-01-30 13:31:00+00:00,2025-01-30,1,08:30,Continuing Claims @ 08:30+Core PCE Price Index QoQ @ 08:30,-0.9953084549128483,0.42370621159889665,2.3909278729142933,15.0
NQ,2025-01-30 14:31:00+00:00,2025-01-30,61,08:30,Continuing Claims @ 08:30+Core PCE Price Index QoQ @ 08:30,0.5197400559467327,0.42506159638658214,2.3680644655578895,15.0
NQ,2025-01-30 15:01:00+00:00,2025-01-30,1,10:00,Continuing Claims @ 08:30+Core PCE Price Index QoQ @ 08:30+Pending Home Sales MoM @ 10:00,0.39446290906330067,0.511822300765528,1.995558915680124,15.0
NQ,2025-01-30 15:31:00+00:00,2025-01-30,121,08:30,Continuing Claims @ 08:30+Core PCE Price Index QoQ @ 08:30+Pending Home Sales MoM @ 10:00,-0.3888812450240519,0.4246334765444341,2.3847369581778146,15.0
NQ,2025-02-03 16:01:00+00:00,2025-02-03,61,10:00,ISM Manufacturing @ 10:00,-0.7447764714423126,0.4928607291936451,2.033612189106325,15.0
NQ,2025-02-03 16:31:00+00:00,2025-02-03,91,10:00,ISM Manufacturing @ 10:00,-0.8435013104549662,0.2983606413142894,3.3710350148146655,15.0
NQ,2025-02-05 15:01:00+00:00,2025-02-05,1,10:00,ISM Services Index @ 10:00+Trade Balance @ 08:30,0.6936587740641342,0.4059635504474124,2.5029528252606577,15.0
NQ,2025-02-05 15:31:00+00:00,2025-02-05,121,08:30,ISM Services Index @ 10:00+Trade Balance @ 08:30,-1.2626923710131694,0.36817719740016286,2.734758172046779,15.0
NQ,2025-02-05 16:31:00+00:00,2025-02-05,91,10:00,ISM Services Index @ 10:00,1.4161777902782073,0.39633231736631436,2.5700051242924316,15.0
NQ,2025-02-07 13:31:00+00:00,2025-02-07,1,08:30,Change in Manufact. Payrolls @ 08:30,-0.9775716944598439,0.4136571594968425,2.4323773868714524,15.0
NQ,2025-02-07 14:01:00+00:00,2025-02-07,31,08:30,Change in Manufact. Payrolls @ 08:30,0.7708575336464165,0.49636299265371986,2.0204406911221913,15.0
NQ,2025-02-07 14:31:00+00:00,2025-02-07,61,08:30,Change in Manufact. Payrolls @ 08:30,-0.34844479207426565,0.44401327602677476,2.2724037222953313,15.0
NQ,2025-02-07 15:01:00+00:00,2025-02-07,1,10:00,Change in Manufact. Payrolls @ 08:30+U. of Mich. Sentiment @ 10:00+Wholesale Inventories MoM @ 10:00,-0.6750738529329295,0.45133660960547606,2.3278135994938767,15.0
NQ,2025-02-07 15:31:00+00:00,2025-02-07,31,10:00,Change in Manufact. Payrolls @ 08:30+U. of Mich. Sentiment @ 10:00+Wholesale Inventories MoM @ 10:00,-0.7724099427690305,0.4100770036205339,2.4590412594990387,15.0
NQ,2025-02-12 14:01:00+00:00,2025-02-12,31,08:30,CPI Index NSA @ 08:30+MBA Mortgage Applications @ 07:00,-0.9866796189630601,0.3789242253641497,2.7254058172259397,15.0
NQ,2025-02-12 15:31:00+00:00,2025-02-12,121,08:30,CPI Index NSA @ 08:30,-1.1440278400949837,0.6278411436019959,1.6029539229231207,15.0
NQ,2025-02-19 19:01:00+00:00,2025-02-19,1,14:00,FOMC Meeting Minutes @ 14:00,0.9403440696771382,0.4758383913942083,2.239760248084945,15.0
NQ,2025-02-19 20:31:00+00:00,2025-02-19,91,14:00,FOMC Meeting Minutes @ 14:00,-0.2627731048183048,0.47918051495175895,2.1795904676942572,15.0
NQ,2025-02-27 13:31:00+00:00,2025-02-27,1,08:30,Continuing Claims @ 08:30+Core PCE Price Index QoQ @ 08:30+Durable Goods Orders @ 08:30,1.8338278713676484,0.3359573002917386,2.987678910301968,15.0
NQ,2025-02-27 14:01:00+00:00,2025-02-27,31,08:30,Continuing Claims @ 08:30+Core PCE Price Index QoQ @ 08:30+Durable Goods Orders @ 08:30,1.4643012781853009,0.3798813798739178,2.6474060463286944,15.0
NQ,2025-02-27 14:31:00+00:00,2025-02-27,61,08:30,Continuing Claims @ 08:30+Core PCE Price Index QoQ @ 08:30+Durable Goods Orders @ 08:30,0.29304280493225615,0.3218882509426604,3.1179457197271296,15.0
NQ,2025-02-27 15:01:00+00:00,2025-02-27,91,08:30,Continuing Claims @ 08:30+Core PCE Price Index QoQ @ 08:30+Durable Goods Orders @ 08:30+Pending Home Sales MoM @ 10:00,1.866128556133982,0.8261592683267629,1.2147200869102472,15.0
NQ,2025-02-27 15:31:00+00:00,2025-02-27,121,08:30,Continuing Claims @ 08:30+Core PCE Price Index QoQ @ 08:30+Durable Goods Orders @ 08:30+Pending Home Sales MoM @ 10:00,-0.6946150660960246,0.8975089197814274,1.1323965830010514,15.0
NQ,2025-03-03 15:01:00+00:00,2025-03-03,1,10:00,ISM Manufacturing @ 10:00,0.492803022379343,0.8043326343832458,1.2794248820238696,15.0
NQ,2025-03-03 15:31:00+00:00,2025-03-03,31,10:00,ISM Manufacturing @ 10:00,0.87187911463046,0.5874124295230535,1.7342908316725767,15.0
NQ,2025-03-03 16:31:00+00:00,2025-03-03,91,10:00,ISM Manufacturing @ 10:00,-0.9316606366063029,0.3478724530052143,2.8862275860825326,15.0
NQ,2025-03-05 15:01:00+00:00,2025-03-05,1,10:00,Durable Goods Orders @ 08:30+ISM Services Index @ 10:00,0.5399091192448203,0.3133456152576498,3.2068074983376933,15.0
NQ,2025-03-05 16:31:00+00:00,2025-03-05,91,10:00,Durable Goods Orders @ 08:30+ISM Services Index @ 10:00,0.6850964341495916,0.5993520662350568,1.6798970312395685,15.0
NQ,2025-03-05 17:01:00+00:00,2025-03-05,121,10:00,Durable Goods Orders @ 08:30+ISM Services Index @ 10:00,-1.2803699399492623,0.45507158186047003,2.2227769864561413,15.0
NQ,2025-03-07 14:31:00+00:00,2025-03-07,61,08:30,Change in Manufact. Payrolls @ 08:30,0.6538711114441746,0.32310582259958603,3.1078233697440387,15.0
NQ,2025-03-07 15:31:00+00:00,2025-03-07,121,08:30,Change in Manufact. Payrolls @ 08:30,-0.6074221088951895,0.5627013614962395,1.7990816330311834,15.0
NQ,2025-03-12 12:31:00+00:00,2025-03-12,91,07:00,CPI Index NSA @ 08:30+MBA Mortgage Applications @ 07:00,0.7944552462445943,0.8071353666014229,1.4330903162338713,15.0
NQ,2025-03-12 13:31:00+00:00,2025-03-12,61,08:30,CPI Index NSA @ 08:30,-0.578848250382212,0.4538864266811007,2.2208933748890063,15.0
NQ,2025-03-12 14:01:00+00:00,2025-03-12,91,08:30,CPI Index NSA @ 08:30,1.0813729227761244,0.8014456224288788,1.2645032937712957,15.0
NQ,2025-03-12 14:31:00+00:00,2025-03-12,121,08:30,CPI Index NSA @ 08:30,-0.972152051104043,0.41231348423255537,2.450199620067575,15.0
NQ,2025-03-27 12:31:00+00:00,2025-03-27,1,08:30,Continuing Claims @ 08:30+Core PCE Price Index QoQ @ 08:30+Wholesale Inventories MoM @ 10:00,-1.6094946139809765,0.3789694207006821,2.6586572833017907,15.0
NQ,2025-03-27 13:01:00+00:00,2025-03-27,31,08:30,Continuing Claims @ 08:30+Core PCE Price Index QoQ @ 08:30+Wholesale Inventories MoM @ 10:00,-1.0996137621536675,0.6369047383482104,1.5783011968508858,15.0
NQ,2025-03-27 14:01:00+00:00,2025-03-27,1,10:00,Continuing Claims @ 08:30+Core PCE Price Index QoQ @ 08:30+Pending Home Sales MoM @ 10:00+Wholesale Inventories MoM @ 10:00,-0.4748599752811745,0.636883150233125,1.7006709348111606,15.0
NQ,2025-03-27 14:31:00+00:00,2025-03-27,121,08:30,Continuing Claims @ 08:30+Core PCE Price Index QoQ @ 08:30+Pending Home Sales MoM @ 10:00+Wholesale Inventories MoM @ 10:00,1.2066384491646,0.39297052952516937,2.5511240390551544,15.0
NQ,2025-04-01 15:31:00+00:00,2025-04-01,91,10:00,Dallas Fed Services Activity @ 10:30+ISM Manufacturing @ 10:00+JOLTS Job Openings @ 10:00,-0.9700824226627361,0.4991897409769066,2.190606915431534,15.0
NQ,2025-04-01 16:01:00+00:00,2025-04-01,91,10:30,Dallas Fed Services Activity @ 10:30+ISM Manufacturing @ 10:00+JOLTS Job Openings @ 10:00,-0.7533792039929254,0.3787602529593374,2.713427985876161,15.0
NQ,2025-04-03 14:01:00+00:00,2025-04-03,91,08:30,Continuing Claims @ 08:30+ISM Services Index @ 10:00+Trade Balance @ 08:30,-0.5387241403772681,0.33616975247370723,2.9844668971955794,15.0
NQ,2025-04-03 14:31:00+00:00,2025-04-03,31,10:00,Continuing Claims @ 08:30+ISM Services Index @ 10:00+Trade Balance @ 08:30,-0.750008362608503,0.3751872789779111,2.6805303725841405,15.0
NQ,2025-04-03 15:31:00+00:00,2025-04-03,91,10:00,ISM Services Index @ 10:00,0.8835042884140389,0.600410473215081,1.6740214611295317,15.0
NQ,2025-04-04 13:31:00+00:00,2025-04-04,61,08:30,Change in Manufact. Payrolls @ 08:30,0.6730738378362576,0.5064693710705317,1.9764441516624762,15.0
NQ,2025-04-04 14:01:00+00:00,2025-04-04,91,08:30,Change in Manufact. Payrolls @ 08:30,-0.4734392729581407,0.403336900332021,2.488393668769022,15.0
NQ,2025-04-04 14:31:00+00:00,2025-04-04,121,08:30,Change in Manufact. Payrolls @ 08:30,-0.8461540933884762,0.6898808988088427,1.4678878308471701,15.0
NQ,2025-04-09 18:01:00+00:00,2025-04-09,1,14:00,FOMC Meeting Minutes @ 14:00,0.4820539935086932,0.33826220908908233,2.9994885702392957,15.0
NQ,2025-04-09 19:01:00+00:00,2025-04-09,61,14:00,FOMC Meeting Minutes @ 14:00,-0.5059133293451429,0.45719101986608823,2.246330652876415,15.0
NQ,2025-04-09 20:01:00+00:00,2025-04-09,121,14:00,FOMC Meeting Minutes @ 14:00,0.9014071941315905,0.3913965389307223,2.5877150462201346,15.0
NQ,2025-04-10 13:01:00+00:00,2025-04-10,31,08:30,CPI Index NSA @ 08:30+Continuing Claims @ 08:30,0.6793582971242775,0.6038609854727324,1.6823516545269588,15.0
NQ,2025-04-10 13:31:00+00:00,2025-04-10,61,08:30,CPI Index NSA @ 08:30+Continuing Claims @ 08:30,-0.7387582055715652,0.36406849985420153,2.7684464908133832,15.0
NQ,2025-04-30 12:31:00+00:00,2025-04-30,1,08:30,Core PCE Price Index QoQ @ 08:30+Employment Cost Index @ 08:30+MBA Mortgage Applications @ 07:00,-2.0,0.6835368540263517,1.4951675063094003,15.0
NQ,2025-04-30 13:01:00+00:00,2025-04-30,31,08:30,Core PCE Price Index QoQ @ 08:30+Employment Cost Index @ 08:30+MBA Mortgage Applications @ 07:00,-2.0,0.7553735242986436,1.3927080133660672,15.0
NQ,2025-04-30 13:31:00+00:00,2025-04-30,61,08:30,Core PCE Price Index QoQ @ 08:30+Employment Cost Index @ 08:30,-0.7406836857940106,0.41702827866718784,2.4134986481661937,15.0
NQ,2025-05-01 14:01:00+00:00,2025-05-01,1,10:00,Continuing Claims @ 08:30+ISM Manufacturing @ 10:00,1.5282895778644963,0.3871158642520741,2.6239912906798684,15.0
NQ,2025-05-01 15:01:00+00:00,2025-05-01,61,10:00,ISM Manufacturing @ 10:00,0.9636133191266693,0.690367316340011,1.4690513091566262,15.0
NQ,2025-05-01 15:31:00+00:00,2025-05-01,91,10:00,ISM Manufacturing @ 10:00,0.8479977623537213,0.4529399380438663,2.2475677627918214,15.0
NQ,2025-05-01 16:01:00+00:00,2025-05-01,121,10:00,ISM Manufacturing @ 10:00,1.0915444744483318,0.7334627623281558,1.380739903350237,15.0
NQ,2025-05-02 12:31:00+00:00,2025-05-02,1,08:30,Change in Manufact. Payrolls @ 08:30,0.6013034681177084,0.8905250542271294,1.202065735429038,15.0
NQ,2025-05-02 13:01:00+00:00,2025-05-02,31,08:30,Change in Manufact. Payrolls @ 08:30,1.2802410180317534,0.7349410776676654,1.381682409186858,15.0
NQ,2025-05-02 13:31:00+00:00,2025-05-02,61,08:30,Change in Manufact. Payrolls @ 08:30,0.3875478899537131,0.3803786835825581,2.6443844224928226,15.0
NQ,2025-05-02 14:01:00+00:00,2025-05-02,1,10:00,Change in Manufact. Payrolls @ 08:30+Durable Goods Orders @ 08:30,0.509024436104986,0.3405192612819678,2.9723065270366704,15.0
NQ,2025-05-05 14:01:00+00:00,2025-05-05,1,10:00,ISM Services Index @ 10:00,-0.8622483212092217,0.42665161321856965,2.3584836021184064,15.0
NQ,2025-05-05 14:31:00+00:00,2025-05-05,31,10:00,ISM Services Index @ 10:00,0.5981724780464426,0.3522231340411693,2.892365865276582,15.0
NQ,2025-05-05 15:01:00+00:00,2025-05-05,61,10:00,ISM Services Index @ 10:00,1.531314345088764,0.6994773037922375,1.44185911454239,15.0
NQ,2025-05-05 15:31:00+00:00,2025-05-05,91,10:00,ISM Services Index @ 10:00,1.0419261025840783,0.341181651949451,2.946095259043119,15.0
NQ,2025-05-13 13:01:00+00:00,2025-05-13,31,08:30,CPI Index NSA @ 08:30,0.540832187624062,0.3916858083163091,2.5625083157499002,15.0
NQ,2025-05-13 13:31:00+00:00,2025-05-13,61,08:30,CPI Index NSA @ 08:30,-0.4689833343895002,0.3406906295173781,2.9483769574373158,15.0
NQ,2025-05-13 14:01:00+00:00,2025-05-13,91,08:30,CPI Index NSA @ 08:30,0.5601472295656555,0.7038372001069891,1.4277709859151801,15.0
NQ,2025-05-13 14:31:00+00:00,2025-05-13,121,08:30,CPI Index NSA @ 08:30,-0.9381486054316621,0.83562518874964,1.2034113721394077,15.0
NQ,2025-05-28 19:31:00+00:00,2025-05-28,91,14:00,FOMC Meeting Minutes @ 14:00,0.5301298259312721,0.40208279026193383,2.60349130157285,15.0
NQ,2025-05-28 20:01:00+00:00,2025-05-28,121,14:00,FOMC Meeting Minutes @ 14:00,-2.0,0.6310820179107235,1.6659618069012188,15.0
NQ,2025-05-29 12:31:00+00:00,2025-05-29,1,08:30,Continuing Claims @ 08:30+Core PCE Price Index QoQ @ 08:30,1.109169974889385,0.37968960884654307,2.6736353975778533,15.0
NQ,2025-05-29 13:31:00+00:00,2025-05-29,61,08:30,Continuing Claims @ 08:30+Core PCE Price Index QoQ @ 08:30,-0.7585081600489941,0.43403087774722016,2.3294547712843703,15.0
NQ,2025-05-29 14:01:00+00:00,2025-05-29,91,08:30,Continuing Claims @ 08:30+Core PCE Price Index QoQ @ 08:30+Pending Home Sales MoM @ 10:00,0.8942355626905655,0.5816117023668509,1.7382261699311325,15.0
NQ,2025-05-29 14:31:00+00:00,2025-05-29,121,08:30,Continuing Claims @ 08:30+Core PCE Price Index QoQ @ 08:30+Pending Home Sales MoM @ 10:00,0.39581776595052637,0.5009223588934101,2.0665634338675343,15.0
NQ,2025-06-02 14:01:00+00:00,2025-06-02,1,10:00,ISM Manufacturing @ 10:00,0.6097331606431821,0.5775269588310348,1.7681182514202594,15.0
NQ,2025-06-02 14:31:00+00:00,2025-06-02,31,10:00,ISM Manufacturing @ 10:00,1.3994154573335695,0.6415880738734441,1.561479903050326,15.0
NQ,2025-06-02 15:01:00+00:00,2025-06-02,61,10:00,ISM Manufacturing @ 10:00,-1.385986059596079,0.34394602569681315,2.920337305498811,15.0
NQ,2025-06-02 16:01:00+00:00,2025-06-02,121,10:00,ISM Manufacturing @ 10:00,-0.8989953768945323,0.9549022732663083,1.0673353461008812,15.0
NQ,2025-06-04 14:01:00+00:00,2025-06-04,1,10:00,ISM Services Index @ 10:00,-0.3052770976351302,0.41308191239407377,2.447921342748979,15.0
NQ,2025-06-04 14:31:00+00:00,2025-06-04,31,10:00,ISM Services Index @ 10:00,-0.7190625984570428,0.40432287401586464,2.490681893001968,15.0
NQ,2025-06-04 15:01:00+00:00,2025-06-04,61,10:00,ISM Services Index @ 10:00,-1.0415002591889144,0.4936023184157771,2.06283576164202,15.0
NQ,2025-06-04 15:31:00+00:00,2025-06-04,91,10:00,ISM Services Index @ 10:00,1.4944940693554494,0.4676977158470872,2.1582322543062493,15.0
NQ,2025-06-06 13:01:00+00:00,2025-06-06,31,08:30,Change in Manufact. Payrolls @ 08:30,1.0826494590609588,0.3659719685841657,2.744720594385684,15.0
NQ,2025-06-06 13:31:00+00:00,2025-06-06,61,08:30,Change in Manufact. Payrolls @ 08:30,1.6513264005816715,0.5534326556663649,1.8345456920187178,15.0
NQ,2025-06-06 14:01:00+00:00,2025-06-06,91,08:30,Change in Manufact. Payrolls @ 08:30,-0.6860337135089329,0.5183468501417728,1.9461735298629872,15.0
NQ,2025-06-06 14:31:00+00:00,2025-06-06,121,08:30,Change in Manufact. Payrolls @ 08:30,-0.5580546283468059,0.5165397294956626,1.953592635099008,15.0
NQ,2025-06-11 12:31:00+00:00,2025-06-11,1,08:30,CPI Index NSA @ 08:30+MBA Mortgage Applications @ 07:00,0.580818187953991,0.7467576356483967,1.4194107736005694,15.0
NQ,2025-06-11 13:01:00+00:00,2025-06-11,31,08:30,CPI Index NSA @ 08:30+MBA Mortgage Applications @ 07:00,-0.88958406221403,0.5431670829930753,1.885763546427229,15.0
NQ,2025-06-11 13:31:00+00:00,2025-06-11,61,08:30,CPI Index NSA @ 08:30,-0.5339894513509915,0.42145691010976405,2.4060964197368193,15.0
NQ,2025-06-11 14:01:00+00:00,2025-06-11,91,08:30,CPI Index NSA @ 08:30,-0.34794708505290567,0.38215404980125245,2.646922115015591,15.0
NQ,2025-06-26 12:31:00+00:00,2025-06-26,1,08:30,Chicago Fed Nat Activity Index @ 08:30+Continuing Claims @ 08:30+Core PCE Price Index QoQ @ 08:30+Durable Goods Orders @ 08:30+Wholesale Inventories MoM @ 10:00,-0.5600172338920437,0.46421415319644926,2.1679945916671803,15.0
NQ,2025-06-26 14:01:00+00:00,2025-06-26,91,08:30,Chicago Fed Nat Activity Index @ 08:30+Continuing Claims @ 08:30+Core PCE Price Index QoQ @ 08:30+Durable Goods Orders @ 08:30+Pending Home Sales MoM @ 10:00+Wholesale Inventories MoM @ 10:00,0.5308471281829944,0.4293224037200775,2.389710779903545,15.0
NQ,2025-06-26 14:31:00+00:00,2025-06-26,121,08:30,Chicago Fed Nat Activity Index @ 08:30+Continuing Claims @ 08:30+Core PCE Price Index QoQ @ 08:30+Durable Goods Orders @ 08:30+Pending Home Sales MoM @ 10:00+Wholesale Inventories MoM @ 10:00,1.434789476546283,0.4707952112308298,2.1359696101516117,15.0
NQ,2025-07-01 14:01:00+00:00,2025-07-01,1,10:00,ISM Manufacturing @ 10:00+JOLTS Job Openings @ 10:00,0.49080302257566577,0.4052711670177203,2.5142026451099784,15.0
NQ,2025-07-01 14:31:00+00:00,2025-07-01,31,10:00,Dallas Fed Services Activity @ 10:30+ISM Manufacturing @ 10:00+JOLTS Job Openings @ 10:00,0.39734640730779225,0.4836376104557812,2.2197631096835506,15.0
NQ,2025-07-01 15:01:00+00:00,2025-07-01,31,10:30,Dallas Fed Services Activity @ 10:30+ISM Manufacturing @ 10:00+JOLTS Job Openings @ 10:00,0.626782343701345,0.4890577604964991,2.2244022367902208,15.0
NQ,2025-07-01 15:31:00+00:00,2025-07-01,91,10:00,Dallas Fed Services Activity @ 10:30+ISM Manufacturing @ 10:00+JOLTS Job Openings @ 10:00,1.8943274603626221,0.46524946568103115,2.3259486082678382,15.0
NQ,2025-07-01 16:01:00+00:00,2025-07-01,91,10:30,Dallas Fed Services Activity @ 10:30+ISM Manufacturing @ 10:00+JOLTS Job Openings @ 10:00,0.7581207928812903,0.4155925162042456,2.596518093028413,15.0
NQ,2025-07-09 18:01:00+00:00,2025-07-09,1,14:00,FOMC Meeting Minutes @ 14:00,1.047420819788196,0.2533183049975997,4.008129769559414,15.0
NQ,2025-07-09 19:01:00+00:00,2025-07-09,61,14:00,FOMC Meeting Minutes @ 14:00,-0.6075885906969176,0.4243209567763516,2.4323850337972726,15.0
NQ,2025-07-09 19:31:00+00:00,2025-07-09,91,14:00,FOMC Meeting Minutes @ 14:00,-0.3752834394424846,0.3308239711250106,3.1361233478015746,15.0
NQ,2025-07-09 20:01:00+00:00,2025-07-09,121,14:00,FOMC Meeting Minutes @ 14:00,1.0205746642741864,0.29716946511393594,3.397335905251814,15.0
NQ,2025-07-15 12:31:00+00:00,2025-07-15,1,08:30,CPI Index NSA @ 08:30+Empire Manufacturing @ 08:30,-0.5166117735445144,0.4407688487292337,2.293791027219032,15.0
NQ,2025-07-15 13:01:00+00:00,2025-07-15,31,08:30,CPI Index NSA @ 08:30+Empire Manufacturing @ 08:30,1.6557637006709485,0.5517979051295361,1.8388568850946896,15.0
NQ,2025-07-15 14:01:00+00:00,2025-07-15,91,08:30,CPI Index NSA @ 08:30+Empire Manufacturing @ 08:30,-0.7742756661583092,0.4415084100228422,2.2703675268916044,15.0
NQ,2025-07-30 12:31:00+00:00,2025-07-30,91,07:00,Core PCE Price Index QoQ @ 08:30+MBA Mortgage Applications @ 07:00,0.8310808188495434,0.3737084656430559,2.747487382112053,15.0
NQ,2025-07-30 14:01:00+00:00,2025-07-30,91,08:30,Core PCE Price Index QoQ @ 08:30+Pending Home Sales MoM @ 10:00,1.172846893761325,0.3570488878287138,2.821223352445367,15.0
NQ,2025-07-30 14:31:00+00:00,2025-07-30,31,10:00,Core PCE Price Index QoQ @ 08:30+Pending Home Sales MoM @ 10:00,0.9654731308200915,0.6538554490943609,1.5546017100757683,15.0
NQ,2025-08-01 12:31:00+00:00,2025-08-01,1,08:30,Change in Manufact. Payrolls @ 08:30,-0.9563748152773712,0.44193566299604053,2.345853525443898,15.0
NQ,2025-08-01 13:01:00+00:00,2025-08-01,31,08:30,Change in Manufact. Payrolls @ 08:30,1.1521985397346124,0.413573736093473,2.4708310458394616,15.0
NQ,2025-08-01 13:31:00+00:00,2025-08-01,61,08:30,Change in Manufact. Payrolls @ 08:30,-0.6733380449108423,0.34200337662328595,2.936948519472856,15.0
NQ,2025-08-01 14:01:00+00:00,2025-08-01,1,10:00,Change in Manufact. Payrolls @ 08:30+ISM Manufacturing @ 10:00+U. of Mich. Sentiment @ 10:00,1.0118848183173965,0.7240319684867026,1.4041209460167867,15.0
NQ,2025-08-01 14:31:00+00:00,2025-08-01,121,08:30,Change in Manufact. Payrolls @ 08:30+ISM Manufacturing @ 10:00+U. of Mich. Sentiment @ 10:00,-0.8481535458359382,0.8264727093357545,1.2195258112523606,15.0
NQ,2025-08-01 15:01:00+00:00,2025-08-01,61,10:00,ISM Manufacturing @ 10:00+U. of Mich. Sentiment @ 10:00,0.3424497237054579,0.5756917061601905,1.7395391933741484,15.0
NQ,2025-08-01 15:31:00+00:00,2025-08-01,91,10:00,ISM Manufacturing @ 10:00+U. of Mich. Sentiment @ 10:00,0.7843452580346533,0.40630852437174064,2.4741091495377963,15.0
NQ,2025-08-05 14:01:00+00:00,2025-08-05,91,08:30,ISM Services Index @ 10:00+Trade Balance @ 08:30,-0.3661721741829149,0.5481574435847738,1.848801688872384,15.0
NQ,2025-08-05 15:31:00+00:00,2025-08-05,91,10:00,ISM Services Index @ 10:00,0.44640984935800804,0.3538877256405862,2.834421485635699,15.0
NQ,2025-08-12 12:31:00+00:00,2025-08-12,1,08:30,CPI Index NSA @ 08:30,-0.6529074301349663,0.7605057145967905,1.3462819509962944,15.0
NQ,2025-08-12 14:01:00+00:00,2025-08-12,91,08:30,CPI Index NSA @ 08:30,-0.6789630489535361,0.6239970751074145,1.6140677310719518,15.0
NQ,2025-08-12 14:31:00+00:00,2025-08-12,121,08:30,CPI Index NSA @ 08:30,-0.6503393136726617,0.9496600745950142,1.0595928915767328,15.0
NQ,2025-08-20 18:01:00+00:00,2025-08-20,1,14:00,FOMC Meeting Minutes @ 14:00,1.1089216812675324,0.28869855751133233,3.521151253522427,15.0
NQ,2025-08-20 18:31:00+00:00,2025-08-20,31,14:00,FOMC Meeting Minutes @ 14:00,0.43376928174982665,0.28007543126403556,3.598748804785572,15.0
NQ,2025-08-20 19:01:00+00:00,2025-08-20,61,14:00,FOMC Meeting Minutes @ 14:00,1.0624065733746015,0.4206718400811038,2.4425798944721535,15.0
NQ,2025-08-20 19:31:00+00:00,2025-08-20,91,14:00,FOMC Meeting Minutes @ 14:00,0.6955230716235625,0.5951893446755704,1.73665921654568,15.0
NQ,2025-08-20 20:01:00+00:00,2025-08-20,121,14:00,FOMC Meeting Minutes @ 14:00,0.7697526730395584,0.26316431489529035,3.857218696303528,15.0
NQ,2025-08-28 12:31:00+00:00,2025-08-28,1,08:30,Continuing Claims @ 08:30+Core PCE Price Index QoQ @ 08:30,-1.5001386774010557,0.5326961884406589,1.8809545493492252,15.0
NQ,2025-08-28 13:01:00+00:00,2025-08-28,31,08:30,Continuing Claims @ 08:30+Core PCE Price Index QoQ @ 08:30,1.4460962059329427,0.37443221825887746,2.7004809011144504,15.0
NQ,2025-08-28 13:31:00+00:00,2025-08-28,61,08:30,Continuing Claims @ 08:30+Core PCE Price Index QoQ @ 08:30,-0.5826074854978346,0.4847873574217015,2.2146618269435647,15.0
NQ,2025-08-28 14:01:00+00:00,2025-08-28,1,10:00,Continuing Claims @ 08:30+Core PCE Price Index QoQ @ 08:30+Pending Home Sales MoM @ 10:00,1.4465623202886846,0.7836742853152262,1.2949714560111953,15.0
NQ,2025-09-02 14:31:00+00:00,2025-09-02,31,10:00,ISM Manufacturing @ 10:00,-0.6817881677513074,0.31230766851580904,3.2233747684646787,15.0
NQ,2025-09-02 16:01:00+00:00,2025-09-02,121,10:00,ISM Manufacturing @ 10:00,0.5708867979809503,0.5399892256458941,1.8991519378495616,15.0
NQ,2025-09-04 14:01:00+00:00,2025-09-04,91,08:30,Continuing Claims @ 08:30+ISM Services Index @ 10:00+Nonfarm Productivity @ 08:30+Trade Balance @ 08:30,0.3837782223761186,0.3729501536346663,2.6951782064259886,15.0
NQ,2025-09-04 14:31:00+00:00,2025-09-04,121,08:30,Continuing Claims @ 08:30+ISM Services Index @ 10:00+Nonfarm Productivity @ 08:30+Trade Balance @ 08:30,0.7187245894450677,0.4694223767451425,2.1603590670912207,15.0
NQ,2025-09-04 15:01:00+00:00,2025-09-04,61,10:00,ISM Services Index @ 10:00,-0.6557528035921614,0.35340049050094685,2.8451649476470275,15.0
NQ,2025-09-05 13:01:00+00:00,2025-09-05,31,08:30,Change in Manufact. Payrolls @ 08:30,-1.3736799820983865,0.6720089898123531,1.4954475906838534,15.0
NQ,2025-09-05 13:31:00+00:00,2025-09-05,61,08:30,Change in Manufact. Payrolls @ 08:30,-0.383877156140168,0.30888200676858624,3.242038210231018,15.0
NQ,2025-09-05 14:01:00+00:00,2025-09-05,91,08:30,Change in Manufact. Payrolls @ 08:30,-0.8216095086427937,0.32651060068714843,3.074401122723543,15.0
NQ,2025-09-05 14:31:00+00:00,2025-09-05,121,08:30,Change in Manufact. Payrolls @ 08:30,-1.4733495622371287,0.9060001018068125,1.1135079242867738,15.0
NQ,2025-09-11 13:01:00+00:00,2025-09-11,31,08:30,CPI Index NSA @ 08:30+Continuing Claims @ 08:30,1.3189465125899282,0.4724164402687991,2.13123223173951,15.0
NQ,2025-09-11 13:31:00+00:00,2025-09-11,61,08:30,CPI Index NSA @ 08:30+Continuing Claims @ 08:30,0.39640322784166754,0.6030824186028552,1.6638976105141106,15.0
NQ,2025-09-25 12:31:00+00:00,2025-09-25,1,08:30,Continuing Claims @ 08:30+Core PCE Price Index QoQ @ 08:30+Durable Goods Orders @ 08:30+Wholesale Inventories MoM @ 10:00,-1.692251873307049,0.38906451776580986,2.5793969290335,15.0
NQ,2025-09-25 13:01:00+00:00,2025-09-25,31,08:30,Continuing Claims @ 08:30+Core PCE Price Index QoQ @ 08:30+Durable Goods Orders @ 08:30+Wholesale Inventories MoM @ 10:00,-1.4847975392935682,0.7036299328473876,1.4367308987615173,15.0
NQ,2025-09-25 13:31:00+00:00,2025-09-25,61,08:30,Continuing Claims @ 08:30+Core PCE Price Index QoQ @ 08:30+Durable Goods Orders @ 08:30+Wholesale Inventories MoM @ 10:00,-1.1761785281395873,0.551167277570542,1.9298088983302355,15.0
NQ,2025-09-25 14:01:00+00:00,2025-09-25,91,08:30,Continuing Claims @ 08:30+Core PCE Price Index QoQ @ 08:30+Durable Goods Orders @ 08:30+Existing Home Sales @ 10:00+Wholesale Inventories MoM @ 10:00,0.46691284542135764,0.43548114689875145,2.3274427650290823,15.0
NQ,2025-09-25 14:31:00+00:00,2025-09-25,121,08:30,Continuing Claims @ 08:30+Core PCE Price Index QoQ @ 08:30+Durable Goods Orders @ 08:30+Existing Home Sales @ 10:00+Wholesale Inventories MoM @ 10:00,-0.9592016601836473,0.941029989112782,1.0985362915548915,15.0
NQ,2025-10-01 15:01:00+00:00,2025-10-01,61,10:00,ISM Manufacturing @ 10:00,-1.148938870819457,0.3416696706146327,2.9425019948959417,15.0
NQ,2025-10-03 14:31:00+00:00,2025-10-03,31,10:00,ISM Services Index @ 10:00,-0.5018354170996402,0.2912331008608909,3.443200559127985,15.0
NQ,2025-10-03 15:01:00+00:00,2025-10-03,61,10:00,ISM Services Index @ 10:00,0.8694897052689264,0.4073938692181656,2.4657734617760045,15.0
NQ,2025-10-03 15:31:00+00:00,2025-10-03,91,10:00,ISM Services Index @ 10:00,-0.7667145744485361,0.6230057501155589,1.613893080306772,15.0
NQ,2025-10-08 18:31:00+00:00,2025-10-08,31,14:00,FOMC Meeting Minutes @ 14:00,0.40263584375570205,0.351397575380879,2.963893751616147,15.0
NQ,2025-10-08 19:01:00+00:00,2025-10-08,61,14:00,FOMC Meeting Minutes @ 14:00,-0.4194312861041711,0.44231077501757177,2.30764512534207,15.0
NQ,2025-10-08 19:31:00+00:00,2025-10-08,91,14:00,FOMC Meeting Minutes @ 14:00,0.5976247775049145,0.7011019163353276,1.6676030330845717,15.0
NQ,2025-10-08 20:01:00+00:00,2025-10-08,121,14:00,FOMC Meeting Minutes @ 14:00,0.5595064290452612,0.4561144024526883,2.252458167698525,15.0
NQ,2025-10-24 12:31:00+00:00,2025-10-24,1,08:30,CPI Index NSA @ 08:30,0.6642520906175226,1.437439073961715,0.7651810206708425,15.0
NQ,2025-10-24 13:01:00+00:00,2025-10-24,31,08:30,CPI Index NSA @ 08:30,-2.0,0.4639183522919979,2.159252405623687,15.0
NQ,2025-10-24 13:31:00+00:00,2025-10-24,61,08:30,CPI Index NSA @ 08:30,-0.7948616188467041,0.4526712231506124,2.227868386257242,15.0
NQ,2025-10-24 14:01:00+00:00,2025-10-24,1,10:00,CPI Index NSA @ 08:30+U. of Mich. Sentiment @ 10:00,1.033442803516739,0.4219337748393867,2.4244753547112428,15.0
NQ,2025-11-03 15:01:00+00:00,2025-11-03,1,10:00,ISM Manufacturing @ 10:00,0.46827920231681164,0.7252926724035635,1.4208710520425036,15.0
NQ,2025-11-03 15:31:00+00:00,2025-11-03,31,10:00,ISM Manufacturing @ 10:00,-0.8098619208280234,0.5539337587843969,1.8274612035007947,15.0
NQ,2025-11-03 16:01:00+00:00,2025-11-03,61,10:00,ISM Manufacturing @ 10:00,0.8300538805561212,0.5269094570055194,1.9099247609499364,15.0
NQ,2025-11-05 15:01:00+00:00,2025-11-05,1,10:00,ISM Services Index @ 10:00,1.0259095668175113,0.8461588729511972,1.2012655908080914,15.0
NQ,2025-11-05 15:31:00+00:00,2025-11-05,31,10:00,ISM Services Index @ 10:00,-0.4316013473801382,0.32885459946358625,3.050515306513048,15.0
NQ,2025-11-05 16:01:00+00:00,2025-11-05,61,10:00,ISM Services Index @ 10:00,-0.6952244332288171,0.29132918081285225,3.4377200320232713,15.0
NQ,2025-11-05 17:01:00+00:00,2025-11-05,121,10:00,ISM Services Index @ 10:00,-0.9526061303774019,0.7415074136196017,1.3635911167252983,15.0
NQ,2025-11-17 15:01:00+00:00,2025-11-17,91,08:30,Empire Manufacturing @ 08:30+ISM Manufacturing @ 10:00,-0.6738046610530124,0.636394094567802,1.6030244756593475,15.0
NQ,2025-11-17 15:31:00+00:00,2025-11-17,31,10:00,Empire Manufacturing @ 08:30+ISM Manufacturing @ 10:00,-0.36173814405893523,0.38901472464112735,2.6030971416195894,15.0
NQ,2025-11-17 16:01:00+00:00,2025-11-17,61,10:00,ISM Manufacturing @ 10:00,1.280747560489556,0.3441978445123573,2.923611422938755,15.0
NQ,2025-11-19 19:01:00+00:00,2025-11-19,1,14:00,FOMC Meeting Minutes @ 14:00,0.5928334987391215,0.3514037959354978,2.9503314236569165,15.0
NQ,2025-11-19 19:31:00+00:00,2025-11-19,31,14:00,FOMC Meeting Minutes @ 14:00,0.7137357104509956,0.4112647639392333,2.508614842364395,15.0
NQ,2025-11-19 20:01:00+00:00,2025-11-19,61,14:00,FOMC Meeting Minutes @ 14:00,-0.8698774755745722,0.4919710477334717,2.147848654349154,15.0
NQ,2025-11-19 21:01:00+00:00,2025-11-19,121,14:00,FOMC Meeting Minutes @ 14:00,0.6460259110345197,0.35571499669387396,2.8365300827649875,15.0
NQ,2025-11-20 14:01:00+00:00,2025-11-20,31,08:30,Change in Manufact. Payrolls @ 08:30+Continuing Claims @ 08:30+Philadelphia Fed Business Outlook @ 08:30,1.5958964090314611,0.5387004404068835,1.8707768345682185,15.0
NQ,2025-11-20 14:31:00+00:00,2025-11-20,61,08:30,Change in Manufact. Payrolls @ 08:30+Continuing Claims @ 08:30+Philadelphia Fed Business Outlook @ 08:30,0.3840366543190409,0.40248460319554225,2.506294329479752,15.0
NQ,2025-11-20 15:01:00+00:00,2025-11-20,91,08:30,Change in Manufact. Payrolls @ 08:30+Continuing Claims @ 08:30+Existing Home Sales @ 10:00+Philadelphia Fed Business Outlook @ 08:30,-1.2143370530595308,0.5721774299832876,1.7546084534570692,15.0
NQ,2025-11-20 15:31:00+00:00,2025-11-20,121,08:30,Change in Manufact. Payrolls @ 08:30+Continuing Claims @ 08:30+Existing Home Sales @ 10:00+Philadelphia Fed Business Outlook @ 08:30,-0.743736907186557,0.5263603718356316,1.929549693154153,15.0
NQ,2025-11-21 13:31:00+00:00,2025-11-21,1,08:30,CPI Index NSA @ 08:30,-2.0,0.47760985920791127,2.1046795073388704,15.0
NQ,2025-11-21 14:01:00+00:00,2025-11-21,31,08:30,CPI Index NSA @ 08:30,0.826605036515974,0.3843917056039503,2.6066290655347597,15.0
NQ,2025-11-21 15:01:00+00:00,2025-11-21,1,10:00,CPI Index NSA @ 08:30+U. of Mich. Sentiment @ 10:00+Wholesale Inventories MoM @ 10:00,0.5134489707396913,0.30199132224939695,3.3292370156166946,15.0
NQ,2025-12-01 15:31:00+00:00,2025-12-01,31,10:00,ISM Manufacturing @ 10:00,0.9219076495106047,0.5092680107793198,2.0026104560876306,15.0
NQ,2025-12-01 16:01:00+00:00,2025-12-01,61,10:00,ISM Manufacturing @ 10:00,1.1346962981123947,0.7027878012732786,1.439521155632864,15.0
NQ,2025-12-01 16:31:00+00:00,2025-12-01,91,10:00,ISM Manufacturing @ 10:00,-0.8755530993817878,0.5001940794111784,2.0152821007348805,15.0
NQ,2025-12-03 15:31:00+00:00,2025-12-03,31,10:00,ISM Services Index @ 10:00+Import Price Index YoY @ 08:30,-0.7831751835356395,0.2974923699839105,3.3738728641126423,15.0
NQ,2025-12-03 16:01:00+00:00,2025-12-03,61,10:00,ISM Services Index @ 10:00,1.1182563628521556,0.3819515101829433,2.661610467520155,15.0
NQ,2025-12-03 16:31:00+00:00,2025-12-03,91,10:00,ISM Services Index @ 10:00,1.6624395894014494,0.4148839248885238,2.4177527353511645,15.0
NQ,2025-12-16 14:01:00+00:00,2025-12-16,31,08:30,Change in Manufact. Payrolls @ 08:30+New York Fed Services Business Activity @ 08:30+Retail Sales Advance MoM @ 08:30,-2.0,0.6986345928463131,1.4340474403055905,15.0
NQ,2025-12-16 14:31:00+00:00,2025-12-16,61,08:30,Change in Manufact. Payrolls @ 08:30+New York Fed Services Business Activity @ 08:30+Retail Sales Advance MoM @ 08:30,-0.27020485455394,0.34220310839476703,2.9392725766484182,15.0
NQ,2025-12-16 15:01:00+00:00,2025-12-16,91,08:30,Business Inventories @ 10:00+Change in Manufact. Payrolls @ 08:30+New York Fed Services Business Activity @ 08:30+Retail Sales Advance MoM @ 08:30,-0.3745218681468276,0.4581228455408604,2.187769535317322,15.0
NQ,2025-12-18 13:31:00+00:00,2025-12-18,1,08:30,CPI Index NSA @ 08:30+Continuing Claims @ 08:30+Philadelphia Fed Business Outlook @ 08:30,0.5566761694733824,0.45903965860375684,2.187044760737213,15.0
NQ,2025-12-18 14:31:00+00:00,2025-12-18,61,08:30,CPI Index NSA @ 08:30+Continuing Claims @ 08:30+Philadelphia Fed Business Outlook @ 08:30,0.7110407034642141,0.5660793750740851,1.8248561463674176,15.0
NQ,2025-12-18 15:01:00+00:00,2025-12-18,91,08:30,CPI Index NSA @ 08:30+Continuing Claims @ 08:30+Philadelphia Fed Business Outlook @ 08:30,1.295623435445891,0.49556958343240004,2.0412243603235467,15.0
NQ,2025-12-18 15:31:00+00:00,2025-12-18,121,08:30,CPI Index NSA @ 08:30+Continuing Claims @ 08:30+Philadelphia Fed Business Outlook @ 08:30,0.5842150232273059,0.6198969239149855,1.6568842368436618,15.0
NQ,2025-12-23 13:31:00+00:00,2025-12-23,1,08:30,Core PCE Price Index QoQ @ 08:30+Durable Goods Orders @ 08:30+Philadelphia Fed Non-Manufacturing Activity @ 08:30,-1.557627236633793,0.3317380543790791,3.019857182358843,15.0
NQ,2025-12-23 14:31:00+00:00,2025-12-23,61,08:30,Core PCE Price Index QoQ @ 08:30+Durable Goods Orders @ 08:30+Philadelphia Fed Non-Manufacturing Activity @ 08:30,-0.6910081903938385,0.5304517388138955,1.9296902316731528,15.0
NQ,2025-12-23 15:01:00+00:00,2025-12-23,91,08:30,Conf. Board Consumer Confidence @ 10:00+Core PCE Price Index QoQ @ 08:30+Durable Goods Orders @ 08:30+Philadelphia Fed Non-Manufacturing Activity @ 08:30+Richmond Fed Manufact. Index @ 10:00,-0.6852401181720478,0.464053962534703,2.221448138524313,15.0
NQ,2025-12-30 19:01:00+00:00,2025-12-30,1,14:00,FOMC Meeting Minutes @ 14:00,-0.6519038277064403,0.28210581007606367,3.5977036545802332,15.0
NQ,2025-12-30 20:01:00+00:00,2025-12-30,61,14:00,FOMC Meeting Minutes @ 14:00,-0.5452959053122332,0.5072479025265932,2.0132144233364957,15.0
NQ,2025-12-30 20:31:00+00:00,2025-12-30,91,14:00,FOMC Meeting Minutes @ 14:00,0.42724861276343984,0.3641099414438125,2.922218313019659,15.0
NQ,2026-01-05 15:01:00+00:00,2026-01-05,1,10:00,ISM Manufacturing @ 10:00,1.0444000912079194,0.29220378022228294,3.446168128851343,15.0
NQ,2026-01-05 15:31:00+00:00,2026-01-05,31,10:00,ISM Manufacturing @ 10:00,-0.7508152801303549,0.5693048066873115,1.7612245158450164,15.0
NQ,2026-01-05 16:31:00+00:00,2026-01-05,91,10:00,ISM Manufacturing @ 10:00,0.8470522543314035,0.4237435398024434,2.3727545211793712,15.0
NQ,2026-01-05 17:01:00+00:00,2026-01-05,121,10:00,ISM Manufacturing @ 10:00,0.5606059151778454,0.4101261614601019,2.463614860208472,15.0
NQ,2026-01-09 14:01:00+00:00,2026-01-09,31,08:30,Building Permits @ 08:30+Change in Manufact. Payrolls @ 08:30,-1.0772247909489716,0.4333080339601374,2.3163529831591374,15.0
NQ,2026-01-09 15:31:00+00:00,2026-01-09,31,10:00,Building Permits @ 08:30+Change in Manufact. Payrolls @ 08:30+U. of Mich. Sentiment @ 10:00,1.1380775033112147,0.7238824377951506,1.4176723343769748,15.0
NQ,2026-01-13 14:01:00+00:00,2026-01-13,31,08:30,CPI Index NSA @ 08:30,-1.8529062681208135,0.6611932995081898,1.52341421361846,15.0
NQ,2026-01-13 14:31:00+00:00,2026-01-13,61,08:30,CPI Index NSA @ 08:30,-0.6107794756417861,0.3821332653203805,2.6241066375754754,15.0
NQ,2026-01-13 15:01:00+00:00,2026-01-13,1,10:00,CPI Index NSA @ 08:30+New Home Sales @ 10:00,-0.42764367262210357,0.3539368343477567,2.835427127807359,15.0
NQ,2026-01-13 15:31:00+00:00,2026-01-13,121,08:30,CPI Index NSA @ 08:30+New Home Sales @ 10:00,-0.8859050112774118,0.715963097977784,1.40061833864678,15.0
NQ,2026-01-21 15:01:00+00:00,2026-01-21,1,10:00,ISM Manufacturing @ 10:00+Pending Home Sales MoM @ 10:00,1.4977047185308092,0.7904396608468729,1.2833924392054539,15.0
NQ,2026-01-22 14:01:00+00:00,2026-01-22,31,08:30,Continuing Claims @ 08:30+Core PCE Price Index QoQ @ 08:30,-2.0,0.5842314425678501,1.7135515356523787,15.0
NQ,2026-01-22 14:31:00+00:00,2026-01-22,61,08:30,Continuing Claims @ 08:30+Core PCE Price Index QoQ @ 08:30,-1.181155344973786,0.4613273192285216,2.2187944100351187,15.0
NQ,2026-01-22 15:01:00+00:00,2026-01-22,1,10:00,Continuing Claims @ 08:30+Core PCE Price Index MoM @ 08:30+Core PCE Price Index QoQ @ 08:30,0.6997345632399865,0.7096928372047344,1.4166446725574229,15.0
NQ,2026-02-02 15:01:00+00:00,2026-02-02,1,10:00,ISM Manufacturing @ 10:00,-0.5038968308022594,0.6924286030692922,1.4706910915488625,15.0
NQ,2026-02-02 15:31:00+00:00,2026-02-02,31,10:00,ISM Manufacturing @ 10:00,-0.9288045805290311,0.7471672060380542,1.368966126078051,15.0
NQ,2026-02-02 16:01:00+00:00,2026-02-02,61,10:00,ISM Manufacturing @ 10:00,-0.40025770619394474,0.562968759293256,1.7831888471079669,15.0
NQ,2026-02-02 16:31:00+00:00,2026-02-02,91,10:00,ISM Manufacturing @ 10:00,0.8422047075973713,0.7750520679333333,1.2995493961685713,15.0
NQ,2026-02-11 13:31:00+00:00,2026-02-11,91,07:00,Change in Manufact. Payrolls @ 08:30+MBA Mortgage Applications @ 07:00,1.2471722885350278,0.45402462471925537,2.2670191341718793,15.0
NQ,2026-02-11 14:31:00+00:00,2026-02-11,61,08:30,Change in Manufact. Payrolls @ 08:30,-0.7143267975764374,0.3778054910431805,2.6614092532166986,15.0
NQ,2026-02-11 15:01:00+00:00,2026-02-11,91,08:30,Change in Manufact. Payrolls @ 08:30,-0.5589180620998812,0.5010917739350891,2.015491417003872,15.0
NQ,2026-02-11 15:31:00+00:00,2026-02-11,121,08:30,Change in Manufact. Payrolls @ 08:30,-0.8461381373165157,0.8761695986638064,1.1712167012858625,15.0
NQ,2026-02-13 13:31:00+00:00,2026-02-13,1,08:30,CPI Index NSA @ 08:30,-0.7013319925360618,0.4938744795036845,2.037605158941372,15.0
NQ,2026-02-13 14:01:00+00:00,2026-02-13,31,08:30,CPI Index NSA @ 08:30,-1.6743637746770204,0.32005026052459806,3.1292943202250343,15.0
NQ,2026-02-13 14:31:00+00:00,2026-02-13,61,08:30,CPI Index NSA @ 08:30,0.4967589777050386,0.4332974072444482,2.3240204984351864,15.0
NQ,2026-02-18 19:31:00+00:00,2026-02-18,31,14:00,FOMC Meeting Minutes @ 14:00,0.7558928878207527,0.3193567861894397,3.190729236432117,15.0
NQ,2026-02-18 20:01:00+00:00,2026-02-18,61,14:00,FOMC Meeting Minutes @ 14:00,-0.5693905436144095,0.4439335848277113,2.323013314758217,15.0
NQ,2026-02-18 20:31:00+00:00,2026-02-18,91,14:00,FOMC Meeting Minutes @ 14:00,0.9528249591748841,0.3188060117108517,3.169994883752495,15.0
NQ,2026-02-18 21:01:00+00:00,2026-02-18,121,14:00,FOMC Meeting Minutes @ 14:00+Net Long-term TIC Flows @ 16:00,0.6898314461709104,0.4106201056114843,2.8311919541766426,15.0
NQ,2026-02-20 13:31:00+00:00,2026-02-20,1,08:30,Core PCE Price Index MoM @ 08:30+Core PCE Price Index QoQ @ 08:30,1.146945399634088,0.4089979872149259,2.5460474426933546,15.0
NQ,2026-02-20 14:01:00+00:00,2026-02-20,31,08:30,Core PCE Price Index MoM @ 08:30+Core PCE Price Index QoQ @ 08:30,-1.0881015109423129,0.4231396237110018,2.3876489454585466,15.0
NQ,2026-02-20 14:31:00+00:00,2026-02-20,61,08:30,Core PCE Price Index MoM @ 08:30+Core PCE Price Index QoQ @ 08:30,0.579242580521553,0.5572486574084379,1.8350752447600762,15.0
NQ,2026-02-20 15:01:00+00:00,2026-02-20,91,08:30,Core PCE Price Index MoM @ 08:30+Core PCE Price Index QoQ @ 08:30+New Home Sales @ 10:00+U. of Mich. Sentiment @ 10:00,0.9241328285738931,0.39037023217592803,2.5704939198028818,15.0
NQ,2026-02-20 15:31:00+00:00,2026-02-20,121,08:30,Core PCE Price Index MoM @ 08:30+Core PCE Price Index QoQ @ 08:30+New Home Sales @ 10:00+U. of Mich. Sentiment @ 10:00,1.0187944519254963,0.28530450035032495,3.530666466206516,15.0
NQ,2026-02-27 15:01:00+00:00,2026-02-27,1,10:00,ISM Manufacturing @ 10:00+PPI Ex Food and Energy MoM @ 08:30,-0.5249161305171622,0.3494762383100172,2.8965181778356683,15.0
NQ,2026-02-27 15:31:00+00:00,2026-02-27,31,10:00,ISM Manufacturing @ 10:00+PPI Ex Food and Energy MoM @ 08:30,0.9861273345467124,0.40178751299571835,2.4995630630129684,15.0
NQ,2026-02-27 16:01:00+00:00,2026-02-27,1,11:00,ISM Manufacturing @ 10:00+Kansas City Fed Services Activity @ 11:00,1.4421099781370923,0.3734664597072521,2.8325305300942922,15.0
NQ,2026-03-02 15:01:00+00:00,2026-03-02,1,10:00,ISM Manufacturing @ 10:00,-0.388217710924147,0.35371147262710456,2.8342114478947567,15.0
NQ,2026-03-02 16:01:00+00:00,2026-03-02,61,10:00,ISM Manufacturing @ 10:00,-0.7801376440531996,0.5708302722230145,1.7751194255024814,15.0
NQ,2026-03-02 16:31:00+00:00,2026-03-02,91,10:00,ISM Manufacturing @ 10:00,0.7307624856926677,0.5917859891979688,1.752979687545302,15.0
NQ,2026-03-02 17:01:00+00:00,2026-03-02,121,10:00,ISM Manufacturing @ 10:00,-0.6296155274981627,0.7955466332363066,1.273282055743233,15.0
NQ,2026-03-06 14:01:00+00:00,2026-03-06,31,08:30,Change in Manufact. Payrolls @ 08:30+Retail Sales Advance MoM @ 08:30,-2.0,0.8645224008694068,1.1606843809277556,15.0
NQ,2026-03-06 14:31:00+00:00,2026-03-06,61,08:30,Change in Manufact. Payrolls @ 08:30+Retail Sales Advance MoM @ 08:30,0.5420033942234644,0.48423721253233387,2.078543795253957,15.0
NQ,2026-03-11 13:01:00+00:00,2026-03-11,31,08:30,CPI Index NSA @ 08:30+MBA Mortgage Applications @ 07:00,-1.8228330591580026,0.35557521590754937,2.8406952112255253,15.0
NQ,2026-03-11 13:31:00+00:00,2026-03-11,61,08:30,CPI Index NSA @ 08:30,-0.689297886757468,0.5993816088983323,1.7079305336716981,15.0
NQ,2026-03-11 14:01:00+00:00,2026-03-11,91,08:30,CPI Index NSA @ 08:30,0.49323933906998735,0.3123472199857723,3.2341763863067423,15.0
NQ,2026-03-11 14:31:00+00:00,2026-03-11,121,08:30,CPI Index NSA @ 08:30,-0.6010346846829178,0.6273493726264293,1.6028346656255907,15.0
NQ,2026-03-13 12:31:00+00:00,2026-03-13,1,08:30,Core PCE Price Index MoM @ 08:30+Core PCE Price Index QoQ @ 08:30+Durable Goods Orders @ 08:30,-2.0,0.4203986657857744,2.386864377299376,15.0
NQ,2026-03-13 13:31:00+00:00,2026-03-13,61,08:30,Core PCE Price Index MoM @ 08:30+Core PCE Price Index QoQ @ 08:30+Durable Goods Orders @ 08:30,0.8313138058919123,0.2889190590505828,3.4794934380009814,15.0
NQ,2026-03-13 14:01:00+00:00,2026-03-13,91,08:30,Core PCE Price Index MoM @ 08:30+Core PCE Price Index QoQ @ 08:30+Durable Goods Orders @ 08:30+JOLTS Job Openings @ 10:00+U. of Mich. Sentiment @ 10:00,-0.3694173864746278,0.6602945618101375,1.5577938365951376,15.0
NQ,2026-03-13 14:31:00+00:00,2026-03-13,31,10:00,Core PCE Price Index MoM @ 08:30+Core PCE Price Index QoQ @ 08:30+Durable Goods Orders @ 08:30+JOLTS Job Openings @ 10:00+U. of Mich. Sentiment @ 10:00,-0.6613481168452444,0.4172975710472963,2.4071926616751513,15.0
NQ,2026-03-23 14:01:00+00:00,2026-03-23,1,10:00,Chicago Fed Nat Activity Index @ 08:30+ISM Manufacturing @ 10:00,-1.2147286773967774,0.6204498604015025,1.6184983709234055,15.0
NQ,2026-03-23 15:31:00+00:00,2026-03-23,91,10:00,ISM Manufacturing @ 10:00,0.8944423942426307,0.454159549958949,2.204136681063626,15.0
NQ,2026-03-23 16:01:00+00:00,2026-03-23,121,10:00,ISM Manufacturing @ 10:00,-0.5173867979084246,0.8493995230951666,1.2126014772957665,15.0
NQ,2026-04-01 14:01:00+00:00,2026-04-01,91,08:30,Business Inventories @ 10:00+ISM Manufacturing @ 10:00+Retail Sales Advance MoM @ 08:30,0.8242825148336868,0.3614006062049458,2.8056423980029357,15.0
NQ,2026-04-01 15:01:00+00:00,2026-04-01,61,10:00,Business Inventories @ 10:00+ISM Manufacturing @ 10:00,-1.5431600426275465,0.6999179658766304,1.4417076187534423,15.0
NQ,2026-04-01 16:01:00+00:00,2026-04-01,121,10:00,Business Inventories @ 10:00+ISM Manufacturing @ 10:00,2.0,0.7703075160592793,1.305189270622779,15.0
NQ,2026-04-08 18:01:00+00:00,2026-04-08,1,14:00,FOMC Meeting Minutes @ 14:00,0.6458555364300098,0.24558969036444583,4.077804134981879,15.0
NQ,2026-04-08 18:31:00+00:00,2026-04-08,31,14:00,FOMC Meeting Minutes @ 14:00,1.546227416580083,0.4020597739604422,2.6046028901631733,15.0
NQ,2026-04-08 19:01:00+00:00,2026-04-08,61,14:00,FOMC Meeting Minutes @ 14:00,0.2415940756951486,0.6270515964166085,1.6889961913968925,15.0
NQ,2026-04-08 19:31:00+00:00,2026-04-08,91,14:00,FOMC Meeting Minutes @ 14:00,0.5823902868835472,0.29576741230010833,3.5479156395312854,15.0
NQ,2026-04-09 12:31:00+00:00,2026-04-09,1,08:30,Continuing Claims @ 08:30+Core PCE Price Index MoM @ 08:30+Core PCE Price Index QoQ @ 08:30,-2.0,0.34450881650450776,2.9107016584507,15.0
NQ,2026-04-09 13:01:00+00:00,2026-04-09,31,08:30,Continuing Claims @ 08:30+Core PCE Price Index MoM @ 08:30+Core PCE Price Index QoQ @ 08:30,0.9141906245426776,0.33518667244711337,3.01706329084983,15.0
NQ,2026-04-09 13:31:00+00:00,2026-04-09,61,08:30,Continuing Claims @ 08:30+Core PCE Price Index MoM @ 08:30+Core PCE Price Index QoQ @ 08:30,0.6678461726039429,0.609769216270186,1.6734920837555711,15.0
NQ,2026-04-09 14:31:00+00:00,2026-04-09,121,08:30,Continuing Claims @ 08:30+Core PCE Price Index MoM @ 08:30+Core PCE Price Index QoQ @ 08:30+Wholesale Inventories MoM @ 10:00,-0.7812478140507892,0.610562526742096,1.6418368934976877,15.0
NQ,2026-04-10 13:01:00+00:00,2026-04-10,31,08:30,CPI Index NSA @ 08:30,1.5591038914827573,0.358309834140896,2.8005519944817485,15.0
NQ,2026-04-10 14:01:00+00:00,2026-04-10,91,08:30,CPI Index NSA @ 08:30+Durable Goods Orders @ 08:30+U. of Mich. Sentiment @ 10:00,-0.6124172325495064,0.3326462086906998,3.015077146053107,15.0
NQ,2026-04-30 13:31:00+00:00,2026-04-30,61,08:30,Continuing Claims @ 08:30+Core PCE Price Index MoM @ 08:30+Core PCE Price Index QoQ @ 08:30+Employment Cost Index @ 08:30,-0.45989004732289657,0.5868218545844994,1.727563887565348,15.0
NQ,2026-04-30 14:01:00+00:00,2026-04-30,91,08:30,Continuing Claims @ 08:30+Core PCE Price Index MoM @ 08:30+Core PCE Price Index QoQ @ 08:30+Employment Cost Index @ 08:30+Leading Index @ 10:00,-0.6185262945257713,0.5780321512530351,1.752193252259297,15.0
NQ,2026-04-30 14:31:00+00:00,2026-04-30,121,08:30,Continuing Claims @ 08:30+Core PCE Price Index MoM @ 08:30+Core PCE Price Index QoQ @ 08:30+Employment Cost Index @ 08:30+Leading Index @ 10:00,-0.7867744025724096,0.39383030371756245,2.5518107050082,15.0
NQ,2026-05-01 14:31:00+00:00,2026-05-01,31,10:00,ISM Manufacturing @ 10:00,1.1091919442036917,0.3326819326259002,3.023288271748163,15.0
NQ,2026-05-01 15:01:00+00:00,2026-05-01,61,10:00,ISM Manufacturing @ 10:00,0.6776734765064358,0.32467657046375786,3.1255751493408868,15.0
NQ,2026-05-01 15:31:00+00:00,2026-05-01,91,10:00,ISM Manufacturing @ 10:00,0.8608920534439592,1.0549930127279288,0.956642739214194,15.0
NQ,2026-05-07 15:01:00+00:00,2026-05-07,1,11:00,ISM Manufacturing @ 10:00+NY Fed 1-Yr Inflation Expectations @ 11:00,-0.7376136384003108,0.43407750544335544,2.3528901477282775,15.0
NQ,2026-05-07 16:01:00+00:00,2026-05-07,61,11:00,ISM Manufacturing @ 10:00+NY Fed 1-Yr Inflation Expectations @ 11:00,1.411107918039472,0.5878079413152704,1.9309807309664637,15.0
NQ,2026-05-08 13:01:00+00:00,2026-05-08,31,08:30,Change in Manufact. Payrolls @ 08:30,-1.3180460452609868,0.4286240993261266,2.387955185103906,15.0
NQ,2026-05-08 13:31:00+00:00,2026-05-08,61,08:30,Change in Manufact. Payrolls @ 08:30,-0.7297999214619926,0.36864654669994856,2.7670716762052048,15.0
NQ,2026-05-08 14:01:00+00:00,2026-05-08,1,10:00,Change in Manufact. Payrolls @ 08:30+U. of Mich. Sentiment @ 10:00+Wholesale Inventories MoM @ 10:00,1.5128435853307831,0.9202561847861466,1.129116279614186,15.0
NQ,2026-05-12 13:01:00+00:00,2026-05-12,31,08:30,CPI Index NSA @ 08:30,-0.6714848590651941,0.5686191808483625,1.7704299281557012,15.0
NQ,2026-05-12 14:01:00+00:00,2026-05-12,91,08:30,CPI Index NSA @ 08:30,0.9439506103720768,0.4785298679403526,2.1300649459294982,15.0
NQ,2026-05-12 14:31:00+00:00,2026-05-12,121,08:30,CPI Index NSA @ 08:30,0.4735898811486616,0.5421750440041783,1.9346487171252322,15.0
NQ,2026-05-20 19:01:00+00:00,2026-05-20,61,14:00,FOMC Meeting Minutes @ 14:00,-0.5676937671399704,0.31318392201674405,3.3722809562754734,15.0
NQ,2026-05-20 19:31:00+00:00,2026-05-20,91,14:00,FOMC Meeting Minutes @ 14:00,-2.0,0.5510764990023026,1.8363745044938757,15.0
NQ,2026-05-28 12:31:00+00:00,2026-05-28,1,08:30,Continuing Claims @ 08:30+Core PCE Price Index MoM @ 08:30+Core PCE Price Index QoQ @ 08:30+Durable Goods Orders @ 08:30,1.043853909130827,0.35635798967667587,2.837484755625102,15.0
NQ,2026-05-28 13:01:00+00:00,2026-05-28,31,08:30,Continuing Claims @ 08:30+Core PCE Price Index MoM @ 08:30+Core PCE Price Index QoQ @ 08:30+Durable Goods Orders @ 08:30,-1.6101273537337362,0.7542904539330416,1.335894800637075,15.0
NQ,2026-05-28 13:31:00+00:00,2026-05-28,61,08:30,Continuing Claims @ 08:30+Core PCE Price Index MoM @ 08:30+Core PCE Price Index QoQ @ 08:30+Durable Goods Orders @ 08:30,-0.454945601805684,0.4118246565802984,2.4815324693075844,15.0
NQ,2026-05-28 14:01:00+00:00,2026-05-28,91,08:30,Continuing Claims @ 08:30+Core PCE Price Index MoM @ 08:30+Core PCE Price Index QoQ @ 08:30+Durable Goods Orders @ 08:30+New Home Sales @ 10:00,0.6919785284312153,0.42334216692967824,2.3781976266876272,15.0
NQ,2026-05-28 14:31:00+00:00,2026-05-28,121,08:30,Continuing Claims @ 08:30+Core PCE Price Index MoM @ 08:30+Core PCE Price Index QoQ @ 08:30+Durable Goods Orders @ 08:30+New Home Sales @ 10:00,-1.1801649284338573,0.531735874223387,1.8887481932488719,15.0
NQ,2026-06-01 14:01:00+00:00,2026-06-01,1,10:00,ISM Manufacturing @ 10:00,0.5106056217949528,0.4723071318959806,2.1619523328449444,15.0
NQ,2026-06-01 14:31:00+00:00,2026-06-01,31,10:00,ISM Manufacturing @ 10:00,1.2048521845718922,0.5476289107402659,1.832642458352577,15.0
NQ,2026-06-01 16:01:00+00:00,2026-06-01,121,10:00,ISM Manufacturing @ 10:00,-1.0993785884047835,0.38942091926547806,2.577066108715083,15.0
NQ,2026-06-05 13:31:00+00:00,2026-06-05,61,08:30,Change in Manufact. Payrolls @ 08:30,0.8576637392286787,0.3819861036846626,2.646873973475068,15.0
NQ,2026-06-05 14:01:00+00:00,2026-06-05,91,08:30,Change in Manufact. Payrolls @ 08:30,0.6067907024333592,0.8365321879197548,1.2037133699214586,15.0
NQ,2026-06-05 14:31:00+00:00,2026-06-05,121,08:30,Change in Manufact. Payrolls @ 08:30,-1.3568447149793759,0.47353464542874835,2.1290971345504177,15.0
NQ,2026-06-10 12:31:00+00:00,2026-06-10,91,07:00,CPI Index NSA @ 08:30+MBA Mortgage Applications @ 07:00,-1.2579474678474862,0.4642065581659497,2.232041020350996,15.0
NQ,2026-06-10 14:01:00+00:00,2026-06-10,91,08:30,CPI Index NSA @ 08:30,-0.5389075396346849,0.5386132395101962,1.8669890860447422,15.0
NQ,2026-06-25 12:31:00+00:00,2026-06-25,1,08:30,Chicago Fed Nat Activity Index @ 08:30+Continuing Claims @ 08:30+Core PCE Price Index MoM @ 08:30+Core PCE Price Index QoQ @ 08:30+Durable Goods Orders @ 08:30,1.2424412173675239,0.43359796249249216,2.353926647750132,15.0
NQ,2026-06-25 13:01:00+00:00,2026-06-25,31,08:30,Chicago Fed Nat Activity Index @ 08:30+Continuing Claims @ 08:30+Core PCE Price Index MoM @ 08:30+Core PCE Price Index QoQ @ 08:30+Durable Goods Orders @ 08:30,1.308924257630354,0.28638359221445286,3.5059038509371954,15.0
NQ,2026-06-25 14:01:00+00:00,2026-06-25,91,08:30,Chicago Fed Nat Activity Index @ 08:30+Continuing Claims @ 08:30+Core PCE Price Index MoM @ 08:30+Core PCE Price Index QoQ @ 08:30+Durable Goods Orders @ 08:30,0.6057206128541952,0.9484371369788611,1.062166342613142,15.0
NQ,2026-06-25 14:31:00+00:00,2026-06-25,121,08:30,Chicago Fed Nat Activity Index @ 08:30+Continuing Claims @ 08:30+Core PCE Price Index MoM @ 08:30+Core PCE Price Index QoQ @ 08:30+Durable Goods Orders @ 08:30,-0.6835825700013297,0.356428507755475,2.828227362010085,15.0
ZN,2021-01-04 15:01:00+00:00,2021-01-04,1,10:00,ISM Manufacturing @ 10:00,0.6625841342475686,0.552770921916528,1.8216711692276748,15.0
ZN,2021-01-04 16:31:00+00:00,2021-01-04,91,10:00,ISM Manufacturing @ 10:00,0.7929564686326799,0.3423994764633559,2.930627037406576,15.0
ZN,2021-01-04 17:01:00+00:00,2021-01-04,121,10:00,ISM Manufacturing @ 10:00,1.2527895907464226,0.5121383887312245,1.9616762700489982,15.0
ZN,2021-01-05 15:01:00+00:00,2021-01-05,1,10:00,ISM Manufacturing @ 10:00,0.9781618933164409,0.3704613186612104,2.7180250135147626,15.0
ZN,2021-01-05 16:31:00+00:00,2021-01-05,91,10:00,ISM Manufacturing @ 10:00,0.6710862213309808,0.3367734152063589,2.9721618473087985,15.0
ZN,2021-01-05 17:01:00+00:00,2021-01-05,121,10:00,ISM Manufacturing @ 10:00,-1.608322982876348,0.3757271934908293,2.688254344839027,15.0
ZN,2021-01-06 19:01:00+00:00,2021-01-06,1,14:00,FOMC Meeting Minutes @ 14:00,-0.7550023521667156,0.2589665334471434,3.8820881237833977,15.0
ZN,2021-01-06 19:31:00+00:00,2021-01-06,31,14:00,FOMC Meeting Minutes @ 14:00,0.7955280457623333,0.39757665534499337,2.577645290761919,15.0
ZN,2021-01-06 20:31:00+00:00,2021-01-06,91,14:00,FOMC Meeting Minutes @ 14:00,0.7060934790066326,0.2618370927045152,3.8384784979468836,15.0
ZN,2021-01-06 21:01:00+00:00,2021-01-06,121,14:00,FOMC Meeting Minutes @ 14:00,-1.4244384323513488,0.27683867223780445,3.649147438329715,15.0
ZN,2021-01-07 15:01:00+00:00,2021-01-07,91,08:30,Continuing Claims @ 08:30+ISM Services Index @ 10:00+Trade Balance @ 08:30,1.4305021408349217,0.4525311105702971,2.218020586594767,15.0
ZN,2021-01-07 15:31:00+00:00,2021-01-07,121,08:30,Continuing Claims @ 08:30+ISM Services Index @ 10:00+Trade Balance @ 08:30,1.3671337580794074,0.4692518727395428,2.1544595633801182,15.0
ZN,2021-01-07 17:01:00+00:00,2021-01-07,121,10:00,ISM Services Index @ 10:00,-2.0,0.4363144205055942,2.3147936667387885,15.0
ZN,2021-01-08 13:31:00+00:00,2021-01-08,1,08:30,Change in Manufact. Payrolls @ 08:30,-0.6971058188616642,0.42145970402633925,2.388670707166069,15.0
ZN,2021-01-08 14:31:00+00:00,2021-01-08,61,08:30,Change in Manufact. Payrolls @ 08:30,-1.012790982419454,0.46327260406515786,2.170490165212381,15.0
ZN,2021-01-13 13:31:00+00:00,2021-01-13,1,08:30,CPI Index NSA @ 08:30+MBA Mortgage Applications @ 07:00,0.39175118111156676,0.47975115245829814,2.123669438963282,15.0
ZN,2021-01-13 14:01:00+00:00,2021-01-13,31,08:30,CPI Index NSA @ 08:30+MBA Mortgage Applications @ 07:00,-1.3629179985764763,0.6301283166355494,1.6579503844243184,15.0
ZN,2021-01-13 15:01:00+00:00,2021-01-13,91,08:30,CPI Index NSA @ 08:30,1.188680483339811,0.5476001887522991,1.8389447643367116,15.0
ZN,2021-01-15 15:01:00+00:00,2021-01-15,1,10:00,Business Inventories @ 10:00+Empire Manufacturing @ 08:30+PPI Ex Food and Energy MoM @ 08:30+Retail Sales Advance MoM @ 08:30+U. of Mich. Sentiment @ 10:00,-0.6393356902021334,0.6115027176944224,1.6490770836074637,15.0
ZN,2021-01-15 16:01:00+00:00,2021-01-15,61,10:00,Business Inventories @ 10:00+U. of Mich. Sentiment @ 10:00,-1.1347663402476185,0.4304883074275367,2.3415287497086887,15.0
ZN,2021-01-15 16:31:00+00:00,2021-01-15,91,10:00,Business Inventories @ 10:00+U. of Mich. Sentiment @ 10:00,-1.3942739521500942,0.2774374803714419,3.616799625243218,15.0
ZN,2021-01-15 17:01:00+00:00,2021-01-15,121,10:00,Business Inventories @ 10:00+U. of Mich. Sentiment @ 10:00,-1.6273103486264644,0.5449158193475513,1.8501914556010974,15.0
ZN,2021-01-21 14:01:00+00:00,2021-01-21,31,08:30,Building Permits @ 08:30+Continuing Claims @ 08:30+Philadelphia Fed Business Outlook @ 08:30,-0.8807334211877076,0.515054234277137,1.9449287770205748,15.0
ZN,2021-01-21 15:01:00+00:00,2021-01-21,91,08:30,Building Permits @ 08:30+Continuing Claims @ 08:30+Philadelphia Fed Business Outlook @ 08:30,1.0609868246685012,0.48439849244136507,2.069717760424641,15.0
ZN,2021-01-21 15:31:00+00:00,2021-01-21,121,08:30,Building Permits @ 08:30+Continuing Claims @ 08:30+Philadelphia Fed Business Outlook @ 08:30,-1.9137392372327364,0.3334964773763864,3.006234237689165,15.0
ZN,2021-02-01 16:01:00+00:00,2021-02-01,61,10:00,ISM Manufacturing @ 10:00,-0.7027518157802031,0.6474504514689883,1.5709922547169284,15.0
ZN,2021-02-01 16:31:00+00:00,2021-02-01,91,10:00,ISM Manufacturing @ 10:00,2.0,0.4671371031179121,2.1462621995161335,15.0
ZN,2021-02-03 16:31:00+00:00,2021-02-03,91,10:00,ISM Services Index @ 10:00,0.9383534505569808,0.33744805387305643,2.96750346686418,15.0
ZN,2021-02-03 17:01:00+00:00,2021-02-03,121,10:00,ISM Services Index @ 10:00,-0.6927283881871424,0.5344546778069497,1.8774335799319635,15.0
ZN,2021-02-05 13:31:00+00:00,2021-02-05,1,08:30,Change in Manufact. Payrolls @ 08:30+Trade Balance @ 08:30,0.6245367637001592,0.38594103927600254,2.618402318648773,15.0
ZN,2021-02-05 14:01:00+00:00,2021-02-05,31,08:30,Change in Manufact. Payrolls @ 08:30+Trade Balance @ 08:30,0.8702983042071105,0.6581321077222982,1.5555361458744583,15.0
ZN,2021-02-05 15:31:00+00:00,2021-02-05,121,08:30,Change in Manufact. Payrolls @ 08:30+Trade Balance @ 08:30,-2.0,0.34060150916346454,2.9513882326125156,15.0
ZN,2021-02-10 14:31:00+00:00,2021-02-10,61,08:30,CPI Index NSA @ 08:30,-1.2516589004679803,0.5601682592946083,1.8094072402251704,15.0
ZN,2021-02-10 15:01:00+00:00,2021-02-10,91,08:30,CPI Index NSA @ 08:30+Wholesale Inventories MoM @ 10:00,1.5159786752039297,0.5060746656951944,1.9866044491565047,15.0
ZN,2021-02-17 15:31:00+00:00,2021-02-17,31,10:00,Business Inventories @ 10:00+NAHB Housing Market Index @ 10:00+PPI Ex Food and Energy MoM @ 08:30+Retail Sales Advance MoM @ 08:30,-1.4428769467392746,0.5970785349301418,1.709301723682616,15.0
ZN,2021-02-17 16:01:00+00:00,2021-02-17,61,10:00,Business Inventories @ 10:00+NAHB Housing Market Index @ 10:00,-1.0937164265793116,0.5971253363069379,1.6793456240369584,15.0
ZN,2021-02-17 20:01:00+00:00,2021-02-17,61,14:00,FOMC Meeting Minutes @ 14:00,-0.7185199976455399,0.2696854617470552,3.7682604656740155,15.0
ZN,2021-02-17 21:01:00+00:00,2021-02-17,121,14:00,FOMC Meeting Minutes @ 14:00,-1.2087606264368456,0.3259418255867717,3.1229744847984415,15.0
ZN,2021-02-18 13:31:00+00:00,2021-02-18,1,08:30,Building Permits @ 08:30+Continuing Claims @ 08:30+Import Price Index YoY @ 08:30+Philadelphia Fed Business Outlook @ 08:30,0.37793768812323414,0.5072676743491051,1.9831534124680914,15.0
ZN,2021-02-18 14:01:00+00:00,2021-02-18,31,08:30,Building Permits @ 08:30+Continuing Claims @ 08:30+Import Price Index YoY @ 08:30+Philadelphia Fed Business Outlook @ 08:30,0.5229316878403486,0.35224723580399486,2.8839034050050047,15.0
ZN,2021-03-01 16:31:00+00:00,2021-03-01,91,10:00,ISM Manufacturing @ 10:00,-0.9548690140021504,0.3193686854664449,3.146900553158569,15.0
ZN,2021-03-01 17:01:00+00:00,2021-03-01,121,10:00,ISM Manufacturing @ 10:00,-1.4386457711245535,0.2784229387847116,3.6037892123457214,15.0
ZN,2021-03-03 15:01:00+00:00,2021-03-03,1,10:00,ISM Services Index @ 10:00,-0.7468713226912476,0.4799883295971071,2.119127354158157,15.0
ZN,2021-03-03 15:31:00+00:00,2021-03-03,31,10:00,ISM Services Index @ 10:00,0.36408006744703864,0.38286619850252673,2.6186036348229775,15.0
ZN,2021-03-03 16:31:00+00:00,2021-03-03,91,10:00,ISM Services Index @ 10:00,0.7915486270852929,0.3199712859356897,3.1416402955242404,15.0
ZN,2021-03-05 14:01:00+00:00,2021-03-05,31,08:30,Change in Manufact. Payrolls @ 08:30+Trade Balance @ 08:30,1.3485723483102638,0.47002190431057106,2.194821215093924,15.0
ZN,2021-03-05 14:31:00+00:00,2021-03-05,61,08:30,Change in Manufact. Payrolls @ 08:30+Trade Balance @ 08:30,-0.46205109138032885,0.4193648228328588,2.405711619105725,15.0
ZN,2021-03-10 13:31:00+00:00,2021-03-10,1,08:30,CPI Index NSA @ 08:30+MBA Mortgage Applications @ 07:00,1.087802702538964,0.35570122672993293,2.973810841339096,15.0
ZN,2021-03-10 14:01:00+00:00,2021-03-10,31,08:30,CPI Index NSA @ 08:30+MBA Mortgage Applications @ 07:00,-1.0874038940970538,0.3912001040908616,2.667370482603328,15.0
ZN,2021-03-10 15:01:00+00:00,2021-03-10,91,08:30,CPI Index NSA @ 08:30,-0.2695870156091962,0.5166203041463345,1.9812456991646592,15.0
ZN,2021-03-16 12:31:00+00:00,2021-03-16,1,08:30,Import Price Index YoY @ 08:30+Retail Sales Advance MoM @ 08:30,-0.33690614509811523,0.35725849100405355,2.8148445710904646,15.0
ZN,2021-03-16 13:01:00+00:00,2021-03-16,31,08:30,Import Price Index YoY @ 08:30+Retail Sales Advance MoM @ 08:30,-1.8668784958609503,0.428897720388748,2.3360939600790127,15.0
ZN,2021-03-16 13:31:00+00:00,2021-03-16,61,08:30,Import Price Index YoY @ 08:30+Retail Sales Advance MoM @ 08:30,1.136560034511398,0.404260397712541,2.495728068829997,15.0
ZN,2021-03-16 14:31:00+00:00,2021-03-16,31,10:00,Business Inventories @ 10:00+Import Price Index YoY @ 08:30+NAHB Housing Market Index @ 10:00+Retail Sales Advance MoM @ 08:30,1.164268046684031,0.3728879110941144,2.6936810606362336,15.0
ZN,2021-03-16 15:31:00+00:00,2021-03-16,91,10:00,Business Inventories @ 10:00+NAHB Housing Market Index @ 10:00,0.8431782957606481,0.3309869740907929,3.0242357095970225,15.0
ZN,2021-03-16 16:01:00+00:00,2021-03-16,121,10:00,Business Inventories @ 10:00+NAHB Housing Market Index @ 10:00,1.141304711438542,0.3228069887601821,3.1067667601214266,15.0
ZN,2021-03-18 12:31:00+00:00,2021-03-18,1,08:30,Continuing Claims @ 08:30+Philadelphia Fed Business Outlook @ 08:30,0.9220919279024173,0.36963657615485945,2.7121831121619957,15.0
ZN,2021-03-18 13:31:00+00:00,2021-03-18,61,08:30,Continuing Claims @ 08:30+Philadelphia Fed Business Outlook @ 08:30,-1.2491956047437278,0.4287430321562809,2.373197049788244,15.0
ZN,2021-03-18 14:01:00+00:00,2021-03-18,91,08:30,Continuing Claims @ 08:30+Leading Index @ 10:00+Philadelphia Fed Business Outlook @ 08:30,1.9878375013534864,0.6415436703914624,1.5762570005756797,15.0
ZN,2021-03-18 14:31:00+00:00,2021-03-18,121,08:30,Continuing Claims @ 08:30+Leading Index @ 10:00+Philadelphia Fed Business Outlook @ 08:30,-2.0,0.29267176599748446,3.422346047441708,15.0
ZN,2021-04-01 14:31:00+00:00,2021-04-01,31,10:00,Continuing Claims @ 08:30+ISM Manufacturing @ 10:00,-1.434555053938498,0.6117590269701161,1.677544434242362,15.0
ZN,2021-04-01 16:01:00+00:00,2021-04-01,121,10:00,ISM Manufacturing @ 10:00,-1.0614620474824337,0.4795996818011687,2.0930851823433465,15.0
ZN,2021-04-05 14:01:00+00:00,2021-04-05,1,10:00,Durable Goods Orders @ 08:30+ISM Services Index @ 10:00,-1.622841095600072,0.4548535233284122,2.215664705497324,15.0
ZN,2021-04-05 14:31:00+00:00,2021-04-05,31,10:00,Durable Goods Orders @ 08:30+ISM Services Index @ 10:00,1.9720134263088023,0.4998937525126484,2.0177076691104427,15.0
ZN,2021-04-05 15:01:00+00:00,2021-04-05,61,10:00,Durable Goods Orders @ 08:30+ISM Services Index @ 10:00,1.6531416893979471,0.4867793350690367,2.0570657707544786,15.0
ZN,2021-04-05 15:31:00+00:00,2021-04-05,91,10:00,Durable Goods Orders @ 08:30+ISM Services Index @ 10:00,-0.8409155419840255,0.4493221831450565,2.2661262945587257,15.0
ZN,2021-04-05 16:01:00+00:00,2021-04-05,121,10:00,Durable Goods Orders @ 08:30+ISM Services Index @ 10:00,-1.4821134818179835,0.6111667008282706,1.6755720960536626,15.0
ZN,2021-04-07 18:31:00+00:00,2021-04-07,31,14:00,FOMC Meeting Minutes @ 14:00,0.3368767860052236,0.2577946869368363,3.9259402023482077,15.0
ZN,2021-04-07 20:01:00+00:00,2021-04-07,121,14:00,Consumer Credit @ 15:00+FOMC Meeting Minutes @ 14:00,-1.3667669970638698,0.23383598515369425,4.3320416097943415,15.0
ZN,2021-04-13 13:31:00+00:00,2021-04-13,61,08:30,CPI Index NSA @ 08:30,0.3551331330912685,0.3927766935864493,2.5542107541034147,15.0
ZN,2021-04-13 14:01:00+00:00,2021-04-13,91,08:30,CPI Index NSA @ 08:30,0.8344964935147292,0.5537572326856482,1.83624056301468,15.0
ZN,2021-04-15 14:01:00+00:00,2021-04-15,91,08:30,Business Inventories @ 10:00+Continuing Claims @ 08:30+Empire Manufacturing @ 08:30+NAHB Housing Market Index @ 10:00+Philadelphia Fed Business Outlook @ 08:30+Retail Sales Advance MoM @ 08:30,0.008121956417251441,0.34349861073716625,2.915186913041539,15.0
ZN,2021-04-15 15:31:00+00:00,2021-04-15,91,10:00,Business Inventories @ 10:00+NAHB Housing Market Index @ 10:00,0.9489917547302485,0.3471278328345389,2.8920009278836187,15.0
ZN,2021-05-03 14:31:00+00:00,2021-05-03,31,10:00,ISM Manufacturing @ 10:00,-1.2675434481161665,0.5531233929583125,1.8307311004492035,15.0
ZN,2021-05-03 15:01:00+00:00,2021-05-03,61,10:00,ISM Manufacturing @ 10:00,1.011942378722416,0.4920799777311618,2.0394016555754844,15.0
ZN,2021-05-03 16:01:00+00:00,2021-05-03,121,10:00,ISM Manufacturing @ 10:00,-1.3206593884595865,0.3395991200443972,2.958463021508517,15.0
ZN,2021-05-05 14:01:00+00:00,2021-05-05,1,10:00,ISM Services Index @ 10:00,1.1947772230193947,0.35758564699082873,2.8135360163165224,15.0
ZN,2021-05-05 15:01:00+00:00,2021-05-05,61,10:00,ISM Services Index @ 10:00,1.1568784984668143,0.5843835985786665,1.7219237721744935,15.0
ZN,2021-05-07 12:31:00+00:00,2021-05-07,1,08:30,Change in Manufact. Payrolls @ 08:30,0.6617292083539691,0.5378478868530888,1.951519990170387,15.0
ZN,2021-05-07 13:31:00+00:00,2021-05-07,61,08:30,Change in Manufact. Payrolls @ 08:30,-0.46690977975780373,0.3278421793777335,3.0832983449909515,15.0
ZN,2021-05-07 14:01:00+00:00,2021-05-07,1,10:00,Change in Manufact. Payrolls @ 08:30+Mortgage Delinquencies @ 10:00+Wholesale Inventories MoM @ 10:00,0.6910682788525715,0.6143357444311497,1.6461708637912578,15.0
ZN,2021-05-07 14:31:00+00:00,2021-05-07,31,10:00,Change in Manufact. Payrolls @ 08:30+Mortgage Delinquencies @ 10:00+Wholesale Inventories MoM @ 10:00,0.8228779788196203,0.3566131992619735,2.818580655247929,15.0
ZN,2021-05-12 12:31:00+00:00,2021-05-12,1,08:30,CPI Index NSA @ 08:30+MBA Mortgage Applications @ 07:00,0.364749198444023,0.4489467887654404,2.394803365810851,15.0
ZN,2021-05-12 13:31:00+00:00,2021-05-12,61,08:30,CPI Index NSA @ 08:30,-2.0,0.7591587497581895,1.3195846241181968,15.0
ZN,2021-05-12 14:01:00+00:00,2021-05-12,91,08:30,CPI Index NSA @ 08:30,1.7283605707237233,0.32653486603041054,3.074575082628056,15.0
ZN,2021-05-14 12:31:00+00:00,2021-05-14,1,08:30,Import Price Index YoY @ 08:30+Retail Sales Advance MoM @ 08:30,-0.43031154366516333,0.2612688729259913,3.845825837117874,15.0
ZN,2021-05-14 14:01:00+00:00,2021-05-14,91,08:30,Business Inventories @ 10:00+Import Price Index YoY @ 08:30+Retail Sales Advance MoM @ 08:30+U. of Mich. Sentiment @ 10:00,0.933927104773818,0.3469466081247319,2.8952929276093995,15.0
ZN,2021-05-14 14:31:00+00:00,2021-05-14,31,10:00,Business Inventories @ 10:00+Import Price Index YoY @ 08:30+Retail Sales Advance MoM @ 08:30+U. of Mich. Sentiment @ 10:00,-0.39830432706740065,0.4162026194715647,2.423118786069929,15.0
ZN,2021-05-14 16:01:00+00:00,2021-05-14,121,10:00,Business Inventories @ 10:00+U. of Mich. Sentiment @ 10:00,-1.10231305153703,0.7034875654447607,1.4403709251290313,15.0
ZN,2021-05-19 18:01:00+00:00,2021-05-19,1,14:00,FOMC Meeting Minutes @ 14:00,0.6015642628508805,0.2687951022945563,3.7469343525141126,15.0
ZN,2021-05-19 18:31:00+00:00,2021-05-19,31,14:00,FOMC Meeting Minutes @ 14:00,0.8149687023056259,0.36507236013080363,2.831405068124045,15.0
ZN,2021-05-20 13:31:00+00:00,2021-05-20,61,08:30,Continuing Claims @ 08:30+Philadelphia Fed Business Outlook @ 08:30,-0.7933664568896993,0.3713508763771284,2.7018242143687146,15.0
ZN,2021-05-20 14:01:00+00:00,2021-05-20,1,10:00,Continuing Claims @ 08:30+Leading Index @ 10:00+Philadelphia Fed Business Outlook @ 08:30,0.5676342255893927,0.7284282843496599,1.4007553446661751,15.0
ZN,2021-05-20 14:31:00+00:00,2021-05-20,121,08:30,Continuing Claims @ 08:30+Leading Index @ 10:00+Philadelphia Fed Business Outlook @ 08:30,-1.720509821071391,0.29495933934658386,3.405836461509628,15.0
ZN,2021-06-01 14:31:00+00:00,2021-06-01,1,10:30,Dallas Fed Manf. Activity @ 10:30+ISM Manufacturing @ 10:00,-2.0,0.3613021367778244,2.8671650599411986,15.0
ZN,2021-06-01 15:01:00+00:00,2021-06-01,31,10:30,Dallas Fed Manf. Activity @ 10:30+ISM Manufacturing @ 10:00,-0.30902154610511606,0.2737406340688457,3.81202521327202,15.0
ZN,2021-06-01 15:31:00+00:00,2021-06-01,61,10:30,Dallas Fed Manf. Activity @ 10:30+ISM Manufacturing @ 10:00,0.7736399191421819,0.3013316522012362,3.412806868630809,15.0
ZN,2021-06-01 16:01:00+00:00,2021-06-01,91,10:30,Dallas Fed Manf. Activity @ 10:30+ISM Manufacturing @ 10:00,-2.0,0.4366154034607945,2.590708164711274,15.0
ZN,2021-06-03 14:01:00+00:00,2021-06-03,91,08:30,Continuing Claims @ 08:30+ISM Services Index @ 10:00+Nonfarm Productivity @ 08:30,1.1903981136079251,0.3384069317799078,2.9694932594460197,15.0
ZN,2021-06-03 16:01:00+00:00,2021-06-03,121,10:00,ISM Services Index @ 10:00,-1.3043512362005034,0.38759362609698883,2.637282580868396,15.0
ZN,2021-06-04 12:31:00+00:00,2021-06-04,1,08:30,Change in Manufact. Payrolls @ 08:30,-0.4325776922056889,0.4647591140419936,2.184892112506741,15.0
ZN,2021-06-04 13:01:00+00:00,2021-06-04,31,08:30,Change in Manufact. Payrolls @ 08:30,-1.392143268015376,0.560014069254384,1.886144443510545,15.0
ZN,2021-06-04 13:31:00+00:00,2021-06-04,61,08:30,Change in Manufact. Payrolls @ 08:30,1.0967107616923557,0.38152089368583914,2.627318693625713,15.0
ZN,2021-06-04 14:31:00+00:00,2021-06-04,121,08:30,Change in Manufact. Payrolls @ 08:30+Durable Goods Orders @ 08:30,-0.34466941243777066,0.2812753722655845,3.575499940223061,15.0
ZN,2021-06-10 12:31:00+00:00,2021-06-10,1,08:30,CPI Index NSA @ 08:30+Continuing Claims @ 08:30,0.7711745523933184,0.4539924373289135,2.250616925356033,15.0
ZN,2021-06-10 13:31:00+00:00,2021-06-10,61,08:30,CPI Index NSA @ 08:30+Continuing Claims @ 08:30,0.9757371902846982,0.35656305388607934,2.806882099516865,15.0
ZN,2021-06-10 14:31:00+00:00,2021-06-10,121,08:30,CPI Index NSA @ 08:30+Continuing Claims @ 08:30,-0.7149480428935064,0.40412607490394103,2.489556553724719,15.0
ZN,2021-06-15 13:01:00+00:00,2021-06-15,31,08:30,Empire Manufacturing @ 08:30+PPI Ex Food and Energy MoM @ 08:30+Retail Sales Advance MoM @ 08:30,1.4137226953170972,0.31102272527870767,3.255691851958227,15.0
ZN,2021-06-15 13:31:00+00:00,2021-06-15,61,08:30,Empire Manufacturing @ 08:30+PPI Ex Food and Energy MoM @ 08:30+Retail Sales Advance MoM @ 08:30,0.6412955312497696,0.33019057256907086,3.0605121870799095,15.0
ZN,2021-06-15 14:31:00+00:00,2021-06-15,31,10:00,Business Inventories @ 10:00+Empire Manufacturing @ 08:30+NAHB Housing Market Index @ 10:00+PPI Ex Food and Energy MoM @ 08:30+Retail Sales Advance MoM @ 08:30,1.519775995058827,0.4064931701122515,2.485788667656231,15.0
ZN,2021-06-15 16:01:00+00:00,2021-06-15,121,10:00,Business Inventories @ 10:00+NAHB Housing Market Index @ 10:00,-2.0,0.3120981020089753,3.2410806160724857,15.0
ZN,2021-06-17 13:31:00+00:00,2021-06-17,61,08:30,Continuing Claims @ 08:30+Philadelphia Fed Business Outlook @ 08:30,-0.44724686684134085,0.35979698689318745,2.783856408084559,15.0
ZN,2021-06-17 14:01:00+00:00,2021-06-17,91,08:30,Continuing Claims @ 08:30+Leading Index @ 10:00+Philadelphia Fed Business Outlook @ 08:30,1.1624312656650924,0.4607422672926688,2.1993062176482114,15.0
ZN,2021-07-01 14:01:00+00:00,2021-07-01,1,10:00,Continuing Claims @ 08:30+ISM Manufacturing @ 10:00,2.0,0.32172430472640723,3.1406076990219765,15.0
ZN,2021-07-01 14:31:00+00:00,2021-07-01,31,10:00,Continuing Claims @ 08:30+ISM Manufacturing @ 10:00,0.3426334667237801,0.4950169104335328,2.0272786765898507,15.0
ZN,2021-07-02 12:31:00+00:00,2021-07-02,1,08:30,Change in Manufact. Payrolls @ 08:30+Trade Balance @ 08:30,1.442559051973548,0.24842737096795714,4.055136970779466,15.0
ZN,2021-07-02 13:01:00+00:00,2021-07-02,31,08:30,Change in Manufact. Payrolls @ 08:30+Trade Balance @ 08:30,-0.8309228885279945,0.43701034560753865,2.3455528415446927,15.0
ZN,2021-07-02 13:31:00+00:00,2021-07-02,61,08:30,Change in Manufact. Payrolls @ 08:30+Trade Balance @ 08:30,-2.0,0.6296952053879304,1.5917313495899454,15.0
ZN,2021-07-02 14:01:00+00:00,2021-07-02,91,08:30,Change in Manufact. Payrolls @ 08:30+Durable Goods Orders @ 08:30+Trade Balance @ 08:30,1.0942064554676167,0.32896553417884566,3.0619937949016633,15.0
ZN,2021-07-02 14:31:00+00:00,2021-07-02,121,08:30,Change in Manufact. Payrolls @ 08:30+Durable Goods Orders @ 08:30+Trade Balance @ 08:30,-2.0,0.33237752819654187,3.013692166647996,15.0
ZN,2021-07-06 14:31:00+00:00,2021-07-06,31,10:00,ISM Services Index @ 10:00,-0.8752595831384768,0.4435895951787702,2.2730093081532554,15.0
ZN,2021-07-06 15:01:00+00:00,2021-07-06,61,10:00,ISM Services Index @ 10:00,-0.4023993153798758,0.5655750941891189,1.7928640121723736,15.0
ZN,2021-07-06 15:31:00+00:00,2021-07-06,91,10:00,ISM Services Index @ 10:00,-1.0418005315282002,0.2707842488117597,3.7276038864248457,15.0
ZN,2021-07-06 16:01:00+00:00,2021-07-06,121,10:00,ISM Services Index @ 10:00,-1.20632720497734,0.5324147230465683,1.8997699896217362,15.0
ZN,2021-07-07 19:01:00+00:00,2021-07-07,61,14:00,FOMC Meeting Minutes @ 14:00,-1.4271165168579787,0.276019404578392,3.7372257141906737,15.0
ZN,2021-07-13 13:31:00+00:00,2021-07-13,61,08:30,CPI Index NSA @ 08:30,1.3104450248318162,0.6615902589581131,1.525852739046351,15.0
ZN,2021-07-13 14:01:00+00:00,2021-07-13,91,08:30,CPI Index NSA @ 08:30,1.602745353986675,0.343835638159711,2.936679590158196,15.0
ZN,2021-07-13 14:31:00+00:00,2021-07-13,121,08:30,CPI Index NSA @ 08:30,1.5336055681722849,0.37248354585111676,2.7121873687322733,15.0
ZN,2021-07-15 14:01:00+00:00,2021-07-15,91,08:30,Continuing Claims @ 08:30+Empire Manufacturing @ 08:30+Import Price Index YoY @ 08:30+Philadelphia Fed Business Outlook @ 08:30,1.0438835553077297,0.3946671568150967,2.555082159777585,15.0
ZN,2021-07-16 12:31:00+00:00,2021-07-16,1,08:30,Retail Sales Advance MoM @ 08:30,-0.8193320912062864,0.35022479838517595,2.8822065272512387,15.0
ZN,2021-07-16 13:01:00+00:00,2021-07-16,31,08:30,Retail Sales Advance MoM @ 08:30,0.8677142107446527,0.524142205533112,1.9252294036754187,15.0
ZN,2021-07-16 13:31:00+00:00,2021-07-16,61,08:30,Retail Sales Advance MoM @ 08:30,0.7674884089549598,0.4002906581365509,2.508806644810314,15.0
ZN,2021-07-16 14:01:00+00:00,2021-07-16,91,08:30,Business Inventories @ 10:00+Retail Sales Advance MoM @ 08:30+U. of Mich. Sentiment @ 10:00,0.9698720597574675,0.47822558110362645,2.111324606124292,15.0
ZN,2021-07-16 14:31:00+00:00,2021-07-16,31,10:00,Business Inventories @ 10:00+Retail Sales Advance MoM @ 08:30+U. of Mich. Sentiment @ 10:00,1.2674134636178125,0.8088071866242301,1.3065851445714838,15.0
ZN,2021-07-16 15:01:00+00:00,2021-07-16,61,10:00,Business Inventories @ 10:00+U. of Mich. Sentiment @ 10:00,-0.6920628817653472,0.7485640454858746,1.37201817572317,15.0
ZN,2021-07-16 16:01:00+00:00,2021-07-16,121,10:00,Business Inventories @ 10:00+U. of Mich. Sentiment @ 10:00,-0.9305473656236484,0.7067814112368348,1.4234426473530175,15.0
ZN,2021-08-02 16:01:00+00:00,2021-08-02,121,10:00,ISM Manufacturing @ 10:00,-0.8581394919954816,0.7589755863107581,1.33225304679045,15.0
ZN,2021-08-04 14:01:00+00:00,2021-08-04,1,10:00,ISM Services Index @ 10:00,-0.893239952766906,0.49036433736837154,2.1308039263559246,15.0
ZN,2021-08-04 14:31:00+00:00,2021-08-04,31,10:00,ISM Services Index @ 10:00,0.36564556487871636,0.7426915685685802,1.379884186152838,15.0
ZN,2021-08-04 15:01:00+00:00,2021-08-04,61,10:00,ISM Services Index @ 10:00,-0.28341417281974995,0.3814828255261614,2.6551494019587256,15.0
ZN,2021-08-04 15:31:00+00:00,2021-08-04,91,10:00,ISM Services Index @ 10:00,1.3052721848251152,0.43431350709859046,2.3222085969860182,15.0
ZN,2021-08-04 16:01:00+00:00,2021-08-04,121,10:00,ISM Services Index @ 10:00,-1.2330487913901091,0.699085501166651,1.4425604658729168,15.0
ZN,2021-08-06 12:31:00+00:00,2021-08-06,1,08:30,Change in Manufact. Payrolls @ 08:30,-0.7514077366705615,0.6720989891669977,1.551274663966532,15.0
ZN,2021-08-06 13:31:00+00:00,2021-08-06,61,08:30,Change in Manufact. Payrolls @ 08:30,-0.7234978965552142,0.36978990730848504,2.730680910580561,15.0
ZN,2021-08-06 14:31:00+00:00,2021-08-06,121,08:30,Change in Manufact. Payrolls @ 08:30+Wholesale Inventories MoM @ 10:00,2.0,0.3635245231904095,2.7599726147609163,15.0
ZN,2021-08-11 12:31:00+00:00,2021-08-11,91,07:00,CPI Index NSA @ 08:30+MBA Mortgage Applications @ 07:00,-0.3646918047650666,0.37315366283699725,2.810309640261219,15.0
ZN,2021-08-11 13:31:00+00:00,2021-08-11,61,08:30,CPI Index NSA @ 08:30,0.8746876691397699,0.41762653270659655,2.4023795987401453,15.0
ZN,2021-08-11 14:01:00+00:00,2021-08-11,91,08:30,CPI Index NSA @ 08:30,-0.6541712854040115,0.7508706475426545,1.3517842144078542,15.0
ZN,2021-08-17 14:01:00+00:00,2021-08-17,1,10:00,Business Inventories @ 10:00+NAHB Housing Market Index @ 10:00+Retail Sales Advance MoM @ 08:30,-0.29884015426922717,0.3285363079726083,3.0523445760784402,15.0
ZN,2021-08-17 14:31:00+00:00,2021-08-17,31,10:00,Business Inventories @ 10:00+NAHB Housing Market Index @ 10:00+Retail Sales Advance MoM @ 08:30,-1.4614317825871486,0.4046226336623066,2.5019135625538396,15.0
ZN,2021-08-17 16:01:00+00:00,2021-08-17,121,10:00,Business Inventories @ 10:00+NAHB Housing Market Index @ 10:00,1.3974555538066473,0.45707720010634767,2.2044954265511882,15.0
ZN,2021-08-18 18:31:00+00:00,2021-08-18,31,14:00,FOMC Meeting Minutes @ 14:00,0.6892937959458046,0.2758814675129623,3.6678725300583372,15.0
ZN,2021-08-18 20:01:00+00:00,2021-08-18,121,14:00,FOMC Meeting Minutes @ 14:00,-1.5723733632758554,0.2866749315068913,3.5371425243534134,15.0
ZN,2021-08-19 12:31:00+00:00,2021-08-19,1,08:30,Continuing Claims @ 08:30+Philadelphia Fed Business Outlook @ 08:30,-0.8135433642557821,0.44436763363998705,2.299436319749102,15.0
ZN,2021-08-19 13:31:00+00:00,2021-08-19,61,08:30,Continuing Claims @ 08:30+Philadelphia Fed Business Outlook @ 08:30,-0.5351123017942134,0.5016566677344543,2.0219038113204344,15.0
ZN,2021-08-19 14:01:00+00:00,2021-08-19,91,08:30,Continuing Claims @ 08:30+Leading Index @ 10:00+Mortgage Delinquencies @ 10:00+Philadelphia Fed Business Outlook @ 08:30,0.8291548848948932,0.40204811542918173,2.5071904917742884,15.0
ZN,2021-09-01 14:01:00+00:00,2021-09-01,1,10:00,ISM Manufacturing @ 10:00,-0.6534323354052233,0.6210307278982521,1.6309875746298705,15.0
ZN,2021-09-01 16:01:00+00:00,2021-09-01,121,10:00,ISM Manufacturing @ 10:00,-1.4577058449831417,0.4151137956316837,2.4265343541286244,15.0
ZN,2021-09-03 12:31:00+00:00,2021-09-03,1,08:30,Change in Manufact. Payrolls @ 08:30,-0.36591374683356126,0.5946922212827043,1.7895622264206772,15.0
ZN,2021-09-03 13:31:00+00:00,2021-09-03,61,08:30,Change in Manufact. Payrolls @ 08:30,2.0,0.3171810921868004,3.1773054422605105,15.0
ZN,2021-09-03 14:01:00+00:00,2021-09-03,1,10:00,Change in Manufact. Payrolls @ 08:30+ISM Services Index @ 10:00,1.546915931295703,0.34264336439836307,2.954005038747233,15.0
ZN,2021-09-03 15:01:00+00:00,2021-09-03,61,10:00,ISM Services Index @ 10:00,-0.9162384819058939,0.33518407851155724,2.9970890938054433,15.0
ZN,2021-09-14 12:31:00+00:00,2021-09-14,1,08:30,CPI Index NSA @ 08:30,-0.6880855695837129,0.3950742846344339,2.5873684592171964,15.0
ZN,2021-09-14 13:01:00+00:00,2021-09-14,31,08:30,CPI Index NSA @ 08:30,-0.683718658505182,0.48435047513308543,2.0676307916411902,15.0
ZN,2021-09-14 13:31:00+00:00,2021-09-14,61,08:30,CPI Index NSA @ 08:30,-0.8394521859752705,0.6672339500417676,1.5176198236190943,15.0
ZN,2021-09-16 12:31:00+00:00,2021-09-16,1,08:30,Continuing Claims @ 08:30+Philadelphia Fed Business Outlook @ 08:30+Retail Sales Advance MoM @ 08:30,-0.7721902734430929,0.5385074685263822,1.9769154323564324,15.0
ZN,2021-09-16 13:31:00+00:00,2021-09-16,61,08:30,Continuing Claims @ 08:30+Philadelphia Fed Business Outlook @ 08:30+Retail Sales Advance MoM @ 08:30,0.7074459934641308,0.3793908550525063,2.6412073312853144,15.0
ZN,2021-09-16 14:01:00+00:00,2021-09-16,91,08:30,Business Inventories @ 10:00+Continuing Claims @ 08:30+Philadelphia Fed Business Outlook @ 08:30+Retail Sales Advance MoM @ 08:30,0.6407885860755399,0.3961325927685709,2.5456039889975193,15.0
ZN,2021-09-16 14:31:00+00:00,2021-09-16,121,08:30,Business Inventories @ 10:00+Continuing Claims @ 08:30+Philadelphia Fed Business Outlook @ 08:30+Retail Sales Advance MoM @ 08:30,1.8142708271260881,0.5724039277512635,1.7598197733510328,15.0
ZN,2021-09-16 15:31:00+00:00,2021-09-16,91,10:00,Business Inventories @ 10:00,-0.7333190812038058,0.498392559671473,2.0300837631104223,15.0
ZN,2021-09-16 16:01:00+00:00,2021-09-16,121,10:00,Business Inventories @ 10:00,-2.0,0.26582400754858615,3.7679253642251544,15.0
ZN,2021-10-01 14:31:00+00:00,2021-10-01,31,10:00,Core PCE Price Index MoM @ 08:30+ISM Manufacturing @ 10:00+U. of Mich. Sentiment @ 10:00,1.0930031878056257,0.5613381888587925,1.7979592874259616,15.0
ZN,2021-10-01 15:01:00+00:00,2021-10-01,61,10:00,ISM Manufacturing @ 10:00+U. of Mich. Sentiment @ 10:00,1.3459955005882664,0.3327360881889144,3.0129110592024357,15.0
ZN,2021-10-01 16:01:00+00:00,2021-10-01,121,10:00,ISM Manufacturing @ 10:00+U. of Mich. Sentiment @ 10:00,-1.6048597440056063,0.6780956864364862,1.484091520210984,15.0
ZN,2021-10-05 14:01:00+00:00,2021-10-05,91,08:30,ISM Services Index @ 10:00+Trade Balance @ 08:30,-0.6249876935140571,0.5796329615153213,1.7470482438224582,15.0
ZN,2021-10-05 14:31:00+00:00,2021-10-05,121,08:30,ISM Services Index @ 10:00+Trade Balance @ 08:30,1.5308246556819534,0.31951183574668673,3.1491459057476643,15.0
ZN,2021-10-05 15:01:00+00:00,2021-10-05,61,10:00,ISM Services Index @ 10:00,-0.6438130228622542,0.4148112881665137,2.4260306407271885,15.0
ZN,2021-10-05 16:01:00+00:00,2021-10-05,121,10:00,ISM Services Index @ 10:00,0.8264431418677091,0.367850010563905,2.8131448531772083,15.0
ZN,2021-10-08 12:31:00+00:00,2021-10-08,1,08:30,Change in Manufact. Payrolls @ 08:30,-1.108728033472902,0.2517615289872667,3.9734716453908505,15.0
ZN,2021-10-08 13:01:00+00:00,2021-10-08,31,08:30,Change in Manufact. Payrolls @ 08:30,-1.1074868832243996,0.3412188669773696,2.9380980648118693,15.0
ZN,2021-10-08 14:01:00+00:00,2021-10-08,91,08:30,Change in Manufact. Payrolls @ 08:30+Wholesale Inventories MoM @ 10:00,-0.7936805506056117,0.4118436837965223,2.4407388548576727,15.0
ZN,2021-10-08 14:31:00+00:00,2021-10-08,121,08:30,Change in Manufact. Payrolls @ 08:30+Wholesale Inventories MoM @ 10:00,0.7907330623227128,0.3620430531029858,2.788516777197151,15.0
ZN,2021-10-13 13:01:00+00:00,2021-10-13,31,08:30,CPI Index NSA @ 08:30+MBA Mortgage Applications @ 07:00,1.7285860549800305,0.3748339183410025,2.8683862191179355,15.0
ZN,2021-10-13 14:01:00+00:00,2021-10-13,91,08:30,CPI Index NSA @ 08:30,0.9100220760882433,0.3635954920439702,2.7632331565422206,15.0
ZN,2021-10-13 18:01:00+00:00,2021-10-13,1,14:00,FOMC Meeting Minutes @ 14:00,-0.8036528940904649,0.26442623103411533,3.8796021433720433,15.0
ZN,2021-10-13 18:31:00+00:00,2021-10-13,31,14:00,FOMC Meeting Minutes @ 14:00,-0.6190808557109785,0.4053967529105144,2.633722512031897,15.0
ZN,2021-10-13 19:01:00+00:00,2021-10-13,61,14:00,FOMC Meeting Minutes @ 14:00,-1.0162419216415735,0.2540483111801568,3.9544705591157494,15.0
ZN,2021-10-13 19:31:00+00:00,2021-10-13,91,14:00,FOMC Meeting Minutes @ 14:00,1.3634609033462137,0.38455071366718707,2.6509762004404718,15.0
ZN,2021-10-15 13:01:00+00:00,2021-10-15,31,08:30,Empire Manufacturing @ 08:30+Import Price Index YoY @ 08:30+Retail Sales Advance MoM @ 08:30,-1.1454818118179213,0.4524487057101465,2.220581082179266,15.0
ZN,2021-10-15 14:31:00+00:00,2021-10-15,31,10:00,Business Inventories @ 10:00+Empire Manufacturing @ 08:30+Import Price Index YoY @ 08:30+Retail Sales Advance MoM @ 08:30+U. of Mich. Sentiment @ 10:00,0.505940503719413,0.3177434891110861,3.1535685590685034,15.0
ZN,2021-10-21 12:31:00+00:00,2021-10-21,1,08:30,Continuing Claims @ 08:30+Philadelphia Fed Business Outlook @ 08:30,-0.4124802438557255,0.43815956531660016,2.2877330308184303,15.0
ZN,2021-10-21 13:01:00+00:00,2021-10-21,31,08:30,Continuing Claims @ 08:30+Philadelphia Fed Business Outlook @ 08:30,-0.7306539107554997,0.38748318987576774,2.6051111552569166,15.0
ZN,2021-10-21 13:31:00+00:00,2021-10-21,61,08:30,Continuing Claims @ 08:30+Philadelphia Fed Business Outlook @ 08:30,0.9705115644311141,0.27542953332760034,3.641887184702225,15.0
ZN,2021-11-03 16:01:00+00:00,2021-11-03,121,10:00,Durable Goods Orders @ 08:30+ISM Services Index @ 10:00,-2.0,0.28744098066748336,3.489982272502502,15.0
ZN,2021-11-05 12:31:00+00:00,2021-11-05,1,08:30,Change in Manufact. Payrolls @ 08:30,-0.6532040763294208,0.4904014173738793,2.0642347662755864,15.0
ZN,2021-11-05 13:31:00+00:00,2021-11-05,61,08:30,Change in Manufact. Payrolls @ 08:30,0.6844354748367664,0.7893467408661466,1.3035323754190982,15.0
ZN,2021-11-10 13:31:00+00:00,2021-11-10,91,07:00,CPI Index NSA @ 08:30+Continuing Claims @ 08:30+MBA Mortgage Applications @ 07:00,0.8692078978325147,0.4636289388776717,2.4880350040005337,15.0
ZN,2021-11-10 14:31:00+00:00,2021-11-10,61,08:30,CPI Index NSA @ 08:30+Continuing Claims @ 08:30,-0.9605381559209727,0.40663220222456253,2.480223740255472,15.0
ZN,2021-11-16 13:31:00+00:00,2021-11-16,1,08:30,Import Price Index YoY @ 08:30+Retail Sales Advance MoM @ 08:30,-0.6621968236015042,0.4902515690488333,2.088016260099788,15.0
ZN,2021-11-16 14:01:00+00:00,2021-11-16,31,08:30,Import Price Index YoY @ 08:30+Retail Sales Advance MoM @ 08:30,-2.0,0.44289405338070004,2.264146255582541,15.0
ZN,2021-11-16 14:31:00+00:00,2021-11-16,61,08:30,Import Price Index YoY @ 08:30+Retail Sales Advance MoM @ 08:30,-1.0383297676380754,0.4826187168452778,2.105363547534838,15.0
ZN,2021-11-16 15:01:00+00:00,2021-11-16,1,10:00,Business Inventories @ 10:00+Import Price Index YoY @ 08:30+NAHB Housing Market Index @ 10:00+Retail Sales Advance MoM @ 08:30,0.9959976756620572,0.35091647292043415,2.8761762388455203,15.0
ZN,2021-11-16 15:31:00+00:00,2021-11-16,121,08:30,Business Inventories @ 10:00+Import Price Index YoY @ 08:30+NAHB Housing Market Index @ 10:00+Retail Sales Advance MoM @ 08:30,-1.0589302495606563,0.8756121689533534,1.1589344110939868,15.0
ZN,2021-11-16 16:01:00+00:00,2021-11-16,61,10:00,Business Inventories @ 10:00+NAHB Housing Market Index @ 10:00,1.3496473369986495,0.44078460431497113,2.283242383927624,15.0
ZN,2021-11-18 14:31:00+00:00,2021-11-18,61,08:30,Continuing Claims @ 08:30+Philadelphia Fed Business Outlook @ 08:30,-0.5389149818215455,0.3825882396875374,2.625439870759001,15.0
ZN,2021-11-18 15:01:00+00:00,2021-11-18,91,08:30,Continuing Claims @ 08:30+Leading Index @ 10:00+Philadelphia Fed Business Outlook @ 08:30,1.1083300983629631,0.4593315570021462,2.199644683362091,15.0
ZN,2021-11-24 19:31:00+00:00,2021-11-24,31,14:00,FOMC Meeting Minutes @ 14:00,-0.3846193912958993,0.28800989821519407,3.520180471420008,15.0
ZN,2021-11-24 20:31:00+00:00,2021-11-24,91,14:00,FOMC Meeting Minutes @ 14:00,1.4549967555420131,0.3180103652364962,3.168479192859942,15.0
ZN,2021-12-01 16:31:00+00:00,2021-12-01,91,10:00,ISM Manufacturing @ 10:00,1.0196886382196293,0.4639119267219948,2.164643226021622,15.0
ZN,2021-12-01 17:01:00+00:00,2021-12-01,121,10:00,ISM Manufacturing @ 10:00,-1.9302883609964376,0.7518308515700731,1.3578651565540572,15.0
ZN,2021-12-03 14:31:00+00:00,2021-12-03,61,08:30,Change in Manufact. Payrolls @ 08:30,1.8675028961448779,0.3671788152653951,2.733453303185446,15.0
ZN,2021-12-03 15:01:00+00:00,2021-12-03,1,10:00,Change in Manufact. Payrolls @ 08:30+Durable Goods Orders @ 08:30+ISM Services Index @ 10:00,-0.30318287521960025,0.4671248368170569,2.1585049254979776,15.0
ZN,2021-12-03 17:01:00+00:00,2021-12-03,121,10:00,Durable Goods Orders @ 08:30+ISM Services Index @ 10:00,-1.0014853906263796,0.8602077191475934,1.1903586528341077,15.0
ZN,2021-12-10 13:31:00+00:00,2021-12-10,1,08:30,CPI Index NSA @ 08:30,-0.3785724168308132,0.38810394973046136,2.6304542162937956,15.0
ZN,2021-12-10 14:01:00+00:00,2021-12-10,31,08:30,CPI Index NSA @ 08:30,-0.7888665102952105,0.4286784458388562,2.3423312863392294,15.0
ZN,2021-12-15 13:31:00+00:00,2021-12-15,91,07:00,Empire Manufacturing @ 08:30+Import Price Index YoY @ 08:30+MBA Mortgage Applications @ 07:00+Retail Sales Advance MoM @ 08:30,-0.40901063622633116,0.3687789159836505,2.7476449190297467,15.0
ZN,2021-12-15 15:31:00+00:00,2021-12-15,31,10:00,Business Inventories @ 10:00+Empire Manufacturing @ 08:30+Import Price Index YoY @ 08:30+NAHB Housing Market Index @ 10:00+Retail Sales Advance MoM @ 08:30,-1.8321645932109776,0.5210536411507412,1.9308914761670266,15.0
ZN,2021-12-15 16:01:00+00:00,2021-12-15,61,10:00,Business Inventories @ 10:00+NAHB Housing Market Index @ 10:00,-0.7698991669228661,0.4223431300740676,2.3704787672471017,15.0
ZN,2021-12-15 16:31:00+00:00,2021-12-15,91,10:00,Business Inventories @ 10:00+NAHB Housing Market Index @ 10:00,0.8391202195015361,0.36441736474121517,2.747001007771259,15.0
ZN,2021-12-15 17:01:00+00:00,2021-12-15,121,10:00,Business Inventories @ 10:00+NAHB Housing Market Index @ 10:00,-2.0,0.4148764157467023,2.4291590861237036,15.0
ZN,2021-12-16 15:01:00+00:00,2021-12-16,91,08:30,Building Permits @ 08:30+Continuing Claims @ 08:30+Philadelphia Fed Business Outlook @ 08:30,1.5905678313200797,0.4308997411535413,2.3736527740298214,15.0
ZN,2022-01-03 15:01:00+00:00,2022-01-03,1,10:00,ISM Manufacturing @ 10:00,-1.0888104320272243,0.39463154606165673,2.5841613456365216,15.0
ZN,2022-01-03 16:01:00+00:00,2022-01-03,61,10:00,ISM Manufacturing @ 10:00,-0.8349781089029061,0.3699528548669524,2.7140293000246123,15.0
ZN,2022-01-03 17:01:00+00:00,2022-01-03,121,10:00,ISM Manufacturing @ 10:00,-1.105625435439212,0.4144736733208614,2.4261473544010523,15.0
ZN,2022-01-04 15:31:00+00:00,2022-01-04,31,10:00,ISM Manufacturing @ 10:00+JOLTS Job Openings @ 10:00,-1.219709667460993,0.3665975817550404,2.7426880918873517,15.0
ZN,2022-01-04 16:01:00+00:00,2022-01-04,61,10:00,ISM Manufacturing @ 10:00+JOLTS Job Openings @ 10:00,0.8907567452919409,0.4210196051359475,2.382024733994084,15.0
ZN,2022-01-04 16:31:00+00:00,2022-01-04,91,10:00,ISM Manufacturing @ 10:00+JOLTS Job Openings @ 10:00,-1.1498482678562036,0.3849007177026351,2.6167090536380773,15.0
ZN,2022-01-05 19:01:00+00:00,2022-01-05,1,14:00,FOMC Meeting Minutes @ 14:00,-1.0179494919677536,0.36910007725665417,2.84790137793868,15.0
ZN,2022-01-05 20:01:00+00:00,2022-01-05,61,14:00,FOMC Meeting Minutes @ 14:00,-1.01629007135158,0.39742355874865104,2.716450729739139,15.0
ZN,2022-01-06 15:31:00+00:00,2022-01-06,121,08:30,Continuing Claims @ 08:30+Durable Goods Orders @ 08:30+ISM Services Index @ 10:00+Trade Balance @ 08:30,0.7240529520550602,0.3188172434440233,3.1418906733802405,15.0
ZN,2022-01-06 16:31:00+00:00,2022-01-06,91,10:00,Durable Goods Orders @ 08:30+ISM Services Index @ 10:00,0.822954746147055,0.36714139211916796,2.7428246192936756,15.0
ZN,2022-01-07 14:01:00+00:00,2022-01-07,31,08:30,Change in Manufact. Payrolls @ 08:30,-0.8027313699586042,0.46510225305024516,2.1800071097803486,15.0
ZN,2022-01-07 15:01:00+00:00,2022-01-07,91,08:30,Change in Manufact. Payrolls @ 08:30,1.0192266819228828,0.6565543410219119,1.5282616514236296,15.0
ZN,2022-01-07 15:31:00+00:00,2022-01-07,121,08:30,Change in Manufact. Payrolls @ 08:30,0.9507665265162969,0.39732493289246157,2.5648158478692493,15.0
ZN,2022-01-12 13:31:00+00:00,2022-01-12,1,08:30,CPI Index NSA @ 08:30+MBA Mortgage Applications @ 07:00,-0.4644364302635202,0.39036256877116327,2.586222846142256,15.0
ZN,2022-01-12 14:31:00+00:00,2022-01-12,61,08:30,CPI Index NSA @ 08:30,0.36206383686729426,0.3767402888249104,2.66843524798791,15.0
ZN,2022-01-12 15:01:00+00:00,2022-01-12,91,08:30,CPI Index NSA @ 08:30,-0.783822215882598,0.760352201586432,1.3188555729089182,15.0
ZN,2022-01-14 13:31:00+00:00,2022-01-14,1,08:30,Import Price Index YoY @ 08:30+Retail Sales Advance MoM @ 08:30,-0.3948827966920036,0.5330525950739622,1.8829735100872584,15.0
ZN,2022-01-14 14:01:00+00:00,2022-01-14,31,08:30,Import Price Index YoY @ 08:30+Retail Sales Advance MoM @ 08:30,-2.0,0.5647043547467352,1.7842869227148217,15.0
ZN,2022-01-14 14:31:00+00:00,2022-01-14,61,08:30,Import Price Index YoY @ 08:30+Retail Sales Advance MoM @ 08:30,0.7103287440883668,0.6995334268055856,1.4367650964547476,15.0
ZN,2022-01-14 15:01:00+00:00,2022-01-14,1,10:00,Business Inventories @ 10:00+Import Price Index YoY @ 08:30+Retail Sales Advance MoM @ 08:30+U. of Mich. Sentiment @ 10:00,1.4467754795235648,0.334055379336865,3.0148809818443683,15.0
ZN,2022-01-14 15:31:00+00:00,2022-01-14,31,10:00,Business Inventories @ 10:00+Import Price Index YoY @ 08:30+Retail Sales Advance MoM @ 08:30+U. of Mich. Sentiment @ 10:00,0.8725040784559085,0.36179974010469274,2.797397428325225,15.0
ZN,2022-01-14 16:31:00+00:00,2022-01-14,91,10:00,Business Inventories @ 10:00+U. of Mich. Sentiment @ 10:00,1.0035883276749293,0.37742040008137384,2.677070316506171,15.0
ZN,2022-01-14 17:01:00+00:00,2022-01-14,121,10:00,Business Inventories @ 10:00+U. of Mich. Sentiment @ 10:00,1.9811185732503283,0.48068562793465675,2.08901226960438,15.0
ZN,2022-01-20 14:01:00+00:00,2022-01-20,31,08:30,Continuing Claims @ 08:30+Philadelphia Fed Business Outlook @ 08:30,-0.6991651833328606,0.3749917036117764,2.675660778796902,15.0
ZN,2022-01-20 14:31:00+00:00,2022-01-20,61,08:30,Continuing Claims @ 08:30+Philadelphia Fed Business Outlook @ 08:30,-0.757751437503541,0.339967180006298,2.9450174383128305,15.0
ZN,2022-02-03 15:01:00+00:00,2022-02-03,1,10:00,Continuing Claims @ 08:30+Durable Goods Orders @ 08:30+ISM Services Index @ 10:00+Nonfarm Productivity @ 08:30,-0.9009777161376054,0.3904867460895961,2.570452208164467,15.0
ZN,2022-02-03 15:31:00+00:00,2022-02-03,31,10:00,Continuing Claims @ 08:30+Durable Goods Orders @ 08:30+ISM Services Index @ 10:00+Nonfarm Productivity @ 08:30,0.814983832731056,0.491453875543196,2.03927157290265,15.0
ZN,2022-02-04 13:31:00+00:00,2022-02-04,1,08:30,Change in Manufact. Payrolls @ 08:30,-0.8505372561023717,0.7564369915137121,1.4685637210940472,15.0
ZN,2022-02-04 14:31:00+00:00,2022-02-04,61,08:30,Change in Manufact. Payrolls @ 08:30,-0.7009088067211279,0.43858095439390926,2.354913560942848,15.0
ZN,2022-02-10 13:31:00+00:00,2022-02-10,1,08:30,CPI Index NSA @ 08:30+Continuing Claims @ 08:30,-0.4159056657967927,0.5959797483200261,1.7042102025633206,15.0
ZN,2022-02-10 14:01:00+00:00,2022-02-10,31,08:30,CPI Index NSA @ 08:30+Continuing Claims @ 08:30,1.4576191204102895,0.5157298670231174,1.9714125415823696,15.0
ZN,2022-02-10 14:31:00+00:00,2022-02-10,61,08:30,CPI Index NSA @ 08:30+Continuing Claims @ 08:30,-0.4349772690464561,0.38354585309719613,2.614041025145985,15.0
ZN,2022-02-10 15:01:00+00:00,2022-02-10,91,08:30,CPI Index NSA @ 08:30+Continuing Claims @ 08:30,1.0267019190430773,0.4160224955986195,2.412074306212796,15.0
ZN,2022-02-16 13:31:00+00:00,2022-02-16,1,08:30,Import Price Index YoY @ 08:30+MBA Mortgage Applications @ 07:00+Retail Sales Advance MoM @ 08:30,-0.7409917189393577,0.5011006138127686,2.0519807905141154,15.0
ZN,2022-02-16 14:31:00+00:00,2022-02-16,61,08:30,Import Price Index YoY @ 08:30+Retail Sales Advance MoM @ 08:30,-0.4322858465533968,0.5328442514302153,1.8988066736721163,15.0
ZN,2022-02-16 15:31:00+00:00,2022-02-16,121,08:30,Business Inventories @ 10:00+Import Price Index YoY @ 08:30+NAHB Housing Market Index @ 10:00+Retail Sales Advance MoM @ 08:30,-0.63762850333907,0.3060641085211909,3.2789205774826353,15.0
ZN,2022-02-16 16:31:00+00:00,2022-02-16,91,10:00,Business Inventories @ 10:00+NAHB Housing Market Index @ 10:00,1.3913979282256652,0.4089905627537474,2.453451083182647,15.0
ZN,2022-02-16 19:01:00+00:00,2022-02-16,1,14:00,FOMC Meeting Minutes @ 14:00,-0.8599191311429076,0.42028610100394953,2.482253976206277,15.0
ZN,2022-02-16 19:31:00+00:00,2022-02-16,31,14:00,FOMC Meeting Minutes @ 14:00,-0.40612741869073,0.3639696275349918,2.807994455683856,15.0
ZN,2022-02-16 20:31:00+00:00,2022-02-16,91,14:00,FOMC Meeting Minutes @ 14:00,1.5296234550635357,0.4117864678462326,2.5623365070545217,15.0
ZN,2022-02-17 13:31:00+00:00,2022-02-17,1,08:30,Building Permits @ 08:30+Continuing Claims @ 08:30+Philadelphia Fed Business Outlook @ 08:30,1.2762406019817425,0.32259664723735093,3.1055292833878254,15.0
ZN,2022-02-17 15:01:00+00:00,2022-02-17,91,08:30,Building Permits @ 08:30+Continuing Claims @ 08:30+Philadelphia Fed Business Outlook @ 08:30,0.6742530187837565,0.835133682265298,1.2078563571729704,15.0
ZN,2022-03-01 15:01:00+00:00,2022-03-01,1,10:00,ISM Manufacturing @ 10:00,-1.668523902669221,0.3705441651445873,2.7254769931218656,15.0
ZN,2022-03-01 15:31:00+00:00,2022-03-01,31,10:00,ISM Manufacturing @ 10:00,0.6899117869372545,0.4724198855656306,2.1515859453478923,15.0
ZN,2022-03-01 16:01:00+00:00,2022-03-01,61,10:00,ISM Manufacturing @ 10:00,0.5975051656543534,0.5069903900666999,2.0287029880425265,15.0
ZN,2022-03-01 16:31:00+00:00,2022-03-01,91,10:00,ISM Manufacturing @ 10:00,2.0,0.5936309037766949,1.695409417044388,15.0
ZN,2022-03-03 15:01:00+00:00,2022-03-03,1,10:00,Continuing Claims @ 08:30+Durable Goods Orders @ 08:30+ISM Services Index @ 10:00+Nonfarm Productivity @ 08:30,1.0063976459023767,0.44692900052411966,2.269998018331296,15.0
ZN,2022-03-03 16:01:00+00:00,2022-03-03,61,10:00,Durable Goods Orders @ 08:30+ISM Services Index @ 10:00,-0.33601969768532364,0.3459615183484045,2.9252002720911707,15.0
ZN,2022-03-03 16:31:00+00:00,2022-03-03,91,10:00,Durable Goods Orders @ 08:30+ISM Services Index @ 10:00,0.43066888779300877,0.6087078627117544,1.6803769628258287,15.0
ZN,2022-03-04 13:31:00+00:00,2022-03-04,1,08:30,Change in Manufact. Payrolls @ 08:30,-0.9396848992659125,0.41909876798887186,2.4371646457644442,15.0
ZN,2022-03-04 15:01:00+00:00,2022-03-04,91,08:30,Change in Manufact. Payrolls @ 08:30,-0.7861089680730688,0.46965502555791383,2.1369253175206864,15.0
ZN,2022-03-04 15:31:00+00:00,2022-03-04,121,08:30,Change in Manufact. Payrolls @ 08:30,-1.3483130572947555,0.4787014690375252,2.1343824012621764,15.0
ZN,2022-03-10 13:31:00+00:00,2022-03-10,1,08:30,CPI Index NSA @ 08:30+Continuing Claims @ 08:30,0.9684252093533386,0.3221594294394199,3.1263615045914164,15.0
ZN,2022-03-10 14:01:00+00:00,2022-03-10,31,08:30,CPI Index NSA @ 08:30+Continuing Claims @ 08:30,0.45315673634465864,0.6895263840772685,1.4863814289942858,15.0
ZN,2022-03-10 14:31:00+00:00,2022-03-10,61,08:30,CPI Index NSA @ 08:30+Continuing Claims @ 08:30,0.7042606671367502,0.31866310528431663,3.1600931203784075,15.0
ZN,2022-03-10 15:01:00+00:00,2022-03-10,91,08:30,CPI Index NSA @ 08:30+Continuing Claims @ 08:30,-0.5944280271109882,0.5074085891759458,1.9749112509658484,15.0
ZN,2022-03-10 15:31:00+00:00,2022-03-10,121,08:30,CPI Index NSA @ 08:30+Continuing Claims @ 08:30,-0.5861053185983807,0.34590964833618176,2.911450181076324,15.0
ZN,2022-03-16 13:31:00+00:00,2022-03-16,61,08:30,Import Price Index YoY @ 08:30+Retail Sales Advance MoM @ 08:30,1.4003988808482752,0.6561695922774002,1.534128810640044,15.0
ZN,2022-03-16 14:01:00+00:00,2022-03-16,1,10:00,Business Inventories @ 10:00+Import Price Index YoY @ 08:30+NAHB Housing Market Index @ 10:00+Retail Sales Advance MoM @ 08:30,0.6947400153998071,0.7611393352500138,1.3395086296679377,15.0
ZN,2022-03-16 14:31:00+00:00,2022-03-16,31,10:00,Business Inventories @ 10:00+Import Price Index YoY @ 08:30+NAHB Housing Market Index @ 10:00+Retail Sales Advance MoM @ 08:30,0.010579090457352364,0.5143657183901663,1.9731969961461304,15.0
ZN,2022-03-16 15:01:00+00:00,2022-03-16,61,10:00,Business Inventories @ 10:00+NAHB Housing Market Index @ 10:00,-1.1650449013304054,0.31985887890318343,3.133846154313558,15.0
ZN,2022-03-16 15:31:00+00:00,2022-03-16,91,10:00,Business Inventories @ 10:00+NAHB Housing Market Index @ 10:00,-1.3012483819314178,0.29099686959712684,3.4440318677878987,15.0
ZN,2022-03-17 13:31:00+00:00,2022-03-17,61,08:30,Building Permits @ 08:30+Continuing Claims @ 08:30+Philadelphia Fed Business Outlook @ 08:30,-0.4780541820379249,0.42181312006345245,2.3865191454395873,15.0
ZN,2022-03-17 14:01:00+00:00,2022-03-17,91,08:30,Building Permits @ 08:30+Continuing Claims @ 08:30+Philadelphia Fed Business Outlook @ 08:30,-0.7071464580406549,0.4246502488237047,2.379640349725697,15.0
ZN,2022-04-01 12:31:00+00:00,2022-04-01,1,08:30,Change in Manufact. Payrolls @ 08:30,-0.6562506654767314,0.4264341860237086,2.3719069020605694,15.0
ZN,2022-04-01 13:31:00+00:00,2022-04-01,61,08:30,Change in Manufact. Payrolls @ 08:30,-2.0,0.45981038832046806,2.194571400141567,15.0
ZN,2022-04-01 14:01:00+00:00,2022-04-01,91,08:30,Change in Manufact. Payrolls @ 08:30+ISM Manufacturing @ 10:00,1.0933785847168034,0.5207723543524637,1.939536565050998,15.0
ZN,2022-04-01 14:31:00+00:00,2022-04-01,121,08:30,Change in Manufact. Payrolls @ 08:30+ISM Manufacturing @ 10:00,-1.0964023818440103,0.30280615139994743,3.3302466565958513,15.0
ZN,2022-04-01 15:31:00+00:00,2022-04-01,91,10:00,ISM Manufacturing @ 10:00,1.2974987227438872,0.6276177184371667,1.597464634880013,15.0
ZN,2022-04-01 16:01:00+00:00,2022-04-01,121,10:00,ISM Manufacturing @ 10:00,-2.0,0.7528530757560612,1.3910258898861108,15.0
ZN,2022-04-05 14:01:00+00:00,2022-04-05,1,10:00,ISM Services Index @ 10:00+Trade Balance @ 08:30,-0.7479768741675384,0.6572609623832284,1.5450192422479097,15.0
ZN,2022-04-05 14:31:00+00:00,2022-04-05,31,10:00,ISM Services Index @ 10:00+Trade Balance @ 08:30,1.573039113623614,0.654672479387151,1.6111996746549093,15.0
ZN,2022-04-05 15:31:00+00:00,2022-04-05,91,10:00,ISM Services Index @ 10:00,0.937669288491336,0.40568736563779084,2.497604279047102,15.0
ZN,2022-04-06 19:01:00+00:00,2022-04-06,61,14:00,FOMC Meeting Minutes @ 14:00,1.1799472214381856,0.3576665881172335,2.944406084981409,15.0
ZN,2022-04-06 20:01:00+00:00,2022-04-06,121,14:00,FOMC Meeting Minutes @ 14:00,-1.2910228665725525,0.27915456418202955,3.6228360188801436,15.0
ZN,2022-04-12 12:31:00+00:00,2022-04-12,1,08:30,CPI Index NSA @ 08:30,-0.2814631058520462,0.4335830662627305,2.3554051553078508,15.0
ZN,2022-04-12 13:01:00+00:00,2022-04-12,31,08:30,CPI Index NSA @ 08:30,-0.7268807766041091,0.48306480399472185,2.0912797361594344,15.0
ZN,2022-04-12 13:31:00+00:00,2022-04-12,61,08:30,CPI Index NSA @ 08:30,0.36938772707590556,0.37907687603447754,2.6565022254392243,15.0
ZN,2022-04-12 14:31:00+00:00,2022-04-12,121,08:30,CPI Index NSA @ 08:30,-0.8389156193271329,0.3080814750915947,3.2534279700759843,15.0
ZN,2022-04-14 13:31:00+00:00,2022-04-14,61,08:30,Continuing Claims @ 08:30+Import Price Index YoY @ 08:30+Retail Sales Advance MoM @ 08:30,-0.9030359771500607,0.38814839211494995,2.602113836060499,15.0
ZN,2022-04-14 14:01:00+00:00,2022-04-14,91,08:30,Business Inventories @ 10:00+Continuing Claims @ 08:30+Import Price Index YoY @ 08:30+Retail Sales Advance MoM @ 08:30+U. of Mich. Sentiment @ 10:00,1.5993470306571094,0.7325390375888589,1.4042743077859663,15.0
ZN,2022-04-14 15:01:00+00:00,2022-04-14,61,10:00,Business Inventories @ 10:00+U. of Mich. Sentiment @ 10:00,0.35655923960664365,0.347869841621696,2.8848801714654195,15.0
ZN,2022-04-14 15:31:00+00:00,2022-04-14,91,10:00,Business Inventories @ 10:00+U. of Mich. Sentiment @ 10:00,1.6125975454657935,0.6086599223038829,1.6532188787437105,15.0
ZN,2022-04-21 12:31:00+00:00,2022-04-21,1,08:30,Continuing Claims @ 08:30+Philadelphia Fed Business Outlook @ 08:30,-1.2211122050643526,0.4441522764051221,2.2787530385985684,15.0
ZN,2022-04-21 14:01:00+00:00,2022-04-21,91,08:30,Continuing Claims @ 08:30+Leading Index @ 10:00+Philadelphia Fed Business Outlook @ 08:30,1.9962876281912194,0.38712491206884575,2.601742268027605,15.0
ZN,2022-04-21 14:31:00+00:00,2022-04-21,121,08:30,Continuing Claims @ 08:30+Leading Index @ 10:00+Philadelphia Fed Business Outlook @ 08:30,1.155379392562772,0.37537625374508227,2.6703829518936586,15.0
ZN,2022-05-02 14:31:00+00:00,2022-05-02,31,10:00,ISM Manufacturing @ 10:00,-0.4788541089190566,0.5939676769462198,1.6947691916525875,15.0
ZN,2022-05-02 15:01:00+00:00,2022-05-02,61,10:00,ISM Manufacturing @ 10:00,0.7705177670734198,0.3823163317836052,2.621871337149519,15.0
ZN,2022-05-02 16:01:00+00:00,2022-05-02,121,10:00,ISM Manufacturing @ 10:00,2.0,0.46562277388226914,2.1697902049274935,15.0
ZN,2022-05-04 14:01:00+00:00,2022-05-04,1,10:00,ISM Services Index @ 10:00+Trade Balance @ 08:30,-1.2282933917773067,0.3106680204441387,3.2308687978723363,15.0
ZN,2022-05-04 15:01:00+00:00,2022-05-04,61,10:00,ISM Services Index @ 10:00,0.5818695310212311,0.47032403040804904,2.1607032076229093,15.0
ZN,2022-05-04 15:31:00+00:00,2022-05-04,91,10:00,ISM Services Index @ 10:00,1.1701790714224987,0.3831654185069657,2.6252873823156033,15.0
ZN,2022-05-04 16:01:00+00:00,2022-05-04,121,10:00,ISM Services Index @ 10:00,-0.8515727879611508,0.30602264090162823,3.284342439719361,15.0
ZN,2022-05-06 12:31:00+00:00,2022-05-06,1,08:30,Change in Manufact. Payrolls @ 08:30,-0.3378249215354881,0.5200351244481203,1.9248606047802785,15.0
ZN,2022-05-06 13:01:00+00:00,2022-05-06,31,08:30,Change in Manufact. Payrolls @ 08:30,-0.37039693852554156,0.8139604837578577,1.3176245793690993,15.0
ZN,2022-05-06 13:31:00+00:00,2022-05-06,61,08:30,Change in Manufact. Payrolls @ 08:30,-0.7319634744274954,0.33278421378635875,3.0156302339967502,15.0
ZN,2022-05-06 14:01:00+00:00,2022-05-06,91,08:30,Change in Manufact. Payrolls @ 08:30,-0.7001930807857922,1.1496814535369082,0.8933792868587975,15.0
ZN,2022-05-11 12:31:00+00:00,2022-05-11,1,08:30,CPI Index NSA @ 08:30+MBA Mortgage Applications @ 07:00,-0.38772633787179434,0.6639915702889896,1.9708752174369732,15.0
ZN,2022-05-11 13:01:00+00:00,2022-05-11,31,08:30,CPI Index NSA @ 08:30+MBA Mortgage Applications @ 07:00,-0.44213038360782264,0.4900076105133006,2.154720580295579,15.0
ZN,2022-05-11 13:31:00+00:00,2022-05-11,61,08:30,CPI Index NSA @ 08:30,1.4305666294763086,0.6538904177697232,1.5373724642162194,15.0
ZN,2022-05-11 14:01:00+00:00,2022-05-11,91,08:30,CPI Index NSA @ 08:30,-0.7586744196665149,0.5314152982065934,1.889403507612815,15.0
ZN,2022-05-11 14:31:00+00:00,2022-05-11,121,08:30,CPI Index NSA @ 08:30,-2.0,0.5217032137228447,1.9429264140289761,15.0
ZN,2022-05-17 12:31:00+00:00,2022-05-17,1,08:30,Retail Sales Advance MoM @ 08:30,0.5762934790852231,0.5422478630997499,1.87446357438884,15.0
ZN,2022-05-17 13:01:00+00:00,2022-05-17,31,08:30,Retail Sales Advance MoM @ 08:30,1.339561360469619,0.3679872672692109,2.7287112544559946,15.0
ZN,2022-05-17 13:31:00+00:00,2022-05-17,61,08:30,Retail Sales Advance MoM @ 08:30,0.24077896635691767,0.49351805440606145,2.0316777644829784,15.0
ZN,2022-05-17 14:01:00+00:00,2022-05-17,1,10:00,Business Inventories @ 10:00+NAHB Housing Market Index @ 10:00+Retail Sales Advance MoM @ 08:30,0.8245637258345939,0.3950348948488595,2.547886563635314,15.0
ZN,2022-05-17 14:31:00+00:00,2022-05-17,31,10:00,Business Inventories @ 10:00+NAHB Housing Market Index @ 10:00+Retail Sales Advance MoM @ 08:30,-1.265813522756183,0.7826040120895837,1.295412444683597,15.0
ZN,2022-05-17 15:01:00+00:00,2022-05-17,61,10:00,Business Inventories @ 10:00+NAHB Housing Market Index @ 10:00,-1.1985008345033326,0.47206285569886136,2.180563279127666,15.0
ZN,2022-05-19 14:31:00+00:00,2022-05-19,31,10:00,Continuing Claims @ 08:30+Existing Home Sales @ 10:00+Leading Index @ 10:00+Philadelphia Fed Business Outlook @ 08:30,1.3946736875922143,0.41129216349148445,2.438068230266366,15.0
ZN,2022-05-25 18:31:00+00:00,2022-05-25,31,14:00,FOMC Meeting Minutes @ 14:00,-0.626617208320975,0.2937435130009681,3.539365638952649,15.0
ZN,2022-05-25 20:01:00+00:00,2022-05-25,121,14:00,FOMC Meeting Minutes @ 14:00,-1.0238270862597434,0.2738744477560946,3.6937813142862685,15.0
ZN,2022-06-01 14:01:00+00:00,2022-06-01,1,10:00,ISM Manufacturing @ 10:00+JOLTS Job Openings @ 10:00,0.6042957499379973,0.3943876426069246,2.6702994619351603,15.0
ZN,2022-06-01 14:31:00+00:00,2022-06-01,31,10:00,ISM Manufacturing @ 10:00+JOLTS Job Openings @ 10:00,-0.6665072432065146,0.6228194807393441,1.6374505396910923,15.0
ZN,2022-06-01 15:01:00+00:00,2022-06-01,61,10:00,ISM Manufacturing @ 10:00+JOLTS Job Openings @ 10:00,-0.8280188645455683,0.4420997709597924,2.26931893403522,15.0
ZN,2022-06-03 12:31:00+00:00,2022-06-03,1,08:30,Change in Manufact. Payrolls @ 08:30,-0.7645042160273396,0.5350303301799021,1.890678361794708,15.0
ZN,2022-06-03 13:01:00+00:00,2022-06-03,31,08:30,Change in Manufact. Payrolls @ 08:30,0.5258730143802444,0.6296017435100539,1.5942637940921172,15.0
ZN,2022-06-03 13:31:00+00:00,2022-06-03,61,08:30,Change in Manufact. Payrolls @ 08:30,0.5954543687789403,0.4162594042725028,2.442596125752512,15.0
ZN,2022-06-03 14:31:00+00:00,2022-06-03,31,10:00,Change in Manufact. Payrolls @ 08:30+ISM Services Index @ 10:00,-1.0717895236182247,0.7254957681506669,1.3849468741753947,15.0
ZN,2022-06-03 15:01:00+00:00,2022-06-03,61,10:00,ISM Services Index @ 10:00,0.4247143575051922,0.8380800803126279,1.2179728032795634,15.0
ZN,2022-06-03 15:31:00+00:00,2022-06-03,91,10:00,ISM Services Index @ 10:00,0.5441348787710587,0.4041600524354725,2.5045604126711702,15.0
ZN,2022-06-03 16:01:00+00:00,2022-06-03,121,10:00,ISM Services Index @ 10:00,1.2547007476583873,0.584599818712254,1.7713129972771067,15.0
ZN,2022-06-10 12:31:00+00:00,2022-06-10,1,08:30,CPI Index NSA @ 08:30,-0.9076575087424215,0.668750285941796,1.6286824603625956,15.0
ZN,2022-06-10 13:31:00+00:00,2022-06-10,61,08:30,CPI Index NSA @ 08:30,-0.5471270662347705,0.7771397463100154,1.3028427557533362,15.0
ZN,2022-06-10 14:01:00+00:00,2022-06-10,91,08:30,CPI Index NSA @ 08:30+U. of Mich. Sentiment @ 10:00,1.5532339059022209,0.34180391590153236,2.9455927651494225,15.0
ZN,2022-06-15 13:01:00+00:00,2022-06-15,31,08:30,Empire Manufacturing @ 08:30+Import Price Index YoY @ 08:30+MBA Mortgage Applications @ 07:00+Retail Sales Advance MoM @ 08:30,0.45055517100357767,0.46673308227868654,2.200682965172918,15.0
ZN,2022-06-15 13:31:00+00:00,2022-06-15,61,08:30,Empire Manufacturing @ 08:30+Import Price Index YoY @ 08:30+Retail Sales Advance MoM @ 08:30,-1.0499826166928123,0.3787668759365969,2.6526089629241842,15.0
ZN,2022-06-15 15:01:00+00:00,2022-06-15,61,10:00,Business Inventories @ 10:00+NAHB Housing Market Index @ 10:00,-0.7938505166304284,0.4822772541094139,2.0907197623395346,15.0
ZN,2022-06-15 16:01:00+00:00,2022-06-15,121,10:00,Business Inventories @ 10:00+NAHB Housing Market Index @ 10:00,-1.4315851571788172,0.37883722040895346,2.642382658036872,15.0
ZN,2022-06-16 12:31:00+00:00,2022-06-16,1,08:30,Building Permits @ 08:30+Continuing Claims @ 08:30+Philadelphia Fed Business Outlook @ 08:30,0.5318425098829719,0.7134682771748065,1.4270958646854914,15.0
ZN,2022-06-16 13:31:00+00:00,2022-06-16,61,08:30,Building Permits @ 08:30+Continuing Claims @ 08:30+Philadelphia Fed Business Outlook @ 08:30,0.6864792180528296,0.6816332625529745,1.4724578237671446,15.0
ZN,2022-06-16 14:01:00+00:00,2022-06-16,91,08:30,Building Permits @ 08:30+Continuing Claims @ 08:30+Philadelphia Fed Business Outlook @ 08:30,-0.42253400006667713,0.34998571879000223,2.8725399446456144,15.0
ZN,2022-07-01 14:01:00+00:00,2022-07-01,1,10:00,ISM Manufacturing @ 10:00,0.47123715303905894,0.30828383466232384,3.2532901582173,15.0
ZN,2022-07-01 14:31:00+00:00,2022-07-01,31,10:00,ISM Manufacturing @ 10:00,0.6586760232862272,0.44361043076894124,2.2637956395098233,15.0
ZN,2022-07-01 15:01:00+00:00,2022-07-01,61,10:00,ISM Manufacturing @ 10:00,-0.8545574835090222,0.6061408121733741,1.680367916252358,15.0
ZN,2022-07-01 16:01:00+00:00,2022-07-01,121,10:00,ISM Manufacturing @ 10:00,-0.801163743113571,0.3868952681457293,2.6005818414445594,15.0
ZN,2022-07-06 14:01:00+00:00,2022-07-06,1,10:00,ISM Services Index @ 10:00+JOLTS Job Openings @ 10:00,-0.4801991241149409,0.5703593578848389,1.7759766950318294,15.0
ZN,2022-07-06 18:01:00+00:00,2022-07-06,1,14:00,FOMC Meeting Minutes @ 14:00,-0.5959575916284457,0.2451000357274208,4.10171108779934,15.0
ZN,2022-07-06 18:31:00+00:00,2022-07-06,31,14:00,FOMC Meeting Minutes @ 14:00,0.5339072492853397,0.49488285928188996,2.058895195812408,15.0
ZN,2022-07-06 19:31:00+00:00,2022-07-06,91,14:00,FOMC Meeting Minutes @ 14:00,0.9616147762193935,0.33839855088434057,3.0557881856866698,15.0
ZN,2022-07-08 12:31:00+00:00,2022-07-08,1,08:30,Change in Manufact. Payrolls @ 08:30,-0.5179098114153956,0.767354941849336,1.414793395117976,15.0
ZN,2022-07-08 13:31:00+00:00,2022-07-08,61,08:30,Change in Manufact. Payrolls @ 08:30,0.9320318570557276,0.5621142138757098,1.7946464202791208,15.0
ZN,2022-07-08 14:01:00+00:00,2022-07-08,91,08:30,Change in Manufact. Payrolls @ 08:30+Wholesale Inventories MoM @ 10:00,0.698039028403555,0.4872478810375196,2.1128220726873894,15.0
ZN,2022-07-08 14:31:00+00:00,2022-07-08,121,08:30,Change in Manufact. Payrolls @ 08:30+Wholesale Inventories MoM @ 10:00,-0.7193023326367053,0.40834963175958716,2.5058503818043505,15.0
ZN,2022-07-13 12:31:00+00:00,2022-07-13,1,08:30,CPI Index NSA @ 08:30+MBA Mortgage Applications @ 07:00,-0.49655018011692487,0.5748233146695889,2.216696272236868,15.0
ZN,2022-07-13 14:01:00+00:00,2022-07-13,91,08:30,CPI Index NSA @ 08:30,-0.6415661064382842,0.38144100770771655,2.6409420171362354,15.0
ZN,2022-07-13 14:31:00+00:00,2022-07-13,121,08:30,CPI Index NSA @ 08:30,-0.6611402118699934,0.8884800400932914,1.1523276171858097,15.0
ZN,2022-07-15 12:31:00+00:00,2022-07-15,1,08:30,Empire Manufacturing @ 08:30+Import Price Index YoY @ 08:30+Retail Sales Advance MoM @ 08:30,-0.5482201702519469,0.5978299409196688,1.6822933106824414,15.0
ZN,2022-07-15 13:01:00+00:00,2022-07-15,31,08:30,Empire Manufacturing @ 08:30+Import Price Index YoY @ 08:30+Retail Sales Advance MoM @ 08:30,-0.591359148294032,0.5804338907083244,1.7405721455325442,15.0
ZN,2022-07-15 13:31:00+00:00,2022-07-15,61,08:30,Empire Manufacturing @ 08:30+Import Price Index YoY @ 08:30+Retail Sales Advance MoM @ 08:30,1.12564416150118,0.5661677790903163,1.7736763172352417,15.0
ZN,2022-07-15 14:01:00+00:00,2022-07-15,1,10:00,Business Inventories @ 10:00+Empire Manufacturing @ 08:30+Import Price Index YoY @ 08:30+Retail Sales Advance MoM @ 08:30+U. of Mich. Sentiment @ 10:00,-0.6073942456505178,0.38326065145428695,2.650133170959555,15.0
ZN,2022-07-15 14:31:00+00:00,2022-07-15,121,08:30,Business Inventories @ 10:00+Empire Manufacturing @ 08:30+Import Price Index YoY @ 08:30+Retail Sales Advance MoM @ 08:30+U. of Mich. Sentiment @ 10:00,1.0735605249875855,0.3998444765655444,2.5513715815966576,15.0
ZN,2022-07-15 15:31:00+00:00,2022-07-15,91,10:00,Business Inventories @ 10:00+U. of Mich. Sentiment @ 10:00,0.9957269311053485,0.3953001975474758,2.58115521792706,15.0
ZN,2022-07-15 16:01:00+00:00,2022-07-15,121,10:00,Business Inventories @ 10:00+U. of Mich. Sentiment @ 10:00,-0.4222610516102507,0.32932922356015365,3.0379387096044663,15.0
ZN,2022-07-21 12:31:00+00:00,2022-07-21,1,08:30,Continuing Claims @ 08:30+Philadelphia Fed Business Outlook @ 08:30,-0.4190382565680776,0.4428831969138261,2.2786830930749082,15.0
ZN,2022-07-21 13:31:00+00:00,2022-07-21,61,08:30,Continuing Claims @ 08:30+Philadelphia Fed Business Outlook @ 08:30,1.5518924909476637,0.7879328704071051,1.2778981174944217,15.0
ZN,2022-07-21 14:01:00+00:00,2022-07-21,91,08:30,Continuing Claims @ 08:30+Leading Index @ 10:00+Philadelphia Fed Business Outlook @ 08:30,-0.5951463478403853,0.3330989414257106,3.021121627712201,15.0
ZN,2022-08-01 14:01:00+00:00,2022-08-01,1,10:00,ISM Manufacturing @ 10:00,-1.0335949572231977,0.4343125270232269,2.311541861614092,15.0
ZN,2022-08-01 14:31:00+00:00,2022-08-01,31,10:00,ISM Manufacturing @ 10:00,0.48952542474786925,0.6182955646478345,1.63158662780042,15.0
ZN,2022-08-01 15:01:00+00:00,2022-08-01,61,10:00,ISM Manufacturing @ 10:00,-1.5589316672469706,0.35962679085077487,2.7906165621703316,15.0
ZN,2022-08-03 14:01:00+00:00,2022-08-03,1,10:00,Durable Goods Orders @ 08:30+ISM Services Index @ 10:00,-0.2305063630699564,0.2758573149144895,3.701418666625437,15.0
ZN,2022-08-03 14:31:00+00:00,2022-08-03,31,10:00,Durable Goods Orders @ 08:30+ISM Services Index @ 10:00,-1.346503635955031,0.4903008153474802,2.067044883009434,15.0
ZN,2022-08-03 15:01:00+00:00,2022-08-03,61,10:00,Durable Goods Orders @ 08:30+ISM Services Index @ 10:00,-1.2622666035755998,0.33788090067216314,2.972625263670845,15.0
ZN,2022-08-05 12:31:00+00:00,2022-08-05,1,08:30,Change in Manufact. Payrolls @ 08:30,-0.4396262691512373,0.8886884719143514,1.2383985357646343,15.0
ZN,2022-08-05 13:01:00+00:00,2022-08-05,31,08:30,Change in Manufact. Payrolls @ 08:30,1.2283311492938966,0.34227369795517854,2.9407335601422755,15.0
ZN,2022-08-05 13:31:00+00:00,2022-08-05,61,08:30,Change in Manufact. Payrolls @ 08:30,-0.444460941615542,0.6348997926482992,1.5812110574459537,15.0
ZN,2022-08-05 14:01:00+00:00,2022-08-05,91,08:30,Change in Manufact. Payrolls @ 08:30,0.9041680252871223,0.4612857099730038,2.2264533243978684,15.0
ZN,2022-08-05 14:31:00+00:00,2022-08-05,121,08:30,Change in Manufact. Payrolls @ 08:30,-0.4646439382556081,0.3029086885499086,3.319450769192696,15.0
ZN,2022-08-10 12:31:00+00:00,2022-08-10,91,07:00,CPI Index NSA @ 08:30+MBA Mortgage Applications @ 07:00,-0.3328289705323148,0.4345688233119032,2.834484131037354,15.0
ZN,2022-08-10 13:31:00+00:00,2022-08-10,61,08:30,CPI Index NSA @ 08:30,0.5866891854783591,0.3795803363166719,2.6521821179086786,15.0
ZN,2022-08-10 14:31:00+00:00,2022-08-10,121,08:30,CPI Index NSA @ 08:30+Wholesale Inventories MoM @ 10:00,0.6477411764246331,0.329023404235226,3.0756922106169906,15.0
ZN,2022-08-17 12:31:00+00:00,2022-08-17,91,07:00,MBA Mortgage Applications @ 07:00+Retail Sales Advance MoM @ 08:30,1.0302107259312885,0.6507230674603812,1.5742744434006475,15.0
ZN,2022-08-17 13:01:00+00:00,2022-08-17,121,07:00,MBA Mortgage Applications @ 07:00+Retail Sales Advance MoM @ 08:30,-1.5144136837031272,0.6847830906957599,1.5458266558838125,15.0
ZN,2022-08-17 13:31:00+00:00,2022-08-17,61,08:30,Retail Sales Advance MoM @ 08:30,0.7003663489969243,0.4706255249954058,2.1603489597092467,15.0
ZN,2022-08-17 14:01:00+00:00,2022-08-17,1,10:00,Business Inventories @ 10:00+Retail Sales Advance MoM @ 08:30,1.1825534937358197,0.4232535648853009,2.371019534679784,15.0
ZN,2022-08-17 14:31:00+00:00,2022-08-17,31,10:00,Business Inventories @ 10:00+Retail Sales Advance MoM @ 08:30,0.468271874573167,0.5805775145047687,1.7652256056383093,15.0
ZN,2022-08-17 15:01:00+00:00,2022-08-17,61,10:00,Business Inventories @ 10:00,-0.6195073515561587,0.5491575410680624,1.8276249933085176,15.0
ZN,2022-08-17 18:01:00+00:00,2022-08-17,1,14:00,FOMC Meeting Minutes @ 14:00,-0.8702153899577852,0.2456700777552177,4.100297680384634,15.0
ZN,2022-08-18 12:31:00+00:00,2022-08-18,1,08:30,Continuing Claims @ 08:30+Philadelphia Fed Business Outlook @ 08:30,-0.6830786125902717,0.38178332382587477,2.6661275399790036,15.0
ZN,2022-08-18 13:01:00+00:00,2022-08-18,31,08:30,Continuing Claims @ 08:30+Philadelphia Fed Business Outlook @ 08:30,-0.618136490854795,0.4477423029933121,2.238087458433407,15.0
ZN,2022-08-18 13:31:00+00:00,2022-08-18,61,08:30,Continuing Claims @ 08:30+Philadelphia Fed Business Outlook @ 08:30,-0.4033615224480925,0.5823129704043735,1.7193031076076801,15.0
ZN,2022-08-18 14:01:00+00:00,2022-08-18,91,08:30,Continuing Claims @ 08:30+Existing Home Sales @ 10:00+Leading Index @ 10:00+Philadelphia Fed Business Outlook @ 08:30,1.1213989617700562,0.34806991252421543,2.972401107195414,15.0
ZN,2022-09-01 14:01:00+00:00,2022-09-01,1,10:00,Continuing Claims @ 08:30+ISM Manufacturing @ 10:00+Nonfarm Productivity @ 08:30,-0.5196404912437487,0.33531457223595335,3.0302159705411285,15.0
ZN,2022-09-01 15:01:00+00:00,2022-09-01,61,10:00,ISM Manufacturing @ 10:00,-1.7626638929361764,0.5574293980498045,1.819831295408626,15.0
ZN,2022-09-01 15:31:00+00:00,2022-09-01,91,10:00,ISM Manufacturing @ 10:00,0.4476596243614255,0.5699658557605745,1.7670583538186275,15.0
ZN,2022-09-02 12:31:00+00:00,2022-09-02,1,08:30,Change in Manufact. Payrolls @ 08:30,-0.39830719105573265,0.5664850055457835,1.8209716344130138,15.0
ZN,2022-09-02 13:31:00+00:00,2022-09-02,61,08:30,Change in Manufact. Payrolls @ 08:30,2.0,0.6379656174242321,1.6198079715363503,15.0
ZN,2022-09-02 14:01:00+00:00,2022-09-02,1,10:00,Change in Manufact. Payrolls @ 08:30+Durable Goods Orders @ 08:30,-0.6991917099940966,0.8384851106320421,1.2135160666708331,15.0
ZN,2022-09-02 14:31:00+00:00,2022-09-02,121,08:30,Change in Manufact. Payrolls @ 08:30+Durable Goods Orders @ 08:30,-0.8032952343927963,0.539625369550927,1.8975684140822087,15.0
ZN,2022-09-06 14:01:00+00:00,2022-09-06,1,10:00,ISM Services Index @ 10:00,-0.482044088222486,0.440586280349296,2.3207100491932864,15.0
ZN,2022-09-06 14:31:00+00:00,2022-09-06,31,10:00,ISM Services Index @ 10:00,-0.2593647822058095,0.3887336721165123,2.5786151435917564,15.0
ZN,2022-09-06 15:01:00+00:00,2022-09-06,61,10:00,ISM Services Index @ 10:00,-1.3373512116818134,0.4335909213789685,2.337612402479704,15.0
ZN,2022-09-06 15:31:00+00:00,2022-09-06,91,10:00,ISM Services Index @ 10:00,1.1677495694427493,0.34644857319403927,2.9004261360538677,15.0
ZN,2022-09-06 16:01:00+00:00,2022-09-06,121,10:00,ISM Services Index @ 10:00,-1.1697374010261934,0.5897316900394753,1.7361410874507033,15.0
ZN,2022-09-13 12:31:00+00:00,2022-09-13,1,08:30,CPI Index NSA @ 08:30,-0.34539867754393927,1.1231955010713217,1.0913999855473395,15.0
ZN,2022-09-13 13:31:00+00:00,2022-09-13,61,08:30,CPI Index NSA @ 08:30,-0.6641496827094946,0.385227615824019,2.6139169077037843,15.0
ZN,2022-09-15 12:31:00+00:00,2022-09-15,1,08:30,Continuing Claims @ 08:30+Empire Manufacturing @ 08:30+Import Price Index YoY @ 08:30+Philadelphia Fed Business Outlook @ 08:30+Retail Sales Advance MoM @ 08:30,-0.2679977655405295,0.47736046373377333,2.144861823033099,15.0
ZN,2022-09-15 14:01:00+00:00,2022-09-15,91,08:30,Business Inventories @ 10:00+Continuing Claims @ 08:30+Empire Manufacturing @ 08:30+Import Price Index YoY @ 08:30+Philadelphia Fed Business Outlook @ 08:30+Retail Sales Advance MoM @ 08:30,-0.7704336775111831,0.37557696842215754,2.6942511089303154,15.0
ZN,2022-09-15 14:31:00+00:00,2022-09-15,121,08:30,Business Inventories @ 10:00+Continuing Claims @ 08:30+Empire Manufacturing @ 08:30+Import Price Index YoY @ 08:30+Philadelphia Fed Business Outlook @ 08:30+Retail Sales Advance MoM @ 08:30,-1.541312381195605,0.37775474533068626,2.650378595569427,15.0
ZN,2022-09-15 15:01:00+00:00,2022-09-15,61,10:00,Business Inventories @ 10:00,-0.8178920153854886,0.50910642518031,1.9749657853865772,15.0
ZN,2022-10-03 14:01:00+00:00,2022-10-03,1,10:00,ISM Manufacturing @ 10:00,-0.3673638565078039,0.347716500885476,3.0450147253527344,15.0
ZN,2022-10-03 14:31:00+00:00,2022-10-03,31,10:00,ISM Manufacturing @ 10:00,0.8282226248788238,0.5229960936689131,1.9303189139967,15.0
ZN,2022-10-03 15:01:00+00:00,2022-10-03,61,10:00,ISM Manufacturing @ 10:00,-0.4483336367061934,0.4754012569866731,2.1080611919936145,15.0
ZN,2022-10-03 16:01:00+00:00,2022-10-03,121,10:00,ISM Manufacturing @ 10:00,-0.9241840805088043,0.5504208035293767,1.8350154438873492,15.0
ZN,2022-10-05 14:01:00+00:00,2022-10-05,1,10:00,ISM Services Index @ 10:00+Trade Balance @ 08:30,-0.37341789972800754,0.4396248183272726,2.39429525796911,15.0
ZN,2022-10-05 15:01:00+00:00,2022-10-05,61,10:00,ISM Services Index @ 10:00,-1.0680275990796368,0.4890958068790182,2.0581565965691295,15.0
ZN,2022-10-07 12:31:00+00:00,2022-10-07,1,08:30,Change in Manufact. Payrolls @ 08:30,-0.43164293520362484,0.8236311572989948,1.2478869409439315,15.0
ZN,2022-10-07 13:01:00+00:00,2022-10-07,31,08:30,Change in Manufact. Payrolls @ 08:30,0.6557604832120013,0.40990531287178544,2.463224985849898,15.0
ZN,2022-10-07 13:31:00+00:00,2022-10-07,61,08:30,Change in Manufact. Payrolls @ 08:30,0.42692119162420256,0.42880433289969044,2.3793906722778675,15.0
ZN,2022-10-07 14:01:00+00:00,2022-10-07,91,08:30,Change in Manufact. Payrolls @ 08:30+Wholesale Inventories MoM @ 10:00,1.2336621988623202,0.32244182969459767,3.10880060531455,15.0
ZN,2022-10-07 14:31:00+00:00,2022-10-07,31,10:00,Change in Manufact. Payrolls @ 08:30+Wholesale Inventories MoM @ 10:00,-2.0,0.49914707113761725,2.032809193943494,15.0
ZN,2022-10-12 18:01:00+00:00,2022-10-12,1,14:00,FOMC Meeting Minutes @ 14:00,-0.8145668778077375,0.3306556771649018,3.0945394649722977,15.0
ZN,2022-10-12 19:31:00+00:00,2022-10-12,91,14:00,FOMC Meeting Minutes @ 14:00,0.9274398307602486,0.2960847610885845,3.568356516205091,15.0
ZN,2022-10-13 12:31:00+00:00,2022-10-13,1,08:30,CPI Index NSA @ 08:30+Continuing Claims @ 08:30,-0.26022838759900085,0.6952797840572814,1.4703235658405345,15.0
ZN,2022-10-13 13:31:00+00:00,2022-10-13,61,08:30,CPI Index NSA @ 08:30+Continuing Claims @ 08:30,-0.36320972351283143,0.2983509942930402,3.3617023555423295,15.0
ZN,2022-10-13 14:01:00+00:00,2022-10-13,91,08:30,CPI Index NSA @ 08:30+Continuing Claims @ 08:30,-0.48936694675909564,0.6218668654529073,1.6718507990268792,15.0
ZN,2022-10-13 14:31:00+00:00,2022-10-13,121,08:30,CPI Index NSA @ 08:30+Continuing Claims @ 08:30,0.9657321013214669,0.4773931284094683,2.113228040397529,15.0
ZN,2022-10-14 14:01:00+00:00,2022-10-14,1,10:00,Business Inventories @ 10:00+Import Price Index YoY @ 08:30+Retail Sales Advance MoM @ 08:30+U. of Mich. Sentiment @ 10:00,1.2756421298436331,0.5597722037346738,1.8244375105185169,15.0
ZN,2022-10-14 14:31:00+00:00,2022-10-14,121,08:30,Business Inventories @ 10:00+Import Price Index YoY @ 08:30+Retail Sales Advance MoM @ 08:30+U. of Mich. Sentiment @ 10:00,-0.4029284612177423,0.5619204113454337,1.806071593351665,15.0
ZN,2022-10-14 16:01:00+00:00,2022-10-14,121,10:00,Business Inventories @ 10:00+U. of Mich. Sentiment @ 10:00,-1.2874318421488942,0.5265690480114795,1.911421138024814,15.0
ZN,2022-10-20 12:31:00+00:00,2022-10-20,1,08:30,Continuing Claims @ 08:30+Philadelphia Fed Business Outlook @ 08:30,-0.6110536010058921,0.7272309533540278,1.3811103849129367,15.0
ZN,2022-10-20 13:01:00+00:00,2022-10-20,31,08:30,Continuing Claims @ 08:30+Philadelphia Fed Business Outlook @ 08:30,-0.37471347391598864,0.4793006453128796,2.092584041343897,15.0
ZN,2022-10-20 13:31:00+00:00,2022-10-20,61,08:30,Continuing Claims @ 08:30+Philadelphia Fed Business Outlook @ 08:30,0.43399137386998327,0.4119539706964852,2.4553302578496004,15.0
ZN,2022-10-20 14:01:00+00:00,2022-10-20,91,08:30,Continuing Claims @ 08:30+Existing Home Sales @ 10:00+Leading Index @ 10:00+Philadelphia Fed Business Outlook @ 08:30,0.5247346077039228,0.3474370717035189,2.9175038643425717,15.0
ZN,2022-10-20 14:31:00+00:00,2022-10-20,31,10:00,Continuing Claims @ 08:30+Existing Home Sales @ 10:00+Leading Index @ 10:00+Philadelphia Fed Business Outlook @ 08:30,-0.6018303945619873,0.6530446151988116,1.5468716939518425,15.0
ZN,2022-11-01 14:01:00+00:00,2022-11-01,1,10:00,ISM Manufacturing @ 10:00+JOLTS Job Openings @ 10:00,-0.5185669980980554,0.4109462877766101,2.463235600209831,15.0
ZN,2022-11-01 14:31:00+00:00,2022-11-01,31,10:00,ISM Manufacturing @ 10:00+JOLTS Job Openings @ 10:00,-0.5514207872866174,0.45560431858263123,2.2205086169337442,15.0
ZN,2022-11-01 15:01:00+00:00,2022-11-01,61,10:00,ISM Manufacturing @ 10:00+JOLTS Job Openings @ 10:00,-0.811664992585134,0.6640824896280327,1.5189060695474044,15.0
ZN,2022-11-01 15:31:00+00:00,2022-11-01,91,10:00,ISM Manufacturing @ 10:00+JOLTS Job Openings @ 10:00,0.5843496567452776,0.4035315746951789,2.523890311967883,15.0
ZN,2022-11-03 14:01:00+00:00,2022-11-03,1,10:00,Continuing Claims @ 08:30+Durable Goods Orders @ 08:30+ISM Services Index @ 10:00+Nonfarm Productivity @ 08:30+Trade Balance @ 08:30,-0.51366664053382,0.40923265443580153,2.4482493165046244,15.0
ZN,2022-11-03 15:01:00+00:00,2022-11-03,61,10:00,Durable Goods Orders @ 08:30+ISM Services Index @ 10:00,1.0691834601599528,0.5767088736521643,1.7384436519175197,15.0
ZN,2022-11-03 15:31:00+00:00,2022-11-03,91,10:00,Durable Goods Orders @ 08:30+ISM Services Index @ 10:00,1.1894275968764403,0.41454432751959425,2.4147541725391966,15.0
ZN,2022-11-03 16:01:00+00:00,2022-11-03,121,10:00,Durable Goods Orders @ 08:30+ISM Services Index @ 10:00,-0.8351739488506111,0.7835800289621192,1.3499588705350893,15.0
ZN,2022-11-04 12:31:00+00:00,2022-11-04,1,08:30,Change in Manufact. Payrolls @ 08:30,-0.4153196840135295,0.7997191840198807,1.3050333209398912,15.0
ZN,2022-11-04 13:31:00+00:00,2022-11-04,61,08:30,Change in Manufact. Payrolls @ 08:30,-0.40475478295369755,0.3923604496636398,2.589393144243554,15.0
ZN,2022-11-04 14:01:00+00:00,2022-11-04,91,08:30,Change in Manufact. Payrolls @ 08:30,0.8704730430837196,0.4142572893927467,2.4302838211552804,15.0
ZN,2022-11-04 14:31:00+00:00,2022-11-04,121,08:30,Change in Manufact. Payrolls @ 08:30,0.7346915974124292,0.6026715961283036,1.6736800441667987,15.0
ZN,2022-11-10 13:31:00+00:00,2022-11-10,1,08:30,CPI Index NSA @ 08:30+Continuing Claims @ 08:30,-0.23780189256914003,0.6689617608196575,1.886253023075992,15.0
ZN,2022-11-10 14:01:00+00:00,2022-11-10,31,08:30,CPI Index NSA @ 08:30+Continuing Claims @ 08:30,-0.5812535275798919,0.48780946904237626,2.0621007321461997,15.0
ZN,2022-11-10 14:31:00+00:00,2022-11-10,61,08:30,CPI Index NSA @ 08:30+Continuing Claims @ 08:30,0.5167274305374543,0.38306989652624884,2.620413301986988,15.0
ZN,2022-11-10 15:01:00+00:00,2022-11-10,91,08:30,CPI Index NSA @ 08:30+Continuing Claims @ 08:30,-0.628924008753747,0.5549090743314491,1.8065126360274262,15.0
ZN,2022-11-10 15:31:00+00:00,2022-11-10,121,08:30,CPI Index NSA @ 08:30+Continuing Claims @ 08:30,-0.8226704992527533,0.49446824762405667,2.041972602042081,15.0
ZN,2022-11-16 14:31:00+00:00,2022-11-16,61,08:30,Import Price Index YoY @ 08:30+Retail Sales Advance MoM @ 08:30,-0.9671591447082536,0.5465374314532838,1.8416601360738445,15.0
ZN,2022-11-16 15:01:00+00:00,2022-11-16,91,08:30,Business Inventories @ 10:00+Import Price Index YoY @ 08:30+NAHB Housing Market Index @ 10:00+Retail Sales Advance MoM @ 08:30,-0.3606727667030345,0.5143882002808629,1.961880430939539,15.0
ZN,2022-11-16 15:31:00+00:00,2022-11-16,121,08:30,Business Inventories @ 10:00+Import Price Index YoY @ 08:30+NAHB Housing Market Index @ 10:00+Retail Sales Advance MoM @ 08:30,-0.4867983356336514,0.6315258312477794,1.6064979783998743,15.0
ZN,2022-11-16 16:01:00+00:00,2022-11-16,61,10:00,Business Inventories @ 10:00+NAHB Housing Market Index @ 10:00,-0.36467748419254215,0.3282899431489426,3.072892588648105,15.0
ZN,2022-11-16 17:01:00+00:00,2022-11-16,121,10:00,Business Inventories @ 10:00+NAHB Housing Market Index @ 10:00,-0.9842920909161001,0.3433691528596725,2.9175757258517,15.0
ZN,2022-11-17 13:31:00+00:00,2022-11-17,1,08:30,Building Permits @ 08:30+Continuing Claims @ 08:30+Philadelphia Fed Business Outlook @ 08:30,-1.2170520655147323,0.36186879898539753,2.768272610816498,15.0
ZN,2022-11-17 14:01:00+00:00,2022-11-17,31,08:30,Building Permits @ 08:30+Continuing Claims @ 08:30+Philadelphia Fed Business Outlook @ 08:30,0.3241879803924359,0.6610232846750214,1.5266784206567827,15.0
ZN,2022-11-17 15:01:00+00:00,2022-11-17,91,08:30,Building Permits @ 08:30+Continuing Claims @ 08:30+Philadelphia Fed Business Outlook @ 08:30,-1.0330581426649281,0.7098027754635571,1.4209167250319095,15.0
ZN,2022-11-17 15:31:00+00:00,2022-11-17,121,08:30,Building Permits @ 08:30+Continuing Claims @ 08:30+Philadelphia Fed Business Outlook @ 08:30,0.4311085707487585,0.7574468649721059,1.3299857165187279,15.0
ZN,2022-11-23 19:01:00+00:00,2022-11-23,1,14:00,FOMC Meeting Minutes @ 14:00,0.41964224385748805,0.2382424204025154,4.302878116316334,15.0
ZN,2022-11-23 19:31:00+00:00,2022-11-23,31,14:00,FOMC Meeting Minutes @ 14:00,-0.49577649320611333,0.35869035054937615,2.8405671095958813,15.0
ZN,2022-11-23 20:01:00+00:00,2022-11-23,61,14:00,FOMC Meeting Minutes @ 14:00,0.888392974615474,0.2781595154369892,3.750528773669905,15.0
ZN,2022-12-01 15:01:00+00:00,2022-12-01,91,08:30,Continuing Claims @ 08:30+Core PCE Price Index MoM @ 08:30+ISM Manufacturing @ 10:00,-0.5881750249713705,0.4621248015208006,2.178548627921382,15.0
ZN,2022-12-01 16:01:00+00:00,2022-12-01,61,10:00,ISM Manufacturing @ 10:00,-1.8506258656693795,0.5536548975203499,1.8193072217445976,15.0
ZN,2022-12-01 16:31:00+00:00,2022-12-01,91,10:00,ISM Manufacturing @ 10:00,-0.6777559935672777,0.2781925280500067,3.5953062271045204,15.0
ZN,2022-12-01 17:01:00+00:00,2022-12-01,121,10:00,ISM Manufacturing @ 10:00,-0.5265548537821506,0.5735778489875621,1.7511389075952857,15.0
ZN,2022-12-02 13:31:00+00:00,2022-12-02,1,08:30,Change in Manufact. Payrolls @ 08:30,-0.2466327111839156,0.8844257317613115,1.1688554846091304,15.0
ZN,2022-12-02 14:01:00+00:00,2022-12-02,31,08:30,Change in Manufact. Payrolls @ 08:30,-0.5793394072291956,0.4995112974857894,2.018370758126119,15.0
ZN,2022-12-02 14:31:00+00:00,2022-12-02,61,08:30,Change in Manufact. Payrolls @ 08:30,0.485235610037789,0.5184063780304153,1.9707966788112135,15.0
ZN,2022-12-02 15:01:00+00:00,2022-12-02,91,08:30,Change in Manufact. Payrolls @ 08:30,-1.0441027450310398,0.6379975423871491,1.6141708053762156,15.0
ZN,2022-12-02 15:31:00+00:00,2022-12-02,121,08:30,Change in Manufact. Payrolls @ 08:30,0.6856309386798188,0.42670948507839795,2.380262460882075,15.0
ZN,2022-12-05 15:01:00+00:00,2022-12-05,1,10:00,Durable Goods Orders @ 08:30+ISM Services Index @ 10:00,-0.46401555343384726,0.468790437638901,2.30694977333174,15.0
ZN,2022-12-05 15:31:00+00:00,2022-12-05,31,10:00,Durable Goods Orders @ 08:30+ISM Services Index @ 10:00,-0.5592314100508557,0.5441889848959036,1.8428802136469873,15.0
ZN,2022-12-05 16:01:00+00:00,2022-12-05,61,10:00,Durable Goods Orders @ 08:30+ISM Services Index @ 10:00,0.6095371076939269,0.5409753042935723,1.9139993339036372,15.0
ZN,2022-12-13 14:01:00+00:00,2022-12-13,31,08:30,CPI Index NSA @ 08:30,-0.6676021689597249,0.4202260626052373,2.3883295469018178,15.0
ZN,2022-12-13 14:31:00+00:00,2022-12-13,61,08:30,CPI Index NSA @ 08:30,1.4880419313481068,0.42196042677518314,2.4008489641003132,15.0
ZN,2022-12-13 15:01:00+00:00,2022-12-13,91,08:30,CPI Index NSA @ 08:30,-0.513122863095795,0.5737853367425034,1.7854740947566725,15.0
ZN,2022-12-13 15:31:00+00:00,2022-12-13,121,08:30,CPI Index NSA @ 08:30,0.873463661426912,0.5848428752030013,1.7495902305994802,15.0
ZN,2022-12-15 13:31:00+00:00,2022-12-15,1,08:30,Continuing Claims @ 08:30+Empire Manufacturing @ 08:30+Philadelphia Fed Business Outlook @ 08:30+Retail Sales Advance MoM @ 08:30,-0.4038811525902652,0.5672869161932604,1.770744731189846,15.0
ZN,2022-12-15 14:01:00+00:00,2022-12-15,31,08:30,Continuing Claims @ 08:30+Empire Manufacturing @ 08:30+Philadelphia Fed Business Outlook @ 08:30+Retail Sales Advance MoM @ 08:30,0.2835068264217602,0.41035488407182585,2.4380747904341358,15.0
ZN,2022-12-15 14:31:00+00:00,2022-12-15,61,08:30,Continuing Claims @ 08:30+Empire Manufacturing @ 08:30+Philadelphia Fed Business Outlook @ 08:30+Retail Sales Advance MoM @ 08:30,-1.5596690887260083,0.44367900242907155,2.260930044658399,15.0
ZN,2022-12-15 15:01:00+00:00,2022-12-15,91,08:30,Business Inventories @ 10:00+Continuing Claims @ 08:30+Empire Manufacturing @ 08:30+Philadelphia Fed Business Outlook @ 08:30+Retail Sales Advance MoM @ 08:30,-0.21687963317644277,0.5698897981217133,1.7606066417013704,15.0
ZN,2022-12-15 15:31:00+00:00,2022-12-15,121,08:30,Business Inventories @ 10:00+Continuing Claims @ 08:30+Empire Manufacturing @ 08:30+Philadelphia Fed Business Outlook @ 08:30+Retail Sales Advance MoM @ 08:30,0.3687776743631432,0.3902315348241355,2.570829193304495,15.0
ZN,2022-12-15 16:31:00+00:00,2022-12-15,91,10:00,Business Inventories @ 10:00,1.1814655243851948,0.3448111220364277,2.921670765954301,15.0
ZN,2022-12-15 17:01:00+00:00,2022-12-15,121,10:00,Business Inventories @ 10:00,-2.0,0.5484044694413962,1.841424166527135,15.0
ZN,2023-01-03 16:01:00+00:00,2023-01-03,61,10:00,ISM Manufacturing @ 10:00,-1.0039940370148936,0.2985313815626957,3.372003597874024,15.0
ZN,2023-01-03 17:01:00+00:00,2023-01-03,121,10:00,ISM Manufacturing @ 10:00,-1.1857873228807845,0.4413324187635623,2.301226050382852,15.0
ZN,2023-01-04 15:01:00+00:00,2023-01-04,1,10:00,ISM Manufacturing @ 10:00+JOLTS Job Openings @ 10:00,-0.26820217079819014,0.39238727966236564,2.5515050603969516,15.0
ZN,2023-01-04 15:31:00+00:00,2023-01-04,31,10:00,ISM Manufacturing @ 10:00+JOLTS Job Openings @ 10:00,0.6355785990583301,0.5096624618273277,1.9734545386629119,15.0
ZN,2023-01-04 16:01:00+00:00,2023-01-04,61,10:00,ISM Manufacturing @ 10:00+JOLTS Job Openings @ 10:00,-0.7675403406306873,0.45820918907248515,2.1922541904199173,15.0
ZN,2023-01-04 17:01:00+00:00,2023-01-04,121,10:00,ISM Manufacturing @ 10:00+JOLTS Job Openings @ 10:00,-1.2000991849286817,0.46045832201084297,2.2070319586363336,15.0
ZN,2023-01-04 19:31:00+00:00,2023-01-04,31,14:00,FOMC Meeting Minutes @ 14:00,0.2483848737929515,0.38904515887438584,2.727677825479884,15.0
ZN,2023-01-04 20:01:00+00:00,2023-01-04,61,14:00,FOMC Meeting Minutes @ 14:00,-0.4619004044384123,0.4473245645238475,2.2702542698652413,15.0
ZN,2023-01-04 20:31:00+00:00,2023-01-04,91,14:00,FOMC Meeting Minutes @ 14:00,1.049642091843382,0.5814098763435817,1.8988062358727933,15.0
ZN,2023-01-06 14:01:00+00:00,2023-01-06,31,08:30,Change in Manufact. Payrolls @ 08:30,-1.4309067150721988,0.8021383131837693,1.2724423100839655,15.0
ZN,2023-01-06 14:31:00+00:00,2023-01-06,61,08:30,Change in Manufact. Payrolls @ 08:30,0.6855774534298804,0.5527728353133057,1.8129411754847364,15.0
ZN,2023-01-06 15:31:00+00:00,2023-01-06,121,08:30,Change in Manufact. Payrolls @ 08:30+Durable Goods Orders @ 08:30+ISM Services Index @ 10:00,-0.962827136801803,0.6017729276028425,1.6685538021770763,15.0
ZN,2023-01-06 16:31:00+00:00,2023-01-06,91,10:00,Durable Goods Orders @ 08:30+ISM Services Index @ 10:00,-0.45973986901287317,0.3417926656697754,2.9313602333147664,15.0
ZN,2023-01-06 17:01:00+00:00,2023-01-06,121,10:00,Durable Goods Orders @ 08:30+ISM Services Index @ 10:00,-1.30140314168117,0.37472809063871065,2.68439815336989,15.0
ZN,2023-01-12 13:31:00+00:00,2023-01-12,1,08:30,CPI Index NSA @ 08:30+Continuing Claims @ 08:30,-0.4029089701697932,0.7351143761012182,1.4370608126789877,15.0
ZN,2023-01-12 14:01:00+00:00,2023-01-12,31,08:30,CPI Index NSA @ 08:30+Continuing Claims @ 08:30,-1.0483953063303402,0.5112208107367996,1.9706985676466804,15.0
ZN,2023-01-12 14:31:00+00:00,2023-01-12,61,08:30,CPI Index NSA @ 08:30+Continuing Claims @ 08:30,-0.4034006144718791,0.609275476246229,1.6533348860271753,15.0
ZN,2023-01-12 15:01:00+00:00,2023-01-12,91,08:30,CPI Index NSA @ 08:30+Continuing Claims @ 08:30,-0.3714044757383753,0.7804040802932688,1.2988178392500302,15.0
ZN,2023-01-18 13:31:00+00:00,2023-01-18,91,07:00,MBA Mortgage Applications @ 07:00+New York Fed Services Business Activity @ 08:30+PPI Ex Food and Energy MoM @ 08:30+Retail Sales Advance MoM @ 08:30,-0.374296081708872,0.4742236842330588,2.242714214021639,15.0
ZN,2023-01-18 14:01:00+00:00,2023-01-18,31,08:30,MBA Mortgage Applications @ 07:00+New York Fed Services Business Activity @ 08:30+PPI Ex Food and Energy MoM @ 08:30+Retail Sales Advance MoM @ 08:30,-0.4697856743309625,0.37405391334800325,2.708587630499422,15.0
ZN,2023-01-18 14:31:00+00:00,2023-01-18,61,08:30,New York Fed Services Business Activity @ 08:30+PPI Ex Food and Energy MoM @ 08:30+Retail Sales Advance MoM @ 08:30,0.9370947673348309,0.615678364043888,1.6289058203732842,15.0
ZN,2023-01-18 15:01:00+00:00,2023-01-18,1,10:00,Business Inventories @ 10:00+NAHB Housing Market Index @ 10:00+New York Fed Services Business Activity @ 08:30+PPI Ex Food and Energy MoM @ 08:30+Retail Sales Advance MoM @ 08:30,-1.2655196321019635,0.3343114047911748,3.0120525061558303,15.0
ZN,2023-01-18 15:31:00+00:00,2023-01-18,31,10:00,Business Inventories @ 10:00+NAHB Housing Market Index @ 10:00+New York Fed Services Business Activity @ 08:30+PPI Ex Food and Energy MoM @ 08:30+Retail Sales Advance MoM @ 08:30,-0.7132485981244289,0.5404515855882519,1.8564320687265823,15.0
ZN,2023-01-18 16:01:00+00:00,2023-01-18,61,10:00,Business Inventories @ 10:00+NAHB Housing Market Index @ 10:00,-1.0869748137251178,0.5223592283213575,1.924779447719756,15.0
ZN,2023-01-18 16:31:00+00:00,2023-01-18,91,10:00,Business Inventories @ 10:00+NAHB Housing Market Index @ 10:00,1.0830811948556323,0.47317330199608515,2.127469863641735,15.0
ZN,2023-01-18 17:01:00+00:00,2023-01-18,121,10:00,Business Inventories @ 10:00+NAHB Housing Market Index @ 10:00,1.2990779366973484,0.30985161011808926,3.2509274044453975,15.0
ZN,2023-01-19 13:31:00+00:00,2023-01-19,1,08:30,Building Permits @ 08:30+Continuing Claims @ 08:30+Philadelphia Fed Business Outlook @ 08:30,0.6444238261114655,0.5224339509308479,1.9641615547340396,15.0
ZN,2023-01-19 14:31:00+00:00,2023-01-19,61,08:30,Building Permits @ 08:30+Continuing Claims @ 08:30+Philadelphia Fed Business Outlook @ 08:30,-0.7885000273705649,0.35988266078181774,2.7828100001863834,15.0
ZN,2023-01-19 15:01:00+00:00,2023-01-19,91,08:30,Building Permits @ 08:30+Continuing Claims @ 08:30+Philadelphia Fed Business Outlook @ 08:30,0.5461489864815537,0.36028125467680544,2.7895798982064393,15.0
ZN,2023-01-19 15:31:00+00:00,2023-01-19,121,08:30,Building Permits @ 08:30+Continuing Claims @ 08:30+Philadelphia Fed Business Outlook @ 08:30,-1.1317189574957858,0.6212021313227151,1.6255147721320418,15.0
ZN,2023-02-01 15:31:00+00:00,2023-02-01,31,10:00,ISM Manufacturing @ 10:00+JOLTS Job Openings @ 10:00,-1.2040863041854333,0.28694820144666466,3.5100251754988543,15.0
ZN,2023-02-01 16:31:00+00:00,2023-02-01,91,10:00,ISM Manufacturing @ 10:00+JOLTS Job Openings @ 10:00,1.8412503472180013,0.5650014193325186,1.782757961943242,15.0
ZN,2023-02-03 13:31:00+00:00,2023-02-03,1,08:30,Change in Manufact. Payrolls @ 08:30,-0.2560242372086066,1.0887482255509155,1.0187596446726064,15.0
ZN,2023-02-03 14:01:00+00:00,2023-02-03,31,08:30,Change in Manufact. Payrolls @ 08:30,-0.30738816678082154,0.5630974553281224,1.7847431771800653,15.0
ZN,2023-02-03 14:31:00+00:00,2023-02-03,61,08:30,Change in Manufact. Payrolls @ 08:30,-1.113444118168707,0.48332137933021874,2.0753371023231426,15.0
ZN,2023-02-03 15:01:00+00:00,2023-02-03,91,08:30,Change in Manufact. Payrolls @ 08:30+ISM Services Index @ 10:00,-0.5098532958090967,0.3980163331708344,2.7470158649736938,15.0
ZN,2023-02-03 15:31:00+00:00,2023-02-03,31,10:00,Change in Manufact. Payrolls @ 08:30+ISM Services Index @ 10:00,-0.4797521993663021,0.36831361303455157,2.7325566011453457,15.0
ZN,2023-02-14 14:01:00+00:00,2023-02-14,31,08:30,CPI Index NSA @ 08:30,0.6868900881755331,0.3383337449190813,2.9776945519515774,15.0
ZN,2023-02-14 14:31:00+00:00,2023-02-14,61,08:30,CPI Index NSA @ 08:30,1.2785848332497294,0.6392870928952153,1.5690251240368387,15.0
ZN,2023-02-14 15:01:00+00:00,2023-02-14,91,08:30,CPI Index NSA @ 08:30,-0.8141216536603249,0.4739001557140532,2.122524819860293,15.0
ZN,2023-02-14 15:31:00+00:00,2023-02-14,121,08:30,CPI Index NSA @ 08:30,-0.5411310608535768,0.4907126167075771,2.0546635755255394,15.0
ZN,2023-02-15 13:31:00+00:00,2023-02-15,91,07:00,Empire Manufacturing @ 08:30+MBA Mortgage Applications @ 07:00+Retail Sales Advance MoM @ 08:30,0.7481327790160758,0.4275046787480538,2.401353602440294,15.0
ZN,2023-02-15 14:01:00+00:00,2023-02-15,31,08:30,Empire Manufacturing @ 08:30+MBA Mortgage Applications @ 07:00+Retail Sales Advance MoM @ 08:30,-0.7054961585348867,0.4850586072239236,2.0866844693336546,15.0
ZN,2023-02-15 14:31:00+00:00,2023-02-15,61,08:30,Empire Manufacturing @ 08:30+Retail Sales Advance MoM @ 08:30,-0.5935478517515825,0.3799557366882868,2.6655451705201405,15.0
ZN,2023-02-15 15:01:00+00:00,2023-02-15,1,10:00,Business Inventories @ 10:00+Empire Manufacturing @ 08:30+NAHB Housing Market Index @ 10:00+Retail Sales Advance MoM @ 08:30,0.5953041637982456,0.41074348306269837,2.45037093450411,15.0
ZN,2023-02-15 15:31:00+00:00,2023-02-15,31,10:00,Business Inventories @ 10:00+Empire Manufacturing @ 08:30+NAHB Housing Market Index @ 10:00+Retail Sales Advance MoM @ 08:30,-0.9441379226807236,0.4532545715215303,2.255256532190299,15.0
ZN,2023-02-15 17:01:00+00:00,2023-02-15,121,10:00,Business Inventories @ 10:00+NAHB Housing Market Index @ 10:00,-1.7099881039399643,0.4808618801624134,2.1225328928988643,15.0
ZN,2023-02-16 13:31:00+00:00,2023-02-16,1,08:30,Building Permits @ 08:30+Continuing Claims @ 08:30+New York Fed Services Business Activity @ 08:30+PPI Ex Food and Energy MoM @ 08:30+Philadelphia Fed Business Outlook @ 08:30,0.7295264537854432,0.3623971135064186,2.8200366685231226,15.0
ZN,2023-02-16 14:31:00+00:00,2023-02-16,61,08:30,Building Permits @ 08:30+Continuing Claims @ 08:30+New York Fed Services Business Activity @ 08:30+PPI Ex Food and Energy MoM @ 08:30+Philadelphia Fed Business Outlook @ 08:30,0.5795388397029099,0.6304799649912209,1.5882283619788444,15.0
ZN,2023-02-16 15:01:00+00:00,2023-02-16,91,08:30,Building Permits @ 08:30+Continuing Claims @ 08:30+New York Fed Services Business Activity @ 08:30+PPI Ex Food and Energy MoM @ 08:30+Philadelphia Fed Business Outlook @ 08:30,0.5039132498525053,0.7538173973532802,1.3312477729143055,15.0
ZN,2023-02-22 20:01:00+00:00,2023-02-22,61,14:00,FOMC Meeting Minutes @ 14:00,0.777195947674384,0.3171424432673881,3.182882503178278,15.0
ZN,2023-02-22 21:01:00+00:00,2023-02-22,121,14:00,FOMC Meeting Minutes @ 14:00,-0.9466934529810663,0.39137564255881907,2.6009091898668606,15.0
ZN,2023-03-01 15:01:00+00:00,2023-03-01,1,10:00,ISM Manufacturing @ 10:00,-0.6746066002686054,0.32354493660764183,3.1213474643333163,15.0
ZN,2023-03-01 15:31:00+00:00,2023-03-01,31,10:00,ISM Manufacturing @ 10:00,-0.5193375980695449,0.4132875746692968,2.44678413503937,15.0
ZN,2023-03-01 16:31:00+00:00,2023-03-01,91,10:00,ISM Manufacturing @ 10:00,-1.111909894927954,0.45434536243133966,2.2831411585635175,15.0
ZN,2023-03-01 17:01:00+00:00,2023-03-01,121,10:00,ISM Manufacturing @ 10:00,-0.5350162027230685,0.6372846816897019,1.5887852411753474,15.0
ZN,2023-03-03 15:01:00+00:00,2023-03-03,1,10:00,ISM Services Index @ 10:00,-0.34675784404252896,0.3550484057131185,2.8864158557362183,15.0
ZN,2023-03-03 15:31:00+00:00,2023-03-03,31,10:00,ISM Services Index @ 10:00,0.5582569113433448,0.6210876690827759,1.6134299986559864,15.0
ZN,2023-03-03 16:01:00+00:00,2023-03-03,61,10:00,ISM Services Index @ 10:00,-0.6579137456326494,0.4691607371583076,2.1415938922148388,15.0
ZN,2023-03-03 16:31:00+00:00,2023-03-03,91,10:00,ISM Services Index @ 10:00,0.9297511038136229,0.5930834050607056,1.6930199702415638,15.0
ZN,2023-03-03 17:01:00+00:00,2023-03-03,121,10:00,ISM Services Index @ 10:00,-0.8101819008584155,0.578549893975892,1.7326497343434855,15.0
ZN,2023-03-10 13:31:00+00:00,2023-03-10,1,08:30,Change in Manufact. Payrolls @ 08:30,0.2258880251825733,0.5188611935946902,1.9642912070535656,15.0
ZN,2023-03-10 14:01:00+00:00,2023-03-10,31,08:30,Change in Manufact. Payrolls @ 08:30,-0.41286877235346253,0.5829110730420115,1.7206101229921436,15.0
ZN,2023-03-10 14:31:00+00:00,2023-03-10,61,08:30,Change in Manufact. Payrolls @ 08:30,-0.39320731547820953,0.6929507106025647,1.5590734433887712,15.0
ZN,2023-03-10 15:01:00+00:00,2023-03-10,91,08:30,Change in Manufact. Payrolls @ 08:30,0.511889241670091,0.3694328431133407,2.712970228936199,15.0
ZN,2023-03-10 15:31:00+00:00,2023-03-10,121,08:30,Change in Manufact. Payrolls @ 08:30,-1.2192830977756561,0.3579919375607231,2.8000789981913132,15.0
ZN,2023-03-14 12:31:00+00:00,2023-03-14,1,08:30,CPI Index NSA @ 08:30,-0.4096541908375821,0.4515971399041726,2.2252236831824876,15.0
ZN,2023-03-14 13:01:00+00:00,2023-03-14,31,08:30,CPI Index NSA @ 08:30,-1.0458046776000056,0.5074259686082905,2.041453550490359,15.0
ZN,2023-03-14 13:31:00+00:00,2023-03-14,61,08:30,CPI Index NSA @ 08:30,-0.32218819139259824,0.30802427958187656,3.2853527389293906,15.0
ZN,2023-03-14 14:01:00+00:00,2023-03-14,91,08:30,CPI Index NSA @ 08:30,0.30971849763599757,0.7604170306431499,1.3386814928736852,15.0
ZN,2023-03-14 14:31:00+00:00,2023-03-14,121,08:30,CPI Index NSA @ 08:30,-0.46744742881906143,0.4302168852657639,2.3523073865641635,15.0
ZN,2023-03-15 12:31:00+00:00,2023-03-15,1,08:30,Empire Manufacturing @ 08:30+MBA Mortgage Applications @ 07:00+PPI Ex Food and Energy MoM @ 08:30+Retail Sales Advance MoM @ 08:30,-0.295729023542138,0.4120003906865429,2.5386928137477405,15.0
ZN,2023-03-15 13:01:00+00:00,2023-03-15,31,08:30,Empire Manufacturing @ 08:30+MBA Mortgage Applications @ 07:00+PPI Ex Food and Energy MoM @ 08:30+Retail Sales Advance MoM @ 08:30,-0.5895631453998502,0.4146023812492551,2.4487765021716688,15.0
ZN,2023-03-15 13:31:00+00:00,2023-03-15,61,08:30,Empire Manufacturing @ 08:30+PPI Ex Food and Energy MoM @ 08:30+Retail Sales Advance MoM @ 08:30,2.0,0.4587940278436702,2.226515929955897,15.0
ZN,2023-03-15 14:01:00+00:00,2023-03-15,91,08:30,Business Inventories @ 10:00+Empire Manufacturing @ 08:30+NAHB Housing Market Index @ 10:00+PPI Ex Food and Energy MoM @ 08:30+Retail Sales Advance MoM @ 08:30,-0.5896039619416955,0.7877494764372412,1.280821133691855,15.0
ZN,2023-03-15 14:31:00+00:00,2023-03-15,121,08:30,Business Inventories @ 10:00+Empire Manufacturing @ 08:30+NAHB Housing Market Index @ 10:00+PPI Ex Food and Energy MoM @ 08:30+Retail Sales Advance MoM @ 08:30,1.1470008519673875,0.414324988120641,2.427921713012958,15.0
ZN,2023-03-15 15:01:00+00:00,2023-03-15,61,10:00,Business Inventories @ 10:00+NAHB Housing Market Index @ 10:00,-0.5361448362330945,0.5427247736900855,1.851261575589805,15.0
ZN,2023-03-15 15:31:00+00:00,2023-03-15,91,10:00,Business Inventories @ 10:00+NAHB Housing Market Index @ 10:00,1.0810222208312488,0.4850174742769626,2.0789481883344236,15.0
ZN,2023-03-15 16:01:00+00:00,2023-03-15,121,10:00,Business Inventories @ 10:00+NAHB Housing Market Index @ 10:00,-1.2139669556732562,0.4033167261561326,2.4941969553250387,15.0
ZN,2023-03-16 12:31:00+00:00,2023-03-16,1,08:30,Building Permits @ 08:30+Continuing Claims @ 08:30+Import Price Index YoY @ 08:30+New York Fed Services Business Activity @ 08:30+Philadelphia Fed Business Outlook @ 08:30,-0.8699505267447245,0.30905358755790546,3.2416285857700204,15.0
ZN,2023-03-16 13:01:00+00:00,2023-03-16,31,08:30,Building Permits @ 08:30+Continuing Claims @ 08:30+Import Price Index YoY @ 08:30+New York Fed Services Business Activity @ 08:30+Philadelphia Fed Business Outlook @ 08:30,-0.8575818043979963,0.3596327687349287,2.7956980783507213,15.0
ZN,2023-03-16 14:01:00+00:00,2023-03-16,91,08:30,Building Permits @ 08:30+Continuing Claims @ 08:30+Import Price Index YoY @ 08:30+New York Fed Services Business Activity @ 08:30+Philadelphia Fed Business Outlook @ 08:30,-0.6812283064606881,0.5557409663162244,1.8130296452545658,15.0
ZN,2023-04-03 14:01:00+00:00,2023-04-03,1,10:00,ISM Manufacturing @ 10:00,-0.42748108967387477,0.40186187559464553,2.5124132928479534,15.0
ZN,2023-04-03 14:31:00+00:00,2023-04-03,31,10:00,ISM Manufacturing @ 10:00,0.854853766395404,0.48794635143139625,2.0589657406489033,15.0
ZN,2023-04-03 15:01:00+00:00,2023-04-03,61,10:00,ISM Manufacturing @ 10:00,-2.0,0.2433602012766561,4.120096549929164,15.0
ZN,2023-04-03 15:31:00+00:00,2023-04-03,91,10:00,ISM Manufacturing @ 10:00,1.0224753482007287,0.5292422485161506,1.899726682072031,15.0
ZN,2023-04-05 15:31:00+00:00,2023-04-05,91,10:00,ISM Services Index @ 10:00,0.7606194785812662,0.5053800905023216,2.0125479882506228,15.0
ZN,2023-04-12 13:01:00+00:00,2023-04-12,121,07:00,CPI Index NSA @ 08:30+MBA Mortgage Applications @ 07:00,-0.48499227601479494,0.32220591844117763,3.1874194750754183,15.0
ZN,2023-04-12 13:31:00+00:00,2023-04-12,61,08:30,CPI Index NSA @ 08:30,0.4415719648654046,0.37690489086750306,2.66367589272289,15.0
ZN,2023-04-12 14:31:00+00:00,2023-04-12,121,08:30,CPI Index NSA @ 08:30,-0.47967129367943667,0.5462815951837304,1.8461804562265032,15.0
ZN,2023-04-12 18:31:00+00:00,2023-04-12,31,14:00,FOMC Meeting Minutes @ 14:00+Federal Budget Balance @ 14:00,-0.49234410135820517,0.35171287127112827,2.952286302189756,15.0
ZN,2023-04-12 19:31:00+00:00,2023-04-12,91,14:00,FOMC Meeting Minutes @ 14:00+Federal Budget Balance @ 14:00,0.44397789199987714,0.2728880785229732,3.6948160231903624,15.0
ZN,2023-04-14 12:31:00+00:00,2023-04-14,1,08:30,Import Price Index YoY @ 08:30+Retail Sales Advance MoM @ 08:30,0.16423201461015424,0.6943567531116202,1.5413222782725353,15.0
ZN,2023-04-14 13:31:00+00:00,2023-04-14,61,08:30,Import Price Index YoY @ 08:30+Retail Sales Advance MoM @ 08:30,0.4420786383480336,0.4869490434277888,2.086430603938337,15.0
ZN,2023-04-14 14:01:00+00:00,2023-04-14,1,10:00,Business Inventories @ 10:00+Import Price Index YoY @ 08:30+Retail Sales Advance MoM @ 08:30+U. of Mich. Sentiment @ 10:00,-0.028390085624279804,0.31993467089162353,3.166211640740339,15.0
ZN,2023-04-14 14:31:00+00:00,2023-04-14,31,10:00,Business Inventories @ 10:00+Import Price Index YoY @ 08:30+Retail Sales Advance MoM @ 08:30+U. of Mich. Sentiment @ 10:00,0.19331908813233978,0.34671190060408197,2.891118053544052,15.0
ZN,2023-04-14 15:01:00+00:00,2023-04-14,61,10:00,Business Inventories @ 10:00+U. of Mich. Sentiment @ 10:00,-0.41960953988323313,0.3135129003250829,3.196576751557876,15.0
ZN,2023-04-20 13:01:00+00:00,2023-04-20,31,08:30,Continuing Claims @ 08:30+Philadelphia Fed Business Outlook @ 08:30,1.5892754386398336,0.2999490645238595,3.3455228172803637,15.0
ZN,2023-04-20 14:01:00+00:00,2023-04-20,1,10:00,Continuing Claims @ 08:30+Existing Home Sales @ 10:00+Leading Index @ 10:00+Philadelphia Fed Business Outlook @ 08:30,0.8516613203033783,0.3068009020993436,3.2767078341461042,15.0
ZN,2023-04-20 14:31:00+00:00,2023-04-20,121,08:30,Continuing Claims @ 08:30+Existing Home Sales @ 10:00+Leading Index @ 10:00+Philadelphia Fed Business Outlook @ 08:30,-0.7987738400682335,0.4478871276156846,2.2563597645728963,15.0
ZN,2023-05-01 14:31:00+00:00,2023-05-01,31,10:00,ISM Manufacturing @ 10:00,0.6187002258615427,0.4227030268622982,2.3749816357539775,15.0
ZN,2023-05-01 15:31:00+00:00,2023-05-01,91,10:00,ISM Manufacturing @ 10:00,-0.9907618986624515,0.43184426208943355,2.3393936027758535,15.0
ZN,2023-05-01 16:01:00+00:00,2023-05-01,121,10:00,ISM Manufacturing @ 10:00,-0.8204075315199065,0.39377026491735545,2.553089126868915,15.0
ZN,2023-05-03 14:01:00+00:00,2023-05-03,1,10:00,ISM Services Index @ 10:00,-0.5782623758991449,0.37381789556574696,2.6772490820173878,15.0
ZN,2023-05-03 14:31:00+00:00,2023-05-03,31,10:00,ISM Services Index @ 10:00,0.7374395828375148,0.35541086807578404,2.8336596709867186,15.0
ZN,2023-05-03 15:01:00+00:00,2023-05-03,61,10:00,ISM Services Index @ 10:00,-0.6742061400376735,0.5188720934640819,1.9602396009602276,15.0
ZN,2023-05-03 16:01:00+00:00,2023-05-03,121,10:00,ISM Services Index @ 10:00,-0.9191229870985895,0.3499046727577958,2.867983721783005,15.0
ZN,2023-05-05 12:31:00+00:00,2023-05-05,1,08:30,Change in Manufact. Payrolls @ 08:30,-0.4492532771926778,0.6375719957182117,1.6834370887526884,15.0
ZN,2023-05-05 13:31:00+00:00,2023-05-05,61,08:30,Change in Manufact. Payrolls @ 08:30,-0.5604818113498526,0.4037701366809993,2.490114100958872,15.0
ZN,2023-05-05 14:31:00+00:00,2023-05-05,121,08:30,Change in Manufact. Payrolls @ 08:30,0.8928261213863978,0.3567677267791872,2.811341898476504,15.0
ZN,2023-05-10 13:01:00+00:00,2023-05-10,121,07:00,CPI Index NSA @ 08:30+MBA Mortgage Applications @ 07:00,-0.5149005062017816,0.3159580189420331,3.1810464154367493,15.0
ZN,2023-05-10 14:01:00+00:00,2023-05-10,91,08:30,CPI Index NSA @ 08:30,0.7358619491999434,0.6984603140195808,1.5056717410975495,15.0
ZN,2023-05-10 14:31:00+00:00,2023-05-10,121,08:30,CPI Index NSA @ 08:30,-0.7534704743087699,0.4818672318288736,2.087552594901036,15.0
ZN,2023-05-16 12:31:00+00:00,2023-05-16,1,08:30,New York Fed Services Business Activity @ 08:30+Retail Sales Advance MoM @ 08:30,-0.35457500103177686,0.6319355815593419,1.637228066649008,15.0
ZN,2023-05-16 13:01:00+00:00,2023-05-16,31,08:30,New York Fed Services Business Activity @ 08:30+Retail Sales Advance MoM @ 08:30,-0.7642264623920466,0.40571753410184014,2.483391350769204,15.0
ZN,2023-05-16 13:31:00+00:00,2023-05-16,61,08:30,New York Fed Services Business Activity @ 08:30+Retail Sales Advance MoM @ 08:30,1.1851074579110628,0.4432055164268721,2.309229819378865,15.0
ZN,2023-05-16 14:01:00+00:00,2023-05-16,91,08:30,Business Inventories @ 10:00+NAHB Housing Market Index @ 10:00+New York Fed Services Business Activity @ 08:30+Retail Sales Advance MoM @ 08:30,-0.7822243699192901,0.44787780692947926,2.2491867256874345,15.0
ZN,2023-05-16 14:31:00+00:00,2023-05-16,121,08:30,Business Inventories @ 10:00+NAHB Housing Market Index @ 10:00+New York Fed Services Business Activity @ 08:30+Retail Sales Advance MoM @ 08:30,-1.1037751758749357,0.39446037724143745,2.6106075614725874,15.0
ZN,2023-05-16 15:01:00+00:00,2023-05-16,61,10:00,Business Inventories @ 10:00+NAHB Housing Market Index @ 10:00,0.7981187512107784,0.27492131479956317,3.6432468254543147,15.0
ZN,2023-05-16 15:31:00+00:00,2023-05-16,91,10:00,Business Inventories @ 10:00+NAHB Housing Market Index @ 10:00,-1.9150382026214638,0.35427915216008243,2.8416276789831896,15.0
ZN,2023-05-18 12:31:00+00:00,2023-05-18,1,08:30,Continuing Claims @ 08:30+Philadelphia Fed Business Outlook @ 08:30,0.2081837360723216,0.5500128198372125,1.8319265044343331,15.0
ZN,2023-05-18 13:01:00+00:00,2023-05-18,31,08:30,Continuing Claims @ 08:30+Philadelphia Fed Business Outlook @ 08:30,-0.6978625851670857,0.5190268988701413,1.9289420212058621,15.0
ZN,2023-05-18 14:01:00+00:00,2023-05-18,1,10:00,Continuing Claims @ 08:30+Existing Home Sales @ 10:00+Leading Index @ 10:00+Philadelphia Fed Business Outlook @ 08:30,0.5997305855697177,0.6424385448788583,1.5757607357311547,15.0
ZN,2023-05-24 18:31:00+00:00,2023-05-24,31,14:00,FOMC Meeting Minutes @ 14:00,0.296791692862868,0.4579521313664808,2.4239901983394168,15.0
ZN,2023-05-24 19:01:00+00:00,2023-05-24,61,14:00,FOMC Meeting Minutes @ 14:00,-0.5084381187796343,0.4384591242523434,2.4049893701402936,15.0
ZN,2023-05-24 20:01:00+00:00,2023-05-24,121,14:00,FOMC Meeting Minutes @ 14:00,1.3716923783997694,0.2400613148689745,4.191558496264848,15.0
ZN,2023-06-01 14:31:00+00:00,2023-06-01,121,08:30,Continuing Claims @ 08:30+ISM Manufacturing @ 10:00+Nonfarm Productivity @ 08:30,1.1864876927532573,0.4075458144402413,2.4879915761502764,15.0
ZN,2023-06-01 15:01:00+00:00,2023-06-01,61,10:00,ISM Manufacturing @ 10:00,-0.7361773496401344,0.3476567621680765,2.882399019819378,15.0
ZN,2023-06-01 15:31:00+00:00,2023-06-01,91,10:00,ISM Manufacturing @ 10:00,-1.5749405067475724,0.3306366682696499,3.04901885506221,15.0
ZN,2023-06-01 16:01:00+00:00,2023-06-01,121,10:00,ISM Manufacturing @ 10:00,-1.372231581798852,0.35358462461422124,2.846414428705429,15.0
ZN,2023-06-02 13:01:00+00:00,2023-06-02,31,08:30,Change in Manufact. Payrolls @ 08:30,-0.3097956995436665,0.4766265209366149,2.1229462860938875,15.0
ZN,2023-06-02 13:31:00+00:00,2023-06-02,61,08:30,Change in Manufact. Payrolls @ 08:30,0.6014904049655596,0.392558565223773,2.5535107779185378,15.0
ZN,2023-06-02 14:31:00+00:00,2023-06-02,121,08:30,Change in Manufact. Payrolls @ 08:30,0.6150904972348199,0.6917235201213974,1.5166376004577695,15.0
ZN,2023-06-05 14:01:00+00:00,2023-06-05,1,10:00,Durable Goods Orders @ 08:30+ISM Services Index @ 10:00,0.3427241720197044,0.684748252858107,1.6682727854156076,15.0
ZN,2023-06-05 14:31:00+00:00,2023-06-05,31,10:00,Durable Goods Orders @ 08:30+ISM Services Index @ 10:00,-0.6304228159585271,0.5084951662268273,1.9856865081964992,15.0
ZN,2023-06-05 15:01:00+00:00,2023-06-05,61,10:00,Durable Goods Orders @ 08:30+ISM Services Index @ 10:00,-1.0378877271713352,0.5684527279738634,1.7797384137770687,15.0
ZN,2023-06-05 16:01:00+00:00,2023-06-05,121,10:00,Durable Goods Orders @ 08:30+ISM Services Index @ 10:00,-0.5445599547477356,0.4100095661215387,2.4592988776770004,15.0
ZN,2023-06-13 12:31:00+00:00,2023-06-13,1,08:30,CPI Index NSA @ 08:30,-0.20979349963914365,0.5171554061471761,1.942796229083861,15.0
ZN,2023-06-13 13:01:00+00:00,2023-06-13,31,08:30,CPI Index NSA @ 08:30,0.2885858570850385,0.3757730341079831,2.677940456381193,15.0
ZN,2023-06-13 13:31:00+00:00,2023-06-13,61,08:30,CPI Index NSA @ 08:30,0.42944627041403993,0.670258715591664,1.4983912820561915,15.0
ZN,2023-06-13 14:01:00+00:00,2023-06-13,91,08:30,CPI Index NSA @ 08:30,-0.9623993399475144,0.8843261733607573,1.1471399285297854,15.0
ZN,2023-06-15 12:31:00+00:00,2023-06-15,1,08:30,Continuing Claims @ 08:30+Empire Manufacturing @ 08:30+Import Price Index YoY @ 08:30+Philadelphia Fed Business Outlook @ 08:30+Retail Sales Advance MoM @ 08:30,1.157622894960395,0.34248020010087116,2.922389380695485,15.0
ZN,2023-06-15 13:01:00+00:00,2023-06-15,31,08:30,Continuing Claims @ 08:30+Empire Manufacturing @ 08:30+Import Price Index YoY @ 08:30+Philadelphia Fed Business Outlook @ 08:30+Retail Sales Advance MoM @ 08:30,-0.964761921570001,0.7801839740085329,1.2948052914561166,15.0
ZN,2023-06-15 13:31:00+00:00,2023-06-15,61,08:30,Continuing Claims @ 08:30+Empire Manufacturing @ 08:30+Import Price Index YoY @ 08:30+Philadelphia Fed Business Outlook @ 08:30+Retail Sales Advance MoM @ 08:30,0.3549035935695372,0.6992724594780932,1.440304486314877,15.0
ZN,2023-06-15 14:01:00+00:00,2023-06-15,91,08:30,Business Inventories @ 10:00+Continuing Claims @ 08:30+Empire Manufacturing @ 08:30+Import Price Index YoY @ 08:30+Philadelphia Fed Business Outlook @ 08:30+Retail Sales Advance MoM @ 08:30,0.8713920143790614,0.5437889971080233,1.84268596497844,15.0
ZN,2023-06-15 14:31:00+00:00,2023-06-15,31,10:00,Business Inventories @ 10:00+Continuing Claims @ 08:30+Empire Manufacturing @ 08:30+Import Price Index YoY @ 08:30+Philadelphia Fed Business Outlook @ 08:30+Retail Sales Advance MoM @ 08:30,-1.204453910625282,0.4884977807044176,2.0840249067531214,15.0
ZN,2023-06-15 15:01:00+00:00,2023-06-15,61,10:00,Business Inventories @ 10:00,0.6037696930414441,0.7603035870208698,1.3278164539154935,15.0
ZN,2023-06-15 16:01:00+00:00,2023-06-15,121,10:00,Business Inventories @ 10:00,1.8733471819456988,0.43342277328039436,2.3216147377623506,15.0
ZN,2023-07-03 14:01:00+00:00,2023-07-03,1,10:00,ISM Manufacturing @ 10:00,0.26386701203136453,0.5461329716356202,2.0517424648352405,15.0
ZN,2023-07-03 14:31:00+00:00,2023-07-03,31,10:00,ISM Manufacturing @ 10:00,0.5542601821204247,0.7559679263408782,1.3538477238031195,15.0
ZN,2023-07-03 15:01:00+00:00,2023-07-03,61,10:00,ISM Manufacturing @ 10:00,0.5676397897322925,0.6431555476453795,1.5611549275982235,15.0
ZN,2023-07-05 18:01:00+00:00,2023-07-05,1,14:00,FOMC Meeting Minutes @ 14:00,0.7861611676279995,0.2921994471863092,3.446954323638598,15.0
ZN,2023-07-05 18:31:00+00:00,2023-07-05,31,14:00,FOMC Meeting Minutes @ 14:00,0.49340067339201066,0.3627725374440734,2.805594622923557,15.0
ZN,2023-07-05 19:31:00+00:00,2023-07-05,91,14:00,FOMC Meeting Minutes @ 14:00,0.4906147695406419,0.3409578710173013,2.997309783198413,15.0
ZN,2023-07-05 20:01:00+00:00,2023-07-05,121,14:00,FOMC Meeting Minutes @ 14:00,-1.310541903885295,0.34688709815794205,2.9141899667544346,15.0
ZN,2023-07-06 14:01:00+00:00,2023-07-06,1,10:00,Continuing Claims @ 08:30+ISM Services Index @ 10:00+JOLTS Job Openings @ 10:00+Trade Balance @ 08:30,-0.6620747693470029,0.45950683410222104,2.211959128891607,15.0
ZN,2023-07-06 15:31:00+00:00,2023-07-06,91,10:00,ISM Services Index @ 10:00+JOLTS Job Openings @ 10:00,1.8011089363842345,0.4759020297519315,2.1211880247902144,15.0
ZN,2023-07-06 16:01:00+00:00,2023-07-06,121,10:00,ISM Services Index @ 10:00+JOLTS Job Openings @ 10:00,-1.217322101668174,0.4300994095453107,2.3451108034643395,15.0
ZN,2023-07-07 12:31:00+00:00,2023-07-07,1,08:30,Change in Manufact. Payrolls @ 08:30,-0.34746976718234285,0.46569432099742303,2.15341220280065,15.0
ZN,2023-07-07 13:01:00+00:00,2023-07-07,31,08:30,Change in Manufact. Payrolls @ 08:30,-1.2935999458979257,0.6519093524019677,1.5440045676978336,15.0
ZN,2023-07-07 13:31:00+00:00,2023-07-07,61,08:30,Change in Manufact. Payrolls @ 08:30,-0.4943023105114061,0.6038564382206955,1.664174626358864,15.0
ZN,2023-07-07 14:01:00+00:00,2023-07-07,91,08:30,Change in Manufact. Payrolls @ 08:30,0.5522202480620721,0.42234827398274105,2.377446107286675,15.0
ZN,2023-07-07 14:31:00+00:00,2023-07-07,121,08:30,Change in Manufact. Payrolls @ 08:30,-0.6313152218176673,0.8586055475912487,1.1773819573368824,15.0
ZN,2023-07-12 12:31:00+00:00,2023-07-12,91,07:00,CPI Index NSA @ 08:30+MBA Mortgage Applications @ 07:00,0.27434496464876457,0.6963140055097845,1.6946045537211112,15.0
ZN,2023-07-12 13:01:00+00:00,2023-07-12,121,07:00,CPI Index NSA @ 08:30+MBA Mortgage Applications @ 07:00,0.47476979524416907,0.5885397305759391,1.793265672317566,15.0
ZN,2023-07-12 13:31:00+00:00,2023-07-12,61,08:30,CPI Index NSA @ 08:30,0.5681534643845276,0.339547604573113,2.957041255722108,15.0
ZN,2023-07-12 14:01:00+00:00,2023-07-12,91,08:30,CPI Index NSA @ 08:30,0.30583088031681066,0.4535540068423671,2.212433434190005,15.0
ZN,2023-07-12 14:31:00+00:00,2023-07-12,121,08:30,CPI Index NSA @ 08:30,-0.5489987031521404,0.43331026247855875,2.322571563405869,15.0
ZN,2023-07-18 12:31:00+00:00,2023-07-18,1,08:30,New York Fed Services Business Activity @ 08:30+Retail Sales Advance MoM @ 08:30,0.5648262023055043,0.30469294081186743,3.3210831306781943,15.0
ZN,2023-07-18 13:01:00+00:00,2023-07-18,31,08:30,New York Fed Services Business Activity @ 08:30+Retail Sales Advance MoM @ 08:30,0.505492169192272,0.40740168599912946,2.4887081131608557,15.0
ZN,2023-07-18 14:01:00+00:00,2023-07-18,91,08:30,Business Inventories @ 10:00+NAHB Housing Market Index @ 10:00+New York Fed Services Business Activity @ 08:30+Retail Sales Advance MoM @ 08:30,-0.04934592567972407,0.3578687040667252,2.8319217865315833,15.0
ZN,2023-07-18 14:31:00+00:00,2023-07-18,31,10:00,Business Inventories @ 10:00+NAHB Housing Market Index @ 10:00+New York Fed Services Business Activity @ 08:30+Retail Sales Advance MoM @ 08:30,0.34049144534299725,0.4305544508798457,2.3269073866236276,15.0
ZN,2023-07-18 15:01:00+00:00,2023-07-18,61,10:00,Business Inventories @ 10:00+NAHB Housing Market Index @ 10:00,-0.3947782240571814,0.4612623983820288,2.1799492394432027,15.0
ZN,2023-07-18 15:31:00+00:00,2023-07-18,91,10:00,Business Inventories @ 10:00+NAHB Housing Market Index @ 10:00,-1.5628383830706316,0.5986347159403098,1.6779094485927097,15.0
ZN,2023-07-18 16:01:00+00:00,2023-07-18,121,10:00,Business Inventories @ 10:00+NAHB Housing Market Index @ 10:00,-0.8254060625086207,0.2992475761291522,3.347157047714686,15.0
ZN,2023-07-20 12:31:00+00:00,2023-07-20,1,08:30,Continuing Claims @ 08:30+Philadelphia Fed Business Outlook @ 08:30,0.3337923645886525,0.4625919986898144,2.180698211018679,15.0
ZN,2023-07-20 13:01:00+00:00,2023-07-20,31,08:30,Continuing Claims @ 08:30+Philadelphia Fed Business Outlook @ 08:30,0.5090468237713499,0.40196189990063924,2.543494386919966,15.0
ZN,2023-07-20 13:31:00+00:00,2023-07-20,61,08:30,Continuing Claims @ 08:30+Philadelphia Fed Business Outlook @ 08:30,-0.5887738167449353,0.5656331096803521,1.7851126691176282,15.0
ZN,2023-07-20 14:01:00+00:00,2023-07-20,91,08:30,Continuing Claims @ 08:30+Existing Home Sales @ 10:00+Leading Index @ 10:00+Philadelphia Fed Business Outlook @ 08:30,0.5428358018331702,0.5453022678944683,1.8568640488270247,15.0
ZN,2023-07-20 14:31:00+00:00,2023-07-20,31,10:00,Continuing Claims @ 08:30+Existing Home Sales @ 10:00+Leading Index @ 10:00+Philadelphia Fed Business Outlook @ 08:30,-1.5069439165088192,0.5012918391779185,2.0063822183168383,15.0
ZN,2023-08-01 14:01:00+00:00,2023-08-01,1,10:00,ISM Manufacturing @ 10:00+JOLTS Job Openings @ 10:00,0.2842053491336717,0.3745752900702646,2.744496117103221,15.0
ZN,2023-08-01 15:01:00+00:00,2023-08-01,61,10:00,Dallas Fed Services Activity @ 10:30+ISM Manufacturing @ 10:00+JOLTS Job Openings @ 10:00,0.9501041135244636,0.3844721159490379,2.833611082069517,15.0
ZN,2023-08-01 15:31:00+00:00,2023-08-01,91,10:00,Dallas Fed Services Activity @ 10:30+ISM Manufacturing @ 10:00+JOLTS Job Openings @ 10:00,0.8532133409947777,0.33506706209275566,3.258362396571748,15.0
ZN,2023-08-01 16:01:00+00:00,2023-08-01,91,10:30,Dallas Fed Services Activity @ 10:30+ISM Manufacturing @ 10:00+JOLTS Job Openings @ 10:00,-2.0,0.3682717258582134,2.832496319879048,15.0
ZN,2023-08-03 14:01:00+00:00,2023-08-03,1,10:00,Continuing Claims @ 08:30+Durable Goods Orders @ 08:30+ISM Services Index @ 10:00+Nonfarm Productivity @ 08:30,-1.1412221643828069,0.2967821426590248,3.378118914862475,15.0
ZN,2023-08-03 14:31:00+00:00,2023-08-03,121,08:30,Continuing Claims @ 08:30+Durable Goods Orders @ 08:30+ISM Services Index @ 10:00+Nonfarm Productivity @ 08:30,-0.2967884074832313,0.32718052821479426,3.0626301201406148,15.0
ZN,2023-08-03 15:01:00+00:00,2023-08-03,61,10:00,Durable Goods Orders @ 08:30+ISM Services Index @ 10:00,1.205279446833962,0.4316876102290028,2.327607197772906,15.0
ZN,2023-08-03 15:31:00+00:00,2023-08-03,91,10:00,Durable Goods Orders @ 08:30+ISM Services Index @ 10:00,0.510142467378071,0.6202160978508303,1.6351322151525673,15.0
ZN,2023-08-03 16:01:00+00:00,2023-08-03,121,10:00,Durable Goods Orders @ 08:30+ISM Services Index @ 10:00,0.8161660646502302,0.7930330514859384,1.3189484108169118,15.0
ZN,2023-08-04 12:31:00+00:00,2023-08-04,1,08:30,Change in Manufact. Payrolls @ 08:30,-0.5079725446538834,0.3722932927251324,2.70655811726985,15.0
ZN,2023-08-04 13:01:00+00:00,2023-08-04,31,08:30,Change in Manufact. Payrolls @ 08:30,-0.8856226625553211,0.6083032702089541,1.6997513548544196,15.0
ZN,2023-08-04 14:01:00+00:00,2023-08-04,91,08:30,Change in Manufact. Payrolls @ 08:30,1.1964599398967357,0.38124042800663244,2.6355643415817016,15.0
ZN,2023-08-10 12:31:00+00:00,2023-08-10,1,08:30,CPI Index NSA @ 08:30+Continuing Claims @ 08:30,-0.23248294779291107,0.33332936124364143,3.0191596477043205,15.0
ZN,2023-08-10 13:01:00+00:00,2023-08-10,31,08:30,CPI Index NSA @ 08:30+Continuing Claims @ 08:30,0.675020749450468,0.5087192906308945,2.009383480691058,15.0
ZN,2023-08-10 14:01:00+00:00,2023-08-10,91,08:30,CPI Index NSA @ 08:30+Continuing Claims @ 08:30,0.7560676294543959,0.4203132241968862,2.416876083276404,15.0
ZN,2023-08-10 14:31:00+00:00,2023-08-10,121,08:30,CPI Index NSA @ 08:30+Continuing Claims @ 08:30,1.1174279461538184,0.5146487129099131,1.970592532410545,15.0
ZN,2023-08-15 12:31:00+00:00,2023-08-15,1,08:30,Empire Manufacturing @ 08:30+Import Price Index YoY @ 08:30+Retail Sales Advance MoM @ 08:30,0.3416263401590551,0.7265667527505165,1.4169670573723252,15.0
ZN,2023-08-15 13:01:00+00:00,2023-08-15,31,08:30,Empire Manufacturing @ 08:30+Import Price Index YoY @ 08:30+Retail Sales Advance MoM @ 08:30,-1.2324136064376552,0.5888272037839992,1.7150365491351323,15.0
ZN,2023-08-15 13:31:00+00:00,2023-08-15,61,08:30,Empire Manufacturing @ 08:30+Import Price Index YoY @ 08:30+Retail Sales Advance MoM @ 08:30,0.7241311716991322,0.501130279395805,2.01754751594808,15.0
ZN,2023-08-15 14:01:00+00:00,2023-08-15,1,10:00,Business Inventories @ 10:00+Empire Manufacturing @ 08:30+Import Price Index YoY @ 08:30+NAHB Housing Market Index @ 10:00+Retail Sales Advance MoM @ 08:30,-0.5902901514913504,0.894153759754811,1.1456765091987307,15.0
ZN,2023-08-15 14:31:00+00:00,2023-08-15,121,08:30,Business Inventories @ 10:00+Empire Manufacturing @ 08:30+Import Price Index YoY @ 08:30+NAHB Housing Market Index @ 10:00+Retail Sales Advance MoM @ 08:30,0.8291630666343042,0.37370229372073294,2.7150303074479534,15.0
ZN,2023-08-15 16:01:00+00:00,2023-08-15,121,10:00,Business Inventories @ 10:00+NAHB Housing Market Index @ 10:00,-0.9537415183131571,0.325910573820364,3.081528895943615,15.0
ZN,2023-08-16 18:31:00+00:00,2023-08-16,31,14:00,FOMC Meeting Minutes @ 14:00,1.0788098689932226,0.37357133468158665,2.7778263077551153,15.0
ZN,2023-08-16 19:01:00+00:00,2023-08-16,61,14:00,FOMC Meeting Minutes @ 14:00,-0.47700976652417776,0.4373687764953202,2.36656315060333,15.0
ZN,2023-08-17 12:31:00+00:00,2023-08-17,1,08:30,Continuing Claims @ 08:30+Philadelphia Fed Business Outlook @ 08:30,-1.6603491515944484,0.4153107060483656,2.413191302539104,15.0
ZN,2023-08-17 13:01:00+00:00,2023-08-17,31,08:30,Continuing Claims @ 08:30+Philadelphia Fed Business Outlook @ 08:30,0.6153940570375872,0.42331923905743607,2.3762967766559524,15.0
ZN,2023-08-17 13:31:00+00:00,2023-08-17,61,08:30,Continuing Claims @ 08:30+Philadelphia Fed Business Outlook @ 08:30,0.37145992129379607,0.37785234845074595,2.656178545042454,15.0
ZN,2023-08-17 14:01:00+00:00,2023-08-17,91,08:30,Continuing Claims @ 08:30+Leading Index @ 10:00+Philadelphia Fed Business Outlook @ 08:30,-1.2677298518591635,0.6305522162372785,1.606288623743258,15.0
ZN,2023-08-17 14:31:00+00:00,2023-08-17,121,08:30,Continuing Claims @ 08:30+Leading Index @ 10:00+Philadelphia Fed Business Outlook @ 08:30,0.7881419364114233,0.34578835820641496,2.9087019867057844,15.0
ZN,2023-09-01 12:31:00+00:00,2023-09-01,1,08:30,Change in Manufact. Payrolls @ 08:30,-0.1872190850450789,0.48983194295168764,2.0706734357508583,15.0
ZN,2023-09-01 13:31:00+00:00,2023-09-01,61,08:30,Change in Manufact. Payrolls @ 08:30,-0.2623815631825416,0.2870804273518485,3.4866861812078014,15.0
ZN,2023-09-01 14:01:00+00:00,2023-09-01,91,08:30,Change in Manufact. Payrolls @ 08:30+ISM Manufacturing @ 10:00,-0.8042270080510064,0.8257977899975872,1.280694690887782,15.0
ZN,2023-09-01 15:01:00+00:00,2023-09-01,61,10:00,ISM Manufacturing @ 10:00,-1.1529233596506636,0.36972671730680473,2.7122868704301015,15.0
ZN,2023-09-01 15:31:00+00:00,2023-09-01,91,10:00,ISM Manufacturing @ 10:00,-1.6352614946805173,0.5900148000693439,1.7035546009815028,15.0
ZN,2023-09-06 14:01:00+00:00,2023-09-06,1,10:00,ISM Services Index @ 10:00+Trade Balance @ 08:30,0.6651034545389811,0.4195303119754451,2.577589667996075,15.0
ZN,2023-09-06 14:31:00+00:00,2023-09-06,121,08:30,ISM Services Index @ 10:00+Trade Balance @ 08:30,0.4817469220581799,0.42912520383814556,2.3481067118395877,15.0
ZN,2023-09-06 15:31:00+00:00,2023-09-06,91,10:00,ISM Services Index @ 10:00,-0.6109856926227359,0.4078055076942727,2.474063581823548,15.0
ZN,2023-09-06 16:01:00+00:00,2023-09-06,121,10:00,ISM Services Index @ 10:00,-0.8667339800178636,0.3646521040680408,2.762924509739018,15.0
ZN,2023-09-13 13:01:00+00:00,2023-09-13,31,08:30,CPI Index NSA @ 08:30+MBA Mortgage Applications @ 07:00,-0.7760968259984895,0.4763315446294488,2.1462249691810222,15.0
ZN,2023-09-13 13:31:00+00:00,2023-09-13,61,08:30,CPI Index NSA @ 08:30,0.8885804650119575,0.48335060941059754,2.0911433089017044,15.0
ZN,2023-09-13 14:01:00+00:00,2023-09-13,91,08:30,CPI Index NSA @ 08:30,-0.5320235312319805,0.36947401101447613,2.753726635820247,15.0
ZN,2023-09-13 14:31:00+00:00,2023-09-13,121,08:30,CPI Index NSA @ 08:30,0.5714814932717232,0.31161758325891803,3.2394789934239485,15.0
ZN,2023-09-14 12:31:00+00:00,2023-09-14,1,08:30,Continuing Claims @ 08:30+PPI Ex Food and Energy MoM @ 08:30+Retail Sales Advance MoM @ 08:30,-0.6421188424480054,0.39081482331769807,2.5689007639945842,15.0
ZN,2023-09-14 13:01:00+00:00,2023-09-14,31,08:30,Continuing Claims @ 08:30+PPI Ex Food and Energy MoM @ 08:30+Retail Sales Advance MoM @ 08:30,0.4348946301888366,0.7256135733546766,1.3918160508970854,15.0
ZN,2023-09-14 13:31:00+00:00,2023-09-14,61,08:30,Continuing Claims @ 08:30+PPI Ex Food and Energy MoM @ 08:30+Retail Sales Advance MoM @ 08:30,-0.2841219417563907,0.47518383233383427,2.1433435323671426,15.0
ZN,2023-09-14 14:01:00+00:00,2023-09-14,91,08:30,Business Inventories @ 10:00+Continuing Claims @ 08:30+PPI Ex Food and Energy MoM @ 08:30+Retail Sales Advance MoM @ 08:30,0.5770325409577919,0.6512548425125471,1.6094016816952685,15.0
ZN,2023-09-14 14:31:00+00:00,2023-09-14,121,08:30,Business Inventories @ 10:00+Continuing Claims @ 08:30+PPI Ex Food and Energy MoM @ 08:30+Retail Sales Advance MoM @ 08:30,-0.01575917829572676,0.35816532714691784,2.813565449428827,15.0
ZN,2023-09-14 15:31:00+00:00,2023-09-14,91,10:00,Business Inventories @ 10:00,-1.1153135452047451,0.6184433521636288,1.6308116831099482,15.0
ZN,2023-09-14 16:01:00+00:00,2023-09-14,121,10:00,Business Inventories @ 10:00,-0.8172966007863774,0.5001922052313749,2.004515651614541,15.0
ZN,2023-09-21 12:31:00+00:00,2023-09-21,1,08:30,Continuing Claims @ 08:30+Current Account Balance @ 08:30+Philadelphia Fed Business Outlook @ 08:30,-0.3715469966045559,0.5019093874870778,1.9983838899317454,15.0
ZN,2023-09-21 13:01:00+00:00,2023-09-21,31,08:30,Continuing Claims @ 08:30+Current Account Balance @ 08:30+Philadelphia Fed Business Outlook @ 08:30,-1.9965373716289567,0.3535316561377127,2.8291866891052373,15.0
ZN,2023-09-21 13:31:00+00:00,2023-09-21,61,08:30,Continuing Claims @ 08:30+Current Account Balance @ 08:30+Philadelphia Fed Business Outlook @ 08:30,0.5508938028762733,0.36554580174592594,2.780552455799956,15.0
ZN,2023-09-21 14:01:00+00:00,2023-09-21,91,08:30,Continuing Claims @ 08:30+Current Account Balance @ 08:30+Existing Home Sales @ 10:00+Leading Index @ 10:00+Philadelphia Fed Business Outlook @ 08:30,-0.9149564685196665,0.5497265967427519,1.8401752485134977,15.0
ZN,2023-09-21 14:31:00+00:00,2023-09-21,121,08:30,Continuing Claims @ 08:30+Current Account Balance @ 08:30+Existing Home Sales @ 10:00+Leading Index @ 10:00+Philadelphia Fed Business Outlook @ 08:30,0.37868979086479226,0.681127946446501,1.4860421447763215,15.0
ZN,2023-10-02 14:31:00+00:00,2023-10-02,31,10:00,ISM Manufacturing @ 10:00,-0.5107680515178402,0.38572658500364,2.6296306299237218,15.0
ZN,2023-10-02 15:31:00+00:00,2023-10-02,91,10:00,ISM Manufacturing @ 10:00,0.8339848821569403,0.48083411058967485,2.1136086613472016,15.0
ZN,2023-10-04 14:01:00+00:00,2023-10-04,1,10:00,Durable Goods Orders @ 08:30+ISM Services Index @ 10:00,-0.5018746126083111,0.30590107609563033,3.3013569161837277,15.0
ZN,2023-10-04 14:31:00+00:00,2023-10-04,31,10:00,Durable Goods Orders @ 08:30+ISM Services Index @ 10:00,-0.655109876146444,0.31887346354794377,3.1410138721221954,15.0
ZN,2023-10-04 15:01:00+00:00,2023-10-04,61,10:00,Durable Goods Orders @ 08:30+ISM Services Index @ 10:00,-0.5679518640440949,0.3656898560110218,2.7426081493961507,15.0
ZN,2023-10-04 16:01:00+00:00,2023-10-04,121,10:00,Durable Goods Orders @ 08:30+ISM Services Index @ 10:00,-1.4023850050076192,0.593396997924527,1.6999617251842016,15.0
ZN,2023-10-06 13:01:00+00:00,2023-10-06,31,08:30,Change in Manufact. Payrolls @ 08:30,1.3504864125167635,0.46477888334633294,2.1646898249560578,15.0
ZN,2023-10-06 13:31:00+00:00,2023-10-06,61,08:30,Change in Manufact. Payrolls @ 08:30,-0.5492303559195525,0.47650071170684294,2.106943583677475,15.0
ZN,2023-10-06 14:01:00+00:00,2023-10-06,91,08:30,Change in Manufact. Payrolls @ 08:30,1.5441324912735197,0.3721355085017637,2.778503941778946,15.0
ZN,2023-10-06 14:31:00+00:00,2023-10-06,121,08:30,Change in Manufact. Payrolls @ 08:30,0.5989107602562548,0.6080501487394668,1.6573931949145342,15.0
ZN,2023-10-11 18:01:00+00:00,2023-10-11,1,14:00,FOMC Meeting Minutes @ 14:00,-0.7786222891679968,0.28258553930601077,3.622302651135891,15.0
ZN,2023-10-11 19:01:00+00:00,2023-10-11,61,14:00,FOMC Meeting Minutes @ 14:00,-1.1529354481695044,0.39519679459308793,2.5866096579347584,15.0
ZN,2023-10-11 19:31:00+00:00,2023-10-11,91,14:00,FOMC Meeting Minutes @ 14:00,0.4334796354649338,0.4022856189603384,2.5156018844102337,15.0
ZN,2023-10-11 20:01:00+00:00,2023-10-11,121,14:00,FOMC Meeting Minutes @ 14:00,-1.1168535911259014,0.45452447942910673,2.2366072584297663,15.0
ZN,2023-10-12 12:31:00+00:00,2023-10-12,1,08:30,CPI Index NSA @ 08:30+Continuing Claims @ 08:30,-0.48880393181819787,0.5104283565461339,1.9781654413097223,15.0
ZN,2023-10-12 13:01:00+00:00,2023-10-12,31,08:30,CPI Index NSA @ 08:30+Continuing Claims @ 08:30,-0.4182722229657359,0.38867983091111186,2.5981266119141284,15.0
ZN,2023-10-12 13:31:00+00:00,2023-10-12,61,08:30,CPI Index NSA @ 08:30+Continuing Claims @ 08:30,0.5370915583514352,0.4186881411631941,2.390812310483114,15.0
ZN,2023-10-17 12:31:00+00:00,2023-10-17,1,08:30,New York Fed Services Business Activity @ 08:30+Retail Sales Advance MoM @ 08:30,0.36348037170520275,0.6825610431048842,1.4956661652066932,15.0
ZN,2023-10-17 13:01:00+00:00,2023-10-17,31,08:30,New York Fed Services Business Activity @ 08:30+Retail Sales Advance MoM @ 08:30,0.6654131731070779,0.43367874630001474,2.3244258573420447,15.0
ZN,2023-10-17 13:31:00+00:00,2023-10-17,61,08:30,New York Fed Services Business Activity @ 08:30+Retail Sales Advance MoM @ 08:30,0.26967068902477676,0.35072063054246433,2.8666820753647615,15.0
ZN,2023-10-17 14:01:00+00:00,2023-10-17,91,08:30,Business Inventories @ 10:00+NAHB Housing Market Index @ 10:00+New York Fed Services Business Activity @ 08:30+Retail Sales Advance MoM @ 08:30,-0.587232389829788,0.5526254252283171,1.819535900127361,15.0
ZN,2023-10-17 14:31:00+00:00,2023-10-17,31,10:00,Business Inventories @ 10:00+NAHB Housing Market Index @ 10:00+New York Fed Services Business Activity @ 08:30+Retail Sales Advance MoM @ 08:30,-0.9876036170329214,0.5067554643659506,1.9974097279396872,15.0
ZN,2023-10-17 15:01:00+00:00,2023-10-17,61,10:00,Business Inventories @ 10:00+NAHB Housing Market Index @ 10:00,-0.7805838415114964,0.42160634633950583,2.391618937664914,15.0
ZN,2023-10-17 15:31:00+00:00,2023-10-17,91,10:00,Business Inventories @ 10:00+NAHB Housing Market Index @ 10:00,0.7007228959218578,0.27223262704996626,3.7104661349427106,15.0
ZN,2023-10-19 13:01:00+00:00,2023-10-19,31,08:30,Continuing Claims @ 08:30+Philadelphia Fed Business Outlook @ 08:30,0.4199870775229937,0.5713543339563739,1.7562605334264414,15.0
ZN,2023-10-19 13:31:00+00:00,2023-10-19,61,08:30,Continuing Claims @ 08:30+Philadelphia Fed Business Outlook @ 08:30,0.6411700779787223,0.5890523307931227,1.6996950426540611,15.0
ZN,2023-10-19 14:01:00+00:00,2023-10-19,91,08:30,Continuing Claims @ 08:30+Existing Home Sales @ 10:00+Leading Index @ 10:00+Philadelphia Fed Business Outlook @ 08:30,0.34707391714736346,0.41907102445608124,2.4038309609985453,15.0
ZN,2023-10-19 14:31:00+00:00,2023-10-19,31,10:00,Continuing Claims @ 08:30+Existing Home Sales @ 10:00+Leading Index @ 10:00+Philadelphia Fed Business Outlook @ 08:30,0.9525300001527021,0.4468924258193799,2.2485897615228856,15.0
ZN,2023-11-01 14:01:00+00:00,2023-11-01,1,10:00,ISM Manufacturing @ 10:00+JOLTS Job Openings @ 10:00,0.2724969481599705,0.691608356983644,1.465101592986679,15.0
ZN,2023-11-01 14:31:00+00:00,2023-11-01,31,10:00,ISM Manufacturing @ 10:00+JOLTS Job Openings @ 10:00,0.37423417809108267,0.7213178439985288,1.3950698479463548,15.0
ZN,2023-11-01 15:01:00+00:00,2023-11-01,61,10:00,ISM Manufacturing @ 10:00+JOLTS Job Openings @ 10:00,-0.9803892560353736,0.5100581405736012,1.984795029616694,15.0
ZN,2023-11-01 15:31:00+00:00,2023-11-01,91,10:00,ISM Manufacturing @ 10:00+JOLTS Job Openings @ 10:00,-0.8219009502878204,0.41417231180795444,2.442656967883652,15.0
ZN,2023-11-03 12:31:00+00:00,2023-11-03,1,08:30,Change in Manufact. Payrolls @ 08:30,0.2232265161562442,0.6937714386086745,1.4989576512606184,15.0
ZN,2023-11-03 13:01:00+00:00,2023-11-03,31,08:30,Change in Manufact. Payrolls @ 08:30,0.34330916436754744,0.6247482179150765,1.625372685728525,15.0
ZN,2023-11-03 13:31:00+00:00,2023-11-03,61,08:30,Change in Manufact. Payrolls @ 08:30,-0.7028945192403643,0.7272269357320956,1.3827140801293596,15.0
ZN,2023-11-03 14:01:00+00:00,2023-11-03,1,10:00,Change in Manufact. Payrolls @ 08:30+ISM Services Index @ 10:00,-0.5502313813354989,0.47862395683598913,2.109172743772194,15.0
ZN,2023-11-03 14:31:00+00:00,2023-11-03,31,10:00,Change in Manufact. Payrolls @ 08:30+ISM Services Index @ 10:00,0.9818404627972702,0.49301095659564426,2.0765655596636967,15.0
ZN,2023-11-03 15:01:00+00:00,2023-11-03,61,10:00,ISM Services Index @ 10:00,-0.6581240704314828,0.44968584195473643,2.2440937187023287,15.0
ZN,2023-11-03 15:31:00+00:00,2023-11-03,91,10:00,ISM Services Index @ 10:00,0.7852105239112985,0.2613531395891065,3.840458064890848,15.0
ZN,2023-11-03 16:01:00+00:00,2023-11-03,121,10:00,ISM Services Index @ 10:00,-1.0959967691128534,0.5418328431780164,1.8643712036800555,15.0
ZN,2023-11-14 13:31:00+00:00,2023-11-14,1,08:30,CPI Index NSA @ 08:30,0.2106481126347983,0.9949088737769273,1.1136374552716177,15.0
ZN,2023-11-14 14:01:00+00:00,2023-11-14,31,08:30,CPI Index NSA @ 08:30,0.33536858647052237,0.37564541150513403,2.6710534597384124,15.0
ZN,2023-11-14 15:01:00+00:00,2023-11-14,91,08:30,CPI Index NSA @ 08:30,0.4864156992731316,0.6042866318073561,1.6682023134814616,15.0
ZN,2023-11-14 15:31:00+00:00,2023-11-14,121,08:30,CPI Index NSA @ 08:30,-0.8134377883426657,0.3318752719116195,3.026580808486219,15.0
ZN,2023-11-15 14:01:00+00:00,2023-11-15,31,08:30,Empire Manufacturing @ 08:30+MBA Mortgage Applications @ 07:00+PPI Ex Food and Energy MoM @ 08:30+Retail Sales Advance MoM @ 08:30,-0.7687282794453083,0.3738130605435932,2.694518154867262,15.0
ZN,2023-11-15 14:31:00+00:00,2023-11-15,61,08:30,Empire Manufacturing @ 08:30+PPI Ex Food and Energy MoM @ 08:30+Retail Sales Advance MoM @ 08:30,-0.31420840545119044,0.44349365673226154,2.2570230918164924,15.0
ZN,2023-11-15 15:01:00+00:00,2023-11-15,1,10:00,Business Inventories @ 10:00+Empire Manufacturing @ 08:30+PPI Ex Food and Energy MoM @ 08:30+Retail Sales Advance MoM @ 08:30,-0.5526557506974809,0.7081533055332248,1.4171894945489882,15.0
ZN,2023-11-15 15:31:00+00:00,2023-11-15,31,10:00,Business Inventories @ 10:00+Empire Manufacturing @ 08:30+PPI Ex Food and Energy MoM @ 08:30+Retail Sales Advance MoM @ 08:30,-1.4029126154113356,0.4443813272925854,2.261114480421697,15.0
ZN,2023-11-15 16:01:00+00:00,2023-11-15,61,10:00,Business Inventories @ 10:00,-0.8738872238836649,0.5422276359495585,1.861792471737138,15.0
ZN,2023-11-15 17:01:00+00:00,2023-11-15,121,10:00,Business Inventories @ 10:00,-0.9284094765384273,0.3933270404443692,2.598829616640041,15.0
ZN,2023-11-16 13:31:00+00:00,2023-11-16,1,08:30,Continuing Claims @ 08:30+Import Price Index YoY @ 08:30+New York Fed Services Business Activity @ 08:30+Philadelphia Fed Business Outlook @ 08:30,0.29274796775659206,0.45545220683122195,2.211114902768618,15.0
ZN,2023-11-16 14:01:00+00:00,2023-11-16,31,08:30,Continuing Claims @ 08:30+Import Price Index YoY @ 08:30+New York Fed Services Business Activity @ 08:30+Philadelphia Fed Business Outlook @ 08:30,0.37796741763850766,0.3823770530048768,2.6212193023124493,15.0
ZN,2023-11-16 14:31:00+00:00,2023-11-16,61,08:30,Continuing Claims @ 08:30+Import Price Index YoY @ 08:30+New York Fed Services Business Activity @ 08:30+Philadelphia Fed Business Outlook @ 08:30,0.4773767935695597,0.4509487572698864,2.222578683790395,15.0
ZN,2023-11-16 15:01:00+00:00,2023-11-16,91,08:30,Continuing Claims @ 08:30+Import Price Index YoY @ 08:30+NAHB Housing Market Index @ 10:00+New York Fed Services Business Activity @ 08:30+Philadelphia Fed Business Outlook @ 08:30,-0.8737913549458252,0.5726632414046,1.7515456063671013,15.0
ZN,2023-11-16 15:31:00+00:00,2023-11-16,121,08:30,Continuing Claims @ 08:30+Import Price Index YoY @ 08:30+NAHB Housing Market Index @ 10:00+New York Fed Services Business Activity @ 08:30+Philadelphia Fed Business Outlook @ 08:30,-0.9708087901547942,0.7126276447286902,1.4218264600305492,15.0
ZN,2023-11-21 19:01:00+00:00,2023-11-21,1,14:00,FOMC Meeting Minutes @ 14:00,-0.6963251601531699,0.21261468990791,4.72911429856174,15.0
ZN,2023-11-21 19:31:00+00:00,2023-11-21,31,14:00,FOMC Meeting Minutes @ 14:00,0.2553822249931433,0.3976044318418004,2.603882680228663,15.0
ZN,2023-11-21 20:01:00+00:00,2023-11-21,61,14:00,FOMC Meeting Minutes @ 14:00,0.6222890911017614,0.36652282729242724,2.749182486273437,15.0
ZN,2023-11-21 20:31:00+00:00,2023-11-21,91,14:00,FOMC Meeting Minutes @ 14:00,-0.5213400547095792,0.2606835321204064,3.84725160748054,15.0
ZN,2023-11-21 21:01:00+00:00,2023-11-21,121,14:00,FOMC Meeting Minutes @ 14:00,-1.638850107102014,0.25690148225143217,3.9292917470434023,15.0
ZN,2023-12-01 15:31:00+00:00,2023-12-01,31,10:00,ISM Manufacturing @ 10:00,0.5440517026450006,0.31920300639929755,3.1474347223691463,15.0
ZN,2023-12-01 16:01:00+00:00,2023-12-01,61,10:00,ISM Manufacturing @ 10:00,2.0,0.4145139356447849,2.435182525121683,15.0
ZN,2023-12-01 16:31:00+00:00,2023-12-01,91,10:00,ISM Manufacturing @ 10:00,1.9962045142330844,0.618791633572831,1.6192756437070865,15.0
ZN,2023-12-01 17:01:00+00:00,2023-12-01,121,10:00,ISM Manufacturing @ 10:00,1.4818391940094502,0.35587480271811417,2.845964751089707,15.0
ZN,2023-12-05 15:01:00+00:00,2023-12-05,1,10:00,ISM Services Index @ 10:00+JOLTS Job Openings @ 10:00,-0.23471846316623352,0.40883921205939333,2.5592953265604454,15.0
ZN,2023-12-05 15:31:00+00:00,2023-12-05,31,10:00,ISM Services Index @ 10:00+JOLTS Job Openings @ 10:00,-0.6985351372562986,0.4227422386018588,2.3951220095589663,15.0
ZN,2023-12-05 16:01:00+00:00,2023-12-05,61,10:00,ISM Services Index @ 10:00+JOLTS Job Openings @ 10:00,1.0048086663698248,0.5995502128182775,1.6956701841739619,15.0
ZN,2023-12-05 17:01:00+00:00,2023-12-05,121,10:00,ISM Services Index @ 10:00+JOLTS Job Openings @ 10:00,-1.0063963979510409,0.3049272225704043,3.2966340994749435,15.0
ZN,2023-12-08 13:31:00+00:00,2023-12-08,1,08:30,Change in Manufact. Payrolls @ 08:30,-0.41185542991164237,0.9470008808433182,1.103438526055743,15.0
ZN,2023-12-08 14:01:00+00:00,2023-12-08,31,08:30,Change in Manufact. Payrolls @ 08:30,0.23385220270553825,0.4491602382629699,2.2509323001212924,15.0
ZN,2023-12-08 14:31:00+00:00,2023-12-08,61,08:30,Change in Manufact. Payrolls @ 08:30,-1.1784825571487996,0.48339597589256034,2.076657376866052,15.0
ZN,2023-12-08 15:01:00+00:00,2023-12-08,91,08:30,Change in Manufact. Payrolls @ 08:30+U. of Mich. Sentiment @ 10:00,0.6274118834678999,0.4552226205394351,2.207294526315988,15.0
ZN,2023-12-12 14:31:00+00:00,2023-12-12,61,08:30,CPI Index NSA @ 08:30,-0.3035453855943327,0.4451371486929153,2.3042587658163547,15.0
ZN,2023-12-12 15:01:00+00:00,2023-12-12,91,08:30,CPI Index NSA @ 08:30,0.7479826835555099,0.5903776536676026,1.7033886028327807,15.0
ZN,2023-12-12 15:31:00+00:00,2023-12-12,121,08:30,CPI Index NSA @ 08:30,-0.4854482970148749,0.42719801515803557,2.3800512011672925,15.0
ZN,2023-12-14 13:31:00+00:00,2023-12-14,1,08:30,Continuing Claims @ 08:30+Import Price Index YoY @ 08:30+Retail Sales Advance MoM @ 08:30,0.4107825491481126,0.4672586151211287,2.143438724609126,15.0
ZN,2023-12-14 14:01:00+00:00,2023-12-14,31,08:30,Continuing Claims @ 08:30+Import Price Index YoY @ 08:30+Retail Sales Advance MoM @ 08:30,0.52372975155238,0.5789224275902959,1.735709479425606,15.0
ZN,2023-12-14 14:31:00+00:00,2023-12-14,61,08:30,Continuing Claims @ 08:30+Import Price Index YoY @ 08:30+Retail Sales Advance MoM @ 08:30,1.0427603774027854,0.5447031087556046,1.8489599983105753,15.0
ZN,2023-12-14 15:01:00+00:00,2023-12-14,91,08:30,Business Inventories @ 10:00+Continuing Claims @ 08:30+Import Price Index YoY @ 08:30+Retail Sales Advance MoM @ 08:30,0.650829866182767,0.42725934411009325,2.349416439955289,15.0
ZN,2023-12-14 15:31:00+00:00,2023-12-14,121,08:30,Business Inventories @ 10:00+Continuing Claims @ 08:30+Import Price Index YoY @ 08:30+Retail Sales Advance MoM @ 08:30,0.5035331590871256,0.29391151248017194,3.41017056542512,15.0
ZN,2023-12-14 16:01:00+00:00,2023-12-14,61,10:00,Business Inventories @ 10:00,-0.9251923964672903,0.7206428552571587,1.4156311205421674,15.0
ZN,2023-12-14 17:01:00+00:00,2023-12-14,121,10:00,Business Inventories @ 10:00,-1.2591354929087841,0.41280917467001293,2.4412880281066616,15.0
ZN,2023-12-21 14:31:00+00:00,2023-12-21,61,08:30,Continuing Claims @ 08:30+Core PCE Price Index QoQ @ 08:30+Philadelphia Fed Business Outlook @ 08:30,-0.7106423678928832,0.4561444038762866,2.207153739665523,15.0
ZN,2023-12-21 15:01:00+00:00,2023-12-21,91,08:30,Continuing Claims @ 08:30+Core PCE Price Index QoQ @ 08:30+Leading Index @ 10:00+Philadelphia Fed Business Outlook @ 08:30,1.031306010337654,0.6669080435601331,1.5425226147590574,15.0
ZN,2023-12-21 15:31:00+00:00,2023-12-21,31,10:00,Continuing Claims @ 08:30+Core PCE Price Index QoQ @ 08:30+Leading Index @ 10:00+Philadelphia Fed Business Outlook @ 08:30,-1.4132186003797205,0.392493412095215,2.562517887178529,15.0
ZN,2024-01-02 15:01:00+00:00,2024-01-02,1,10:00,ISM Manufacturing @ 10:00,-0.6021817627602661,0.643629257596303,1.5727013154887695,15.0
ZN,2024-01-02 15:31:00+00:00,2024-01-02,31,10:00,ISM Manufacturing @ 10:00,-0.8132006725177473,0.383318661670377,2.6160643759708364,15.0
ZN,2024-01-02 16:01:00+00:00,2024-01-02,61,10:00,ISM Manufacturing @ 10:00,-0.9037206815144728,0.4090076964199062,2.4582401419945477,15.0
ZN,2024-01-02 17:01:00+00:00,2024-01-02,121,10:00,ISM Manufacturing @ 10:00,-1.5198792651631,0.3867163061696548,2.5928817706832006,15.0
ZN,2024-01-03 15:01:00+00:00,2024-01-03,1,10:00,ISM Manufacturing @ 10:00+JOLTS Job Openings @ 10:00,0.42954235346030456,0.6208659763835105,1.6331028497280422,15.0
ZN,2024-01-03 15:31:00+00:00,2024-01-03,31,10:00,ISM Manufacturing @ 10:00+JOLTS Job Openings @ 10:00,-0.522832298972195,0.6944400694530363,1.4574253824063068,15.0
ZN,2024-01-03 16:31:00+00:00,2024-01-03,91,10:00,ISM Manufacturing @ 10:00+JOLTS Job Openings @ 10:00,0.9421252288447058,0.6960242620920626,1.4694736893581455,15.0
ZN,2024-01-03 17:01:00+00:00,2024-01-03,121,10:00,ISM Manufacturing @ 10:00+JOLTS Job Openings @ 10:00,1.0912477987793465,0.31415720809598524,3.207218993799686,15.0
ZN,2024-01-03 19:01:00+00:00,2024-01-03,1,14:00,FOMC Meeting Minutes @ 14:00,0.8466889390210358,0.3169674480119061,3.2534374230783882,15.0
ZN,2024-01-03 19:31:00+00:00,2024-01-03,31,14:00,FOMC Meeting Minutes @ 14:00,0.36318494337040796,0.3616275894503178,2.838720182822069,15.0
ZN,2024-01-03 20:31:00+00:00,2024-01-03,91,14:00,FOMC Meeting Minutes @ 14:00,-0.8496428419180247,0.2855072607979328,3.5476286481910986,15.0
ZN,2024-01-03 21:01:00+00:00,2024-01-03,121,14:00,FOMC Meeting Minutes @ 14:00,-0.9418971146868975,0.4130591019891183,2.4450546727480713,15.0
ZN,2024-01-04 14:46:00+00:00,2024-01-04,1,09:45,ADP Employment Change @ 08:15+S&P Global US Services PMI @ 09:45,-0.29255395196024264,0.36584939229264574,3.1730347756489508,15.0
ZN,2024-01-04 15:46:00+00:00,2024-01-04,61,09:45,S&P Global US Services PMI @ 09:45,-0.563225126857854,0.32546507599021285,3.079508524145908,15.0
ZN,2024-01-05 13:31:00+00:00,2024-01-05,1,08:30,Change in Manufact. Payrolls @ 08:30,-0.2747022259896564,0.7591855403528671,1.3350110566901534,15.0
ZN,2024-01-05 14:01:00+00:00,2024-01-05,31,08:30,Change in Manufact. Payrolls @ 08:30,-0.6089898923174748,0.5701034988542797,1.7565838264164846,15.0
ZN,2024-01-05 14:31:00+00:00,2024-01-05,61,08:30,Change in Manufact. Payrolls @ 08:30,-0.3890895909754005,0.42074122839032047,2.382726062958354,15.0
ZN,2024-01-05 15:01:00+00:00,2024-01-05,1,10:00,Change in Manufact. Payrolls @ 08:30+Durable Goods Orders @ 08:30+ISM Services Index @ 10:00,0.07108159694937166,0.45480388456681675,2.405049132770517,15.0
ZN,2024-01-05 15:31:00+00:00,2024-01-05,121,08:30,Change in Manufact. Payrolls @ 08:30+Durable Goods Orders @ 08:30+ISM Services Index @ 10:00,1.2145813095439846,0.4011333665627152,2.5450624398819497,15.0
ZN,2024-01-05 16:31:00+00:00,2024-01-05,91,10:00,Durable Goods Orders @ 08:30+ISM Services Index @ 10:00,-0.9455081684267821,0.44338578163264786,2.2851825878131704,15.0
ZN,2024-01-05 17:01:00+00:00,2024-01-05,121,10:00,Durable Goods Orders @ 08:30+ISM Services Index @ 10:00,0.7129838462597057,0.6567955531024177,1.5425614737625413,15.0
ZN,2024-01-11 13:31:00+00:00,2024-01-11,1,08:30,CPI Index NSA @ 08:30+Continuing Claims @ 08:30,-0.5456762715111915,0.7518521378660025,1.3769768128804332,15.0
ZN,2024-01-11 15:01:00+00:00,2024-01-11,91,08:30,CPI Index NSA @ 08:30+Continuing Claims @ 08:30,0.6375117275456234,0.3511716235563832,2.8571178917316393,15.0
ZN,2024-01-11 15:31:00+00:00,2024-01-11,121,08:30,CPI Index NSA @ 08:30+Continuing Claims @ 08:30,-1.5264042898962737,0.4846296700028679,2.073206067978027,15.0
ZN,2024-01-17 13:31:00+00:00,2024-01-17,1,08:30,Import Price Index YoY @ 08:30+MBA Mortgage Applications @ 07:00+New York Fed Services Business Activity @ 08:30+Retail Sales Advance MoM @ 08:30,0.15529706775507435,0.5737231276475724,1.8648742053416192,15.0
ZN,2024-01-17 14:01:00+00:00,2024-01-17,31,08:30,Import Price Index YoY @ 08:30+MBA Mortgage Applications @ 07:00+New York Fed Services Business Activity @ 08:30+Retail Sales Advance MoM @ 08:30,-0.3140363363452638,0.3109993174964338,3.3098868203943423,15.0
ZN,2024-01-17 14:31:00+00:00,2024-01-17,61,08:30,Import Price Index YoY @ 08:30+New York Fed Services Business Activity @ 08:30+Retail Sales Advance MoM @ 08:30,-0.22405916998795328,0.24077875289087144,4.158139261188853,15.0
ZN,2024-01-17 15:01:00+00:00,2024-01-17,91,08:30,Business Inventories @ 10:00+Import Price Index YoY @ 08:30+NAHB Housing Market Index @ 10:00+New York Fed Services Business Activity @ 08:30+Retail Sales Advance MoM @ 08:30,0.46134577645846475,0.6886557923662169,1.4566707409390114,15.0
ZN,2024-01-17 15:31:00+00:00,2024-01-17,31,10:00,Business Inventories @ 10:00+Import Price Index YoY @ 08:30+NAHB Housing Market Index @ 10:00+New York Fed Services Business Activity @ 08:30+Retail Sales Advance MoM @ 08:30,0.872873060433525,0.49864818398040633,2.045277224080197,15.0
ZN,2024-01-18 13:31:00+00:00,2024-01-18,1,08:30,Building Permits @ 08:30+Continuing Claims @ 08:30+Philadelphia Fed Business Outlook @ 08:30,-0.42195121964864435,0.5366441898248806,1.8672504301524464,15.0
ZN,2024-01-18 15:31:00+00:00,2024-01-18,121,08:30,Building Permits @ 08:30+Continuing Claims @ 08:30+Philadelphia Fed Business Outlook @ 08:30,-0.5751192072367253,0.38775946358363433,2.5931555545970797,15.0
ZN,2024-01-24 15:16:00+00:00,2024-01-24,31,09:45,S&P Global US Manufacturing PMI @ 09:45+S&P Global US Services PMI @ 09:45,-1.1627155047915476,0.34657708575292906,2.9167086617512044,15.0
ZN,2024-01-24 16:16:00+00:00,2024-01-24,91,09:45,S&P Global US Manufacturing PMI @ 09:45+S&P Global US Services PMI @ 09:45,0.510477575063333,0.3665860629913241,2.7866917148907895,15.0
ZN,2024-01-25 13:31:00+00:00,2024-01-25,1,08:30,Chicago Fed Nat Activity Index @ 08:30+Continuing Claims @ 08:30+Core PCE Price Index QoQ @ 08:30+Durable Goods Orders @ 08:30+Wholesale Inventories MoM @ 10:00,1.0649879617890827,0.40607620743651707,2.4757802841285828,15.0
ZN,2024-01-25 14:01:00+00:00,2024-01-25,31,08:30,Chicago Fed Nat Activity Index @ 08:30+Continuing Claims @ 08:30+Core PCE Price Index QoQ @ 08:30+Durable Goods Orders @ 08:30+Wholesale Inventories MoM @ 10:00,0.8122316905751272,0.313632587942353,3.199026783504633,15.0
ZN,2024-01-25 14:31:00+00:00,2024-01-25,61,08:30,Chicago Fed Nat Activity Index @ 08:30+Continuing Claims @ 08:30+Core PCE Price Index QoQ @ 08:30+Durable Goods Orders @ 08:30+Wholesale Inventories MoM @ 10:00,-0.31721873086826047,0.41612075494485135,2.4289242729684712,15.0
ZN,2024-01-25 15:01:00+00:00,2024-01-25,91,08:30,Chicago Fed Nat Activity Index @ 08:30+Continuing Claims @ 08:30+Core PCE Price Index QoQ @ 08:30+Durable Goods Orders @ 08:30+New Home Sales @ 10:00+Wholesale Inventories MoM @ 10:00,-0.9229342659990298,0.3291017117411527,3.0523236830999063,15.0
ZN,2024-01-25 15:31:00+00:00,2024-01-25,31,10:00,Chicago Fed Nat Activity Index @ 08:30+Continuing Claims @ 08:30+Core PCE Price Index QoQ @ 08:30+Durable Goods Orders @ 08:30+New Home Sales @ 10:00+Wholesale Inventories MoM @ 10:00,-0.5067942971566406,0.3774549732802543,2.654235900534149,15.0
ZN,2024-02-01 15:01:00+00:00,2024-02-01,91,08:30,Continuing Claims @ 08:30+ISM Manufacturing @ 10:00+Nonfarm Productivity @ 08:30,-0.4081962698229229,0.33973837279185465,3.0356553428250934,15.0
ZN,2024-02-01 15:31:00+00:00,2024-02-01,121,08:30,Continuing Claims @ 08:30+ISM Manufacturing @ 10:00+Nonfarm Productivity @ 08:30,0.2702716411771053,0.33477704580810475,2.9936429100982274,15.0
ZN,2024-02-01 17:01:00+00:00,2024-02-01,121,10:00,ISM Manufacturing @ 10:00,0.810277900804091,0.39512094039503926,2.5362915385075855,15.0
ZN,2024-02-02 13:31:00+00:00,2024-02-02,1,08:30,Change in Manufact. Payrolls @ 08:30,0.4105954034816234,0.9480973953920481,1.1185422483011018,15.0
ZN,2024-02-02 14:01:00+00:00,2024-02-02,31,08:30,Change in Manufact. Payrolls @ 08:30,0.6433091867409938,0.6043757381730398,1.6683064663177298,15.0
ZN,2024-02-02 14:31:00+00:00,2024-02-02,61,08:30,Change in Manufact. Payrolls @ 08:30,-0.698720932578989,0.38149860358884136,2.6440932829971797,15.0
ZN,2024-02-02 15:01:00+00:00,2024-02-02,1,10:00,Change in Manufact. Payrolls @ 08:30+Durable Goods Orders @ 08:30+U. of Mich. Sentiment @ 10:00,0.6219176190175516,0.4765325723577038,2.141603305006599,15.0
ZN,2024-02-02 15:31:00+00:00,2024-02-02,31,10:00,Change in Manufact. Payrolls @ 08:30+Durable Goods Orders @ 08:30+U. of Mich. Sentiment @ 10:00,-0.6887956437596692,0.7395788128099441,1.3755565316876759,15.0
ZN,2024-02-02 16:01:00+00:00,2024-02-02,61,10:00,Durable Goods Orders @ 08:30+U. of Mich. Sentiment @ 10:00,1.0110616132621189,0.3587001789376519,2.81800081292555,15.0
ZN,2024-02-02 16:31:00+00:00,2024-02-02,91,10:00,Durable Goods Orders @ 08:30+U. of Mich. Sentiment @ 10:00,-1.4982477292131806,0.42904385363394393,2.35217799060832,15.0
ZN,2024-02-02 17:01:00+00:00,2024-02-02,121,10:00,Durable Goods Orders @ 08:30+U. of Mich. Sentiment @ 10:00,0.722154860288272,0.6638800083097198,1.5153476250164444,15.0
ZN,2024-02-05 15:01:00+00:00,2024-02-05,1,10:00,ISM Services Index @ 10:00,-0.3291610508495789,0.3978990848477004,2.55641855531006,15.0
ZN,2024-02-05 15:16:00+00:00,2024-02-05,31,09:45,S&P Global US Services PMI @ 09:45,-0.6529291252749012,0.7908409927151301,1.3349300452979762,15.0
ZN,2024-02-05 15:31:00+00:00,2024-02-05,31,10:00,ISM Services Index @ 10:00,0.5746709673198275,0.3412916255581617,2.95606523578469,15.0
ZN,2024-02-05 15:46:00+00:00,2024-02-05,61,09:45,S&P Global US Services PMI @ 09:45,-0.3934491297779401,0.3810230537759149,2.6894207564903594,15.0
ZN,2024-02-05 16:46:00+00:00,2024-02-05,121,09:45,S&P Global US Services PMI @ 09:45,-1.185162958441396,0.4412133491263763,2.3763226729064884,15.0
ZN,2024-02-05 17:01:00+00:00,2024-02-05,121,10:00,ISM Services Index @ 10:00,-2.0,0.35877190682016014,2.8093798200188624,15.0
ZN,2024-02-13 13:31:00+00:00,2024-02-13,1,08:30,CPI Index NSA @ 08:30,-0.27668095716906277,1.176586019775352,0.9718523101885699,15.0
ZN,2024-02-13 14:01:00+00:00,2024-02-13,31,08:30,CPI Index NSA @ 08:30,0.2569779935628888,0.38480431863957654,2.6105830187742933,15.0
ZN,2024-02-13 14:31:00+00:00,2024-02-13,61,08:30,CPI Index NSA @ 08:30,-0.5157015029375123,0.4019569579711074,2.495106665591387,15.0
ZN,2024-02-13 15:01:00+00:00,2024-02-13,91,08:30,CPI Index NSA @ 08:30,-0.8129801484392666,0.43040163280577565,2.367951667323245,15.0
ZN,2024-02-13 15:31:00+00:00,2024-02-13,121,08:30,CPI Index NSA @ 08:30,0.8267295710736243,0.36770987181225473,2.7258787740166714,15.0
ZN,2024-02-15 13:31:00+00:00,2024-02-15,1,08:30,Continuing Claims @ 08:30+Empire Manufacturing @ 08:30+Import Price Index YoY @ 08:30+Philadelphia Fed Business Outlook @ 08:30+Retail Sales Advance MoM @ 08:30,-0.43398417099536934,0.5458365014317759,1.8424441814112484,15.0
ZN,2024-02-15 14:01:00+00:00,2024-02-15,31,08:30,Continuing Claims @ 08:30+Empire Manufacturing @ 08:30+Import Price Index YoY @ 08:30+Philadelphia Fed Business Outlook @ 08:30+Retail Sales Advance MoM @ 08:30,-0.39121540752845535,0.3744776896415644,2.7062996996021775,15.0
ZN,2024-02-15 14:31:00+00:00,2024-02-15,61,08:30,Continuing Claims @ 08:30+Empire Manufacturing @ 08:30+Import Price Index YoY @ 08:30+Philadelphia Fed Business Outlook @ 08:30+Retail Sales Advance MoM @ 08:30,0.35597992720162164,0.3593363043951123,2.786037701231952,15.0
ZN,2024-02-15 15:01:00+00:00,2024-02-15,1,10:00,Business Inventories @ 10:00+Continuing Claims @ 08:30+Empire Manufacturing @ 08:30+Import Price Index YoY @ 08:30+NAHB Housing Market Index @ 10:00+Philadelphia Fed Business Outlook @ 08:30+Retail Sales Advance MoM @ 08:30,0.41814392549013985,0.46857173855571904,2.15152376208573,15.0
ZN,2024-02-15 15:31:00+00:00,2024-02-15,121,08:30,Business Inventories @ 10:00+Continuing Claims @ 08:30+Empire Manufacturing @ 08:30+Import Price Index YoY @ 08:30+NAHB Housing Market Index @ 10:00+Philadelphia Fed Business Outlook @ 08:30+Retail Sales Advance MoM @ 08:30,0.6118183336329045,0.39006423532599527,2.5710122913847684,15.0
ZN,2024-02-21 19:01:00+00:00,2024-02-21,1,14:00,FOMC Meeting Minutes @ 14:00,-0.44827818907743633,0.33275556306932774,3.0501003321555875,15.0
ZN,2024-02-21 19:31:00+00:00,2024-02-21,31,14:00,FOMC Meeting Minutes @ 14:00,-0.5229329214291415,0.2896931014325152,3.4916316070432902,15.0
ZN,2024-02-21 20:31:00+00:00,2024-02-21,91,14:00,FOMC Meeting Minutes @ 14:00,-1.2128786070250306,0.25019501975486935,4.029188105536142,15.0
ZN,2024-02-21 21:01:00+00:00,2024-02-21,121,14:00,FOMC Meeting Minutes @ 14:00,-1.1816324582901339,0.24011598350022773,4.238056894362291,15.0
ZN,2024-02-22 14:46:00+00:00,2024-02-22,1,09:45,S&P Global US Manufacturing PMI @ 09:45+S&P Global US Services PMI @ 09:45,-0.2388991202286652,0.2960390481691017,3.40547766302267,15.0
ZN,2024-02-22 15:46:00+00:00,2024-02-22,61,09:45,S&P Global US Manufacturing PMI @ 09:45+S&P Global US Services PMI @ 09:45,-0.8348084235724605,0.5467402394488691,1.8996549877625564,15.0
ZN,2024-02-22 16:16:00+00:00,2024-02-22,91,09:45,S&P Global US Manufacturing PMI @ 09:45+S&P Global US Services PMI @ 09:45,1.179018178860731,0.3675974833788017,2.735718904852069,15.0
ZN,2024-02-27 13:31:00+00:00,2024-02-27,1,08:30,Durable Goods Orders @ 08:30,0.5703792779686074,0.43206036276833554,2.3512556396133086,15.0
ZN,2024-02-27 14:31:00+00:00,2024-02-27,31,09:00,Durable Goods Orders @ 08:30+FHFA House Price Index MoM @ 09:00+S&P Cotality CS 20-City MoM SA @ 09:00,0.6518076313950734,0.4327661831498029,2.388864612293974,15.0
ZN,2024-02-27 15:01:00+00:00,2024-02-27,1,10:00,Conf. Board Consumer Confidence @ 10:00+Durable Goods Orders @ 08:30+FHFA House Price Index MoM @ 09:00+Richmond Fed Manufact. Index @ 10:00+S&P Cotality CS 20-City MoM SA @ 09:00,0.2656448825986791,0.29846947958569514,3.386618016917802,15.0
ZN,2024-02-27 15:31:00+00:00,2024-02-27,91,09:00,Conf. Board Consumer Confidence @ 10:00+Dallas Fed Services Activity @ 10:30+Durable Goods Orders @ 08:30+FHFA House Price Index MoM @ 09:00+Richmond Fed Manufact. Index @ 10:00+S&P Cotality CS 20-City MoM SA @ 09:00,-0.9749658391955274,0.280027714662458,3.666784776555595,15.0
ZN,2024-03-01 15:01:00+00:00,2024-03-01,1,10:00,ISM Manufacturing @ 10:00+U. of Mich. Sentiment @ 10:00,-0.3196015307765597,0.5221102243738796,2.045000888869672,15.0
ZN,2024-03-01 16:01:00+00:00,2024-03-01,61,10:00,ISM Manufacturing @ 10:00+Kansas City Fed Services Activity @ 11:00+U. of Mich. Sentiment @ 10:00,0.7228076780736458,0.6295042536113602,1.8083118359708201,15.0
ZN,2024-03-01 17:01:00+00:00,2024-03-01,61,11:00,ISM Manufacturing @ 10:00+Kansas City Fed Services Activity @ 11:00+U. of Mich. Sentiment @ 10:00,-1.1095114292606567,0.3178392514084104,3.288063676492669,15.0
ZN,2024-03-05 14:46:00+00:00,2024-03-05,1,09:45,S&P Global US Services PMI @ 09:45,-0.48864864382503526,0.36772348483358,2.7385597011241516,15.0
ZN,2024-03-05 15:01:00+00:00,2024-03-05,1,10:00,Durable Goods Orders @ 08:30+ISM Services Index @ 10:00,-0.26884038828590845,0.474729547212195,2.1586674294918247,15.0
ZN,2024-03-05 15:16:00+00:00,2024-03-05,31,09:45,S&P Global US Services PMI @ 09:45,-0.4650449167604748,0.6027555701728727,1.8389358404675475,15.0
ZN,2024-03-05 15:31:00+00:00,2024-03-05,31,10:00,Durable Goods Orders @ 08:30+ISM Services Index @ 10:00,-0.47048362690135936,0.41421403989433003,2.4420474356635347,15.0
ZN,2024-03-05 15:46:00+00:00,2024-03-05,61,09:45,S&P Global US Services PMI @ 09:45,0.6531707514271787,0.3649420723436036,2.8439276718250195,15.0
ZN,2024-03-05 16:31:00+00:00,2024-03-05,91,10:00,Durable Goods Orders @ 08:30+ISM Services Index @ 10:00,-1.1440127915793266,0.32341950413656717,3.098955757717925,15.0
ZN,2024-03-05 16:46:00+00:00,2024-03-05,121,09:45,S&P Global US Services PMI @ 09:45,-1.074571219491052,0.36298413871409146,2.813272399631691,15.0
ZN,2024-03-08 13:31:00+00:00,2024-03-08,1,08:30,Change in Manufact. Payrolls @ 08:30,0.30923948429930914,0.4361977738482258,2.3234258128451266,15.0
ZN,2024-03-08 14:01:00+00:00,2024-03-08,31,08:30,Change in Manufact. Payrolls @ 08:30,-0.48190982462734805,0.3997624770212095,2.540287166385169,15.0
ZN,2024-03-08 14:31:00+00:00,2024-03-08,61,08:30,Change in Manufact. Payrolls @ 08:30,-0.4177187326562348,0.3824411886783371,2.6261430772583196,15.0
ZN,2024-03-08 15:01:00+00:00,2024-03-08,91,08:30,Change in Manufact. Payrolls @ 08:30,-0.5851561191945956,0.3574766199339354,2.871483382515151,15.0
ZN,2024-03-12 12:31:00+00:00,2024-03-12,1,08:30,CPI Index NSA @ 08:30,-0.2769142008917821,0.7071324613627867,1.428446926592653,15.0
ZN,2024-03-12 13:01:00+00:00,2024-03-12,31,08:30,CPI Index NSA @ 08:30,-0.4145505028149628,0.42986235192995265,2.35015547387294,15.0
ZN,2024-03-12 13:31:00+00:00,2024-03-12,61,08:30,CPI Index NSA @ 08:30,-0.2592346371248981,0.44653076317227747,2.2609149887929605,15.0
ZN,2024-03-12 14:01:00+00:00,2024-03-12,91,08:30,CPI Index NSA @ 08:30,-0.8642496811818764,0.2948904244269081,3.4132856083120298,15.0
ZN,2024-03-12 14:31:00+00:00,2024-03-12,121,08:30,CPI Index NSA @ 08:30,-0.6823539424787409,0.5086285437418284,1.9875475216582104,15.0
ZN,2024-03-14 12:31:00+00:00,2024-03-14,1,08:30,Continuing Claims @ 08:30+PPI Ex Food and Energy MoM @ 08:30+Retail Sales Advance MoM @ 08:30,-0.655700480164384,0.5108545719248799,1.984192045326122,15.0
ZN,2024-03-14 13:01:00+00:00,2024-03-14,31,08:30,Continuing Claims @ 08:30+PPI Ex Food and Energy MoM @ 08:30+Retail Sales Advance MoM @ 08:30,-0.5272704177893052,0.5661246454155566,1.7783629147231086,15.0
ZN,2024-03-14 13:31:00+00:00,2024-03-14,61,08:30,Continuing Claims @ 08:30+PPI Ex Food and Energy MoM @ 08:30+Retail Sales Advance MoM @ 08:30,0.5676475268428892,0.5360077857564537,1.8800949477667404,15.0
ZN,2024-03-14 14:01:00+00:00,2024-03-14,91,08:30,Business Inventories @ 10:00+Continuing Claims @ 08:30+PPI Ex Food and Energy MoM @ 08:30+Retail Sales Advance MoM @ 08:30,0.7266054559765991,0.6462869549054082,1.6057938800163816,15.0
ZN,2024-03-21 12:31:00+00:00,2024-03-21,1,08:30,Continuing Claims @ 08:30+Current Account Balance @ 08:30+Philadelphia Fed Business Outlook @ 08:30,-0.5929251467755874,0.45848146743332174,2.215177497382584,15.0
ZN,2024-03-21 13:01:00+00:00,2024-03-21,31,08:30,Continuing Claims @ 08:30+Current Account Balance @ 08:30+Philadelphia Fed Business Outlook @ 08:30,0.6495618679938866,0.6248985379017189,1.6048810954964836,15.0
ZN,2024-03-21 13:31:00+00:00,2024-03-21,61,08:30,Continuing Claims @ 08:30+Current Account Balance @ 08:30+Philadelphia Fed Business Outlook @ 08:30,-0.9864582657198531,0.35871646776632843,2.816075767974443,15.0
ZN,2024-03-21 14:01:00+00:00,2024-03-21,91,08:30,Continuing Claims @ 08:30+Current Account Balance @ 08:30+Existing Home Sales @ 10:00+Leading Index @ 10:00+Philadelphia Fed Business Outlook @ 08:30,-0.750214211417616,0.6089791079360282,1.6711439250607085,15.0
ZN,2024-03-21 14:31:00+00:00,2024-03-21,31,10:00,Continuing Claims @ 08:30+Current Account Balance @ 08:30+Existing Home Sales @ 10:00+Leading Index @ 10:00+Philadelphia Fed Business Outlook @ 08:30,-0.7091549944830665,0.5150477289651034,1.946727195896542,15.0
ZN,2024-03-21 14:46:00+00:00,2024-03-21,61,09:45,S&P Global US Manufacturing PMI @ 09:45+S&P Global US Services PMI @ 09:45,-0.4451451111006421,0.4102734503205387,2.457379506096323,15.0
ZN,2024-03-26 12:31:00+00:00,2024-03-26,1,08:30,Durable Goods Orders @ 08:30+Philadelphia Fed Non-Manufacturing Activity @ 08:30,-0.3755166165642061,0.3240729748458215,3.0901327261006464,15.0
ZN,2024-03-26 14:01:00+00:00,2024-03-26,61,09:00,Conf. Board Consumer Confidence @ 10:00+Durable Goods Orders @ 08:30+FHFA House Price Index MoM @ 09:00+Philadelphia Fed Non-Manufacturing Activity @ 08:30+Richmond Fed Manufact. Index @ 10:00+S&P Cotality CS 20-City MoM SA @ 09:00,-1.191249216458317,0.3525755063949074,2.9129126321011913,15.0
ZN,2024-03-26 14:31:00+00:00,2024-03-26,121,08:30,Conf. Board Consumer Confidence @ 10:00+Dallas Fed Services Activity @ 10:30+Durable Goods Orders @ 08:30+FHFA House Price Index MoM @ 09:00+Philadelphia Fed Non-Manufacturing Activity @ 08:30+Richmond Fed Manufact. Index @ 10:00+S&P Cotality CS 20-City MoM SA @ 09:00,-0.6084648773550709,0.6062794108869569,1.7421386632738052,15.0
ZN,2024-04-01 14:01:00+00:00,2024-04-01,1,10:00,ISM Manufacturing @ 10:00,-0.5734582639891515,0.6493580226056436,1.5579674118571325,15.0
ZN,2024-04-01 15:01:00+00:00,2024-04-01,61,10:00,ISM Manufacturing @ 10:00,-1.0093129927386928,0.42098318953823494,2.37825461212263,15.0
ZN,2024-04-01 16:01:00+00:00,2024-04-01,121,10:00,ISM Manufacturing @ 10:00,0.687832867202534,0.5379794866293462,1.8650792856965848,15.0
ZN,2024-04-02 14:01:00+00:00,2024-04-02,1,10:00,Durable Goods Orders @ 08:30+JOLTS Job Openings @ 10:00,-0.5350990815041106,0.3623036868833126,2.780045599489768,15.0
ZN,2024-04-02 15:01:00+00:00,2024-04-02,61,10:00,Durable Goods Orders @ 08:30+JOLTS Job Openings @ 10:00,-1.2912495443865175,0.3761930187683388,2.6986593895616204,15.0
ZN,2024-04-03 13:46:00+00:00,2024-04-03,1,09:45,ADP Employment Change @ 08:15+S&P Global US Services PMI @ 09:45,0.2613989077343425,0.34141563984642426,3.1948900105754303,15.0
ZN,2024-04-03 14:01:00+00:00,2024-04-03,1,10:00,ISM Services Index @ 10:00,-0.38417536016191645,0.5824784758943196,1.8498401576117538,15.0
ZN,2024-04-03 14:16:00+00:00,2024-04-03,31,09:45,ADP Employment Change @ 08:15+S&P Global US Services PMI @ 09:45,-0.48213079071817344,0.522468306985959,2.4906953998959795,15.0
ZN,2024-04-03 14:31:00+00:00,2024-04-03,31,10:00,ISM Services Index @ 10:00,-0.4768280573845621,0.5359285621937164,1.8776210136912863,15.0
ZN,2024-04-03 14:46:00+00:00,2024-04-03,61,09:45,S&P Global US Services PMI @ 09:45,0.42931438873779576,0.3950451019783211,2.557124333103149,15.0
ZN,2024-04-03 15:16:00+00:00,2024-04-03,91,09:45,S&P Global US Services PMI @ 09:45,1.5399223519370584,0.2884481435422069,3.4823536124720333,15.0
ZN,2024-04-03 15:31:00+00:00,2024-04-03,91,10:00,ISM Services Index @ 10:00,0.6458317677755541,0.38760669010363724,2.5852355324741647,15.0
ZN,2024-04-03 16:01:00+00:00,2024-04-03,121,10:00,ISM Services Index @ 10:00,-1.4647675972824994,0.6380557986430144,1.571262674412048,15.0
ZN,2024-04-05 12:31:00+00:00,2024-04-05,1,08:30,Change in Manufact. Payrolls @ 08:30,-0.24586191515908248,0.9019166077278578,1.1530176539230923,15.0
ZN,2024-04-05 13:01:00+00:00,2024-04-05,31,08:30,Change in Manufact. Payrolls @ 08:30,-0.5599308012984602,0.3684857002075603,2.7297161160362506,15.0
ZN,2024-04-05 13:31:00+00:00,2024-04-05,61,08:30,Change in Manufact. Payrolls @ 08:30,-0.6914512732583042,0.4678410113927845,2.1758652040802944,15.0
ZN,2024-04-10 12:31:00+00:00,2024-04-10,91,07:00,CPI Index NSA @ 08:30+MBA Mortgage Applications @ 07:00,0.30753832954042726,0.9882064915827506,1.607046923972275,15.0
ZN,2024-04-10 13:01:00+00:00,2024-04-10,121,07:00,CPI Index NSA @ 08:30+MBA Mortgage Applications @ 07:00,0.6079280915138394,0.3727646636701501,2.728177610008543,15.0
ZN,2024-04-10 13:31:00+00:00,2024-04-10,61,08:30,CPI Index NSA @ 08:30,0.5651632015439143,0.5500131162732635,1.8245097372108676,15.0
ZN,2024-04-10 14:01:00+00:00,2024-04-10,91,08:30,CPI Index NSA @ 08:30+Wholesale Inventories MoM @ 10:00,-0.9017191921438376,0.6769125004303809,1.4902912309093161,15.0
ZN,2024-04-10 18:01:00+00:00,2024-04-10,1,14:00,FOMC Meeting Minutes @ 14:00+Federal Budget Balance @ 14:00,-0.752487295745551,0.2915357760672497,3.5609895038055064,15.0
ZN,2024-04-10 18:31:00+00:00,2024-04-10,31,14:00,FOMC Meeting Minutes @ 14:00+Federal Budget Balance @ 14:00,0.3819303756865397,0.49191775317246256,2.13400926622555,15.0
ZN,2024-04-10 19:01:00+00:00,2024-04-10,61,14:00,FOMC Meeting Minutes @ 14:00+Federal Budget Balance @ 14:00,0.5657703784030222,0.2777038355256052,3.6212473973916897,15.0
ZN,2024-04-10 19:31:00+00:00,2024-04-10,91,14:00,FOMC Meeting Minutes @ 14:00+Federal Budget Balance @ 14:00,0.7951568977445335,0.29601315164713327,3.426576369168549,15.0
ZN,2024-04-10 20:01:00+00:00,2024-04-10,121,14:00,FOMC Meeting Minutes @ 14:00+Federal Budget Balance @ 14:00,-1.1164604119888606,0.2773556061253413,3.6229434497730066,15.0
ZN,2024-04-15 13:01:00+00:00,2024-04-15,31,08:30,Empire Manufacturing @ 08:30+Retail Sales Advance MoM @ 08:30,0.33315836524405434,0.4181403550313685,2.3980033339890254,15.0
ZN,2024-04-15 13:31:00+00:00,2024-04-15,61,08:30,Empire Manufacturing @ 08:30+Retail Sales Advance MoM @ 08:30,-0.6189394315161265,0.47085498313025587,2.126156407425708,15.0
ZN,2024-04-15 14:01:00+00:00,2024-04-15,91,08:30,Business Inventories @ 10:00+Empire Manufacturing @ 08:30+NAHB Housing Market Index @ 10:00+Retail Sales Advance MoM @ 08:30,-0.9766435527385459,0.46702196995986534,2.15739768881971,15.0
ZN,2024-04-15 14:31:00+00:00,2024-04-15,121,08:30,Business Inventories @ 10:00+Empire Manufacturing @ 08:30+NAHB Housing Market Index @ 10:00+Retail Sales Advance MoM @ 08:30,-2.0,0.5574032161582887,1.855666132795943,15.0
ZN,2024-04-18 12:31:00+00:00,2024-04-18,1,08:30,Continuing Claims @ 08:30+Philadelphia Fed Business Outlook @ 08:30,-0.713426007317377,0.5278536120314739,1.908644666501432,15.0
ZN,2024-04-18 13:01:00+00:00,2024-04-18,31,08:30,Continuing Claims @ 08:30+Philadelphia Fed Business Outlook @ 08:30,-0.9306860431101279,0.413204211409442,2.4246155388923936,15.0
ZN,2024-04-18 14:01:00+00:00,2024-04-18,1,10:00,Continuing Claims @ 08:30+Existing Home Sales @ 10:00+Leading Index @ 10:00+Philadelphia Fed Business Outlook @ 08:30,0.7008030182890139,0.622842731422275,1.6332829309624293,15.0
ZN,2024-04-23 13:46:00+00:00,2024-04-23,1,09:45,S&P Global US Manufacturing PMI @ 09:45+S&P Global US Services PMI @ 09:45,-0.25582242946152184,0.3331220438770846,3.165887233628204,15.0
ZN,2024-04-23 15:46:00+00:00,2024-04-23,121,09:45,S&P Global US Manufacturing PMI @ 09:45+S&P Global US Services PMI @ 09:45,-0.6050610281884873,0.262430774434899,3.8354599452499585,15.0
ZN,2024-04-24 12:31:00+00:00,2024-04-24,91,07:00,Durable Goods Orders @ 08:30+MBA Mortgage Applications @ 07:00,-0.45541814189791624,0.25566230451292304,3.9393547866022516,15.0
ZN,2024-05-01 14:01:00+00:00,2024-05-01,1,10:00,ISM Manufacturing @ 10:00+JOLTS Job Openings @ 10:00,0.6555104089257613,0.4315853603026776,2.335930983676463,15.0
ZN,2024-05-01 14:31:00+00:00,2024-05-01,31,10:00,ISM Manufacturing @ 10:00+JOLTS Job Openings @ 10:00,0.6698345934607577,0.4214214846613034,2.378628539501269,15.0
ZN,2024-05-01 15:01:00+00:00,2024-05-01,61,10:00,ISM Manufacturing @ 10:00+JOLTS Job Openings @ 10:00,-0.6961498060349323,0.4291687879069664,2.333240157761953,15.0
ZN,2024-05-01 15:31:00+00:00,2024-05-01,91,10:00,ISM Manufacturing @ 10:00+JOLTS Job Openings @ 10:00,-1.136688852411107,0.2580411837043819,3.8997514036254497,15.0
ZN,2024-05-01 16:01:00+00:00,2024-05-01,121,10:00,ISM Manufacturing @ 10:00+JOLTS Job Openings @ 10:00,-0.7161323353393084,0.3027327231327187,3.3075048587097133,15.0
ZN,2024-05-02 14:01:00+00:00,2024-05-02,91,08:30,Continuing Claims @ 08:30+Durable Goods Orders @ 08:30+Nonfarm Productivity @ 08:30+Trade Balance @ 08:30,-0.38251760688248343,0.6470587366716771,1.5666353223492417,15.0
ZN,2024-05-02 14:31:00+00:00,2024-05-02,31,10:00,Continuing Claims @ 08:30+Durable Goods Orders @ 08:30+Nonfarm Productivity @ 08:30+Trade Balance @ 08:30,0.736230290876058,0.35603465861880323,2.8358058683572436,15.0
ZN,2024-05-03 12:31:00+00:00,2024-05-03,1,08:30,Change in Manufact. Payrolls @ 08:30,0.22385373141435172,0.8491531250946787,1.3176856669478234,15.0
ZN,2024-05-03 13:01:00+00:00,2024-05-03,31,08:30,Change in Manufact. Payrolls @ 08:30,0.49927211456569653,0.5760032963475575,1.7404269234014258,15.0
ZN,2024-05-03 13:31:00+00:00,2024-05-03,61,08:30,Change in Manufact. Payrolls @ 08:30,-0.43937671556273794,0.4582802243197405,2.1994064006817067,15.0
ZN,2024-05-03 13:46:00+00:00,2024-05-03,1,09:45,S&P Global US Services PMI @ 09:45,-0.35823042257652055,0.39883453524167745,2.5304695863945623,15.0
ZN,2024-05-03 14:01:00+00:00,2024-05-03,1,10:00,Change in Manufact. Payrolls @ 08:30+ISM Services Index @ 10:00,-0.7906985116348351,0.2969404454890571,3.382667422721421,15.0
ZN,2024-05-03 14:16:00+00:00,2024-05-03,31,09:45,S&P Global US Services PMI @ 09:45,-0.6413627001335469,0.4934179452709263,2.041372943077019,15.0
ZN,2024-05-03 14:31:00+00:00,2024-05-03,31,10:00,Change in Manufact. Payrolls @ 08:30+ISM Services Index @ 10:00,-0.1342189556613057,0.5652808997838322,1.7748579577077772,15.0
ZN,2024-05-03 15:01:00+00:00,2024-05-03,61,10:00,ISM Services Index @ 10:00,-0.5311087422507504,0.6104129211924252,1.6558737574422417,15.0
ZN,2024-05-03 15:16:00+00:00,2024-05-03,91,09:45,S&P Global US Services PMI @ 09:45,-0.845012300228994,0.4197055143051441,2.402980696913766,15.0
ZN,2024-05-03 15:31:00+00:00,2024-05-03,91,10:00,ISM Services Index @ 10:00,-0.8199205295179409,0.40859796723033315,2.454034926245402,15.0
ZN,2024-05-03 15:46:00+00:00,2024-05-03,121,09:45,S&P Global US Services PMI @ 09:45,0.6456365264114083,0.5129101276451663,1.9834395750820564,15.0
ZN,2024-05-15 13:31:00+00:00,2024-05-15,61,08:30,CPI Index NSA @ 08:30+Empire Manufacturing @ 08:30+Retail Sales Advance MoM @ 08:30,0.43089947666236805,0.41754963181636745,2.4118819287158413,15.0
ZN,2024-05-15 14:01:00+00:00,2024-05-15,91,08:30,Business Inventories @ 10:00+CPI Index NSA @ 08:30+Empire Manufacturing @ 08:30+NAHB Housing Market Index @ 10:00+Retail Sales Advance MoM @ 08:30,0.6232069755788648,0.7224010557686652,1.4160489688003786,15.0
ZN,2024-05-16 12:31:00+00:00,2024-05-16,1,08:30,Building Permits @ 08:30+Continuing Claims @ 08:30+Import Price Index YoY @ 08:30+New York Fed Services Business Activity @ 08:30+Philadelphia Fed Business Outlook @ 08:30,0.3948708311999355,0.3203869921170316,3.154421824000259,15.0
ZN,2024-05-16 13:01:00+00:00,2024-05-16,31,08:30,Building Permits @ 08:30+Continuing Claims @ 08:30+Import Price Index YoY @ 08:30+New York Fed Services Business Activity @ 08:30+Philadelphia Fed Business Outlook @ 08:30,0.5175214526519841,0.48887690726028354,2.052140410020455,15.0
ZN,2024-05-16 13:31:00+00:00,2024-05-16,61,08:30,Building Permits @ 08:30+Continuing Claims @ 08:30+Import Price Index YoY @ 08:30+New York Fed Services Business Activity @ 08:30+Philadelphia Fed Business Outlook @ 08:30,-0.45285288403981844,0.3238819114941422,3.099696145251681,15.0
ZN,2024-05-16 14:01:00+00:00,2024-05-16,91,08:30,Building Permits @ 08:30+Continuing Claims @ 08:30+Import Price Index YoY @ 08:30+New York Fed Services Business Activity @ 08:30+Philadelphia Fed Business Outlook @ 08:30,-0.34465642802721386,0.5728730671276365,1.7584720013107245,15.0
ZN,2024-05-16 14:31:00+00:00,2024-05-16,121,08:30,Building Permits @ 08:30+Continuing Claims @ 08:30+Import Price Index YoY @ 08:30+New York Fed Services Business Activity @ 08:30+Philadelphia Fed Business Outlook @ 08:30,0.31948386514173827,0.5054019226460916,1.982826963904045,15.0
ZN,2024-05-22 18:01:00+00:00,2024-05-22,1,14:00,FOMC Meeting Minutes @ 14:00,0.3871435220503311,0.3182227108210241,3.230087606709919,15.0
ZN,2024-05-22 19:01:00+00:00,2024-05-22,61,14:00,FOMC Meeting Minutes @ 14:00,-0.5539553910343519,0.36521327603844067,2.765899678042467,15.0
ZN,2024-05-22 19:31:00+00:00,2024-05-22,91,14:00,FOMC Meeting Minutes @ 14:00,0.7712404841267989,0.3439732989186116,2.936301697131812,15.0
ZN,2024-05-23 13:46:00+00:00,2024-05-23,1,09:45,S&P Global US Manufacturing PMI @ 09:45+S&P Global US Services PMI @ 09:45,-0.3843196199731961,0.395208661869574,2.814079824615979,15.0
ZN,2024-05-23 14:16:00+00:00,2024-05-23,31,09:45,S&P Global US Manufacturing PMI @ 09:45+S&P Global US Services PMI @ 09:45,0.6801709985182451,0.31859720806686337,3.2001389227073065,15.0
ZN,2024-05-24 13:01:00+00:00,2024-05-24,31,08:30,Durable Goods Orders @ 08:30,0.3889415510200858,0.6333295027322203,1.5884477401370922,15.0
ZN,2024-05-24 13:31:00+00:00,2024-05-24,61,08:30,Durable Goods Orders @ 08:30,0.43036279238844477,0.33826015550332916,2.9602982136776834,15.0
ZN,2024-05-24 14:01:00+00:00,2024-05-24,1,10:00,Durable Goods Orders @ 08:30+U. of Mich. Sentiment @ 10:00,-0.463665612771474,0.44500082462798524,2.2818041347096507,15.0
ZN,2024-05-24 14:31:00+00:00,2024-05-24,121,08:30,Durable Goods Orders @ 08:30+U. of Mich. Sentiment @ 10:00,-1.4238359957492939,0.47889703634030334,2.130296092431264,15.0
ZN,2024-06-03 14:01:00+00:00,2024-06-03,1,10:00,ISM Manufacturing @ 10:00,0.28389020770679646,0.5681359892629372,1.9379919305792725,15.0
ZN,2024-06-03 14:31:00+00:00,2024-06-03,31,10:00,ISM Manufacturing @ 10:00,0.5957479847465416,0.46817915084026296,2.177011058108597,15.0
ZN,2024-06-03 15:01:00+00:00,2024-06-03,61,10:00,ISM Manufacturing @ 10:00,-1.496294642436558,0.4667316768361827,2.1469933715428215,15.0
ZN,2024-06-03 15:31:00+00:00,2024-06-03,91,10:00,ISM Manufacturing @ 10:00,1.085920122892207,0.46340275492543487,2.159692623684331,15.0
ZN,2024-06-03 16:01:00+00:00,2024-06-03,121,10:00,ISM Manufacturing @ 10:00,0.7021917668386711,0.31930667963167736,3.1441364584363076,15.0
ZN,2024-06-04 14:01:00+00:00,2024-06-04,1,10:00,Durable Goods Orders @ 08:30+JOLTS Job Openings @ 10:00,0.4078372601036847,0.742798891921267,1.453896683237343,15.0
ZN,2024-06-04 14:31:00+00:00,2024-06-04,31,10:00,Durable Goods Orders @ 08:30+JOLTS Job Openings @ 10:00,0.8933886832802176,0.5896995145083329,1.702178758086287,15.0
ZN,2024-06-04 15:01:00+00:00,2024-06-04,61,10:00,Durable Goods Orders @ 08:30+JOLTS Job Openings @ 10:00,0.38206054357784935,0.3505957819429673,2.8583667856090553,15.0
ZN,2024-06-04 15:31:00+00:00,2024-06-04,91,10:00,Durable Goods Orders @ 08:30+JOLTS Job Openings @ 10:00,-0.9913590721478995,0.5086668128819141,1.9807353656945625,15.0
ZN,2024-06-04 16:01:00+00:00,2024-06-04,121,10:00,Durable Goods Orders @ 08:30+JOLTS Job Openings @ 10:00,1.8588468368391295,0.4435920782033297,2.262326842127756,15.0
ZN,2024-06-05 13:46:00+00:00,2024-06-05,1,09:45,ADP Employment Change @ 08:15+S&P Global US Services PMI @ 09:45,0.2562882061525801,0.37568104176558625,2.8086996691709656,15.0
ZN,2024-06-05 14:01:00+00:00,2024-06-05,1,10:00,ISM Services Index @ 10:00,-0.5638592387383151,0.2589556554330101,3.869724234943591,15.0
ZN,2024-06-05 14:46:00+00:00,2024-06-05,61,09:45,S&P Global US Services PMI @ 09:45,-0.8938474525350428,0.6024346525830087,1.6788353112304863,15.0
ZN,2024-06-05 15:01:00+00:00,2024-06-05,61,10:00,ISM Services Index @ 10:00,0.5923759593820492,0.3761472827790195,2.6758626645799772,15.0
ZN,2024-06-05 15:16:00+00:00,2024-06-05,91,09:45,S&P Global US Services PMI @ 09:45,-0.5819015345284413,0.5796880221021998,1.7739029087568843,15.0
ZN,2024-06-05 15:46:00+00:00,2024-06-05,121,09:45,S&P Global US Services PMI @ 09:45,0.8657120388986452,0.4134500890121119,2.4386789806213773,15.0
ZN,2024-06-05 16:01:00+00:00,2024-06-05,121,10:00,ISM Services Index @ 10:00,-1.1877316548241819,0.39838061001897673,2.5570964481162823,15.0
ZN,2024-06-07 12:31:00+00:00,2024-06-07,1,08:30,Change in Manufact. Payrolls @ 08:30,-0.46231957678210067,1.2318367212414059,0.8824277419180595,15.0
ZN,2024-06-07 13:01:00+00:00,2024-06-07,31,08:30,Change in Manufact. Payrolls @ 08:30,0.49711496961722457,0.40599172590333854,2.4910553012090504,15.0
ZN,2024-06-07 13:31:00+00:00,2024-06-07,61,08:30,Change in Manufact. Payrolls @ 08:30,0.4371910506348494,0.5145896142196313,1.9514957816529388,15.0
ZN,2024-06-07 14:31:00+00:00,2024-06-07,31,10:00,Change in Manufact. Payrolls @ 08:30+Wholesale Inventories MoM @ 10:00,-0.5374056992313696,0.5031807747604098,1.999305870633448,15.0
ZN,2024-06-12 12:31:00+00:00,2024-06-12,91,07:00,CPI Index NSA @ 08:30+MBA Mortgage Applications @ 07:00,0.21462497882436052,1.0475128799493345,1.427073130220959,15.0
ZN,2024-06-12 13:01:00+00:00,2024-06-12,31,08:30,CPI Index NSA @ 08:30+MBA Mortgage Applications @ 07:00,-0.4868185908080695,0.3037351698549039,3.307624725692383,15.0
ZN,2024-06-12 13:31:00+00:00,2024-06-12,61,08:30,CPI Index NSA @ 08:30,-0.45859237610037923,0.5019725625458876,2.0077700938671637,15.0
ZN,2024-06-12 14:01:00+00:00,2024-06-12,91,08:30,CPI Index NSA @ 08:30,-0.9342531971424991,0.6359045107110439,1.576455813344901,15.0
ZN,2024-06-12 14:31:00+00:00,2024-06-12,121,08:30,CPI Index NSA @ 08:30,-1.355125379073521,0.35400988488218504,2.836658764674505,15.0
ZN,2024-06-18 12:31:00+00:00,2024-06-18,1,08:30,New York Fed Services Business Activity @ 08:30+Retail Sales Advance MoM @ 08:30,0.2592295985878124,0.7256010287305412,1.4135957556723815,15.0
ZN,2024-06-18 14:01:00+00:00,2024-06-18,1,10:00,Business Inventories @ 10:00+New York Fed Services Business Activity @ 08:30+Retail Sales Advance MoM @ 08:30,0.5362978522871418,0.25210159633017026,3.9875122643170875,15.0
ZN,2024-06-20 12:31:00+00:00,2024-06-20,1,08:30,Building Permits @ 08:30+Continuing Claims @ 08:30+Current Account Balance @ 08:30+Philadelphia Fed Business Outlook @ 08:30,0.23875597082908756,0.5924739479320127,1.7066480292236514,15.0
ZN,2024-06-20 13:01:00+00:00,2024-06-20,31,08:30,Building Permits @ 08:30+Continuing Claims @ 08:30+Current Account Balance @ 08:30+Philadelphia Fed Business Outlook @ 08:30,-1.3381923814189813,0.6721347130558166,1.5057040723812887,15.0
ZN,2024-06-20 13:31:00+00:00,2024-06-20,61,08:30,Building Permits @ 08:30+Continuing Claims @ 08:30+Current Account Balance @ 08:30+Philadelphia Fed Business Outlook @ 08:30,0.29732190960886495,0.5524058796116907,1.824690494734004,15.0
ZN,2024-06-20 14:31:00+00:00,2024-06-20,121,08:30,Building Permits @ 08:30+Continuing Claims @ 08:30+Current Account Balance @ 08:30+Philadelphia Fed Business Outlook @ 08:30,0.6820114290576528,0.3228424657191485,3.123079221116719,15.0
ZN,2024-06-21 13:46:00+00:00,2024-06-21,1,09:45,S&P Global US Manufacturing PMI @ 09:45+S&P Global US Services PMI @ 09:45,-0.4007161175008877,0.37166926746863416,3.0560385817947266,15.0
ZN,2024-06-21 14:16:00+00:00,2024-06-21,31,09:45,S&P Global US Manufacturing PMI @ 09:45+S&P Global US Services PMI @ 09:45,-0.5496094340544173,0.4867888378389561,2.0599192505611716,15.0
ZN,2024-06-21 15:46:00+00:00,2024-06-21,121,09:45,S&P Global US Manufacturing PMI @ 09:45+S&P Global US Services PMI @ 09:45,0.5928060499312557,0.2923979143465364,3.4802172758609466,15.0
ZN,2024-06-27 12:31:00+00:00,2024-06-27,1,08:30,Continuing Claims @ 08:30+Core PCE Price Index QoQ @ 08:30+Durable Goods Orders @ 08:30+Wholesale Inventories MoM @ 10:00,0.32814945880521706,0.37088190506329366,2.707678194104054,15.0
ZN,2024-06-27 13:31:00+00:00,2024-06-27,61,08:30,Continuing Claims @ 08:30+Core PCE Price Index QoQ @ 08:30+Durable Goods Orders @ 08:30+Wholesale Inventories MoM @ 10:00,0.5910332877496138,0.548374872932427,1.8304967610685112,15.0
ZN,2024-06-27 14:01:00+00:00,2024-06-27,91,08:30,Continuing Claims @ 08:30+Core PCE Price Index QoQ @ 08:30+Durable Goods Orders @ 08:30+Pending Home Sales MoM @ 10:00+Wholesale Inventories MoM @ 10:00,-0.9316825340368353,0.7155595794726943,1.4021323895499118,15.0
ZN,2024-07-01 14:01:00+00:00,2024-07-01,1,10:00,ISM Manufacturing @ 10:00,0.34561137223340455,0.5999552114735143,1.6827350507222114,15.0
ZN,2024-07-01 14:31:00+00:00,2024-07-01,31,10:00,ISM Manufacturing @ 10:00,-0.6986080435978317,0.7286152231720949,1.3943295686478763,15.0
ZN,2024-07-01 16:01:00+00:00,2024-07-01,121,10:00,ISM Manufacturing @ 10:00,-0.6876456847247673,0.3990264583123524,2.525322369395544,15.0
ZN,2024-07-03 13:46:00+00:00,2024-07-03,91,08:15,ADP Employment Change @ 08:15+S&P Global US Services PMI @ 09:45,-0.38238288313856567,0.2115773477795302,4.795388908237937,15.0
ZN,2024-07-03 14:01:00+00:00,2024-07-03,91,08:30,Continuing Claims @ 08:30+Durable Goods Orders @ 08:30+ISM Services Index @ 10:00+Trade Balance @ 08:30,-0.33290512121219806,0.4170796792718088,2.644272524157169,15.0
ZN,2024-07-03 14:16:00+00:00,2024-07-03,121,08:15,ADP Employment Change @ 08:15+S&P Global US Services PMI @ 09:45,0.5966087987934136,0.707606686135279,2.000311525802143,15.0
ZN,2024-07-03 15:31:00+00:00,2024-07-03,91,10:00,Durable Goods Orders @ 08:30+ISM Services Index @ 10:00,-1.1739906083413825,0.3860177768714444,2.609907161177273,15.0
ZN,2024-07-03 16:01:00+00:00,2024-07-03,121,10:00,Durable Goods Orders @ 08:30+ISM Services Index @ 10:00,1.1048928059804792,0.2960580806379245,3.382524947779049,15.0
ZN,2024-07-03 18:01:00+00:00,2024-07-03,1,14:00,FOMC Meeting Minutes @ 14:00,0.7470450536787807,0.31384893115520757,3.2058989006084624,15.0
ZN,2024-07-03 18:31:00+00:00,2024-07-03,31,14:00,FOMC Meeting Minutes @ 14:00,0.4757587609302253,0.22291194720599516,4.498776628357934,15.0
ZN,2024-07-03 19:01:00+00:00,2024-07-03,61,14:00,FOMC Meeting Minutes @ 14:00,0.7279440710235854,0.23455423820707075,4.290865182758444,15.0
ZN,2024-07-05 12:31:00+00:00,2024-07-05,1,08:30,Change in Manufact. Payrolls @ 08:30,0.23935274730596512,0.7229090606223271,1.397531617054201,15.0
ZN,2024-07-05 13:01:00+00:00,2024-07-05,31,08:30,Change in Manufact. Payrolls @ 08:30,-0.3376419911247197,0.4434299704920408,2.2841248212053147,15.0
ZN,2024-07-05 13:31:00+00:00,2024-07-05,61,08:30,Change in Manufact. Payrolls @ 08:30,0.4469777060838781,0.4428537535046915,2.2693267405180513,15.0
ZN,2024-07-05 14:01:00+00:00,2024-07-05,91,08:30,Change in Manufact. Payrolls @ 08:30,-0.5416602993023718,0.639173235447513,1.5805295365442167,15.0
ZN,2024-07-05 14:31:00+00:00,2024-07-05,121,08:30,Change in Manufact. Payrolls @ 08:30,-0.5583845501776772,0.45191064379198476,2.2197418977926158,15.0
ZN,2024-07-11 12:31:00+00:00,2024-07-11,1,08:30,CPI Index NSA @ 08:30+Continuing Claims @ 08:30,-0.3131049090105571,1.1845815714274237,0.8932116778703116,15.0
ZN,2024-07-11 13:01:00+00:00,2024-07-11,31,08:30,CPI Index NSA @ 08:30+Continuing Claims @ 08:30,0.40673356402144195,0.3066750491171507,3.269157889307354,15.0
ZN,2024-07-11 13:31:00+00:00,2024-07-11,61,08:30,CPI Index NSA @ 08:30+Continuing Claims @ 08:30,-0.40104201370816084,0.43601273978640936,2.3691730381147087,15.0
ZN,2024-07-11 14:01:00+00:00,2024-07-11,91,08:30,CPI Index NSA @ 08:30+Continuing Claims @ 08:30,-1.4395570143234595,0.4813671789493581,2.0836771711775763,15.0
ZN,2024-07-11 14:31:00+00:00,2024-07-11,121,08:30,CPI Index NSA @ 08:30+Continuing Claims @ 08:30,0.9173340600171406,0.3075571291044818,3.2543289066537304,15.0
ZN,2024-07-16 12:31:00+00:00,2024-07-16,1,08:30,Import Price Index YoY @ 08:30+New York Fed Services Business Activity @ 08:30+Retail Sales Advance MoM @ 08:30,0.16477872706642865,0.6751024420434201,1.541951991239672,15.0
ZN,2024-07-16 13:01:00+00:00,2024-07-16,31,08:30,Import Price Index YoY @ 08:30+New York Fed Services Business Activity @ 08:30+Retail Sales Advance MoM @ 08:30,-0.3539610612672821,0.5393915420875938,1.8768030130721118,15.0
ZN,2024-07-16 13:31:00+00:00,2024-07-16,61,08:30,Import Price Index YoY @ 08:30+New York Fed Services Business Activity @ 08:30+Retail Sales Advance MoM @ 08:30,0.3744389023472521,0.4088547519877324,2.45316773723271,15.0
ZN,2024-07-16 14:01:00+00:00,2024-07-16,91,08:30,Business Inventories @ 10:00+Import Price Index YoY @ 08:30+NAHB Housing Market Index @ 10:00+New York Fed Services Business Activity @ 08:30+Retail Sales Advance MoM @ 08:30,0.912927817058975,0.43074963833061675,2.346563586483951,15.0
ZN,2024-07-16 14:31:00+00:00,2024-07-16,31,10:00,Business Inventories @ 10:00+Import Price Index YoY @ 08:30+NAHB Housing Market Index @ 10:00+New York Fed Services Business Activity @ 08:30+Retail Sales Advance MoM @ 08:30,0.47416691698315083,0.46950488936733625,2.165864802773494,15.0
ZN,2024-07-18 13:01:00+00:00,2024-07-18,31,08:30,Continuing Claims @ 08:30+Philadelphia Fed Business Outlook @ 08:30,0.4937325466155559,0.7734152217026046,1.301478869462499,15.0
ZN,2024-07-18 13:31:00+00:00,2024-07-18,61,08:30,Continuing Claims @ 08:30+Philadelphia Fed Business Outlook @ 08:30,-0.47201548637490726,0.3903592435634758,2.5686867909629227,15.0
ZN,2024-07-18 14:31:00+00:00,2024-07-18,121,08:30,Continuing Claims @ 08:30+Leading Index @ 10:00+Philadelphia Fed Business Outlook @ 08:30,-0.9578647102795367,0.3144924420128891,3.1875277761759695,15.0
ZN,2024-07-24 13:46:00+00:00,2024-07-24,1,09:45,S&P Global US Manufacturing PMI @ 09:45+S&P Global US Services PMI @ 09:45,0.4434040149389856,0.3429936370878363,3.0027500894362795,15.0
ZN,2024-07-24 14:16:00+00:00,2024-07-24,31,09:45,S&P Global US Manufacturing PMI @ 09:45+S&P Global US Services PMI @ 09:45,-0.7560869328756556,0.349840559306179,2.964483094901786,15.0
ZN,2024-07-25 12:31:00+00:00,2024-07-25,1,08:30,Continuing Claims @ 08:30+Core PCE Price Index QoQ @ 08:30+Durable Goods Orders @ 08:30,0.35404138174318167,0.518306653945778,1.9795152059010073,15.0
ZN,2024-07-25 13:31:00+00:00,2024-07-25,61,08:30,Continuing Claims @ 08:30+Core PCE Price Index QoQ @ 08:30+Durable Goods Orders @ 08:30,0.8132753706649429,0.6354998178005412,1.5768051173901938,15.0
ZN,2024-07-25 14:01:00+00:00,2024-07-25,91,08:30,Continuing Claims @ 08:30+Core PCE Price Index QoQ @ 08:30+Durable Goods Orders @ 08:30,-0.4503725801856513,0.7436946660157422,1.3553095896413636,15.0
ZN,2024-07-25 14:31:00+00:00,2024-07-25,121,08:30,Continuing Claims @ 08:30+Core PCE Price Index QoQ @ 08:30+Durable Goods Orders @ 08:30,-0.49181068613661705,0.40874740278154026,2.5130923342131286,15.0
ZN,2024-08-01 14:01:00+00:00,2024-08-01,91,08:30,Continuing Claims @ 08:30+ISM Manufacturing @ 10:00+Nonfarm Productivity @ 08:30,0.48729522095870326,0.3960768553991452,2.5675558647248304,15.0
ZN,2024-08-01 14:31:00+00:00,2024-08-01,31,10:00,Continuing Claims @ 08:30+ISM Manufacturing @ 10:00+Nonfarm Productivity @ 08:30,-0.3425799374286797,0.3063155566847255,3.297746572760708,15.0
ZN,2024-08-01 15:31:00+00:00,2024-08-01,91,10:00,ISM Manufacturing @ 10:00,0.6902336683326912,0.730482187965078,1.3825333024385873,15.0
ZN,2024-08-01 16:01:00+00:00,2024-08-01,121,10:00,ISM Manufacturing @ 10:00,-1.42075899776041,0.3717016667319834,2.6927810350230743,15.0
ZN,2024-08-02 13:01:00+00:00,2024-08-02,31,08:30,Change in Manufact. Payrolls @ 08:30,0.4797563883594176,0.6912373622186929,1.4526689970100133,15.0
ZN,2024-08-02 13:31:00+00:00,2024-08-02,61,08:30,Change in Manufact. Payrolls @ 08:30,-0.4081138668055425,0.4556419120665296,2.2059819607847646,15.0
ZN,2024-08-02 14:01:00+00:00,2024-08-02,1,10:00,Change in Manufact. Payrolls @ 08:30+Durable Goods Orders @ 08:30,0.5165969531653464,0.4103643058054825,2.4522864439344523,15.0
ZN,2024-08-02 14:31:00+00:00,2024-08-02,121,08:30,Change in Manufact. Payrolls @ 08:30+Durable Goods Orders @ 08:30,-0.7543673192423921,0.5980009716286474,1.6814732813133513,15.0
ZN,2024-08-02 15:01:00+00:00,2024-08-02,61,10:00,Durable Goods Orders @ 08:30,-0.6709046666124658,0.3730129387526015,2.6899193808666593,15.0
ZN,2024-08-02 16:01:00+00:00,2024-08-02,121,10:00,Durable Goods Orders @ 08:30,0.8736710594894048,0.40136465353016987,2.5074356471187125,15.0
ZN,2024-08-05 13:46:00+00:00,2024-08-05,1,09:45,S&P Global US Services PMI @ 09:45,0.2756607766361634,0.48516394585247713,2.1310152953615136,15.0
ZN,2024-08-05 14:01:00+00:00,2024-08-05,1,10:00,ISM Services Index @ 10:00,-0.7255377945188773,0.5113310058435063,2.0428374624054366,15.0
ZN,2024-08-05 14:16:00+00:00,2024-08-05,31,09:45,S&P Global US Services PMI @ 09:45,-0.426132589571703,0.46062625799050044,2.2530146038393934,15.0
ZN,2024-08-05 14:31:00+00:00,2024-08-05,31,10:00,ISM Services Index @ 10:00,0.4768070537329028,0.40021200043459115,2.5565084369370696,15.0
ZN,2024-08-05 14:46:00+00:00,2024-08-05,61,09:45,S&P Global US Services PMI @ 09:45,0.5975264071119466,0.4155301887825496,2.434063022000477,15.0
ZN,2024-08-05 15:01:00+00:00,2024-08-05,61,10:00,ISM Services Index @ 10:00,-1.8662848421033045,0.4373497739031342,2.295796662503636,15.0
ZN,2024-08-05 15:16:00+00:00,2024-08-05,91,09:45,S&P Global US Services PMI @ 09:45,-0.9190220676730498,0.3850562509966991,2.623380170120761,15.0
ZN,2024-08-05 15:31:00+00:00,2024-08-05,91,10:00,ISM Services Index @ 10:00,0.625948823578166,0.7430431009083152,1.3814622861241606,15.0
ZN,2024-08-14 12:31:00+00:00,2024-08-14,1,08:30,CPI Index NSA @ 08:30+MBA Mortgage Applications @ 07:00,0.301474974600316,0.5178356760072397,2.08237131420009,15.0
ZN,2024-08-14 13:01:00+00:00,2024-08-14,31,08:30,CPI Index NSA @ 08:30+MBA Mortgage Applications @ 07:00,0.4448920427490904,0.346610179633584,2.908274712899642,15.0
ZN,2024-08-14 13:31:00+00:00,2024-08-14,61,08:30,CPI Index NSA @ 08:30,0.6502573861788243,0.38888395494651606,2.58501809888027,15.0
ZN,2024-08-14 14:01:00+00:00,2024-08-14,91,08:30,CPI Index NSA @ 08:30,-0.4305344565652413,0.8002549946052164,1.2611852853900491,15.0
ZN,2024-08-14 14:31:00+00:00,2024-08-14,121,08:30,CPI Index NSA @ 08:30,-0.6553656774204386,0.3531106153121812,2.8723911397129536,15.0
ZN,2024-08-15 13:01:00+00:00,2024-08-15,31,08:30,Continuing Claims @ 08:30+Empire Manufacturing @ 08:30+Import Price Index YoY @ 08:30+Philadelphia Fed Business Outlook @ 08:30+Retail Sales Advance MoM @ 08:30,0.43381992783862267,0.6339830210166963,1.6030266880608033,15.0
ZN,2024-08-15 13:31:00+00:00,2024-08-15,61,08:30,Continuing Claims @ 08:30+Empire Manufacturing @ 08:30+Import Price Index YoY @ 08:30+Philadelphia Fed Business Outlook @ 08:30+Retail Sales Advance MoM @ 08:30,0.5249652266377266,0.39844660470707594,2.5368733986618066,15.0
ZN,2024-08-15 14:31:00+00:00,2024-08-15,121,08:30,Business Inventories @ 10:00+Continuing Claims @ 08:30+Empire Manufacturing @ 08:30+Import Price Index YoY @ 08:30+NAHB Housing Market Index @ 10:00+Philadelphia Fed Business Outlook @ 08:30+Retail Sales Advance MoM @ 08:30,-0.835030869331662,0.697701345402713,1.4422556283545327,15.0
ZN,2024-08-21 18:01:00+00:00,2024-08-21,1,14:00,FOMC Meeting Minutes @ 14:00,-0.3998167043168985,0.23826046183060773,4.22691639590978,15.0
ZN,2024-08-21 18:31:00+00:00,2024-08-21,31,14:00,FOMC Meeting Minutes @ 14:00,-0.6489947964911609,0.31112162303066504,3.30905867231514,15.0
ZN,2024-08-21 19:01:00+00:00,2024-08-21,61,14:00,FOMC Meeting Minutes @ 14:00,-0.6080572300856465,0.37615706634237656,2.696408811890831,15.0
ZN,2024-08-21 19:31:00+00:00,2024-08-21,91,14:00,FOMC Meeting Minutes @ 14:00,0.5905700287061172,0.4170072985400181,2.4398529267083613,15.0
ZN,2024-08-21 20:01:00+00:00,2024-08-21,121,14:00,FOMC Meeting Minutes @ 14:00,-1.2712009696254423,0.2560159012220079,3.9677131657040303,15.0
ZN,2024-08-22 13:46:00+00:00,2024-08-22,1,09:45,S&P Global US Manufacturing PMI @ 09:45+S&P Global US Services PMI @ 09:45,0.21075503169597937,0.5461221551031082,1.8784372024113523,15.0
ZN,2024-08-22 14:16:00+00:00,2024-08-22,31,09:45,S&P Global US Manufacturing PMI @ 09:45+S&P Global US Services PMI @ 09:45,-0.538094668043617,0.5075350478282047,2.0096230831563964,15.0
ZN,2024-08-22 14:46:00+00:00,2024-08-22,61,09:45,S&P Global US Manufacturing PMI @ 09:45+S&P Global US Services PMI @ 09:45,-0.4747643657053395,0.32690488510390064,3.0922349418392265,15.0
ZN,2024-08-22 15:16:00+00:00,2024-08-22,91,09:45,S&P Global US Manufacturing PMI @ 09:45+S&P Global US Services PMI @ 09:45,-0.9232559599712946,0.4241438994491099,2.3768688322740257,15.0
ZN,2024-08-22 15:46:00+00:00,2024-08-22,121,09:45,S&P Global US Manufacturing PMI @ 09:45+S&P Global US Services PMI @ 09:45,0.7865267391652752,0.47001774207001124,2.142978613156339,15.0
ZN,2024-08-26 13:01:00+00:00,2024-08-26,31,08:30,Durable Goods Orders @ 08:30,0.6198068797522475,0.8056945646107456,1.2463733600190599,15.0
ZN,2024-08-26 13:31:00+00:00,2024-08-26,61,08:30,Durable Goods Orders @ 08:30,-0.35551535067987805,0.3994069811069167,2.5504267760851693,15.0
ZN,2024-08-26 14:01:00+00:00,2024-08-26,91,08:30,Durable Goods Orders @ 08:30,-1.0272995303568533,0.9048828009525867,1.158695918288821,15.0
ZN,2024-09-03 14:01:00+00:00,2024-09-03,1,10:00,ISM Manufacturing @ 10:00,-0.8179047546551531,0.5498545105964763,1.8286915100898133,15.0
ZN,2024-09-03 14:31:00+00:00,2024-09-03,31,10:00,ISM Manufacturing @ 10:00,0.6881457863275963,0.4014730469961158,2.4993449195522626,15.0
ZN,2024-09-03 15:01:00+00:00,2024-09-03,61,10:00,ISM Manufacturing @ 10:00,-1.1110901682372325,0.3009544860061589,3.340238684950976,15.0
ZN,2024-09-03 15:31:00+00:00,2024-09-03,91,10:00,ISM Manufacturing @ 10:00,0.6394007307219948,0.6037739006044304,1.6698986354614729,15.0
ZN,2024-09-03 16:01:00+00:00,2024-09-03,121,10:00,ISM Manufacturing @ 10:00,-2.0,0.4362864651871978,2.299086537093254,15.0
ZN,2024-09-04 14:01:00+00:00,2024-09-04,1,10:00,Durable Goods Orders @ 08:30+JOLTS Job Openings @ 10:00+Trade Balance @ 08:30,-0.447818859877699,0.5708119990669136,1.949442074165339,15.0
ZN,2024-09-04 16:01:00+00:00,2024-09-04,121,10:00,Durable Goods Orders @ 08:30+JOLTS Job Openings @ 10:00,-0.9941374688723793,0.3540135864033357,2.8426835584997328,15.0
ZN,2024-09-05 13:46:00+00:00,2024-09-05,1,09:45,ADP Employment Change @ 08:15+S&P Global US Services PMI @ 09:45,-0.3517363419170189,0.23111606249591726,4.405878462139618,15.0
ZN,2024-09-05 14:01:00+00:00,2024-09-05,91,08:30,Continuing Claims @ 08:30+ISM Services Index @ 10:00+Nonfarm Productivity @ 08:30,-0.653679182572929,0.36208632830475623,2.8235325680471086,15.0
ZN,2024-09-05 14:16:00+00:00,2024-09-05,31,09:45,ADP Employment Change @ 08:15+S&P Global US Services PMI @ 09:45,-0.6038251961945992,0.49030518123979877,2.326474122798698,15.0
ZN,2024-09-05 14:31:00+00:00,2024-09-05,121,08:30,Continuing Claims @ 08:30+ISM Services Index @ 10:00+Nonfarm Productivity @ 08:30,0.5410713932956241,0.5039708887960858,2.0022762620618,15.0
ZN,2024-09-05 16:01:00+00:00,2024-09-05,121,10:00,ISM Services Index @ 10:00,-0.6139596497675777,0.372108493499499,2.711799585181908,15.0
ZN,2024-09-06 12:31:00+00:00,2024-09-06,1,08:30,Change in Manufact. Payrolls @ 08:30,-0.4139734081584155,0.547469706193806,1.8415181151520723,15.0
ZN,2024-09-06 13:01:00+00:00,2024-09-06,31,08:30,Change in Manufact. Payrolls @ 08:30,-0.49225942149954033,0.7515959389990009,1.3356010139840335,15.0
ZN,2024-09-06 14:01:00+00:00,2024-09-06,91,08:30,Change in Manufact. Payrolls @ 08:30,0.42753639635258855,0.4856685311584918,2.06472616746527,15.0
ZN,2024-09-06 14:31:00+00:00,2024-09-06,121,08:30,Change in Manufact. Payrolls @ 08:30,0.49951887555008195,0.8914815405162126,1.1343876381967986,15.0
ZN,2024-09-11 12:31:00+00:00,2024-09-11,1,08:30,CPI Index NSA @ 08:30+MBA Mortgage Applications @ 07:00,-0.28901141492343596,0.7420878617400023,1.64790713256534,15.0
ZN,2024-09-11 13:01:00+00:00,2024-09-11,121,07:00,CPI Index NSA @ 08:30+MBA Mortgage Applications @ 07:00,0.3131069976431321,0.37805991114612836,2.7114105563809487,15.0
ZN,2024-09-11 13:31:00+00:00,2024-09-11,61,08:30,CPI Index NSA @ 08:30,0.20874274392027317,0.4813814613257769,2.0869053052860993,15.0
ZN,2024-09-11 14:01:00+00:00,2024-09-11,91,08:30,CPI Index NSA @ 08:30,-0.6666436860487471,0.7548279329230754,1.342809066532628,15.0
ZN,2024-09-11 14:31:00+00:00,2024-09-11,121,08:30,CPI Index NSA @ 08:30,-0.8424088979730552,0.5862792785378752,1.716576826103937,15.0
ZN,2024-09-17 12:31:00+00:00,2024-09-17,1,08:30,New York Fed Services Business Activity @ 08:30+Retail Sales Advance MoM @ 08:30,-1.2196757986645779,0.3340462959392917,3.000017066287679,15.0
ZN,2024-09-17 13:31:00+00:00,2024-09-17,61,08:30,New York Fed Services Business Activity @ 08:30+Retail Sales Advance MoM @ 08:30,0.5872993668079647,0.446127046334397,2.261039868660881,15.0
ZN,2024-09-17 14:01:00+00:00,2024-09-17,1,10:00,Business Inventories @ 10:00+NAHB Housing Market Index @ 10:00+New York Fed Services Business Activity @ 08:30+Retail Sales Advance MoM @ 08:30,0.4956110164403512,0.8229878121180059,1.225053738001145,15.0
ZN,2024-09-17 14:31:00+00:00,2024-09-17,121,08:30,Business Inventories @ 10:00+NAHB Housing Market Index @ 10:00+New York Fed Services Business Activity @ 08:30+Retail Sales Advance MoM @ 08:30,-0.6242387104865379,0.43535867566981595,2.307178913804215,15.0
ZN,2024-09-19 13:01:00+00:00,2024-09-19,31,08:30,Continuing Claims @ 08:30+Current Account Balance @ 08:30+Philadelphia Fed Business Outlook @ 08:30,-0.7814423892960506,0.6812595299188771,1.472092773402857,15.0
ZN,2024-09-19 13:31:00+00:00,2024-09-19,61,08:30,Continuing Claims @ 08:30+Current Account Balance @ 08:30+Philadelphia Fed Business Outlook @ 08:30,-0.3933358718128988,0.6070757947046238,1.657898907610529,15.0
ZN,2024-09-19 14:01:00+00:00,2024-09-19,1,10:00,Continuing Claims @ 08:30+Current Account Balance @ 08:30+Existing Home Sales @ 10:00+Leading Index @ 10:00+Philadelphia Fed Business Outlook @ 08:30,-0.8404083183745767,0.38353837734732277,2.653189683500054,15.0
ZN,2024-09-19 14:31:00+00:00,2024-09-19,31,10:00,Continuing Claims @ 08:30+Current Account Balance @ 08:30+Existing Home Sales @ 10:00+Leading Index @ 10:00+Philadelphia Fed Business Outlook @ 08:30,-1.1730916566310043,0.4550538613447439,2.2217977426608093,15.0
ZN,2024-09-23 13:46:00+00:00,2024-09-23,1,09:45,S&P Global US Manufacturing PMI @ 09:45+S&P Global US Services PMI @ 09:45,-0.5663705224672695,0.47604764554469725,2.359067073525401,15.0
ZN,2024-09-23 14:16:00+00:00,2024-09-23,31,09:45,S&P Global US Manufacturing PMI @ 09:45+S&P Global US Services PMI @ 09:45,-1.0585798125527675,0.6446058916097767,1.5781727923085767,15.0
ZN,2024-09-23 14:46:00+00:00,2024-09-23,61,09:45,S&P Global US Manufacturing PMI @ 09:45+S&P Global US Services PMI @ 09:45,-0.5831923494562296,0.4951512266560564,2.0632951623671483,15.0
ZN,2024-09-23 15:16:00+00:00,2024-09-23,91,09:45,S&P Global US Manufacturing PMI @ 09:45+S&P Global US Services PMI @ 09:45,-1.0442885499631342,0.2558336222713857,3.9231971200566456,15.0
ZN,2024-09-23 15:46:00+00:00,2024-09-23,121,09:45,S&P Global US Manufacturing PMI @ 09:45+S&P Global US Services PMI @ 09:45,1.272691091514901,0.30517837623638366,3.2922635344397655,15.0
ZN,2024-09-26 12:31:00+00:00,2024-09-26,1,08:30,Continuing Claims @ 08:30+Core PCE Price Index QoQ @ 08:30+Durable Goods Orders @ 08:30,0.1835676494082279,0.5813152368125877,1.7432190183904936,15.0
ZN,2024-09-26 14:01:00+00:00,2024-09-26,91,08:30,Continuing Claims @ 08:30+Core PCE Price Index QoQ @ 08:30+Durable Goods Orders @ 08:30+Pending Home Sales MoM @ 10:00,0.8410488925216719,0.6145149462750478,1.6544706564692708,15.0
ZN,2024-09-26 14:31:00+00:00,2024-09-26,121,08:30,Continuing Claims @ 08:30+Core PCE Price Index QoQ @ 08:30+Durable Goods Orders @ 08:30+Pending Home Sales MoM @ 10:00,-0.7875918684026,0.5536055924326131,1.905027892680689,15.0
ZN,2024-10-01 14:01:00+00:00,2024-10-01,1,10:00,ISM Manufacturing @ 10:00+JOLTS Job Openings @ 10:00,-0.46401912198984835,0.32981407160101456,3.1299694708243027,15.0
ZN,2024-10-01 14:31:00+00:00,2024-10-01,31,10:00,Dallas Fed Services Activity @ 10:30+ISM Manufacturing @ 10:00+JOLTS Job Openings @ 10:00,-0.5799587068299743,0.3192737134388821,3.2061498807179927,15.0
ZN,2024-10-01 15:01:00+00:00,2024-10-01,61,10:00,Dallas Fed Services Activity @ 10:30+ISM Manufacturing @ 10:00+JOLTS Job Openings @ 10:00,1.7013542679755393,0.367281684007545,3.0198209422512696,15.0
ZN,2024-10-01 15:31:00+00:00,2024-10-01,91,10:00,Dallas Fed Services Activity @ 10:30+ISM Manufacturing @ 10:00+JOLTS Job Openings @ 10:00,-1.4396846133087524,0.33670968733960094,3.0810716287072246,15.0
ZN,2024-10-01 16:01:00+00:00,2024-10-01,121,10:00,Dallas Fed Services Activity @ 10:30+ISM Manufacturing @ 10:00+JOLTS Job Openings @ 10:00,-0.78647130106403,0.42208714512110124,2.5600583926194322,15.0
ZN,2024-10-03 13:46:00+00:00,2024-10-03,1,09:45,S&P Global US Services PMI @ 09:45,0.27106687073168184,0.31971619432949394,3.1315234908421266,15.0
ZN,2024-10-03 14:16:00+00:00,2024-10-03,31,09:45,S&P Global US Services PMI @ 09:45,-0.5880070521104743,0.4328204939523175,2.3201161229497425,15.0
ZN,2024-10-03 14:31:00+00:00,2024-10-03,31,10:00,Continuing Claims @ 08:30+Durable Goods Orders @ 08:30+ISM Services Index @ 10:00,0.43038891748811187,0.3765649280583947,2.6601794988773233,15.0
ZN,2024-10-03 14:46:00+00:00,2024-10-03,61,09:45,S&P Global US Services PMI @ 09:45,0.3761713943802282,0.4689611036297939,2.159815140330339,15.0
ZN,2024-10-03 15:31:00+00:00,2024-10-03,91,10:00,Durable Goods Orders @ 08:30+ISM Services Index @ 10:00,-0.9954798556835635,0.4224434860086964,2.3726447414400638,15.0
ZN,2024-10-03 16:01:00+00:00,2024-10-03,121,10:00,Durable Goods Orders @ 08:30+ISM Services Index @ 10:00,-1.0394406771328568,0.5090766939390825,1.9738671526548626,15.0
ZN,2024-10-04 12:31:00+00:00,2024-10-04,1,08:30,Change in Manufact. Payrolls @ 08:30,-0.37226768524024856,1.1917508487911743,0.8587346298983631,15.0
ZN,2024-10-04 13:31:00+00:00,2024-10-04,61,08:30,Change in Manufact. Payrolls @ 08:30,0.6675387649238417,0.6744225833830139,1.4908052624685366,15.0
ZN,2024-10-04 14:31:00+00:00,2024-10-04,121,08:30,Change in Manufact. Payrolls @ 08:30,-0.7012746706396288,0.6865345988902042,1.467193866917731,15.0
ZN,2024-10-09 18:01:00+00:00,2024-10-09,1,14:00,FOMC Meeting Minutes @ 14:00,-0.48235037620075333,0.33051134413743494,3.211793706708099,15.0
ZN,2024-10-09 18:31:00+00:00,2024-10-09,31,14:00,FOMC Meeting Minutes @ 14:00,0.27239343273612115,0.49058570607747554,2.1669144854532223,15.0
ZN,2024-10-09 19:01:00+00:00,2024-10-09,61,14:00,FOMC Meeting Minutes @ 14:00,-0.760379030950358,0.3455001511350583,2.971726015025886,15.0
ZN,2024-10-09 19:31:00+00:00,2024-10-09,91,14:00,FOMC Meeting Minutes @ 14:00,-0.6430461772418388,0.23183699276245864,4.334437303234271,15.0
ZN,2024-10-10 12:31:00+00:00,2024-10-10,1,08:30,CPI Index NSA @ 08:30+Continuing Claims @ 08:30,-0.34144996895723717,0.3899550463776451,2.583323051459297,15.0
ZN,2024-10-10 13:01:00+00:00,2024-10-10,31,08:30,CPI Index NSA @ 08:30+Continuing Claims @ 08:30,-0.41890382050827674,0.4336534172633221,2.325371672429366,15.0
ZN,2024-10-10 13:31:00+00:00,2024-10-10,61,08:30,CPI Index NSA @ 08:30+Continuing Claims @ 08:30,1.0096704367116651,0.43824918866812995,2.290159159829449,15.0
ZN,2024-10-10 14:01:00+00:00,2024-10-10,91,08:30,CPI Index NSA @ 08:30+Continuing Claims @ 08:30,0.31835125045137014,0.4335754827066972,2.3140125602079245,15.0
ZN,2024-10-10 14:31:00+00:00,2024-10-10,121,08:30,CPI Index NSA @ 08:30+Continuing Claims @ 08:30,0.5046149235377742,0.5454336351014949,1.83572894947149,15.0
ZN,2024-10-17 12:31:00+00:00,2024-10-17,1,08:30,Continuing Claims @ 08:30+Philadelphia Fed Business Outlook @ 08:30+Retail Sales Advance MoM @ 08:30,-0.26058591130432135,0.9817300861305603,1.027321443755775,15.0
ZN,2024-10-17 13:31:00+00:00,2024-10-17,61,08:30,Continuing Claims @ 08:30+Philadelphia Fed Business Outlook @ 08:30+Retail Sales Advance MoM @ 08:30,-0.5611879038703471,0.3343267321289958,2.996219779040205,15.0
ZN,2024-10-17 14:01:00+00:00,2024-10-17,1,10:00,Business Inventories @ 10:00+Continuing Claims @ 08:30+NAHB Housing Market Index @ 10:00+Philadelphia Fed Business Outlook @ 08:30+Retail Sales Advance MoM @ 08:30,0.7740572967521379,0.6767292728290922,1.48265774730352,15.0
ZN,2024-10-17 14:31:00+00:00,2024-10-17,121,08:30,Business Inventories @ 10:00+Continuing Claims @ 08:30+NAHB Housing Market Index @ 10:00+Philadelphia Fed Business Outlook @ 08:30+Retail Sales Advance MoM @ 08:30,-0.5082187555932755,0.3128185033567349,3.2071755318717914,15.0
ZN,2024-10-24 13:46:00+00:00,2024-10-24,1,09:45,S&P Global US Manufacturing PMI @ 09:45+S&P Global US Services PMI @ 09:45,-0.2680150516149177,0.3433223763540074,2.9642123243035643,15.0
ZN,2024-10-24 14:16:00+00:00,2024-10-24,31,09:45,S&P Global US Manufacturing PMI @ 09:45+S&P Global US Services PMI @ 09:45,0.540334213612655,0.5079659889119221,2.0151522260785244,15.0
ZN,2024-10-24 14:46:00+00:00,2024-10-24,61,09:45,S&P Global US Manufacturing PMI @ 09:45+S&P Global US Services PMI @ 09:45,0.48856240690930725,0.5351596185520783,1.9727017927687038,15.0
ZN,2024-10-25 12:31:00+00:00,2024-10-25,1,08:30,Durable Goods Orders @ 08:30,0.516187195507058,0.6176987962196293,1.6346300581290856,15.0
ZN,2024-10-25 13:01:00+00:00,2024-10-25,31,08:30,Durable Goods Orders @ 08:30,0.2768483440743548,0.6236276234147081,1.6129523911287045,15.0
ZN,2024-10-25 13:31:00+00:00,2024-10-25,61,08:30,Durable Goods Orders @ 08:30,0.298364391765277,0.36798165792565196,2.735974929608984,15.0
ZN,2024-10-25 14:01:00+00:00,2024-10-25,1,10:00,Durable Goods Orders @ 08:30+U. of Mich. Sentiment @ 10:00,0.7082321741848134,0.4097899915611444,2.456577895400546,15.0
ZN,2024-11-01 12:31:00+00:00,2024-11-01,1,08:30,Change in Manufact. Payrolls @ 08:30,0.5657707487166788,0.39346671926390375,2.561387294205183,15.0
ZN,2024-11-01 13:01:00+00:00,2024-11-01,31,08:30,Change in Manufact. Payrolls @ 08:30,0.48721515467442017,0.42864049613491917,2.3400675075781816,15.0
ZN,2024-11-01 14:01:00+00:00,2024-11-01,91,08:30,Change in Manufact. Payrolls @ 08:30+ISM Manufacturing @ 10:00,1.0731672147103142,0.36355809647305937,2.7564360755272004,15.0
ZN,2024-11-01 14:31:00+00:00,2024-11-01,31,10:00,Change in Manufact. Payrolls @ 08:30+ISM Manufacturing @ 10:00,-0.6347753589668946,0.3827105458100904,2.660101484689865,15.0
ZN,2024-11-01 15:31:00+00:00,2024-11-01,91,10:00,ISM Manufacturing @ 10:00,-0.6568034207097205,0.4937976399307939,2.050790152845113,15.0
ZN,2024-11-01 16:01:00+00:00,2024-11-01,121,10:00,ISM Manufacturing @ 10:00,-1.355642899369881,0.6229904230683158,1.6480149407442497,15.0
ZN,2024-11-04 15:01:00+00:00,2024-11-04,1,10:00,Durable Goods Orders @ 08:30,-0.48139867937079966,0.3082361728600767,3.251924258720777,15.0
ZN,2024-11-04 15:31:00+00:00,2024-11-04,31,10:00,Durable Goods Orders @ 08:30,-1.6485675845245975,0.4390398025178304,2.2882245651025115,15.0
ZN,2024-11-04 16:01:00+00:00,2024-11-04,61,10:00,Durable Goods Orders @ 08:30,-0.6079948258977514,0.6108473664975843,1.6471214274793566,15.0
ZN,2024-11-04 16:31:00+00:00,2024-11-04,91,10:00,Durable Goods Orders @ 08:30,-0.7034856213950302,0.3568877812168861,2.829370722201446,15.0
ZN,2024-11-04 17:01:00+00:00,2024-11-04,121,10:00,Durable Goods Orders @ 08:30,-0.473259375765685,0.30179844254844296,3.3151861820140094,15.0
ZN,2024-11-05 14:46:00+00:00,2024-11-05,1,09:45,S&P Global US Services PMI @ 09:45,0.2497791512992262,0.31174460104890744,3.231640522982441,15.0
ZN,2024-11-05 15:16:00+00:00,2024-11-05,31,09:45,S&P Global US Services PMI @ 09:45,-0.8107422508310471,0.8279812617750821,1.3210550586316845,15.0
ZN,2024-11-05 15:31:00+00:00,2024-11-05,31,10:00,ISM Services Index @ 10:00+Trade Balance @ 08:30,-0.44947262854266645,0.39300749450557304,2.550590880267098,15.0
ZN,2024-11-05 15:46:00+00:00,2024-11-05,61,09:45,S&P Global US Services PMI @ 09:45,-0.5341677756317199,0.2924287520812881,3.471140164378137,15.0
ZN,2024-11-05 16:01:00+00:00,2024-11-05,61,10:00,ISM Services Index @ 10:00,-0.7109270394190392,0.4395592713434395,2.2899401730751667,15.0
ZN,2024-11-05 16:16:00+00:00,2024-11-05,91,09:45,S&P Global US Services PMI @ 09:45,-0.9107941859381298,0.3290056432956623,3.064665166184714,15.0
ZN,2024-11-05 16:46:00+00:00,2024-11-05,121,09:45,S&P Global US Services PMI @ 09:45,-0.5243770300362708,0.2585720951192572,3.8874493625113087,15.0
ZN,2024-11-13 13:31:00+00:00,2024-11-13,1,08:30,CPI Index NSA @ 08:30+MBA Mortgage Applications @ 07:00,0.6682616348022884,0.46214073068903305,2.3644451896188663,15.0
ZN,2024-11-13 14:31:00+00:00,2024-11-13,61,08:30,CPI Index NSA @ 08:30,0.3720304546911889,0.48239510386442114,2.081766182088083,15.0
ZN,2024-11-13 15:31:00+00:00,2024-11-13,121,08:30,CPI Index NSA @ 08:30,-1.1033209555137788,0.4023194775486715,2.5014047180587196,15.0
ZN,2024-11-15 13:31:00+00:00,2024-11-15,1,08:30,Empire Manufacturing @ 08:30+Import Price Index YoY @ 08:30+Retail Sales Advance MoM @ 08:30,-0.41923566859548234,0.4666899461883329,2.147064019071407,15.0
ZN,2024-11-15 14:01:00+00:00,2024-11-15,31,08:30,Empire Manufacturing @ 08:30+Import Price Index YoY @ 08:30+Retail Sales Advance MoM @ 08:30,-0.7433800891761023,0.37213612639609206,2.7193432958089336,15.0
ZN,2024-11-15 15:01:00+00:00,2024-11-15,91,08:30,Business Inventories @ 10:00+Empire Manufacturing @ 08:30+Import Price Index YoY @ 08:30+Retail Sales Advance MoM @ 08:30,0.4115413201006911,0.3631695465127235,2.7892515075821622,15.0
ZN,2024-11-15 15:31:00+00:00,2024-11-15,121,08:30,Business Inventories @ 10:00+Empire Manufacturing @ 08:30+Import Price Index YoY @ 08:30+Retail Sales Advance MoM @ 08:30,-0.7460681508861026,0.4207662837409778,2.383042313359974,15.0
ZN,2024-11-21 13:31:00+00:00,2024-11-21,1,08:30,Continuing Claims @ 08:30+Philadelphia Fed Business Outlook @ 08:30,0.4700082345934743,0.49144049028988335,2.044502248230396,15.0
ZN,2024-11-21 14:01:00+00:00,2024-11-21,31,08:30,Continuing Claims @ 08:30+Philadelphia Fed Business Outlook @ 08:30,-0.6686514561052816,0.4143685934796869,2.435331625547154,15.0
ZN,2024-11-21 14:31:00+00:00,2024-11-21,61,08:30,Continuing Claims @ 08:30+Philadelphia Fed Business Outlook @ 08:30,-0.33411000320725043,0.5212154954055342,1.9449799950529882,15.0
ZN,2024-11-22 14:46:00+00:00,2024-11-22,1,09:45,S&P Global US Manufacturing PMI @ 09:45+S&P Global US Services PMI @ 09:45,-0.5619798130282377,0.3585165701619682,2.8483052437927743,15.0
ZN,2024-11-22 15:16:00+00:00,2024-11-22,31,09:45,S&P Global US Manufacturing PMI @ 09:45+S&P Global US Services PMI @ 09:45,-0.7262395255991767,0.28600710178077493,3.5454929038684355,15.0
ZN,2024-11-22 15:46:00+00:00,2024-11-22,61,09:45,S&P Global US Manufacturing PMI @ 09:45+S&P Global US Services PMI @ 09:45,0.5366265447775004,0.32602532337550544,3.0904966872169206,15.0
ZN,2024-11-22 16:16:00+00:00,2024-11-22,91,09:45,S&P Global US Manufacturing PMI @ 09:45+S&P Global US Services PMI @ 09:45,0.6986880160907756,0.29561185521643657,3.3917894368215755,15.0
ZN,2024-11-22 16:46:00+00:00,2024-11-22,121,09:45,S&P Global US Manufacturing PMI @ 09:45+S&P Global US Services PMI @ 09:45,0.9816215301586056,0.2679210618904349,3.7427495701987166,15.0
ZN,2024-11-26 19:01:00+00:00,2024-11-26,1,14:00,FOMC Meeting Minutes @ 14:00,-0.6037490555223031,0.26193173213384213,3.8493653392573965,15.0
ZN,2024-11-26 19:31:00+00:00,2024-11-26,31,14:00,FOMC Meeting Minutes @ 14:00,0.6339625846024274,0.3398986858189649,2.9709592332311154,15.0
ZN,2024-11-26 20:31:00+00:00,2024-11-26,91,14:00,FOMC Meeting Minutes @ 14:00,-0.7645512490328319,0.22119728794382024,4.543985807879131,15.0
ZN,2024-11-26 21:01:00+00:00,2024-11-26,121,14:00,FOMC Meeting Minutes @ 14:00,-0.9438429791246431,0.27234643659818386,3.747398274132466,15.0
ZN,2024-11-27 13:31:00+00:00,2024-11-27,91,07:00,Continuing Claims @ 08:30+Core PCE Price Index QoQ @ 08:30+Durable Goods Orders @ 08:30+MBA Mortgage Applications @ 07:00+Wholesale Inventories MoM @ 10:00,-0.2493944299058598,0.47036648859444324,2.1500121498553626,15.0
ZN,2024-11-27 14:01:00+00:00,2024-11-27,31,08:30,Continuing Claims @ 08:30+Core PCE Price Index QoQ @ 08:30+Durable Goods Orders @ 08:30+MBA Mortgage Applications @ 07:00+Wholesale Inventories MoM @ 10:00,-0.45402320668828305,0.33520620690799896,3.035544434000136,15.0
ZN,2024-11-27 14:31:00+00:00,2024-11-27,61,08:30,Continuing Claims @ 08:30+Core PCE Price Index QoQ @ 08:30+Durable Goods Orders @ 08:30+Wholesale Inventories MoM @ 10:00,0.4588733407158702,0.42534625666284753,2.3635345578983538,15.0
ZN,2024-11-27 15:31:00+00:00,2024-11-27,121,08:30,Continuing Claims @ 08:30+Core PCE Price Index MoM @ 08:30+Core PCE Price Index QoQ @ 08:30+Durable Goods Orders @ 08:30+Pending Home Sales MoM @ 10:00+Wholesale Inventories MoM @ 10:00,-0.5724011621652887,0.38147299739757456,2.634571471899912,15.0
ZN,2024-12-02 15:01:00+00:00,2024-12-02,1,10:00,ISM Manufacturing @ 10:00,-0.927167623905601,0.30659720245631267,3.2630496595554757,15.0
ZN,2024-12-02 15:31:00+00:00,2024-12-02,31,10:00,ISM Manufacturing @ 10:00,-0.9181709275781371,0.36216928743275845,2.774844820583322,15.0
ZN,2024-12-04 14:46:00+00:00,2024-12-04,91,08:15,ADP Employment Change @ 08:15+S&P Global US Services PMI @ 09:45,0.40094203473761436,0.43364400676275316,2.540657310050764,15.0
ZN,2024-12-04 15:01:00+00:00,2024-12-04,1,10:00,Durable Goods Orders @ 08:30+ISM Services Index @ 10:00,0.27980186098321336,0.6167715266504579,1.6430956225257831,15.0
ZN,2024-12-04 15:31:00+00:00,2024-12-04,31,10:00,Durable Goods Orders @ 08:30+ISM Services Index @ 10:00,0.5094859010922644,0.48928834580718233,2.057220002192,15.0
ZN,2024-12-04 16:01:00+00:00,2024-12-04,61,10:00,Durable Goods Orders @ 08:30+ISM Services Index @ 10:00,0.5201713033791597,0.6155704341367909,1.6300685476279084,15.0
ZN,2024-12-04 17:01:00+00:00,2024-12-04,121,10:00,Durable Goods Orders @ 08:30+ISM Services Index @ 10:00,1.275405645477047,0.3289813442034441,3.0527183649169523,15.0
ZN,2024-12-06 13:31:00+00:00,2024-12-06,1,08:30,Change in Manufact. Payrolls @ 08:30,0.3447395243945381,0.5580627195206693,1.8365039418478595,15.0
ZN,2024-12-06 14:01:00+00:00,2024-12-06,31,08:30,Change in Manufact. Payrolls @ 08:30,0.5492689823604696,0.40220418799600643,2.5004628900577615,15.0
ZN,2024-12-06 15:01:00+00:00,2024-12-06,1,10:00,Change in Manufact. Payrolls @ 08:30+U. of Mich. Sentiment @ 10:00,-0.6873787935316134,0.42180728867786355,2.4156290275748815,15.0
ZN,2024-12-11 13:31:00+00:00,2024-12-11,91,07:00,CPI Index NSA @ 08:30+MBA Mortgage Applications @ 07:00,-0.8313600525959585,0.4469894612592916,2.275071750646537,15.0
ZN,2024-12-11 14:31:00+00:00,2024-12-11,61,08:30,CPI Index NSA @ 08:30,0.46553111374402084,0.49351148685648505,2.0648461894182653,15.0
ZN,2024-12-11 15:01:00+00:00,2024-12-11,91,08:30,CPI Index NSA @ 08:30,-0.47335752740321213,0.4465403378703192,2.2419562557286556,15.0
ZN,2024-12-11 15:31:00+00:00,2024-12-11,121,08:30,CPI Index NSA @ 08:30,-0.7557137933946912,0.7416707155863883,1.373632682907097,15.0
ZN,2024-12-16 14:46:00+00:00,2024-12-16,1,09:45,S&P Global US Manufacturing PMI @ 09:45+S&P Global US Services PMI @ 09:45,0.7491860996900144,0.32423452990304963,3.111692747880972,15.0
ZN,2024-12-16 15:16:00+00:00,2024-12-16,31,09:45,S&P Global US Manufacturing PMI @ 09:45+S&P Global US Services PMI @ 09:45,0.5134347309497603,0.3457917790163674,2.9326251017251197,15.0
ZN,2024-12-16 15:46:00+00:00,2024-12-16,61,09:45,S&P Global US Manufacturing PMI @ 09:45+S&P Global US Services PMI @ 09:45,1.2955665641783805,0.6052517908004672,1.8030446020549373,15.0
ZN,2024-12-17 14:01:00+00:00,2024-12-17,31,08:30,New York Fed Services Business Activity @ 08:30+Retail Sales Advance MoM @ 08:30,0.38231762067201774,0.5312173872845041,1.9232032515305622,15.0
ZN,2024-12-17 14:31:00+00:00,2024-12-17,61,08:30,New York Fed Services Business Activity @ 08:30+Retail Sales Advance MoM @ 08:30,0.41867859937424157,0.49023562192202347,2.0490168283761947,15.0
ZN,2024-12-17 15:01:00+00:00,2024-12-17,91,08:30,Business Inventories @ 10:00+NAHB Housing Market Index @ 10:00+New York Fed Services Business Activity @ 08:30+Retail Sales Advance MoM @ 08:30,-0.6205370776286403,0.3864999382159223,2.602662090623979,15.0
ZN,2024-12-19 13:31:00+00:00,2024-12-19,1,08:30,Continuing Claims @ 08:30+Core PCE Price Index QoQ @ 08:30+Philadelphia Fed Business Outlook @ 08:30,0.5421709136194257,0.3555705707055809,2.926592814591095,15.0
ZN,2024-12-19 14:01:00+00:00,2024-12-19,31,08:30,Continuing Claims @ 08:30+Core PCE Price Index QoQ @ 08:30+Philadelphia Fed Business Outlook @ 08:30,-0.5971777921494771,0.5092554549137386,1.9657913085593772,15.0
ZN,2024-12-19 15:31:00+00:00,2024-12-19,31,10:00,Continuing Claims @ 08:30+Core PCE Price Index QoQ @ 08:30+Existing Home Sales @ 10:00+Leading Index @ 10:00+Philadelphia Fed Business Outlook @ 08:30,0.733855392589427,0.32812397255371195,3.055195779487294,15.0
ZN,2024-12-23 13:31:00+00:00,2024-12-23,1,08:30,Chicago Fed Nat Activity Index @ 08:30+Durable Goods Orders @ 08:30,0.3900436383083385,0.3981605852847489,2.516261038677434,15.0
ZN,2024-12-23 14:01:00+00:00,2024-12-23,31,08:30,Chicago Fed Nat Activity Index @ 08:30+Durable Goods Orders @ 08:30,-0.5953681745734877,0.37249907968027773,2.6921590062921044,15.0
ZN,2024-12-23 14:31:00+00:00,2024-12-23,61,08:30,Chicago Fed Nat Activity Index @ 08:30+Durable Goods Orders @ 08:30,0.5924416211664222,0.5459761677869426,1.8457932959672383,15.0
ZN,2024-12-23 15:01:00+00:00,2024-12-23,1,10:00,Chicago Fed Nat Activity Index @ 08:30+Conf. Board Consumer Confidence @ 10:00+Durable Goods Orders @ 08:30+New Home Sales @ 10:00,0.5556288978900412,0.6682706800884548,1.5036050886306667,15.0
ZN,2025-01-02 15:31:00+00:00,2025-01-02,121,08:30,Continuing Claims @ 08:30+ISM Manufacturing @ 10:00,-0.5849532031671345,0.45042315482580964,2.2710849520861762,15.0
ZN,2025-01-02 16:01:00+00:00,2025-01-02,61,10:00,ISM Manufacturing @ 10:00,0.6633646902291415,0.46787042035747056,2.1413210325633654,15.0
ZN,2025-01-03 15:01:00+00:00,2025-01-03,1,10:00,ISM Manufacturing @ 10:00,-0.3728110848902072,0.39602328473307025,2.5713482406289896,15.0
ZN,2025-01-03 15:31:00+00:00,2025-01-03,31,10:00,ISM Manufacturing @ 10:00,0.6775353549875952,0.3048622705560651,3.28515593441202,15.0
ZN,2025-01-03 16:01:00+00:00,2025-01-03,61,10:00,ISM Manufacturing @ 10:00,0.626885134920824,0.4925540890083738,2.0372583010669274,15.0
ZN,2025-01-03 16:31:00+00:00,2025-01-03,91,10:00,ISM Manufacturing @ 10:00,-1.2350143777048643,0.3468156419818997,2.8918792127019937,15.0
ZN,2025-01-06 14:46:00+00:00,2025-01-06,1,09:45,S&P Global US Services PMI @ 09:45,-0.43875732058365213,0.3192017190090941,3.1924424597644956,15.0
ZN,2025-01-06 15:01:00+00:00,2025-01-06,1,10:00,Durable Goods Orders @ 08:30,-0.8540745944454939,0.30508844112405425,3.2867546730329487,15.0
ZN,2025-01-06 16:01:00+00:00,2025-01-06,61,10:00,Durable Goods Orders @ 08:30,0.4137599290093325,0.6682769551809153,1.5071369391288534,15.0
ZN,2025-01-06 16:16:00+00:00,2025-01-06,91,09:45,S&P Global US Services PMI @ 09:45,0.6977465980018555,0.38758485647375146,2.6106824313167376,15.0
ZN,2025-01-06 16:46:00+00:00,2025-01-06,121,09:45,S&P Global US Services PMI @ 09:45,-1.231074818273004,0.4007115429980826,2.5719609772232697,15.0
ZN,2025-01-07 15:01:00+00:00,2025-01-07,1,10:00,ISM Services Index @ 10:00+JOLTS Job Openings @ 10:00+Trade Balance @ 08:30,-0.5572336467669765,0.679744103416033,1.7215918647080048,15.0
ZN,2025-01-07 15:31:00+00:00,2025-01-07,121,08:30,ISM Services Index @ 10:00+JOLTS Job Openings @ 10:00+Trade Balance @ 08:30,0.9681271174175246,0.43281307033056127,2.341709511061199,15.0
ZN,2025-01-07 17:01:00+00:00,2025-01-07,121,10:00,ISM Services Index @ 10:00+JOLTS Job Openings @ 10:00,-0.6304503152618938,0.32412508108453847,3.0931926732499178,15.0
ZN,2025-01-08 19:01:00+00:00,2025-01-08,1,14:00,FOMC Meeting Minutes @ 14:00,1.2145493099984572,0.5482968036711384,2.111289494060928,15.0
ZN,2025-01-08 19:31:00+00:00,2025-01-08,31,14:00,FOMC Meeting Minutes @ 14:00,-0.2777636981178899,0.4019697314397408,2.577167404708055,15.0
ZN,2025-01-08 20:31:00+00:00,2025-01-08,91,14:00,Consumer Credit @ 15:00+FOMC Meeting Minutes @ 14:00,0.6038201338690683,0.38609208587383614,2.7171783466564854,15.0
ZN,2025-01-10 13:31:00+00:00,2025-01-10,1,08:30,Change in Manufact. Payrolls @ 08:30,-0.4314904172699134,1.523846933463487,0.7078046457627551,15.0
ZN,2025-01-10 14:01:00+00:00,2025-01-10,31,08:30,Change in Manufact. Payrolls @ 08:30,0.5084123523526979,0.41492143056737657,2.419775604524955,15.0
ZN,2025-01-10 15:01:00+00:00,2025-01-10,91,08:30,Change in Manufact. Payrolls @ 08:30+U. of Mich. Sentiment @ 10:00,-0.7393376289984568,0.37771310008978587,2.6856008837718486,15.0
ZN,2025-01-10 15:31:00+00:00,2025-01-10,31,10:00,Change in Manufact. Payrolls @ 08:30+U. of Mich. Sentiment @ 10:00,-1.4130020238055925,0.7685799769328746,1.3109452216711066,15.0
ZN,2025-01-15 13:31:00+00:00,2025-01-15,1,08:30,CPI Index NSA @ 08:30+Empire Manufacturing @ 08:30+MBA Mortgage Applications @ 07:00,-0.3328622585100069,0.9811984700291226,1.2075640096762907,15.0
ZN,2025-01-15 14:01:00+00:00,2025-01-15,121,07:00,CPI Index NSA @ 08:30+Empire Manufacturing @ 08:30+MBA Mortgage Applications @ 07:00,-0.5636097654752598,0.5569487579735465,1.8299685501367247,15.0
ZN,2025-01-15 15:01:00+00:00,2025-01-15,91,08:30,CPI Index NSA @ 08:30+Empire Manufacturing @ 08:30,1.5272455926620043,0.28819074606255646,3.4719813900093044,15.0
ZN,2025-01-15 15:31:00+00:00,2025-01-15,121,08:30,CPI Index NSA @ 08:30+Empire Manufacturing @ 08:30,2.0,0.8024462256645778,1.2610870556081593,15.0
ZN,2025-01-16 13:31:00+00:00,2025-01-16,1,08:30,Continuing Claims @ 08:30+Import Price Index YoY @ 08:30+New York Fed Services Business Activity @ 08:30+Philadelphia Fed Business Outlook @ 08:30+Retail Sales Advance MoM @ 08:30,-0.35851790900884173,0.25112240970510163,3.987879866509086,15.0
ZN,2025-01-16 14:01:00+00:00,2025-01-16,31,08:30,Continuing Claims @ 08:30+Import Price Index YoY @ 08:30+New York Fed Services Business Activity @ 08:30+Philadelphia Fed Business Outlook @ 08:30+Retail Sales Advance MoM @ 08:30,-0.5972452305294769,0.45426397627507226,2.217203317450723,15.0
ZN,2025-01-16 15:01:00+00:00,2025-01-16,91,08:30,Business Inventories @ 10:00+Continuing Claims @ 08:30+Import Price Index YoY @ 08:30+NAHB Housing Market Index @ 10:00+New York Fed Services Business Activity @ 08:30+Philadelphia Fed Business Outlook @ 08:30+Retail Sales Advance MoM @ 08:30,0.804339325122828,0.48817046269540115,2.0508534101863227,15.0
ZN,2025-01-16 15:31:00+00:00,2025-01-16,121,08:30,Business Inventories @ 10:00+Continuing Claims @ 08:30+Import Price Index YoY @ 08:30+NAHB Housing Market Index @ 10:00+New York Fed Services Business Activity @ 08:30+Philadelphia Fed Business Outlook @ 08:30+Retail Sales Advance MoM @ 08:30,0.45335088114735345,0.7758857342726007,1.3014797823438646,15.0
ZN,2025-01-24 14:46:00+00:00,2025-01-24,1,09:45,S&P Global US Manufacturing PMI @ 09:45+S&P Global US Services PMI @ 09:45,0.2365344626437511,0.26449464570121556,3.830525857101379,15.0
ZN,2025-01-24 15:16:00+00:00,2025-01-24,31,09:45,S&P Global US Manufacturing PMI @ 09:45+S&P Global US Services PMI @ 09:45,0.422333026205211,0.5434997638431216,1.883042304931714,15.0
ZN,2025-01-24 15:46:00+00:00,2025-01-24,61,09:45,S&P Global US Manufacturing PMI @ 09:45+S&P Global US Services PMI @ 09:45,-0.7500124505152092,0.3379293904463556,2.9796167221042174,15.0
ZN,2025-01-24 16:46:00+00:00,2025-01-24,121,09:45,S&P Global US Manufacturing PMI @ 09:45+S&P Global US Services PMI @ 09:45,1.1622865472446757,0.33124328472530157,3.040474733377782,15.0
ZN,2025-01-28 13:31:00+00:00,2025-01-28,1,08:30,Durable Goods Orders @ 08:30,-0.32714405255123347,0.608391562659691,1.6522732550308352,15.0
ZN,2025-01-28 14:01:00+00:00,2025-01-28,1,09:00,Durable Goods Orders @ 08:30+FHFA House Price Index MoM @ 09:00+S&P Cotality CS 20-City MoM SA @ 09:00,-0.45276644126543386,0.36203508687435915,2.884746304272708,15.0
ZN,2025-01-28 14:31:00+00:00,2025-01-28,31,09:00,Durable Goods Orders @ 08:30+FHFA House Price Index MoM @ 09:00+S&P Cotality CS 20-City MoM SA @ 09:00,0.595663760905162,0.29454338607572556,3.4679325799517677,15.0
ZN,2025-01-28 15:01:00+00:00,2025-01-28,91,08:30,Conf. Board Consumer Confidence @ 10:00+Durable Goods Orders @ 08:30+FHFA House Price Index MoM @ 09:00+Richmond Fed Manufact. Index @ 10:00+S&P Cotality CS 20-City MoM SA @ 09:00,0.9027091738055079,0.4576678530564802,2.351283374672599,15.0
ZN,2025-01-30 13:31:00+00:00,2025-01-30,1,08:30,Continuing Claims @ 08:30+Core PCE Price Index QoQ @ 08:30,0.3170943828472434,0.5234455362740927,1.9411662596307373,15.0
ZN,2025-01-30 14:01:00+00:00,2025-01-30,31,08:30,Continuing Claims @ 08:30+Core PCE Price Index QoQ @ 08:30,-0.6903596832534166,0.40505445520059036,2.4835088020757854,15.0
ZN,2025-01-30 15:01:00+00:00,2025-01-30,91,08:30,Continuing Claims @ 08:30+Core PCE Price Index QoQ @ 08:30+Pending Home Sales MoM @ 10:00,-0.5699452824918789,0.4279528724120918,2.3552811655278894,15.0
ZN,2025-01-30 15:31:00+00:00,2025-01-30,121,08:30,Continuing Claims @ 08:30+Core PCE Price Index QoQ @ 08:30+Pending Home Sales MoM @ 10:00,0.8981896247168698,0.4036675666588299,2.49223234820207,15.0
ZN,2025-02-03 15:01:00+00:00,2025-02-03,1,10:00,ISM Manufacturing @ 10:00,-0.5109240792051309,0.38205012330787697,2.63145292586908,15.0
ZN,2025-02-03 15:31:00+00:00,2025-02-03,31,10:00,ISM Manufacturing @ 10:00,-0.5810625022859596,0.48152764005446086,2.1241658719432075,15.0
ZN,2025-02-03 16:01:00+00:00,2025-02-03,61,10:00,ISM Manufacturing @ 10:00,0.7928054083024695,0.3376586168700167,2.9794316352603984,15.0
ZN,2025-02-03 17:01:00+00:00,2025-02-03,121,10:00,ISM Manufacturing @ 10:00,-1.195543501740948,0.6302313365578612,1.5908321814812831,15.0
ZN,2025-02-04 15:01:00+00:00,2025-02-04,1,10:00,Durable Goods Orders @ 08:30+JOLTS Job Openings @ 10:00,0.31064328879705283,0.5169548626327756,1.9479727224802528,15.0
ZN,2025-02-04 15:31:00+00:00,2025-02-04,31,10:00,Durable Goods Orders @ 08:30+JOLTS Job Openings @ 10:00,-0.7040275606805312,0.3379250082632087,2.985275024465391,15.0
ZN,2025-02-04 17:01:00+00:00,2025-02-04,121,10:00,Durable Goods Orders @ 08:30+JOLTS Job Openings @ 10:00,-1.733399401597725,0.42917946866513706,2.333711861001715,15.0
ZN,2025-02-05 14:46:00+00:00,2025-02-05,1,09:45,ADP Employment Change @ 08:15+S&P Global US Services PMI @ 09:45,0.2721092347757654,0.4199719372609605,2.6185266829335045,15.0
ZN,2025-02-05 15:46:00+00:00,2025-02-05,61,09:45,S&P Global US Services PMI @ 09:45,0.6347506092307258,0.33080168592195147,3.053663404800815,15.0
ZN,2025-02-05 16:01:00+00:00,2025-02-05,61,10:00,ISM Services Index @ 10:00,0.40422832005372583,0.3171045804944494,3.1713401282569156,15.0
ZN,2025-02-05 16:46:00+00:00,2025-02-05,121,09:45,S&P Global US Services PMI @ 09:45,0.9328918170890842,0.34606092541993444,2.971863936744772,15.0
ZN,2025-02-07 13:31:00+00:00,2025-02-07,1,08:30,Change in Manufact. Payrolls @ 08:30,-0.16854551384942212,0.63037942601006,1.6120817817543536,15.0
ZN,2025-02-07 14:01:00+00:00,2025-02-07,31,08:30,Change in Manufact. Payrolls @ 08:30,-0.646185421027765,0.5551946328049281,1.818226539707913,15.0
ZN,2025-02-07 14:31:00+00:00,2025-02-07,61,08:30,Change in Manufact. Payrolls @ 08:30,-0.22307022832289664,0.40208323588505024,2.4985760890115087,15.0
ZN,2025-02-07 15:01:00+00:00,2025-02-07,91,08:30,Change in Manufact. Payrolls @ 08:30+U. of Mich. Sentiment @ 10:00+Wholesale Inventories MoM @ 10:00,-0.6711614062632301,0.4377587148871718,2.305564313640391,15.0
ZN,2025-02-07 15:31:00+00:00,2025-02-07,31,10:00,Change in Manufact. Payrolls @ 08:30+U. of Mich. Sentiment @ 10:00+Wholesale Inventories MoM @ 10:00,-0.5202216911373482,0.4270811426863306,2.354329110361149,15.0
ZN,2025-02-12 13:31:00+00:00,2025-02-12,1,08:30,CPI Index NSA @ 08:30+MBA Mortgage Applications @ 07:00,-0.3534431091911854,0.8171872459447401,1.5443348106952435,15.0
ZN,2025-02-12 14:01:00+00:00,2025-02-12,121,07:00,CPI Index NSA @ 08:30+MBA Mortgage Applications @ 07:00,0.5967412659194822,0.3823471316952893,2.6749060939780054,15.0
ZN,2025-02-12 14:31:00+00:00,2025-02-12,61,08:30,CPI Index NSA @ 08:30,-0.2576909700464363,0.33836750505771457,2.9674657603775834,15.0
ZN,2025-02-14 13:31:00+00:00,2025-02-14,1,08:30,Import Price Index YoY @ 08:30+Retail Sales Advance MoM @ 08:30,0.44845111553610717,0.6605105332143516,1.5290307013046842,15.0
ZN,2025-02-14 14:01:00+00:00,2025-02-14,31,08:30,Import Price Index YoY @ 08:30+Retail Sales Advance MoM @ 08:30,0.6198193758190998,0.8075036995617275,1.2642893227155647,15.0
ZN,2025-02-14 14:31:00+00:00,2025-02-14,61,08:30,Import Price Index YoY @ 08:30+Retail Sales Advance MoM @ 08:30,0.18387476082948306,0.3696990644132108,2.7241627310088865,15.0
ZN,2025-02-14 15:31:00+00:00,2025-02-14,121,08:30,Business Inventories @ 10:00+Import Price Index YoY @ 08:30+Retail Sales Advance MoM @ 08:30,1.0994442405469962,0.45046181146441516,2.2424413719528187,15.0
ZN,2025-02-19 19:01:00+00:00,2025-02-19,1,14:00,FOMC Meeting Minutes @ 14:00,0.6525033144161999,0.3322808972716283,3.0307011180470544,15.0
ZN,2025-02-19 20:01:00+00:00,2025-02-19,61,14:00,FOMC Meeting Minutes @ 14:00,0.39190120501173503,0.2650777062267616,3.8539926506120707,15.0
ZN,2025-02-19 20:31:00+00:00,2025-02-19,91,14:00,FOMC Meeting Minutes @ 14:00,0.9775398417629988,0.38349007618522835,2.6370381156041747,15.0
ZN,2025-02-19 21:01:00+00:00,2025-02-19,121,14:00,FOMC Meeting Minutes @ 14:00,-2.0,0.2588311355318535,3.9190736935549397,15.0
ZN,2025-02-20 14:01:00+00:00,2025-02-20,31,08:30,Continuing Claims @ 08:30+Philadelphia Fed Business Outlook @ 08:30,0.5983566131426754,0.5590932927315811,1.7949232000012998,15.0
ZN,2025-02-20 14:31:00+00:00,2025-02-20,61,08:30,Continuing Claims @ 08:30+Philadelphia Fed Business Outlook @ 08:30,-0.7683793940136262,0.4379225170944009,2.2996371058487917,15.0
ZN,2025-02-20 15:01:00+00:00,2025-02-20,91,08:30,Continuing Claims @ 08:30+Leading Index @ 10:00+Philadelphia Fed Business Outlook @ 08:30,-0.421244844593383,0.484636398218157,2.127111219816896,15.0
ZN,2025-02-20 15:31:00+00:00,2025-02-20,31,10:00,Continuing Claims @ 08:30+Leading Index @ 10:00+Philadelphia Fed Business Outlook @ 08:30,-0.7227450698917153,0.5092526364115816,1.9727006954537567,15.0
ZN,2025-02-21 14:46:00+00:00,2025-02-21,1,09:45,S&P Global US Manufacturing PMI @ 09:45+S&P Global US Services PMI @ 09:45,-0.3871210716819337,0.4530720783741746,2.3546522436298525,15.0
ZN,2025-02-21 16:16:00+00:00,2025-02-21,91,09:45,S&P Global US Manufacturing PMI @ 09:45+S&P Global US Services PMI @ 09:45,-1.3033923800313765,0.3455489526607904,2.9080547270076673,15.0
ZN,2025-03-03 15:01:00+00:00,2025-03-03,1,10:00,ISM Manufacturing @ 10:00,0.28623209965768703,0.6223285073827339,1.6256366352539198,15.0
ZN,2025-03-03 15:31:00+00:00,2025-03-03,31,10:00,ISM Manufacturing @ 10:00,-0.5933092692275466,0.5898277519727825,1.717094246672209,15.0
ZN,2025-03-03 17:01:00+00:00,2025-03-03,121,10:00,ISM Manufacturing @ 10:00,-1.6168935137910883,0.5729139841520118,1.7769951853860382,15.0
ZN,2025-03-05 14:46:00+00:00,2025-03-05,91,08:15,ADP Employment Change @ 08:15+S&P Global US Services PMI @ 09:45,0.40738556858648983,0.41436006033546485,2.554898722941431,15.0
ZN,2025-03-05 15:01:00+00:00,2025-03-05,1,10:00,Durable Goods Orders @ 08:30+ISM Services Index @ 10:00,-0.37157037170589724,0.43813944262350407,2.297411267633959,15.0
ZN,2025-03-05 15:16:00+00:00,2025-03-05,31,09:45,ADP Employment Change @ 08:15+S&P Global US Services PMI @ 09:45,-0.6315342115916949,0.6646407132173104,1.9270309710264297,15.0
ZN,2025-03-05 15:46:00+00:00,2025-03-05,61,09:45,S&P Global US Services PMI @ 09:45,1.074672095231351,0.44752492474080263,2.2513286102230423,15.0
ZN,2025-03-05 16:16:00+00:00,2025-03-05,91,09:45,S&P Global US Services PMI @ 09:45,-0.6021243510460931,0.41275634306178655,2.52795705908953,15.0
ZN,2025-03-05 17:01:00+00:00,2025-03-05,121,10:00,Durable Goods Orders @ 08:30+ISM Services Index @ 10:00,-1.39803055010171,0.4599951373586796,2.1817890549990953,15.0
ZN,2025-03-07 14:01:00+00:00,2025-03-07,31,08:30,Change in Manufact. Payrolls @ 08:30,-1.0385710716092362,0.7212519042176402,1.402531197416544,15.0
ZN,2025-03-07 15:01:00+00:00,2025-03-07,91,08:30,Change in Manufact. Payrolls @ 08:30,0.4337769535900908,0.46591992417035444,2.1571273741322257,15.0
ZN,2025-03-07 15:31:00+00:00,2025-03-07,121,08:30,Change in Manufact. Payrolls @ 08:30,-1.0056616099465694,0.32727521913987545,3.077369122969968,15.0
ZN,2025-03-12 12:31:00+00:00,2025-03-12,1,08:30,CPI Index NSA @ 08:30+MBA Mortgage Applications @ 07:00,0.34740059659928796,0.3822232120095451,2.80006554497733,15.0
ZN,2025-03-12 13:31:00+00:00,2025-03-12,61,08:30,CPI Index NSA @ 08:30,0.791071878953853,0.37476243951071886,2.6738864974310683,15.0
ZN,2025-03-12 14:01:00+00:00,2025-03-12,91,08:30,CPI Index NSA @ 08:30,-0.6193143243864552,0.4452732051985474,2.261563446633154,15.0
ZN,2025-03-12 14:31:00+00:00,2025-03-12,121,08:30,CPI Index NSA @ 08:30,-0.6264408924158901,0.32502085465896924,3.1107720554071707,15.0
ZN,2025-03-17 12:31:00+00:00,2025-03-17,1,08:30,Empire Manufacturing @ 08:30+Retail Sales Advance MoM @ 08:30,-0.7295658852140892,0.4928754684241844,2.0630963681593704,15.0
ZN,2025-03-17 13:31:00+00:00,2025-03-17,61,08:30,Empire Manufacturing @ 08:30+Retail Sales Advance MoM @ 08:30,0.4578248067245688,0.717674271153887,1.4207936693643766,15.0
ZN,2025-03-17 14:31:00+00:00,2025-03-17,31,10:00,Business Inventories @ 10:00+Empire Manufacturing @ 08:30+NAHB Housing Market Index @ 10:00+Retail Sales Advance MoM @ 08:30,-0.47346899060947595,0.45710140639617003,2.2077490143320144,15.0
ZN,2025-03-20 12:31:00+00:00,2025-03-20,1,08:30,Continuing Claims @ 08:30+Current Account Balance @ 08:30+Philadelphia Fed Business Outlook @ 08:30,1.3632347966471388,0.449994944529122,2.2595568189080666,15.0
ZN,2025-03-20 13:01:00+00:00,2025-03-20,31,08:30,Continuing Claims @ 08:30+Current Account Balance @ 08:30+Philadelphia Fed Business Outlook @ 08:30,-0.701155319274635,0.6342296612657659,1.586218198513282,15.0
ZN,2025-03-20 14:31:00+00:00,2025-03-20,31,10:00,Continuing Claims @ 08:30+Current Account Balance @ 08:30+Existing Home Sales @ 10:00+Leading Index @ 10:00+Philadelphia Fed Business Outlook @ 08:30,-0.5591913082178337,0.4282110673471366,2.34280958153792,15.0
ZN,2025-03-24 13:46:00+00:00,2025-03-24,1,09:45,S&P Global US Manufacturing PMI @ 09:45+S&P Global US Services PMI @ 09:45,-0.4543887770239137,0.4854847055883881,2.401521389835987,15.0
ZN,2025-03-24 14:46:00+00:00,2025-03-24,61,09:45,S&P Global US Manufacturing PMI @ 09:45+S&P Global US Services PMI @ 09:45,0.45699457722590475,0.3571034258634315,2.8525333965435093,15.0
ZN,2025-03-26 12:31:00+00:00,2025-03-26,1,08:30,Durable Goods Orders @ 08:30+MBA Mortgage Applications @ 07:00,0.8123707831441104,0.3557388779783448,2.8606337290534785,15.0
ZN,2025-03-26 13:01:00+00:00,2025-03-26,31,08:30,Durable Goods Orders @ 08:30+MBA Mortgage Applications @ 07:00,-0.9327001409783331,0.4536482385391007,2.2368585235904304,15.0
ZN,2025-03-26 13:31:00+00:00,2025-03-26,61,08:30,Durable Goods Orders @ 08:30,0.8557598797803196,0.3542614604001506,2.848599818852972,15.0
ZN,2025-03-26 14:01:00+00:00,2025-03-26,91,08:30,Durable Goods Orders @ 08:30,-0.6402166951359254,0.4122012605942097,2.44707397193952,15.0
ZN,2025-03-27 12:31:00+00:00,2025-03-27,1,08:30,Continuing Claims @ 08:30+Core PCE Price Index QoQ @ 08:30+Wholesale Inventories MoM @ 10:00,0.6861784730936973,0.4838850485237102,2.0684027920769945,15.0
ZN,2025-03-27 13:01:00+00:00,2025-03-27,31,08:30,Continuing Claims @ 08:30+Core PCE Price Index QoQ @ 08:30+Wholesale Inventories MoM @ 10:00,0.5081821821968209,0.4449458933898647,2.2547264905812328,15.0
ZN,2025-03-27 13:31:00+00:00,2025-03-27,61,08:30,Continuing Claims @ 08:30+Core PCE Price Index QoQ @ 08:30+Wholesale Inventories MoM @ 10:00,-0.42302652962708714,0.5392728148401087,1.8706986106279302,15.0
ZN,2025-03-27 14:01:00+00:00,2025-03-27,1,10:00,Continuing Claims @ 08:30+Core PCE Price Index QoQ @ 08:30+Pending Home Sales MoM @ 10:00+Wholesale Inventories MoM @ 10:00,0.4991387713663777,0.43310793932624536,2.3430508132947727,15.0
ZN,2025-04-01 14:01:00+00:00,2025-04-01,1,10:00,ISM Manufacturing @ 10:00+JOLTS Job Openings @ 10:00,-0.42963254126205164,0.41195170882927984,2.452015901110318,15.0
ZN,2025-04-01 15:01:00+00:00,2025-04-01,61,10:00,Dallas Fed Services Activity @ 10:30+ISM Manufacturing @ 10:00+JOLTS Job Openings @ 10:00,0.9962992245162228,0.5752189162583413,1.813357476531247,15.0
ZN,2025-04-01 16:01:00+00:00,2025-04-01,121,10:00,Dallas Fed Services Activity @ 10:30+ISM Manufacturing @ 10:00+JOLTS Job Openings @ 10:00,0.793153721607304,0.3258853475799416,3.2640766373054326,15.0
ZN,2025-04-02 14:01:00+00:00,2025-04-02,1,10:00,Durable Goods Orders @ 08:30,-0.5034777489680613,0.5394744476141831,1.868225152877258,15.0
ZN,2025-04-02 14:31:00+00:00,2025-04-02,31,10:00,Durable Goods Orders @ 08:30,0.8633972866235223,0.3355347644612156,2.9973413389721655,15.0
ZN,2025-04-02 15:01:00+00:00,2025-04-02,61,10:00,Durable Goods Orders @ 08:30,0.8741481708717667,0.5525394115567783,1.8188673035577563,15.0
ZN,2025-04-02 15:31:00+00:00,2025-04-02,91,10:00,Durable Goods Orders @ 08:30,-1.3099195813475326,0.49039103706421,2.0553572318641993,15.0
ZN,2025-04-02 16:01:00+00:00,2025-04-02,121,10:00,Durable Goods Orders @ 08:30,0.830075566343517,0.35490990713609416,2.8432591885951797,15.0
ZN,2025-04-03 13:46:00+00:00,2025-04-03,1,09:45,S&P Global US Services PMI @ 09:45,0.19725648128523998,0.5349150749917725,1.996693173256875,15.0
ZN,2025-04-03 14:01:00+00:00,2025-04-03,91,08:30,Continuing Claims @ 08:30+ISM Services Index @ 10:00+Trade Balance @ 08:30,0.3338054415807487,0.5528566278000795,1.8616294939688676,15.0
ZN,2025-04-03 14:46:00+00:00,2025-04-03,61,09:45,S&P Global US Services PMI @ 09:45,-0.6636563749437205,0.43582759620522393,2.315600378900663,15.0
ZN,2025-04-03 15:01:00+00:00,2025-04-03,61,10:00,ISM Services Index @ 10:00,-0.6562673185415815,0.5700703111469837,1.774083325838013,15.0
ZN,2025-04-03 15:16:00+00:00,2025-04-03,91,09:45,S&P Global US Services PMI @ 09:45,-1.1434318251448152,0.33185350187484774,3.0613920345322514,15.0
ZN,2025-04-03 15:46:00+00:00,2025-04-03,121,09:45,S&P Global US Services PMI @ 09:45,1.524167275767577,0.5009086864422263,2.0226864247502543,15.0
ZN,2025-04-04 12:31:00+00:00,2025-04-04,1,08:30,Change in Manufact. Payrolls @ 08:30,0.6181793218025703,0.3610698378050211,2.7911622143601837,15.0
ZN,2025-04-04 13:01:00+00:00,2025-04-04,31,08:30,Change in Manufact. Payrolls @ 08:30,0.4065181821824889,0.5077774138613074,1.9789889196452726,15.0
ZN,2025-04-04 13:31:00+00:00,2025-04-04,61,08:30,Change in Manufact. Payrolls @ 08:30,-0.4137002439238802,0.48092621908380945,2.099084845504593,15.0
ZN,2025-04-04 14:01:00+00:00,2025-04-04,91,08:30,Change in Manufact. Payrolls @ 08:30,0.8745852819050386,0.4641925851448516,2.1582184639102135,15.0
ZN,2025-04-04 14:31:00+00:00,2025-04-04,121,08:30,Change in Manufact. Payrolls @ 08:30,0.6186903110701667,0.8419225652650647,1.193139896792779,15.0
ZN,2025-04-09 18:01:00+00:00,2025-04-09,1,14:00,FOMC Meeting Minutes @ 14:00,1.2796900199036558,0.30546812851832134,3.300359767014213,15.0
ZN,2025-04-09 18:31:00+00:00,2025-04-09,31,14:00,FOMC Meeting Minutes @ 14:00,-0.37041657623732704,0.33442899053368325,3.0636135425029254,15.0
ZN,2025-04-09 19:01:00+00:00,2025-04-09,61,14:00,FOMC Meeting Minutes @ 14:00,-0.5368153903664895,0.30923869173308566,3.2643827106865713,15.0
ZN,2025-04-09 19:31:00+00:00,2025-04-09,91,14:00,FOMC Meeting Minutes @ 14:00,1.0408109555202734,0.43628881229320216,2.3419263107035992,15.0
ZN,2025-04-09 20:01:00+00:00,2025-04-09,121,14:00,FOMC Meeting Minutes @ 14:00,-0.9215576338389566,0.44354446348381205,2.2899383252389716,15.0
ZN,2025-04-10 12:31:00+00:00,2025-04-10,1,08:30,CPI Index NSA @ 08:30+Continuing Claims @ 08:30,0.35605936681448164,0.35640518330755283,2.8646130233762483,15.0
ZN,2025-04-10 13:01:00+00:00,2025-04-10,31,08:30,CPI Index NSA @ 08:30+Continuing Claims @ 08:30,0.5731309456288006,0.5718554687867515,1.7595246034632592,15.0
ZN,2025-04-10 13:31:00+00:00,2025-04-10,61,08:30,CPI Index NSA @ 08:30+Continuing Claims @ 08:30,0.3683747813589412,0.5053749385304145,2.000620649376181,15.0
ZN,2025-04-10 14:01:00+00:00,2025-04-10,91,08:30,CPI Index NSA @ 08:30+Continuing Claims @ 08:30,0.3739019622027804,0.4758522294272798,2.11863534233198,15.0
ZN,2025-04-10 14:31:00+00:00,2025-04-10,121,08:30,CPI Index NSA @ 08:30+Continuing Claims @ 08:30,-0.8062873770295287,0.4245140297076328,2.3656984656145585,15.0
ZN,2025-04-16 12:31:00+00:00,2025-04-16,1,08:30,MBA Mortgage Applications @ 07:00+New York Fed Services Business Activity @ 08:30+Retail Sales Advance MoM @ 08:30,0.746024560886306,0.32622553779455776,3.1077061244061635,15.0
ZN,2025-04-16 13:01:00+00:00,2025-04-16,31,08:30,MBA Mortgage Applications @ 07:00+New York Fed Services Business Activity @ 08:30+Retail Sales Advance MoM @ 08:30,-0.7517984253446716,0.512460377759539,2.124685914425721,15.0
ZN,2025-04-16 14:31:00+00:00,2025-04-16,121,08:30,Business Inventories @ 10:00+NAHB Housing Market Index @ 10:00+New York Fed Services Business Activity @ 08:30+Retail Sales Advance MoM @ 08:30,-0.7825606315249769,0.6311014641554205,1.5875403929639016,15.0
ZN,2025-04-17 12:31:00+00:00,2025-04-17,1,08:30,Building Permits @ 08:30+Continuing Claims @ 08:30+Philadelphia Fed Business Outlook @ 08:30,-0.3118110631346432,0.6583104946871043,1.537235261255696,15.0
ZN,2025-04-17 13:31:00+00:00,2025-04-17,61,08:30,Building Permits @ 08:30+Continuing Claims @ 08:30+Philadelphia Fed Business Outlook @ 08:30,0.9574278636665163,0.3247142336981663,3.1109835047952985,15.0
ZN,2025-04-17 14:31:00+00:00,2025-04-17,121,08:30,Building Permits @ 08:30+Continuing Claims @ 08:30+Philadelphia Fed Business Outlook @ 08:30,0.8311382195897798,0.4078021728157771,2.470854504790366,15.0
ZN,2025-04-23 13:46:00+00:00,2025-04-23,1,09:45,S&P Global US Manufacturing PMI @ 09:45+S&P Global US Services PMI @ 09:45,-0.696684994551986,0.208804213810428,4.803630151469248,15.0
ZN,2025-04-23 15:16:00+00:00,2025-04-23,91,09:45,S&P Global US Manufacturing PMI @ 09:45+S&P Global US Services PMI @ 09:45,-0.5944632495862927,0.36873053448528376,2.7455810045194604,15.0
ZN,2025-04-24 12:31:00+00:00,2025-04-24,1,08:30,Chicago Fed Nat Activity Index @ 08:30+Continuing Claims @ 08:30+Durable Goods Orders @ 08:30,-0.697355978276855,0.44461270845281414,2.27418235950799,15.0
ZN,2025-04-24 13:31:00+00:00,2025-04-24,61,08:30,Chicago Fed Nat Activity Index @ 08:30+Continuing Claims @ 08:30+Durable Goods Orders @ 08:30,-0.4825987518034723,0.3157646650157737,3.18586565656495,15.0
ZN,2025-04-30 12:31:00+00:00,2025-04-30,1,08:30,Core PCE Price Index QoQ @ 08:30+Employment Cost Index @ 08:30+MBA Mortgage Applications @ 07:00,0.24243100956678848,0.3875107782526504,2.6609091366820645,15.0
ZN,2025-04-30 13:01:00+00:00,2025-04-30,31,08:30,Core PCE Price Index QoQ @ 08:30+Employment Cost Index @ 08:30+MBA Mortgage Applications @ 07:00,-0.5924077967639687,0.3876298889417076,2.6125190628785795,15.0
ZN,2025-04-30 13:31:00+00:00,2025-04-30,61,08:30,Core PCE Price Index QoQ @ 08:30+Employment Cost Index @ 08:30,-0.4110544891845447,0.6860837153410965,1.481928419703772,15.0
ZN,2025-04-30 14:01:00+00:00,2025-04-30,91,08:30,Core PCE Price Index MoM @ 08:30+Core PCE Price Index QoQ @ 08:30+Employment Cost Index @ 08:30+Pending Home Sales MoM @ 10:00,1.1960953696795043,0.36727993671535286,2.7652376855819876,15.0
ZN,2025-04-30 14:31:00+00:00,2025-04-30,31,10:00,Core PCE Price Index MoM @ 08:30+Core PCE Price Index QoQ @ 08:30+Employment Cost Index @ 08:30+Pending Home Sales MoM @ 10:00,0.7423641284953745,0.3706785361624131,2.703103322618807,15.0
ZN,2025-05-01 14:01:00+00:00,2025-05-01,91,08:30,Continuing Claims @ 08:30+ISM Manufacturing @ 10:00,-0.7917742620630073,0.4083380386816784,2.591045826797833,15.0
ZN,2025-05-01 14:31:00+00:00,2025-05-01,31,10:00,Continuing Claims @ 08:30+ISM Manufacturing @ 10:00,-0.5568165828939491,0.7582210864441998,1.3274606582493087,15.0
ZN,2025-05-01 15:01:00+00:00,2025-05-01,61,10:00,ISM Manufacturing @ 10:00,0.4303764904331282,0.36055566821776347,2.7921232760120476,15.0
ZN,2025-05-01 16:01:00+00:00,2025-05-01,121,10:00,ISM Manufacturing @ 10:00,0.8545094273703785,0.4780085585308991,2.1202837435237716,15.0
ZN,2025-05-02 12:31:00+00:00,2025-05-02,1,08:30,Change in Manufact. Payrolls @ 08:30,0.29828594028732813,0.7716452951788928,1.3406344733505373,15.0
ZN,2025-05-02 13:01:00+00:00,2025-05-02,31,08:30,Change in Manufact. Payrolls @ 08:30,-0.40561488654187844,0.6574755505814968,1.525482850056745,15.0
ZN,2025-05-02 13:31:00+00:00,2025-05-02,61,08:30,Change in Manufact. Payrolls @ 08:30,0.5241565506356519,0.45160185487292825,2.2237578860085754,15.0
ZN,2025-05-02 14:01:00+00:00,2025-05-02,1,10:00,Change in Manufact. Payrolls @ 08:30+Durable Goods Orders @ 08:30,-0.571533751065141,0.4776398219817579,2.150931507450105,15.0
ZN,2025-05-02 15:01:00+00:00,2025-05-02,61,10:00,Durable Goods Orders @ 08:30,0.4680996310157363,0.7046475271813096,1.4304375998596577,15.0
ZN,2025-05-02 16:01:00+00:00,2025-05-02,121,10:00,Durable Goods Orders @ 08:30,-0.5944872934225162,0.48212091055901996,2.080591165767486,15.0
ZN,2025-05-05 13:46:00+00:00,2025-05-05,1,09:45,S&P Global US Services PMI @ 09:45,0.2876182496081451,0.2696998769708519,3.7836282805014263,15.0
ZN,2025-05-05 14:01:00+00:00,2025-05-05,1,10:00,ISM Services Index @ 10:00,-0.4277946533068435,0.5238348905372927,1.962717038229448,15.0
ZN,2025-05-05 14:16:00+00:00,2025-05-05,31,09:45,S&P Global US Services PMI @ 09:45,-0.6043432317324442,0.6877636381798637,1.4880902382590986,15.0
ZN,2025-05-05 14:46:00+00:00,2025-05-05,61,09:45,S&P Global US Services PMI @ 09:45,-1.0855932141755653,0.26403334401405404,3.8244831645382282,15.0
ZN,2025-05-05 15:01:00+00:00,2025-05-05,61,10:00,ISM Services Index @ 10:00,-0.7618124313916311,0.36539991110041564,2.755085202501209,15.0
ZN,2025-05-05 15:16:00+00:00,2025-05-05,91,09:45,S&P Global US Services PMI @ 09:45,-0.8989788683113484,0.5989904523875081,1.7295270599560606,15.0
ZN,2025-05-13 12:31:00+00:00,2025-05-13,1,08:30,CPI Index NSA @ 08:30,-0.3529867043104637,0.435018404718507,2.3570099842511354,15.0
ZN,2025-05-13 13:31:00+00:00,2025-05-13,61,08:30,CPI Index NSA @ 08:30,0.7773568987037798,0.33150634240253807,3.024260850924381,15.0
ZN,2025-05-13 14:31:00+00:00,2025-05-13,121,08:30,CPI Index NSA @ 08:30,0.49693285602942566,0.3432559746747829,2.9193823043610263,15.0
ZN,2025-05-15 14:01:00+00:00,2025-05-15,1,10:00,Business Inventories @ 10:00+Continuing Claims @ 08:30+Empire Manufacturing @ 08:30+NAHB Housing Market Index @ 10:00+PPI Ex Food and Energy MoM @ 08:30+Philadelphia Fed Business Outlook @ 08:30+Retail Sales Advance MoM @ 08:30,-0.4762845276524377,0.4463934276561251,2.258224255067623,15.0
ZN,2025-05-15 14:31:00+00:00,2025-05-15,121,08:30,Business Inventories @ 10:00+Continuing Claims @ 08:30+Empire Manufacturing @ 08:30+NAHB Housing Market Index @ 10:00+PPI Ex Food and Energy MoM @ 08:30+Philadelphia Fed Business Outlook @ 08:30+Retail Sales Advance MoM @ 08:30,-0.6045740186571948,0.5282036756165591,1.9034352938030554,15.0
ZN,2025-05-22 13:46:00+00:00,2025-05-22,1,09:45,S&P Global US Manufacturing PMI @ 09:45+S&P Global US Services PMI @ 09:45,-0.6676718289574094,0.3711727807271805,2.770115488385639,15.0
ZN,2025-05-22 14:16:00+00:00,2025-05-22,31,09:45,S&P Global US Manufacturing PMI @ 09:45+S&P Global US Services PMI @ 09:45,0.5869109000367999,0.5068823432747516,1.9949863226115834,15.0
ZN,2025-05-22 14:46:00+00:00,2025-05-22,61,09:45,S&P Global US Manufacturing PMI @ 09:45+S&P Global US Services PMI @ 09:45,0.5825283324968987,0.3039224541655091,3.3213875767684597,15.0
ZN,2025-05-22 15:16:00+00:00,2025-05-22,91,09:45,S&P Global US Manufacturing PMI @ 09:45+S&P Global US Services PMI @ 09:45,0.7925920921207888,0.3360529894399985,2.9849226719287096,15.0
ZN,2025-05-22 15:46:00+00:00,2025-05-22,121,09:45,S&P Global US Manufacturing PMI @ 09:45+S&P Global US Services PMI @ 09:45,-0.7594739853645268,0.5077101803983731,1.995123832041039,15.0
ZN,2025-05-27 12:31:00+00:00,2025-05-27,1,08:30,Durable Goods Orders @ 08:30,0.4984278669922843,0.3528449313139398,2.8561901617481626,15.0
ZN,2025-05-27 13:01:00+00:00,2025-05-27,1,09:00,Durable Goods Orders @ 08:30+FHFA House Price Index MoM @ 09:00+S&P Cotality CS 20-City MoM SA @ 09:00,-0.8108127284752358,0.3275136416361119,3.166835168768029,15.0
ZN,2025-05-27 13:31:00+00:00,2025-05-27,61,08:30,Durable Goods Orders @ 08:30+FHFA House Price Index MoM @ 09:00+S&P Cotality CS 20-City MoM SA @ 09:00,-0.5061457715338568,0.3115850037029133,3.3477437574127857,15.0
ZN,2025-05-27 14:01:00+00:00,2025-05-27,61,09:00,Conf. Board Consumer Confidence @ 10:00+Durable Goods Orders @ 08:30+FHFA House Price Index MoM @ 09:00+S&P Cotality CS 20-City MoM SA @ 09:00,-0.5112600511843806,0.2842681118135475,3.620968859745412,15.0
ZN,2025-05-27 14:31:00+00:00,2025-05-27,121,08:30,Conf. Board Consumer Confidence @ 10:00+Dallas Fed Manf. Activity @ 10:30+Durable Goods Orders @ 08:30+FHFA House Price Index MoM @ 09:00+S&P Cotality CS 20-City MoM SA @ 09:00,0.6015532277699636,0.564515191074136,2.1480186026357053,15.0
ZN,2025-05-28 18:31:00+00:00,2025-05-28,31,14:00,FOMC Meeting Minutes @ 14:00,0.31106019587579864,0.28883783403914803,3.548949015646585,15.0
ZN,2025-05-28 19:01:00+00:00,2025-05-28,61,14:00,FOMC Meeting Minutes @ 14:00,-0.45657014482728686,0.39233378383290823,2.5806439835125876,15.0
ZN,2025-05-29 12:31:00+00:00,2025-05-29,1,08:30,Continuing Claims @ 08:30+Core PCE Price Index QoQ @ 08:30,0.48929957484409703,0.798083214873366,1.3268901781195985,15.0
ZN,2025-05-29 13:01:00+00:00,2025-05-29,31,08:30,Continuing Claims @ 08:30+Core PCE Price Index QoQ @ 08:30,-0.5766633730131482,0.47666138185151274,2.1513876163291417,15.0
ZN,2025-05-29 13:31:00+00:00,2025-05-29,61,08:30,Continuing Claims @ 08:30+Core PCE Price Index QoQ @ 08:30,-0.7114793564677526,0.44684906460184254,2.2798654870112665,15.0
ZN,2025-05-29 14:01:00+00:00,2025-05-29,1,10:00,Continuing Claims @ 08:30+Core PCE Price Index QoQ @ 08:30+Pending Home Sales MoM @ 10:00,-0.7067784673859822,0.7433495007861962,1.3712774919623936,15.0
ZN,2025-05-29 14:31:00+00:00,2025-05-29,31,10:00,Continuing Claims @ 08:30+Core PCE Price Index QoQ @ 08:30+Pending Home Sales MoM @ 10:00,0.6062546539225874,0.44469025531392514,2.2617334325309337,15.0
ZN,2025-06-02 14:01:00+00:00,2025-06-02,1,10:00,ISM Manufacturing @ 10:00,0.3108549037481196,0.39097840310578297,2.578355201197682,15.0
ZN,2025-06-02 14:31:00+00:00,2025-06-02,31,10:00,ISM Manufacturing @ 10:00,-1.2458020877997498,0.4994783220216805,2.0315755326997915,15.0
ZN,2025-06-02 15:01:00+00:00,2025-06-02,61,10:00,ISM Manufacturing @ 10:00,-1.9214936160010678,0.34838700162145625,2.8794801042318117,15.0
ZN,2025-06-02 16:01:00+00:00,2025-06-02,121,10:00,ISM Manufacturing @ 10:00,-1.592387598034411,0.29334111079323233,3.4164407092345854,15.0
ZN,2025-06-03 14:01:00+00:00,2025-06-03,1,10:00,Durable Goods Orders @ 08:30+JOLTS Job Openings @ 10:00,-0.370128247034931,0.37989816395294346,2.647892211146993,15.0
ZN,2025-06-03 14:31:00+00:00,2025-06-03,31,10:00,Durable Goods Orders @ 08:30+JOLTS Job Openings @ 10:00,-1.0072081617032629,0.4808614468815214,2.110402852602314,15.0
ZN,2025-06-03 15:31:00+00:00,2025-06-03,91,10:00,Durable Goods Orders @ 08:30+JOLTS Job Openings @ 10:00,-0.6504498773051073,0.5377981457747752,1.9151620005247156,15.0
ZN,2025-06-04 13:46:00+00:00,2025-06-04,91,08:15,ADP Employment Change @ 08:15+S&P Global US Services PMI @ 09:45,-0.3729643427182806,0.29000085842364715,3.7548599676990286,15.0
ZN,2025-06-04 14:01:00+00:00,2025-06-04,1,10:00,ISM Services Index @ 10:00,-0.2854733227938895,0.3760237158866374,2.664811239502637,15.0
ZN,2025-06-04 14:16:00+00:00,2025-06-04,31,09:45,ADP Employment Change @ 08:15+S&P Global US Services PMI @ 09:45,-0.5339250908982657,0.6305767888936085,1.899342965148067,15.0
ZN,2025-06-04 14:31:00+00:00,2025-06-04,31,10:00,ISM Services Index @ 10:00,0.42926670229060915,0.44715437196078045,2.280361569113756,15.0
ZN,2025-06-04 15:31:00+00:00,2025-06-04,91,10:00,ISM Services Index @ 10:00,0.8946783768230557,0.42107337994582417,2.383134592183435,15.0
ZN,2025-06-04 16:01:00+00:00,2025-06-04,121,10:00,ISM Services Index @ 10:00,1.175421199742623,0.4272048012818614,2.379988163101724,15.0
ZN,2025-06-06 12:31:00+00:00,2025-06-06,1,08:30,Change in Manufact. Payrolls @ 08:30,0.3056233952220339,0.7280145263173607,1.4051911557465584,15.0
ZN,2025-06-06 13:01:00+00:00,2025-06-06,31,08:30,Change in Manufact. Payrolls @ 08:30,-0.9293945378270265,0.7078054229811864,1.4220415840886975,15.0
ZN,2025-06-06 13:31:00+00:00,2025-06-06,61,08:30,Change in Manufact. Payrolls @ 08:30,0.8310896722057272,0.5004363160165199,2.0109609908489543,15.0
ZN,2025-06-06 14:01:00+00:00,2025-06-06,91,08:30,Change in Manufact. Payrolls @ 08:30,-0.658436920695286,0.4092748209339163,2.4687608180825262,15.0
ZN,2025-06-06 14:31:00+00:00,2025-06-06,121,08:30,Change in Manufact. Payrolls @ 08:30,-0.5098093287855302,0.6280685439529314,1.5961695831011475,15.0
ZN,2025-06-11 12:31:00+00:00,2025-06-11,91,07:00,CPI Index NSA @ 08:30+MBA Mortgage Applications @ 07:00,-0.3353366550932686,0.9616121739298191,1.2339637954736173,15.0
ZN,2025-06-11 14:31:00+00:00,2025-06-11,121,08:30,CPI Index NSA @ 08:30,0.9748979251339385,0.47205570735934915,2.1346702479218536,15.0
ZN,2025-06-17 12:31:00+00:00,2025-06-17,1,08:30,Import Price Index YoY @ 08:30+New York Fed Services Business Activity @ 08:30+Retail Sales Advance MoM @ 08:30,-0.3391629717981946,0.2849343234863726,3.5211421569173553,15.0
ZN,2025-06-17 13:01:00+00:00,2025-06-17,31,08:30,Import Price Index YoY @ 08:30+New York Fed Services Business Activity @ 08:30+Retail Sales Advance MoM @ 08:30,-0.7654960715353569,0.647794196176078,1.5763888260985437,15.0
ZN,2025-06-17 14:31:00+00:00,2025-06-17,121,08:30,Business Inventories @ 10:00+Import Price Index YoY @ 08:30+NAHB Housing Market Index @ 10:00+New York Fed Services Business Activity @ 08:30+Retail Sales Advance MoM @ 08:30,-0.6384708136725763,0.5062554994535733,1.986292076600161,15.0
ZN,2025-06-20 12:31:00+00:00,2025-06-20,1,08:30,Philadelphia Fed Business Outlook @ 08:30,0.46606977585860815,0.33942682783491895,2.954893325439325,15.0
ZN,2025-06-20 13:31:00+00:00,2025-06-20,61,08:30,Philadelphia Fed Business Outlook @ 08:30,-0.5383003500002681,0.300868907624623,3.351894104068046,15.0
ZN,2025-06-20 14:01:00+00:00,2025-06-20,91,08:30,Leading Index @ 10:00+Philadelphia Fed Business Outlook @ 08:30,-0.762814112140682,0.32114329759585497,3.1246722498990165,15.0
ZN,2025-06-20 14:31:00+00:00,2025-06-20,31,10:00,Leading Index @ 10:00+Philadelphia Fed Business Outlook @ 08:30,0.8068430468603613,0.3521863185033792,2.8576492512652263,15.0
ZN,2025-06-23 13:46:00+00:00,2025-06-23,1,09:45,S&P Global US Manufacturing PMI @ 09:45+S&P Global US Services PMI @ 09:45,-0.8218042197561188,0.3043322920779182,3.3716238034010644,15.0
ZN,2025-06-23 14:16:00+00:00,2025-06-23,31,09:45,S&P Global US Manufacturing PMI @ 09:45+S&P Global US Services PMI @ 09:45,-0.6933890183607394,0.7630554205196229,1.3258982838854052,15.0
ZN,2025-06-23 14:46:00+00:00,2025-06-23,61,09:45,S&P Global US Manufacturing PMI @ 09:45+S&P Global US Services PMI @ 09:45,-0.5800353079379873,0.398533907369819,2.5271615704005983,15.0
ZN,2025-06-23 15:16:00+00:00,2025-06-23,91,09:45,S&P Global US Manufacturing PMI @ 09:45+S&P Global US Services PMI @ 09:45,0.7144338550433249,0.4047525582923398,2.476595953411775,15.0
ZN,2025-06-23 15:46:00+00:00,2025-06-23,121,09:45,S&P Global US Manufacturing PMI @ 09:45+S&P Global US Services PMI @ 09:45,-0.7001048697230029,0.42894468311080763,2.3411182235907857,15.0
ZN,2025-06-26 12:31:00+00:00,2025-06-26,1,08:30,Chicago Fed Nat Activity Index @ 08:30+Continuing Claims @ 08:30+Core PCE Price Index QoQ @ 08:30+Durable Goods Orders @ 08:30+Wholesale Inventories MoM @ 10:00,0.4665633496101316,0.31357305082903025,3.2200152867383496,15.0
ZN,2025-06-26 13:01:00+00:00,2025-06-26,31,08:30,Chicago Fed Nat Activity Index @ 08:30+Continuing Claims @ 08:30+Core PCE Price Index QoQ @ 08:30+Durable Goods Orders @ 08:30+Wholesale Inventories MoM @ 10:00,1.7377074807531687,0.6527287807779222,1.5486476325475795,15.0
ZN,2025-06-26 14:01:00+00:00,2025-06-26,91,08:30,Chicago Fed Nat Activity Index @ 08:30+Continuing Claims @ 08:30+Core PCE Price Index QoQ @ 08:30+Durable Goods Orders @ 08:30+Pending Home Sales MoM @ 10:00+Wholesale Inventories MoM @ 10:00,-1.1707172660316643,0.4639578626504784,2.1733339229236464,15.0
ZN,2025-06-26 14:31:00+00:00,2025-06-26,121,08:30,Chicago Fed Nat Activity Index @ 08:30+Continuing Claims @ 08:30+Core PCE Price Index QoQ @ 08:30+Durable Goods Orders @ 08:30+Pending Home Sales MoM @ 10:00+Wholesale Inventories MoM @ 10:00,0.7938537598969253,0.3215442158209546,3.1212989285964525,15.0
ZN,2025-07-01 14:01:00+00:00,2025-07-01,1,10:00,ISM Manufacturing @ 10:00+JOLTS Job Openings @ 10:00,-1.1227974936035592,0.35051113351702534,2.878013040494036,15.0
ZN,2025-07-01 14:31:00+00:00,2025-07-01,31,10:00,Dallas Fed Services Activity @ 10:30+ISM Manufacturing @ 10:00+JOLTS Job Openings @ 10:00,-0.4186402317965884,0.4744842484975435,2.212627871603264,15.0
ZN,2025-07-01 16:01:00+00:00,2025-07-01,91,10:30,Dallas Fed Services Activity @ 10:30+ISM Manufacturing @ 10:00+JOLTS Job Openings @ 10:00,-1.1487806438155206,0.5146503102340153,2.0982104218447364,15.0
ZN,2025-07-03 12:31:00+00:00,2025-07-03,1,08:30,Change in Manufact. Payrolls @ 08:30+Continuing Claims @ 08:30+Trade Balance @ 08:30,-0.5706142530372736,1.4580381088802687,0.7328589881208122,15.0
ZN,2025-07-03 13:01:00+00:00,2025-07-03,31,08:30,Change in Manufact. Payrolls @ 08:30+Continuing Claims @ 08:30+Trade Balance @ 08:30,0.4174728392621572,0.5096426477862385,1.9654111032663517,15.0
ZN,2025-07-03 13:31:00+00:00,2025-07-03,61,08:30,Change in Manufact. Payrolls @ 08:30+Continuing Claims @ 08:30+Trade Balance @ 08:30,-1.5251306371167643,0.3206681325424183,3.1258486033296045,15.0
ZN,2025-07-03 14:01:00+00:00,2025-07-03,1,10:00,Change in Manufact. Payrolls @ 08:30+Continuing Claims @ 08:30+Durable Goods Orders @ 08:30+ISM Services Index @ 10:00+Trade Balance @ 08:30,0.5444776013671192,0.3332922284350693,3.0176686713111325,15.0
ZN,2025-07-03 14:16:00+00:00,2025-07-03,31,09:45,S&P Global US Services PMI @ 09:45,-0.7047764207272046,0.47064938213904756,2.1369301557140825,15.0
ZN,2025-07-03 15:01:00+00:00,2025-07-03,61,10:00,Durable Goods Orders @ 08:30+ISM Services Index @ 10:00,-0.6003275993882383,0.33573404705462967,2.9851963831361137,15.0
ZN,2025-07-03 15:16:00+00:00,2025-07-03,91,09:45,S&P Global US Services PMI @ 09:45,0.7861007430091491,0.31241346866594194,3.234808405629747,15.0
ZN,2025-07-03 15:31:00+00:00,2025-07-03,91,10:00,Durable Goods Orders @ 08:30+ISM Services Index @ 10:00,-1.0784305316600113,0.3312543979515917,3.0226582889970377,15.0
ZN,2025-07-03 15:46:00+00:00,2025-07-03,121,09:45,S&P Global US Services PMI @ 09:45,-0.8627832416874464,0.36837338023436816,2.7584026281200877,15.0
ZN,2025-07-03 16:01:00+00:00,2025-07-03,121,10:00,Durable Goods Orders @ 08:30+ISM Services Index @ 10:00,-0.5114787593112734,0.4478920658219111,2.283630652485855,15.0
ZN,2025-07-09 19:01:00+00:00,2025-07-09,61,14:00,FOMC Meeting Minutes @ 14:00,-0.7392617997856155,0.22598326033993882,4.437485135482149,15.0
ZN,2025-07-09 19:31:00+00:00,2025-07-09,91,14:00,FOMC Meeting Minutes @ 14:00,0.489819774001353,0.31562086118666344,3.2529214953167243,15.0
ZN,2025-07-09 20:01:00+00:00,2025-07-09,121,14:00,FOMC Meeting Minutes @ 14:00,-1.3944367055719207,0.25511507489186913,3.943201887384559,15.0
ZN,2025-07-15 12:31:00+00:00,2025-07-15,1,08:30,CPI Index NSA @ 08:30+Empire Manufacturing @ 08:30,0.4529531841450932,0.5427591020589583,1.85492193119366,15.0
ZN,2025-07-15 13:01:00+00:00,2025-07-15,31,08:30,CPI Index NSA @ 08:30+Empire Manufacturing @ 08:30,-1.1186509642156317,0.4421660558612143,2.2768545510393174,15.0
ZN,2025-07-15 14:01:00+00:00,2025-07-15,91,08:30,CPI Index NSA @ 08:30+Empire Manufacturing @ 08:30,-0.6702902131150945,0.5427328816121902,1.8678800555548658,15.0
ZN,2025-07-17 14:01:00+00:00,2025-07-17,1,10:00,Business Inventories @ 10:00+Continuing Claims @ 08:30+Import Price Index YoY @ 08:30+NAHB Housing Market Index @ 10:00+Philadelphia Fed Business Outlook @ 08:30+Retail Sales Advance MoM @ 08:30,-1.0336999698198202,0.43191759170553407,2.321859678228242,15.0
ZN,2025-07-17 14:31:00+00:00,2025-07-17,121,08:30,Business Inventories @ 10:00+Continuing Claims @ 08:30+Import Price Index YoY @ 08:30+NAHB Housing Market Index @ 10:00+Philadelphia Fed Business Outlook @ 08:30+Retail Sales Advance MoM @ 08:30,-1.4434716886167347,0.49583457369469697,2.0321134675556585,15.0
ZN,2025-07-24 13:46:00+00:00,2025-07-24,1,09:45,S&P Global US Manufacturing PMI @ 09:45+S&P Global US Services PMI @ 09:45,-0.49531285305616607,0.5225582676844294,1.9620661555404706,15.0
ZN,2025-07-24 14:46:00+00:00,2025-07-24,61,09:45,S&P Global US Manufacturing PMI @ 09:45+S&P Global US Services PMI @ 09:45,0.7727210113521569,0.26579074122289703,3.811956285849306,15.0
ZN,2025-07-24 15:16:00+00:00,2025-07-24,91,09:45,S&P Global US Manufacturing PMI @ 09:45+S&P Global US Services PMI @ 09:45,-0.80293488847189,0.37425019066735404,2.7188152768930722,15.0
ZN,2025-07-24 15:46:00+00:00,2025-07-24,121,09:45,S&P Global US Manufacturing PMI @ 09:45+S&P Global US Services PMI @ 09:45,0.7620198360679351,0.3680659064263234,2.7463266062682044,15.0
ZN,2025-07-25 12:31:00+00:00,2025-07-25,1,08:30,Durable Goods Orders @ 08:30,-0.448310248093786,0.3209130974943679,3.1249197426700643,15.0
ZN,2025-07-25 13:01:00+00:00,2025-07-25,31,08:30,Durable Goods Orders @ 08:30,-1.5624871946561865,0.6166384037012214,1.6388038273785321,15.0
ZN,2025-07-25 13:31:00+00:00,2025-07-25,61,08:30,Durable Goods Orders @ 08:30,1.0026941933979192,0.33786200092332136,2.9711559108785774,15.0
ZN,2025-07-25 14:31:00+00:00,2025-07-25,121,08:30,Durable Goods Orders @ 08:30,0.626122156890299,0.41464345480568227,2.4233843234147248,15.0
ZN,2025-07-30 13:01:00+00:00,2025-07-30,31,08:30,Core PCE Price Index QoQ @ 08:30+MBA Mortgage Applications @ 07:00,-0.534364811367799,0.3405714464063133,3.0013561585452284,15.0
ZN,2025-07-30 14:31:00+00:00,2025-07-30,31,10:00,Core PCE Price Index QoQ @ 08:30+Pending Home Sales MoM @ 10:00,0.6516700281998911,0.30078457674082715,3.333195136334405,15.0
ZN,2025-08-01 12:31:00+00:00,2025-08-01,1,08:30,Change in Manufact. Payrolls @ 08:30,-0.32038057103194956,1.00045509481766,1.0419481894968623,15.0
ZN,2025-08-01 13:01:00+00:00,2025-08-01,31,08:30,Change in Manufact. Payrolls @ 08:30,0.5854724754401501,0.7220316526529804,1.3947044861510287,15.0
ZN,2025-08-01 14:01:00+00:00,2025-08-01,91,08:30,Change in Manufact. Payrolls @ 08:30+ISM Manufacturing @ 10:00+U. of Mich. Sentiment @ 10:00,-0.5383417093401343,0.5291795511006224,2.024026086746304,15.0
ZN,2025-08-01 14:31:00+00:00,2025-08-01,121,08:30,Change in Manufact. Payrolls @ 08:30+ISM Manufacturing @ 10:00+U. of Mich. Sentiment @ 10:00,0.24140728176158827,0.4351897927703338,2.3135530357043574,15.0
ZN,2025-08-01 16:01:00+00:00,2025-08-01,121,10:00,ISM Manufacturing @ 10:00+U. of Mich. Sentiment @ 10:00,-2.0,0.3010725280122855,3.334078969349842,15.0
ZN,2025-08-04 14:01:00+00:00,2025-08-04,1,10:00,Durable Goods Orders @ 08:30,-0.6481804264282273,0.3873223613916298,2.5925922458664865,15.0
ZN,2025-08-04 14:31:00+00:00,2025-08-04,31,10:00,Durable Goods Orders @ 08:30,0.9483653359300445,0.38633730134635164,2.6161831820495727,15.0
ZN,2025-08-04 15:01:00+00:00,2025-08-04,61,10:00,Durable Goods Orders @ 08:30,-0.4486929618181431,0.47103771580442233,2.1392384663719195,15.0
ZN,2025-08-04 15:31:00+00:00,2025-08-04,91,10:00,Durable Goods Orders @ 08:30,0.9441257678735895,0.27382002219397494,3.6660924269984254,15.0
ZN,2025-08-04 16:01:00+00:00,2025-08-04,121,10:00,Durable Goods Orders @ 08:30,-0.8532090187894146,0.599094202349496,1.6817880581645046,15.0
ZN,2025-08-05 13:46:00+00:00,2025-08-05,1,09:45,S&P Global US Services PMI @ 09:45,-0.3566034584670563,0.31741363067789946,3.1671999248098697,15.0
ZN,2025-08-05 14:01:00+00:00,2025-08-05,1,10:00,ISM Services Index @ 10:00+Trade Balance @ 08:30,-0.46008562561503114,0.4225881630255135,2.428265756872099,15.0
ZN,2025-08-05 14:16:00+00:00,2025-08-05,31,09:45,S&P Global US Services PMI @ 09:45,-0.7437901194898806,0.4789567467336686,2.095352195567813,15.0
ZN,2025-08-05 14:46:00+00:00,2025-08-05,61,09:45,S&P Global US Services PMI @ 09:45,-0.622053237824559,0.4398350140915053,2.2908694926303954,15.0
ZN,2025-08-05 15:01:00+00:00,2025-08-05,61,10:00,ISM Services Index @ 10:00,-0.5233196679497372,0.39774813329682224,2.550889324580254,15.0
ZN,2025-08-05 15:46:00+00:00,2025-08-05,121,09:45,S&P Global US Services PMI @ 09:45,0.985364467261688,0.3373172942524599,2.994913488781593,15.0
ZN,2025-08-12 13:01:00+00:00,2025-08-12,31,08:30,CPI Index NSA @ 08:30,-2.0,0.28285448132272634,3.551147559423651,15.0
ZN,2025-08-12 13:31:00+00:00,2025-08-12,61,08:30,CPI Index NSA @ 08:30,1.1934060313845716,0.7506828814291994,1.3480026086173162,15.0
ZN,2025-08-12 14:01:00+00:00,2025-08-12,91,08:30,CPI Index NSA @ 08:30,0.4285421247120476,0.4605343079637282,2.17840766718418,15.0
ZN,2025-08-12 14:31:00+00:00,2025-08-12,121,08:30,CPI Index NSA @ 08:30,0.7836194229466005,0.48853867974685006,2.052593056880311,15.0
ZN,2025-08-15 12:31:00+00:00,2025-08-15,1,08:30,Empire Manufacturing @ 08:30+Import Price Index YoY @ 08:30+Retail Sales Advance MoM @ 08:30,0.262537249032323,0.35017609019067325,2.8577977567327593,15.0
ZN,2025-08-15 13:31:00+00:00,2025-08-15,61,08:30,Empire Manufacturing @ 08:30+Import Price Index YoY @ 08:30+Retail Sales Advance MoM @ 08:30,0.8447852681396111,0.7517504078151876,1.3396146691631046,15.0
ZN,2025-08-15 14:01:00+00:00,2025-08-15,91,08:30,Business Inventories @ 10:00+Empire Manufacturing @ 08:30+Import Price Index YoY @ 08:30+Retail Sales Advance MoM @ 08:30+U. of Mich. Sentiment @ 10:00,-0.8900435156265741,0.4931955731506207,2.0456573645254337,15.0
ZN,2025-08-15 14:31:00+00:00,2025-08-15,121,08:30,Business Inventories @ 10:00+Empire Manufacturing @ 08:30+Import Price Index YoY @ 08:30+Retail Sales Advance MoM @ 08:30+U. of Mich. Sentiment @ 10:00,0.6729816759166048,0.5677734590796536,1.7738916880407338,15.0
ZN,2025-08-20 18:31:00+00:00,2025-08-20,31,14:00,FOMC Meeting Minutes @ 14:00,1.5725013357242033,0.27455050230601047,3.7204736291347196,15.0
ZN,2025-08-20 19:01:00+00:00,2025-08-20,61,14:00,FOMC Meeting Minutes @ 14:00,-0.45568047691906755,0.44944799104427235,2.2639489902324383,15.0
ZN,2025-08-20 19:31:00+00:00,2025-08-20,91,14:00,FOMC Meeting Minutes @ 14:00,0.6545779181455702,0.3739527050468838,2.7416707858995886,15.0
ZN,2025-08-21 13:01:00+00:00,2025-08-21,31,08:30,Continuing Claims @ 08:30+Philadelphia Fed Business Outlook @ 08:30,-0.9788264246000287,0.7450516786596112,1.3479115478994765,15.0
ZN,2025-08-21 13:31:00+00:00,2025-08-21,61,08:30,Continuing Claims @ 08:30+Philadelphia Fed Business Outlook @ 08:30,0.2942305468185086,0.5034658776078752,1.9926611019058575,15.0
ZN,2025-08-21 13:46:00+00:00,2025-08-21,1,09:45,S&P Global US Manufacturing PMI @ 09:45+S&P Global US Services PMI @ 09:45,-0.5092838205923824,0.3188109930394671,3.16265669962105,15.0
ZN,2025-08-21 14:16:00+00:00,2025-08-21,31,09:45,S&P Global US Manufacturing PMI @ 09:45+S&P Global US Services PMI @ 09:45,-1.6746161774883104,0.358745966296927,2.866548035002631,15.0
ZN,2025-08-21 14:46:00+00:00,2025-08-21,61,09:45,S&P Global US Manufacturing PMI @ 09:45+S&P Global US Services PMI @ 09:45,0.5628192802022415,0.29953987107935104,3.3535228378067874,15.0
ZN,2025-08-21 15:16:00+00:00,2025-08-21,91,09:45,S&P Global US Manufacturing PMI @ 09:45+S&P Global US Services PMI @ 09:45,-0.7004349676932968,0.49978442204147944,2.050392674349587,15.0
ZN,2025-08-21 15:46:00+00:00,2025-08-21,121,09:45,S&P Global US Manufacturing PMI @ 09:45+S&P Global US Services PMI @ 09:45,1.0874148541550182,0.3032638635170286,3.3501453348761014,15.0
ZN,2025-08-26 12:31:00+00:00,2025-08-26,1,08:30,Durable Goods Orders @ 08:30+Philadelphia Fed Non-Manufacturing Activity @ 08:30,0.533444529076909,0.40192862596989165,2.5117978261650626,15.0
ZN,2025-08-26 13:01:00+00:00,2025-08-26,31,08:30,Durable Goods Orders @ 08:30+FHFA House Price Index MoM @ 09:00+Philadelphia Fed Non-Manufacturing Activity @ 08:30+S&P Cotality CS 20-City MoM SA @ 09:00,-0.477026450112927,0.2575588544364707,4.009186715355464,15.0
ZN,2025-08-26 13:31:00+00:00,2025-08-26,31,09:00,Durable Goods Orders @ 08:30+FHFA House Price Index MoM @ 09:00+Philadelphia Fed Non-Manufacturing Activity @ 08:30+S&P Cotality CS 20-City MoM SA @ 09:00,0.5659308083437223,0.34885839533425955,2.931433018507567,15.0
ZN,2025-08-26 14:01:00+00:00,2025-08-26,91,08:30,Conf. Board Consumer Confidence @ 10:00+Durable Goods Orders @ 08:30+FHFA House Price Index MoM @ 09:00+Philadelphia Fed Non-Manufacturing Activity @ 08:30+Richmond Fed Manufact. Index @ 10:00+S&P Cotality CS 20-City MoM SA @ 09:00,0.452665088910863,0.3471791539616662,2.9990397506310136,15.0
ZN,2025-09-02 14:01:00+00:00,2025-09-02,1,10:00,ISM Manufacturing @ 10:00,0.5839132820964843,0.377348987877749,2.6914577045127652,15.0
ZN,2025-09-02 14:31:00+00:00,2025-09-02,31,10:00,ISM Manufacturing @ 10:00,-0.977757230494241,0.36381537563800725,2.761886718050928,15.0
ZN,2025-09-02 15:01:00+00:00,2025-09-02,61,10:00,ISM Manufacturing @ 10:00,0.4020616460504069,0.34922559626080846,2.88019468473994,15.0
ZN,2025-09-02 15:31:00+00:00,2025-09-02,91,10:00,ISM Manufacturing @ 10:00,1.3709403071417678,0.35372092970524877,2.835664724012653,15.0
ZN,2025-09-03 14:01:00+00:00,2025-09-03,1,10:00,Durable Goods Orders @ 08:30+JOLTS Job Openings @ 10:00,0.28693065667615547,0.6667236699165375,1.548472337257341,15.0
ZN,2025-09-03 14:31:00+00:00,2025-09-03,31,10:00,Durable Goods Orders @ 08:30+JOLTS Job Openings @ 10:00,-0.7478069919966985,0.5723583853043782,1.7867348727598042,15.0
ZN,2025-09-03 15:01:00+00:00,2025-09-03,61,10:00,Durable Goods Orders @ 08:30+JOLTS Job Openings @ 10:00,-1.4843193623239517,0.44040077953134527,2.280905423285627,15.0
ZN,2025-09-03 15:31:00+00:00,2025-09-03,91,10:00,Durable Goods Orders @ 08:30+JOLTS Job Openings @ 10:00,1.1896314851674716,0.5442857960188734,1.848762486455576,15.0
ZN,2025-09-03 16:01:00+00:00,2025-09-03,121,10:00,Durable Goods Orders @ 08:30+JOLTS Job Openings @ 10:00,-1.4064081109306716,0.26646437354800323,3.759169897088385,15.0
ZN,2025-09-04 13:46:00+00:00,2025-09-04,91,08:15,ADP Employment Change @ 08:15+S&P Global US Services PMI @ 09:45,0.22892826310846132,0.2879239352441252,3.7490746868415505,15.0
ZN,2025-09-04 14:16:00+00:00,2025-09-04,121,08:15,ADP Employment Change @ 08:15+S&P Global US Services PMI @ 09:45,-0.5873667160756828,0.3329936002014924,3.1226758197314446,15.0
ZN,2025-09-04 14:31:00+00:00,2025-09-04,121,08:30,Continuing Claims @ 08:30+ISM Services Index @ 10:00+Nonfarm Productivity @ 08:30+Trade Balance @ 08:30,0.8024977703076367,0.48815926331303083,2.0580766627587983,15.0
ZN,2025-09-04 14:46:00+00:00,2025-09-04,61,09:45,S&P Global US Services PMI @ 09:45,0.8168921424510918,0.5611679603209032,1.8404498602706076,15.0
ZN,2025-09-04 15:16:00+00:00,2025-09-04,91,09:45,S&P Global US Services PMI @ 09:45,-1.58088168568619,0.32415796836595206,3.1732627829930986,15.0
ZN,2025-09-04 15:46:00+00:00,2025-09-04,121,09:45,S&P Global US Services PMI @ 09:45,0.8757853101954464,0.4739346829311304,2.139460606870821,15.0
ZN,2025-09-05 12:31:00+00:00,2025-09-05,1,08:30,Change in Manufact. Payrolls @ 08:30,0.5408896751783513,0.5408071491193407,1.8604550149768229,15.0
ZN,2025-09-05 13:01:00+00:00,2025-09-05,31,08:30,Change in Manufact. Payrolls @ 08:30,0.5064073213863803,0.8573659376696208,1.17678942513896,15.0
ZN,2025-09-05 14:01:00+00:00,2025-09-05,91,08:30,Change in Manufact. Payrolls @ 08:30,-0.7944052736806752,0.33997273159303487,2.9686137623797917,15.0
ZN,2025-09-11 12:31:00+00:00,2025-09-11,1,08:30,CPI Index NSA @ 08:30+Continuing Claims @ 08:30,0.22489796827364317,0.7786788146072683,1.310821637701084,15.0
ZN,2025-09-11 13:01:00+00:00,2025-09-11,31,08:30,CPI Index NSA @ 08:30+Continuing Claims @ 08:30,0.4664761020536899,0.7082992004134058,1.429323358608798,15.0
ZN,2025-09-11 13:31:00+00:00,2025-09-11,61,08:30,CPI Index NSA @ 08:30+Continuing Claims @ 08:30,0.9351090328232392,0.30126444456703994,3.384040405460592,15.0
ZN,2025-09-11 14:01:00+00:00,2025-09-11,91,08:30,CPI Index NSA @ 08:30+Continuing Claims @ 08:30,-0.8387539356378347,0.4403891749848906,2.2801516892631373,15.0
ZN,2025-09-11 14:31:00+00:00,2025-09-11,121,08:30,CPI Index NSA @ 08:30+Continuing Claims @ 08:30,-1.334118009731641,0.7531735816115761,1.340027487076333,15.0
ZN,2025-09-16 12:31:00+00:00,2025-09-16,1,08:30,Import Price Index YoY @ 08:30+New York Fed Services Business Activity @ 08:30+Retail Sales Advance MoM @ 08:30,-0.36053118441547555,0.45064399905453345,2.224801030705961,15.0
ZN,2025-09-16 13:01:00+00:00,2025-09-16,31,08:30,Import Price Index YoY @ 08:30+New York Fed Services Business Activity @ 08:30+Retail Sales Advance MoM @ 08:30,-0.5754412186153605,0.3518366520422898,2.8664389525165763,15.0
ZN,2025-09-16 13:31:00+00:00,2025-09-16,61,08:30,Import Price Index YoY @ 08:30+New York Fed Services Business Activity @ 08:30+Retail Sales Advance MoM @ 08:30,-0.7635025578936392,0.49025648721269066,2.071067291706965,15.0
ZN,2025-09-16 14:01:00+00:00,2025-09-16,91,08:30,Business Inventories @ 10:00+Import Price Index YoY @ 08:30+NAHB Housing Market Index @ 10:00+New York Fed Services Business Activity @ 08:30+Retail Sales Advance MoM @ 08:30,-0.6068950971973455,0.4703717785382338,2.142573163752732,15.0
ZN,2025-09-16 14:31:00+00:00,2025-09-16,121,08:30,Business Inventories @ 10:00+Import Price Index YoY @ 08:30+NAHB Housing Market Index @ 10:00+New York Fed Services Business Activity @ 08:30+Retail Sales Advance MoM @ 08:30,0.9990210847304702,0.34961342213107904,2.871044407326722,15.0
ZN,2025-09-18 12:31:00+00:00,2025-09-18,1,08:30,Continuing Claims @ 08:30+Philadelphia Fed Business Outlook @ 08:30,-0.411960332543427,0.5395731875649704,1.8627319740375747,15.0
ZN,2025-09-18 13:31:00+00:00,2025-09-18,61,08:30,Continuing Claims @ 08:30+Philadelphia Fed Business Outlook @ 08:30,-0.6009179707359635,0.3040306927477509,3.2953842844005696,15.0
ZN,2025-09-18 14:01:00+00:00,2025-09-18,91,08:30,Continuing Claims @ 08:30+Leading Index @ 10:00+Philadelphia Fed Business Outlook @ 08:30,0.7757375008332819,0.40149076951730195,2.511376399843567,15.0
ZN,2025-09-23 13:46:00+00:00,2025-09-23,1,09:45,S&P Global US Manufacturing PMI @ 09:45+S&P Global US Services PMI @ 09:45,-0.27167604156685077,0.2356694265640071,4.277085708030859,15.0
ZN,2025-09-23 14:16:00+00:00,2025-09-23,31,09:45,S&P Global US Manufacturing PMI @ 09:45+S&P Global US Services PMI @ 09:45,-1.5229377175803707,0.3426011016477499,2.971661480712011,15.0
ZN,2025-09-23 14:46:00+00:00,2025-09-23,61,09:45,S&P Global US Manufacturing PMI @ 09:45+S&P Global US Services PMI @ 09:45,-0.7784405740250325,0.34907143840946153,2.8858099410162654,15.0
ZN,2025-09-23 15:46:00+00:00,2025-09-23,121,09:45,S&P Global US Manufacturing PMI @ 09:45+S&P Global US Services PMI @ 09:45,0.6716964562059811,0.33236482937119466,3.134459795443776,15.0
ZN,2025-09-25 12:31:00+00:00,2025-09-25,1,08:30,Continuing Claims @ 08:30+Core PCE Price Index QoQ @ 08:30+Durable Goods Orders @ 08:30+Wholesale Inventories MoM @ 10:00,0.23792477028982056,0.6257410788380736,1.6138721687762327,15.0
ZN,2025-09-25 13:01:00+00:00,2025-09-25,31,08:30,Continuing Claims @ 08:30+Core PCE Price Index QoQ @ 08:30+Durable Goods Orders @ 08:30+Wholesale Inventories MoM @ 10:00,0.6549545121634964,0.5457717317690417,1.9050013031093926,15.0
ZN,2025-10-01 14:01:00+00:00,2025-10-01,1,10:00,ISM Manufacturing @ 10:00,-0.43971944935242036,0.3472123523666061,2.9378378102475264,15.0
ZN,2025-10-03 13:46:00+00:00,2025-10-03,1,09:45,S&P Global US Services PMI @ 09:45,0.37649308255425035,0.3136539195711708,3.2267765333093354,15.0
ZN,2025-10-03 14:01:00+00:00,2025-10-03,1,10:00,ISM Services Index @ 10:00,-1.1373284327287119,0.3934344868854732,2.5484114132396494,15.0
ZN,2025-10-03 15:16:00+00:00,2025-10-03,91,09:45,S&P Global US Services PMI @ 09:45,1.1479507177353543,0.296051588349396,3.390807960879081,15.0
ZN,2025-10-03 15:31:00+00:00,2025-10-03,91,10:00,ISM Services Index @ 10:00,-2.0,0.5712465963801071,1.7694850159900408,15.0
ZN,2025-10-08 18:01:00+00:00,2025-10-08,1,14:00,FOMC Meeting Minutes @ 14:00,-0.6181034535165174,0.24721891351174882,4.072007761092499,15.0
ZN,2025-10-08 18:31:00+00:00,2025-10-08,31,14:00,FOMC Meeting Minutes @ 14:00,-0.3046845973042016,0.23162130870281894,4.337554082707461,15.0
ZN,2025-10-08 19:01:00+00:00,2025-10-08,61,14:00,FOMC Meeting Minutes @ 14:00,-0.9178627614923558,0.33573292527542725,3.07395914342626,15.0
ZN,2025-10-08 19:31:00+00:00,2025-10-08,91,14:00,FOMC Meeting Minutes @ 14:00,0.7249655441535338,0.39925701652673806,2.551628598070587,15.0
ZN,2025-10-16 12:31:00+00:00,2025-10-16,1,08:30,New York Fed Services Business Activity @ 08:30+Philadelphia Fed Business Outlook @ 08:30,0.7884494721155335,0.36933398795104794,2.7105329334375043,15.0
ZN,2025-10-16 13:01:00+00:00,2025-10-16,31,08:30,New York Fed Services Business Activity @ 08:30+Philadelphia Fed Business Outlook @ 08:30,0.9850252100393124,0.363886644267607,2.7632556179940995,15.0
ZN,2025-10-16 13:31:00+00:00,2025-10-16,61,08:30,New York Fed Services Business Activity @ 08:30+Philadelphia Fed Business Outlook @ 08:30,0.8702836895183969,0.47968086333556736,2.092690563093603,15.0
ZN,2025-10-16 14:01:00+00:00,2025-10-16,1,10:00,NAHB Housing Market Index @ 10:00+New York Fed Services Business Activity @ 08:30+Philadelphia Fed Business Outlook @ 08:30,-0.8188977177823575,0.28893176271263044,3.470181026949169,15.0
ZN,2025-10-24 12:31:00+00:00,2025-10-24,1,08:30,CPI Index NSA @ 08:30,-0.2219591802041932,0.7852141301698315,1.296547310159176,15.0
ZN,2025-10-24 13:01:00+00:00,2025-10-24,31,08:30,CPI Index NSA @ 08:30,0.5359455707793833,0.4631884689497283,2.166523598290049,15.0
ZN,2025-10-24 13:46:00+00:00,2025-10-24,1,09:45,S&P Global US Manufacturing PMI @ 09:45+S&P Global US Services PMI @ 09:45,-0.49254774818146047,0.3181586785447018,3.156058117893327,15.0
ZN,2025-10-24 14:01:00+00:00,2025-10-24,1,10:00,CPI Index NSA @ 08:30+U. of Mich. Sentiment @ 10:00,-0.7032689924828018,0.5912345760216389,1.7044073216077127,15.0
ZN,2025-10-24 14:31:00+00:00,2025-10-24,31,10:00,CPI Index NSA @ 08:30+U. of Mich. Sentiment @ 10:00,-0.9512781696980321,0.5227269059320054,1.920917181933604,15.0
ZN,2025-10-24 14:46:00+00:00,2025-10-24,61,09:45,S&P Global US Manufacturing PMI @ 09:45+S&P Global US Services PMI @ 09:45,0.6307292879070514,0.3676166887263755,2.72806341075377,15.0
ZN,2025-10-24 15:16:00+00:00,2025-10-24,91,09:45,S&P Global US Manufacturing PMI @ 09:45+S&P Global US Services PMI @ 09:45,-0.6342920038832273,0.26004893551121955,3.8569573677277367,15.0
ZN,2025-10-24 15:46:00+00:00,2025-10-24,121,09:45,S&P Global US Manufacturing PMI @ 09:45+S&P Global US Services PMI @ 09:45,-1.2794090062897292,0.37758210421938265,2.6738156853551898,15.0
ZN,2025-11-03 15:01:00+00:00,2025-11-03,1,10:00,ISM Manufacturing @ 10:00,0.9401656753851184,0.7950623220957053,1.2912877463533097,15.0
ZN,2025-11-03 15:31:00+00:00,2025-11-03,31,10:00,ISM Manufacturing @ 10:00,-0.9819685672833677,0.290344508799354,3.4544926988905282,15.0
ZN,2025-11-03 17:01:00+00:00,2025-11-03,121,10:00,ISM Manufacturing @ 10:00,1.3526822807859826,0.2877527861904984,3.494107149675804,15.0
ZN,2025-11-05 14:46:00+00:00,2025-11-05,1,09:45,ADP Employment Change @ 08:15+S&P Global US Services PMI @ 09:45,-0.342679011846495,0.28931947102284356,3.747241895996858,15.0
ZN,2025-11-05 15:01:00+00:00,2025-11-05,1,10:00,ISM Services Index @ 10:00,-0.6814934361440336,0.5764584843944385,1.783337867705327,15.0
ZN,2025-11-05 15:16:00+00:00,2025-11-05,31,09:45,ADP Employment Change @ 08:15+S&P Global US Services PMI @ 09:45,-0.577546606635847,0.4548216261116441,2.391745141836381,15.0
ZN,2025-11-05 15:46:00+00:00,2025-11-05,61,09:45,S&P Global US Services PMI @ 09:45,0.8428087330249338,0.6023968248675999,1.6990241892737192,15.0
ZN,2025-11-05 16:16:00+00:00,2025-11-05,91,09:45,S&P Global US Services PMI @ 09:45,-0.703747062150378,0.5060580149025626,2.0056529938335936,15.0
ZN,2025-11-05 16:31:00+00:00,2025-11-05,91,10:00,ISM Services Index @ 10:00,-1.041902377687092,0.3767134175972824,2.698841929411362,15.0
ZN,2025-11-05 17:01:00+00:00,2025-11-05,121,10:00,ISM Services Index @ 10:00,-0.9208994351713173,0.377007681528643,2.6631377344357205,15.0
ZN,2025-11-17 15:01:00+00:00,2025-11-17,1,10:00,Empire Manufacturing @ 08:30+ISM Manufacturing @ 10:00,-0.48302757885903175,0.42380764949416583,2.3739868622473583,15.0
ZN,2025-11-17 15:31:00+00:00,2025-11-17,31,10:00,Empire Manufacturing @ 08:30+ISM Manufacturing @ 10:00,-0.7657836327345213,0.3187391695521432,3.1548348006991014,15.0
ZN,2025-11-17 16:01:00+00:00,2025-11-17,61,10:00,ISM Manufacturing @ 10:00,0.6173347401845928,0.2709353514601158,3.7055516140035936,15.0
ZN,2025-11-17 16:31:00+00:00,2025-11-17,91,10:00,ISM Manufacturing @ 10:00,-1.3545265977588727,0.4217225716726602,2.383630458312165,15.0
ZN,2025-11-18 15:01:00+00:00,2025-11-18,1,10:00,Durable Goods Orders @ 08:30+NAHB Housing Market Index @ 10:00+New York Fed Services Business Activity @ 08:30,0.5485792053330285,0.48742879442484316,2.055425328868496,15.0
ZN,2025-11-18 17:01:00+00:00,2025-11-18,121,10:00,Durable Goods Orders @ 08:30+NAHB Housing Market Index @ 10:00,0.9217562936456457,0.28100047988095156,3.5634650960208987,15.0
ZN,2025-11-19 19:01:00+00:00,2025-11-19,1,14:00,FOMC Meeting Minutes @ 14:00,-0.5908702789302711,0.26496864492010685,3.9296056960885424,15.0
ZN,2025-11-19 19:31:00+00:00,2025-11-19,31,14:00,FOMC Meeting Minutes @ 14:00,-0.22477231095951064,0.33438904522428,3.154386692467442,15.0
ZN,2025-11-19 20:01:00+00:00,2025-11-19,61,14:00,FOMC Meeting Minutes @ 14:00,0.6133658658609427,0.6364658302856,1.6580799200177343,15.0
ZN,2025-11-19 20:31:00+00:00,2025-11-19,91,14:00,FOMC Meeting Minutes @ 14:00,0.48297957017415055,0.2985924510378811,3.3869534015517604,15.0
ZN,2025-11-19 21:01:00+00:00,2025-11-19,121,14:00,FOMC Meeting Minutes @ 14:00,-1.6190942407142352,0.25986614901633187,3.876625876969003,15.0
ZN,2025-11-20 13:31:00+00:00,2025-11-20,1,08:30,Change in Manufact. Payrolls @ 08:30+Continuing Claims @ 08:30+Philadelphia Fed Business Outlook @ 08:30,-0.2681481586938264,0.9778528873163473,1.1169599468023992,15.0
ZN,2025-11-20 14:01:00+00:00,2025-11-20,31,08:30,Change in Manufact. Payrolls @ 08:30+Continuing Claims @ 08:30+Philadelphia Fed Business Outlook @ 08:30,0.6233087203334983,0.47862001394206,2.1423462489514193,15.0
ZN,2025-11-20 14:31:00+00:00,2025-11-20,61,08:30,Change in Manufact. Payrolls @ 08:30+Continuing Claims @ 08:30+Philadelphia Fed Business Outlook @ 08:30,-0.7345794097007556,0.5033304579527245,2.002439854292261,15.0
ZN,2025-11-20 15:01:00+00:00,2025-11-20,1,10:00,Change in Manufact. Payrolls @ 08:30+Continuing Claims @ 08:30+Existing Home Sales @ 10:00+Philadelphia Fed Business Outlook @ 08:30,-0.7998752167158928,0.27409038693309157,3.672168957101672,15.0
ZN,2025-11-20 15:31:00+00:00,2025-11-20,121,08:30,Change in Manufact. Payrolls @ 08:30+Continuing Claims @ 08:30+Existing Home Sales @ 10:00+Philadelphia Fed Business Outlook @ 08:30,1.2519006351810915,0.3499150371181855,2.8615603277266293,15.0
ZN,2025-11-21 13:31:00+00:00,2025-11-21,1,08:30,CPI Index NSA @ 08:30,-0.5053753726533908,0.2964962638525401,3.39560838836882,15.0
ZN,2025-11-21 14:01:00+00:00,2025-11-21,31,08:30,CPI Index NSA @ 08:30,0.5408401732434273,0.44059734187023347,2.270479365599673,15.0
ZN,2025-11-21 14:31:00+00:00,2025-11-21,61,08:30,CPI Index NSA @ 08:30,-0.35142034415659246,0.3935073383423559,2.5550716001243257,15.0
ZN,2025-11-21 14:46:00+00:00,2025-11-21,1,09:45,S&P Global US Manufacturing PMI @ 09:45+S&P Global US Services PMI @ 09:45,0.23160850956224727,0.3500805175244899,2.89298272075869,15.0
ZN,2025-11-21 15:16:00+00:00,2025-11-21,31,09:45,S&P Global US Manufacturing PMI @ 09:45+S&P Global US Services PMI @ 09:45,-0.5133046158357102,0.31865627431821675,3.1491798370296835,15.0
ZN,2025-11-21 16:16:00+00:00,2025-11-21,91,09:45,S&P Global US Manufacturing PMI @ 09:45+S&P Global US Services PMI @ 09:45,-0.8945549755787362,0.3598570953531834,2.8889462135482424,15.0
ZN,2025-11-25 13:31:00+00:00,2025-11-25,1,08:30,PPI Ex Food and Energy MoM @ 08:30+Philadelphia Fed Non-Manufacturing Activity @ 08:30+Retail Sales Advance MoM @ 08:30,0.3605984498970238,0.34397658340151094,2.915563956858899,15.0
ZN,2025-11-25 14:31:00+00:00,2025-11-25,31,09:00,FHFA House Price Index MoM @ 09:00+PPI Ex Food and Energy MoM @ 08:30+Philadelphia Fed Non-Manufacturing Activity @ 08:30+Retail Sales Advance MoM @ 08:30+S&P Cotality CS 20-City MoM SA @ 09:00,-0.5432677323772783,0.5743447884703791,1.7970204428599488,15.0
ZN,2025-11-25 15:31:00+00:00,2025-11-25,121,08:30,Business Inventories @ 10:00+Conf. Board Consumer Confidence @ 10:00+Dallas Fed Services Activity @ 10:30+FHFA House Price Index MoM @ 09:00+PPI Ex Food and Energy MoM @ 08:30+Pending Home Sales MoM @ 10:00+Philadelphia Fed Non-Manufacturing Activity @ 08:30+Retail Sales Advance MoM @ 08:30+Richmond Fed Manufact. Index @ 10:00+S&P Cotality CS 20-City MoM SA @ 09:00,0.8429854463885877,0.2688329917330092,3.7775449581311706,15.0
ZN,2025-12-01 15:01:00+00:00,2025-12-01,1,10:00,ISM Manufacturing @ 10:00,0.3525944484088495,0.39260938551380886,2.593372247178348,15.0
ZN,2025-12-01 15:31:00+00:00,2025-12-01,31,10:00,ISM Manufacturing @ 10:00,0.7602644665168067,0.3414914758977953,2.9335938056063764,15.0
ZN,2025-12-01 16:01:00+00:00,2025-12-01,61,10:00,ISM Manufacturing @ 10:00,-1.0968313907766305,0.44604442370597186,2.2466034326340183,15.0
ZN,2025-12-01 17:01:00+00:00,2025-12-01,121,10:00,ISM Manufacturing @ 10:00,1.119748465285744,0.3384055582716428,2.967814586369884,15.0
ZN,2025-12-03 14:46:00+00:00,2025-12-03,31,09:15,ADP Employment Change @ 08:15+Capacity Utilization @ 09:15+S&P Global US Services PMI @ 09:45,0.2556936401800741,0.27696955797669515,3.7978617105199444,15.0
ZN,2025-12-03 15:01:00+00:00,2025-12-03,91,08:30,ISM Services Index @ 10:00+Import Price Index YoY @ 08:30,-0.5187955625165601,0.4415319981755369,2.306399938352146,15.0
ZN,2025-12-03 15:16:00+00:00,2025-12-03,121,08:15,ADP Employment Change @ 08:15+Capacity Utilization @ 09:15+S&P Global US Services PMI @ 09:45,-0.6798094777099241,0.3104573949268943,3.490954570330237,15.0
ZN,2025-12-03 15:31:00+00:00,2025-12-03,121,08:30,ISM Services Index @ 10:00+Import Price Index YoY @ 08:30,0.6657313075325971,0.4602306865317547,2.2084644275237455,15.0
ZN,2025-12-03 16:01:00+00:00,2025-12-03,61,10:00,ISM Services Index @ 10:00,2.0,0.3959549090537763,2.531783407387298,15.0
ZN,2025-12-03 16:16:00+00:00,2025-12-03,91,09:45,Capacity Utilization @ 09:15+S&P Global US Services PMI @ 09:45,-0.8887578514827547,0.3691412743304856,2.819819210842013,15.0
ZN,2025-12-03 16:46:00+00:00,2025-12-03,121,09:45,S&P Global US Services PMI @ 09:45,-1.0048712661656418,0.27532474646342214,3.657048604343645,15.0
ZN,2025-12-03 17:01:00+00:00,2025-12-03,121,10:00,ISM Services Index @ 10:00,-0.9377504100328342,0.3411729239196885,2.944018897835171,15.0
ZN,2025-12-04 15:01:00+00:00,2025-12-04,1,10:00,Continuing Claims @ 08:30+Durable Goods Orders @ 08:30,0.409105558577061,0.33893497019932595,2.9611383089218437,15.0
ZN,2025-12-04 16:01:00+00:00,2025-12-04,61,10:00,Durable Goods Orders @ 08:30,1.0680025982110546,0.4918916675718623,2.0452025300403016,15.0
ZN,2025-12-04 17:01:00+00:00,2025-12-04,121,10:00,Durable Goods Orders @ 08:30,0.9660356134478323,0.34124429980791604,2.9390088740488367,15.0
ZN,2025-12-16 13:31:00+00:00,2025-12-16,1,08:30,Change in Manufact. Payrolls @ 08:30+New York Fed Services Business Activity @ 08:30+Retail Sales Advance MoM @ 08:30,-0.2948998720087578,0.637383296674201,1.5854371897020452,15.0
ZN,2025-12-16 14:01:00+00:00,2025-12-16,31,08:30,Change in Manufact. Payrolls @ 08:30+New York Fed Services Business Activity @ 08:30+Retail Sales Advance MoM @ 08:30,0.8997998061951108,0.5106673618129259,1.9844516463224036,15.0
ZN,2025-12-16 14:31:00+00:00,2025-12-16,61,08:30,Change in Manufact. Payrolls @ 08:30+New York Fed Services Business Activity @ 08:30+Retail Sales Advance MoM @ 08:30,1.0269794493795832,0.6112652931061859,1.6490240046052975,15.0
ZN,2025-12-16 14:46:00+00:00,2025-12-16,1,09:45,ADP Weekly Employment Change @ 08:15+S&P Global US Manufacturing PMI @ 09:45+S&P Global US Services PMI @ 09:45,-0.39181379941503275,0.43206656451577014,2.4424438040219347,15.0
ZN,2025-12-16 15:31:00+00:00,2025-12-16,121,08:30,Business Inventories @ 10:00+Change in Manufact. Payrolls @ 08:30+New York Fed Services Business Activity @ 08:30+Retail Sales Advance MoM @ 08:30,0.9647520339593869,0.378170784475642,2.6496748202847185,15.0
ZN,2025-12-16 15:46:00+00:00,2025-12-16,61,09:45,S&P Global US Manufacturing PMI @ 09:45+S&P Global US Services PMI @ 09:45,0.5721487500223329,0.4173252977863783,2.4306547178144315,15.0
ZN,2025-12-18 14:01:00+00:00,2025-12-18,31,08:30,CPI Index NSA @ 08:30+Continuing Claims @ 08:30+Philadelphia Fed Business Outlook @ 08:30,-0.6589392221604375,0.43412959957864516,2.3127368241735877,15.0
ZN,2025-12-18 14:31:00+00:00,2025-12-18,61,08:30,CPI Index NSA @ 08:30+Continuing Claims @ 08:30+Philadelphia Fed Business Outlook @ 08:30,0.3663504613840625,0.5219562361268897,2.0027801150490534,15.0
ZN,2025-12-18 15:01:00+00:00,2025-12-18,91,08:30,CPI Index NSA @ 08:30+Continuing Claims @ 08:30+Philadelphia Fed Business Outlook @ 08:30,0.7676592123148746,0.42544361259104485,2.364904443608785,15.0
ZN,2025-12-18 15:31:00+00:00,2025-12-18,121,08:30,CPI Index NSA @ 08:30+Continuing Claims @ 08:30+Philadelphia Fed Business Outlook @ 08:30,-1.0398516489016443,0.331273677311973,3.020913363397714,15.0
ZN,2025-12-23 13:31:00+00:00,2025-12-23,1,08:30,Core PCE Price Index QoQ @ 08:30+Durable Goods Orders @ 08:30+Philadelphia Fed Non-Manufacturing Activity @ 08:30,-0.3757703446805015,0.7170929447265418,1.3996915931310066,15.0
ZN,2025-12-23 14:01:00+00:00,2025-12-23,31,08:30,Core PCE Price Index QoQ @ 08:30+Durable Goods Orders @ 08:30+Philadelphia Fed Non-Manufacturing Activity @ 08:30,-0.5489642172267053,0.7562028953575556,1.3540249168054157,15.0
ZN,2025-12-23 14:31:00+00:00,2025-12-23,61,08:30,Core PCE Price Index QoQ @ 08:30+Durable Goods Orders @ 08:30+Philadelphia Fed Non-Manufacturing Activity @ 08:30,0.6659157652852253,0.6055741443500476,1.653211556928823,15.0
ZN,2025-12-23 15:01:00+00:00,2025-12-23,1,10:00,Conf. Board Consumer Confidence @ 10:00+Core PCE Price Index QoQ @ 08:30+Durable Goods Orders @ 08:30+Philadelphia Fed Non-Manufacturing Activity @ 08:30+Richmond Fed Manufact. Index @ 10:00,0.6493938767282593,0.3160760967022548,3.1728600732010896,15.0
ZN,2025-12-30 20:31:00+00:00,2025-12-30,91,14:00,FOMC Meeting Minutes @ 14:00,0.5022974339079573,0.2075586653225573,4.835947981536806,15.0
ZN,2026-01-05 15:01:00+00:00,2026-01-05,1,10:00,ISM Manufacturing @ 10:00,0.26851127837807687,0.2919690812723166,3.4375832084072884,15.0
ZN,2026-01-05 15:31:00+00:00,2026-01-05,31,10:00,ISM Manufacturing @ 10:00,-1.032874658749668,0.3076994115868206,3.272160820308448,15.0
ZN,2026-01-06 14:46:00+00:00,2026-01-06,1,09:45,S&P Global US Services PMI @ 09:45,0.2669385705105701,0.3173631878824634,3.1579192252591177,15.0
ZN,2026-01-06 15:16:00+00:00,2026-01-06,31,09:45,S&P Global US Services PMI @ 09:45,0.5086707063012704,0.4124787369737544,2.4747804786979333,15.0
ZN,2026-01-06 15:46:00+00:00,2026-01-06,61,09:45,S&P Global US Services PMI @ 09:45,0.5233976294547352,0.45860259391228886,2.19416980034445,15.0
ZN,2026-01-06 16:16:00+00:00,2026-01-06,91,09:45,S&P Global US Services PMI @ 09:45,-1.0160138101635192,0.47512911811745195,2.1109700287288127,15.0
ZN,2026-01-07 15:01:00+00:00,2026-01-07,1,10:00,Durable Goods Orders @ 08:30+ISM Services Index @ 10:00+JOLTS Job Openings @ 10:00,-0.5639514668821725,0.45425803899205697,2.2252618248144165,15.0
ZN,2026-01-07 15:31:00+00:00,2026-01-07,31,10:00,Durable Goods Orders @ 08:30+ISM Services Index @ 10:00+JOLTS Job Openings @ 10:00,-1.5512797481764204,0.3419139375150653,2.933901745020654,15.0
ZN,2026-01-07 16:31:00+00:00,2026-01-07,91,10:00,Durable Goods Orders @ 08:30+ISM Services Index @ 10:00+JOLTS Job Openings @ 10:00,-0.7075531581048428,0.45589983848874716,2.2071441459850676,15.0
ZN,2026-01-09 14:31:00+00:00,2026-01-09,61,08:30,Building Permits @ 08:30+Change in Manufact. Payrolls @ 08:30,1.6928630355556973,0.5115095247899079,1.972628424556832,15.0
ZN,2026-01-09 15:01:00+00:00,2026-01-09,91,08:30,Building Permits @ 08:30+Change in Manufact. Payrolls @ 08:30+U. of Mich. Sentiment @ 10:00,-0.7280141214065604,0.4074863986938297,2.5130751104078413,15.0
ZN,2026-01-13 14:01:00+00:00,2026-01-13,31,08:30,CPI Index NSA @ 08:30,-0.6581014909579412,0.558556354061118,1.8025565396321896,15.0
ZN,2026-01-13 14:31:00+00:00,2026-01-13,61,08:30,CPI Index NSA @ 08:30,-1.5812330711340394,0.6945746321281577,1.4474291436896984,15.0
ZN,2026-01-13 15:01:00+00:00,2026-01-13,1,10:00,CPI Index NSA @ 08:30+New Home Sales @ 10:00,0.9806066630614666,0.39033585806651605,2.6098405988407563,15.0
ZN,2026-01-14 14:01:00+00:00,2026-01-14,31,08:30,Current Account Balance @ 08:30+MBA Mortgage Applications @ 07:00+PPI Ex Food and Energy MoM @ 08:30+Retail Sales Advance MoM @ 08:30,-0.5824533037159206,0.4344641508559135,2.363755663530897,15.0
ZN,2026-01-14 15:01:00+00:00,2026-01-14,1,10:00,Business Inventories @ 10:00+Current Account Balance @ 08:30+Existing Home Sales @ 10:00+PPI Ex Food and Energy MoM @ 08:30+Retail Sales Advance MoM @ 08:30,0.5787074728555535,0.3443445161238559,2.9183759366495816,15.0
ZN,2026-01-14 15:31:00+00:00,2026-01-14,121,08:30,Business Inventories @ 10:00+Current Account Balance @ 08:30+Existing Home Sales @ 10:00+PPI Ex Food and Energy MoM @ 08:30+Retail Sales Advance MoM @ 08:30,-0.35906104057560134,0.7615255407688439,1.3235049255986793,15.0
ZN,2026-01-15 13:31:00+00:00,2026-01-15,1,08:30,Continuing Claims @ 08:30+Empire Manufacturing @ 08:30+Import Price Index YoY @ 08:30+Philadelphia Fed Business Outlook @ 08:30,0.30504792689825927,0.7631527341382217,1.3549993056533591,15.0
ZN,2026-01-15 14:01:00+00:00,2026-01-15,31,08:30,Continuing Claims @ 08:30+Empire Manufacturing @ 08:30+Import Price Index YoY @ 08:30+Philadelphia Fed Business Outlook @ 08:30,0.5118677236446354,0.2924093494375041,3.4285890285059986,15.0
ZN,2026-01-15 14:31:00+00:00,2026-01-15,61,08:30,Continuing Claims @ 08:30+Empire Manufacturing @ 08:30+Import Price Index YoY @ 08:30+Philadelphia Fed Business Outlook @ 08:30,0.5771053476749329,0.6718018420808536,1.504727046154972,15.0
ZN,2026-01-15 15:01:00+00:00,2026-01-15,91,08:30,Continuing Claims @ 08:30+Empire Manufacturing @ 08:30+Import Price Index YoY @ 08:30+Philadelphia Fed Business Outlook @ 08:30,-0.5993951809535989,0.5432324825759869,1.8586951238194476,15.0
ZN,2026-01-15 15:31:00+00:00,2026-01-15,121,08:30,Continuing Claims @ 08:30+Empire Manufacturing @ 08:30+Import Price Index YoY @ 08:30+Philadelphia Fed Business Outlook @ 08:30,0.9649032116435424,0.3055007451816231,3.2920234163284325,15.0
ZN,2026-01-21 17:01:00+00:00,2026-01-21,121,10:00,ISM Manufacturing @ 10:00+Pending Home Sales MoM @ 10:00,-1.7008519387676846,0.5236106544711286,1.916134325967231,15.0
ZN,2026-01-22 13:31:00+00:00,2026-01-22,1,08:30,Continuing Claims @ 08:30+Core PCE Price Index QoQ @ 08:30,-0.2531897144361824,0.42299167604155574,2.37483738336498,15.0
ZN,2026-01-22 14:01:00+00:00,2026-01-22,31,08:30,Continuing Claims @ 08:30+Core PCE Price Index QoQ @ 08:30,-0.5787875282929411,0.2998963689289196,3.3376314599143804,15.0
ZN,2026-01-22 15:01:00+00:00,2026-01-22,1,10:00,Continuing Claims @ 08:30+Core PCE Price Index MoM @ 08:30+Core PCE Price Index QoQ @ 08:30,1.8794112027924996,0.6005921736251908,1.6751018158769397,15.0
ZN,2026-01-22 15:31:00+00:00,2026-01-22,121,08:30,Continuing Claims @ 08:30+Core PCE Price Index MoM @ 08:30+Core PCE Price Index QoQ @ 08:30,-1.059314028140966,0.55913056051805,1.7933426348317933,15.0
ZN,2026-01-23 14:46:00+00:00,2026-01-23,1,09:45,S&P Global US Manufacturing PMI @ 09:45+S&P Global US Services PMI @ 09:45,0.4693180607735925,0.27732279248442265,3.639884615167974,15.0
ZN,2026-01-23 15:46:00+00:00,2026-01-23,61,09:45,S&P Global US Manufacturing PMI @ 09:45+S&P Global US Services PMI @ 09:45,0.5756023718470694,0.26365168887860124,3.8146713347818153,15.0
ZN,2026-01-23 16:16:00+00:00,2026-01-23,91,09:45,S&P Global US Manufacturing PMI @ 09:45+S&P Global US Services PMI @ 09:45,0.788287378703877,0.27926610548938474,3.6060267196508864,15.0
ZN,2026-01-26 13:31:00+00:00,2026-01-26,1,08:30,Chicago Fed Nat Activity Index @ 08:30+Durable Goods Orders @ 08:30,-0.44220369192502557,0.4838339112884302,2.076391606820177,15.0
ZN,2026-01-26 14:31:00+00:00,2026-01-26,61,08:30,Chicago Fed Nat Activity Index @ 08:30+Durable Goods Orders @ 08:30,0.5449784287459823,0.5108734887038117,1.9616421091303424,15.0
ZN,2026-01-26 15:01:00+00:00,2026-01-26,91,08:30,Chicago Fed Nat Activity Index @ 08:30+Durable Goods Orders @ 08:30,-0.642641750722571,0.3242625083270427,3.1113806055014885,15.0
ZN,2026-01-26 15:31:00+00:00,2026-01-26,1,10:30,Chicago Fed Nat Activity Index @ 08:30+Dallas Fed Manf. Activity @ 10:30+Durable Goods Orders @ 08:30,2.0,0.5329843494533445,1.9676882283367476,15.0
ZN,2026-01-27 15:31:00+00:00,2026-01-27,31,10:00,Conf. Board Consumer Confidence @ 10:00+Dallas Fed Services Activity @ 10:30+FHFA House Price Index MoM @ 09:00+Richmond Fed Manufact. Index @ 10:00+S&P Cotality CS 20-City MoM SA @ 09:00,-0.7711583578529069,0.31033212778026,3.46213397615046,15.0
ZN,2026-01-27 16:01:00+00:00,2026-01-27,121,09:00,Conf. Board Consumer Confidence @ 10:00+Dallas Fed Services Activity @ 10:30+FHFA House Price Index MoM @ 09:00+Richmond Fed Manufact. Index @ 10:00+S&P Cotality CS 20-City MoM SA @ 09:00,1.0693240119311744,0.23757075513288886,4.246905707239922,15.0
ZN,2026-01-29 15:01:00+00:00,2026-01-29,91,08:30,Continuing Claims @ 08:30+Durable Goods Orders @ 08:30+Nonfarm Productivity @ 08:30+Trade Balance @ 08:30+Wholesale Inventories MoM @ 10:00,-0.669227625587348,0.7227159843165845,1.4137431728616514,15.0
ZN,2026-01-29 15:31:00+00:00,2026-01-29,31,10:00,Continuing Claims @ 08:30+Durable Goods Orders @ 08:30+Nonfarm Productivity @ 08:30+Trade Balance @ 08:30+Wholesale Inventories MoM @ 10:00,-0.917930639006155,0.42847843942127534,2.347433886796343,15.0
ZN,2026-01-29 16:31:00+00:00,2026-01-29,91,10:00,Durable Goods Orders @ 08:30+Wholesale Inventories MoM @ 10:00,-0.9169229147321891,0.33451658931433614,3.028510066557365,15.0
ZN,2026-01-29 17:01:00+00:00,2026-01-29,121,10:00,Durable Goods Orders @ 08:30+Wholesale Inventories MoM @ 10:00,-0.7876914497689452,0.42937940505084116,2.348755969680454,15.0
ZN,2026-02-02 15:31:00+00:00,2026-02-02,31,10:00,ISM Manufacturing @ 10:00,1.0618078838375566,0.3799809698512804,2.6457547883011405,15.0
ZN,2026-02-02 17:01:00+00:00,2026-02-02,121,10:00,ISM Manufacturing @ 10:00,1.327739589318369,0.28697460836268796,3.4931194856781707,15.0
ZN,2026-02-04 15:31:00+00:00,2026-02-04,31,10:00,ISM Services Index @ 10:00,0.7214639733811448,0.41912032691707723,2.393957458422033,15.0
ZN,2026-02-04 15:46:00+00:00,2026-02-04,61,09:45,S&P Global US Services PMI @ 09:45,0.8647216375130866,0.39479211147603965,2.5466320357787837,15.0
ZN,2026-02-04 16:16:00+00:00,2026-02-04,91,09:45,S&P Global US Services PMI @ 09:45,-0.6520991597452318,0.40420609844519584,2.508180879733056,15.0
ZN,2026-02-04 16:31:00+00:00,2026-02-04,91,10:00,ISM Services Index @ 10:00,-1.166034530116074,0.2926141542804499,3.4309868610884444,15.0
ZN,2026-02-10 13:31:00+00:00,2026-02-10,1,08:30,Employment Cost Index @ 08:30+Import Price Index YoY @ 08:30+Retail Sales Advance MoM @ 08:30,0.38465790118197835,0.5739404063902594,1.7483650246960887,15.0
ZN,2026-02-10 14:01:00+00:00,2026-02-10,31,08:30,Employment Cost Index @ 08:30+Import Price Index YoY @ 08:30+Retail Sales Advance MoM @ 08:30,-0.6424934968101494,0.2921087347529617,3.436357323205417,15.0
ZN,2026-02-10 15:01:00+00:00,2026-02-10,1,10:00,Business Inventories @ 10:00+Employment Cost Index @ 08:30+Import Price Index YoY @ 08:30+Retail Sales Advance MoM @ 08:30,-0.6295134933929377,0.501900837020523,2.013584012468599,15.0
ZN,2026-02-10 15:31:00+00:00,2026-02-10,121,08:30,Business Inventories @ 10:00+Employment Cost Index @ 08:30+Import Price Index YoY @ 08:30+Retail Sales Advance MoM @ 08:30,0.6513526862400878,0.26887660541687725,3.722180563348614,15.0
ZN,2026-02-11 14:01:00+00:00,2026-02-11,121,07:00,Change in Manufact. Payrolls @ 08:30+MBA Mortgage Applications @ 07:00,1.0948124356412214,0.3685263688462841,2.7849839982155276,15.0
ZN,2026-02-11 14:31:00+00:00,2026-02-11,61,08:30,Change in Manufact. Payrolls @ 08:30,-0.5571114818546711,0.6048741807665563,1.6712733344019581,15.0
ZN,2026-02-11 15:01:00+00:00,2026-02-11,91,08:30,Change in Manufact. Payrolls @ 08:30,0.3544135187169164,0.36652361778412074,2.733003497818526,15.0
ZN,2026-02-11 15:31:00+00:00,2026-02-11,121,08:30,Change in Manufact. Payrolls @ 08:30,-0.3876585268965539,0.6720173737424603,1.502193139746708,15.0
ZN,2026-02-13 13:31:00+00:00,2026-02-13,1,08:30,CPI Index NSA @ 08:30,0.29940133710540345,0.5625749297713404,1.7852485908168296,15.0
ZN,2026-02-13 15:31:00+00:00,2026-02-13,121,08:30,CPI Index NSA @ 08:30,0.9888817068211057,0.3124688582720238,3.231247203900811,15.0
ZN,2026-02-18 13:31:00+00:00,2026-02-18,1,08:30,Building Permits @ 08:30+Durable Goods Orders @ 08:30+MBA Mortgage Applications @ 07:00+New York Fed Services Business Activity @ 08:30,0.58460072093968,0.29221020996842856,3.4656633397577745,15.0
ZN,2026-02-18 14:01:00+00:00,2026-02-18,31,08:30,Building Permits @ 08:30+Durable Goods Orders @ 08:30+MBA Mortgage Applications @ 07:00+New York Fed Services Business Activity @ 08:30,1.3739920841541453,0.4804137112492042,2.1329590591258643,15.0
ZN,2026-02-18 14:31:00+00:00,2026-02-18,61,08:30,Building Permits @ 08:30+Durable Goods Orders @ 08:30+New York Fed Services Business Activity @ 08:30,-1.2070882188221008,0.34200617660410576,2.9288356103321664,15.0
ZN,2026-02-18 15:01:00+00:00,2026-02-18,91,08:30,Building Permits @ 08:30+Durable Goods Orders @ 08:30+New York Fed Services Business Activity @ 08:30,0.9417294471020409,0.3349260993223802,2.997167981601232,15.0
ZN,2026-02-18 19:31:00+00:00,2026-02-18,31,14:00,FOMC Meeting Minutes @ 14:00,-1.6809877892745804,0.36871219677605443,2.7309434504139825,15.0
ZN,2026-02-19 13:31:00+00:00,2026-02-19,1,08:30,Continuing Claims @ 08:30+Philadelphia Fed Business Outlook @ 08:30+Trade Balance @ 08:30+Wholesale Inventories MoM @ 10:00,0.6331101096453533,0.339606094912041,2.951004066454831,15.0
ZN,2026-02-19 14:01:00+00:00,2026-02-19,31,08:30,Continuing Claims @ 08:30+Philadelphia Fed Business Outlook @ 08:30+Trade Balance @ 08:30+Wholesale Inventories MoM @ 10:00,-0.9722246920100075,0.40574716485985224,2.4754709019894086,15.0
ZN,2026-02-19 14:31:00+00:00,2026-02-19,61,08:30,Continuing Claims @ 08:30+Philadelphia Fed Business Outlook @ 08:30+Trade Balance @ 08:30+Wholesale Inventories MoM @ 10:00,-0.4690660707665503,0.354784808393926,2.841361320390201,15.0
ZN,2026-02-19 15:01:00+00:00,2026-02-19,1,10:00,Continuing Claims @ 08:30+Leading Index @ 10:00+Pending Home Sales MoM @ 10:00+Philadelphia Fed Business Outlook @ 08:30+Trade Balance @ 08:30+Wholesale Inventories MoM @ 10:00,-1.366327897247579,0.2569543744559717,3.9110818242143126,15.0
ZN,2026-02-19 15:31:00+00:00,2026-02-19,31,10:00,Continuing Claims @ 08:30+Leading Index @ 10:00+Pending Home Sales MoM @ 10:00+Philadelphia Fed Business Outlook @ 08:30+Trade Balance @ 08:30+Wholesale Inventories MoM @ 10:00,-2.0,0.3060637519064627,3.294006454493245,15.0
ZN,2026-02-20 14:31:00+00:00,2026-02-20,61,08:30,Core PCE Price Index MoM @ 08:30+Core PCE Price Index QoQ @ 08:30,0.3938949784155369,0.46536231759269314,2.1510477576365488,15.0
ZN,2026-02-20 15:01:00+00:00,2026-02-20,91,08:30,Core PCE Price Index MoM @ 08:30+Core PCE Price Index QoQ @ 08:30+New Home Sales @ 10:00+U. of Mich. Sentiment @ 10:00,-0.8237996549198552,0.322561199931934,3.189412198215633,15.0
ZN,2026-02-20 15:16:00+00:00,2026-02-20,31,09:45,S&P Global US Manufacturing PMI @ 09:45+S&P Global US Services PMI @ 09:45,-0.7784840089799818,0.3626882404182612,2.81316794372377,15.0
ZN,2026-02-20 15:31:00+00:00,2026-02-20,121,08:30,Core PCE Price Index MoM @ 08:30+Core PCE Price Index QoQ @ 08:30+New Home Sales @ 10:00+U. of Mich. Sentiment @ 10:00,-1.5586428724418033,0.2956286936767454,3.405069840778931,15.0
ZN,2026-02-20 15:46:00+00:00,2026-02-20,61,09:45,S&P Global US Manufacturing PMI @ 09:45+S&P Global US Services PMI @ 09:45,-1.1445368956348319,0.352960296706653,2.8534129929961947,15.0
ZN,2026-02-20 16:16:00+00:00,2026-02-20,91,09:45,S&P Global US Manufacturing PMI @ 09:45+S&P Global US Services PMI @ 09:45,-0.7442211256768909,0.33059912981516365,3.045972372448073,15.0
ZN,2026-02-23 15:31:00+00:00,2026-02-23,31,10:00,Chicago Fed Nat Activity Index @ 08:30+Dallas Fed Manf. Activity @ 10:30+Durable Goods Orders @ 08:30,0.5483800892003643,0.2715622037785021,3.7286039483037143,15.0
ZN,2026-02-23 16:01:00+00:00,2026-02-23,61,10:00,Dallas Fed Manf. Activity @ 10:30+Durable Goods Orders @ 08:30,-0.6591171299356131,0.5639835136229143,1.959789272715854,15.0
ZN,2026-02-23 16:31:00+00:00,2026-02-23,91,10:00,Dallas Fed Manf. Activity @ 10:30+Durable Goods Orders @ 08:30,-1.0515315318952758,0.3283718263445285,3.098515002228222,15.0
ZN,2026-02-27 15:01:00+00:00,2026-02-27,1,10:00,ISM Manufacturing @ 10:00+PPI Ex Food and Energy MoM @ 08:30,-0.5362368452069073,0.306752139834395,3.2772725942102943,15.0
ZN,2026-02-27 15:31:00+00:00,2026-02-27,121,08:30,ISM Manufacturing @ 10:00+PPI Ex Food and Energy MoM @ 08:30,-1.225352388401409,0.3868695886842608,2.5923353507030438,15.0
ZN,2026-02-27 16:01:00+00:00,2026-02-27,1,11:00,ISM Manufacturing @ 10:00+Kansas City Fed Services Activity @ 11:00,1.3906403356729493,0.322441098620436,3.171287633658862,15.0
ZN,2026-02-27 16:31:00+00:00,2026-02-27,31,11:00,ISM Manufacturing @ 10:00+Kansas City Fed Services Activity @ 11:00,-1.0447227253568825,0.30402681699387,3.415346058776345,15.0
ZN,2026-03-02 15:31:00+00:00,2026-03-02,31,10:00,ISM Manufacturing @ 10:00,-1.1727512322086115,0.30517528161303953,3.3069533001455236,15.0
ZN,2026-03-02 16:31:00+00:00,2026-03-02,91,10:00,ISM Manufacturing @ 10:00,-0.6908197085778137,0.3355708176337762,2.986339909386071,15.0
ZN,2026-03-04 14:46:00+00:00,2026-03-04,91,08:15,ADP Employment Change @ 08:15+S&P Global US Services PMI @ 09:45,-0.30881886940032693,0.3571430387309916,2.944602671893003,15.0
ZN,2026-03-04 15:01:00+00:00,2026-03-04,1,10:00,ISM Services Index @ 10:00,-0.43487083330765663,0.2990597717110669,3.3603443261136445,15.0
ZN,2026-03-04 15:31:00+00:00,2026-03-04,31,10:00,ISM Services Index @ 10:00,-1.1511217551252713,0.5548484720477123,1.817648939797549,15.0
ZN,2026-03-04 15:46:00+00:00,2026-03-04,61,09:45,S&P Global US Services PMI @ 09:45,-0.542521101805127,0.41601165288750974,2.4080417890477435,15.0
ZN,2026-03-04 16:01:00+00:00,2026-03-04,61,10:00,ISM Services Index @ 10:00,-0.8981146406121036,0.32423544186401365,3.0872920129847854,15.0
ZN,2026-03-04 16:16:00+00:00,2026-03-04,91,09:45,S&P Global US Services PMI @ 09:45,-0.6364098546427739,0.4518212892980813,2.245984039684971,15.0
ZN,2026-03-04 16:31:00+00:00,2026-03-04,91,10:00,ISM Services Index @ 10:00,-0.9505233650259215,0.5135138529599168,1.9529953326438314,15.0
ZN,2026-03-04 16:46:00+00:00,2026-03-04,121,09:45,S&P Global US Services PMI @ 09:45,-0.7895797352193739,0.26811970825898357,3.7475183004725094,15.0
ZN,2026-03-06 14:01:00+00:00,2026-03-06,31,08:30,Change in Manufact. Payrolls @ 08:30+Retail Sales Advance MoM @ 08:30,-0.6349939939727998,0.7717634213734937,1.2988763826511796,15.0
ZN,2026-03-06 14:31:00+00:00,2026-03-06,61,08:30,Change in Manufact. Payrolls @ 08:30+Retail Sales Advance MoM @ 08:30,0.7594698761105926,0.6140902013919606,1.6297590895452034,15.0
ZN,2026-03-06 15:01:00+00:00,2026-03-06,91,08:30,Business Inventories @ 10:00+Change in Manufact. Payrolls @ 08:30+Retail Sales Advance MoM @ 08:30,-0.8792114839380513,0.5854003890370773,1.7199309801937845,15.0
ZN,2026-03-06 15:31:00+00:00,2026-03-06,31,10:00,Business Inventories @ 10:00+Change in Manufact. Payrolls @ 08:30+Retail Sales Advance MoM @ 08:30,-0.5762678257972595,0.6782950960622912,1.4971318014924913,15.0
ZN,2026-03-11 12:31:00+00:00,2026-03-11,91,07:00,CPI Index NSA @ 08:30+MBA Mortgage Applications @ 07:00,1.6507671900372485,0.3054037440642212,3.388272460072545,15.0
ZN,2026-03-11 13:31:00+00:00,2026-03-11,61,08:30,CPI Index NSA @ 08:30,0.740597085137592,0.3431501041440384,2.9457975157869165,15.0
ZN,2026-03-11 14:01:00+00:00,2026-03-11,91,08:30,CPI Index NSA @ 08:30,0.42343090003163036,0.37326498629789484,2.7397205698538194,15.0
ZN,2026-03-11 14:31:00+00:00,2026-03-11,121,08:30,CPI Index NSA @ 08:30,2.0,0.4505572787993366,2.2247604892646415,15.0
ZN,2026-03-13 13:01:00+00:00,2026-03-13,31,08:30,Core PCE Price Index MoM @ 08:30+Core PCE Price Index QoQ @ 08:30+Durable Goods Orders @ 08:30,-0.85335233347859,0.38799815734367615,2.6039569666137523,15.0
ZN,2026-03-13 13:31:00+00:00,2026-03-13,61,08:30,Core PCE Price Index MoM @ 08:30+Core PCE Price Index QoQ @ 08:30+Durable Goods Orders @ 08:30,-0.581574500338316,0.315857182659972,3.1772172766639053,15.0
ZN,2026-03-18 14:01:00+00:00,2026-03-18,91,08:30,Durable Goods Orders @ 08:30+PPI Ex Food and Energy MoM @ 08:30,1.148498756453053,0.32049065293587997,3.179723616206539,15.0
ZN,2026-03-18 14:31:00+00:00,2026-03-18,31,10:00,Durable Goods Orders @ 08:30+PPI Ex Food and Energy MoM @ 08:30,1.590917245845141,0.46389299820225544,2.165893976031983,15.0
ZN,2026-03-18 15:01:00+00:00,2026-03-18,61,10:00,Durable Goods Orders @ 08:30,-0.3995339644334308,0.34827598817392397,2.8828067490928055,15.0
ZN,2026-03-18 16:01:00+00:00,2026-03-18,121,10:00,Durable Goods Orders @ 08:30,1.0890094794479015,0.3182134159262449,3.159426622789903,15.0
ZN,2026-03-19 12:31:00+00:00,2026-03-19,1,08:30,Continuing Claims @ 08:30+Philadelphia Fed Business Outlook @ 08:30,0.7396611567904685,0.6482285427035481,1.6168703031555822,15.0
ZN,2026-03-19 13:01:00+00:00,2026-03-19,31,08:30,Continuing Claims @ 08:30+Philadelphia Fed Business Outlook @ 08:30,-0.9213663002111102,0.34953406089251277,2.8795576835702734,15.0
ZN,2026-03-19 14:01:00+00:00,2026-03-19,91,08:30,Continuing Claims @ 08:30+Leading Index @ 10:00+New Home Sales @ 10:00+Philadelphia Fed Business Outlook @ 08:30+Wholesale Inventories MoM @ 10:00,-1.1825361906312648,0.5115518307552807,1.964195304105203,15.0
ZN,2026-03-19 14:31:00+00:00,2026-03-19,121,08:30,Continuing Claims @ 08:30+Leading Index @ 10:00+New Home Sales @ 10:00+Philadelphia Fed Business Outlook @ 08:30+Wholesale Inventories MoM @ 10:00,-0.738732277760773,0.5165650503740151,1.9514477904644998,15.0
ZN,2026-03-23 14:01:00+00:00,2026-03-23,1,10:00,Chicago Fed Nat Activity Index @ 08:30+ISM Manufacturing @ 10:00,2.0,0.716226145156897,1.4110347453958887,15.0
ZN,2026-03-23 14:31:00+00:00,2026-03-23,31,10:00,Chicago Fed Nat Activity Index @ 08:30+ISM Manufacturing @ 10:00,1.0495316996240898,0.5015885146349475,2.0134248532656467,15.0
ZN,2026-03-23 15:31:00+00:00,2026-03-23,91,10:00,ISM Manufacturing @ 10:00,1.0010816040694759,0.45825582956654576,2.216401932772463,15.0
ZN,2026-03-24 14:46:00+00:00,2026-03-24,61,09:45,S&P Global US Manufacturing PMI @ 09:45+S&P Global US Services PMI @ 09:45,-0.7157557980130929,0.2505824771145644,4.00573776348147,15.0
ZN,2026-03-24 15:16:00+00:00,2026-03-24,91,09:45,S&P Global US Manufacturing PMI @ 09:45+S&P Global US Services PMI @ 09:45,1.3395322137143113,0.3414856867508216,2.9423890148567917,15.0
ZN,2026-03-24 15:46:00+00:00,2026-03-24,121,09:45,S&P Global US Manufacturing PMI @ 09:45+S&P Global US Services PMI @ 09:45,-1.257642425789638,0.2933610125134655,3.4116694311501408,15.0
ZN,2026-03-31 14:31:00+00:00,2026-03-31,91,09:00,Conf. Board Consumer Confidence @ 10:00+Dallas Fed Services Activity @ 10:30+FHFA House Price Index MoM @ 09:00+JOLTS Job Openings @ 10:00+S&P Cotality CS 20-City MoM SA @ 09:00,-0.735361657371061,0.28689232291161065,3.614299997931903,15.0
ZN,2026-03-31 15:01:00+00:00,2026-03-31,31,10:30,Conf. Board Consumer Confidence @ 10:00+Dallas Fed Services Activity @ 10:30+FHFA House Price Index MoM @ 09:00+JOLTS Job Openings @ 10:00+S&P Cotality CS 20-City MoM SA @ 09:00,1.0562583265058647,0.33990126353812866,3.0315144677979653,15.0
ZN,2026-03-31 15:31:00+00:00,2026-03-31,91,10:00,Conf. Board Consumer Confidence @ 10:00+Dallas Fed Services Activity @ 10:30+JOLTS Job Openings @ 10:00,-0.6725652040958541,0.2813141445528176,3.650986528896419,15.0
ZN,2026-04-01 12:31:00+00:00,2026-04-01,1,08:30,MBA Mortgage Applications @ 07:00+Retail Sales Advance MoM @ 08:30,0.9332418121147651,0.633125542951027,1.665535017672819,15.0
ZN,2026-04-01 13:01:00+00:00,2026-04-01,121,07:00,MBA Mortgage Applications @ 07:00+Retail Sales Advance MoM @ 08:30,0.5777965543066581,0.5778804606117446,1.8346523330166091,15.0
ZN,2026-04-01 13:31:00+00:00,2026-04-01,61,08:30,Retail Sales Advance MoM @ 08:30,-0.4720774693348904,0.32448603731628506,3.0879761009943842,15.0
ZN,2026-04-01 14:01:00+00:00,2026-04-01,1,10:00,Business Inventories @ 10:00+ISM Manufacturing @ 10:00+Retail Sales Advance MoM @ 08:30,0.7690064168663164,0.37443876303884105,2.712396972315789,15.0
ZN,2026-04-01 14:31:00+00:00,2026-04-01,121,08:30,Business Inventories @ 10:00+ISM Manufacturing @ 10:00+Retail Sales Advance MoM @ 08:30,0.2700931069781447,0.5312351856851983,1.8859781944130851,15.0
ZN,2026-04-01 15:01:00+00:00,2026-04-01,61,10:00,Business Inventories @ 10:00+ISM Manufacturing @ 10:00,0.618361012069342,0.6907325571966172,1.5008560463234997,15.0
ZN,2026-04-01 15:31:00+00:00,2026-04-01,91,10:00,Business Inventories @ 10:00+ISM Manufacturing @ 10:00,-0.4645442455752511,0.3179386184287014,3.1541353831425987,15.0
ZN,2026-04-06 14:01:00+00:00,2026-04-06,1,10:00,ISM Services Index @ 10:00,-0.7594818027782148,0.27819624482921557,3.6040975578431493,15.0
ZN,2026-04-06 14:31:00+00:00,2026-04-06,31,10:00,ISM Services Index @ 10:00,0.8346568321586284,0.5909608148456273,1.7095230634076144,15.0
ZN,2026-04-06 15:01:00+00:00,2026-04-06,61,10:00,ISM Services Index @ 10:00,-0.7066723529356415,0.3726220522236288,2.698599247714765,15.0
ZN,2026-04-06 16:01:00+00:00,2026-04-06,121,10:00,ISM Services Index @ 10:00,-0.7353521134717622,0.6360178132996244,1.6098077772251216,15.0
ZN,2026-04-07 12:31:00+00:00,2026-04-07,1,08:30,Durable Goods Orders @ 08:30,0.619416933831311,0.6422262225891222,1.586185028517032,15.0
ZN,2026-04-07 13:01:00+00:00,2026-04-07,31,08:30,Durable Goods Orders @ 08:30,0.6452421088428182,0.24825246999470882,4.049202938313577,15.0
ZN,2026-04-07 13:31:00+00:00,2026-04-07,61,08:30,Durable Goods Orders @ 08:30,0.8143917091881954,0.4448729560845347,2.3020728670810504,15.0
ZN,2026-04-07 14:01:00+00:00,2026-04-07,91,08:30,Durable Goods Orders @ 08:30,-0.6073287733121643,0.4384488120286326,2.3012567669645465,15.0
ZN,2026-04-08 18:31:00+00:00,2026-04-08,31,14:00,FOMC Meeting Minutes @ 14:00,-0.29656563148507586,0.41109245695417446,2.5023116227462108,15.0
ZN,2026-04-09 13:31:00+00:00,2026-04-09,61,08:30,Continuing Claims @ 08:30+Core PCE Price Index MoM @ 08:30+Core PCE Price Index QoQ @ 08:30,0.4852898069926646,0.3922693431380971,2.5707826374411353,15.0
ZN,2026-04-09 14:01:00+00:00,2026-04-09,91,08:30,Continuing Claims @ 08:30+Core PCE Price Index MoM @ 08:30+Core PCE Price Index QoQ @ 08:30+Wholesale Inventories MoM @ 10:00,2.0,0.6139152526254482,1.7163242594139523,15.0
ZN,2026-04-09 14:31:00+00:00,2026-04-09,121,08:30,Continuing Claims @ 08:30+Core PCE Price Index MoM @ 08:30+Core PCE Price Index QoQ @ 08:30+Wholesale Inventories MoM @ 10:00,0.8722562763549984,0.3465736498683289,2.8911626858453667,15.0
ZN,2026-04-10 12:31:00+00:00,2026-04-10,1,08:30,CPI Index NSA @ 08:30,-0.5267574906732331,0.4035443323658183,2.4951518921888787,15.0
ZN,2026-04-10 13:01:00+00:00,2026-04-10,31,08:30,CPI Index NSA @ 08:30,-0.5686008558462379,0.7434260428782319,1.3548820791760963,15.0
ZN,2026-04-10 13:31:00+00:00,2026-04-10,61,08:30,CPI Index NSA @ 08:30,0.767931625132164,0.25862245163845604,3.8726210538401316,15.0
ZN,2026-04-10 14:31:00+00:00,2026-04-10,31,10:00,CPI Index NSA @ 08:30+Durable Goods Orders @ 08:30+U. of Mich. Sentiment @ 10:00,0.7070948183580258,0.4404383976196637,2.2760896547970435,15.0
ZN,2026-04-10 16:01:00+00:00,2026-04-10,121,10:00,Durable Goods Orders @ 08:30+U. of Mich. Sentiment @ 10:00,-0.8531982048868437,0.7204088048434915,1.407333747054331,15.0
ZN,2026-04-16 14:01:00+00:00,2026-04-16,91,08:30,Continuing Claims @ 08:30+New York Fed Services Business Activity @ 08:30+Philadelphia Fed Business Outlook @ 08:30,0.7745787944951072,0.6233457981105701,1.6151635299054548,15.0
ZN,2026-04-21 12:31:00+00:00,2026-04-21,1,08:30,Philadelphia Fed Non-Manufacturing Activity @ 08:30+Retail Sales Advance MoM @ 08:30,0.9740127019372432,0.5514666338604353,1.8227820172505433,15.0
ZN,2026-04-21 13:01:00+00:00,2026-04-21,31,08:30,Philadelphia Fed Non-Manufacturing Activity @ 08:30+Retail Sales Advance MoM @ 08:30,1.528046981469674,0.3322534669773938,3.015075808744357,15.0
ZN,2026-04-21 14:01:00+00:00,2026-04-21,91,08:30,Business Inventories @ 10:00+Pending Home Sales MoM @ 10:00+Philadelphia Fed Non-Manufacturing Activity @ 08:30+Retail Sales Advance MoM @ 08:30,-0.6376132975799045,0.33356845321430273,3.044674112331119,15.0
ZN,2026-04-21 14:31:00+00:00,2026-04-21,31,10:00,Business Inventories @ 10:00+Pending Home Sales MoM @ 10:00+Philadelphia Fed Non-Manufacturing Activity @ 08:30+Retail Sales Advance MoM @ 08:30,2.0,0.3980678169728126,2.5156106077868396,15.0
ZN,2026-04-23 13:46:00+00:00,2026-04-23,1,09:45,S&P Global US Manufacturing PMI @ 09:45+S&P Global US Services PMI @ 09:45,-0.538929497439772,0.3402298292819956,2.9527940731962876,15.0
ZN,2026-04-23 14:16:00+00:00,2026-04-23,31,09:45,S&P Global US Manufacturing PMI @ 09:45+S&P Global US Services PMI @ 09:45,-0.7187446971070417,0.23641682123012747,4.260050861597862,15.0
ZN,2026-04-23 15:16:00+00:00,2026-04-23,91,09:45,S&P Global US Manufacturing PMI @ 09:45+S&P Global US Services PMI @ 09:45,0.7448284006647057,0.2980597473335225,3.3776470953242024,15.0
ZN,2026-04-23 15:46:00+00:00,2026-04-23,121,09:45,S&P Global US Manufacturing PMI @ 09:45+S&P Global US Services PMI @ 09:45,1.8684903471181544,0.3361725890095957,3.0098316622753107,15.0
ZN,2026-04-28 14:31:00+00:00,2026-04-28,31,10:00,Conf. Board Consumer Confidence @ 10:00+Dallas Fed Services Activity @ 10:30+FHFA House Price Index MoM @ 09:00+Richmond Fed Manufact. Index @ 10:00+S&P Cotality CS 20-City MoM SA @ 09:00,-0.9413705099801116,0.3232907774809672,3.201560415553388,15.0
ZN,2026-04-28 15:01:00+00:00,2026-04-28,121,09:00,Conf. Board Consumer Confidence @ 10:00+Dallas Fed Services Activity @ 10:30+FHFA House Price Index MoM @ 09:00+Richmond Fed Manufact. Index @ 10:00+S&P Cotality CS 20-City MoM SA @ 09:00,1.684394526313602,0.33600595894259866,3.0957230341051307,15.0
ZN,2026-04-28 16:01:00+00:00,2026-04-28,121,10:00,Conf. Board Consumer Confidence @ 10:00+Dallas Fed Services Activity @ 10:30+Richmond Fed Manufact. Index @ 10:00,1.1464819136241693,0.3061733778523916,3.2944827117257542,15.0
ZN,2026-04-29 12:31:00+00:00,2026-04-29,91,07:00,Building Permits @ 08:30+Durable Goods Orders @ 08:30+MBA Mortgage Applications @ 07:00+Wholesale Inventories MoM @ 10:00,0.5354954543080227,0.31561958170256244,3.200610516422932,15.0
ZN,2026-04-29 13:01:00+00:00,2026-04-29,31,08:30,Building Permits @ 08:30+Durable Goods Orders @ 08:30+MBA Mortgage Applications @ 07:00+Wholesale Inventories MoM @ 10:00,1.4781493109270596,0.3430977412213378,2.9387869818682857,15.0
ZN,2026-04-29 14:01:00+00:00,2026-04-29,91,08:30,Building Permits @ 08:30+Durable Goods Orders @ 08:30+Wholesale Inventories MoM @ 10:00,-1.5077258205486606,0.5970614099653364,1.6808802614789309,15.0
ZN,2026-04-29 14:31:00+00:00,2026-04-29,121,08:30,Building Permits @ 08:30+Durable Goods Orders @ 08:30+Wholesale Inventories MoM @ 10:00,-0.7946638667571123,0.588993622346375,1.7153810735897705,15.0
ZN,2026-04-30 12:31:00+00:00,2026-04-30,1,08:30,Continuing Claims @ 08:30+Core PCE Price Index MoM @ 08:30+Core PCE Price Index QoQ @ 08:30+Employment Cost Index @ 08:30,0.5398001695720825,0.3488803395864497,2.878348938921596,15.0
ZN,2026-04-30 13:01:00+00:00,2026-04-30,31,08:30,Continuing Claims @ 08:30+Core PCE Price Index MoM @ 08:30+Core PCE Price Index QoQ @ 08:30+Employment Cost Index @ 08:30,-0.8139342553556602,0.6013699290385447,1.673092705102651,15.0
ZN,2026-04-30 13:31:00+00:00,2026-04-30,61,08:30,Continuing Claims @ 08:30+Core PCE Price Index MoM @ 08:30+Core PCE Price Index QoQ @ 08:30+Employment Cost Index @ 08:30,0.5191952131265859,0.2671132662840653,3.764842473100024,15.0
ZN,2026-04-30 14:01:00+00:00,2026-04-30,91,08:30,Continuing Claims @ 08:30+Core PCE Price Index MoM @ 08:30+Core PCE Price Index QoQ @ 08:30+Employment Cost Index @ 08:30+Leading Index @ 10:00,0.5886484667362013,0.35563434036184527,2.823859269458528,15.0
ZN,2026-04-30 14:31:00+00:00,2026-04-30,121,08:30,Continuing Claims @ 08:30+Core PCE Price Index MoM @ 08:30+Core PCE Price Index QoQ @ 08:30+Employment Cost Index @ 08:30+Leading Index @ 10:00,-0.8240301938855604,0.29765056466159173,3.37755760069993,15.0
ZN,2026-05-01 14:01:00+00:00,2026-05-01,1,10:00,ISM Manufacturing @ 10:00,-0.6630644893163508,0.44836226072540414,2.293097311993446,15.0
ZN,2026-05-01 14:31:00+00:00,2026-05-01,31,10:00,ISM Manufacturing @ 10:00,-1.144625062970127,0.66480521926205,1.562370812594851,15.0
ZN,2026-05-01 15:31:00+00:00,2026-05-01,91,10:00,ISM Manufacturing @ 10:00,-1.327059648303832,0.3465941489484967,2.9201998985539244,15.0
ZN,2026-05-04 14:01:00+00:00,2026-05-04,1,10:00,Durable Goods Orders @ 08:30,0.950848886774199,0.5597362538569451,1.7990158463501618,15.0
ZN,2026-05-04 15:01:00+00:00,2026-05-04,61,10:00,Durable Goods Orders @ 08:30,1.7017144088677567,0.3730622792611825,2.687109357597423,15.0
ZN,2026-05-04 16:01:00+00:00,2026-05-04,121,10:00,Durable Goods Orders @ 08:30,0.849523067906292,0.5676153914709196,1.7682398637426884,15.0
ZN,2026-05-05 13:46:00+00:00,2026-05-05,1,09:45,S&P Global US Services PMI @ 09:45,0.619173464066832,0.2809596946599482,3.5753012489200504,15.0
ZN,2026-05-05 14:01:00+00:00,2026-05-05,1,10:00,ISM Services Index @ 10:00+JOLTS Job Openings @ 10:00+New Home Sales @ 10:00+Trade Balance @ 08:30,-0.31424034648508936,0.3606521306840813,2.8721266482156507,15.0
ZN,2026-05-05 14:16:00+00:00,2026-05-05,31,09:45,S&P Global US Services PMI @ 09:45,0.9165967368922799,0.45661396548936767,2.19914399660379,15.0
ZN,2026-05-05 14:31:00+00:00,2026-05-05,31,10:00,ISM Services Index @ 10:00+JOLTS Job Openings @ 10:00+New Home Sales @ 10:00+Trade Balance @ 08:30,0.8923367158355647,0.4021067604388469,2.5241114914646623,15.0
ZN,2026-05-05 14:46:00+00:00,2026-05-05,61,09:45,S&P Global US Services PMI @ 09:45,0.9703924051660174,0.25826272075198736,3.8967014108018563,15.0
ZN,2026-05-05 15:01:00+00:00,2026-05-05,61,10:00,ISM Services Index @ 10:00+JOLTS Job Openings @ 10:00+New Home Sales @ 10:00,0.8239944965290621,0.33522320096896374,2.988299270828787,15.0
ZN,2026-05-05 15:16:00+00:00,2026-05-05,91,09:45,S&P Global US Services PMI @ 09:45,-1.1302963869564042,0.2629271193984306,3.8077580151407897,15.0
ZN,2026-05-05 15:31:00+00:00,2026-05-05,91,10:00,ISM Services Index @ 10:00+JOLTS Job Openings @ 10:00+New Home Sales @ 10:00,-1.0081320813155206,0.3181976697060935,3.147229756201611,15.0
ZN,2026-05-05 15:46:00+00:00,2026-05-05,121,09:45,S&P Global US Services PMI @ 09:45,-0.9076408970777973,0.3689831890929605,2.7143625676558445,15.0
ZN,2026-05-07 14:01:00+00:00,2026-05-07,91,08:30,Continuing Claims @ 08:30+ISM Manufacturing @ 10:00+Nonfarm Productivity @ 08:30,0.4448836644178807,0.43434319556639406,2.307564952361363,15.0
ZN,2026-05-07 15:01:00+00:00,2026-05-07,1,11:00,ISM Manufacturing @ 10:00+NY Fed 1-Yr Inflation Expectations @ 11:00,0.6117611076305457,0.3042334698344529,3.3386910246158994,15.0
ZN,2026-05-08 12:31:00+00:00,2026-05-08,1,08:30,Change in Manufact. Payrolls @ 08:30,0.6571332328983446,0.4717324731447233,2.132694253949087,15.0
ZN,2026-05-08 13:01:00+00:00,2026-05-08,31,08:30,Change in Manufact. Payrolls @ 08:30,0.5739699636875988,0.4787356562771185,2.09126571678073,15.0
ZN,2026-05-08 13:31:00+00:00,2026-05-08,61,08:30,Change in Manufact. Payrolls @ 08:30,-0.6672237651087861,0.5851910979076608,1.7190126137118777,15.0
ZN,2026-05-08 14:01:00+00:00,2026-05-08,1,10:00,Change in Manufact. Payrolls @ 08:30+U. of Mich. Sentiment @ 10:00+Wholesale Inventories MoM @ 10:00,-1.305361651932138,0.3116763180099786,3.23496480138628,15.0
ZN,2026-05-12 13:31:00+00:00,2026-05-12,61,08:30,CPI Index NSA @ 08:30,0.687298764628884,0.6491322366706972,1.5637920087836779,15.0
ZN,2026-05-12 14:01:00+00:00,2026-05-12,91,08:30,CPI Index NSA @ 08:30,0.8979602301907357,0.37943485370408825,2.637076557055139,15.0
ZN,2026-05-12 14:31:00+00:00,2026-05-12,121,08:30,CPI Index NSA @ 08:30,1.2492787345435907,0.24505737047910614,4.084492279891748,15.0
ZN,2026-05-14 12:31:00+00:00,2026-05-14,1,08:30,Continuing Claims @ 08:30+Import Price Index YoY @ 08:30+Retail Sales Advance MoM @ 08:30,0.5395310471517112,0.32695912256390314,3.0655759823362394,15.0
ZN,2026-05-14 13:31:00+00:00,2026-05-14,61,08:30,Continuing Claims @ 08:30+Import Price Index YoY @ 08:30+Retail Sales Advance MoM @ 08:30,-0.531265732081276,0.3488523875947683,2.869940104384833,15.0
ZN,2026-05-14 14:01:00+00:00,2026-05-14,91,08:30,Business Inventories @ 10:00+Continuing Claims @ 08:30+Import Price Index YoY @ 08:30+Retail Sales Advance MoM @ 08:30,-0.5913456562155319,0.37014530150469166,2.78619408730842,15.0
ZN,2026-05-20 18:01:00+00:00,2026-05-20,1,14:00,FOMC Meeting Minutes @ 14:00,-0.9215348005351731,0.3424825323115001,3.0220839166069777,15.0
ZN,2026-05-20 19:01:00+00:00,2026-05-20,61,14:00,FOMC Meeting Minutes @ 14:00,-0.9915168329046372,0.34097045072956794,2.9750526382147293,15.0
ZN,2026-05-20 20:01:00+00:00,2026-05-20,121,14:00,FOMC Meeting Minutes @ 14:00,-1.1125679681345595,0.3421197918508508,2.970435578165523,15.0
ZN,2026-05-21 12:31:00+00:00,2026-05-21,1,08:30,Building Permits @ 08:30+Continuing Claims @ 08:30+Philadelphia Fed Business Outlook @ 08:30,0.6693340968357926,0.5713877407431618,1.7694203887471256,15.0
ZN,2026-05-21 13:01:00+00:00,2026-05-21,31,08:30,Building Permits @ 08:30+Continuing Claims @ 08:30+Philadelphia Fed Business Outlook @ 08:30,-0.4840965795877264,0.4093835646277129,2.461295463152473,15.0
ZN,2026-05-21 13:31:00+00:00,2026-05-21,61,08:30,Building Permits @ 08:30+Continuing Claims @ 08:30+Philadelphia Fed Business Outlook @ 08:30,1.0349137690830315,0.3821911073379714,2.619711906344017,15.0
ZN,2026-05-21 13:46:00+00:00,2026-05-21,1,09:45,S&P Global US Manufacturing PMI @ 09:45+S&P Global US Services PMI @ 09:45,-0.515014245680123,0.41443167995347585,2.4360325881918494,15.0
ZN,2026-05-21 14:01:00+00:00,2026-05-21,91,08:30,Building Permits @ 08:30+Continuing Claims @ 08:30+Philadelphia Fed Business Outlook @ 08:30,-1.432790256058679,0.4410731816717021,2.321309875608488,15.0
ZN,2026-05-21 14:16:00+00:00,2026-05-21,31,09:45,S&P Global US Manufacturing PMI @ 09:45+S&P Global US Services PMI @ 09:45,-0.8467866528642923,0.30558148041004973,3.314856866242372,15.0
ZN,2026-05-21 14:31:00+00:00,2026-05-21,121,08:30,Building Permits @ 08:30+Continuing Claims @ 08:30+Philadelphia Fed Business Outlook @ 08:30,-1.9336337349519697,0.32066502628428595,3.150610228103066,15.0
ZN,2026-05-21 15:16:00+00:00,2026-05-21,91,09:45,S&P Global US Manufacturing PMI @ 09:45+S&P Global US Services PMI @ 09:45,1.4477011863599185,0.27250691667293997,3.690159139687178,15.0
ZN,2026-05-27 15:01:00+00:00,2026-05-27,31,10:30,Dallas Fed Services Activity @ 10:30+Richmond Fed Manufact. Index @ 10:00,1.3089113587498944,0.2580331813008891,3.925424605211755,15.0
ZN,2026-05-27 16:01:00+00:00,2026-05-27,121,10:00,Dallas Fed Services Activity @ 10:30+Richmond Fed Manufact. Index @ 10:00,1.0077120573276284,0.5111762866008527,2.1052095196883736,15.0
ZN,2026-06-01 14:01:00+00:00,2026-06-01,1,10:00,ISM Manufacturing @ 10:00,-0.4718432340752662,0.4479409799011989,2.297705543856379,15.0
ZN,2026-06-01 16:01:00+00:00,2026-06-01,121,10:00,ISM Manufacturing @ 10:00,1.1188186730089182,0.39233369524040757,2.5597731774351766,15.0
ZN,2026-06-03 13:46:00+00:00,2026-06-03,1,09:45,ADP Employment Change @ 08:15+S&P Global US Services PMI @ 09:45,0.2935696007783283,0.26610680804115167,3.823715260165354,15.0
ZN,2026-06-03 14:01:00+00:00,2026-06-03,1,10:00,Durable Goods Orders @ 08:30+ISM Services Index @ 10:00,-0.38304220925643684,0.36688190519306474,2.73529911825471,15.0
ZN,2026-06-03 14:16:00+00:00,2026-06-03,31,09:45,ADP Employment Change @ 08:15+S&P Global US Services PMI @ 09:45,-0.6813043103403291,0.6486840760399157,1.6375733226765525,15.0
ZN,2026-06-03 14:31:00+00:00,2026-06-03,31,10:00,Durable Goods Orders @ 08:30+ISM Services Index @ 10:00,-1.4551805151110853,0.5256226485287275,1.9232797834809323,15.0
ZN,2026-06-03 15:16:00+00:00,2026-06-03,91,09:45,S&P Global US Services PMI @ 09:45,0.7417666270666031,0.38557316475805425,2.600189440330604,15.0
ZN,2026-06-03 15:31:00+00:00,2026-06-03,91,10:00,Durable Goods Orders @ 08:30+ISM Services Index @ 10:00,-1.4909895163814642,0.3848620530990085,2.603483034462641,15.0
ZN,2026-06-03 15:46:00+00:00,2026-06-03,121,09:45,S&P Global US Services PMI @ 09:45,2.0,0.5351587605473094,1.906364812280116,15.0
ZN,2026-06-05 12:31:00+00:00,2026-06-05,1,08:30,Change in Manufact. Payrolls @ 08:30,-0.36219110713704267,1.0847552616751561,0.9420043658479476,15.0
ZN,2026-06-05 13:01:00+00:00,2026-06-05,31,08:30,Change in Manufact. Payrolls @ 08:30,-1.4110954652302943,0.4701006737120942,2.1383734405638797,15.0
ZN,2026-06-05 13:31:00+00:00,2026-06-05,61,08:30,Change in Manufact. Payrolls @ 08:30,-0.9526178185044468,0.3447762953714038,2.9094463868397376,15.0
ZN,2026-06-05 14:01:00+00:00,2026-06-05,91,08:30,Change in Manufact. Payrolls @ 08:30,-1.2120491644396514,0.40359538989417143,2.504654807620223,15.0
ZN,2026-06-10 13:31:00+00:00,2026-06-10,61,08:30,CPI Index NSA @ 08:30,-2.0,0.3003857967133821,3.338620677757155,15.0
ZN,2026-06-10 14:01:00+00:00,2026-06-10,91,08:30,CPI Index NSA @ 08:30,-1.1896887487808068,0.34796333270112373,2.9180795103198336,15.0
ZN,2026-06-10 14:31:00+00:00,2026-06-10,121,08:30,CPI Index NSA @ 08:30,-0.8793486072037959,0.3289897995330192,3.0467031947397314,15.0
ZN,2026-06-17 12:31:00+00:00,2026-06-17,1,08:30,MBA Mortgage Applications @ 07:00+Retail Sales Advance MoM @ 08:30,0.39373803346896363,0.30976635702610933,3.271014821345201,15.0
ZN,2026-06-17 13:01:00+00:00,2026-06-17,121,07:00,MBA Mortgage Applications @ 07:00+Retail Sales Advance MoM @ 08:30,-0.9196223519824521,0.4625786511592138,2.2472816591161933,15.0
ZN,2026-06-17 13:31:00+00:00,2026-06-17,61,08:30,Retail Sales Advance MoM @ 08:30,-0.5600473525473558,0.30917083363281045,3.237967007127599,15.0
ZN,2026-06-17 14:01:00+00:00,2026-06-17,91,08:30,Business Inventories @ 10:00+Pending Home Sales MoM @ 10:00+Retail Sales Advance MoM @ 08:30,0.927319748312344,0.4601117741700385,2.2190743526113654,15.0
ZN,2026-06-17 14:31:00+00:00,2026-06-17,31,10:00,Business Inventories @ 10:00+Pending Home Sales MoM @ 10:00+Retail Sales Advance MoM @ 08:30,-0.6175988444989701,0.31267795459957776,3.204499288417154,15.0
ZN,2026-06-18 12:31:00+00:00,2026-06-18,1,08:30,Continuing Claims @ 08:30+Philadelphia Fed Business Outlook @ 08:30,0.9456144610415889,0.5454327326607609,1.838731606596018,15.0
ZN,2026-06-18 13:01:00+00:00,2026-06-18,31,08:30,Continuing Claims @ 08:30+Philadelphia Fed Business Outlook @ 08:30,-0.4593329600946055,0.3231745459650096,3.102055594829322,15.0
ZN,2026-06-18 13:31:00+00:00,2026-06-18,61,08:30,Continuing Claims @ 08:30+Philadelphia Fed Business Outlook @ 08:30,-0.4223647201394347,0.4608041886484054,2.1918563555251915,15.0
ZN,2026-06-18 14:01:00+00:00,2026-06-18,91,08:30,Continuing Claims @ 08:30+Leading Index @ 10:00+Philadelphia Fed Business Outlook @ 08:30,1.1762357611327559,0.3541570141504491,2.8334167589742343,15.0
ZN,2026-06-23 13:46:00+00:00,2026-06-23,1,09:45,ADP Weekly Employment Change @ 08:15+S&P Global US Manufacturing PMI @ 09:45+S&P Global US Services PMI @ 09:45,0.41083253159178806,0.4675381249658043,2.2767462942580656,15.0
ZN,2026-06-23 14:16:00+00:00,2026-06-23,121,08:15,ADP Weekly Employment Change @ 08:15+S&P Global US Manufacturing PMI @ 09:45+S&P Global US Services PMI @ 09:45,-1.6487017454847028,0.28388943323202076,3.5698240099232845,15.0
ZN,2026-06-23 14:46:00+00:00,2026-06-23,61,09:45,S&P Global US Manufacturing PMI @ 09:45+S&P Global US Services PMI @ 09:45,-0.9693806091869388,0.39135136822055605,2.559756408506161,15.0
ZN,2026-06-25 12:31:00+00:00,2026-06-25,1,08:30,Chicago Fed Nat Activity Index @ 08:30+Continuing Claims @ 08:30+Core PCE Price Index MoM @ 08:30+Core PCE Price Index QoQ @ 08:30+Durable Goods Orders @ 08:30,-0.35028630390388826,0.5932584903238034,1.7004881817428639,15.0
ZN,2026-06-25 13:01:00+00:00,2026-06-25,31,08:30,Chicago Fed Nat Activity Index @ 08:30+Continuing Claims @ 08:30+Core PCE Price Index MoM @ 08:30+Core PCE Price Index QoQ @ 08:30+Durable Goods Orders @ 08:30,-0.8841969385380639,0.49964533286407187,2.0118080535994793,15.0
ZN,2026-06-25 13:31:00+00:00,2026-06-25,61,08:30,Chicago Fed Nat Activity Index @ 08:30+Continuing Claims @ 08:30+Core PCE Price Index MoM @ 08:30+Core PCE Price Index QoQ @ 08:30+Durable Goods Orders @ 08:30,0.46452360538432125,0.4558959567472877,2.2046299778142124,15.0
ZN,2026-06-25 14:31:00+00:00,2026-06-25,121,08:30,Chicago Fed Nat Activity Index @ 08:30+Continuing Claims @ 08:30+Core PCE Price Index MoM @ 08:30+Core PCE Price Index QoQ @ 08:30+Durable Goods Orders @ 08:30,-0.5456254758551548,0.44809261415179114,2.240701517972129,15.0
ZN,2026-06-30 14:31:00+00:00,2026-06-30,91,09:00,Conf. Board Consumer Confidence @ 10:00+Dallas Fed Services Activity @ 10:30+FHFA House Price Index MoM @ 09:00+JOLTS Job Openings @ 10:00+S&P Cotality CS 20-City MoM SA @ 09:00,-0.5723075304196824,0.38351741988838306,2.7167802617316434,15.0
ZN,2026-06-30 16:01:00+00:00,2026-06-30,121,10:00,Conf. Board Consumer Confidence @ 10:00+Dallas Fed Services Activity @ 10:30+JOLTS Job Openings @ 10:00,-1.9251903731406963,0.42354966003621247,2.4396376343749107,15.0
ZN,2026-06-30 16:31:00+00:00,2026-06-30,121,10:30,Dallas Fed Services Activity @ 10:30,0.8073679699257081,0.2292990644908954,4.42049308415429,15.0
