state,family,target,bucket,n,beta,se,t,mean_abs_ret
rv_20d,CPI,ret_1m_bps,Low,46,14.323631729058881,6.488609526734994,2.207504037658804,16.05765144601013
rv_20d,CPI,ret_1m_bps,Mid,43,11.873429389682617,6.2505168999670255,1.8995915985356755,19.353953398101385
rv_20d,CPI,ret_1m_bps,High,33,18.0221195453104,5.802991699274531,3.1056600593730748,20.3644633561175
rv_20d,CPI,ret_5m_bps,Low,46,15.11696618049005,6.649847968768291,2.2732799684276195,18.0618925903633
rv_20d,CPI,ret_5m_bps,Mid,43,11.553141251477433,6.49675109730239,1.7782951937737894,20.03677594231569
rv_20d,CPI,ret_5m_bps,High,33,18.505575253447386,6.539275204828972,2.8299122874935465,23.51263668993809
rv_20d,CPI,ret_15m_bps,Low,46,15.961748406616667,7.114966660087774,2.2434045258646025,19.343703830701813
rv_20d,CPI,ret_15m_bps,Mid,43,12.074051712243358,6.308453526674615,1.9139479527255823,21.769637739688974
rv_20d,CPI,ret_15m_bps,High,33,18.51665679032809,7.476818050069864,2.476542382913152,23.640102417834
rv_20d,CPI,ret_30m_bps,Low,46,15.806749583903779,7.426461921009572,2.1284360913756584,19.797457563697503
rv_20d,CPI,ret_30m_bps,Mid,43,13.253262313715192,6.921377236622456,1.9148302224576643,23.189091711959055
rv_20d,CPI,ret_30m_bps,High,33,17.28225512227721,6.86978981547732,2.5156890656743363,25.256579416084907
rv_20d,CPI,ret_60m_bps,Low,46,14.660415715466645,8.289717318031885,1.7685061085951805,20.62304170359845
rv_20d,CPI,ret_60m_bps,Mid,43,15.610419783875114,7.355078518691927,2.12240015442437,26.51949807946975
rv_20d,CPI,ret_60m_bps,High,33,16.71919814736127,7.943446161869507,2.1047789343141177,25.271294351783663
rv_20d,CPI,drift_5m_bps,Low,46,0.7933344514311685,1.0469741367836563,0.7577402569545048,5.239038691137804
rv_20d,CPI,drift_5m_bps,Mid,43,-0.32028813820518465,1.3471477834046164,-0.2377527856637433,6.805966638392804
rv_20d,CPI,drift_5m_bps,High,33,0.48345570813698757,1.2932380519868376,0.37383350064146437,6.807188608248333
rv_20d,CPI,drift_15m_bps,Low,46,1.6381166775577825,1.336481179336736,1.225693786702437,7.2515729718807656
rv_20d,CPI,drift_15m_bps,Mid,43,0.2006223225607399,1.7490175978543943,0.11470571983200921,10.48812997721919
rv_20d,CPI,drift_15m_bps,High,33,0.4945372450176875,2.0681693138488444,0.23911835540067952,8.156681428259313
rv_20d,CPI,drift_30m_bps,Low,46,1.4831178548448958,1.8514447626715986,0.8010597371021675,8.497941407104703
rv_20d,CPI,drift_30m_bps,Mid,43,1.3798329240325742,1.6459674946292338,0.8383111626049405,10.917322641739272
rv_20d,CPI,drift_30m_bps,High,33,-0.7398644230331897,2.479956302601026,-0.2983376853282477,12.884295923770548
rv_20d,CPI,drift_60m_bps,Low,46,0.3367839864077606,2.240086783331553,0.1503441692142306,8.43927197320578
rv_20d,CPI,drift_60m_bps,Mid,43,3.736990394192496,1.618001915766211,2.30963286123356,12.555081136364123
rv_20d,CPI,drift_60m_bps,High,33,-1.3029213979491328,3.2672902717333034,-0.39877736276487324,13.866475796614116
rv_20d,NFP,ret_1m_bps,Low,51,0.49895195757791766,0.5743918045342078,0.8686613451640964,20.972327410482183
rv_20d,NFP,ret_1m_bps,Mid,33,13.724350405287952,5.592519447423044,2.454055016583258,20.2956519875227
rv_20d,NFP,ret_1m_bps,High,36,2.5948369814506864,4.26277603418646,0.6087199891903082,18.578495175694236
rv_20d,NFP,ret_5m_bps,Low,51,0.7489053242349731,0.7400166817622358,1.0120114082449743,23.41091165826109
rv_20d,NFP,ret_5m_bps,Mid,33,11.265402494986253,5.9683691912548165,1.8875177010652997,19.332891915768364
rv_20d,NFP,ret_5m_bps,High,36,1.986032075628734,2.840423611639488,0.6992027764768508,21.483488306969342
rv_20d,NFP,ret_15m_bps,Low,51,0.7544807670723717,0.7583496358550763,0.9948983046872011,22.853954584351452
rv_20d,NFP,ret_15m_bps,Mid,33,8.360216714388129,5.610055994241698,1.490219834341986,20.899641459345922
rv_20d,NFP,ret_15m_bps,High,36,2.4153444051551842,3.8908151540294953,0.6207810727409524,23.034809395376204
rv_20d,NFP,ret_30m_bps,Low,51,0.4728983322295723,1.2742314605829506,0.37112435758980955,24.3707184784314
rv_20d,NFP,ret_30m_bps,Mid,33,5.348702888385173,5.367941104213789,0.9964160903677736,21.759064921227843
rv_20d,NFP,ret_30m_bps,High,36,1.1418516023345298,3.0332412796249835,0.3764460183252231,24.851207094731294
rv_20d,NFP,ret_60m_bps,Low,51,0.4615185135124399,1.1518468760721983,0.4006769676592948,23.989052824494536
rv_20d,NFP,ret_60m_bps,Mid,33,5.35823291750703,6.204926472367547,0.8635449495443491,24.186164338094695
rv_20d,NFP,ret_60m_bps,High,36,1.4267556840094349,2.389548573684481,0.5970816830098996,25.7360866452531
rv_20d,NFP,drift_5m_bps,Low,51,0.24995336665705564,0.16851518268849663,1.4832691195492989,8.202003903945519
rv_20d,NFP,drift_5m_bps,Mid,33,-2.4589479103017,1.9215492226403055,-1.2796694882075317,5.687749787117186
rv_20d,NFP,drift_5m_bps,High,36,-0.6088049058219531,1.5247361339358991,-0.3992854188156517,9.240385534401675
rv_20d,NFP,drift_15m_bps,Low,51,0.255528809494454,0.18919538755138704,1.3506080290939981,9.429349683437165
rv_20d,NFP,drift_15m_bps,Mid,33,-5.364133690899822,4.017863810302953,-1.3350710586915981,11.212172259289298
rv_20d,NFP,drift_15m_bps,High,36,-0.17949257629550283,0.5994213811087704,-0.2994430661840744,9.3947742216015
rv_20d,NFP,drift_30m_bps,Low,51,-0.02605362534834527,0.7042747780258468,-0.03699355160975125,12.59379347748542
rv_20d,NFP,drift_30m_bps,Mid,33,-8.375647516902779,4.675732837679077,-1.7913015579949714,16.193603246100448
rv_20d,NFP,drift_30m_bps,High,36,-1.452985379116157,1.3962583761445828,-1.0406278694121154,13.661020620675657
rv_20d,NFP,drift_60m_bps,Low,51,-0.03743344406547775,0.5829546560492755,-0.06421330317381256,13.33100687983927
rv_20d,NFP,drift_60m_bps,Mid,33,-8.36611748778092,5.766673138403324,-1.450770190539589,19.364386965350302
rv_20d,NFP,drift_60m_bps,High,36,-1.168081297441252,2.1275473685862716,-0.5490271637135992,14.59092185713828
rv_20d,PCE,ret_1m_bps,Low,40,1.3571600347329484,1.0278723368221265,1.320358556325079,4.060707165878696
rv_20d,PCE,ret_1m_bps,Mid,36,1.1788717217311153,1.3907852325847614,0.847630312798327,5.386340386090734
rv_20d,PCE,ret_1m_bps,High,31,2.8690170885821735,1.022505700742498,2.8058690396531003,5.440189865477316
rv_20d,PCE,ret_5m_bps,Low,40,0.4704394228721542,0.8870245472073227,0.5303567126222937,4.15736870024519
rv_20d,PCE,ret_5m_bps,Mid,36,1.330942729290688,1.8730173949040125,0.7105874899570249,8.074605030695311
rv_20d,PCE,ret_5m_bps,High,31,1.7507404807847835,0.9355594701160852,1.8713299760276594,6.164709802978372
rv_20d,PCE,ret_15m_bps,Low,40,1.4254081755139392,1.4023588569009973,1.0164361058508786,5.540776904862321
rv_20d,PCE,ret_15m_bps,Mid,36,1.4083907797522486,2.556090604542681,0.5509940755813812,9.265059181002844
rv_20d,PCE,ret_15m_bps,High,31,0.4520439013548147,2.4887552768760104,0.18163453255325251,7.353713198164948
rv_20d,PCE,ret_30m_bps,Low,40,0.8057556227571163,1.3310088348042968,0.6053721069970129,6.378575017853105
rv_20d,PCE,ret_30m_bps,Mid,36,0.5459506191738482,2.685291201210111,0.2033115138230888,10.333627254106336
rv_20d,PCE,ret_30m_bps,High,31,1.9898529935210505,1.970017065677197,1.0100689116807398,8.311597716165009
rv_20d,PCE,ret_60m_bps,Low,40,0.6075319574286134,2.5892765517643768,0.2346338621166715,9.586995254645903
rv_20d,PCE,ret_60m_bps,Mid,36,1.3787203519434992,2.567439251984823,0.5370021319404714,9.814959263809463
rv_20d,PCE,ret_60m_bps,High,31,0.5597720197341722,1.4299937341722282,0.3914506800676327,8.244682450437425
rv_20d,PCE,drift_5m_bps,Low,40,-0.8867206118607941,0.9084597094785039,-0.9760703778154466,3.7648938583845215
rv_20d,PCE,drift_5m_bps,Mid,36,0.1520710075595726,0.8864272251313283,0.17155498302417613,4.888956515538061
rv_20d,PCE,drift_5m_bps,High,31,-1.1182766077973902,0.5243109166692993,-2.1328501319432287,3.3306846626639377
rv_20d,PCE,drift_15m_bps,Low,40,0.06824814078099087,0.5460233490401138,0.12499124973495775,4.000071261768712
rv_20d,PCE,drift_15m_bps,Mid,36,0.22951905802113326,1.707700412130598,0.13440241414170284,7.203133330187455
rv_20d,PCE,drift_15m_bps,High,31,-2.416973187227359,1.9924374433748169,-1.2130735623666347,4.758699745584104
rv_20d,PCE,drift_30m_bps,Low,40,-0.551404411975832,0.744966482528988,-0.7401734506281977,5.444490101206067
rv_20d,PCE,drift_30m_bps,Mid,36,-0.6329211025572674,1.994833009820253,-0.31728024322913007,8.810163184617503
rv_20d,PCE,drift_30m_bps,High,31,-0.8791640950611234,1.486696570002735,-0.5913540885209051,4.916676330750013
rv_20d,PCE,drift_60m_bps,Low,40,-0.749628077304335,1.7009274461220285,-0.4407172563494251,8.184404375040977
rv_20d,PCE,drift_60m_bps,Mid,36,0.19984863021238358,1.8365301281161883,0.10881859608661978,8.659956042479498
rv_20d,PCE,drift_60m_bps,High,31,-2.3092450688480013,1.2439214987539289,-1.856423472993462,6.942996654448826
rv_20d,ALL,ret_1m_bps,Low,137,0.6281919020725988,1.5793949993193857,0.39774211159545764,14.384444898439455
rv_20d,ALL,ret_1m_bps,Mid,112,8.742860817073655,2.57687983764554,3.3928088882335654,15.14182826433817
rv_20d,ALL,ret_1m_bps,High,100,5.4203698293776075,4.070573078054634,1.3315987025512521,15.094990029066668
rv_20d,ALL,ret_5m_bps,Low,137,0.886450703908631,1.6893808089723208,0.5247192931283943,15.993418260860109
rv_20d,ALL,ret_5m_bps,Mid,112,8.268292705097334,2.6979058882453355,3.0647076093802768,15.984398034330017
rv_20d,ALL,ret_5m_bps,High,100,4.964461575900751,3.983078170219751,1.2463881861567523,17.40428593711183
rv_20d,ALL,ret_15m_bps,Low,137,0.9079809831527258,1.8155171883953092,0.5001224934451145,16.62038785553796
rv_20d,ALL,ret_15m_bps,Mid,112,8.131650336628287,2.7362676725592108,2.971803679214912,17.49397072751021
rv_20d,ALL,ret_15m_bps,High,100,4.9543764758523645,3.9781239067926553,1.2454052694016784,18.37341627165179
rv_20d,ALL,ret_30m_bps,Low,137,0.641212641909513,2.2298397159429224,0.28755997003953543,17.58199044557818
rv_20d,ALL,ret_30m_bps,Mid,112,8.140995577514524,2.759954100480966,2.94968513284182,18.635630956808804
rv_20d,ALL,ret_30m_bps,High,100,4.411917968195302,4.145845996697562,1.0641779679490466,19.85770105342244
rv_20d,ALL,ret_60m_bps,Low,137,0.6024830463031953,2.0444550931288266,0.2946912594598287,18.65387899708457
rv_20d,ALL,ret_60m_bps,Mid,112,9.969659209409691,2.941523190652732,3.3892845859894094,20.46268191135236
rv_20d,ALL,ret_60m_bps,High,100,4.136464663692886,3.5782223631538717,1.1560110702698128,20.160369888015325
rv_20d,ALL,drift_5m_bps,Low,137,0.25825880183603234,0.11199443475465785,2.3059967435148945,5.911633089262345
rv_20d,ALL,drift_5m_bps,Mid,112,-0.47456811197631965,0.7953337269075611,-0.5966905412417862,5.860310205224358
rv_20d,ALL,drift_5m_bps,High,100,-0.4559082534768572,0.40864776495531124,-1.1156509164480912,6.605423278532373
rv_20d,ALL,drift_15m_bps,Low,137,0.2797890810801271,0.23839168448809622,1.173652854884282,7.112934606077074
rv_20d,ALL,drift_15m_bps,Mid,112,-0.6112104804453671,1.1905641377836524,-0.5133788773305343,9.645572084497504
rv_20d,ALL,drift_15m_bps,High,100,-0.46599335352524374,0.6988569001642347,-0.6667936646482749,7.5490205122331835
rv_20d,ALL,drift_30m_bps,Low,137,0.013020739836914205,0.6529098879695616,0.01994262926145365,9.131156030122739
rv_20d,ALL,drift_30m_bps,Mid,112,-0.601865239559132,1.1502509968331494,-0.5232468750004796,11.794639780020836
rv_20d,ALL,drift_30m_bps,High,100,-1.008451861182306,0.6855244150394455,-1.471066294734782,10.69395474082002
rv_20d,ALL,drift_60m_bps,Low,137,-0.02570885576940349,0.4689367918275737,-0.05482371231570276,10.185868880590567
rv_20d,ALL,drift_60m_bps,Mid,112,1.226798392336037,1.1866951981168863,1.0337940140676298,13.309389966513208
rv_20d,ALL,drift_60m_bps,High,100,-1.2839051656847227,1.0423475842914467,-1.2317437916426686,11.980997844331576
rv_pre_1d,CPI,ret_1m_bps,Low,62,14.635474525720987,4.2715605540275075,3.42625940580936,18.73188116870245
rv_pre_1d,CPI,ret_1m_bps,Mid,34,14.37351655885852,10.185083698355331,1.4112320511592389,21.96220483236017
rv_pre_1d,CPI,ret_1m_bps,High,26,11.80406108195572,4.303422817524453,2.7429470871156494,12.877217562573284
rv_pre_1d,CPI,ret_5m_bps,Low,62,15.511501654350994,4.528390601446281,3.4253895080068664,20.22427734162918
rv_pre_1d,CPI,ret_5m_bps,Mid,34,14.020618519975473,10.644236294756956,1.3172028628189723,23.44711664915423
rv_pre_1d,CPI,ret_5m_bps,High,26,11.616104685480806,4.735863947233475,2.452795269227809,16.047625930461198
rv_pre_1d,CPI,ret_15m_bps,Low,62,15.471724587149282,4.873940481957866,3.1743770044837065,21.13004373602215
rv_pre_1d,CPI,ret_15m_bps,Mid,34,14.730032822660664,10.691560658730731,1.3777252257959287,26.18092942530387
rv_pre_1d,CPI,ret_15m_bps,High,26,11.888292053017562,5.473464004304279,2.171986888681231,15.608225642835643
rv_pre_1d,CPI,ret_30m_bps,Low,62,16.525061510340617,4.744287974386472,3.483148914980783,22.12486313029433
rv_pre_1d,CPI,ret_30m_bps,Mid,34,14.772767385986585,10.901466901337285,1.3551173910526122,26.694974407076383
rv_pre_1d,CPI,ret_30m_bps,High,26,10.65864707952062,6.365109371258275,1.6745426445694498,17.765787244472357
rv_pre_1d,CPI,ret_60m_bps,Low,62,15.771418697333328,5.79303263125062,2.7224805557376155,23.859084356742862
rv_pre_1d,CPI,ret_60m_bps,Mid,34,16.85899396339627,10.747493593183325,1.5686442440951263,29.318090200394877
rv_pre_1d,CPI,ret_60m_bps,High,26,11.9206269903821,7.154164197181542,1.6662501253575304,17.18741355615791
rv_pre_1d,CPI,drift_5m_bps,Low,62,0.8760271286300073,0.88302864214935,0.9920710233109761,6.132145230862659
rv_pre_1d,CPI,drift_5m_bps,Mid,34,-0.3528980388830466,1.727871221558673,-0.2042386229250959,6.394021463075785
rv_pre_1d,CPI,drift_5m_bps,High,26,-0.18795639647491116,1.120721603774715,-0.16771015731458475,6.180762894513961
rv_pre_1d,CPI,drift_15m_bps,Low,62,0.8362500614282949,1.254399846037558,0.6666535108959641,8.500761437573884
rv_pre_1d,CPI,drift_15m_bps,Mid,34,0.3565162638021441,2.0998643115027424,0.16978061956155993,9.715912902128085
rv_pre_1d,CPI,drift_15m_bps,High,26,0.08423097106184316,2.0354301522860827,0.04138239328293313,7.551699425290848
rv_pre_1d,CPI,drift_30m_bps,Low,62,1.8895869846196298,1.3671633286800393,1.3821223441122992,9.951832135283277
rv_pre_1d,CPI,drift_30m_bps,Mid,34,0.3992508271280651,2.247855741912534,0.17761407891254272,11.319221375142101
rv_pre_1d,CPI,drift_30m_bps,High,26,-1.1454140024351027,3.0778567776117685,-0.3721466218853351,10.9101855639861
rv_pre_1d,CPI,drift_60m_bps,Low,62,1.1359441716123373,1.8964700266379118,0.5989781834971338,11.031598952059118
rv_pre_1d,CPI,drift_60m_bps,Mid,34,2.4854774045377495,2.163908968295172,1.1486053438264197,12.496444282015503
rv_pre_1d,CPI,drift_60m_bps,High,26,0.11656590842637958,3.5478283746284784,0.03285556574832517,10.6473253962768
rv_pre_1d,NFP,ret_1m_bps,Low,50,1.0837781290537212,9.139791454959635,0.11857799320635676,17.50899866498479
rv_pre_1d,NFP,ret_1m_bps,Mid,34,0.354623709046383,8.516909932802479,0.041637602351595436,24.812248737039535
rv_pre_1d,NFP,ret_1m_bps,High,36,2.3411595506055716,9.346522778815013,0.25048454981697404,19.141795820534703
rv_pre_1d,NFP,ret_5m_bps,Low,50,1.3347840687849164,8.8494604836419,0.15083225370091718,19.062342360091478
rv_pre_1d,NFP,ret_5m_bps,Mid,34,0.5511158957066818,6.753541613196998,0.08160398310565736,26.817330911521086
rv_pre_1d,NFP,ret_5m_bps,High,36,1.815516773730122,8.44488151179492,0.21498428026425234,20.56780938461881
rv_pre_1d,NFP,ret_15m_bps,Low,50,1.5073461641781696,7.2710892368583036,0.20730678926854493,20.0980715664393
rv_pre_1d,NFP,ret_15m_bps,Mid,34,0.5846508757579902,7.811682431137944,0.07484314434334,27.318596578723643
rv_pre_1d,NFP,ret_15m_bps,High,36,1.9480615095060332,6.002970518673033,0.32451625465198114,20.85436467209206
rv_pre_1d,NFP,ret_30m_bps,Low,50,1.625923249296415,7.598841264490743,0.2139698926064329,21.64902592182365
rv_pre_1d,NFP,ret_30m_bps,Mid,34,0.26599941620096573,6.535594325513132,0.040700111260360584,26.73300219960229
rv_pre_1d,NFP,ret_30m_bps,High,36,1.0123328989747773,5.242463843331005,0.19310250470541193,24.006274148144062
rv_pre_1d,NFP,ret_60m_bps,Low,50,1.5727225487870795,6.060093695366239,0.2595211605374416,21.8958568351729
rv_pre_1d,NFP,ret_60m_bps,Mid,34,0.28054408937557274,7.487703407422065,0.037467307946183866,27.983199241615285
rv_pre_1d,NFP,ret_60m_bps,High,36,0.7918572288808107,2.353806371290765,0.33641561962744504,25.051739457274802
rv_pre_1d,NFP,drift_5m_bps,Low,50,0.251005939731195,0.33921513424359695,0.7399609109154393,6.62693488682109
rv_pre_1d,NFP,drift_5m_bps,Mid,34,0.1964921866602988,1.763827978390079,0.1114009920852064,8.43148129856478
rv_pre_1d,NFP,drift_5m_bps,High,36,-0.5256427768754497,0.9893046191423299,-0.5313255055163411,8.90651980061922
rv_pre_1d,NFP,drift_15m_bps,Low,50,0.4235680351244481,1.879847710384088,0.2253203984475451,8.900768915032133
rv_pre_1d,NFP,drift_15m_bps,Mid,34,0.2300271667116069,0.7062660287124083,0.32569479114119193,10.00139993444857
rv_pre_1d,NFP,drift_15m_bps,High,36,-0.3930980410995391,3.4096194559291164,-0.11529088397708608,11.222898524073283
rv_pre_1d,NFP,drift_30m_bps,Low,50,0.5421451202426933,1.5703385923955306,0.3452409071954719,13.341362205722977
rv_pre_1d,NFP,drift_30m_bps,Mid,34,-0.08862429284541737,1.9820712037102308,-0.04471297129967981,13.259161736563593
rv_pre_1d,NFP,drift_30m_bps,High,36,-1.3288266516307945,4.184525370352348,-0.3175573175026309,15.29415298578011
rv_pre_1d,NFP,drift_60m_bps,Low,50,0.4889444197333581,3.107973032173524,0.15731938941291926,14.246519419490335
rv_pre_1d,NFP,drift_60m_bps,Mid,34,-0.07407961967081038,1.0314498707859352,-0.07182086281552766,16.2747968483514
rv_pre_1d,NFP,drift_60m_bps,High,36,-1.5493023217247615,7.231676345478248,-0.21423833807129575,16.06972899352435
rv_pre_1d,PCE,ret_1m_bps,Low,37,1.4895755041094612,1.3260849168824063,1.1232881734387097,4.8535860497430665
rv_pre_1d,PCE,ret_1m_bps,Mid,27,3.9748892103757996,2.1121435941763105,1.8819218642783229,5.318673514777941
rv_pre_1d,PCE,ret_1m_bps,High,43,1.6300220333090667,0.7221592073225926,2.2571505241238676,4.6929199447607735
rv_pre_1d,PCE,ret_5m_bps,Low,37,1.3953745137648839,1.3832490115075085,1.0087659576522383,6.688976837106619
rv_pre_1d,PCE,ret_5m_bps,Mid,27,4.978281222454837,2.5551081750802953,1.948364171430195,6.535631397136491
rv_pre_1d,PCE,ret_5m_bps,High,43,0.38102379830678584,0.8262735702595223,0.46113516397131155,5.212380053756703
rv_pre_1d,PCE,ret_15m_bps,Low,37,2.241392444341542,1.867068504850215,1.2004875228299976,7.217410062603236
rv_pre_1d,PCE,ret_15m_bps,Mid,27,5.458434624497166,3.6919535704496944,1.4784678410330896,7.016084241450623
rv_pre_1d,PCE,ret_15m_bps,High,43,-0.7586016076083145,1.6782920285004237,-0.4520081098675867,7.596741139958653
rv_pre_1d,PCE,ret_30m_bps,Low,37,2.1345764736062875,1.542951340326098,1.3834373241836333,7.592585480805448
rv_pre_1d,PCE,ret_30m_bps,Mid,27,3.895596079761875,3.4658292803124677,1.1240011450912148,7.917175154383426
rv_pre_1d,PCE,ret_30m_bps,High,43,-0.18478496627896512,1.4924104012043498,-0.12381645566785571,9.072644630346822
rv_pre_1d,PCE,ret_60m_bps,Low,37,2.3819800845912606,1.9394253708233835,1.2281885760729172,9.164835737914073
rv_pre_1d,PCE,ret_60m_bps,Mid,27,3.050796532944337,4.070655016407215,0.7494608412277072,8.360496871310282
rv_pre_1d,PCE,ret_60m_bps,High,43,-0.4320576546305965,1.5787158353590027,-0.2736766458875392,9.943515391124155
rv_pre_1d,PCE,drift_5m_bps,Low,37,-0.09420099034457742,0.6801502129944113,-0.13850027324089284,3.8943069009423383
rv_pre_1d,PCE,drift_5m_bps,Mid,27,1.0033920120790363,1.1583211492069099,0.8662468200343645,4.552483392266927
rv_pre_1d,PCE,drift_5m_bps,High,43,-1.2489982350022804,0.6144291467945626,-2.0327782975762525,3.787046663052549
rv_pre_1d,PCE,drift_15m_bps,Low,37,0.7518169402320809,0.8375248336400383,0.8976652512672908,4.523155292400443
rv_pre_1d,PCE,drift_15m_bps,Mid,27,1.4835454141213658,2.5491272587618936,0.5819816994314835,4.943288655556298
rv_pre_1d,PCE,drift_15m_bps,High,43,-2.388623640917381,1.5285545965055303,-1.5626681875662654,6.186274487250411
rv_pre_1d,PCE,drift_30m_bps,Low,37,0.6450009694968265,0.7976612617994998,0.8086151357554003,5.4337521154022435
rv_pre_1d,PCE,drift_30m_bps,Mid,27,-0.07929313061392425,1.892595013946449,-0.04189651247605361,6.149140409842998
rv_pre_1d,PCE,drift_30m_bps,High,43,-1.8148069995880318,1.288518233271503,-1.4084449507402776,7.448530828187892
rv_pre_1d,PCE,drift_60m_bps,Low,37,0.8924045804817995,1.1107166428144686,0.8034493642055426,7.320811071919384
rv_pre_1d,PCE,drift_60m_bps,Mid,27,-0.9240926774314625,2.630225343890215,-0.35133593384994544,6.787967149542213
rv_pre_1d,PCE,drift_60m_bps,High,43,-2.0620796879396632,1.4079409514952168,-1.4646066553783799,9.307496886515294
rv_pre_1d,ALL,ret_1m_bps,Low,149,2.895747039714845,6.349562641962362,0.4560545667472777,14.87522986274688
rv_pre_1d,ALL,ret_1m_bps,Mid,95,0.6954969554377303,10.57345901822763,0.06577761868077042,18.25195375009047
rv_pre_1d,ALL,ret_1m_bps,High,105,3.39699653162072,2.773966130308612,1.2245991378570993,11.673408226579696
rv_pre_1d,ALL,ret_5m_bps,Low,149,3.2256069351738974,6.291170371189358,0.5127196920219617,16.47325138361428
rv_pre_1d,ALL,ret_5m_bps,Mid,95,0.9013028279728051,10.040987731568812,0.08976236721603731,19.84687647142785
rv_pre_1d,ALL,ret_5m_bps,High,105,2.7520286147070716,2.5188923521284723,1.0925550718281385,13.160111946188634
rv_pre_1d,ALL,ret_15m_bps,Low,149,3.4137457490924428,6.099868443916043,0.5596425202411183,17.328929276990994
rv_pre_1d,ALL,ret_15m_bps,Mid,95,0.9437919884364327,10.7398699837041,0.08787741284284394,21.141243775327393
rv_pre_1d,ALL,ret_15m_bps,High,105,2.268545833873298,2.0930334220260205,1.083855522802586,14.126008227878694
rv_pre_1d,ALL,ret_30m_bps,Low,149,3.645263046552341,6.374330020557533,0.5718660682450054,18.356499818518337
rv_pre_1d,ALL,ret_30m_bps,Mid,95,0.6404820118914994,10.69784038986476,0.05987021572113736,21.371736145215024
rv_pre_1d,ALL,ret_30m_bps,High,105,1.6948373437154978,2.267059426087855,0.7475928174675991,16.3453338742322
rv_pre_1d,ALL,ret_60m_bps,Low,149,3.495617006087195,6.025659049670953,0.5801219380771441,19.55137579986257
rv_pre_1d,ALL,ret_60m_bps,Mid,95,0.6543730168053115,11.881746107513623,0.05507380909204142,22.883971121618135
rv_pre_1d,ALL,ret_60m_bps,High,105,1.8309152031394111,2.0604306028416293,0.8886080417434669,16.91720509276512
rv_pre_1d,ALL,drift_5m_bps,Low,149,0.32985989545905287,0.18506583524026893,1.782392168877629,5.74247720798259
rv_pre_1d,ALL,drift_5m_bps,Mid,95,0.2058058725350744,0.5335752360023608,0.38571106499808366,6.59983311038933
rv_pre_1d,ALL,drift_5m_bps,High,105,-0.6449679169136484,0.43232485271460214,-1.4918594498184492,6.135024329437281
rv_pre_1d,ALL,drift_15m_bps,Low,149,0.5179987093775982,0.322056864982308,1.6084076003349723,7.647264434228212
rv_pre_1d,ALL,drift_15m_bps,Mid,95,0.24829503299870231,0.17045085506228727,1.4566957314938005,8.461657159406592
rv_pre_1d,ALL,drift_15m_bps,High,105,-1.1284506977474216,1.1739505475276166,-0.961242106938815,8.25122223691398
rv_pre_1d,ALL,drift_30m_bps,Low,149,0.7495160068374961,0.25543937461103117,2.934222681913535,9.96731899962144
rv_pre_1d,ALL,drift_30m_bps,Mid,95,-0.055014943546231106,0.13264920470723887,-0.41474009337372875,10.54412438803952
rv_pre_1d,ALL,drift_30m_bps,High,105,-1.7021591879052222,1.0045721698061323,-1.6944120482988436,10.995630073940973
rv_pre_1d,ALL,drift_60m_bps,Low,149,0.5998699663723498,0.4665947226674286,1.285633842884063,11.188960507806708
rv_pre_1d,ALL,drift_60m_bps,Mid,95,-0.041123938632419185,1.3092736401730012,-0.03140973542168409,12.226287489159098
rv_pre_1d,ALL,drift_60m_bps,High,105,-1.5660813284813087,1.3351110806738968,-1.172997027101917,11.957743525621245
mom_20d,CPI,ret_1m_bps,Low,39,18.28488379924251,6.019253448920127,3.0377328275689863,18.558651331185654
mom_20d,CPI,ret_1m_bps,Mid,41,11.597792832191859,4.140133818375784,2.8013086873461956,14.837467286128392
mom_20d,CPI,ret_1m_bps,High,42,12.977957473482133,6.568154997999953,1.9758908669838042,21.685135541409494
mom_20d,CPI,ret_5m_bps,Low,39,22.507734065907385,7.7344301210193445,2.9100701297616767,23.664223659697935
mom_20d,CPI,ret_5m_bps,Mid,41,11.684861682638306,4.843588197350798,2.4124391270565373,15.60275170890513
mom_20d,CPI,ret_5m_bps,High,42,11.898203815209818,6.479336039695968,1.8363307200483032,21.56494982502176
mom_20d,CPI,ret_15m_bps,Low,39,23.202116230172958,7.940972264417741,2.9218231039715405,24.99656237438635
mom_20d,CPI,ret_15m_bps,Mid,41,9.497398794383328,5.498439517528755,1.7272898545316515,16.25532882670785
mom_20d,CPI,ret_15m_bps,High,42,13.191499163236875,6.859230688258357,1.9231747352976634,22.968899150270044
mom_20d,CPI,ret_30m_bps,Low,39,24.066495155123626,8.809243170880908,2.7319594530749027,26.471381376413458
mom_20d,CPI,ret_30m_bps,Mid,41,10.783229642934188,6.0814062472304675,1.7731473946252114,17.210270349066842
mom_20d,CPI,ret_30m_bps,High,42,12.821835694773176,6.743235184366562,1.9014368243449629,23.887527482934793
mom_20d,CPI,ret_60m_bps,Low,39,26.0413336324593,9.875110580473752,2.637067546762599,27.586655621884436
mom_20d,CPI,ret_60m_bps,Mid,41,11.233671821511207,6.850002462012268,1.6399515013037214,20.43419386962779
mom_20d,CPI,ret_60m_bps,High,42,13.4036988977562,5.947101456553817,2.253820452816569,24.03022694007992
mom_20d,CPI,drift_5m_bps,Low,39,4.222850266664877,1.935988169543117,2.181237640342321,6.159982895359516
mom_20d,CPI,drift_5m_bps,Mid,41,0.08706885044644554,1.7017272093772415,0.051164986941890034,5.959783271485329
mom_20d,CPI,drift_5m_bps,High,42,-1.0797536582723148,0.8947772106451142,-1.206729055486155,6.516645768226309
mom_20d,CPI,drift_15m_bps,Low,39,4.917232430930442,2.1821942123914346,2.253343173127436,7.955026577835548
mom_20d,CPI,drift_15m_bps,Mid,41,-2.1003940378085333,3.347378694380795,-0.6274742804972858,10.049021190157212
mom_20d,CPI,drift_15m_bps,High,42,0.2135416897547428,0.8975444572113104,0.23791767420437462,7.892298274463467
mom_20d,CPI,drift_30m_bps,Low,39,5.781611355881114,3.0298170887130293,1.9082377538298723,9.448120380064767
mom_20d,CPI,drift_30m_bps,Mid,41,-0.8145631892576722,3.05047975284243,-0.2670278956936738,10.965042334576077
mom_20d,CPI,drift_30m_bps,High,42,-0.1561217787089555,1.1235864903698802,-0.1389494979221055,11.130678887283045
mom_20d,CPI,drift_60m_bps,Low,39,7.756449833216794,4.07878724891604,1.901655899134752,11.22513408284125
mom_20d,CPI,drift_60m_bps,Mid,41,-0.364121010680652,3.101820250335389,-0.11738946208803713,10.776872592769408
mom_20d,CPI,drift_60m_bps,High,42,0.4257414242740684,1.641047719630019,0.25943268997080327,12.048492747262733
mom_20d,NFP,ret_1m_bps,Low,39,0.4263355825946849,7.2972251215827715,0.058424342882574046,18.102793290060838
mom_20d,NFP,ret_1m_bps,Mid,40,1.141665542804559,8.310800902355755,0.13737130226293182,16.201849786932506
mom_20d,NFP,ret_1m_bps,High,41,3.856156146907145,9.595510301325048,0.4018708777139916,25.709466098979515
mom_20d,NFP,ret_5m_bps,Low,39,0.6206591563728049,6.342971465072834,0.09784990517306041,20.62641793930362
mom_20d,NFP,ret_5m_bps,Mid,40,1.460987864153315,8.642199647872367,0.16905277865375365,17.901240274242223
mom_20d,NFP,ret_5m_bps,High,41,3.1462286836197486,8.349231628664297,0.37682853028274166,26.460185274147268
mom_20d,NFP,ret_15m_bps,Low,39,0.6044758377071867,4.084779006628787,0.14798250694254017,21.543299615711952
mom_20d,NFP,ret_15m_bps,Mid,40,1.7476953601195087,7.609666236611789,0.22966780746716056,18.908961078429208
mom_20d,NFP,ret_15m_bps,High,41,3.3576475933853507,7.607296920877736,0.4413719654047555,26.53526492790118
mom_20d,NFP,ret_30m_bps,Low,39,0.26903715397096745,4.81705756576165,0.05585093188074213,23.096242606387115
mom_20d,NFP,ret_30m_bps,Mid,40,1.8269945549709072,7.910940005223696,0.23094531797289816,20.75126153201934
mom_20d,NFP,ret_30m_bps,High,41,2.0177327053208476,6.547095345478926,0.30818746311892126,27.434032128804276
mom_20d,NFP,ret_60m_bps,Low,39,0.267882721938975,2.4586964510764773,0.10895314947141581,23.119029851461466
mom_20d,NFP,ret_60m_bps,Mid,40,2.017463094165985,7.306730649245575,0.27611023192353334,22.91110040999755
mom_20d,NFP,ret_60m_bps,High,41,2.194205165620312,4.788055114650508,0.4582664804560155,27.560928190940448
mom_20d,NFP,drift_5m_bps,Low,39,0.19432357377811993,0.954752970361414,0.20353282975863413,8.621170826250461
mom_20d,NFP,drift_5m_bps,Mid,40,0.3193223213487559,0.3809493482423121,0.8382277665576767,7.098617562378395
mom_20d,NFP,drift_5m_bps,High,41,-0.7099274632873962,1.3089551474758694,-0.5423619477385369,7.767840404771832
mom_20d,NFP,drift_15m_bps,Low,39,0.17814025511250176,3.2128894244089654,0.055445498297929115,10.346928879404897
mom_20d,NFP,drift_15m_bps,Mid,40,0.6060298173149495,0.7206881249312118,0.8409044028202821,7.559210149871154
mom_20d,NFP,drift_15m_bps,High,41,-0.49850855352179435,2.0964264855479393,-0.2377896658711121,11.785652636533145
mom_20d,NFP,drift_30m_bps,Low,39,-0.15729842862371732,2.480738701208122,-0.06340789884364396,12.851817682940665
mom_20d,NFP,drift_30m_bps,Mid,40,0.6853290121663483,0.5021223133821368,1.3648646831689062,12.839893739842179
mom_20d,NFP,drift_30m_bps,High,41,-1.838423441586298,3.1413481430469927,-0.5852339052758077,15.942743355829798
mom_20d,NFP,drift_60m_bps,Low,39,-0.15845286065570977,4.839335782502106,-0.03274268779377489,11.826192613944077
mom_20d,NFP,drift_60m_bps,Mid,40,0.8757975513614259,1.0781109510121938,0.8123445463003375,15.185882724559672
mom_20d,NFP,drift_60m_bps,High,41,-1.661950981286833,4.9997928180188,-0.33240396987997434,18.91518260144231
mom_20d,PCE,ret_1m_bps,Low,46,2.531343761345042,0.9593091889964392,2.638715223809284,5.141589833065003
mom_20d,PCE,ret_1m_bps,Mid,23,1.0392612592525228,0.7374213256709001,1.4093181510678594,4.105522950078358
mom_20d,PCE,ret_1m_bps,High,38,1.2103953604296314,1.3330055115458712,0.9080197718207105,5.106375426089966
mom_20d,PCE,ret_5m_bps,Low,46,2.3446856333340187,1.230779641925972,1.9050409622188447,5.824728319274141
mom_20d,PCE,ret_5m_bps,Mid,23,0.5619392109934588,1.5794444894264132,0.35578281779154586,5.0411696598079665
mom_20d,PCE,ret_5m_bps,High,38,0.31623040038672773,1.4755631512472889,0.21431166813797103,6.95268758276249
mom_20d,PCE,ret_15m_bps,Low,46,2.2126655941796525,2.574731792187083,0.8593771207136582,8.532785940295872
mom_20d,PCE,ret_15m_bps,Mid,23,0.18907854168495528,1.885387021966,0.1002863282085141,5.963214924113713
mom_20d,PCE,ret_15m_bps,High,38,-0.33551182886029607,1.8395382702637169,-0.18238915399797417,6.670426824881135
mom_20d,PCE,ret_30m_bps,Low,46,2.5967576338272456,1.7197747211885595,1.5099405764218883,9.179271524125337
mom_20d,PCE,ret_30m_bps,Mid,23,2.0912603158240857,1.810284817682907,1.155210658232673,6.838481236570329
mom_20d,PCE,ret_30m_bps,High,38,-1.4238120802587801,1.9945125720988155,-0.7138646806124215,8.033725066110115
mom_20d,PCE,ret_60m_bps,Low,46,3.305089764061865,2.250019248614732,1.4689162175375645,9.829766606650567
mom_20d,PCE,ret_60m_bps,Mid,23,-2.297074680289034,1.972352996392473,-1.1646366976350035,7.883065640232212
mom_20d,PCE,ret_60m_bps,High,38,-1.599429326704893,2.151440533236136,-0.7434225124963488,9.445361210928157
mom_20d,PCE,drift_5m_bps,Low,46,-0.1866581280110229,0.7937890387454278,-0.23514828109245928,3.6633697166057657
mom_20d,PCE,drift_5m_bps,Mid,23,-0.4773220482590642,1.6374727137552716,-0.29149923797167004,5.155749252748512
mom_20d,PCE,drift_5m_bps,High,38,-0.8941649600429034,0.5323832823109255,-1.6795511612640912,3.756636148954005
mom_20d,PCE,drift_15m_bps,Low,46,-0.3186781671653898,2.0815880780024463,-0.15309377034442034,5.276958878523105
mom_20d,PCE,drift_15m_bps,Mid,23,-0.8501827175675678,1.7927342751324158,-0.4742380002216286,5.994358678955606
mom_20d,PCE,drift_15m_bps,High,38,-1.5459071892899274,1.1321182507924887,-1.3654997507617108,4.900657485330586
mom_20d,PCE,drift_30m_bps,Low,46,0.0654138724822037,1.197861911939285,0.05460885919337861,5.902742838864667
mom_20d,PCE,drift_30m_bps,Mid,23,1.0519990565715627,1.22606984390201,0.8580253904814583,7.6358066789524655
mom_20d,PCE,drift_30m_bps,High,38,-2.634207440688411,1.427506673133512,-1.8453205790667702,6.321387388001103
mom_20d,PCE,drift_60m_bps,Low,46,0.773746002716823,1.6588600252429389,0.46643236375745956,6.956498374645602
mom_20d,PCE,drift_60m_bps,Mid,23,-3.3363359395415566,2.1427926219633724,-1.5570036527774576,9.327295542502682
mom_20d,PCE,drift_60m_bps,High,38,-2.8098246871345247,1.7945489884448171,-1.565755354257317,8.416862265988296
mom_20d,ALL,ret_1m_bps,Low,124,0.6282427897589512,7.1928976518385435,0.08734210052305819,13.437979617335507
mom_20d,ALL,ret_1m_bps,Mid,104,2.2418145706875854,6.856380404586002,0.3269676474175953,12.988819019811219
mom_20d,ALL,ret_1m_bps,High,121,6.101829558300807,3.8356928957902277,1.5908024245105032,17.84219891726263
mom_20d,ALL,ret_5m_bps,Low,124,0.8640351895388144,7.799266904273279,0.11078415447808343,16.090907460061864
mom_20d,ALL,ret_5m_bps,Mid,104,2.560917280903595,6.6123133027628205,0.3872952117730973,14.151051280869062
mom_20d,ALL,ret_5m_bps,High,121,5.242703924732236,3.4923554937733012,1.5011942323969367,18.634691049883692
mom_20d,ALL,ret_15m_bps,Low,124,0.8715894970865915,7.660099868983694,0.11378304617355203,17.80292557151164
mom_20d,ALL,ret_15m_bps,Mid,104,2.5350188051433475,5.347697574706509,0.47403929817075974,14.999816041219285
mom_20d,ALL,ret_15m_bps,High,121,5.584577823620628,3.600232800372434,1.5511713084339764,19.058808642155153
mom_20d,ALL,ret_30m_bps,Low,124,0.5826663062265275,8.363580187346809,0.06966709150562561,18.995030850314414
mom_20d,ALL,ret_30m_bps,Mid,104,2.811650536687542,6.099581425930066,0.4609579478248904,16.27842898109261
mom_20d,ALL,ret_30m_bps,High,121,4.650754019769852,3.5874267092027887,1.2964039119849669,20.110355570879516
mom_20d,ALL,ret_60m_bps,Low,124,0.5746952725172438,8.942375697409359,0.06426650947843035,19.594282236825936
mom_20d,ALL,ret_60m_bps,Mid,104,2.8020091867003716,5.762403366553502,0.4862570369446829,18.611119949807524
mom_20d,ALL,ret_60m_bps,High,121,4.914027571099554,3.3681433584798515,1.4589722134978864,20.646209201051114
mom_20d,ALL,drift_5m_bps,Low,124,0.23579239977986327,0.6066256025543676,0.3886951008776964,6.0079032427956
mom_20d,ALL,drift_5m_bps,Mid,104,0.3191027102160093,0.3488180617395569,0.9148113163195821,6.2199812446081735
mom_20d,ALL,drift_5m_bps,High,121,-0.8591256335685704,0.49953069301172187,-1.7198655569867263,6.073824401003324
mom_20d,ALL,drift_15m_bps,Low,124,0.24334670732764013,0.4681294815353839,0.5198277761304521,7.713841703584195
mom_20d,ALL,drift_15m_bps,Mid,104,0.2932042344557618,1.5669838379383807,0.1871137578812039,8.194697350069912
mom_20d,ALL,drift_15m_bps,High,121,-0.5172517346801795,0.5119432702221774,-1.010369243560323,8.272010496428816
mom_20d,ALL,drift_30m_bps,Low,124,-0.04557648353242385,1.1709796335781248,-0.03892167056155986,9.203417379395054
mom_20d,ALL,drift_30m_bps,Mid,104,0.5698359659999567,0.8677789052283899,0.6566603112459644,10.94986575891551
mom_20d,ALL,drift_30m_bps,High,121,-1.4510755385309557,0.6279847702671733,-2.3106858752539527,11.25085712065249
mom_20d,ALL,drift_60m_bps,Low,124,-0.05354751724170738,1.7496956567482203,-0.03060390361900111,9.83065053555101
mom_20d,ALL,drift_60m_bps,Mid,104,0.5601946160127862,1.1982175056720754,0.4675233113862539,12.152066180418215
mom_20d,ALL,drift_60m_bps,High,121,-1.1878019872012533,0.9458802720278078,-1.2557635700074452,13.234710315303513
dd_60d,CPI,ret_1m_bps,Low,43,12.138530144838526,9.499237573598634,1.2778425690263095,16.273544253415444
dd_60d,CPI,ret_1m_bps,Mid,44,10.025999655045796,3.287940183664377,3.0493254423722265,16.355996308295882
dd_60d,CPI,ret_1m_bps,High,35,19.820546591235104,7.212594613534509,2.74804666742834,23.52780036928058
dd_60d,CPI,ret_5m_bps,Low,43,13.88186560955521,11.755506957582153,1.1808819185464037,20.405020687068575
dd_60d,CPI,ret_5m_bps,Mid,44,10.754610966946267,3.527017324180129,3.0492084326368385,17.214600905446556
dd_60d,CPI,ret_5m_bps,High,35,18.21450290741808,6.833559203122144,2.665448906785817,23.81391731601847
dd_60d,CPI,ret_15m_bps,Low,43,14.249461864951693,11.570693059408278,1.2315132543737537,22.067717866543553
dd_60d,CPI,ret_15m_bps,Mid,44,10.209034829237204,3.7901570641257334,2.693565109970475,18.69944784949668
dd_60d,CPI,ret_15m_bps,High,35,19.364998803482674,8.15827899365879,2.3736622415750386,23.838303004805844
dd_60d,CPI,ret_30m_bps,Low,43,15.409455016831174,13.093082519928759,1.1769157487075106,24.042910220365524
dd_60d,CPI,ret_30m_bps,Mid,44,9.310502510385648,3.9323900994061622,2.3676446830113944,18.79001988550561
dd_60d,CPI,ret_30m_bps,High,35,19.527817997308937,6.8637816177826405,2.845052346466909,25.162145652490356
dd_60d,CPI,ret_60m_bps,Low,43,18.656436103854144,14.034812215455819,1.329297166036092,25.827311141752535
dd_60d,CPI,ret_60m_bps,Mid,44,8.801001491548387,4.615467313391473,1.9068494897608446,22.623137434464212
dd_60d,CPI,ret_60m_bps,High,35,17.949120484012273,7.964439697073731,2.253657654110569,23.341674947994406
dd_60d,CPI,drift_5m_bps,Low,43,1.743335464716685,2.4047197926492165,0.7249640769147986,6.6046604569254574
dd_60d,CPI,drift_5m_bps,Mid,44,0.7286113119004681,0.6033230708222075,1.207663600378348,4.581460690944451
dd_60d,CPI,drift_5m_bps,High,35,-1.6060436838170185,1.8770516511431317,-0.8556203995979182,7.79156855045926
dd_60d,CPI,drift_15m_bps,Low,43,2.110931720113168,2.706113601482586,0.7800602749850049,9.422379126032238
dd_60d,CPI,drift_15m_bps,Mid,44,0.1830351741914059,1.1465464093802007,0.1596404408002559,8.003727745821443
dd_60d,CPI,drift_15m_bps,High,35,-0.45554778775242694,1.8096161048737505,-0.25173725329119384,8.468745989256224
dd_60d,CPI,drift_30m_bps,Low,43,3.270924871992647,3.8021119815850266,0.8602915663281074,10.628223115906597
dd_60d,CPI,drift_30m_bps,Mid,44,-0.7154971446601498,1.5553257323396816,-0.46003041664065125,9.232886689692405
dd_60d,CPI,drift_30m_bps,High,35,-0.29272859392616585,2.33733858223273,-0.12524013258127903,12.064895299302387
dd_60d,CPI,drift_60m_bps,Low,43,6.517905959015613,4.608559914654368,1.4143042685177811,11.87423668636703
dd_60d,CPI,drift_60m_bps,Mid,44,-1.2249981634974105,1.7308684824628118,-0.7077361312596031,10.985971634977648
dd_60d,CPI,drift_60m_bps,High,35,-1.8714261072228333,2.0432558068810778,-0.9159039709665461,11.191250613331148
dd_60d,NFP,ret_1m_bps,Low,37,10.402267828547547,6.863892204481006,1.5155057099755378,18.33960178066291
dd_60d,NFP,ret_1m_bps,Mid,38,0.5266430253519885,13.428357882390051,0.03921872130341627,16.854361800702094
dd_60d,NFP,ret_1m_bps,High,45,0.9525511510942362,2.680558524657764,0.3553554762307798,24.203111678591682
dd_60d,NFP,ret_5m_bps,Low,37,11.691552416532728,8.255821793034922,1.4161585254173463,21.81527343718141
dd_60d,NFP,ret_5m_bps,Mid,38,0.7504436245429231,13.477360283439175,0.055681795897751546,17.757433476195523
dd_60d,NFP,ret_5m_bps,High,45,0.9823481419738502,1.8126844367148456,0.5419300359604643,24.96444261269836
dd_60d,NFP,ret_15m_bps,Low,37,9.415110219989723,6.916657645765754,1.3612225300399934,22.532228729701217
dd_60d,NFP,ret_15m_bps,Mid,38,0.7794083547943762,9.307513375830139,0.08373969752419085,16.715148903064392
dd_60d,NFP,ret_15m_bps,High,45,1.2419260949468407,2.170675174612083,0.5721381575061237,27.013885975077578
dd_60d,NFP,ret_30m_bps,Low,37,8.987208480277653,6.780360608952925,1.3254764751613302,24.28292296636001
dd_60d,NFP,ret_30m_bps,Mid,38,0.43088172324967833,9.313094263269827,0.046266225925474073,17.771224530798627
dd_60d,NFP,ret_30m_bps,High,45,1.0292083609598819,1.278956878538263,0.8047248333627776,28.484990184115073
dd_60d,NFP,ret_60m_bps,Low,37,6.770588839771933,6.529442926147565,1.0369320807842095,25.44836903592421
dd_60d,NFP,ret_60m_bps,Mid,38,0.4626553653395569,9.178542726850988,0.050406189643384336,21.018926296375643
dd_60d,NFP,ret_60m_bps,High,45,1.065012629794197,1.3470888652409532,0.7906030977427007,26.839452952088607
dd_60d,NFP,drift_5m_bps,Low,37,1.2892845879851822,2.4392900676711333,0.5285491074114456,8.948301353897547
dd_60d,NFP,drift_5m_bps,Mid,38,0.22380059919093456,0.05490899197892159,4.075846070473246,7.079728726141663
dd_60d,NFP,drift_5m_bps,High,45,0.029796990879614165,0.888752607404862,0.03352675494997503,7.522999547265702
dd_60d,NFP,drift_15m_bps,Low,37,-0.9871576085578211,1.8558433909554721,-0.5319185947309852,9.606148661282706
dd_60d,NFP,drift_15m_bps,Mid,38,0.2527653294423878,4.121039150896282,0.06133533805118401,9.366050777303657
dd_60d,NFP,drift_15m_bps,High,45,0.2893749438526045,0.5524070456506334,0.5238436876049876,10.617176897433268
dd_60d,NFP,drift_30m_bps,Low,37,-1.415059348269892,2.4788566433928905,-0.5708516271167078,13.848552304664794
dd_60d,NFP,drift_30m_bps,Mid,38,-0.0957613021023102,4.115696511658749,-0.023267338063203188,11.998145593164272
dd_60d,NFP,drift_30m_bps,High,45,0.07665720986564585,1.5005761426124866,0.051085185009130216,15.558736644545672
dd_60d,NFP,drift_60m_bps,Low,37,-3.6316789887756125,3.0739202861034984,-1.1814486553843362,15.252723845083164
dd_60d,NFP,drift_60m_bps,Mid,38,-0.06398766001243153,4.250451749774112,-0.015054319818083365,13.854989253039413
dd_60d,NFP,drift_60m_bps,High,45,0.11246147869996093,1.3816507801981424,0.08139645727542877,16.740865193372574
dd_60d,PCE,ret_1m_bps,Low,40,1.2916274664885232,0.5267945711638937,2.4518617639411446,4.576870653319798
dd_60d,PCE,ret_1m_bps,Mid,28,5.121103874021095,1.9040784894010805,2.689544523782691,6.160342590766365
dd_60d,PCE,ret_1m_bps,High,39,0.4846227319121501,1.1939600730739777,0.4058952580084501,4.344051479229768
dd_60d,PCE,ret_5m_bps,Low,40,0.6836167786064498,0.7386347282230621,0.9255139955997339,5.148604686340041
dd_60d,PCE,ret_5m_bps,Mid,28,5.344624601260764,2.1545823770989356,2.4805849421534307,7.325622345348836
dd_60d,PCE,ret_5m_bps,High,39,-0.3177746788603984,1.37628950599211,-0.23089232132982646,6.077562048302544
dd_60d,PCE,ret_15m_bps,Low,40,0.11286848609456146,2.082433873306129,0.054200273795666006,7.694296985607529
dd_60d,PCE,ret_15m_bps,Mid,28,6.821251619665957,3.2664469882866705,2.0882786844931673,9.22130059046606
dd_60d,PCE,ret_15m_bps,High,39,-1.623611781311583,1.233162109773354,-1.3166247717503992,5.568462048624558
dd_60d,PCE,ret_30m_bps,Low,40,1.7804662448892654,1.6523376133395118,1.077543856966855,8.640640174931935
dd_60d,PCE,ret_30m_bps,Mid,28,5.154430661276889,2.6784188894389485,1.9244303725608034,8.986860471320579
dd_60d,PCE,ret_30m_bps,High,39,-2.665545139283041,1.6316394484479757,-1.6336606361279888,7.373215663302921
dd_60d,PCE,ret_60m_bps,Low,40,0.7280880829294896,1.4433469274498538,0.5044442670591305,8.944116418887038
dd_60d,PCE,ret_60m_bps,Mid,28,6.43992559159631,3.3726966874400484,1.9094292159679371,10.745120694865788
dd_60d,PCE,ret_60m_bps,High,39,-2.8062359905220418,1.886986550543222,-1.487152088982398,8.558345216277266
dd_60d,PCE,drift_5m_bps,Low,40,-0.6080106878820735,0.843410150232823,-0.7208956255912173,4.058142874619142
dd_60d,PCE,drift_5m_bps,Mid,28,0.22352072723966876,0.9846420787496991,0.22700708416148122,3.3199544420765243
dd_60d,PCE,drift_5m_bps,High,39,-0.8023974107725486,0.5801271535317012,-1.383140585452188,4.476024976267303
dd_60d,PCE,drift_15m_bps,Low,40,-1.1787589803939618,2.1242700225202102,-0.5549007272604145,5.622902394966101
dd_60d,PCE,drift_15m_bps,Mid,28,1.7001477456448615,1.9657525382926992,0.8648839121538047,5.226665297936187
dd_60d,PCE,drift_15m_bps,High,39,-2.1082345132237332,0.9531140044972976,-2.2119436953774305,5.01468252127556
dd_60d,PCE,drift_30m_bps,Low,40,0.4888387784007422,1.607350908184209,0.30412698055645687,6.328212479335793
dd_60d,PCE,drift_30m_bps,Mid,28,0.03332678725579368,1.3694202351804199,0.024336420917135716,5.744139634031547
dd_60d,PCE,drift_30m_bps,High,39,-3.150167871195191,1.414256369216957,-2.2274376412668166,7.010206051830982
dd_60d,PCE,drift_60m_bps,Low,40,-0.5635393835590339,1.4076029809410555,-0.40035392876354853,7.629704619371847
dd_60d,PCE,drift_60m_bps,Mid,28,1.3188217175752155,2.010764935671553,0.6558806025403247,7.147454460602213
dd_60d,PCE,drift_60m_bps,High,39,-3.2908587224341916,1.8377204023010087,-1.7907287301777295,8.950014849925097
dd_60d,ALL,ret_1m_bps,Low,120,7.434670816074265,2.269344716565874,3.2761311059541947,13.011687457618196
dd_60d,ALL,ret_1m_bps,Mid,110,0.6595927915343738,8.711495425623312,0.0757152198684854,13.932901623028698
dd_60d,ALL,ret_1m_bps,High,119,2.5728113451247103,3.3831579848328626,0.7604762640878606,17.49605921135636
dd_60d,ALL,ret_5m_bps,Low,120,7.783695691491789,2.8016354002695825,2.778268610805966,15.754376618110522
dd_60d,ALL,ret_5m_bps,Mid,110,0.8937190684725506,8.936845487364533,0.1000038626309637,14.884930341862235
dd_60d,ALL,ret_5m_bps,High,119,2.373991485478152,2.611005120525631,0.9092251358742013,18.43623481946111
dd_60d,ALL,ret_15m_bps,Low,120,7.425473703065439,3.009261493655681,2.4675401983909677,17.41980175570516
dd_60d,ALL,ret_15m_bps,Mid,110,0.9103493267589982,8.439409656003136,0.10786883963044108,15.601343456612282
dd_60d,ALL,ret_15m_bps,High,119,2.624625767128208,2.708920826433172,0.9688824204522968,19.051558772630703
dd_60d,ALL,ret_30m_bps,Low,120,8.582628587257211,3.235646653239776,2.6525234387579464,18.98282413523596
dd_60d,ALL,ret_30m_bps,Mid,110,0.5903592416371313,7.724260267199607,0.07642922703472849,15.942722730268825
dd_60d,ALL,ret_30m_bps,High,119,2.355207620136413,2.191751867637974,1.074577672277562,20.58869804194248
dd_60d,ALL,ret_60m_bps,Low,120,9.539337907218503,3.2381565296837422,2.9459162396174134,20.082739084833637
dd_60d,ALL,ret_60m_bps,Mid,110,0.5693337209979308,7.853691903476136,0.07249249499409788,19.045460234863107
dd_60d,ALL,ret_60m_bps,High,119,2.296354621371981,2.050650604187626,1.1198175918816222,19.81940730637483
dd_60d,ALL,drift_5m_bps,Low,120,0.349024875417525,0.7535653953750857,0.463164680278078,6.478443872723079
dd_60d,ALL,drift_5m_bps,Mid,110,0.23412627693817656,0.2259308800646637,1.0362739120529574,5.123388057937107
dd_60d,ALL,drift_5m_bps,High,119,-0.19881985964655777,0.8217400478776535,-0.24194982362130107,6.603402125776937
dd_60d,ALL,drift_15m_bps,Low,120,-0.00919711300882542,1.3268629514354522,-0.0069314717084199414,8.21254915571242
dd_60d,ALL,drift_15m_bps,Mid,110,0.2507565352246244,0.2732340372757003,0.9177353514401446,7.767459806326325
dd_60d,ALL,drift_15m_bps,High,119,0.051814422003497215,0.7328590188420125,0.07070175937163053,8.149173851581612
dd_60d,ALL,drift_30m_bps,Low,120,1.147957771182946,1.2650357898969662,0.9074508249892631,10.187821070250106
dd_60d,ALL,drift_30m_bps,Mid,110,-0.0692335498972426,0.9878780792097112,-0.07008309158213986,9.300113242178103
dd_60d,ALL,drift_30m_bps,High,119,-0.21760372498829603,1.3373891180896613,-0.16270786268929954,11.729516979004597
dd_60d,ALL,drift_60m_bps,Low,120,2.1046670911442398,1.3084202071065065,1.6085559361686914,11.50109287130611
dd_60d,ALL,drift_60m_bps,Mid,110,-0.09025907053644289,0.8589253276662944,-0.10508372221561724,11.000009713194329
dd_60d,ALL,drift_60m_bps,High,119,-0.2764567237527289,1.429532585764441,-0.1933895921686136,12.55532171693643
overnight_ret,CPI,ret_1m_bps,Low,29,10.472061922674868,5.470443761493306,1.9142984334083044,11.634393134583416
overnight_ret,CPI,ret_1m_bps,Mid,54,13.088571683359921,6.153005613658264,2.127183445811635,21.83192813283575
overnight_ret,CPI,ret_1m_bps,High,39,17.573873267982147,6.575731903671533,2.672534939900735,18.630198290016768
overnight_ret,CPI,ret_5m_bps,Low,29,8.942657135839498,5.510684791487109,1.6227850937244843,14.42899442291563
overnight_ret,CPI,ret_5m_bps,Mid,54,13.79065740036737,6.986124436012652,1.9740068369349606,24.140054126120358
overnight_ret,CPI,ret_5m_bps,High,39,18.024287877190336,6.492642078973389,2.776109888386196,19.136966009466434
overnight_ret,CPI,ret_15m_bps,Low,29,9.969898975767329,5.358893426945264,1.8604398672377558,13.48364746239714
overnight_ret,CPI,ret_15m_bps,Mid,54,13.65160453410791,6.543302439336373,2.0863477824345327,24.23998264964591
overnight_ret,CPI,ret_15m_bps,High,39,18.717500132797124,7.912745348270049,2.365487489988453,23.231880495308594
overnight_ret,CPI,ret_30m_bps,Low,29,6.791265027871902,3.9817707422182194,1.7055891630989612,14.755137391209075
overnight_ret,CPI,ret_30m_bps,Mid,54,13.660914726929896,6.655756168068589,2.052496272695355,24.787017985664832
overnight_ret,CPI,ret_30m_bps,High,39,21.850003628405982,8.091550486421474,2.7003481798788416,24.997004018055456
overnight_ret,CPI,ret_60m_bps,Low,29,5.52422467655532,4.054874193274365,1.3623664787721648,14.946367039325038
overnight_ret,CPI,ret_60m_bps,Mid,54,15.838425012430717,6.783276896768498,2.334922376525131,26.77671121608146
overnight_ret,CPI,ret_60m_bps,High,39,21.156507553795773,10.044597046155255,2.1062574692226,26.758051271352915
overnight_ret,CPI,drift_5m_bps,Low,29,-1.5294047868353677,1.6258261531411062,-0.9406939259037924,5.722014435474997
overnight_ret,CPI,drift_5m_bps,Mid,54,0.7020857170074475,1.089773336679692,0.6442493070591666,5.7562890263271225
overnight_ret,CPI,drift_5m_bps,High,39,0.4504146092081828,2.310109121057743,0.19497546895185144,7.218244699102181
overnight_ret,CPI,drift_15m_bps,Low,29,-0.5021629469075399,1.588871063965108,-0.316050155545263,6.022867348876485
overnight_ret,CPI,drift_15m_bps,Mid,54,0.5630328507479851,1.6007942609836545,0.351720932833688,9.457214051214983
overnight_ret,CPI,drift_15m_bps,High,39,1.1436268648149732,2.1992939933794937,0.5199972665126256,9.445633871191552
overnight_ret,CPI,drift_30m_bps,Low,29,-3.680796894802966,3.143438349583418,-1.1709461059704769,9.454476166520317
overnight_ret,CPI,drift_30m_bps,Mid,54,0.5723430435699752,1.4705986965059963,0.389190501072664,10.067322009311173
overnight_ret,CPI,drift_30m_bps,High,39,4.276130360423829,2.7476808115510605,1.556268960516546,11.992737089080526
overnight_ret,CPI,drift_60m_bps,Low,29,-4.9478372461195494,2.847256654301138,-1.737755968941269,10.212196301809767
overnight_ret,CPI,drift_60m_bps,Mid,54,2.7498533290707945,1.427561286861357,1.9262593868152835,11.191985352387771
overnight_ret,CPI,drift_60m_bps,High,39,3.5826342858136244,4.015831556854074,0.8921276291329788,12.439687157383744
overnight_ret,NFP,ret_1m_bps,Low,41,0.33045010082269005,4.260489344483732,0.07756153674003205,22.464740423166443
overnight_ret,NFP,ret_1m_bps,Mid,43,0.8308789794155068,11.642713052598108,0.07136472192193155,17.422260857880943
overnight_ret,NFP,ret_1m_bps,High,36,2.08541542913049,9.293552294351564,0.22439379077879232,20.498874044698006
overnight_ret,NFP,ret_5m_bps,Low,41,0.5724694497466168,1.7816434161832473,0.32131539035628026,22.62312129412969
overnight_ret,NFP,ret_5m_bps,Mid,43,0.9900520445119912,11.647096223484999,0.08500419551060871,20.33279720817251
overnight_ret,NFP,ret_5m_bps,High,36,1.9748894367315806,9.874970999597812,0.1999893910384156,22.319145939773133
overnight_ret,NFP,ret_15m_bps,Low,41,0.6021962445604017,3.3635204166978463,0.17903748749996024,23.818213034247965
overnight_ret,NFP,ret_15m_bps,Mid,43,0.9436794298789677,8.341084825052937,0.11313629457940186,20.797844014395736
overnight_ret,NFP,ret_15m_bps,High,36,1.9580394083504378,8.841185911122892,0.22146796007163175,22.601082310297212
overnight_ret,NFP,ret_30m_bps,Low,41,0.27406540274218283,1.5976816609788353,0.17153943081143835,26.484858218345558
overnight_ret,NFP,ret_30m_bps,Mid,43,1.0289416803789484,9.603406641804135,0.10714340428946444,22.100633158932506
overnight_ret,NFP,ret_30m_bps,High,36,0.7281330168883652,8.147387760970199,0.08937011938678838,22.760911872905027
overnight_ret,NFP,ret_60m_bps,Low,41,0.274883812031287,0.3093861972419725,0.8884811749255218,25.369591911528538
overnight_ret,NFP,ret_60m_bps,Mid,43,1.1017109449180627,9.130456366129522,0.12066329444440325,22.874094443622912
overnight_ret,NFP,ret_60m_bps,High,36,0.5842549479468977,5.8312447873198305,0.10019386413298459,25.676247416305625
overnight_ret,NFP,drift_5m_bps,Low,41,0.24201934892392657,2.4801115882871465,0.09758405632509211,7.653245774507072
overnight_ret,NFP,drift_5m_bps,Mid,43,0.15917306509648463,0.11095179997135998,1.4346145365606688,7.304810939271979
overnight_ret,NFP,drift_5m_bps,High,36,-0.11052599239890953,0.7724485549648796,-0.14308524715142323,8.63227428252955
overnight_ret,NFP,drift_15m_bps,Low,41,0.27174614373771167,0.8979827825112273,0.30261843437328273,8.784726090577799
overnight_ret,NFP,drift_15m_bps,Mid,43,0.11280045046346131,3.3072323324260187,0.0341072047940208,9.511506182889537
overnight_ret,NFP,drift_15m_bps,High,36,-0.12737602078005314,0.7243654101566437,-0.17584497961119946,11.66505152254323
overnight_ret,NFP,drift_30m_bps,Low,41,-0.05638469808050717,2.665419886039711,-0.021154152250392237,13.093672305497138
overnight_ret,NFP,drift_30m_bps,Mid,43,0.19806270096344156,2.046848490186371,0.09676471019377084,13.082873205859375
overnight_ret,NFP,drift_30m_bps,High,36,-1.357282412242125,1.3708784377849643,-0.9900822529787487,15.807361234446091
overnight_ret,NFP,drift_60m_bps,Low,41,-0.05556628879140306,3.964896015869274,-0.014014563955524207,14.117510358033336
overnight_ret,NFP,drift_60m_bps,Mid,43,0.2708319655025557,2.5221415435553145,0.10738174714840938,14.819732123718627
overnight_ret,NFP,drift_60m_bps,High,36,-1.5011604811835928,3.654146915727301,-0.41081010583418487,17.447580599613147
overnight_ret,PCE,ret_1m_bps,Low,31,2.379083856317887,1.1327176913609236,2.1003325669430435,6.1046817319062345
overnight_ret,PCE,ret_1m_bps,Mid,44,0.9357277395001113,1.1573590201074904,0.8085025676934761,4.471335033602308
overnight_ret,PCE,ret_1m_bps,High,32,2.1065593764163477,1.2750775914394064,1.6521028920587495,4.343704724894259
overnight_ret,PCE,ret_5m_bps,Low,31,2.197625424938298,0.8244267339098535,2.665640662228447,5.95084109077088
overnight_ret,PCE,ret_5m_bps,Mid,44,0.5246103856604335,1.4188666282262945,0.36973904045952627,5.950130482060328
overnight_ret,PCE,ret_5m_bps,High,32,1.0219096678843458,1.8606541933580967,0.5492206297829098,6.306397436956768
overnight_ret,PCE,ret_15m_bps,Low,31,2.1698307948812143,1.021506674891505,2.1241474463313454,7.477737258205416
overnight_ret,PCE,ret_15m_bps,Mid,44,0.4212156325953245,2.0728914337202813,0.20320197466364942,5.880475103914722
overnight_ret,PCE,ret_15m_bps,High,32,0.5828153997592125,3.563524886657905,0.16355025383471167,9.143361133659155
overnight_ret,PCE,ret_30m_bps,Low,31,1.6299618119671846,1.0938548268122485,1.4901079850945838,8.936884053629834
overnight_ret,PCE,ret_30m_bps,Mid,44,0.4661109516083272,2.46529598324912,0.1890689616076117,7.046386759980857
overnight_ret,PCE,ret_30m_bps,High,32,1.2584151190214865,2.429333259868748,0.5180084345815428,9.30402149879328
overnight_ret,PCE,ret_60m_bps,Low,31,2.3851235023211728,1.3470042662440624,1.7706874150976255,9.585281124262993
overnight_ret,PCE,ret_60m_bps,Mid,44,-2.151693478107998,2.549053610209229,-0.8441146429758237,8.58230982323011
overnight_ret,PCE,ret_60m_bps,High,32,1.7042818724171265,2.787215703854459,0.6114639315716627,9.926192267883104
overnight_ret,PCE,drift_5m_bps,Low,31,-0.18145843137958895,0.5945544667484978,-0.305200686443329,4.471087922698955
overnight_ret,PCE,drift_5m_bps,Mid,44,-0.41111735383967773,0.8743468978209415,-0.47019936236323323,3.5378529747792147
overnight_ret,PCE,drift_5m_bps,High,32,-1.0846497085320017,0.9068495816691077,-1.1960635263630413,4.236879904480628
overnight_ret,PCE,drift_15m_bps,Low,31,-0.20925306143667244,0.9806378006973878,-0.21338465770732126,6.212105130892729
overnight_ret,PCE,drift_15m_bps,Mid,44,-0.5145121069047869,1.2044042395762204,-0.4271922083949341,3.4302857392654045
overnight_ret,PCE,drift_15m_bps,High,32,-1.5237439766571343,2.8741787942333272,-0.5301493350776688,6.978984715164117
overnight_ret,PCE,drift_30m_bps,Low,31,-0.7491220443507021,1.2678169948473441,-0.5908755343991131,7.248213832193658
overnight_ret,PCE,drift_30m_bps,Mid,44,-0.4696167878917843,1.5369231558041812,-0.3055564529158659,5.28351189172453
overnight_ret,PCE,drift_30m_bps,High,32,-0.8481442573948605,1.680293783043169,-0.5047595045306852,7.193540403557519
overnight_ret,PCE,drift_60m_bps,Low,31,0.006039646003286485,1.2999306977633116,0.0046461292234104695,8.069578438318976
overnight_ret,PCE,drift_60m_bps,Mid,44,-3.087421217608109,1.7855570893805328,-1.7291080951543445,7.055157818143659
overnight_ret,PCE,drift_60m_bps,High,32,-0.4022775039992206,2.1889695792040373,-0.18377482621092361,9.180737913518922
overnight_ret,ALL,ret_1m_bps,Low,101,0.561684091378075,4.908615301563459,0.11442821587570147,14.33363259348353
overnight_ret,ALL,ret_1m_bps,Mid,141,3.4025053082118273,6.844053461504798,0.4971476811730984,15.069645940003632
overnight_ret,ALL,ret_1m_bps,High,107,5.6852697249968225,4.940807112802192,1.1506763156702968,14.98631542164858
overnight_ret,ALL,ret_5m_bps,Low,101,0.7811842639142856,3.635089484265356,0.21490097212067982,15.153117674631368
overnight_ret,ALL,ret_5m_bps,Mid,141,3.710944814729866,6.871441625176871,0.5400533129951964,17.302687545904764
overnight_ret,ALL,ret_5m_bps,High,107,5.475387180700089,5.012158876271808,1.09242091399402,16.370426599847104
overnight_ret,ALL,ret_15m_bps,Low,101,0.8113714816270313,4.257420585243729,0.19057818352249592,15.835468968495562
overnight_ret,ALL,ret_15m_bps,Mid,141,3.6917853292613376,6.293090184978533,0.5866410969405058,17.46104439909322
overnight_ret,ALL,ret_15m_bps,High,107,5.40953432571313,4.9255774689934775,1.0982538311022743,18.806260362288114
overnight_ret,ALL,ret_30m_bps,Low,101,0.4735759286985152,2.92254407317407,0.16204235653636573,17.73090670257184
overnight_ret,ALL,ret_30m_bps,Mid,141,3.830732989655178,6.406279308629745,0.5979653407391853,18.431682372334443
overnight_ret,ALL,ret_30m_bps,High,107,5.538571688646816,5.853607268023389,0.946180950488851,19.551445533552606
overnight_ret,ALL,ret_60m_bps,Low,101,0.4529229862225126,2.609185613060239,0.1735878750654662,17.532095320448008
overnight_ret,ALL,ret_60m_bps,Mid,141,4.061698490967846,6.927807972011938,0.5862891274378479,19.90886595011566
overnight_ret,ALL,ret_60m_bps,High,107,5.671281898841704,5.497446471489681,1.031621122325347,21.36025288917781
overnight_ret,ALL,drift_5m_bps,Low,101,0.21950017253621074,1.273874038490721,0.17230916550923145,6.122031890962697
overnight_ret,ALL,drift_5m_bps,Mid,141,0.308439506518039,0.19814103349300222,1.5566664868987483,5.53625538085564
overnight_ret,ALL,drift_5m_bps,High,107,-0.20988254429673342,0.5023814988724464,-0.41777522613352075,6.802369854013355
overnight_ret,ALL,drift_15m_bps,Low,101,0.24968739024895642,0.6517478343943872,0.3831042883034192,7.202100810780024
overnight_ret,ALL,drift_15m_bps,Mid,141,0.2892800210495108,0.6566730476874995,0.44052367014029586,7.593027639415154
overnight_ret,ALL,drift_15m_bps,High,107,-0.2757353992836933,0.7698331269487567,-0.35817554432422777,9.454664361432508
overnight_ret,ALL,drift_30m_bps,Low,101,-0.08810816267955991,1.9866993922206546,-0.04434901577187078,10.254603981707676
overnight_ret,ALL,drift_30m_bps,Mid,141,0.4282276814433515,0.5563377159148487,0.7697261379073833,9.494138011281105
overnight_ret,ALL,drift_30m_bps,High,107,-0.14669803635000686,1.111674223800814,-0.13196135451305716,11.84088826007514
overnight_ret,ALL,drift_60m_bps,Low,101,-0.10876110515556259,2.300055989653365,-0.04728628591861091,11.139886623957805
overnight_ret,ALL,drift_60m_bps,Mid,141,0.6591931827560188,0.35699743272387585,1.8464927821088284,11.007394569838027
overnight_ret,ALL,drift_60m_bps,High,107,-0.013987826155119778,1.0018141354340282,-0.013962496295842003,13.149946859407894
prev_x,CPI,ret_1m_bps,Low,38,13.068910502384597,5.626530276930397,2.3227299701858986,22.295955137995843
prev_x,CPI,ret_1m_bps,Mid,47,13.177624583137353,3.9658689813630605,3.322758428244453,15.652887734431868
prev_x,CPI,ret_1m_bps,High,36,19.991523759185448,5.387406158901687,3.710788303226994,18.265050450777654
prev_x,CPI,ret_5m_bps,Low,38,13.627691368295318,6.380570359033874,2.135810844715578,24.374218493768804
prev_x,CPI,ret_5m_bps,Mid,47,14.738314174711011,4.797297520286642,3.072211826009571,19.423898892137053
prev_x,CPI,ret_5m_bps,High,36,18.52361775707461,5.451474007103273,3.3979099474634435,17.44413763658587
prev_x,CPI,ret_15m_bps,Low,38,14.091710653726967,6.26843800544234,2.248041799486947,25.03791590881818
prev_x,CPI,ret_15m_bps,Mid,47,15.341739515582233,5.102528328092597,3.006693648542116,20.154152959347247
prev_x,CPI,ret_15m_bps,High,36,19.15865327455162,5.879917215098891,3.2583202405221963,19.64839403286166
prev_x,CPI,ret_30m_bps,Low,38,14.276894970112986,6.671779311024748,2.139893168606642,26.97534600709966
prev_x,CPI,ret_30m_bps,Mid,47,15.65846549176817,5.53538623883186,2.828793658863559,21.682110270135464
prev_x,CPI,ret_30m_bps,High,36,17.726094948984656,6.523950440346696,2.7170799519505016,19.19701834464327
prev_x,CPI,ret_60m_bps,Low,38,15.113986444668587,6.274518147717028,2.408788386430563,29.04526914834285
prev_x,CPI,ret_60m_bps,Mid,47,15.544948961328945,5.215149701881517,2.980729192820803,22.42177774226513
prev_x,CPI,ret_60m_bps,High,36,20.467135491826106,7.413419543786686,2.760822501807545,21.22762458712864
prev_x,CPI,drift_5m_bps,Low,38,0.5587808659107203,1.1182978672476889,0.4996708679110423,5.987834011986302
prev_x,CPI,drift_5m_bps,Mid,47,1.5606895915736592,1.1492623737921277,1.3579924194542092,6.790910737472833
prev_x,CPI,drift_5m_bps,High,36,-1.4679060021108334,2.6090388933817126,-0.5626232732039511,5.776131221351616
prev_x,CPI,drift_15m_bps,Low,38,1.0228001513423735,1.6222287039425662,0.6304907248013933,9.258781443551914
prev_x,CPI,drift_15m_bps,Mid,47,2.164114932444882,1.6246753330257222,1.332029168199736,7.824796080821415
prev_x,CPI,drift_15m_bps,High,36,-0.832870484633827,2.0890309244163205,-0.3986874846606364,9.21410843914863
prev_x,CPI,drift_30m_bps,Low,38,1.2079844677283913,1.9727899448398187,0.6123229038591201,10.911966050856735
prev_x,CPI,drift_30m_bps,Mid,47,2.480840908630818,1.8998765913957318,1.3057905549582483,9.378851393493086
prev_x,CPI,drift_30m_bps,High,36,-2.265428810200789,2.903200865081128,-0.7803210716312194,11.71054664113664
prev_x,CPI,drift_60m_bps,Low,38,2.0450759422839924,2.2099161977589854,0.925408820641184,14.04659159255677
prev_x,CPI,drift_60m_bps,Mid,47,2.3673243781915914,1.6707145180466214,1.4169532571964703,9.881376750172382
prev_x,CPI,drift_60m_bps,High,36,0.4756117326406637,2.789329665208921,0.17051112264460155,10.72946881886194
prev_x,NFP,ret_1m_bps,Low,22,0.5173667622774881,1.9971656723377362,0.25905049813513786,13.923596953659962
prev_x,NFP,ret_1m_bps,Mid,77,14.418191943500892,8.319350113074917,1.7330911366310777,23.817638474532007
prev_x,NFP,ret_1m_bps,High,19,1.076893864218032,13.131221150714836,0.08201018411447651,13.085254543291288
prev_x,NFP,ret_5m_bps,Low,22,0.7181045169256846,1.6197198754772806,0.44335105582011936,14.467640727870789
prev_x,NFP,ret_5m_bps,Mid,77,12.324056817753467,8.607869221568942,1.4317198020240347,25.943139209721725
prev_x,NFP,ret_5m_bps,High,19,1.3978476575442569,11.879421140765386,0.1176696777545336,14.188305529932594
prev_x,NFP,ret_15m_bps,Low,22,0.6929314939676093,1.5436843900248631,0.44888158385565374,14.518619652248027
prev_x,NFP,ret_15m_bps,Mid,77,11.241885945811736,8.206052751061558,1.3699504849463044,26.96902855552502
prev_x,NFP,ret_15m_bps,High,19,1.6141098549802206,12.805845238579204,0.1260447729071029,14.492360048488203
prev_x,NFP,ret_30m_bps,Low,22,0.3380923119595333,1.336501979134792,0.25296805933531297,14.996048556988582
prev_x,NFP,ret_30m_bps,Mid,77,9.539627948645691,7.61460882129571,1.2528060432948698,28.849657025005826
prev_x,NFP,ret_30m_bps,High,19,1.7321755082317214,12.019148057949858,0.14411799404417885,15.60822071853847
prev_x,NFP,ret_60m_bps,Low,22,0.3504447892414931,1.1055999916008206,0.3169724962950452,15.432786539910444
prev_x,NFP,ret_60m_bps,Mid,77,6.666619113964105,7.231372743923806,0.921902292972764,29.426798685768247
prev_x,NFP,ret_60m_bps,High,19,1.9506029030686456,14.34567205242512,0.13597152478742872,17.70461788643514
prev_x,NFP,drift_5m_bps,Low,22,0.2007377546481965,0.37850315534255863,0.5303463176324693,5.207901942871099
prev_x,NFP,drift_5m_bps,Mid,77,-2.0941351257474206,1.8425954854562991,-1.1365137613092708,8.901029529269222
prev_x,NFP,drift_5m_bps,High,19,0.3209537933262252,1.2686425811008126,0.25298992648325797,6.5358051538096165
prev_x,NFP,drift_15m_bps,Low,22,0.1755647316901213,0.45572931881830353,0.3852390540625232,9.147929189157189
prev_x,NFP,drift_15m_bps,Mid,77,-3.1763059976891523,3.705311376783521,-0.8572305198399861,10.731917143511483
prev_x,NFP,drift_15m_bps,High,19,0.5372159907621886,0.38116140436709106,1.409418646817671,7.4428952053931665
prev_x,NFP,drift_30m_bps,Low,22,-0.1792744503179548,0.6626691724173602,-0.2705338618121875,11.532729332130808
prev_x,NFP,drift_30m_bps,Mid,77,-4.878563994855199,4.086261624421801,-1.1938941857511405,15.448723384232126
prev_x,NFP,drift_30m_bps,High,19,0.6552816440136893,1.172359012330127,0.5589428128430398,10.950505022268311
prev_x,NFP,drift_60m_bps,Low,22,-0.16692197303599499,0.8938882848506493,-0.1867369512107257,12.74242538211209
prev_x,NFP,drift_60m_bps,Mid,77,-7.751572829536786,5.015365391318058,-1.5455649239346132,17.143917374235805
prev_x,NFP,drift_60m_bps,High,19,0.8737090388506132,1.2529094148406565,0.6973441403676661,11.629706250612397
prev_x,PCE,ret_1m_bps,Low,19,2.9776789037006424,4.3637673133931685,0.6823642714774508,6.565420404017343
prev_x,PCE,ret_1m_bps,Mid,64,2.002914644195706,0.9344325571704153,2.143455542966948,4.880944316053154
prev_x,PCE,ret_1m_bps,High,23,0.8204850494423193,0.8881737523023312,0.923788895264526,3.767513156160587
prev_x,PCE,ret_5m_bps,Low,19,1.8285862350901898,3.678915989630287,0.497044846972424,7.031723002321437
prev_x,PCE,ret_5m_bps,Mid,64,2.109739201173096,1.2127970340558387,1.7395649411490572,6.141260483360917
prev_x,PCE,ret_5m_bps,High,23,-0.3760928041502783,1.7345729978455702,-0.21682154894455588,5.070425214987148
prev_x,PCE,ret_15m_bps,Low,19,0.8804444927400145,5.206820065333808,0.16909447257489765,9.338689201137237
prev_x,PCE,ret_15m_bps,Mid,64,3.333033390639582,1.7633085752791733,1.8902156079583996,7.800333967803718
prev_x,PCE,ret_15m_bps,High,23,-1.7398421249091593,2.524109046468637,-0.689289603927093,4.5772083781804165
prev_x,PCE,ret_30m_bps,Low,19,-1.4543922420515176,6.017404447437673,-0.24169760479883085,10.452192677016658
prev_x,PCE,ret_30m_bps,Mid,64,2.834828238915653,1.5278855471409263,1.8553930588716927,9.02100488277574
prev_x,PCE,ret_30m_bps,High,23,-0.2092778281130613,1.7514801483058804,-0.1194862689796886,4.733788595743635
prev_x,PCE,ret_60m_bps,Low,19,0.110442368052467,8.17475230208179,0.013510179143206779,10.851881073549231
prev_x,PCE,ret_60m_bps,Mid,64,2.765247913981031,1.722054840184524,1.6057838864671263,10.08615477494909
prev_x,PCE,ret_60m_bps,High,23,-0.9115516624015503,1.4917536991862996,-0.6110604337021389,5.697833846644066
prev_x,PCE,drift_5m_bps,Low,19,-1.1490926686104528,1.6008565588977428,-0.7177986448715002,3.9135862894451297
prev_x,PCE,drift_5m_bps,Mid,64,0.1068245569773898,0.6055470567490865,0.176410001149842,4.226076786226496
prev_x,PCE,drift_5m_bps,High,23,-1.1965778535925975,1.033340543715311,-1.157970487919091,3.434470202927642
prev_x,PCE,drift_15m_bps,Low,19,-2.0972344109606285,1.691592648886412,-1.2397987259765249,6.839339816912507
prev_x,PCE,drift_15m_bps,Mid,64,1.3301187464438762,1.026018302764424,1.2963889073519521,5.163994225169526
prev_x,PCE,drift_15m_bps,High,23,-2.560327174351478,2.1017204956846043,-1.2182053606121823,4.520869620657255
prev_x,PCE,drift_30m_bps,Low,19,-4.43207114575216,2.736707453650368,-1.6194902892672818,8.606716146056852
prev_x,PCE,drift_30m_bps,Mid,64,0.8319135947199467,0.8436724827280698,0.9860622596459471,6.098998426490725
prev_x,PCE,drift_30m_bps,High,23,-1.02976287755538,1.3876951297315183,-0.7420670833907239,5.751858217758717
prev_x,PCE,drift_60m_bps,Low,19,-2.867236535648176,4.37443327476901,-0.6554532565820379,9.737556047602538
prev_x,PCE,drift_60m_bps,Mid,64,0.7623332697853242,1.216957525489133,0.6264255356643765,8.221822504186349
prev_x,PCE,drift_60m_bps,High,23,-1.7320367118438698,1.227019856746947,-1.411580018302079,5.856948188507832
prev_x,ALL,ret_1m_bps,Low,79,0.7985178348294932,5.513301706601322,0.14483477910766107,16.18111918861634
prev_x,ALL,ret_1m_bps,Mid,188,7.078262584328341,1.5817998631321126,4.474815524583947,15.329916607897154
prev_x,ALL,ret_1m_bps,High,78,2.6842697292790367,7.42117482728406,0.36170414951151386,12.728390450541328
prev_x,ALL,ret_5m_bps,Low,79,1.0118843032299316,5.2455394887886,0.19290376240473509,17.444444757221248
prev_x,ALL,ret_5m_bps,Mid,188,7.171560633405298,1.825000758088139,3.9296206325515097,17.57226403198996
prev_x,ALL,ret_5m_bps,High,78,2.581448276568069,6.0275988881588365,0.42827141030225163,13.002391537570704
prev_x,ALL,ret_15m_bps,Low,79,1.0111865797088921,5.040857839733255,0.2005981148165846,18.332728249445
prev_x,ALL,ret_15m_bps,Mid,188,7.888972637004701,2.0931258514325637,3.7689910674054223,18.739796605341414
prev_x,ALL,ret_15m_bps,High,78,2.7138188822901506,5.54724986678545,0.48921879263801193,13.948369471826222
prev_x,ALL,ret_30m_bps,Low,79,0.6702563759718078,5.106748332429923,0.13124914962333428,19.66541616945382
prev_x,ALL,ret_30m_bps,Mid,188,7.381369468104776,2.066528545859029,3.5718691052663085,20.307590883614164
prev_x,ALL,ret_30m_bps,High,78,2.8707163171007046,5.560030385083848,0.5163130627491009,14.058025535403749
prev_x,ALL,ret_60m_bps,Low,79,0.6804129039147104,5.406898586495177,0.12584162492231302,20.87882622674043
prev_x,ALL,ret_60m_bps,Mid,188,6.986861960679263,1.9913365872474553,3.5086293323907243,21.09149445897531
prev_x,ALL,ret_60m_bps,High,78,3.0460130670155388,6.294780400221286,0.48389504849263043,15.790159018611698
prev_x,ALL,drift_5m_bps,Low,79,0.2133664684004381,0.2697116378893952,0.7910910707084008,5.271768034153179
prev_x,ALL,drift_5m_bps,Mid,188,0.09329804907695781,0.5253035884101819,0.177607865499876,6.782026557092813
prev_x,ALL,drift_5m_bps,High,78,-0.10282145271096794,1.4195402399851875,-0.07243292568588323,5.270690212286879
prev_x,ALL,drift_15m_bps,Low,79,0.21266874487939905,0.47484267943817865,0.44787200916948555,8.64602017136416
prev_x,ALL,drift_15m_bps,Mid,188,0.8107100526763616,0.8768772125229871,0.9245422746746417,8.109673756701278
prev_x,ALL,drift_15m_bps,High,78,0.02954915301111355,1.90904197068855,0.015478524550435007,7.398755307524842
prev_x,ALL,drift_30m_bps,Low,79,-0.1282614588576854,0.4103545231909798,-0.3125625565433143,10.530409645753341
prev_x,ALL,drift_30m_bps,Mid,188,0.3031068837764349,0.895732500810391,0.33838995850011777,10.748370294550293
prev_x,ALL,drift_30m_bps,High,78,0.18644658782166817,1.9030063842106961,0.09797475687345107,9.768359147595735
prev_x,ALL,drift_60m_bps,Low,79,-0.11810493091478277,0.1211328352004408,-0.9750034391529953,12.647055744659133
prev_x,ALL,drift_60m_bps,Mid,188,-0.09140062364907711,1.0304563973303051,-0.08869916658858815,12.29097332628822
prev_x,ALL,drift_60m_bps,High,78,0.36174333773650197,1.189584406348563,0.3040921987594604,9.511988520209558
mom_5d,CPI,ret_1m_bps,Low,51,13.571546892444148,3.6185209070151605,3.7505785488576944,15.896224228485226
mom_5d,CPI,ret_1m_bps,Mid,43,14.063312607681036,12.301171448971706,1.1432498657562107,22.36290282766762
mom_5d,CPI,ret_1m_bps,High,28,13.028001809355656,5.940117518736461,2.193222906493419,16.806678433723174
mom_5d,CPI,ret_5m_bps,Low,51,14.277219841426598,4.049589052817037,3.525597203868096,17.92749998410651
mom_5d,CPI,ret_5m_bps,Mid,43,13.845792442729762,12.779124836248265,1.0834695348977161,23.8715931551698
mom_5d,CPI,ret_5m_bps,High,28,13.872536057296177,7.239185498683698,1.9163117259280926,18.841586806518215
mom_5d,CPI,ret_15m_bps,Low,51,13.133749541054135,4.363281438229298,3.0100624328244248,18.274144206750282
mom_5d,CPI,ret_15m_bps,Mid,43,15.41601929852056,14.020140044354605,1.099562433024913,26.45880406660467
mom_5d,CPI,ret_15m_bps,High,28,14.243944119480368,8.266099664745068,1.7231759472040746,19.15422319282735
mom_5d,CPI,ret_30m_bps,Low,51,14.290032331098839,4.973494815959603,2.8732376045196846,20.002291075787188
mom_5d,CPI,ret_30m_bps,Mid,43,14.07335934490522,12.586141179576687,1.1181631561341308,25.785286341117775
mom_5d,CPI,ret_30m_bps,High,28,16.168126211718626,7.843466502712052,2.061349558403563,21.871319812211286
mom_5d,CPI,ret_60m_bps,Low,51,16.13307894000882,5.910436848958008,2.7295916278765473,21.5938842489926
mom_5d,CPI,ret_60m_bps,Mid,43,15.482077111357285,11.987086700024662,1.2915629542685656,28.599472028120882
mom_5d,CPI,ret_60m_bps,High,28,14.591199665790302,8.759950454295165,1.6656714831801325,21.13877341013458
mom_5d,CPI,drift_5m_bps,Low,51,0.7056729489824499,1.08275046182765,0.651741074107967,4.8138534878226205
mom_5d,CPI,drift_5m_bps,Mid,43,-0.21752016495127105,1.2611596116215718,-0.17247631699177896,7.820367966566556
mom_5d,CPI,drift_5m_bps,High,28,0.8445342479405223,1.7304814852629034,0.4880342581719194,6.303829245503894
mom_5d,CPI,drift_15m_bps,Low,51,-0.4377973513900144,2.111480176202427,-0.20734144526869708,7.430214584885364
mom_5d,CPI,drift_15m_bps,Mid,43,1.3527066908395229,1.9905873333442756,0.679551541487464,9.464445144594269
mom_5d,CPI,drift_15m_bps,High,28,1.2159423101247089,2.9562877846084303,0.4113071523196664,9.565012421885374
mom_5d,CPI,drift_30m_bps,Low,51,0.7184854386546885,2.113953786808452,0.33987755226164335,9.421702030811133
mom_5d,CPI,drift_30m_bps,Mid,43,0.010046737224186324,1.2937892992209545,0.007765358107565035,10.705833998501008
mom_5d,CPI,drift_30m_bps,High,28,3.1401244023629697,3.166429958209704,0.9916923613678771,12.309795653540068
mom_5d,CPI,drift_60m_bps,Low,51,2.5615320475646652,2.638779712397448,0.9707259895663667,10.42746770578225
mom_5d,CPI,drift_60m_bps,Mid,43,1.4187645036762468,1.4059308119463039,1.0091282526998442,12.521696864632164
mom_5d,CPI,drift_60m_bps,High,28,1.563197856434645,3.4392500540030047,0.4545170696777953,11.26553152661826
mom_5d,NFP,ret_1m_bps,Low,36,0.4441986727349038,8.180643608910042,0.05429874395837263,16.78578936427533
mom_5d,NFP,ret_1m_bps,Mid,33,0.7479027745928063,10.42232530591383,0.07175968439292829,19.155295432895514
mom_5d,NFP,ret_1m_bps,High,51,3.501607700868856,8.244349263566207,0.4247282094589704,22.975644577419
mom_5d,NFP,ret_5m_bps,Low,36,0.660246980160459,6.827285850106992,0.09670709483331684,18.778506347727486
mom_5d,NFP,ret_5m_bps,Mid,33,1.0690624658937955,11.638956129246695,0.09185209171872599,21.853122420745823
mom_5d,NFP,ret_5m_bps,High,51,2.7919733925882224,7.024735868058207,0.3974488785099312,23.689573302740516
mom_5d,NFP,ret_15m_bps,Low,36,0.666781865481087,2.357958732665728,0.28277927694149013,18.952107466083177
mom_5d,NFP,ret_15m_bps,Mid,33,1.349856915373441,11.087331079301524,0.12174768713215686,23.276096138254683
mom_5d,NFP,ret_15m_bps,High,51,3.07896175479604,6.660481086142478,0.4622731774138659,24.19815585985263
mom_5d,NFP,ret_30m_bps,Low,36,0.35030559469764005,3.0412107586795125,0.11518622762262685,19.716823317133475
mom_5d,NFP,ret_30m_bps,Mid,33,1.530283852003474,11.834878059663215,0.12930288291006029,26.47924872671538
mom_5d,NFP,ret_30m_bps,High,51,1.8379511395014267,5.467439311814283,0.33616306184321076,24.9407528002438
mom_5d,NFP,ret_60m_bps,Low,36,0.3525214663669645,0.9941915849459233,0.3545810201020149,19.97632025925696
mom_5d,NFP,ret_60m_bps,Mid,33,1.6541420438414731,11.67755023709491,0.14165146030260053,28.845256817661244
mom_5d,NFP,ret_60m_bps,High,51,1.784575207691372,3.9227920302517316,0.4549247561250024,25.040063374889915
mom_5d,NFP,drift_5m_bps,Low,36,0.21604830742555534,1.3536611368540472,0.15960294754982673,8.281094655667358
mom_5d,NFP,drift_5m_bps,Mid,33,0.3211596913009896,1.2322628376648876,0.26062596508191427,8.007285883515827
mom_5d,NFP,drift_5m_bps,High,51,-0.7096343082806338,1.275483765644588,-0.5563648298745751,7.378274108911797
mom_5d,NFP,drift_15m_bps,Low,36,0.2225831927461831,5.823390194313367,0.03822227007277292,10.538107203588657
mom_5d,NFP,drift_15m_bps,Mid,33,0.6019541407806346,0.6840195812216532,0.8800247204993015,8.805179088833809
mom_5d,NFP,drift_15m_bps,High,51,-0.42264594607281647,1.684814399845597,-0.2508560860540778,10.179757277035074
mom_5d,NFP,drift_30m_bps,Low,36,-0.09389307803726374,5.140127208089018,-0.018266683729053282,13.476334710848588
mom_5d,NFP,drift_30m_bps,Mid,33,0.7823810774106681,1.440104989441989,0.5432805824204696,13.7892107946252
mom_5d,NFP,drift_30m_bps,High,51,-1.6636565613674295,2.857019550454877,-0.5823049272107894,14.279943353023809
mom_5d,NFP,drift_60m_bps,Low,36,-0.09167720636793933,7.188444006149827,-0.012753414548337309,13.251415171169096
mom_5d,NFP,drift_60m_bps,Mid,33,0.9062392692486668,1.297809708569684,0.6982836260698289,15.855867001811934
mom_5d,NFP,drift_60m_bps,High,51,-1.7170324931774845,4.47572813731432,-0.38363199025930944,16.546759811048226
mom_5d,PCE,ret_1m_bps,Low,27,3.666158629167782,2.586218370059502,1.4175750476489863,5.566660789028656
mom_5d,PCE,ret_1m_bps,Mid,45,1.5305820841295619,0.87295729906213,1.7533298430220554,5.015707299374246
mom_5d,PCE,ret_1m_bps,High,35,1.8093434580638734,0.887504571985861,2.0386863517957163,4.2564501882456085
mom_5d,PCE,ret_5m_bps,Low,27,4.478951965073406,3.195138633763243,1.4018020744840374,6.808910522430332
mom_5d,PCE,ret_5m_bps,Mid,45,0.6137218328533458,0.9703623495232708,0.6324666586197013,6.047896654944652
mom_5d,PCE,ret_5m_bps,High,35,1.3260865407369424,1.0672207196719765,1.2425607152234934,5.488302840829717
mom_5d,PCE,ret_15m_bps,Low,27,5.55252780544866,4.7798857437282445,1.161644462471558,8.688512868366857
mom_5d,PCE,ret_15m_bps,Mid,45,0.3067626409138083,1.8495363011188741,0.1658592160252452,7.850952646080993
mom_5d,PCE,ret_15m_bps,High,35,0.6515621349449061,1.3693995981007727,0.4758013189492395,5.578731409547392
mom_5d,PCE,ret_30m_bps,Low,27,5.870534724675374,4.047033501750029,1.4505772492708109,9.585280282332427
mom_5d,PCE,ret_30m_bps,Mid,45,0.48482813896606075,1.1011754948227472,0.4402823539440478,8.482707183957396
mom_5d,PCE,ret_30m_bps,High,35,0.4454034250770779,1.6624208254502846,0.2679245942172528,6.979677718914548
mom_5d,PCE,ret_60m_bps,Low,27,7.017006844226584,4.077369397558653,1.720964219829593,10.46031386131245
mom_5d,PCE,ret_60m_bps,Mid,45,1.165458571584907,1.5707233961728841,0.7419884203829794,9.32835047740907
mom_5d,PCE,ret_60m_bps,High,35,-2.0401117411914087,1.856921777137157,-1.0986524937720739,8.2914072545055
mom_5d,PCE,drift_5m_bps,Low,27,0.8127933359056244,0.9536933974547094,0.8522585330619569,4.146924853502522
mom_5d,PCE,drift_5m_bps,Mid,45,-0.9168602512762161,0.6299527539229827,-1.4554428813375906,3.5496380307132744
mom_5d,PCE,drift_5m_bps,High,35,-0.4832569173269313,0.8006363862798976,-0.6035910003695331,4.518535171733364
mom_5d,PCE,drift_15m_bps,Low,27,1.886369176280878,2.8480276281374595,0.6623423023162586,6.153684181977837
mom_5d,PCE,drift_15m_bps,Mid,45,-1.2238194432157532,1.5997627344927248,-0.7650005946686957,4.956133440456079
mom_5d,PCE,drift_15m_bps,High,35,-1.1577813231189675,1.1927735144393146,-0.9706631720970131,5.075996135333685
mom_5d,PCE,drift_30m_bps,Low,27,2.2043760955075906,1.9961157160604972,1.1043328188698964,6.712304669813404
mom_5d,PCE,drift_30m_bps,Mid,45,-1.0457539451635014,0.8415966549773167,-1.2425832956663632,6.026262619296494
mom_5d,PCE,drift_30m_bps,High,35,-1.3639400329867957,1.4855483340213425,-0.9181391152010813,6.712811456983405
mom_5d,PCE,drift_60m_bps,Low,27,3.350848215058801,2.4091162927210164,1.3909034716103845,8.463235037038508
mom_5d,PCE,drift_60m_bps,Mid,45,-0.3651235125446549,1.219909707832089,-0.2993037191199328,7.053293918806207
mom_5d,PCE,drift_60m_bps,High,35,-3.849455199255283,1.6977483205078314,-2.2673886068718545,8.813197613499872
mom_5d,ALL,ret_1m_bps,Low,114,0.6475506891179009,9.373043793995102,0.06908648922911875,13.730663983073965
mom_5d,ALL,ret_1m_bps,Mid,121,3.080539535332544,5.513714133649683,0.5587049782890082,15.036664457414055
mom_5d,ALL,ret_1m_bps,High,114,4.6588592819922505,3.953454972938229,1.1784273031772412,15.713338826151002
mom_5d,ALL,ret_5m_bps,Low,114,0.8778721182357699,9.335495674602136,0.09403594076146186,15.562888700116144
mom_5d,ALL,ret_5m_bps,Mid,121,3.1957971103261533,5.084779487940904,0.6285025964066537,16.692453677929116
mom_5d,ALL,ret_5m_bps,High,114,4.2372211334837795,3.9206157392213186,1.080753997668066,16.91073042501155
mom_5d,ALL,ret_15m_bps,Low,114,0.8723914103991163,8.21239388329964,0.10622863720323653,16.217956761133017
mom_5d,ALL,ret_15m_bps,Mid,121,3.5403304113739007,5.220576120273873,0.6781493708376718,18.67051749173595
mom_5d,ALL,ret_15m_bps,High,114,4.249473811552661,3.7435388938942435,1.135148834297836,17.242805241980776
mom_5d,ALL,ret_30m_bps,Low,114,0.5867328087322506,9.433091888189733,0.06219941623454791,17.444956595657253
mom_5d,ALL,ret_30m_bps,Mid,121,3.4666523641113596,4.8087301579480615,0.7209080672537921,19.539705321716983
mom_5d,ALL,ret_30m_bps,High,114,3.667119434264146,4.063394780020506,0.9024767793410514,18.67249182207333
mom_5d,ALL,ret_60m_bps,Low,114,0.5922197829112951,10.453438827609997,0.056653106473163926,18.446176318309732
mom_5d,ALL,ret_60m_bps,Mid,121,3.780372135566186,5.511336749135873,0.6859265379055115,21.499558212193616
mom_5d,ALL,ret_60m_bps,High,114,2.936960764577128,2.989753601413478,0.982342077684465,18.93972053956883
mom_5d,ALL,drift_5m_bps,Low,114,0.23032142911786885,0.04143631184198472,5.558444245621762,5.750814969539883
mom_5d,ALL,drift_5m_bps,Mid,121,0.1152575749936095,0.49574256212873175,0.23249481444298511,6.283057587607285
mom_5d,ALL,drift_5m_bps,High,114,-0.4216381485084715,0.38392837300497873,-1.0982208613766706,6.236385345958582
mom_5d,ALL,drift_15m_bps,Low,114,0.2248407212812156,1.161041988808045,0.1936542549266825,8.109318211155674
mom_5d,ALL,drift_15m_bps,Mid,121,0.45979087604135693,0.4203674969025061,1.0937831288797148,7.608000462558618
mom_5d,ALL,drift_15m_bps,High,114,-0.4093854704395897,0.6584725567508978,-0.6217198670505285,8.461823102440862
mom_5d,ALL,drift_30m_bps,Low,114,-0.060817880385650294,0.06829187813813244,-0.890558028915757,10.060412975849815
mom_5d,ALL,drift_30m_bps,Mid,121,0.3861128287788161,0.7735414462665273,0.4991495034201168,9.806418479557994
mom_5d,ALL,drift_30m_bps,High,114,-0.991739847728105,0.6845768638435313,-1.4486902787804112,11.472805178050484
mom_5d,ALL,drift_60m_bps,Low,114,-0.055330906206605905,1.0809450371639615,-0.0511875297117564,10.854027589096683
mom_5d,ALL,drift_60m_bps,Mid,121,0.6998326002336426,0.3518973530560667,1.9887407340689502,11.39731241805997
mom_5d,ALL,drift_60m_bps,High,114,-1.7218985174151233,1.4016171857741941,-1.228508422193767,12.875276750712862
ma50_gap,CPI,ret_1m_bps,Low,43,18.37737754520809,4.671445840725786,3.9339806500577694,14.062638360348723
ma50_gap,CPI,ret_1m_bps,Mid,41,13.873102767071098,3.984688755985518,3.481602608542989,20.722201360492356
ma50_gap,CPI,ret_1m_bps,High,38,12.222377993136295,7.157637118333852,1.7075995598923863,20.752514423987407
ma50_gap,CPI,ret_5m_bps,Low,43,21.588023871799496,5.739914110107803,3.761036046477366,17.160754787760037
ma50_gap,CPI,ret_5m_bps,Mid,41,14.817292434898187,4.616409628882223,3.2097005305150783,23.041936208399758
ma50_gap,CPI,ret_5m_bps,High,38,11.12524179976246,7.033689295426735,1.581707882234154,20.676673553320306
ma50_gap,CPI,ret_15m_bps,Low,43,21.873140724913085,6.454165792937219,3.3889957938249466,18.84874523820953
ma50_gap,CPI,ret_15m_bps,Mid,41,13.996581972387538,5.248040599790403,2.667010993197449,24.14332901588488
ma50_gap,CPI,ret_15m_bps,High,38,12.210288572889233,7.197177928957102,1.6965383784333576,21.201464313503717
ma50_gap,CPI,ret_30m_bps,Low,43,22.928977535834722,7.21444381930558,3.178204461787843,19.79482624705848
ma50_gap,CPI,ret_30m_bps,Mid,41,14.416856507407646,5.463818628631552,2.638604515871062,25.17978261709725
ma50_gap,CPI,ret_30m_bps,High,38,12.075791237860503,7.192739759975983,1.6788861603274279,22.571907798700657
ma50_gap,CPI,ret_60m_bps,Low,43,24.922652930262707,8.29093536161692,3.006012210111143,21.270890374297444
ma50_gap,CPI,ret_60m_bps,Mid,41,15.578540049350721,6.137570156214744,2.538225984036418,28.894731242451915
ma50_gap,CPI,ret_60m_bps,High,38,12.265145523120802,5.840752450213819,2.099925587956017,21.674178483059745
ma50_gap,CPI,drift_5m_bps,Low,43,3.2106463265914074,1.7257554158050408,1.860429523898487,5.301962025613729
ma50_gap,CPI,drift_5m_bps,Mid,41,0.944189667827089,1.2199174116289853,0.7739783519986732,6.202669256963862
ma50_gap,CPI,drift_5m_bps,High,38,-1.0971361933738346,1.0329808629890003,-1.062106988312636,7.263046386276736
ma50_gap,CPI,drift_15m_bps,Low,43,3.495763179704997,2.2870416281785464,1.5285087672361717,7.6871535905875295
ma50_gap,CPI,drift_15m_bps,Mid,41,0.12347920531644171,2.5248414640548535,0.0489057261908778,10.94223972855827
ma50_gap,CPI,drift_15m_bps,High,38,-0.012089420247059399,0.89682831229498,-0.013480194683107877,7.225078936666971
ma50_gap,CPI,drift_30m_bps,Low,43,4.551599990626635,2.9911266501587113,1.5217008582318385,9.505776386040665
ma50_gap,CPI,drift_30m_bps,Mid,41,0.5437537403365468,2.3024028910778176,0.23616793674281777,10.905158722254605
ma50_gap,CPI,drift_30m_bps,High,38,-0.1465867552757916,1.2170632395496923,-0.12044300617445977,11.307159252469623
ma50_gap,CPI,drift_60m_bps,Low,43,6.545275385054617,3.987465784955997,1.6414624571197032,10.941464395509717
ma50_gap,CPI,drift_60m_bps,Mid,41,1.705437282279624,2.481374577528107,0.6872953796353248,11.773288357876835
ma50_gap,CPI,drift_60m_bps,High,38,0.04276752998450867,2.0194077855734345,0.02117825349096806,11.381076558934764
ma50_gap,NFP,ret_1m_bps,Low,39,0.42670083929063923,8.786892685984245,0.04856106186106713,15.958565660388068
ma50_gap,NFP,ret_1m_bps,Mid,40,1.1148149579488271,8.818894955300511,0.1264120917189039,20.227928288155447
ma50_gap,NFP,ret_1m_bps,High,41,3.5222437760343994,8.486223135496738,0.41505434394027707,23.8212157943044
ma50_gap,NFP,ret_5m_bps,Low,39,0.6109621239855522,8.83743587512305,0.06913341523703506,19.46696063221395
ma50_gap,NFP,ret_5m_bps,Mid,40,1.4408570661389908,8.586747873099815,0.16780009002626525,21.3524471985973
ma50_gap,NFP,ret_5m_bps,High,41,2.849413747757608,7.384997050291789,0.38583817005655063,24.196052542495895
ma50_gap,NFP,ret_15m_bps,Low,39,0.5987061196872187,8.105701948316181,0.07386234079475244,19.80020649255743
ma50_gap,NFP,ret_15m_bps,Mid,40,1.647897363534359,6.431864554821959,0.2562083435508499,21.595004636467685
ma50_gap,NFP,ret_15m_bps,High,41,3.0699305271228705,6.713692246290488,0.4572641125781565,25.572798817693556
ma50_gap,NFP,ret_30m_bps,Low,39,0.27002928741781496,8.499223765415543,0.03177105284797884,21.539909400435572
ma50_gap,NFP,ret_30m_bps,Mid,40,1.6699999479246357,6.8864834797778185,0.2425040229644921,22.831712833514928
ma50_gap,NFP,ret_30m_bps,High,41,1.7687287976812365,6.045792598849218,0.2925553215335081,26.88473805495761
ma50_gap,NFP,ret_60m_bps,Low,39,0.2956017003185055,5.71784574535956,0.05169808936493388,22.0993883717368
ma50_gap,NFP,ret_60m_bps,Mid,40,1.7340683273156858,5.196353106229717,0.3337087168377328,25.345225380272616
ma50_gap,NFP,ret_60m_bps,High,41,2.1957729573845257,4.861361606260955,0.45167859032674845,26.15607499333701
ma50_gap,NFP,drift_5m_bps,Low,39,0.18426128469491296,0.05758337384640985,3.1999042846358177,8.58238120228609
ma50_gap,NFP,drift_5m_bps,Mid,40,0.32604210819016344,0.30442596528684523,1.0710062391785484,6.932834152044931
ma50_gap,NFP,drift_5m_bps,High,41,-0.6728300282767916,1.1725762734102718,-0.573804914472609,7.966477764477909
ma50_gap,NFP,drift_15m_bps,Low,39,0.17200528039657947,0.6818604293795191,0.252258780514806,9.58244233222111
ma50_gap,NFP,drift_15m_bps,Mid,40,0.5330824055855322,2.3971180328747828,0.2223847129238874,8.875020225942443
ma50_gap,NFP,drift_15m_bps,High,41,-0.4523132489115292,1.8877317475643003,-0.239606739408361,11.22913000963842
ma50_gap,NFP,drift_30m_bps,Low,39,-0.15667155187282428,0.29070997477842203,-0.5389273346820614,13.183862737243102
ma50_gap,NFP,drift_30m_bps,Mid,40,0.5551849899758086,1.9623892400587657,0.2829127772628752,12.189356020895659
ma50_gap,NFP,drift_30m_bps,High,41,-1.7535149783531634,2.534315089413682,-0.6919088260484776,16.26156656656311
ma50_gap,NFP,drift_60m_bps,Low,39,-0.13109913897213366,3.069566630192114,-0.042709331565781515,12.7561610404187
ma50_gap,NFP,drift_60m_bps,Mid,40,0.6192533693668587,3.660207853349751,0.1691853015396735,16.089537094795105
ma50_gap,NFP,drift_60m_bps,High,41,-1.3264708186498744,3.7938016480195866,-0.3496415842779522,17.148964468712375
ma50_gap,PCE,ret_1m_bps,Low,40,1.7250846173967944,0.6533689456162607,2.6402917202771037,4.447161772879404
ma50_gap,PCE,ret_1m_bps,Mid,35,4.226366386280078,2.2060867410839573,1.9157752537887331,5.4600133914112705
ma50_gap,PCE,ret_1m_bps,High,32,0.7161740423402542,1.3137994855984039,0.5451167017423928,4.8748589609262645
ma50_gap,PCE,ret_5m_bps,Low,40,1.352993996532727,1.064817804616667,1.27063427251745,5.566171475045234
ma50_gap,PCE,ret_5m_bps,Mid,35,4.189995462046028,1.7936224270952719,2.3360521137280963,5.818872896208051
ma50_gap,PCE,ret_5m_bps,High,32,-0.3171239021015555,1.5312642034033077,-0.20709940283115905,6.930597582439912
ma50_gap,PCE,ret_15m_bps,Low,40,1.2265832904688991,2.3131833757450813,0.5302576973923713,8.25887338187048
ma50_gap,PCE,ret_15m_bps,Mid,35,5.336237716538893,2.532357255253631,2.1072215247150963,7.380655452264406
ma50_gap,PCE,ret_15m_bps,High,32,-1.8781114635141487,1.3691204998269733,-1.3717649131332856,6.0768887421761
ma50_gap,PCE,ret_30m_bps,Low,40,2.503902077426119,1.6677018654098832,1.5014086926206782,8.800294471256185
ma50_gap,PCE,ret_30m_bps,Mid,35,3.681003282097469,2.328825776980706,1.580626304673527,8.137166748507443
ma50_gap,PCE,ret_30m_bps,High,32,-2.8851265272544495,1.8050817263026728,-1.598335679329057,7.750015500470608
ma50_gap,PCE,ret_60m_bps,Low,40,2.201452099778693,1.7716204804757614,1.2426205973795823,9.25055556441512
ma50_gap,PCE,ret_60m_bps,Mid,35,3.443525855561867,3.4536442305367667,0.9970702323981624,9.615321410763299
ma50_gap,PCE,ret_60m_bps,High,32,-2.9892252347303154,2.105232358867284,-1.4199027590183262,8.932657115413022
ma50_gap,PCE,drift_5m_bps,Low,40,-0.3720906208640674,0.795913896434631,-0.4675010984616318,3.9710878999370536
ma50_gap,PCE,drift_5m_bps,Mid,35,-0.03637092423405073,0.8244917008216921,-0.04411314777068502,3.8338839261796873
ma50_gap,PCE,drift_5m_bps,High,32,-1.0332979444418096,0.6164982234406298,-1.6760761104469242,4.275623750736313
ma50_gap,PCE,drift_15m_bps,Low,40,-0.4985013269278955,2.0092198255210714,-0.24810691224322062,5.603507879491598
ma50_gap,PCE,drift_15m_bps,Mid,35,1.1098713302588146,1.3963292991460563,0.7948492744065251,5.423487231860338
ma50_gap,PCE,drift_15m_bps,High,32,-2.5942855058544025,0.9733176483108756,-2.665404773412465,4.777280442994636
ma50_gap,PCE,drift_30m_bps,Low,40,0.7788174600293247,1.3330945855085057,0.5842177055518133,5.9038958639225925
ma50_gap,PCE,drift_30m_bps,Mid,35,-0.5453631041826092,1.081529304322652,-0.5042518052935822,6.78659823764427
ma50_gap,PCE,drift_30m_bps,High,32,-3.6013005695947036,1.5125949986259253,-2.3808756295414204,6.677364752289694
ma50_gap,PCE,drift_60m_bps,Low,40,0.4763674823818991,1.4227765718946626,0.33481538267637967,7.0354760051998255
ma50_gap,PCE,drift_60m_bps,Mid,35,-0.7828405307182112,2.037796206147695,-0.3841603632181228,8.558982005505962
ma50_gap,PCE,drift_60m_bps,High,32,-3.7053992770705686,1.9794228322135936,-1.8719594503852475,8.54325245056603
ma50_gap,ALL,ret_1m_bps,Low,122,0.5979731517841271,6.07969462979808,0.09835578728795251,11.516098206272996
ma50_gap,ALL,ret_1m_bps,Mid,116,2.9921055752920154,7.783294109779184,0.3844266364716498,15.946791862118957
ma50_gap,ALL,ret_1m_bps,High,111,5.621567005274778,3.876778211376929,1.4500615456353758,17.308656598447225
ma50_gap,ALL,ret_5m_bps,Low,122,0.8243587364667182,6.2303490361825125,0.13231341160491755,14.096481799441271
ma50_gap,ALL,ret_5m_bps,Mid,116,3.3793154092983255,7.861571788285292,0.4298523883396856,17.262739860823828
ma50_gap,ALL,ret_5m_bps,High,111,4.765365991582005,3.493848555493281,1.3639303237942448,18.013791638798025
ma50_gap,ALL,ret_15m_bps,Low,122,0.8301794040214028,6.084962504949977,0.13643130969929082,15.680811751865319
ma50_gap,ALL,ret_15m_bps,Mid,116,3.46749982831923,7.223563272186782,0.48002622773033693,18.206893240855532
ma50_gap,ALL,ret_15m_bps,High,111,4.934895021848349,3.4778789234475447,1.4189381316807017,18.455863380073986
ma50_gap,ALL,ret_30m_bps,Low,122,0.5433154682976863,7.374621012671303,0.07367367995781,16.747916181071716
ma50_gap,ALL,ret_30m_bps,Mid,116,3.513001946384984,7.0494693839702585,0.4983356554995722,19.227934800339185
ma50_gap,ALL,ret_30m_bps,High,111,4.09836535663183,3.560230191156625,1.151151789794912,19.891957230801324
ma50_gap,ALL,ret_60m_bps,Low,122,0.5462272201982056,7.466766976941712,0.07315444848955671,17.594644714501072
ma50_gap,ALL,ret_60m_bps,Mid,116,3.6046670644401915,7.320692590074108,0.49239426735766006,21.85370039248404
ma50_gap,ALL,ret_60m_bps,High,111,4.348102550410558,3.2709913894977243,1.3292919585087104,19.65642238537211
ma50_gap,ALL,drift_5m_bps,Low,122,0.22638558468259104,0.15188059925691252,1.490549719912878,5.914268442524836
ma50_gap,ALL,drift_5m_bps,Mid,116,0.3872098340063101,0.22348965270964824,1.732562690539247,5.739730543393144
ma50_gap,ALL,drift_5m_bps,High,111,-0.8562010136927752,0.5476474121858923,-1.5634165242839642,6.661633432843893
ma50_gap,ALL,drift_15m_bps,Low,122,0.23220625223727553,0.030546376315173995,7.601761002398391,7.609862053537302
ma50_gap,ALL,drift_15m_bps,Mid,116,0.47539425302721533,0.6651079299387783,0.7147625695441254,8.564264577790505
ma50_gap,ALL,drift_15m_bps,High,111,-0.686671983426432,0.6166254590379893,-1.1135965493505957,7.998381118597732
ma50_gap,ALL,drift_30m_bps,Low,122,-0.05465768348644102,1.2951970531218082,-0.04220028400674617,9.500613654992895
ma50_gap,ALL,drift_30m_bps,Mid,116,0.5208963710929686,0.8338021276775535,0.6247242047029278,10.105316265222537
ma50_gap,ALL,drift_30m_bps,High,111,-1.52320164864295,0.681909867195193,-2.2337287109631188,11.802450026091924
ma50_gap,ALL,drift_60m_bps,Low,122,-0.05174593158592169,1.3873503714596227,-0.037298387379591874,10.24092040812492
ma50_gap,ALL,drift_60m_bps,Mid,116,0.612561489148176,0.6411432324026808,0.9554206582710155,12.291816178081579
ma50_gap,ALL,drift_60m_bps,High,111,-1.2734644548642222,1.0392515353048397,-1.2253669218690946,12.69344622409767
rv_pre_60m,CPI,ret_1m_bps,Low,39,11.354086267658367,4.182482250930852,2.7146764974630564,17.530843666059706
rv_pre_60m,CPI,ret_1m_bps,Mid,41,12.214080730680777,4.9026417765081245,2.4913263680015754,15.358859600059432
rv_pre_60m,CPI,ret_1m_bps,High,42,16.28212192524278,8.869055584085208,1.8358349173568955,22.13055016209376
rv_pre_60m,CPI,ret_5m_bps,Low,39,12.516428420079828,4.595643851363125,2.7235418637515396,19.529364316181677
rv_pre_60m,CPI,ret_5m_bps,Mid,41,12.745894976851442,5.617363526228207,2.2690172920693468,16.729539665799734
rv_pre_60m,CPI,ret_5m_bps,High,42,15.75599085499768,9.217979565488495,1.7092672795660198,24.30450240036593
rv_pre_60m,CPI,ret_15m_bps,Low,39,12.611653547425671,4.323645260163899,2.91690293457322,20.321150343362156
rv_pre_60m,CPI,ret_15m_bps,Mid,41,12.464350554308503,6.380241742083777,1.953585938929904,17.828755225675984
rv_pre_60m,CPI,ret_15m_bps,High,42,16.453386944490035,9.401405254067015,1.750098682042491,25.774389313418858
rv_pre_60m,CPI,ret_30m_bps,Low,39,12.199551513368373,4.571463228432696,2.6686316620665305,21.373993222903835
rv_pre_60m,CPI,ret_30m_bps,Mid,41,13.808260030674097,5.928246933847904,2.3292315898372062,19.278131604499517
rv_pre_60m,CPI,ret_30m_bps,High,42,16.4799715022767,9.59716075466296,1.7171715597521484,26.60219001898564
rv_pre_60m,CPI,ret_60m_bps,Low,39,11.442919751458177,5.3837288037446385,2.125463627272437,22.767993235505582
rv_pre_60m,CPI,ret_60m_bps,Mid,41,11.401368412776447,6.800939035508637,1.6764403199688067,18.56559018955932
rv_pre_60m,CPI,ret_60m_bps,High,42,19.634699340334517,10.275016243305894,1.9109166229422165,30.328812272260453
rv_pre_60m,CPI,drift_5m_bps,Low,39,1.1623421524214614,0.8963024465021626,1.2968191227833015,5.584131456492203
rv_pre_60m,CPI,drift_5m_bps,Mid,41,0.5318142461706645,1.399761071017963,0.37993215926765816,5.869183599683234
rv_pre_60m,CPI,drift_5m_bps,High,42,-0.5261310702450999,1.455421269318566,-0.36149744499160474,7.13980749821943
rv_pre_60m,CPI,drift_15m_bps,Low,39,1.2575672797673028,1.013505972804222,1.2408089478622402,6.992861741896269
rv_pre_60m,CPI,drift_15m_bps,Mid,41,0.25026982362772443,1.9118928504623438,0.1309015950173164,8.301786278477655
rv_pre_60m,CPI,drift_15m_bps,High,42,0.1712650192472515,1.9484751494663675,0.08789694818235488,10.49137113114189
rv_pre_60m,CPI,drift_30m_bps,Low,39,0.8454652457100046,1.328517381593513,0.6363975793044551,8.2947958625839
rv_pre_60m,CPI,drift_30m_bps,Mid,41,1.5941792999933186,2.082642243075647,0.7654599849271442,10.767542767322992
rv_pre_60m,CPI,drift_30m_bps,High,42,0.19784957703391998,2.1675103954639483,0.09127964389373595,12.394420278690912
rv_pre_60m,CPI,drift_60m_bps,Low,39,0.08883348379981144,1.8196637896687342,0.04881862479440962,9.414032345573238
rv_pre_60m,CPI,drift_60m_bps,Mid,41,-0.8127123179043326,2.344439210288418,-0.346655317117116,9.776390268098096
rv_pre_60m,CPI,drift_60m_bps,High,42,3.352577415091737,2.435600489284094,1.3764890546877717,14.706891391666927
rv_pre_60m,NFP,ret_1m_bps,Low,43,0.5166468821347676,10.423003851243777,0.0495679450481174,18.60984443650235
rv_pre_60m,NFP,ret_1m_bps,Mid,41,0.3536427570250599,8.450537764227597,0.0418485505765187,21.91696133505187
rv_pre_60m,NFP,ret_1m_bps,High,36,1.8914592834967714,12.737890798294991,0.14849077554895898,19.70423095391959
rv_pre_60m,NFP,ret_5m_bps,Low,43,0.7302411695993931,9.877618603968495,0.07392886877673195,20.499926911790755
rv_pre_60m,NFP,ret_5m_bps,Mid,41,0.708734475724064,8.265592664087325,0.08574514914137998,23.546256508267994
rv_pre_60m,NFP,ret_5m_bps,High,36,1.3811800689784286,9.653172461346431,0.14308043024290698,21.068170355460495
rv_pre_60m,NFP,ret_15m_bps,Low,43,0.7289843503917086,9.211250781088909,0.07914064742307794,20.757196410555398
rv_pre_60m,NFP,ret_15m_bps,Mid,41,0.8978896720573198,7.183630557303737,0.12499107030837184,25.386469098497905
rv_pre_60m,NFP,ret_15m_bps,High,36,1.445114042129527,7.81538534600735,0.18490630700222518,20.863564208377404
rv_pre_60m,NFP,ret_30m_bps,Low,43,0.399326610564511,9.593683643602027,0.0416239085422438,21.949096431696397
rv_pre_60m,NFP,ret_30m_bps,Mid,41,1.1860702191594357,7.0959267040646,0.1671480369829702,26.02323170130509
rv_pre_60m,NFP,ret_30m_bps,High,36,0.3780239399568652,4.066810230753194,0.09295342504507599,23.467655385955354
rv_pre_60m,NFP,ret_60m_bps,Low,43,0.3989735051891387,8.718971148558845,0.04575924135900884,22.512574969071846
rv_pre_60m,NFP,ret_60m_bps,Mid,41,1.0850957660451055,4.516358682971212,0.24025898787366573,27.48490726471041
rv_pre_60m,NFP,ret_60m_bps,High,36,0.7538049470767377,4.156424108712608,0.18135900653078876,23.6989531920067
rv_pre_60m,NFP,drift_5m_bps,Low,43,0.21359428746462555,0.5460782210764423,0.39114229284512286,6.906751179273577
rv_pre_60m,NFP,drift_5m_bps,Mid,41,0.35509171869900413,0.22470210774872065,1.5802776496253221,7.504587350797179
rv_pre_60m,NFP,drift_5m_bps,High,36,-0.5102792145183428,3.1048325018953005,-0.16434999769129258,9.277039978419467
rv_pre_60m,NFP,drift_15m_bps,Low,43,0.21233746825694097,1.212159416147122,0.17517289015652804,8.859874671619709
rv_pre_60m,NFP,drift_15m_bps,Mid,41,0.5442469150322599,1.2940905275241026,0.4205632476682534,10.298949795762061
rv_pre_60m,NFP,drift_15m_bps,High,36,-0.44634524136724435,4.951613407367559,-0.09014137507244052,10.718856607877894
rv_pre_60m,NFP,drift_30m_bps,Low,43,-0.11732027157025661,0.8304070946711722,-0.14128043019275208,11.764348976227035
rv_pre_60m,NFP,drift_30m_bps,Mid,41,0.8324274621343759,1.382125739923115,0.6022805581934118,13.688163209947769
rv_pre_60m,NFP,drift_30m_bps,High,36,-1.513435343539906,8.72374793207888,-0.1734845338635607,16.705206089771494
rv_pre_60m,NFP,drift_60m_bps,Low,43,-0.11767337694562893,1.704904261305645,-0.06902051899120284,13.605671191143026
rv_pre_60m,NFP,drift_60m_bps,Mid,41,0.7314530090200456,3.9605305737181675,0.18468561103250203,15.858025816169071
rv_pre_60m,NFP,drift_60m_bps,High,36,-1.1376543364200336,8.705475132730223,-0.13068262433405411,16.915455219534973
rv_pre_60m,PCE,ret_1m_bps,Low,46,0.684337262381424,1.4749155587765417,0.46398402831216257,5.035896283397062
rv_pre_60m,PCE,ret_1m_bps,Mid,33,2.7328998816117225,1.283385393285738,2.129445991756943,4.611311272637451
rv_pre_60m,PCE,ret_1m_bps,High,28,2.3938656499653246,0.7710055785941968,3.104861646176606,5.0413544761039395
rv_pre_60m,PCE,ret_5m_bps,Low,46,0.3102216245689328,1.8484409848091954,0.1678287957897424,6.767264926875497
rv_pre_60m,PCE,ret_5m_bps,Mid,33,3.3752828033134112,1.063844906497556,3.172720744065682,5.69871934716484
rv_pre_60m,PCE,ret_5m_bps,High,28,1.1716321495047561,0.9591229559520635,1.2215661633723984,5.311950282659136
rv_pre_60m,PCE,ret_15m_bps,Low,46,1.0036373171795456,2.457118900480337,0.4084610301045451,7.909666011776311
rv_pre_60m,PCE,ret_15m_bps,Mid,33,3.4051327158084956,1.476619837312042,2.3060320806789463,6.21247677352435
rv_pre_60m,PCE,ret_15m_bps,High,28,-0.24610573188227028,2.4120626793386566,-0.10203123409286692,7.652926635203386
rv_pre_60m,PCE,ret_30m_bps,Low,46,0.051402093638595305,2.4643512820319504,0.02085826562689242,8.954168101324795
rv_pre_60m,PCE,ret_30m_bps,Mid,33,2.4930627218057233,1.467905081992383,1.6983814228791259,6.783419946875223
rv_pre_60m,PCE,ret_30m_bps,High,28,1.0953915275656765,1.9304164201573308,0.5674379455788099,8.89530429125873
rv_pre_60m,PCE,ret_60m_bps,Low,46,1.1016410847705718,2.9252910342466127,0.37659196020962454,10.627468891207563
rv_pre_60m,PCE,ret_60m_bps,Mid,33,2.574674587329968,1.5371428602248083,1.674974170555247,7.58479524929114
rv_pre_60m,PCE,ret_60m_bps,High,28,0.06722279398257874,1.4937998621665984,0.04500120510459762,9.044345979442195
rv_pre_60m,PCE,drift_5m_bps,Low,46,-0.37411563781249096,0.6753834709163048,-0.5539306985184603,3.7015913827057174
rv_pre_60m,PCE,drift_5m_bps,Mid,33,0.6423829217016889,0.9730931800877374,0.6601453333007322,4.428633892426452
rv_pre_60m,PCE,drift_5m_bps,High,28,-1.222233500460569,0.5473950903111507,-2.232817798504232,4.0511175493856175
rv_pre_60m,PCE,drift_15m_bps,Low,46,0.31930005479812174,1.2597523255345082,0.25346256428829683,4.908615847548117
rv_pre_60m,PCE,drift_15m_bps,Mid,33,0.6722328341967733,1.4051850500607954,0.478394524740844,5.2856266857046
rv_pre_60m,PCE,drift_15m_bps,High,28,-2.6399713818475954,1.9978146268754242,-1.3214295992899514,5.950476173397819
rv_pre_60m,PCE,drift_30m_bps,Low,46,-0.6329351687428286,1.4296092437012597,-0.4427329856263092,6.496825619843882
rv_pre_60m,PCE,drift_30m_bps,Mid,33,-0.2398371598059987,1.5644988473442292,-0.15329967178507514,5.620541701779647
rv_pre_60m,PCE,drift_30m_bps,High,28,-1.2984741223996483,1.550221426127152,-0.8376055836381822,7.251092509863443
rv_pre_60m,PCE,drift_60m_bps,Low,46,0.4173038223891475,1.894407835206223,0.22028193435112153,8.54003199987818
rv_pre_60m,PCE,drift_60m_bps,Mid,33,-0.15822529428175394,1.4116430790409427,-0.11208590658004766,6.445614471479934
rv_pre_60m,PCE,drift_60m_bps,High,28,-2.3266428559827457,1.2272355755214386,-1.8958404583359485,8.886454973770734
rv_pre_60m,ALL,ret_1m_bps,Low,128,0.6709500610797527,6.831664129887476,0.09821180437493257,13.402948771735895
rv_pre_60m,ALL,ret_1m_bps,Mid,115,1.9381275648586564,6.205513933554705,0.31232345710783677,14.612886350753035
rv_pre_60m,ALL,ret_1m_bps,High,106,6.732873819553187,5.010750402170495,1.3436857315097404,16.792390061131634
rv_pre_60m,ALL,ret_5m_bps,Low,128,0.9015822185109171,6.76385528850142,0.13329413183094121,15.269033220112194
rv_pre_60m,ALL,ret_5m_bps,Mid,115,2.2823149814032067,6.164349892258682,0.3702442303395829,15.994481579071449
rv_pre_60m,ALL,ret_5m_bps,High,106,5.971303006843429,4.669818823106545,1.2787012158366962,18.18847020307927
rv_pre_60m,ALL,ret_15m_bps,Low,128,0.9137272154884575,6.806139769168301,0.13425043364928038,16.007257387396223
rv_pre_60m,ALL,ret_15m_bps,Mid,115,2.430019270333354,5.760393883376298,0.42184949840774855,17.18987765928203
rv_pre_60m,ALL,ret_15m_bps,High,106,5.866543776148423,4.558543414440465,1.2869338389022467,19.31976045708371
rv_pre_60m,ALL,ret_30m_bps,Low,128,0.5981323229185764,6.46885883315106,0.09246334451655036,17.10381730404012
rv_pre_60m,ALL,ret_30m_bps,Mid,115,2.6551579749894385,5.8912824373875745,0.4506926977629067,18.09746742421627
rv_pre_60m,ALL,ret_30m_bps,High,106,5.43036062366351,4.754702956156868,1.1421030238349026,20.860340517424856
rv_pre_60m,ALL,ret_60m_bps,Low,128,0.5758472156679763,6.529304621840965,0.08819426401729343,18.319187725393398
rv_pre_60m,ALL,ret_60m_bps,Mid,115,2.260340944008517,4.5285810236282895,0.499127857537489,18.594509903057972
rv_pre_60m,ALL,ret_60m_bps,High,106,6.609763420541237,5.246528211849581,1.2598356767838799,22.454850167656247
rv_pre_60m,ALL,drift_5m_bps,Low,128,0.23063215743116414,0.07076951192705501,3.2589197120489684,5.351911180597051
rv_pre_60m,ALL,drift_5m_bps,Mid,115,0.3441874165445494,0.16305503576616173,2.1108665238536437,6.038865455824086
rv_pre_60m,ALL,drift_5m_bps,High,106,-0.7615708127097591,0.606271327171696,-1.2561550886177442,7.049779674821831
rv_pre_60m,ALL,drift_15m_bps,Low,128,0.24277715440870482,0.03321882999242043,7.308419786732389,6.87103552969387
rv_pre_60m,ALL,drift_15m_bps,Mid,115,0.49189170547469657,0.5104622019125393,0.9636202320793489,8.14831182323548
rv_pre_60m,ALL,drift_15m_bps,High,106,-0.8663300434047672,0.9794854943142816,-0.8844746026701168,9.36914866270474
rv_pre_60m,ALL,drift_30m_bps,Low,128,-0.07281773816117623,0.36418403325571475,-0.19994764051077074,8.814203305713697
rv_pre_60m,ALL,drift_30m_bps,Mid,115,0.7170304101307816,0.41448757018859833,1.729920175421718,10.331841923711561
rv_pre_60m,ALL,drift_30m_bps,High,106,-1.302513195889679,0.8504152772124749,-1.5316201752149945,12.499845860499702
rv_pre_60m,ALL,drift_60m_bps,Low,128,-0.09510284541177666,0.30480273282164905,-0.31201441185051554,10.508067146022675
rv_pre_60m,ALL,drift_60m_bps,Mid,115,0.32221337914985954,1.7230206965875725,0.18700493835506465,10.988837713163404
rv_pre_60m,ALL,drift_60m_bps,High,106,-0.12311039901195278,0.8933585963208649,-0.13780625106084007,13.919495902064627
ret_pre_60m,CPI,ret_1m_bps,Low,47,14.9690225988135,5.328591801239165,2.8091892111781673,16.263153466846703
ret_pre_60m,CPI,ret_1m_bps,Mid,39,10.963135197147217,6.142642590219889,1.7847587640215883,19.397252028869598
ret_pre_60m,CPI,ret_1m_bps,High,36,18.05861568054071,6.804974820164752,2.653737325673676,20.056616981083163
ret_pre_60m,CPI,ret_5m_bps,Low,47,15.88246957255175,5.731600623238063,2.7710356349949175,18.07001662579857
ret_pre_60m,CPI,ret_5m_bps,Mid,39,11.031237880133618,6.51918534129047,1.692119076637571,20.961472745098188
ret_pre_60m,CPI,ret_5m_bps,High,36,18.22913153247664,6.821606607190412,2.6722636736721177,22.2654782492467
ret_pre_60m,CPI,ret_15m_bps,Low,47,15.508944805133027,5.796372776201017,2.675629295067129,18.718859737285786
ret_pre_60m,CPI,ret_15m_bps,Mid,39,11.009259565666596,6.103189963052989,1.8038533344551924,20.519360054163617
ret_pre_60m,CPI,ret_15m_bps,High,36,19.93658287305098,8.47595113190764,2.352135183743556,25.72185358451717
ret_pre_60m,CPI,ret_30m_bps,Low,47,14.645679411120287,6.009603594097577,2.437045835353394,19.611038797701642
ret_pre_60m,CPI,ret_30m_bps,Mid,39,11.47395681360443,6.538044579901992,1.7549523673906224,22.295153427731467
ret_pre_60m,CPI,ret_30m_bps,High,36,21.253560522619523,8.064806762151669,2.63534653085093,26.39031403060062
ret_pre_60m,CPI,ret_60m_bps,Low,47,13.07781169809772,5.912584607307804,2.2118603904515597,19.057865767410583
ret_pre_60m,CPI,ret_60m_bps,Mid,39,13.171472660628966,6.454982371372516,2.040512568871405,23.31996817773689
ret_pre_60m,CPI,ret_60m_bps,High,36,22.489069412800355,10.657208200940437,2.110221456573948,31.04868331643202
ret_pre_60m,CPI,drift_5m_bps,Low,47,0.9134469737382488,0.9820612990103298,0.9301323396602361,4.475543967034727
ret_pre_60m,CPI,drift_5m_bps,Mid,39,0.06810268298639702,1.0261533350923824,0.06636696549864633,7.476057458930086
ret_pre_60m,CPI,drift_5m_bps,High,36,0.17051585193593055,2.1626752916929113,0.07884486986599508,7.121465610181084
ret_pre_60m,CPI,drift_15m_bps,Low,47,0.5399222063195245,1.3080008341126037,0.4127842981735006,6.316632154192886
ret_pre_60m,CPI,drift_15m_bps,Mid,39,0.046124368519373654,1.818964705552615,0.02535748405594309,9.285954434388463
ret_pre_60m,CPI,drift_15m_bps,High,36,1.8779671925102708,2.5414129833844212,0.7389460921102897,10.96384718531339
ret_pre_60m,CPI,drift_30m_bps,Low,47,-0.3233431876932134,2.3077340434332654,-0.14011284732454213,9.777594884558527
ret_pre_60m,CPI,drift_30m_bps,Mid,39,0.5108216164572085,1.5605474626669693,0.3273348800197441,9.152737533091145
ret_pre_60m,CPI,drift_30m_bps,High,36,3.1949448420788116,2.71807289145602,1.1754448720348116,13.028561678922992
ret_pre_60m,CPI,drift_60m_bps,Low,47,-1.8912109007157802,2.1445136695820484,-0.8818833507759196,9.781226001632309
ret_pre_60m,CPI,drift_60m_bps,Mid,39,2.2083374634817465,1.4667552504268544,1.5055936993162815,8.478842981382273
ret_pre_60m,CPI,drift_60m_bps,High,36,4.430453732259649,4.368144242606993,1.0142645220011024,16.535450071354497
ret_pre_60m,NFP,ret_1m_bps,Low,34,14.561000936576871,7.593053945727684,1.9176738425215298,18.460333289592935
ret_pre_60m,NFP,ret_1m_bps,Mid,51,0.9469938317569264,2.0193498441933024,0.4689597666694723,21.12992351019942
ret_pre_60m,NFP,ret_1m_bps,High,35,0.5264455558694259,12.865266603738648,0.040919910335666165,20.082674542328654
ret_pre_60m,NFP,ret_5m_bps,Low,34,8.027218492138557,6.884827840282107,1.1659287172255044,20.23356117642633
ret_pre_60m,NFP,ret_5m_bps,Mid,51,1.1223193022059366,1.9158351473741486,0.5858120432460966,21.987829593328286
ret_pre_60m,NFP,ret_5m_bps,High,35,0.7259358739445353,11.554886081657314,0.06282501348904813,22.743631930980868
ret_pre_60m,NFP,ret_15m_bps,Low,34,8.738564736161317,7.851217290326121,1.113020365253238,22.71331089175909
ret_pre_60m,NFP,ret_15m_bps,Mid,51,1.1731801996759663,1.590844119165936,0.7374576713971531,22.297676475480085
ret_pre_60m,NFP,ret_15m_bps,High,35,0.7068650046083536,11.475357096359811,0.06159851921580582,22.144540560702556
ret_pre_60m,NFP,ret_30m_bps,Low,34,7.235166203202525,9.11090720197876,0.7941213803199696,26.417872142410207
ret_pre_60m,NFP,ret_30m_bps,Mid,51,1.0323357569810285,1.1855837893307806,0.8707404455687986,22.09717654104767
ret_pre_60m,NFP,ret_30m_bps,High,35,0.3498244921079198,9.99035257931983,0.035016230841748416,23.726730965013385
ret_pre_60m,NFP,ret_60m_bps,Low,34,2.5090776475515124,9.093366853281482,0.27592394412703947,26.124417620734643
ret_pre_60m,NFP,ret_60m_bps,Mid,51,1.1009310317510848,1.0661317069727845,1.0326407371159712,22.48562662972978
ret_pre_60m,NFP,ret_60m_bps,High,35,0.37409871135804923,10.006436098600625,0.037385809260338555,26.088202263264595
ret_pre_60m,NFP,drift_5m_bps,Low,34,-6.533782444438311,2.130629294580236,-3.066597488853901,7.375248042734379
ret_pre_60m,NFP,drift_5m_bps,Mid,51,0.17532547044901006,0.20225202546271168,0.8668663270387572,7.971123482913649
ret_pre_60m,NFP,drift_5m_bps,High,35,0.19949031807510947,1.3107275665840414,0.15219815555952032,8.039031149513828
ret_pre_60m,NFP,drift_15m_bps,Low,34,-5.82243620041555,6.84028826015338,-0.8511974903649737,10.066064436938477
ret_pre_60m,NFP,drift_15m_bps,Mid,51,0.22618636791903965,0.46344696039422906,0.488052327987296,8.178850801635889
ret_pre_60m,NFP,drift_15m_bps,High,35,0.18041944873892762,1.3906540948217647,0.12973711393130535,12.278365961433074
ret_pre_60m,NFP,drift_30m_bps,Low,34,-7.325834733374346,4.1892841463664885,-1.748708007722106,15.611366987520977
ret_pre_60m,NFP,drift_30m_bps,Mid,51,0.08534192522410182,0.9721317500093243,0.08778843528491201,10.996444522492434
ret_pre_60m,NFP,drift_30m_bps,High,35,-0.17662106376150613,2.875606077343854,-0.06142046546397894,16.481827674130503
ret_pre_60m,NFP,drift_60m_bps,Low,34,-12.051923289025359,3.7556322312278185,-3.209026482629066,17.698510217593512
ret_pre_60m,NFP,drift_60m_bps,Mid,51,0.15393719999415836,1.0665784836720233,0.14432805681976854,12.264850389728572
ret_pre_60m,NFP,drift_60m_bps,High,35,-0.15234684451137676,2.8597428871739092,-0.05327291666487222,17.626359723171554
ret_pre_60m,PCE,ret_1m_bps,Low,34,3.3591665944756377,1.074052829824586,3.127561793235307,6.190480405252346
ret_pre_60m,PCE,ret_1m_bps,Mid,41,0.9061928684310577,1.2243985259393708,0.7401126751078188,4.907382504353676
ret_pre_60m,PCE,ret_1m_bps,High,32,1.597019073926731,0.8993558826346785,1.7757365073859708,3.5407315595978317
ret_pre_60m,PCE,ret_5m_bps,Low,34,2.3980167574484352,1.0516460968582284,2.280250708496387,6.764116375805481
ret_pre_60m,PCE,ret_5m_bps,Mid,41,1.344897701205459,1.7581665423881518,0.7649432910824582,6.666633410470304
ret_pre_60m,PCE,ret_5m_bps,High,32,0.7050966542008394,1.3339373266368753,0.5285830451858861,4.524206450015611
ret_pre_60m,PCE,ret_15m_bps,Low,34,1.932350888969029,2.658656936672855,0.7268146793648551,8.886805962919906
ret_pre_60m,PCE,ret_15m_bps,Mid,41,1.3146711823400226,2.194733459930495,0.5990117735670996,7.6035857596644405
ret_pre_60m,PCE,ret_15m_bps,High,32,0.7950356157734912,1.5629019371229684,0.5086919383035726,5.288746780255926
ret_pre_60m,PCE,ret_30m_bps,Low,34,2.4509156509862673,1.585065401724774,1.5462552197021817,9.127324799102922
ret_pre_60m,PCE,ret_30m_bps,Mid,41,1.347233747654459,1.801317410166741,0.7479157976548678,8.721703145046243
ret_pre_60m,PCE,ret_30m_bps,High,32,0.36093681566065444,2.263734134231691,0.1594431122465519,6.777944967083505
ret_pre_60m,PCE,ret_60m_bps,Low,34,2.461247847584001,1.9452104168746351,1.2652861748182913,9.96176741399826
ret_pre_60m,PCE,ret_60m_bps,Mid,41,1.034103725256299,2.073446220382436,0.4987366998433961,9.73107758878984
ret_pre_60m,PCE,ret_60m_bps,High,32,-0.04635429484122644,2.357607447649962,-0.019661583139055614,7.960288325944143
ret_pre_60m,PCE,drift_5m_bps,Low,34,-0.9611498370272024,0.529001808788093,-1.8169121939849904,4.045014841477691
ret_pre_60m,PCE,drift_5m_bps,Mid,41,0.43870483277440125,0.9008197269507497,0.4870062451445254,4.810823015993267
ret_pre_60m,PCE,drift_5m_bps,High,32,-0.8919224197258913,1.1451129332285142,-0.7788947219478333,2.971098911605241
ret_pre_60m,PCE,drift_15m_bps,Low,34,-1.4268157055066086,2.1486017244333255,-0.6640670950233546,6.042954882975134
ret_pre_60m,PCE,drift_15m_bps,Mid,41,0.40847831390896516,1.4995000920563426,0.27240966244209935,6.063974881584457
ret_pre_60m,PCE,drift_15m_bps,High,32,-0.8019834581532396,1.2318917477248108,-0.6510178022009062,3.5234970720152137
ret_pre_60m,PCE,drift_30m_bps,Low,34,-0.9082509434893703,1.0305791681175451,-0.8813014774482397,6.029270610364911
ret_pre_60m,PCE,drift_30m_bps,Mid,41,0.44104087922340146,1.3128332835810792,0.3359458392312791,7.460110054624384
ret_pre_60m,PCE,drift_30m_bps,High,32,-1.2360822582660766,1.971252620959917,-0.6270542116840188,5.515710373616145
ret_pre_60m,PCE,drift_60m_bps,Low,34,-0.8979187468916372,1.4342203398417253,-0.6260675029826503,8.118620403317834
ret_pre_60m,PCE,drift_60m_bps,Mid,41,0.12791085682524161,1.6498500166419772,0.07752877869806919,8.486762160862622
ret_pre_60m,PCE,drift_60m_bps,High,32,-1.6433733687679575,2.031679722733159,-0.8088742287377735,7.1992858284575245
ret_pre_60m,ALL,ret_1m_bps,Low,115,8.959823579552669,2.3866818456623533,3.7540921492475396,13.93474677014378
ret_pre_60m,ALL,ret_1m_bps,Mid,131,2.257094874709501,2.544030041171169,0.8872123513409558,15.536806189500652
ret_pre_60m,ALL,ret_1m_bps,High,103,0.6998957203064343,10.620768898224265,0.06589878068276706,14.934322623375023
ret_pre_60m,ALL,ret_5m_bps,Low,115,8.357652969436788,2.5823612510262244,3.236438343440708,15.36705928859491
ret_pre_60m,ALL,ret_5m_bps,Mid,131,2.4199822664919077,2.3695616984985617,1.0212784364405005,16.88708943624316
ret_pre_60m,ALL,ret_5m_bps,High,103,0.899556761640319,9.995673820891671,0.08999460944395576,16.9161062228904
ret_pre_60m,ALL,ret_15m_bps,Low,115,7.9618652890959405,3.0650231690084206,2.597652562499787,16.992959832274074
ret_pre_60m,ALL,ret_15m_bps,Mid,131,2.4544936328169924,2.1547929225861493,1.139085620288351,17.169340141283264
ret_pre_60m,ALL,ret_15m_bps,High,103,0.9173550781484119,10.557693183983467,0.08688972696612211,18.158112093547544
ret_pre_60m,ALL,ret_30m_bps,Low,115,7.612990966539307,2.7338204911942747,2.7847442767588437,18.523961039160202
ret_pre_60m,ALL,ret_30m_bps,Mid,131,2.4082691970823213,2.0567002748422984,1.170938335809276,17.969899360472173
ret_pre_60m,ALL,ret_30m_bps,High,103,0.6062199231471697,10.681978433312306,0.056751652040097855,19.392049784696727
ret_pre_60m,ALL,ret_60m_bps,Low,115,6.6722359407880685,2.5578428077140294,2.608540259262888,18.457825932601878
ret_pre_60m,ALL,ret_60m_bps,Mid,131,2.6593445030102165,2.3565558559045194,1.1284877871012642,18.74213662739192
ret_pre_60m,ALL,ret_60m_bps,High,103,0.604998559031149,11.203714882174703,0.05399981750639797,22.189989369281808
ret_pre_60m,ALL,drift_5m_bps,Low,115,-0.6021706101158811,0.5956900020104707,-1.0108791621204622,5.2055609088160235
ret_pre_60m,ALL,drift_5m_bps,Mid,131,0.16288739178240666,0.3061082614054058,0.5321234749907018,6.834635741851858
ret_pre_60m,ALL,drift_5m_bps,High,103,0.1996610413338848,0.6256609791611359,0.3191201752770058,6.143825411367676
ret_pre_60m,ALL,drift_15m_bps,Low,115,-0.9979582904567276,1.2387714274988084,-0.8056032519830519,7.344246679340247
ret_pre_60m,ALL,drift_15m_bps,Mid,131,0.1973987581074908,0.5211238862786334,0.37879430075086995,7.84653880892781
ret_pre_60m,ALL,drift_15m_bps,High,103,0.21745935784197765,0.07049914817114142,3.084567168302239,9.098963239086665
ret_pre_60m,ALL,drift_30m_bps,Low,115,-1.346832613013363,1.262387337647422,-1.0668933162172813,10.39416206871627
ret_pre_60m,ALL,drift_30m_bps,Mid,131,0.15117432237281972,0.7203447371424928,0.20986385348285766,9.340762951734876
ret_pre_60m,ALL,drift_30m_bps,High,103,-0.09367579715926444,0.07255867910092371,-1.2910350397775074,11.867911854286527
ret_pre_60m,ALL,drift_60m_bps,Low,115,-2.287587638764601,1.2533569284619623,-1.825168542828242,11.630435332066996
ret_pre_60m,ALL,drift_60m_bps,Mid,131,0.40224962830071576,0.44746354605598787,0.8989550810254947,9.955263318667429
ret_pre_60m,ALL,drift_60m_bps,High,103,-0.09489716127528519,0.5846406531228271,-0.16231707591389177,14.005591644567057
