timestamp_utc,event_type,strategy,x,ret_bps,cost_bps,pred_bps,position,eligible,b,d,t_d,used_state,state_pct,n_train,gross_bps,tc_bps,net_bps
2016-01-08 13:30:00+00:00,NFP,Naive sign,1.6142593236792937,-18.677517103160568,1.7513134851138354,,0.0,False,,,,,,0,-0.0,0.0,-0.0
2016-01-20 13:30:00+00:00,CPI,Naive sign,0.8034072020471136,10.860192079000797,1.8541014001662297,,0.0,False,,,,,,0,0.0,0.0,0.0
2016-02-01 13:30:00+00:00,PCE,Naive sign,1.3212240511473,6.153089044733662,1.7850547827157452,,0.0,False,,,,,,0,0.0,0.0,0.0
2016-02-05 13:30:00+00:00,NFP,Naive sign,-0.5662977961971637,-14.739301323434262,1.7755464397232597,,0.0,False,,,,,,1,-0.0,0.0,-0.0
2016-02-19 13:30:00+00:00,CPI,Naive sign,-1.1647750851392003,-7.356547658883272,1.7748944243833773,,0.0,False,,,,,,1,-0.0,0.0,-0.0
2016-02-26 15:00:00+00:00,PCE,Naive sign,-2.1146814105422513,-13.177599990168432,1.7353838788821734,,0.0,False,,,,,,1,-0.0,0.0,-0.0
2016-03-04 13:30:00+00:00,NFP,Naive sign,0.8511296176546844,-33.028635156728825,1.7110153991385924,,0.0,False,,,,,,2,-0.0,0.0,-0.0
2016-03-28 12:30:00+00:00,PCE,Naive sign,-0.3589718295271186,-6.871278328066666,1.6602736588996394,,0.0,False,,,,,,2,-0.0,0.0,-0.0
2016-04-01 12:30:00+00:00,NFP,Naive sign,0.23256549524665046,-31.39003233807003,1.6535522864636787,,0.0,False,,,,,,3,-0.0,0.0,-0.0
2016-04-14 12:30:00+00:00,CPI,Naive sign,0.8159070832843519,12.889849628443528,1.626654700471169,,0.0,False,,,,,,2,0.0,0.0,0.0
2016-04-29 12:30:00+00:00,PCE,Naive sign,-0.3548908737688326,-25.95645289842352,1.6339869281045751,,0.0,False,,,,,,3,-0.0,0.0,-0.0
2016-05-06 12:30:00+00:00,NFP,Naive sign,-0.5970295853454834,-14.282860142262876,1.6539295083837116,,0.0,False,,,,,,4,-0.0,0.0,-0.0
2016-05-17 12:30:00+00:00,CPI,Naive sign,-1.165117912908518,-10.776168697308464,1.6434319392496883,,0.0,False,,,,,,3,-0.0,0.0,-0.0
2016-05-31 12:30:00+00:00,PCE,Naive sign,-0.3509464824958188,-1.1183805860781604,1.6211985688729873,,0.0,False,,,,,,4,-0.0,0.0,-0.0
2016-06-03 12:30:00+00:00,NFP,Naive sign,-1.9555484666489378,-16.87954038313677,1.625469424359621,,0.0,False,,,,,,5,-0.0,0.0,-0.0
2016-06-29 12:30:00+00:00,PCE,Naive sign,-0.3471306674377593,13.203595591964046,1.6659007352941178,,0.0,False,,,,,,5,0.0,0.0,0.0
2016-07-08 12:30:00+00:00,NFP,Naive sign,1.8450710388339822,10.597061701691501,1.6242858743138793,,0.0,False,,,,,,6,0.0,0.0,0.0
2016-07-15 12:30:00+00:00,CPI,Naive sign,0.8115726727885837,2.1674343081379277,1.5730093295725753,,0.0,False,,,,,,4,0.0,0.0,0.0
2016-08-02 12:30:00+00:00,PCE,Naive sign,1.357394389268374,-3.8246141703801584,1.5842665938268232,,0.0,False,,,,,,6,-0.0,0.0,-0.0
2016-08-05 12:30:00+00:00,NFP,Naive sign,1.2796377681502662,23.96123784340176,1.5833151343088012,,0.0,False,,,,,,7,0.0,0.0,0.0
2016-08-16 12:30:00+00:00,CPI,Naive sign,-0.18513874292076055,-4.314063915042965,1.563510890662066,,0.0,False,,,,,,5,-0.0,0.0,-0.0
2016-08-29 12:30:00+00:00,PCE,Naive sign,-0.36621496105815404,2.175213451387492,1.5772870662460565,,0.0,False,,,,,,7,0.0,0.0,0.0
2016-09-02 12:30:00+00:00,NFP,Naive sign,-0.40888888651079935,21.153697579823216,1.5766867830152775,,0.0,False,,,,,,8,0.0,0.0,0.0
2016-09-30 12:30:00+00:00,PCE,Naive sign,1.3393576888346368,6.6287358114003325,1.6022984695287033,,0.0,False,,,,,,8,0.0,0.0,0.0
2016-10-07 12:30:00+00:00,NFP,Naive sign,-0.1964152932718881,8.234293551208083,1.5951595159515952,,0.0,False,,,,,,9,0.0,0.0,0.0
2016-10-18 12:30:00+00:00,CPI,Naive sign,-0.16901430640024803,2.761286777168692,1.6023870040888497,,0.0,False,,,,,,6,0.0,0.0,0.0
2016-10-31 12:30:00+00:00,PCE,Naive sign,-0.3840686609153908,4.968944201610981,1.601855943437914,,0.0,False,,,,,,9,0.0,0.0,0.0
2016-11-04 12:30:00+00:00,NFP,Naive sign,-0.1303193272493761,12.887682841693504,1.6250140087414546,,0.0,False,,,,,,10,0.0,0.0,0.0
2016-11-17 13:30:00+00:00,CPI,Naive sign,-0.16796381350875023,3.717176051090121,1.5400955921402018,,0.0,False,,,,,,7,0.0,0.0,0.0
2016-11-30 13:30:00+00:00,PCE,Naive sign,1.3230170925284488,4.697163521552028,1.514044063903101,,0.0,False,,,,,,10,0.0,0.0,0.0
2016-12-02 13:30:00+00:00,NFP,Naive sign,0.033610480884534014,1.0425354471621517,1.5112037519541426,,0.0,False,,,,,,11,0.0,0.0,0.0
2016-12-22 15:00:00+00:00,PCE,Naive sign,2.9838886430672513,0.0,1.4600010068972462,,0.0,False,,,,,,11,0.0,0.0,0.0
2017-01-06 13:30:00+00:00,NFP,Naive sign,-0.24560763540543862,11.097100760490974,1.4645724963385687,,0.0,False,,,,,,12,0.0,0.0,0.0
2017-01-18 13:30:00+00:00,CPI,Naive sign,-0.1659201234598231,-1.5167985467812173,1.4659050700096041,,0.0,False,,,,,,8,-0.0,0.0,-0.0
2017-01-30 13:30:00+00:00,PCE,Naive sign,-0.4243384371886906,6.517434367019348,1.4542172299669038,,0.0,False,,,,,,12,0.0,0.0,0.0
2017-02-03 13:30:00+00:00,NFP,Naive sign,0.8452794369339985,10.553560293029562,1.4592663412670457,,0.0,False,,,,,,13,0.0,0.0,0.0
2017-02-15 13:30:00+00:00,CPI,Naive sign,-3.2124696574381035,-3.4163840347822827,1.4147721728949165,,0.0,False,,,,,,9,-0.0,0.0,-0.0
2017-03-01 13:30:00+00:00,PCE,Naive sign,1.1790960725118012,5.721642267388916,1.3825324180015255,,0.0,False,,,,,,13,0.0,0.0,0.0
2017-03-10 13:30:00+00:00,NFP,Naive sign,0.6384882035084962,5.723279595333253,1.384644766997708,,0.0,False,,,,,,14,0.0,0.0,0.0
2017-03-31 12:30:00+00:00,PCE,Naive sign,-0.4384274479644154,-1.45310116261399,1.4044263644728558,,0.0,False,,,,,,14,-0.0,0.0,-0.0
2017-04-07 12:30:00+00:00,NFP,Naive sign,-1.3078965412877368,6.323111181263386,1.407766990291262,,0.0,False,,,,,,15,0.0,0.0,0.0
2017-05-01 12:30:00+00:00,PCE,Naive sign,-0.4341842117614949,-5.260012075858356,1.386299536306707,,0.0,False,,,,,,15,-0.0,0.0,-0.0
2017-05-05 12:30:00+00:00,NFP,Naive sign,0.4142854976008267,1.9170860351103158,1.3908872901678657,,0.0,False,,,,,,16,0.0,0.0,0.0
2017-05-12 12:30:00+00:00,CPI,Naive sign,-0.13514617301327977,4.795473165319919,1.3908872901678657,,0.0,False,,,,,,10,0.0,0.0,0.0
2017-05-30 12:30:00+00:00,PCE,Naive sign,-0.4300621707383414,1.4258894009167022,1.3785890853774483,,0.0,False,,,,,,16,0.0,0.0,0.0
2017-06-02 12:30:00+00:00,NFP,Naive sign,-0.6677396065852849,-10.861610002681488,1.367730981464887,,0.0,False,,,,,,17,-0.0,0.0,-0.0
2017-06-30 12:30:00+00:00,PCE,Naive sign,-0.4260556508599551,-2.817827473684531,1.3618859772705927,,0.0,False,,,,,,17,-0.0,0.0,-0.0
2017-07-07 12:30:00+00:00,NFP,Naive sign,0.8034356423152486,4.222477718798245,1.362653885912978,,0.0,False,,,,,,18,0.0,0.0,0.0
2017-07-14 12:30:00+00:00,CPI,Naive sign,0.7927260050565855,4.1822533660962335,1.3481474594393565,,0.0,False,,,,,,11,0.0,0.0,0.0
2017-08-01 12:30:00+00:00,PCE,Naive sign,-0.422159343805065,5.013559504298826,1.3218469392406218,,0.0,False,,,,,,18,0.0,0.0,0.0
2017-08-04 12:30:00+00:00,NFP,Naive sign,0.5458452330557173,-0.45397798213997476,1.3169845594913714,,0.0,False,,,,,,19,-0.0,0.0,-0.0
2017-08-11 12:30:00+00:00,CPI,Naive sign,0.7856685090657263,8.701028644111375,1.3287514318442153,,0.0,False,,,,,,12,0.0,0.0,0.0
2017-08-31 12:30:00+00:00,PCE,Naive sign,-0.4183682771652557,3.647804518145392,1.3228720007298604,,0.0,False,,,,,,19,0.0,0.0,0.0
2017-09-01 12:30:00+00:00,NFP,Naive sign,-0.34604558050796347,1.363357497172757,1.3172836702248465,,0.0,False,,,,,,20,0.0,0.0,0.0
2017-09-29 12:30:00+00:00,PCE,Naive sign,1.24403333303221,-8.519224817451487,1.2999237975704871,,0.0,False,,,,,,20,-0.0,0.0,-0.0
2017-10-06 12:30:00+00:00,NFP,Naive sign,-1.8424473560997108,-11.01006430998197,1.2762961006953613,,0.0,False,,,,,,21,-0.0,0.0,-0.0
2017-10-13 12:30:00+00:00,CPI,Naive sign,0.7897822256401897,-0.8761170498061688,1.2703697213947782,,0.0,False,,,,,,13,-0.0,0.0,-0.0
2017-10-30 12:30:00+00:00,PCE,Naive sign,-0.43153418183276016,-4.289084346265071,1.2435677530017153,,0.0,False,,,,,,21,-0.0,0.0,-0.0
2017-11-03 12:30:00+00:00,NFP,Naive sign,-0.7859021766829931,-0.8520064757711054,1.2355672958118529,,0.0,False,,,,,,22,-0.0,0.0,-0.0
2017-11-15 13:30:00+00:00,CPI,Naive sign,-0.15820077948038003,-6.874033609740593,1.2452765372724148,,0.0,False,,,,,,14,-0.0,0.0,-0.0
2017-11-30 13:30:00+00:00,PCE,Naive sign,-0.42780275982372784,7.91056934895451,1.2079306897700766,,0.0,False,,,,,,22,0.0,0.0,0.0
2017-12-08 13:30:00+00:00,NFP,Naive sign,0.6370043888724991,7.820700557079618,1.1941035987811908,,0.0,False,,,,,,23,0.0,0.0,0.0
2017-12-13 13:30:00+00:00,CPI,Naive sign,-0.1573539546812662,4.891171533074612,1.1816959374108633,,0.0,False,,,,,,15,0.0,0.0,0.0
2017-12-22 13:30:00+00:00,PCE,Naive sign,1.2482623178131573,-5.651998535611824,1.170393090644927,,0.0,False,,,,,,23,-0.0,0.0,-0.0
2018-01-05 13:30:00+00:00,NFP,Naive sign,-0.621220884870033,6.76415026287458,1.1532649327924918,,0.0,False,,,,,,24,0.0,0.0,0.0
2018-01-12 13:30:00+00:00,CPI,Naive sign,-0.15652048446517022,-6.632464203502053,1.1306483683574409,,0.0,False,,,,,,16,-0.0,0.0,-0.0
2018-01-29 13:30:00+00:00,PCE,Naive sign,-0.4402926559951366,-3.7664783872770613,1.091990812215235,,0.0,False,,,,,,24,-0.0,0.0,-0.0
2018-02-02 13:30:00+00:00,NFP,Naive sign,0.4228435414864092,8.095137577548428,1.116544103492088,,0.0,False,,,,,,25,0.0,0.0,0.0
2018-02-14 13:30:00+00:00,CPI,Naive sign,-2.0674616228090885,-29.41298742083376,1.1704403277232918,,0.0,False,,,,,,17,-0.0,0.0,-0.0
2018-03-01 13:30:00+00:00,PCE,Naive sign,-0.4366213148929902,40.81311683153288,1.16297722168752,,0.0,False,,,,,,25,0.0,0.0,0.0
2018-03-09 13:30:00+00:00,NFP,Naive sign,1.9022467250921624,44.77679092056874,1.166532582461786,,0.0,False,,,,,,26,0.0,0.0,0.0
2018-03-13 12:30:00+00:00,CPI,Naive sign,-0.1324165031997715,-9.089652255056535,1.1490609398526033,,0.0,False,,,,,,18,-0.0,0.0,-0.0
2018-03-29 12:30:00+00:00,PCE,Naive sign,-0.4330405906855374,-0.8353869935184832,1.211817308094104,,0.0,False,,,,,,26,-0.0,0.0,-0.0
2018-04-06 12:30:00+00:00,NFP,Naive sign,-1.2995829002724142,8.243343966931604,1.1954819028774013,,0.0,False,,,,,,27,0.0,0.0,0.0
2018-04-11 12:30:00+00:00,CPI,Naive sign,0.8133579879158452,-1.2428278492215838,1.2018732645364498,,0.0,False,,,,,,19,-0.0,0.0,-0.0
2018-04-30 12:30:00+00:00,PCE,Naive sign,-0.4295466448744693,2.868323484612745,1.188281089940586,,0.0,False,,,,,,27,0.0,0.0,0.0
2018-05-04 12:30:00+00:00,NFP,Naive sign,-0.4042211205062629,-9.22277251589776,1.2166981329976925,,0.0,False,,,,,,28,-0.0,0.0,-0.0
2018-05-10 12:30:00+00:00,CPI,Naive sign,0.8066313627379722,9.775570001711031,1.1829974708329933,,0.0,False,,,,,,20,0.0,0.0,0.0
2018-05-31 12:30:00+00:00,PCE,Naive sign,-0.4261361668922612,0.0,1.1751357484399059,,0.0,False,,,,,,28,0.0,0.0,0.0
2018-06-01 12:30:00+00:00,NFP,Naive sign,0.6295443548080089,24.426995820494568,1.1810702940457767,,0.0,False,,,,,,29,0.0,0.0,0.0
2018-06-12 12:30:00+00:00,CPI,Naive sign,-0.14836969090721452,13.026746142958956,1.1454301287621453,,0.0,False,,,,,,21,0.0,0.0,0.0
2018-06-29 12:30:00+00:00,PCE,Naive sign,-0.4228058320342103,-11.101290123090024,1.1917481712829785,,0.0,False,,,,,,29,-0.0,0.0,-0.0
2018-07-06 12:30:00+00:00,NFP,Naive sign,0.3749571567850948,-6.580571102006161,1.1949400469735054,,0.0,False,,,,,,30,-0.0,0.0,-0.0
2018-07-12 12:30:00+00:00,CPI,Naive sign,0.8054339632504349,8.841733555691178,1.1659697651978127,,0.0,False,,,,,,22,0.0,0.0,0.0
2018-07-31 12:30:00+00:00,PCE,Naive sign,-0.4195525615380417,-5.137426262500355,1.1461544541933444,,0.0,False,,,,,,30,-0.0,0.0,-0.0
2018-08-03 12:30:00+00:00,NFP,Naive sign,-0.5320078037025123,-16.598170108466093,1.144661535425301,,0.0,False,,,,,,31,-0.0,0.0,-0.0
2018-08-10 12:30:00+00:00,CPI,Naive sign,-0.15572468844210885,-7.490489400314715,1.1428571428571428,,0.0,False,,,,,,23,-0.0,0.0,-0.0
2018-08-30 12:30:00+00:00,PCE,Naive sign,0.016880010255722527,-2.6836889382231277,1.111664813891977,,0.0,False,,,,,,31,-0.0,0.0,-0.0
2018-09-07 12:30:00+00:00,NFP,Naive sign,0.2616225928660689,-8.097634776458307,1.1163292016321502,,0.0,False,,,,,,32,-0.0,0.0,-0.0
2018-09-13 12:30:00+00:00,CPI,Naive sign,0.8043331512490195,0.3828703792763122,1.1114517859880422,,0.0,False,,,,,,24,0.0,0.0,0.0
2018-09-28 12:30:00+00:00,PCE,Naive sign,-0.41932078998489236,2.65297229200101,1.0996094490577484,,0.0,False,,,,,,32,0.0,0.0,0.0
2018-10-05 12:30:00+00:00,NFP,Naive sign,-0.7870138858905067,-15.002065597293779,1.0881801125703565,,0.0,False,,,,,,33,-0.0,0.0,-0.0
2018-10-11 12:30:00+00:00,CPI,Naive sign,0.7980522394154973,-21.193100554004474,1.1413278759494667,,0.0,False,,,,,,25,-0.0,0.0,-0.0
2018-10-29 12:30:00+00:00,PCE,Naive sign,-0.4162236927774103,-0.8028581755326059,1.1647054098558174,,0.0,False,,,,,,33,-0.0,0.0,-0.0
2018-11-02 12:30:00+00:00,NFP,Naive sign,0.9282289143639069,-1.5649452301147448,1.134585289514867,,0.0,False,,,,,,34,-0.0,0.0,-0.0
2018-11-14 13:30:00+00:00,CPI,Naive sign,-0.17073431842246337,11.409912122495314,1.1429922749487624,,0.0,False,,,,,,26,0.0,0.0,0.0
2018-11-29 13:30:00+00:00,PCE,Naive sign,-0.413194375549636,3.5544322168767906,1.1457921770051362,,0.0,False,,,,,,34,0.0,0.0,0.0
2018-12-07 13:30:00+00:00,NFP,Naive sign,-0.6547686526365027,17.27220208074698,1.1666264381687987,,0.0,False,,,,,,35,0.0,0.0,0.0
2018-12-12 13:30:00+00:00,CPI,Naive sign,-0.1699188197561624,35.24625359718314,1.176422863169851,,0.0,False,,,,,,27,0.0,0.0,0.0
2019-01-04 13:30:00+00:00,NFP,Naive sign,2.261740690734558,32.74897584478964,1.2638368343066329,,1.0,True,,,,,,36,32.74897584478964,1.2638368343066329,31.485139010483007
2019-01-11 13:30:00+00:00,CPI,Naive sign,-0.16911489877107314,-12.133638860252205,1.2138462182411787,,0.0,False,,,,,,28,-0.0,0.0,-0.0
2019-02-01 13:30:00+00:00,NFP,Naive sign,2.3749676396538355,18.781599558828077,1.1619520794935492,,1.0,True,,,,,,37,18.781599558828077,1.1619520794935492,17.619647479334528
2019-02-13 13:30:00+00:00,CPI,Naive sign,0.8075888422190041,16.08695146135375,1.1382369102755319,,0.0,False,,,,,,29,0.0,0.0,0.0
2019-03-01 13:30:00+00:00,PCE,Naive sign,-2.108137244454332,-0.3835164624810261,1.1120484699746913,,0.0,False,,,,,,35,-0.0,0.0,-0.0
2019-03-08 13:30:00+00:00,NFP,Naive sign,-2.577157761426142,-3.5624517961352353,1.1442550505050504,,-1.0,True,,,,,,38,3.5624517961352353,1.1442550505050504,2.418196745630185
2019-03-12 12:30:00+00:00,CPI,Naive sign,-0.17594973086669394,14.83621870544738,1.1335652581792597,,0.0,False,,,,,,30,0.0,0.0,0.0
2019-03-29 12:30:00+00:00,PCE,Naive sign,1.3555304283976177,8.894905352985205,1.1219870778040004,,1.0,True,,,,,,36,8.894905352985205,1.1219870778040004,7.772918275181205
2019-04-05 12:30:00+00:00,NFP,Naive sign,0.36000953458674323,-0.37773622684866837,1.0974871329094762,,1.0,True,,,,,,39,-0.37773622684866837,1.0974871329094762,-1.4752233597581446
2019-04-10 12:30:00+00:00,CPI,Naive sign,-0.6660549897418855,1.1451474389900795,1.1068702290076335,,0.0,False,,,,,,31,0.0,0.0,0.0
2019-05-03 12:30:00+00:00,NFP,Naive sign,1.2218354880047635,10.230567552032,1.1004439722232762,,1.0,True,,,,,,40,10.230567552032,1.1004439722232762,9.130123579808723
2019-05-10 12:30:00+00:00,CPI,Naive sign,0.8147019300586259,20.25632728779314,1.1287121005721403,,0.0,False,,,,,,32,0.0,0.0,0.0
2019-05-31 12:30:00+00:00,PCE,Naive sign,-0.36868440449756795,10.432969125790947,1.1642378256854953,,-1.0,True,,,,,,37,-10.432969125790947,1.1642378256854953,-11.597206951476442
2019-06-07 12:30:00+00:00,NFP,Naive sign,-1.5524750423548752,3.1030604182014088,1.123508445684178,,-1.0,True,,,,,,41,-3.1030604182014088,1.123508445684178,-4.2265688638855865
2019-06-12 12:30:00+00:00,CPI,Naive sign,-0.17710016798500505,-4.613787616936094,1.1152559320078452,,0.0,False,,,,,,33,-0.0,0.0,-0.0
2019-06-28 12:30:00+00:00,PCE,Naive sign,-0.366294583792779,3.3794566906308887,1.0889155902673475,,-1.0,True,,,,,,38,-3.3794566906308887,1.0889155902673475,-4.468372280898237
2019-07-05 12:30:00+00:00,NFP,Naive sign,1.0718570086511612,-7.808869040495381,1.0773460138197488,,1.0,True,,,,,,42,-7.808869040495381,1.0773460138197488,-8.88621505431513
2019-07-11 12:30:00+00:00,CPI,Naive sign,-1.1663865052088653,2.597739980849667,1.0751890849770132,,0.0,False,,,,,,34,0.0,0.0,0.0
2019-07-30 12:30:00+00:00,PCE,Naive sign,-0.36395092463953677,-9.960711354235485,1.0699133001291274,,-1.0,True,,,,,,39,9.960711354235485,1.0699133001291274,8.890798054106359
2019-08-02 12:30:00+00:00,NFP,Naive sign,0.031497609119124026,3.3964186978430178,1.0940919037199124,,1.0,True,,,,,,43,3.3964186978430178,1.0940919037199124,2.3023267941231054
2019-08-13 12:30:00+00:00,CPI,Naive sign,-0.1659081562956267,8.139377593217034,1.1232038421317634,,0.0,False,,,,,,35,0.0,0.0,0.0
2019-08-30 12:30:00+00:00,PCE,Naive sign,-0.3616517148149259,-1.8851918238560472,1.093225769970219,,-1.0,True,,,,,,40,1.8851918238560472,1.093225769970219,0.7919660538858282
2019-10-04 12:30:00+00:00,NFP,Naive sign,-0.09265768712922037,8.383827326934323,1.1106855610877058,,-1.0,True,,,,,,44,-8.383827326934323,1.1106855610877058,-9.49451288802203
2019-10-10 12:30:00+00:00,CPI,Naive sign,0.8325119977114724,5.330896478383806,1.1051408101825388,,1.0,True,,,,,,36,5.330896478383806,1.1051408101825388,4.225755668201268
2019-10-31 12:30:00+00:00,PCE,Naive sign,-0.3726587275846903,4.800679572998234,1.0709801314720437,,-1.0,True,,,,,,41,-4.800679572998234,1.0709801314720437,-5.871659704470278
2019-11-01 12:30:00+00:00,NFP,Naive sign,0.742125242156633,5.538836616683085,1.0736764161421695,,1.0,True,,,,,,45,5.538836616683085,1.0736764161421695,4.4651602005409154
2019-11-13 13:30:00+00:00,CPI,Naive sign,-1.1700469441557593,2.1758050564457676,1.051906126446371,,-1.0,True,,,,,,37,-2.1758050564457676,1.051906126446371,-3.2277111828921385
2019-11-27 15:00:00+00:00,PCE,Naive sign,0.9149489511371186,-2.849002868288153,1.032285622752999,,1.0,True,,,,,,42,-2.849002868288153,1.032285622752999,-3.8812884910411523
2019-12-06 13:30:00+00:00,NFP,Naive sign,1.42861497447116,24.80186746110391,1.0463270313176505,,1.0,True,,,,,,46,24.80186746110391,1.0463270313176505,23.755540429786258
2019-12-11 13:30:00+00:00,CPI,Naive sign,-1.158461044632005,-1.4344629753892946,1.03983649467532,,-1.0,True,,,,,,38,1.4344629753892946,1.03983649467532,0.39462648071397455
2020-01-10 13:30:00+00:00,NFP,Naive sign,-0.20617197687041738,-1.7266683976124853,1.0010355540214015,,-1.0,True,,,,,,47,1.7266683976124853,1.0010355540214015,0.7256328435910837
2020-01-14 13:30:00+00:00,CPI,Naive sign,0.8436125672345851,13.162910210482437,1.0046769443963277,,1.0,True,,,,,,39,13.162910210482437,1.0046769443963277,12.158233266086109
2020-01-31 13:30:00+00:00,PCE,Naive sign,-2.1131396664751882,-4.187604751315632,1.0120397836328738,,-1.0,True,,,,,,43,4.187604751315632,1.0120397836328738,3.1755649676827584
2020-02-07 13:30:00+00:00,NFP,Naive sign,1.0001447762026143,-28.71109741358069,0.9909786768726079,,1.0,True,,,,,,48,-28.71109741358069,0.9909786768726079,-29.702076090453296
2020-02-13 13:30:00+00:00,CPI,Naive sign,0.8376680323617207,3.4054146421347298,0.9878730072216922,,1.0,True,,,,,,40,3.4054146421347298,0.9878730072216922,2.4175416349130376
2020-03-06 13:30:00+00:00,NFP,Naive sign,1.6027523818647151,5.519199067798297,1.1448874851954203,,1.0,True,,,,,,49,5.519199067798297,1.1448874851954203,4.374311582602877
2020-03-11 12:30:00+00:00,CPI,Naive sign,-1.1639324823814878,-59.32765757634684,1.199884149116637,,-1.0,True,,,,,,41,59.32765757634684,1.199884149116637,58.1277734272302
2020-03-27 12:30:00+00:00,PCE,Naive sign,-0.36227118384366613,-80.11830313364499,1.3294824187411176,,-1.0,True,,,,,,44,80.11830313364499,1.3294824187411176,78.78882071490386
2020-04-03 12:30:00+00:00,NFP,Naive sign,-9.584675105229561,44.49079659949007,1.374994073301408,,-1.0,True,,,,,,50,-44.49079659949007,1.374994073301408,-45.865790672791476
2020-04-30 12:30:00+00:00,PCE,Naive sign,-0.36017238707897786,-60.32643718533848,1.187794388695474,,-1.0,True,,,,,,45,60.32643718533848,1.187794388695474,59.138642796643005
2020-05-08 12:30:00+00:00,NFP,Naive sign,17.82134084487857,-16.997993354959107,1.2065737466195132,,1.0,True,,,,,,51,-16.997993354959107,1.2065737466195132,-18.20456710157862
2020-05-12 12:30:00+00:00,CPI,Naive sign,-0.1633338468717922,8.664975475607406,1.1973575557390586,,-1.0,True,,,,,,42,-8.664975475607406,1.1973575557390586,-9.862333031346465
2020-05-29 12:30:00+00:00,PCE,Naive sign,-2.070466433747151,-14.232064074537476,1.145701643489254,,-1.0,True,,,,,,46,14.232064074537476,1.145701643489254,13.086362431048222
2020-06-05 12:30:00+00:00,NFP,Naive sign,64.57555252744505,81.78248244934849,1.091292240535862,,1.0,True,,,,,,52,81.78248244934849,1.091292240535862,80.69119020881263
2020-06-10 12:30:00+00:00,CPI,Naive sign,0.8389770540647904,0.7323861142971566,1.0622321526684004,,1.0,True,,,,,,43,0.7323861142971566,1.0622321526684004,-0.3298460383712438
2020-06-26 12:30:00+00:00,PCE,Naive sign,-2.0164547174799274,-27.90059772390663,1.1384156394755436,,-1.0,True,,,,,,47,27.90059772390663,1.1384156394755436,26.762182084431085
2020-07-02 12:30:00+00:00,NFP,Naive sign,1.641547953530035,26.15184937905468,1.1232908548630747,,1.0,True,,,,,,53,26.15184937905468,1.1232908548630747,25.028558524191606
2020-07-14 12:30:00+00:00,CPI,Naive sign,-1.1723852919766982,-36.54201585257866,1.111579592931887,,-1.0,True,,,,,,44,36.54201585257866,1.111579592931887,35.43043625964677
2020-07-31 12:30:00+00:00,PCE,Naive sign,0.29050201998543845,2.2845828831741244,1.1042991508320323,,1.0,True,,,,,,48,2.2845828831741244,1.1042991508320323,1.180283732342092
2020-08-07 12:30:00+00:00,NFP,Naive sign,0.2042193271067664,-11.017261488994734,1.0671180453341182,,1.0,True,,,,,,54,-11.017261488994734,1.0671180453341182,-12.084379534328852
2020-08-12 12:30:00+00:00,CPI,Naive sign,-3.1643008322851895,20.444403742310158,1.0410683515221137,,-1.0,True,,,,,,45,-20.444403742310158,1.0410683515221137,-21.48547209383227
2020-08-28 12:30:00+00:00,PCE,Naive sign,1.3559572550269576,-15.386770415766193,1.0131358300726663,,1.0,True,,,,,,49,-15.386770415766193,1.0131358300726663,-16.39990624583886
2020-09-04 12:30:00+00:00,NFP,Naive sign,-0.08549110617815014,31.28902691535984,1.0207314068494597,,-1.0,True,,,,,,55,-31.28902691535984,1.0207314068494597,-32.3097583222093
2020-09-11 12:30:00+00:00,CPI,Naive sign,-1.0987651213117418,-12.660747951773743,1.0484075051516575,,-1.0,True,,,,,,46,12.660747951773743,1.0484075051516575,11.612340446622085
2020-10-01 12:30:00+00:00,PCE,Naive sign,-0.3232204397783153,-16.872188232408547,1.0401348588644597,,-1.0,True,,,,,,50,16.872188232408547,1.0401348588644597,15.832053373544088
2020-10-02 12:30:00+00:00,NFP,Naive sign,-0.32757294004979853,-17.22463915134753,1.0603678379465427,,-1.0,True,,,,,,56,17.22463915134753,1.0603678379465427,16.164271313400988
2020-10-13 12:30:00+00:00,CPI,Naive sign,-0.1222113648828133,-1.7446830827339,1.011969152388596,,-1.0,True,,,,,,47,1.7446830827339,1.011969152388596,0.7327139303453039
2020-10-30 12:30:00+00:00,PCE,Naive sign,-0.3214984227491263,19.375801514129876,1.1029551591678393,,-1.0,True,,,,,,51,-19.375801514129876,1.1029551591678393,-20.478756673297713
2020-11-06 13:30:00+00:00,NFP,Naive sign,-0.041828857834390075,48.160438708304554,1.0318448674613059,,-1.0,True,,,,,,57,-48.160438708304554,1.0318448674613059,-49.192283575765856
2020-11-12 13:30:00+00:00,CPI,Naive sign,0.8491717707533857,23.371723991569837,0.9975233902036323,,1.0,True,,,,,,48,23.371723991569837,0.9975233902036323,22.374200601366205
2020-11-25 15:00:00+00:00,PCE,Naive sign,-0.3198036664251847,4.021582546904767,0.9721756620851492,,-1.0,True,,,,,,52,-4.021582546904767,0.9721756620851492,-4.993758208989917
2020-12-04 13:30:00+00:00,NFP,Naive sign,-0.3460798058020594,-2.663027211902147,0.9647692870687647,,-1.0,True,,,,,,58,2.663027211902147,0.9647692870687647,1.6982579248333822
2020-12-10 13:30:00+00:00,CPI,Naive sign,-1.1003323497938022,-34.00116612777282,0.9650261222588267,,-1.0,True,,,,,,49,34.00116612777282,0.9650261222588267,33.03614000551399
2020-12-23 13:30:00+00:00,PCE,Naive sign,1.364273206507212,6.338721458636343,0.9678280603390735,,1.0,True,,,,,,53,6.338721458636343,0.9678280603390735,5.3708933982972695
2021-01-08 13:30:00+00:00,NFP,Naive sign,-0.3166483412835174,1.936295872049243,0.9349711448560466,,-1.0,True,,,,,,59,-1.936295872049243,0.9349711448560466,-2.8712670169052896
2021-01-13 13:30:00+00:00,CPI,Naive sign,-0.11993165974022327,0.9697596619773208,0.9378436064937585,,-1.0,True,,,,,,50,-0.9697596619773208,0.9378436064937585,-1.9076032684710793
2021-01-29 13:30:00+00:00,PCE,Naive sign,-2.0053740825460937,30.375089387284504,0.9593754135238851,,-1.0,True,,,,,,54,-30.375089387284504,0.9593754135238851,-31.33446480080839
2021-02-05 13:30:00+00:00,NFP,Naive sign,-0.1649085855030971,0.3217762046858752,0.932745810684764,,-1.0,True,,,,,,60,-0.3217762046858752,0.932745810684764,-1.2545220153706391
2021-02-10 13:30:00+00:00,CPI,Naive sign,-0.11947685719106668,13.697977708488907,0.9247448979591837,,-1.0,True,,,,,,51,-13.697977708488907,0.9247448979591837,-14.62272260644809
2021-02-26 13:30:00+00:00,PCE,Naive sign,-0.3066559924982575,20.432277325124204,0.9280296969503025,,-1.0,True,,,,,,55,-20.432277325124204,0.9280296969503025,-21.360307022074508
2021-03-05 13:30:00+00:00,NFP,Naive sign,0.10051546581221242,69.36742393667927,0.9363900548918307,,1.0,True,,,,,,61,69.36742393667927,0.9363900548918307,68.43103388178744
2021-03-10 13:30:00+00:00,CPI,Naive sign,-0.11902719013235194,12.196458284829959,0.9085782317187794,,-1.0,True,,,,,,52,-12.196458284829959,0.9085782317187794,-13.105036516548738
2021-03-26 12:30:00+00:00,PCE,Naive sign,1.354526371517124,-3.6769212327492085,0.888698210345673,,1.0,True,,,,,,56,-3.6769212327492085,0.888698210345673,-4.5656194430948815
2021-04-13 12:30:00+00:00,CPI,Naive sign,-1.1007080946219612,15.799910872313916,0.86536166149439,,-1.0,True,,,,,,53,-15.799910872313916,0.86536166149439,-16.665272533808306
2021-04-30 12:30:00+00:00,PCE,Naive sign,-0.31634349588250377,-5.026983176765754,0.8574047245956893,,-1.0,True,,,,,,57,5.026983176765754,0.8574047245956893,4.1695784521700645
2021-05-07 12:30:00+00:00,NFP,Naive sign,-0.9371711013313,-25.24191495906436,0.8392660762863923,,-1.0,True,,,,,,62,25.24191495906436,0.8392660762863923,24.402648882777967
2021-05-12 12:30:00+00:00,CPI,Naive sign,-5.998741616835394,34.09261200770786,0.8511387649683024,,-1.0,True,,,,,,54,-34.09261200770786,0.8511387649683024,-34.94375077267616
2021-05-28 12:30:00+00:00,PCE,Naive sign,-0.3147710660260314,-6.361691267713354,0.8385138065635391,,-1.0,True,,,,,,58,6.361691267713354,0.8385138065635391,5.523177461149815
2021-06-04 12:30:00+00:00,NFP,Naive sign,-0.22898401033391952,15.593419272867948,0.8395819460930488,,-1.0,True,,,,,,63,-15.593419272867948,0.8395819460930488,-16.433001218960996
2021-06-10 12:30:00+00:00,CPI,Naive sign,-1.2857519574681133,42.891157158262416,0.8407990490272825,,-1.0,True,,,,,,55,-42.891157158262416,0.8407990490272825,-43.7319562072897
2021-06-25 12:30:00+00:00,PCE,Naive sign,1.353890520300208,10.519242415814034,0.8483501053124269,,1.0,True,,,,,,59,10.519242415814034,0.8483501053124269,9.670892310501607
2021-07-02 12:30:00+00:00,NFP,Naive sign,0.052207519745368525,9.834548981935143,0.8402874362540566,,1.0,True,,,,,,64,9.834548981935143,0.8402874362540566,8.994261545681086
2021-07-13 12:30:00+00:00,CPI,Naive sign,-3.5455463257141377,-11.215438218190599,0.8323287985764307,,-1.0,True,,,,,,56,11.215438218190599,0.8323287985764307,10.383109419614168
2021-07-30 12:30:00+00:00,PCE,Naive sign,1.3368933041672204,5.734438325557534,0.831946755407654,,1.0,True,,,,,,60,5.734438325557534,0.831946755407654,4.90249157014988
2021-08-06 12:30:00+00:00,NFP,Naive sign,-0.013168586432633885,0.2854573740940225,0.8297805373544307,,-1.0,True,,,,,,65,-0.2854573740940225,0.8297805373544307,-1.1152379114484532
2021-08-11 12:30:00+00:00,CPI,Naive sign,-0.023558568354873046,6.817988389435925,0.8247305406250889,,-1.0,True,,,,,,57,-6.817988389435925,0.8247305406250889,-7.642718930061013
2021-08-27 12:30:00+00:00,PCE,Naive sign,-0.3347998796911022,2.270211990786919,0.8231620777746239,,-1.0,True,,,,,,61,-2.270211990786919,0.8231620777746239,-3.093374068561543
2021-09-03 12:30:00+00:00,NFP,Naive sign,-0.6679411690796805,7.05825916172742,0.8176384346453142,,-1.0,True,,,,,,66,-7.05825916172742,0.8176384346453142,-7.8758975963727345
2021-09-14 12:30:00+00:00,CPI,Naive sign,0.8192117877682124,1.1441974897330454,0.8321377331420373,,1.0,True,,,,,,58,1.1441974897330454,0.8321377331420373,0.31205975659100804
2021-10-01 12:30:00+00:00,PCE,Naive sign,-1.9950474862945664,-23.624616013986355,0.8551545175748998,,-1.0,True,,,,,,62,23.624616013986355,0.8551545175748998,22.769461496411456
2021-10-08 12:30:00+00:00,NFP,Naive sign,-0.44428519767740043,5.196004966503409,0.8358312197371455,,-1.0,True,,,,,,67,-5.196004966503409,0.8358312197371455,-6.031836186240555
2021-10-13 12:30:00+00:00,CPI,Naive sign,-0.8730123949613188,-30.347265776544674,0.8456289729981922,,-1.0,True,,,,,,59,30.347265776544674,0.8456289729981922,29.501636803546482
2021-10-29 12:30:00+00:00,PCE,Naive sign,-0.3118249463231859,-7.8731305382717665,0.8151562851360468,,-1.0,True,,,,,,63,7.8731305382717665,0.8151562851360468,7.05797425313572
2021-11-05 12:30:00+00:00,NFP,Naive sign,0.0039393692891312405,16.88792084765467,0.8041259982253771,,1.0,True,,,,,,68,16.88792084765467,0.8041259982253771,16.083794849429292
2021-11-10 13:30:00+00:00,CPI,Naive sign,-2.556455404982467,4.980493171764522,0.8020133300146575,,-1.0,True,,,,,,60,-4.980493171764522,0.8020133300146575,-5.78250650177918
2021-11-24 15:00:00+00:00,PCE,Naive sign,1.3369344843085225,8.975402391993015,0.8141950699084732,,1.0,True,,,,,,64,8.975402391993015,0.8141950699084732,8.161207322084541
2021-12-03 13:30:00+00:00,NFP,Naive sign,-0.4833671251658682,25.081094229015832,0.8361927280066895,,-1.0,True,,,,,,69,-25.081094229015832,0.8361927280066895,-25.917286957022522
2021-12-10 13:30:00+00:00,CPI,Naive sign,-0.8337716263587658,13.63971874257075,0.8089712117830842,,-1.0,True,,,,,,61,-13.63971874257075,0.8089712117830842,-14.448689954353835
2021-12-23 13:30:00+00:00,PCE,Naive sign,-0.320719690291463,-5.038347528625309,0.8116655937753645,,-1.0,True,,,,,,65,5.038347528625309,0.8116655937753645,4.226681934849944
2022-01-07 13:30:00+00:00,NFP,Naive sign,-0.3780124387835242,-19.941842919433128,0.8028570637579248,,-1.0,True,,,,,,70,19.941842919433128,0.8028570637579248,19.1389858556752
2022-01-12 13:30:00+00:00,CPI,Naive sign,-0.828879460574073,12.141281844666452,0.8007952725465289,,-1.0,True,,,,,,62,-12.141281844666452,0.8007952725465289,-12.94207711721298
2022-01-28 13:30:00+00:00,PCE,Naive sign,-0.31922917712759896,26.259512028481424,0.8595648823285316,,-1.0,True,,,,,,66,-26.259512028481424,0.8595648823285316,-27.119076910809955
2022-02-04 13:30:00+00:00,NFP,Naive sign,0.3137581071235987,-0.28735219322229,0.8321138561303837,,1.0,True,,,,,,71,-0.28735219322229,0.8321138561303837,-1.1194660493526736
2022-02-10 13:30:00+00:00,CPI,Naive sign,-1.6544445730650783,-43.566929988969605,0.8120519713261648,,-1.0,True,,,,,,63,43.566929988969605,0.8120519713261648,42.75487801764344
2022-02-25 13:30:00+00:00,PCE,Naive sign,-0.3177592719112605,15.02088184610173,0.8712371567626029,,-1.0,True,,,,,,67,-15.02088184610173,0.8712371567626029,-15.892119002864334
2022-03-04 13:30:00+00:00,NFP,Naive sign,0.21157723178032842,-26.8945894838879,0.8668101386896222,,1.0,True,,,,,,72,-26.8945894838879,0.8668101386896222,-27.76139962257752
2022-03-10 13:30:00+00:00,CPI,Naive sign,0.01752763028449497,-25.22452673924036,0.8813518113299295,,1.0,True,,,,,,64,-25.22452673924036,0.8813518113299295,-26.10587855057029
2022-03-31 12:30:00+00:00,PCE,Naive sign,-0.3163095037297847,-2.564212159867907,0.8261166818596171,,-1.0,True,,,,,,68,2.564212159867907,0.8261166818596171,1.7380954780082898
2022-04-01 12:30:00+00:00,NFP,Naive sign,-0.1576196468748535,-15.535547875629163,0.8335489063263488,,-1.0,True,,,,,,73,15.535547875629163,0.8335489063263488,14.701998969302814
2022-04-12 12:30:00+00:00,CPI,Naive sign,0.01746830212922925,22.97347429895069,0.8467647745853772,,1.0,True,,,,,,65,22.97347429895069,0.8467647745853772,22.126709524365314
2022-04-29 12:30:00+00:00,PCE,Naive sign,-0.314879416609685,-13.943072997726347,0.8591065292096219,,-1.0,True,,,,,,69,13.943072997726347,0.8591065292096219,13.083966468516724
2022-05-06 12:30:00+00:00,NFP,Naive sign,-0.03130413075081324,-67.00600710574989,0.8836883322668129,,-1.0,True,,,,,,74,67.00600710574989,0.8836883322668129,66.12231877348307
2022-05-11 12:30:00+00:00,CPI,Naive sign,-0.8137570479692707,-71.58405710509186,0.8973327557398353,,-1.0,True,,,,,,66,71.58405710509186,0.8973327557398353,70.68672434935202
2022-05-27 12:30:00+00:00,PCE,Naive sign,-0.3134685689124132,30.30537254741006,0.8895978404245528,,-1.0,True,,,,,,70,-30.30537254741006,0.8895978404245528,-31.194970387834612
2022-06-03 12:30:00+00:00,NFP,Naive sign,-0.00230345274077212,-48.05158915560881,0.8766891381238853,,-1.0,True,,,,,,75,48.05158915560881,0.8766891381238853,47.17490001748492
2022-06-10 12:30:00+00:00,CPI,Naive sign,-2.473490408348257,-64.60132853154832,0.8998665715083626,,-1.0,True,,,,,,67,64.60132853154832,0.8998665715083626,63.70146196003996
2022-06-30 12:30:00+00:00,PCE,Naive sign,1.3674428037700574,-24.145143549638703,0.9464443066479553,,1.0,True,,,,,,71,-24.145143549638703,0.9464443066479553,-25.091587856286658
2022-07-08 12:30:00+00:00,NFP,Naive sign,0.038531795866142235,-17.878811990641452,0.9235668789808916,,1.0,True,,,,,,76,-17.878811990641452,0.9235668789808916,-18.802378869622345
2022-07-13 12:30:00+00:00,CPI,Naive sign,-1.6387895948837974,-60.204877815834834,0.9297851875601154,,-1.0,True,,,,,,68,60.204877815834834,0.9297851875601154,59.27509262827472
2022-07-29 12:30:00+00:00,PCE,Naive sign,-1.9957008241117162,-4.305572707679062,0.8913751767381816,,-1.0,True,,,,,,72,4.305572707679062,0.8913751767381816,3.4141975309408803
2022-08-05 12:30:00+00:00,NFP,Naive sign,0.24144452119551107,-33.21036262716959,0.885009765625,,1.0,True,,,,,,77,-33.21036262716959,0.885009765625,-34.09537239279459
2022-08-10 12:30:00+00:00,CPI,Naive sign,1.6768964978331644,33.5514997287234,0.8836344800268138,,1.0,True,,,,,,69,33.5514997287234,0.8836344800268138,32.667865248696586
2022-08-26 12:30:00+00:00,PCE,Naive sign,1.3517023197616702,9.306934337374173,0.8726266060843137,,1.0,True,,,,,,73,9.306934337374173,0.8726266060843137,8.43430773128986
2022-09-02 12:30:00+00:00,NFP,Naive sign,-0.06967087212902896,8.794522835824381,0.9149130832570905,,-1.0,True,,,,,,78,-8.794522835824381,0.9149130832570905,-9.709435919081471
2022-09-13 12:30:00+00:00,CPI,Naive sign,-1.579948474762284,-36.68118169301238,0.8891886919727724,,-1.0,True,,,,,,70,36.68118169301238,0.8891886919727724,35.79199300103961
2022-09-30 12:30:00+00:00,PCE,Naive sign,-3.6097507213276065,20.150624144541496,0.9868309116275904,,-1.0,True,,,,,,74,-20.150624144541496,0.9868309116275904,-21.137455056169085
2022-10-07 12:30:00+00:00,NFP,Naive sign,-0.08079578102720068,-48.97695130720692,0.9631671593211332,,-1.0,True,,,,,,79,48.97695130720692,0.9631671593211332,48.01378414788579
2022-10-13 12:30:00+00:00,CPI,Naive sign,-1.5620361853588192,-70.90633792765644,0.9824181035942952,,-1.0,True,,,,,,71,70.90633792765644,0.9824181035942952,69.92391982406214
2022-10-28 12:30:00+00:00,PCE,Naive sign,-0.27118989507824,-27.364052026292995,0.9050338607496177,,-1.0,True,,,,,,75,27.364052026292995,0.9050338607496177,26.459018165543377
2022-11-04 12:30:00+00:00,NFP,Naive sign,-0.00859864988766689,78.91425673230756,0.9028923690027709,,-1.0,True,,,,,,80,-78.91425673230756,0.9028923690027709,-79.81714910131033
2022-11-10 13:30:00+00:00,CPI,Naive sign,1.6607633563681254,59.90836010457912,0.8899800521712444,,1.0,True,,,,,,72,59.90836010457912,0.8899800521712444,59.01838005240787
2022-12-01 13:30:00+00:00,PCE,Naive sign,1.3116164878816416,-0.288737782803139,0.837956541840037,,1.0,True,,,,,,76,-0.288737782803139,0.837956541840037,-1.126694324643176
2022-12-02 13:30:00+00:00,NFP,Naive sign,-0.014585134531113096,16.167201746011273,0.8441766366838412,,-1.0,True,,,,,,81,-16.167201746011273,0.8441766366838412,-17.011378382695113
2022-12-13 13:30:00+00:00,CPI,Naive sign,1.640803512240514,-4.884847014654525,0.8411160740182145,,1.0,True,,,,,,73,-4.884847014654525,0.8411160740182145,-5.7259630886727395
2022-12-23 13:30:00+00:00,PCE,Naive sign,-0.2794555225126812,-15.03262361799429,0.8726266060843137,,-1.0,True,,,,,,77,15.03262361799429,0.8726266060843137,14.159997011909976
2023-01-06 13:30:00+00:00,NFP,Naive sign,-0.06884081561522244,66.61690052347069,0.8770072882329815,,-1.0,True,,,,,,82,-66.61690052347069,0.8770072882329815,-67.49390781170368
2023-01-12 13:30:00+00:00,CPI,Naive sign,0.03632795161555792,83.47905129587829,0.8516886930983847,,1.0,True,,,,,,74,83.47905129587829,0.8516886930983847,82.62736260277991
2023-01-27 13:30:00+00:00,PCE,Naive sign,-1.8612980836883501,-1.7645501913143846,0.8522894257332628,,-1.0,True,,,,,,78,1.7645501913143846,0.8522894257332628,0.9122607655811218
2023-02-03 13:30:00+00:00,NFP,Naive sign,0.30665937768946433,3.245172833938881,0.8524146850474706,,1.0,True,,,,,,83,3.245172833938881,0.8524146850474706,2.39275814889141
2023-02-14 13:30:00+00:00,CPI,Naive sign,0.036212663530961496,7.296820369582235,0.8443486868922145,,1.0,True,,,,,,75,7.296820369582235,0.8443486868922145,6.452471682690021
2023-02-24 13:30:00+00:00,PCE,Naive sign,-1.830009657188023,-12.184350710846559,0.8804153131546192,,-1.0,True,,,,,,79,12.184350710846559,0.8804153131546192,11.303935397691939
2023-03-10 13:30:00+00:00,NFP,Naive sign,0.011791312539496484,-2.7895299822944253,0.9005092535088809,,1.0,True,,,,,,84,-2.7895299822944253,0.9005092535088809,-3.6900392358033063
2023-03-14 12:30:00+00:00,CPI,Naive sign,0.03609846609086587,14.948151392957243,0.9054011863877615,,1.0,True,,,,,,76,14.948151392957243,0.9054011863877615,14.042750206569481
2023-03-31 12:30:00+00:00,PCE,Naive sign,-0.24561985495403924,-1.808536296223906,0.8748642452033305,,-1.0,True,,,,,,80,1.808536296223906,0.8748642452033305,0.9336720510205755
2023-04-12 12:30:00+00:00,CPI,Naive sign,0.8362188016428281,-7.64188968206625,0.8553058455730549,,1.0,True,,,,,,77,-7.64188968206625,0.8553058455730549,-8.497195527639304
2023-04-28 12:30:00+00:00,PCE,Naive sign,-0.2446458487409858,6.213109861263888,0.8576836626049923,,-1.0,True,,,,,,81,-6.213109861263888,0.8576836626049923,-7.07079352386888
2023-05-05 12:30:00+00:00,NFP,Naive sign,-0.009663468391275397,17.384532148589926,0.8689398933301371,,-1.0,True,,,,,,85,-17.384532148589926,0.8689398933301371,-18.253472041920062
2023-05-10 12:30:00+00:00,CPI,Naive sign,0.030788529266230838,26.37233916081172,0.863532144239645,,1.0,True,,,,,,78,26.37233916081172,0.863532144239645,25.508807016572074
2023-05-26 12:30:00+00:00,PCE,Naive sign,-1.809426281392467,2.1309304636396575,0.8825588118932408,,-1.0,True,,,,,,82,-2.1309304636396575,0.8825588118932408,-3.0134892755328986
2023-06-02 12:30:00+00:00,NFP,Naive sign,0.0835127359455142,6.008171293441222,0.8723903495577883,,1.0,True,,,,,,86,6.008171293441222,0.8723903495577883,5.135780943883434
2023-06-13 12:30:00+00:00,CPI,Naive sign,0.111044762907337,19.613302345717898,0.8508141411177936,,1.0,True,,,,,,79,19.613302345717898,0.8508141411177936,18.762488204600103
2023-06-30 12:30:00+00:00,PCE,Naive sign,-0.22837106669327886,9.563693473584323,0.8418241458387762,,-1.0,True,,,,,,83,-9.563693473584323,0.8418241458387762,-10.4055176194231
2023-07-07 12:30:00+00:00,NFP,Naive sign,-0.1195977821158257,-16.71383091743195,0.8501407129455909,,-1.0,True,,,,,,87,16.71383091743195,0.8501407129455909,15.863690204486359
2023-07-12 12:30:00+00:00,CPI,Naive sign,0.7957918434964811,4.618537737606232,0.8402143995364334,,1.0,True,,,,,,80,4.618537737606232,0.8402143995364334,3.7783233380697987
2023-07-28 12:30:00+00:00,PCE,Naive sign,-0.22749221991958832,5.337753494440989,0.8151562851360468,,-1.0,True,,,,,,84,-5.337753494440989,0.8151562851360468,-6.152909779577035
2023-08-04 12:30:00+00:00,NFP,Naive sign,-0.1093620433557646,1.4140071572299462,0.8211110481907242,,-1.0,True,,,,,,88,-1.4140071572299462,0.8211110481907242,-2.2351182054206706
2023-08-10 12:30:00+00:00,CPI,Naive sign,0.025247022731454967,-7.620983475682408,0.819672131147541,,1.0,True,,,,,,81,-7.620983475682408,0.819672131147541,-8.44065560682995
2023-08-31 12:30:00+00:00,PCE,Naive sign,-0.22662344597528022,-3.1316280451321177,0.8252703471826978,,-1.0,True,,,,,,85,3.1316280451321177,0.8252703471826978,2.30635769794942
2023-09-01 12:30:00+00:00,NFP,Naive sign,-0.07191857716894035,0.8584059406935296,0.830612361803288,,-1.0,True,,,,,,89,-0.8584059406935296,0.830612361803288,-1.6890183024968177
2023-09-29 12:30:00+00:00,PCE,Naive sign,1.3433872606317534,6.746747883550341,0.851513638899492,,1.0,True,,,,,,86,6.746747883550341,0.851513638899492,5.895234244650849
2023-10-06 12:30:00+00:00,NFP,Naive sign,0.1131620651823218,-18.719247034972852,0.8700087000870008,,1.0,True,,,,,,90,-18.719247034972852,0.8700087000870008,-19.589255735059854
2023-10-12 12:30:00+00:00,CPI,Naive sign,-0.7867827476260195,-19.95305826303806,0.8494932333470032,,-1.0,True,,,,,,82,19.95305826303806,0.8494932333470032,19.103565029691055
2023-10-27 12:30:00+00:00,PCE,Naive sign,-1.799426751444557,6.388707416764561,0.8824782423467835,,-1.0,True,,,,,,87,-6.388707416764561,0.8824782423467835,-7.271185659111344
2023-11-03 12:30:00+00:00,NFP,Naive sign,-0.13108733580921772,17.039783193428804,0.8549276259544235,,-1.0,True,,,,,,91,-17.039783193428804,0.8549276259544235,-17.894710819383228
2023-11-14 13:30:00+00:00,CPI,Naive sign,0.8426941285268533,38.339073496249654,0.8429742456833904,,1.0,True,,,,,,83,38.339073496249654,0.8429742456833904,37.49609925056626
2023-11-30 13:30:00+00:00,PCE,Naive sign,1.3321946861111806,-0.8403949861346405,0.8120292330523898,,1.0,True,,,,,,88,-0.8403949861346405,0.8120292330523898,-1.6524242191870302
2023-12-08 13:30:00+00:00,NFP,Naive sign,-0.07577269969724261,11.914494142981624,0.8031683607056804,,-1.0,True,,,,,,92,-11.914494142981624,0.8031683607056804,-12.717662503687304
2023-12-12 13:30:00+00:00,CPI,Naive sign,-0.7887014604517996,-30.129579888313884,0.793194934493039,,-1.0,True,,,,,,84,30.129579888313884,0.793194934493039,29.336384953820847
2023-12-22 13:30:00+00:00,PCE,Naive sign,1.319160634839701,13.006146573246724,0.7701704998140968,,1.0,True,,,,,,89,13.006146573246724,0.7701704998140968,12.235976073432628
2024-01-05 13:30:00+00:00,NFP,Naive sign,-0.041746958090400695,19.146905115459134,0.7704979010574419,,-1.0,True,,,,,,93,-19.146905115459134,0.7704979010574419,-19.917403016516577
2024-01-11 13:30:00+00:00,CPI,Naive sign,-0.7849042105335153,-11.35358618006066,0.7639821913116783,,-1.0,True,,,,,,85,11.35358618006066,0.7639821913116783,10.589603988748982
2024-01-26 13:30:00+00:00,PCE,Naive sign,-0.23765961104637265,18.86101046373767,0.7601373489554665,,-1.0,True,,,,,,90,-18.86101046373767,0.7601373489554665,-19.62114781269314
2024-02-02 13:30:00+00:00,NFP,Naive sign,0.1178356155064509,-16.09762777841084,0.7503040024837649,,1.0,True,,,,,,94,-16.09762777841084,0.7503040024837649,-16.847931780894605
2024-02-13 13:30:00+00:00,CPI,Naive sign,-0.7811613847490155,-42.99299569940018,0.7468644569780319,,-1.0,True,,,,,,86,42.99299569940018,0.7468644569780319,42.24613124242215
2024-02-29 13:30:00+00:00,PCE,Naive sign,-0.23678595848151593,27.950527844584627,0.7461726489129036,,-1.0,True,,,,,,91,-27.950527844584627,0.7461726489129036,-28.69670049349753
2024-03-08 13:30:00+00:00,NFP,Naive sign,0.0003740759023637736,13.66032404387596,0.7492959202129034,,1.0,True,,,,,,95,13.66032404387596,0.7492959202129034,12.911028123663057
2024-03-12 12:30:00+00:00,CPI,Naive sign,0.038897596673548446,38.67579078409733,0.747576819962879,,1.0,True,,,,,,87,38.67579078409733,0.747576819962879,37.92821396413445
2024-04-05 12:30:00+00:00,NFP,Naive sign,0.01805478474136971,-1.0261672661648902,0.7431133888532991,,1.0,True,,,,,,96,-1.0261672661648902,0.7431133888532991,-1.7692806550181892
2024-04-10 12:30:00+00:00,CPI,Naive sign,-0.7799931857072275,-44.016081566446985,0.7383267987168389,,-1.0,True,,,,,,88,44.016081566446985,0.7383267987168389,43.277754767730144
2024-04-26 12:30:00+00:00,PCE,Naive sign,-0.24439946298316922,-22.14955759560766,0.7565480538453511,,-1.0,True,,,,,,92,22.14955759560766,0.7565480538453511,21.39300954176231
2024-05-03 12:30:00+00:00,NFP,Naive sign,-0.17706829493247359,-8.230241456317344,0.750168141135082,,-1.0,True,,,,,,97,8.230241456317344,0.750168141135082,7.4800733151822625
2024-05-15 12:30:00+00:00,CPI,Naive sign,0.8630942134153134,-4.769136249223038,0.7306074118862268,,1.0,True,,,,,,89,-4.769136249223038,0.7306074118862268,-5.499743661109265
2024-05-31 12:30:00+00:00,PCE,Naive sign,-0.24351667860145637,7.31185074620555,0.7587253414264037,,-1.0,True,,,,,,93,-7.31185074620555,0.7587253414264037,-8.070576087631954
2024-06-07 12:30:00+00:00,NFP,Naive sign,0.022890670339214506,4.896844210673379,0.7441621760328458,,1.0,True,,,,,,98,4.896844210673379,0.7441621760328458,4.152682034640533
2024-06-12 12:30:00+00:00,CPI,Naive sign,0.8587529694109373,26.60596621796074,0.746941403734707,,1.0,True,,,,,,90,26.60596621796074,0.746941403734707,25.859024814226036
2024-06-28 12:30:00+00:00,PCE,Naive sign,-0.2426433957445556,-7.834119251839411,0.7330081136415337,,-1.0,True,,,,,,94,7.834119251839411,0.7330081136415337,7.1011111381978775
2024-07-05 12:30:00+00:00,NFP,Naive sign,-0.07399593365510283,-2.269145928419647,0.7316950093354191,,-1.0,True,,,,,,99,2.269145928419647,0.7316950093354191,1.5374509190842278
2024-07-11 12:30:00+00:00,CPI,Naive sign,1.6754537637453566,-24.468814485469892,0.725,,1.0,True,,,,,,91,-24.468814485469892,0.725,-25.193814485469893
2024-07-26 12:30:00+00:00,PCE,Naive sign,-0.5783982211069412,-10.630277511847197,0.7168458781362007,,-1.0,True,,,,,,95,10.630277511847197,0.7168458781362007,9.913431633710996
2024-08-02 12:30:00+00:00,NFP,Naive sign,-0.1721608664320203,5.996701993709053,0.7208550832711905,,-1.0,True,,,,,,100,-5.996701993709053,0.7208550832711905,-6.717557076980243
2024-08-14 12:30:00+00:00,CPI,Naive sign,0.023803419256880783,4.25985096963899,0.727145077980041,,1.0,True,,,,,,92,4.25985096963899,0.727145077980041,3.5327058916589484
2024-08-30 12:30:00+00:00,PCE,Naive sign,-0.238436036952374,-14.695787845440123,0.6981054861462169,,-1.0,True,,,,,,96,14.695787845440123,0.6981054861462169,13.997682359293906
2024-09-06 12:30:00+00:00,NFP,Naive sign,-0.12297466673639144,23.542694249361062,0.7130387745568095,,-1.0,True,,,,,,101,-23.542694249361062,0.7130387745568095,-24.255733023917873
2024-09-11 12:30:00+00:00,CPI,Naive sign,-0.09913290389855092,27.604582141123046,0.7128109330449317,,-1.0,True,,,,,,93,-27.604582141123046,0.7128109330449317,-28.317393074167978
2024-09-27 12:30:00+00:00,PCE,Naive sign,-0.2375999467930136,8.44673912258287,0.6809269999295593,,-1.0,True,,,,,,97,-8.44673912258287,0.6809269999295593,-9.127666122512428
2024-10-04 12:30:00+00:00,NFP,Naive sign,0.040543022944561934,28.93336763154508,0.6837848671335266,,1.0,True,,,,,,102,28.93336763154508,0.6837848671335266,28.249582764411556
2024-10-10 12:30:00+00:00,CPI,Naive sign,-0.7970756838786801,-5.851032874186757,0.6778234854151085,,-1.0,True,,,,,,94,5.851032874186757,0.6778234854151085,5.173209388771649
2024-10-31 12:30:00+00:00,PCE,Naive sign,-0.2367725943128565,-9.963940850923336,0.6875133353879709,,-1.0,True,,,,,,98,9.963940850923336,0.6875133353879709,9.276427515535365
2024-11-01 12:30:00+00:00,NFP,Naive sign,-0.20694615809024963,24.45772765117482,0.6892945426887241,,-1.0,True,,,,,,103,-24.45772765117482,0.6892945426887241,-25.147022193863545
2024-11-13 13:30:00+00:00,CPI,Naive sign,0.028872763033326438,-7.710450309428296,0.6592557230216645,,1.0,True,,,,,,95,-7.710450309428296,0.6592557230216645,-8.36970603244996
2024-11-27 15:00:00+00:00,PCE,Naive sign,-0.23595382831701026,5.772903042338129,0.6439435994226712,,-1.0,True,,,,,,99,-5.772903042338129,0.6439435994226712,-6.4168466417608006
2024-12-06 13:30:00+00:00,NFP,Naive sign,-0.08361582857707964,4.899886509743823,0.64709032488397,,-1.0,True,,,,,,104,-4.899886509743823,0.64709032488397,-5.546976834627793
2024-12-11 13:30:00+00:00,CPI,Naive sign,-0.13613039922014264,10.808134172304307,0.6541107477162513,,-1.0,True,,,,,,96,-10.808134172304307,0.6541107477162513,-11.462244920020558
2025-01-10 13:30:00+00:00,NFP,Naive sign,0.02543842745033338,-3.289473713881108,0.676779463243874,,1.0,True,,,,,,105,-3.289473713881108,0.676779463243874,-3.9662531771249823
2025-01-15 13:30:00+00:00,CPI,Naive sign,0.029630018694912632,55.180515195409896,0.6750151296494576,,1.0,True,,,,,,97,55.180515195409896,0.6750151296494576,54.50550006576044
2025-01-31 13:30:00+00:00,PCE,Naive sign,-0.24328328434500773,-1.3282270402292795,0.641763299991148,,-1.0,True,,,,,,100,1.3282270402292795,0.641763299991148,0.6864637402381315
2025-02-07 13:30:00+00:00,NFP,Naive sign,-0.13442132024142522,25.63732413108255,0.6467007113707824,,-1.0,True,,,,,,106,-25.63732413108255,0.6467007113707824,-26.284024842453334
2025-02-12 13:30:00+00:00,CPI,Naive sign,-1.6288289771507536,-0.9028530161536708,0.6487986039643832,,-1.0,True,,,,,,98,0.9028530161536708,0.6487986039643832,0.2540544121892876
2025-02-28 13:30:00+00:00,PCE,Naive sign,-0.24245575341235073,-10.804474562871036,0.6668046262445103,,-1.0,True,,,,,,101,10.804474562871036,0.6668046262445103,10.137669936626526
2025-03-07 13:30:00+00:00,NFP,Naive sign,-0.10408611006653506,-68.47896181579216,0.6807192150603258,,-1.0,True,,,,,,107,68.47896181579216,0.6807192150603258,67.79824260073184
2025-03-12 12:30:00+00:00,CPI,Naive sign,0.863785844188717,-42.74276120659337,0.6953769422597352,,1.0,True,,,,,,99,-42.74276120659337,0.6953769422597352,-43.438138148853106
2025-03-28 12:30:00+00:00,PCE,Naive sign,-0.2416366134206346,-15.53562913979789,0.6816792816510742,,-1.0,True,,,,,,102,15.53562913979789,0.6816792816510742,14.853949858146816
2025-04-04 12:30:00+00:00,NFP,Naive sign,0.022901267949125444,19.882973894436162,0.7307362797964017,,1.0,True,,,,,,108,19.882973894436162,0.7307362797964017,19.15223761463976
2025-04-10 12:30:00+00:00,CPI,Naive sign,1.6857215992659478,-47.609691199443915,0.7206401272302569,,1.0,True,,,,,,100,-47.609691199443915,0.7206401272302569,-48.33033132667417
2025-04-30 14:00:00+00:00,PCE,Naive sign,-0.24082572346498407,54.64562648212379,0.7269263548403267,,-1.0,True,,,,,,103,-54.64562648212379,0.7269263548403267,-55.37255283696412
2025-05-02 12:30:00+00:00,NFP,Naive sign,-0.04068498955260628,30.78752992482947,0.7064211244275552,,-1.0,True,,,,,,109,-30.78752992482947,0.7064211244275552,-31.493951049257028
2025-05-13 12:30:00+00:00,CPI,Naive sign,0.8463013350782487,-21.247470102245813,0.6849153302945136,,1.0,True,,,,,,101,-21.247470102245813,0.6849153302945136,-21.932385432540325
2025-05-30 12:30:00+00:00,PCE,Naive sign,-0.2400229459321998,4.748112714434427,0.6887706631198935,,-1.0,True,,,,,,104,-4.748112714434427,0.6887706631198935,-5.43688337755432
2025-06-06 12:30:00+00:00,NFP,Naive sign,-0.07537897167229662,16.180664123321975,0.6817273560732504,,-1.0,True,,,,,,110,-16.180664123321975,0.6817273560732504,-16.862391479395225
2025-06-11 12:30:00+00:00,CPI,Naive sign,0.842385437586005,-9.770396478270271,0.676890040379992,,1.0,True,,,,,,102,-9.770396478270271,0.676890040379992,-10.447286518650262
2025-06-27 12:30:00+00:00,PCE,Naive sign,-0.23922814640251422,2.9649565166778302,0.6610289257140252,,-1.0,True,,,,,,105,-2.9649565166778302,0.6610289257140252,-3.6259854423918556
2025-07-15 12:30:00+00:00,CPI,Naive sign,0.015270024971998773,-13.431234110825585,0.649859943977591,,1.0,True,,,,,,103,-13.431234110825585,0.649859943977591,-14.081094054803176
2025-07-31 12:30:00+00:00,PCE,Naive sign,-0.23844119355490775,-7.822890174438157,0.6482040278057176,,-1.0,True,,,,,,106,7.822890174438157,0.6482040278057176,7.17468614663244
2025-08-01 12:30:00+00:00,NFP,Naive sign,-0.13459299863347782,6.835893261687431,0.6598407281001138,,-1.0,True,,,,,,111,-6.835893261687431,0.6598407281001138,-7.495733989787545
2025-08-12 12:30:00+00:00,CPI,Naive sign,0.015229351855953272,11.289996005832137,0.6573727756998753,,1.0,True,,,,,,104,11.289996005832137,0.6573727756998753,10.632623230132262
2025-08-29 12:30:00+00:00,PCE,Naive sign,-0.23766195907583582,-1.7540397773530003,0.6365372374283895,,-1.0,True,,,,,,107,1.7540397773530003,0.6365372374283895,1.1175025399246108
2025-09-05 12:30:00+00:00,NFP,Naive sign,-0.16203229557152443,32.003534549343016,0.636467386533228,,-1.0,True,,,,,,112,-32.003534549343016,0.636467386533228,-32.64000193587624
2025-09-11 12:30:00+00:00,CPI,Naive sign,-0.8125014898375039,1.9705512133505465,0.6354771556919031,,-1.0,True,,,,,,105,-1.9705512133505465,0.6354771556919031,-2.6060283690424497
2025-09-26 12:30:00+00:00,PCE,Naive sign,-0.23689031757122087,7.100973992510973,0.6247980178821502,,-1.0,True,,,,,,108,-7.100973992510973,0.6247980178821502,-7.725772010393123
2025-10-24 12:30:00+00:00,CPI,Naive sign,0.847953082809842,-18.236184786228904,0.6171394522355345,,1.0,True,,,,,,106,-18.236184786228904,0.6171394522355345,-18.853324238464438
2025-11-20 13:30:00+00:00,NFP,Naive sign,-0.0023105936820798033,25.748324492571584,0.624246598932323,,-1.0,True,,,,,,113,-25.748324492571584,0.624246598932323,-26.372571091503907
2025-12-05 15:00:00+00:00,PCE,Naive sign,-0.2361261464815725,4.365405272466205,0.6031739428856674,,-1.0,True,,,,,,109,-4.365405272466205,0.6031739428856674,-4.968579215351872
2026-01-09 13:30:00+00:00,NFP,Naive sign,-0.11728348610816007,9.875349714754122,0.5850430712743852,,-1.0,True,,,,,,114,-9.875349714754122,0.5850430712743852,-10.460392786028507
2026-01-13 13:30:00+00:00,CPI,Naive sign,0.01505420514787327,-18.268511981620605,0.5836419256158428,,1.0,True,,,,,,107,-18.268511981620605,0.5836419256158428,-18.85215390723645
2026-02-11 13:30:00+00:00,NFP,Naive sign,-0.002974276950318473,27.542495243455534,0.5758995948844229,,-1.0,True,,,,,,115,-27.542495243455534,0.5758995948844229,-28.118394838339956
2026-02-13 13:30:00+00:00,CPI,Naive sign,0.8462769813651695,-4.843103716893893,0.5863916691942169,,1.0,True,,,,,,108,-4.843103716893893,0.5863916691942169,-5.42949538608811
2026-02-20 13:30:00+00:00,PCE,Naive sign,-1.874584816789142,-5.872288032353623,0.5864984022974558,,-1.0,True,,,,,,110,5.872288032353623,0.5864984022974558,5.2857896300561675
2026-03-06 13:30:00+00:00,NFP,Naive sign,-0.288041446580229,-46.16122440461723,0.6074061662198391,,-1.0,True,,,,,,116,46.16122440461723,0.6074061662198391,45.55381823839739
2026-03-11 12:30:00+00:00,CPI,Naive sign,-0.07257360225559249,-31.074183062749228,0.6080429404117919,,-1.0,True,,,,,,109,31.074183062749228,0.6080429404117919,30.466140122337436
2026-03-13 12:30:00+00:00,PCE,Naive sign,-0.21994435368833912,0.21304926764997845,0.6182577921801048,,-1.0,True,,,,,,111,-0.21304926764997845,0.6182577921801048,-0.8313070598300832
2026-04-09 12:30:00+00:00,PCE,Naive sign,-0.21926095603584936,1.667396156346257,0.6045319046924184,,-1.0,True,,,,,,112,-1.667396156346257,0.6045319046924184,-2.2719280610386754
2026-04-10 12:30:00+00:00,CPI,Naive sign,0.3863432136330373,-8.671594877949218,0.5989879169678819,,1.0,True,,,,,,110,-8.671594877949218,0.5989879169678819,-9.2705827949171
2026-04-30 12:30:00+00:00,PCE,Naive sign,-0.21858389123884375,-8.715480663177289,0.5875321623209546,,-1.0,True,,,,,,113,8.715480663177289,0.5875321623209546,8.127948500856334
2026-05-08 12:30:00+00:00,NFP,Naive sign,-0.02209025678682834,-5.815411002618731,0.5815119310206537,,-1.0,True,,,,,,117,5.815411002618731,0.5815119310206537,5.233899071598078
2026-05-12 12:30:00+00:00,CPI,Naive sign,0.009048380436151223,15.266258514028408,0.5828559943724249,,1.0,True,,,,,,111,15.266258514028408,0.5828559943724249,14.683402519655983
2026-05-28 12:30:00+00:00,PCE,Naive sign,1.4256193886011588,9.086061422678426,0.5731791679019665,,1.0,True,,,,,,114,9.086061422678426,0.5731791679019665,8.51288225477646
2026-06-05 12:30:00+00:00,NFP,Naive sign,0.024028750728270636,4.256389485188805,0.5609284332688588,,1.0,True,,,,,,118,4.256389485188805,0.5609284332688588,3.6954610519199464
2026-06-10 12:30:00+00:00,CPI,Naive sign,0.009025267637695652,12.047361406555268,0.5733718217406777,,1.0,True,,,,,,112,12.047361406555268,0.5733718217406777,11.473989584814591
2026-06-25 12:30:00+00:00,PCE,Naive sign,1.4130475363822363,-5.150558567930119,0.5540801314507346,,1.0,True,,,,,,115,-5.150558567930119,0.5540801314507346,-5.704638699380854
2016-01-08 13:30:00+00:00,NFP,Surprise only,1.6142593236792937,-18.677517103160568,1.7513134851138354,,0.0,False,,,,,,0,-0.0,0.0,-0.0
2016-01-20 13:30:00+00:00,CPI,Surprise only,0.8034072020471136,10.860192079000797,1.8541014001662297,,0.0,False,,,,,,0,0.0,0.0,0.0
2016-02-01 13:30:00+00:00,PCE,Surprise only,1.3212240511473,6.153089044733662,1.7850547827157452,,0.0,False,,,,,,0,0.0,0.0,0.0
2016-02-05 13:30:00+00:00,NFP,Surprise only,-0.5662977961971637,-14.739301323434262,1.7755464397232597,,0.0,False,,,,,,1,-0.0,0.0,-0.0
2016-02-19 13:30:00+00:00,CPI,Surprise only,-1.1647750851392003,-7.356547658883272,1.7748944243833773,,0.0,False,,,,,,1,-0.0,0.0,-0.0
2016-02-26 15:00:00+00:00,PCE,Surprise only,-2.1146814105422513,-13.177599990168432,1.7353838788821734,,0.0,False,,,,,,1,-0.0,0.0,-0.0
2016-03-04 13:30:00+00:00,NFP,Surprise only,0.8511296176546844,-33.028635156728825,1.7110153991385924,,0.0,False,,,,,,2,-0.0,0.0,-0.0
2016-03-28 12:30:00+00:00,PCE,Surprise only,-0.3589718295271186,-6.871278328066666,1.6602736588996394,,0.0,False,,,,,,2,-0.0,0.0,-0.0
2016-04-01 12:30:00+00:00,NFP,Surprise only,0.23256549524665046,-31.39003233807003,1.6535522864636787,,0.0,False,,,,,,3,-0.0,0.0,-0.0
2016-04-14 12:30:00+00:00,CPI,Surprise only,0.8159070832843519,12.889849628443528,1.626654700471169,,0.0,False,,,,,,2,0.0,0.0,0.0
2016-04-29 12:30:00+00:00,PCE,Surprise only,-0.3548908737688326,-25.95645289842352,1.6339869281045751,,0.0,False,,,,,,3,-0.0,0.0,-0.0
2016-05-06 12:30:00+00:00,NFP,Surprise only,-0.5970295853454834,-14.282860142262876,1.6539295083837116,,0.0,False,,,,,,4,-0.0,0.0,-0.0
2016-05-17 12:30:00+00:00,CPI,Surprise only,-1.165117912908518,-10.776168697308464,1.6434319392496883,,0.0,False,,,,,,3,-0.0,0.0,-0.0
2016-05-31 12:30:00+00:00,PCE,Surprise only,-0.3509464824958188,-1.1183805860781604,1.6211985688729873,,0.0,False,,,,,,4,-0.0,0.0,-0.0
2016-06-03 12:30:00+00:00,NFP,Surprise only,-1.9555484666489378,-16.87954038313677,1.625469424359621,,0.0,False,,,,,,5,-0.0,0.0,-0.0
2016-06-29 12:30:00+00:00,PCE,Surprise only,-0.3471306674377593,13.203595591964046,1.6659007352941178,,0.0,False,,,,,,5,0.0,0.0,0.0
2016-07-08 12:30:00+00:00,NFP,Surprise only,1.8450710388339822,10.597061701691501,1.6242858743138793,,0.0,False,,,,,,6,0.0,0.0,0.0
2016-07-15 12:30:00+00:00,CPI,Surprise only,0.8115726727885837,2.1674343081379277,1.5730093295725753,,0.0,False,,,,,,4,0.0,0.0,0.0
2016-08-02 12:30:00+00:00,PCE,Surprise only,1.357394389268374,-3.8246141703801584,1.5842665938268232,,0.0,False,,,,,,6,-0.0,0.0,-0.0
2016-08-05 12:30:00+00:00,NFP,Surprise only,1.2796377681502662,23.96123784340176,1.5833151343088012,,0.0,False,,,,,,7,0.0,0.0,0.0
2016-08-16 12:30:00+00:00,CPI,Surprise only,-0.18513874292076055,-4.314063915042965,1.563510890662066,,0.0,False,,,,,,5,-0.0,0.0,-0.0
2016-08-29 12:30:00+00:00,PCE,Surprise only,-0.36621496105815404,2.175213451387492,1.5772870662460565,,0.0,False,,,,,,7,0.0,0.0,0.0
2016-09-02 12:30:00+00:00,NFP,Surprise only,-0.40888888651079935,21.153697579823216,1.5766867830152775,,0.0,False,,,,,,8,0.0,0.0,0.0
2016-09-30 12:30:00+00:00,PCE,Surprise only,1.3393576888346368,6.6287358114003325,1.6022984695287033,,0.0,False,,,,,,8,0.0,0.0,0.0
2016-10-07 12:30:00+00:00,NFP,Surprise only,-0.1964152932718881,8.234293551208083,1.5951595159515952,,0.0,False,,,,,,9,0.0,0.0,0.0
2016-10-18 12:30:00+00:00,CPI,Surprise only,-0.16901430640024803,2.761286777168692,1.6023870040888497,,0.0,False,,,,,,6,0.0,0.0,0.0
2016-10-31 12:30:00+00:00,PCE,Surprise only,-0.3840686609153908,4.968944201610981,1.601855943437914,,0.0,False,,,,,,9,0.0,0.0,0.0
2016-11-04 12:30:00+00:00,NFP,Surprise only,-0.1303193272493761,12.887682841693504,1.6250140087414546,,0.0,False,,,,,,10,0.0,0.0,0.0
2016-11-17 13:30:00+00:00,CPI,Surprise only,-0.16796381350875023,3.717176051090121,1.5400955921402018,,0.0,False,,,,,,7,0.0,0.0,0.0
2016-11-30 13:30:00+00:00,PCE,Surprise only,1.3230170925284488,4.697163521552028,1.514044063903101,,0.0,False,,,,,,10,0.0,0.0,0.0
2016-12-02 13:30:00+00:00,NFP,Surprise only,0.033610480884534014,1.0425354471621517,1.5112037519541426,,0.0,False,,,,,,11,0.0,0.0,0.0
2016-12-22 15:00:00+00:00,PCE,Surprise only,2.9838886430672513,0.0,1.4600010068972462,,0.0,False,,,,,,11,0.0,0.0,0.0
2017-01-06 13:30:00+00:00,NFP,Surprise only,-0.24560763540543862,11.097100760490974,1.4645724963385687,,0.0,False,,,,,,12,0.0,0.0,0.0
2017-01-18 13:30:00+00:00,CPI,Surprise only,-0.1659201234598231,-1.5167985467812173,1.4659050700096041,,0.0,False,,,,,,8,-0.0,0.0,-0.0
2017-01-30 13:30:00+00:00,PCE,Surprise only,-0.4243384371886906,6.517434367019348,1.4542172299669038,,0.0,False,,,,,,12,0.0,0.0,0.0
2017-02-03 13:30:00+00:00,NFP,Surprise only,0.8452794369339985,10.553560293029562,1.4592663412670457,,0.0,False,,,,,,13,0.0,0.0,0.0
2017-02-15 13:30:00+00:00,CPI,Surprise only,-3.2124696574381035,-3.4163840347822827,1.4147721728949165,,0.0,False,,,,,,9,-0.0,0.0,-0.0
2017-03-01 13:30:00+00:00,PCE,Surprise only,1.1790960725118012,5.721642267388916,1.3825324180015255,,0.0,False,,,,,,13,0.0,0.0,0.0
2017-03-10 13:30:00+00:00,NFP,Surprise only,0.6384882035084962,5.723279595333253,1.384644766997708,,0.0,False,,,,,,14,0.0,0.0,0.0
2017-03-31 12:30:00+00:00,PCE,Surprise only,-0.4384274479644154,-1.45310116261399,1.4044263644728558,,0.0,False,,,,,,14,-0.0,0.0,-0.0
2017-04-07 12:30:00+00:00,NFP,Surprise only,-1.3078965412877368,6.323111181263386,1.407766990291262,,0.0,False,,,,,,15,0.0,0.0,0.0
2017-05-01 12:30:00+00:00,PCE,Surprise only,-0.4341842117614949,-5.260012075858356,1.386299536306707,,0.0,False,,,,,,15,-0.0,0.0,-0.0
2017-05-05 12:30:00+00:00,NFP,Surprise only,0.4142854976008267,1.9170860351103158,1.3908872901678657,,0.0,False,,,,,,16,0.0,0.0,0.0
2017-05-12 12:30:00+00:00,CPI,Surprise only,-0.13514617301327977,4.795473165319919,1.3908872901678657,,0.0,False,,,,,,10,0.0,0.0,0.0
2017-05-30 12:30:00+00:00,PCE,Surprise only,-0.4300621707383414,1.4258894009167022,1.3785890853774483,,0.0,False,,,,,,16,0.0,0.0,0.0
2017-06-02 12:30:00+00:00,NFP,Surprise only,-0.6677396065852849,-10.861610002681488,1.367730981464887,,0.0,False,,,,,,17,-0.0,0.0,-0.0
2017-06-30 12:30:00+00:00,PCE,Surprise only,-0.4260556508599551,-2.817827473684531,1.3618859772705927,,0.0,False,,,,,,17,-0.0,0.0,-0.0
2017-07-07 12:30:00+00:00,NFP,Surprise only,0.8034356423152486,4.222477718798245,1.362653885912978,,0.0,False,,,,,,18,0.0,0.0,0.0
2017-07-14 12:30:00+00:00,CPI,Surprise only,0.7927260050565855,4.1822533660962335,1.3481474594393565,,0.0,False,,,,,,11,0.0,0.0,0.0
2017-08-01 12:30:00+00:00,PCE,Surprise only,-0.422159343805065,5.013559504298826,1.3218469392406218,,0.0,False,,,,,,18,0.0,0.0,0.0
2017-08-04 12:30:00+00:00,NFP,Surprise only,0.5458452330557173,-0.45397798213997476,1.3169845594913714,,0.0,False,,,,,,19,-0.0,0.0,-0.0
2017-08-11 12:30:00+00:00,CPI,Surprise only,0.7856685090657263,8.701028644111375,1.3287514318442153,,0.0,False,,,,,,12,0.0,0.0,0.0
2017-08-31 12:30:00+00:00,PCE,Surprise only,-0.4183682771652557,3.647804518145392,1.3228720007298604,,0.0,False,,,,,,19,0.0,0.0,0.0
2017-09-01 12:30:00+00:00,NFP,Surprise only,-0.34604558050796347,1.363357497172757,1.3172836702248465,,0.0,False,,,,,,20,0.0,0.0,0.0
2017-09-29 12:30:00+00:00,PCE,Surprise only,1.24403333303221,-8.519224817451487,1.2999237975704871,,0.0,False,,,,,,20,-0.0,0.0,-0.0
2017-10-06 12:30:00+00:00,NFP,Surprise only,-1.8424473560997108,-11.01006430998197,1.2762961006953613,,0.0,False,,,,,,21,-0.0,0.0,-0.0
2017-10-13 12:30:00+00:00,CPI,Surprise only,0.7897822256401897,-0.8761170498061688,1.2703697213947782,,0.0,False,,,,,,13,-0.0,0.0,-0.0
2017-10-30 12:30:00+00:00,PCE,Surprise only,-0.43153418183276016,-4.289084346265071,1.2435677530017153,,0.0,False,,,,,,21,-0.0,0.0,-0.0
2017-11-03 12:30:00+00:00,NFP,Surprise only,-0.7859021766829931,-0.8520064757711054,1.2355672958118529,,0.0,False,,,,,,22,-0.0,0.0,-0.0
2017-11-15 13:30:00+00:00,CPI,Surprise only,-0.15820077948038003,-6.874033609740593,1.2452765372724148,,0.0,False,,,,,,14,-0.0,0.0,-0.0
2017-11-30 13:30:00+00:00,PCE,Surprise only,-0.42780275982372784,7.91056934895451,1.2079306897700766,,0.0,False,,,,,,22,0.0,0.0,0.0
2017-12-08 13:30:00+00:00,NFP,Surprise only,0.6370043888724991,7.820700557079618,1.1941035987811908,,0.0,False,,,,,,23,0.0,0.0,0.0
2017-12-13 13:30:00+00:00,CPI,Surprise only,-0.1573539546812662,4.891171533074612,1.1816959374108633,,0.0,False,,,,,,15,0.0,0.0,0.0
2017-12-22 13:30:00+00:00,PCE,Surprise only,1.2482623178131573,-5.651998535611824,1.170393090644927,,0.0,False,,,,,,23,-0.0,0.0,-0.0
2018-01-05 13:30:00+00:00,NFP,Surprise only,-0.621220884870033,6.76415026287458,1.1532649327924918,,0.0,False,,,,,,24,0.0,0.0,0.0
2018-01-12 13:30:00+00:00,CPI,Surprise only,-0.15652048446517022,-6.632464203502053,1.1306483683574409,,0.0,False,,,,,,16,-0.0,0.0,-0.0
2018-01-29 13:30:00+00:00,PCE,Surprise only,-0.4402926559951366,-3.7664783872770613,1.091990812215235,,0.0,False,,,,,,24,-0.0,0.0,-0.0
2018-02-02 13:30:00+00:00,NFP,Surprise only,0.4228435414864092,8.095137577548428,1.116544103492088,,0.0,False,,,,,,25,0.0,0.0,0.0
2018-02-14 13:30:00+00:00,CPI,Surprise only,-2.0674616228090885,-29.41298742083376,1.1704403277232918,,0.0,False,,,,,,17,-0.0,0.0,-0.0
2018-03-01 13:30:00+00:00,PCE,Surprise only,-0.4366213148929902,40.81311683153288,1.16297722168752,,0.0,False,,,,,,25,0.0,0.0,0.0
2018-03-09 13:30:00+00:00,NFP,Surprise only,1.9022467250921624,44.77679092056874,1.166532582461786,,0.0,False,,,,,,26,0.0,0.0,0.0
2018-03-13 12:30:00+00:00,CPI,Surprise only,-0.1324165031997715,-9.089652255056535,1.1490609398526033,,0.0,False,,,,,,18,-0.0,0.0,-0.0
2018-03-29 12:30:00+00:00,PCE,Surprise only,-0.4330405906855374,-0.8353869935184832,1.211817308094104,,0.0,False,,,,,,26,-0.0,0.0,-0.0
2018-04-06 12:30:00+00:00,NFP,Surprise only,-1.2995829002724142,8.243343966931604,1.1954819028774013,,0.0,False,,,,,,27,0.0,0.0,0.0
2018-04-11 12:30:00+00:00,CPI,Surprise only,0.8133579879158452,-1.2428278492215838,1.2018732645364498,,0.0,False,,,,,,19,-0.0,0.0,-0.0
2018-04-30 12:30:00+00:00,PCE,Surprise only,-0.4295466448744693,2.868323484612745,1.188281089940586,,0.0,False,,,,,,27,0.0,0.0,0.0
2018-05-04 12:30:00+00:00,NFP,Surprise only,-0.4042211205062629,-9.22277251589776,1.2166981329976925,,0.0,False,,,,,,28,-0.0,0.0,-0.0
2018-05-10 12:30:00+00:00,CPI,Surprise only,0.8066313627379722,9.775570001711031,1.1829974708329933,,0.0,False,,,,,,20,0.0,0.0,0.0
2018-05-31 12:30:00+00:00,PCE,Surprise only,-0.4261361668922612,0.0,1.1751357484399059,,0.0,False,,,,,,28,0.0,0.0,0.0
2018-06-01 12:30:00+00:00,NFP,Surprise only,0.6295443548080089,24.426995820494568,1.1810702940457767,,0.0,False,,,,,,29,0.0,0.0,0.0
2018-06-12 12:30:00+00:00,CPI,Surprise only,-0.14836969090721452,13.026746142958956,1.1454301287621453,,0.0,False,,,,,,21,0.0,0.0,0.0
2018-06-29 12:30:00+00:00,PCE,Surprise only,-0.4228058320342103,-11.101290123090024,1.1917481712829785,,0.0,False,,,,,,29,-0.0,0.0,-0.0
2018-07-06 12:30:00+00:00,NFP,Surprise only,0.3749571567850948,-6.580571102006161,1.1949400469735054,,0.0,False,,,,,,30,-0.0,0.0,-0.0
2018-07-12 12:30:00+00:00,CPI,Surprise only,0.8054339632504349,8.841733555691178,1.1659697651978127,,0.0,False,,,,,,22,0.0,0.0,0.0
2018-07-31 12:30:00+00:00,PCE,Surprise only,-0.4195525615380417,-5.137426262500355,1.1461544541933444,,0.0,False,,,,,,30,-0.0,0.0,-0.0
2018-08-03 12:30:00+00:00,NFP,Surprise only,-0.5320078037025123,-16.598170108466093,1.144661535425301,,0.0,False,,,,,,31,-0.0,0.0,-0.0
2018-08-10 12:30:00+00:00,CPI,Surprise only,-0.15572468844210885,-7.490489400314715,1.1428571428571428,,0.0,False,,,,,,23,-0.0,0.0,-0.0
2018-08-30 12:30:00+00:00,PCE,Surprise only,0.016880010255722527,-2.6836889382231277,1.111664813891977,,0.0,False,,,,,,31,-0.0,0.0,-0.0
2018-09-07 12:30:00+00:00,NFP,Surprise only,0.2616225928660689,-8.097634776458307,1.1163292016321502,,0.0,False,,,,,,32,-0.0,0.0,-0.0
2018-09-13 12:30:00+00:00,CPI,Surprise only,0.8043331512490195,0.3828703792763122,1.1114517859880422,,0.0,False,,,,,,24,0.0,0.0,0.0
2018-09-28 12:30:00+00:00,PCE,Surprise only,-0.41932078998489236,2.65297229200101,1.0996094490577484,,0.0,False,,,,,,32,0.0,0.0,0.0
2018-10-05 12:30:00+00:00,NFP,Surprise only,-0.7870138858905067,-15.002065597293779,1.0881801125703565,,0.0,False,,,,,,33,-0.0,0.0,-0.0
2018-10-11 12:30:00+00:00,CPI,Surprise only,0.7980522394154973,-21.193100554004474,1.1413278759494667,,0.0,False,,,,,,25,-0.0,0.0,-0.0
2018-10-29 12:30:00+00:00,PCE,Surprise only,-0.4162236927774103,-0.8028581755326059,1.1647054098558174,,0.0,False,,,,,,33,-0.0,0.0,-0.0
2018-11-02 12:30:00+00:00,NFP,Surprise only,0.9282289143639069,-1.5649452301147448,1.134585289514867,,0.0,False,,,,,,34,-0.0,0.0,-0.0
2018-11-14 13:30:00+00:00,CPI,Surprise only,-0.17073431842246337,11.409912122495314,1.1429922749487624,,0.0,False,,,,,,26,0.0,0.0,0.0
2018-11-29 13:30:00+00:00,PCE,Surprise only,-0.413194375549636,3.5544322168767906,1.1457921770051362,,0.0,False,,,,,,34,0.0,0.0,0.0
2018-12-07 13:30:00+00:00,NFP,Surprise only,-0.6547686526365027,17.27220208074698,1.1666264381687987,,0.0,False,,,,,,35,0.0,0.0,0.0
2018-12-12 13:30:00+00:00,CPI,Surprise only,-0.1699188197561624,35.24625359718314,1.176422863169851,,0.0,False,,,,,,27,0.0,0.0,0.0
2019-01-04 13:30:00+00:00,NFP,Surprise only,2.261740690734558,32.74897584478964,1.2638368343066329,11.416943085829878,1.0,True,5.047856782433327,,,,,36,32.74897584478964,1.2638368343066329,31.485139010483007
2019-01-11 13:30:00+00:00,CPI,Surprise only,-0.16911489877107314,-12.133638860252205,1.2138462182411787,,0.0,False,,,,,,28,-0.0,0.0,-0.0
2019-02-01 13:30:00+00:00,NFP,Surprise only,2.3749676396538355,18.781599558828077,1.1619520794935492,14.975430174848691,1.0,True,6.305530199574189,,,,,37,18.781599558828077,1.1619520794935492,17.619647479334528
2019-02-13 13:30:00+00:00,CPI,Surprise only,0.8075888422190041,16.08695146135375,1.1382369102755319,,0.0,False,,,,,,29,0.0,0.0,0.0
2019-03-01 13:30:00+00:00,PCE,Surprise only,-2.108137244454332,-0.3835164624810261,1.1120484699746913,,0.0,False,,,,,,35,-0.0,0.0,-0.0
2019-03-08 13:30:00+00:00,NFP,Surprise only,-2.577157761426142,-3.5624517961352353,1.1442550505050504,-16.632960935192404,-1.0,True,6.4539940798921425,,,,,38,3.5624517961352353,1.1442550505050504,2.418196745630185
2019-03-12 12:30:00+00:00,CPI,Surprise only,-0.17594973086669394,14.83621870544738,1.1335652581792597,,0.0,False,,,,,,30,0.0,0.0,0.0
2019-03-29 12:30:00+00:00,PCE,Surprise only,1.3555304283976177,8.894905352985205,1.1219870778040004,0.9971859373477573,0.0,True,0.735642606360772,,,,,36,0.0,0.0,0.0
2019-04-05 12:30:00+00:00,NFP,Surprise only,0.36000953458674323,-0.37773622684866837,1.0974871329094762,2.086618845563986,1.0,True,5.796009952789796,,,,,39,-0.37773622684866837,1.0974871329094762,-1.4752233597581446
2019-04-10 12:30:00+00:00,CPI,Surprise only,-0.6660549897418855,1.1451474389900795,1.1068702290076335,,0.0,False,,,,,,31,0.0,0.0,0.0
2019-05-03 12:30:00+00:00,NFP,Surprise only,1.2218354880047635,10.230567552032,1.1004439722232762,7.054067903163105,1.0,True,5.773336895527791,,,,,40,10.230567552032,1.1004439722232762,9.130123579808723
2019-05-10 12:30:00+00:00,CPI,Surprise only,0.8147019300586259,20.25632728779314,1.1287121005721403,,0.0,False,,,,,,32,0.0,0.0,0.0
2019-05-31 12:30:00+00:00,PCE,Surprise only,-0.36868440449756795,10.432969125790947,1.1642378256854953,-0.37846797681952393,0.0,True,1.026536442015465,,,,,37,0.0,0.0,0.0
2019-06-07 12:30:00+00:00,NFP,Surprise only,-1.5524750423548752,3.1030604182014088,1.123508445684178,-9.02521443666723,-1.0,True,5.8134360878209765,,,,,41,-3.1030604182014088,1.123508445684178,-4.2265688638855865
2019-06-12 12:30:00+00:00,CPI,Surprise only,-0.17710016798500505,-4.613787616936094,1.1152559320078452,,0.0,False,,,,,,33,-0.0,0.0,-0.0
2019-06-28 12:30:00+00:00,PCE,Surprise only,-0.366294583792779,3.3794566906308887,1.0889155902673475,-0.3416134657717506,0.0,True,0.9326194841172124,,,,,38,0.0,0.0,0.0
2019-07-05 12:30:00+00:00,NFP,Surprise only,1.0718570086511612,-7.808869040495381,1.0773460138197488,5.874359687925741,1.0,True,5.480544177546697,,,,,42,-7.808869040495381,1.0773460138197488,-8.88621505431513
2019-07-11 12:30:00+00:00,CPI,Surprise only,-1.1663865052088653,2.597739980849667,1.0751890849770132,,0.0,False,,,,,,34,0.0,0.0,0.0
2019-07-30 12:30:00+00:00,PCE,Surprise only,-0.36395092463953677,-9.960711354235485,1.0699133001291274,-0.33033839705382767,0.0,True,0.9076454397828512,,,,,39,-0.0,0.0,-0.0
2019-08-02 12:30:00+00:00,NFP,Surprise only,0.031497609119124026,3.3964186978430178,1.0940919037199124,0.16371493367918677,0.0,True,5.19769399194766,,,,,43,0.0,0.0,0.0
2019-08-13 12:30:00+00:00,CPI,Surprise only,-0.1659081562956267,8.139377593217034,1.1232038421317634,,0.0,False,,,,,,35,0.0,0.0,0.0
2019-08-30 12:30:00+00:00,PCE,Surprise only,-0.3616517148149259,-1.8851918238560472,1.093225769970219,-0.3613313872525782,0.0,True,0.9991142650532939,,,,,40,-0.0,0.0,-0.0
2019-10-04 12:30:00+00:00,NFP,Surprise only,-0.09265768712922037,8.383827326934323,1.1106855610877058,-0.48140652726931715,0.0,True,5.19553792226594,,,,,44,0.0,0.0,0.0
2019-10-10 12:30:00+00:00,CPI,Surprise only,0.8325119977114724,5.330896478383806,1.1051408101825388,4.238525879244618,1.0,True,5.091249004093733,,,,,36,5.330896478383806,1.1051408101825388,4.225755668201268
2019-10-31 12:30:00+00:00,PCE,Surprise only,-0.3726587275846903,4.800679572998234,1.0709801314720437,-0.3793197163196849,0.0,True,1.0178742324865606,,,,,41,0.0,0.0,0.0
2019-11-01 12:30:00+00:00,NFP,Surprise only,0.742125242156633,5.538836616683085,1.0736764161421695,3.8368596629429765,1.0,True,5.170097235599983,,,,,45,5.538836616683085,1.0736764161421695,4.4651602005409154
2019-11-13 13:30:00+00:00,CPI,Surprise only,-1.1700469441557593,2.1758050564457676,1.051906126446371,-5.918681188851005,-1.0,True,5.058498907598614,,,,,37,-2.1758050564457676,1.051906126446371,-3.2277111828921385
2019-11-27 15:00:00+00:00,PCE,Surprise only,0.9149489511371186,-2.849002868288153,1.032285622752999,0.8967176382154168,0.0,True,0.9800739561490907,,,,,42,-0.0,0.0,-0.0
2019-12-06 13:30:00+00:00,NFP,Surprise only,1.42861497447116,24.80186746110391,1.0463270313176505,7.388043087123851,1.0,True,5.171472523489915,,,,,46,24.80186746110391,1.0463270313176505,23.755540429786258
2019-12-11 13:30:00+00:00,CPI,Surprise only,-1.158461044632005,-1.4344629753892946,1.03983649467532,-5.603609356822779,-1.0,True,4.837115052584969,,,,,38,1.4344629753892946,1.03983649467532,0.39462648071397455
2020-01-10 13:30:00+00:00,NFP,Surprise only,-0.20617197687041738,-1.7266683976124853,1.0010355540214015,-1.1426790229142978,-1.0,True,5.54235857006159,,,,,47,1.7266683976124853,1.0010355540214015,0.7256328435910837
2020-01-14 13:30:00+00:00,CPI,Surprise only,0.8436125672345851,13.162910210482437,1.0046769443963277,4.026129615943867,1.0,True,4.772486532700398,,,,,39,13.162910210482437,1.0046769443963277,12.158233266086109
2020-01-31 13:30:00+00:00,PCE,Surprise only,-2.1131396664751882,-4.187604751315632,1.0120397836328738,-1.821718786480453,-1.0,True,0.862091046503879,,,,,43,4.187604751315632,1.0120397836328738,3.1755649676827584
2020-02-07 13:30:00+00:00,NFP,Surprise only,1.0001447762026143,-28.71109741358069,0.9909786768726079,5.557835686479297,1.0,True,5.557031160610054,,,,,48,-28.71109741358069,0.9909786768726079,-29.702076090453296
2020-02-13 13:30:00+00:00,CPI,Surprise only,0.8376680323617207,3.4054146421347298,0.9878730072216922,4.15882744691466,1.0,True,4.964768006234242,,,,,40,3.4054146421347298,0.9878730072216922,2.4175416349130376
2020-03-06 13:30:00+00:00,NFP,Surprise only,1.6027523818647151,5.519199067798297,1.1448874851954203,8.023720018202704,1.0,True,5.006213129983025,,,,,49,5.519199067798297,1.1448874851954203,4.374311582602877
2020-03-11 12:30:00+00:00,CPI,Surprise only,-1.1639324823814878,-59.32765757634684,1.199884149116637,-5.676545983483571,-1.0,True,4.877040609665741,,,,,41,59.32765757634684,1.199884149116637,58.1277734272302
2020-03-27 12:30:00+00:00,PCE,Surprise only,-0.36227118384366613,-80.11830313364499,1.3294824187411176,-0.3663431988611388,0.0,True,1.0112402399061082,,,,,44,-0.0,0.0,-0.0
2020-04-03 12:30:00+00:00,NFP,Surprise only,-9.584675105229561,44.49079659949007,1.374994073301408,-47.1193495102123,-1.0,True,4.916113378167945,,,,,50,-44.49079659949007,1.374994073301408,-45.865790672791476
2020-04-30 12:30:00+00:00,PCE,Surprise only,-0.36017238707897786,-60.32643718533848,1.187794388695474,-0.5482680899845581,0.0,True,1.522237988400635,,,,,45,-0.0,0.0,-0.0
2020-05-08 12:30:00+00:00,NFP,Surprise only,17.82134084487857,-16.997993354959107,1.2065737466195132,-14.13983572563358,-1.0,True,-0.7934215415501148,,,,,51,16.997993354959107,1.2065737466195132,15.791419608339593
2020-05-12 12:30:00+00:00,CPI,Surprise only,-0.1633338468717922,8.664975475607406,1.1973575557390586,-1.0930522260661866,0.0,True,6.692135445289368,,,,,42,0.0,0.0,0.0
2020-05-29 12:30:00+00:00,PCE,Surprise only,-2.070466433747151,-14.232064074537476,1.145701643489254,-3.899926022725166,-1.0,True,1.8835978015190717,,,,,46,14.232064074537476,1.145701643489254,13.086362431048222
2020-06-05 12:30:00+00:00,NFP,Surprise only,64.57555252744505,81.78248244934849,1.091292240535862,-64.9461570987649,-1.0,True,-1.0057390847900578,,,,,52,-81.78248244934849,1.091292240535862,-82.87377468988436
2020-06-10 12:30:00+00:00,CPI,Surprise only,0.8389770540647904,0.7323861142971566,1.0622321526684004,5.59431184777247,1.0,True,6.668015317782991,,,,,43,0.7323861142971566,1.0622321526684004,-0.3298460383712438
2020-06-26 12:30:00+00:00,PCE,Surprise only,-2.0164547174799274,-27.90059772390663,1.1384156394755436,-4.485085720896472,-1.0,True,2.224243213604978,,,,,47,27.90059772390663,1.1384156394755436,26.762182084431085
2020-07-02 12:30:00+00:00,NFP,Surprise only,1.641547953530035,26.15184937905468,1.1232908548630747,1.650005491578339,1.0,True,1.0051521723932078,,,,,53,26.15184937905468,1.1232908548630747,25.028558524191606
2020-07-14 12:30:00+00:00,CPI,Surprise only,-1.1723852919766982,-36.54201585257866,1.111579592931887,-7.629879503631966,-1.0,True,6.507996608152275,,,,,44,36.54201585257866,1.111579592931887,35.43043625964677
2020-07-31 12:30:00+00:00,PCE,Surprise only,0.29050201998543845,2.2845828831741244,1.1042991508320323,0.8759190894780217,0.0,True,3.0151910459071076,,,,,48,0.0,0.0,0.0
2020-08-07 12:30:00+00:00,NFP,Surprise only,0.2042193271067664,-11.017261488994734,1.0671180453341182,0.20537559850159387,0.0,True,1.0056619097281765,,,,,54,-0.0,0.0,-0.0
2020-08-12 12:30:00+00:00,CPI,Surprise only,-3.1643008322851895,20.444403742310158,1.0410683515221137,-23.51234136520147,-1.0,True,7.430501273869515,,,,,45,-20.444403742310158,1.0410683515221137,-21.48547209383227
2020-08-28 12:30:00+00:00,PCE,Surprise only,1.3559572550269576,-15.386770415766193,1.0131358300726663,4.142815156090916,1.0,True,3.0552697297294618,,,,,49,-15.386770415766193,1.0131358300726663,-16.39990624583886
2020-09-04 12:30:00+00:00,NFP,Surprise only,-0.08549110617815014,31.28902691535984,1.0207314068494597,-0.08632188697888246,0.0,True,1.0097177453640744,,,,,55,0.0,0.0,0.0
2020-09-11 12:30:00+00:00,CPI,Surprise only,-1.0987651213117418,-12.660747951773743,1.0484075051516575,-4.992230625773113,-1.0,True,4.5434920793747295,,,,,46,12.660747951773743,1.0484075051516575,11.612340446622085
2020-10-01 12:30:00+00:00,PCE,Surprise only,-0.3232204397783153,-16.872188232408547,1.0401348588644597,-0.8269030542113185,0.0,True,2.558325379355526,,,,,50,-0.0,0.0,-0.0
2020-10-02 12:30:00+00:00,NFP,Surprise only,-0.32757294004979853,-17.22463915134753,1.0603678379465427,-0.32746985151271396,0.0,True,0.9996852959311324,,,,,56,-0.0,0.0,-0.0
2020-10-13 12:30:00+00:00,CPI,Surprise only,-0.1222113648828133,-1.7446830827339,1.011969152388596,-0.5772839342356295,0.0,True,4.723651804307878,,,,,47,-0.0,0.0,-0.0
2020-10-30 12:30:00+00:00,PCE,Surprise only,-0.3214984227491263,19.375801514129876,1.1029551591678393,-0.8366652245431626,0.0,True,2.602392936764217,,,,,51,0.0,0.0,0.0
2020-11-06 13:30:00+00:00,NFP,Surprise only,-0.041828857834390075,48.160438708304554,1.0318448674613059,-0.04214406003447538,0.0,True,1.0075355201266374,,,,,57,0.0,0.0,0.0
2020-11-12 13:30:00+00:00,CPI,Surprise only,0.8491717707533857,23.371723991569837,0.9975233902036323,4.009713008449264,1.0,True,4.721910391453362,,,,,48,23.371723991569837,0.9975233902036323,22.374200601366205
2020-11-25 15:00:00+00:00,PCE,Surprise only,-0.3198036664251847,4.021582546904767,0.9721756620851492,-0.80742129244102,0.0,True,2.5247405743233067,,,,,52,0.0,0.0,0.0
2020-12-04 13:30:00+00:00,NFP,Surprise only,-0.3460798058020594,-2.663027211902147,0.9647692870687647,-0.3435712814892049,0.0,True,0.9927516015936243,,,,,58,-0.0,0.0,-0.0
2020-12-10 13:30:00+00:00,CPI,Surprise only,-1.1003323497938022,-34.00116612777282,0.9650261222588267,-5.617729423165994,-1.0,True,5.105484196859916,,,,,49,34.00116612777282,0.9650261222588267,33.03614000551399
2020-12-23 13:30:00+00:00,PCE,Surprise only,1.364273206507212,6.338721458636343,0.9678280603390735,3.410726730717777,1.0,True,2.500032042298814,,,,,53,6.338721458636343,0.9678280603390735,5.3708933982972695
2021-01-08 13:30:00+00:00,NFP,Surprise only,-0.3166483412835174,1.936295872049243,0.9349711448560466,-0.31506065848510295,0.0,True,0.9949859746873176,,,,,59,0.0,0.0,0.0
2021-01-13 13:30:00+00:00,CPI,Surprise only,-0.11993165974022327,0.9697596619773208,0.9378436064937585,-0.6822983440900242,0.0,True,5.689059465764999,,,,,50,0.0,0.0,0.0
2021-01-29 13:30:00+00:00,PCE,Surprise only,-2.0053740825460937,30.375089387284504,0.9593754135238851,-5.331932294150871,-1.0,True,2.658821783206284,,,,,54,-30.375089387284504,0.9593754135238851,-31.33446480080839
2021-02-05 13:30:00+00:00,NFP,Surprise only,-0.1649085855030971,0.3217762046858752,0.932745810684764,-0.164151058732942,0.0,True,0.9954063836770897,,,,,60,0.0,0.0,0.0
2021-02-10 13:30:00+00:00,CPI,Surprise only,-0.11947685719106668,13.697977708488907,0.9247448979591837,-0.6797773030076676,0.0,True,5.689614867593744,,,,,51,0.0,0.0,0.0
2021-02-26 13:30:00+00:00,PCE,Surprise only,-0.3066559924982575,20.432277325124204,0.9280296969503025,-0.4338614281569474,0.0,True,1.4148147721568256,,,,,55,0.0,0.0,0.0
2021-03-05 13:30:00+00:00,NFP,Surprise only,0.10051546581221242,69.36742393667927,0.9363900548918307,0.10014994980495588,0.0,True,0.9963635844066085,,,,,61,0.0,0.0,0.0
2021-03-10 13:30:00+00:00,CPI,Surprise only,-0.11902719013235194,12.196458284829959,0.9085782317187794,-0.6784272664808902,0.0,True,5.69976713494215,,,,,52,0.0,0.0,0.0
2021-03-26 12:30:00+00:00,PCE,Surprise only,1.354526371517124,-3.6769212327492085,0.888698210345673,1.8386712710866115,1.0,True,1.357427444566639,,,,,56,-3.6769212327492085,0.888698210345673,-4.5656194430948815
2021-04-13 12:30:00+00:00,CPI,Surprise only,-1.1007080946219612,15.799910872313916,0.86536166149439,-6.2834231337585935,-1.0,True,5.70852814152933,,,,,53,-15.799910872313916,0.86536166149439,-16.665272533808306
2021-04-30 12:30:00+00:00,PCE,Surprise only,-0.31634349588250377,-5.026983176765754,0.8574047245956893,-0.3991045804990893,0.0,True,1.2616177847618042,,,,,57,-0.0,0.0,-0.0
2021-05-07 12:30:00+00:00,NFP,Surprise only,-0.9371711013313,-25.24191495906436,0.8392660762863923,-0.9170904863778773,-1.0,True,0.9785731603066962,,,,,62,25.24191495906436,0.8392660762863923,24.402648882777967
2021-05-12 12:30:00+00:00,CPI,Surprise only,-5.998741616835394,34.09261200770786,0.8511387649683024,-31.89866256091923,-1.0,True,5.317559014610002,,,,,54,-34.09261200770786,0.8511387649683024,-34.94375077267616
2021-05-28 12:30:00+00:00,PCE,Surprise only,-0.3147710660260314,-6.361691267713354,0.8385138065635391,-0.3997536840382526,0.0,True,1.2699823051880925,,,,,58,-0.0,0.0,-0.0
2021-06-04 12:30:00+00:00,NFP,Surprise only,-0.22898401033391952,15.593419272867948,0.8395819460930488,-0.2273017611623034,0.0,True,0.9926534207818138,,,,,63,0.0,0.0,0.0
2021-06-10 12:30:00+00:00,CPI,Surprise only,-1.2857519574681133,42.891157158262416,0.8407990490272825,-1.100151882982666,-1.0,True,0.8556486160433863,,,,,55,-42.891157158262416,0.8407990490272825,-43.7319562072897
2021-06-25 12:30:00+00:00,PCE,Surprise only,1.353890520300208,10.519242415814034,0.8483501053124269,1.7354678367122491,1.0,True,1.2818376454304674,,,,,59,10.519242415814034,0.8483501053124269,9.670892310501607
2021-07-02 12:30:00+00:00,NFP,Surprise only,0.052207519745368525,9.834548981935143,0.8402874362540566,0.051619835683502695,0.0,True,0.9887433062376428,,,,,64,0.0,0.0,0.0
2021-07-13 12:30:00+00:00,CPI,Surprise only,-3.5455463257141377,-11.215438218190599,0.8323287985764307,-1.253027427919397,-1.0,True,0.35340884388727156,,,,,56,11.215438218190599,0.8323287985764307,10.383109419614168
2021-07-30 12:30:00+00:00,PCE,Surprise only,1.3368933041672204,5.734438325557534,0.831946755407654,2.0573196578289474,1.0,True,1.5388809648579218,,,,,60,5.734438325557534,0.831946755407654,4.90249157014988
2021-08-06 12:30:00+00:00,NFP,Surprise only,-0.013168586432633885,0.2854573740940225,0.8297805373544307,-0.013000757621802583,0.0,True,0.9872553662695797,,,,,65,0.0,0.0,0.0
2021-08-11 12:30:00+00:00,CPI,Surprise only,-0.023558568354873046,6.817988389435925,0.8247305406250889,-0.018134459423164103,0.0,True,0.7697606726349746,,,,,57,0.0,0.0,0.0
2021-08-27 12:30:00+00:00,PCE,Surprise only,-0.3347998796911022,2.270211990786919,0.8231620777746239,-0.5559478099343299,0.0,True,1.660537663416326,,,,,61,0.0,0.0,0.0
2021-09-03 12:30:00+00:00,NFP,Surprise only,-0.6679411690796805,7.05825916172742,0.8176384346453142,-0.6601404536760527,0.0,True,0.988321253779916,,,,,66,0.0,0.0,0.0
2021-09-14 12:30:00+00:00,CPI,Surprise only,0.8192117877682124,1.1441974897330454,0.8321377331420373,0.6437274702792988,0.0,True,0.7857888276156433,,,,,58,0.0,0.0,0.0
2021-10-01 12:30:00+00:00,PCE,Surprise only,-1.9950474862945664,-23.624616013986355,0.8551545175748998,-3.2800095114047623,-1.0,True,1.6440759099407585,,,,,62,23.624616013986355,0.8551545175748998,22.769461496411456
2021-10-08 12:30:00+00:00,NFP,Surprise only,-0.44428519767740043,5.196004966503409,0.8358312197371455,-0.4384453092382047,0.0,True,0.9868555412835605,,,,,67,0.0,0.0,0.0
2021-10-13 12:30:00+00:00,CPI,Surprise only,-0.8730123949613188,-30.347265776544674,0.8456289729981922,-0.6672394517159353,0.0,True,0.7642955077923026,,,,,59,-0.0,0.0,-0.0
2021-10-29 12:30:00+00:00,PCE,Surprise only,-0.3118249463231859,-7.8731305382717665,0.8151562851360468,-0.6758967111447121,0.0,True,2.1675517597754665,,,,,63,-0.0,0.0,-0.0
2021-11-05 12:30:00+00:00,NFP,Surprise only,0.0039393692891312405,16.88792084765467,0.8041259982253771,0.0038855805750677686,0.0,True,0.9863458563755687,,,,,68,0.0,0.0,0.0
2021-11-10 13:30:00+00:00,CPI,Surprise only,-2.556455404982467,4.980493171764522,0.8020133300146575,-2.4118982939722216,-1.0,True,0.9434540846171199,,,,,60,-4.980493171764522,0.8020133300146575,-5.78250650177918
2021-11-24 15:00:00+00:00,PCE,Surprise only,1.3369344843085225,8.975402391993015,0.8141950699084732,2.917309106853129,1.0,True,2.1820883080609548,,,,,64,8.975402391993015,0.8141950699084732,8.161207322084541
2021-12-03 13:30:00+00:00,NFP,Surprise only,-0.4833671251658682,25.081094229015832,0.8361927280066895,-0.47521704288509947,0.0,True,0.9831389396248824,,,,,69,0.0,0.0,0.0
2021-12-10 13:30:00+00:00,CPI,Surprise only,-0.8337716263587658,13.63971874257075,0.8089712117830842,-0.6847167144744716,0.0,True,0.8212281310947885,,,,,61,0.0,0.0,0.0
2021-12-23 13:30:00+00:00,PCE,Surprise only,-0.320719690291463,-5.038347528625309,0.8116655937753645,-0.7529002216677059,0.0,True,2.3475335143392244,,,,,65,-0.0,0.0,-0.0
2022-01-07 13:30:00+00:00,NFP,Surprise only,-0.3780124387835242,-19.941842919433128,0.8028570637579248,-0.3688010765003275,0.0,True,0.9756321185809662,,,,,70,-0.0,0.0,-0.0
2022-01-12 13:30:00+00:00,CPI,Surprise only,-0.828879460574073,12.141281844666452,0.8007952725465289,-0.6340256675079255,0.0,True,0.764919023411204,,,,,62,0.0,0.0,0.0
2022-01-28 13:30:00+00:00,PCE,Surprise only,-0.31922917712759896,26.259512028481424,0.8595648823285316,-0.7518668380651561,0.0,True,2.355257263231386,,,,,66,0.0,0.0,0.0
2022-02-04 13:30:00+00:00,NFP,Surprise only,0.3137581071235987,-0.28735219322229,0.8321138561303837,0.3086051784223595,0.0,True,0.9835767472321941,,,,,71,-0.0,0.0,-0.0
2022-02-10 13:30:00+00:00,CPI,Surprise only,-1.6544445730650783,-43.566929988969605,0.8120519713261648,-1.18752189537508,-1.0,True,0.7177767782060162,,,,,63,43.566929988969605,0.8120519713261648,42.75487801764344
2022-02-25 13:30:00+00:00,PCE,Surprise only,-0.3177592719112605,15.02088184610173,0.8712371567626029,-0.7215694791485378,0.0,True,2.27080542704053,,,,,67,0.0,0.0,0.0
2022-03-04 13:30:00+00:00,NFP,Surprise only,0.21157723178032842,-26.8945894838879,0.8668101386896222,0.2082839331006189,0.0,True,0.9844345317688588,,,,,72,-0.0,0.0,-0.0
2022-03-10 13:30:00+00:00,CPI,Surprise only,0.01752763028449497,-25.22452673924036,0.8813518113299295,0.022091197108784075,0.0,True,1.2603641650478021,,,,,64,-0.0,0.0,-0.0
2022-03-31 12:30:00+00:00,PCE,Surprise only,-0.3163095037297847,-2.564212159867907,0.8261166818596171,-0.7027746539220827,0.0,True,2.2217943047403517,,,,,68,-0.0,0.0,-0.0
2022-04-01 12:30:00+00:00,NFP,Surprise only,-0.1576196468748535,-15.535547875629163,0.8335489063263488,-0.15611884890343997,0.0,True,0.9904783572278579,,,,,73,-0.0,0.0,-0.0
2022-04-12 12:30:00+00:00,CPI,Surprise only,0.01746830212922925,22.97347429895069,0.8467647745853772,0.020094058014137394,0.0,True,1.150315460854924,,,,,65,0.0,0.0,0.0
2022-04-29 12:30:00+00:00,PCE,Surprise only,-0.314879416609685,-13.943072997726347,0.8591065292096219,-0.7002812592746869,0.0,True,2.2239664529826486,,,,,69,-0.0,0.0,-0.0
2022-05-06 12:30:00+00:00,NFP,Surprise only,-0.03130413075081324,-67.00600710574989,0.8836883322668129,-0.031168508789608057,0.0,True,0.9956676017524729,,,,,74,-0.0,0.0,-0.0
2022-05-11 12:30:00+00:00,CPI,Surprise only,-0.8137570479692707,-71.58405710509186,0.8973327557398353,-1.007130704836708,-1.0,True,1.2376306999122169,,,,,66,71.58405710509186,0.8973327557398353,70.68672434935202
2022-05-27 12:30:00+00:00,PCE,Surprise only,-0.3134685689124132,30.30537254741006,0.8895978404245528,-0.7075921577557152,0.0,True,2.2572985872578015,,,,,70,0.0,0.0,0.0
2022-06-03 12:30:00+00:00,NFP,Surprise only,-0.00230345274077212,-48.05158915560881,0.8766891381238853,-0.002332273787422992,0.0,True,1.0125121067781104,,,,,75,-0.0,0.0,-0.0
2022-06-10 12:30:00+00:00,CPI,Surprise only,-2.473490408348257,-64.60132853154832,0.8998665715083626,-3.7772432085992325,-1.0,True,1.5270902995421733,,,,,67,64.60132853154832,0.8998665715083626,63.70146196003996
2022-06-30 12:30:00+00:00,PCE,Surprise only,1.3674428037700574,-24.145143549638703,0.9464443066479553,2.9682233683218837,1.0,True,2.1706380406832766,,,,,71,-24.145143549638703,0.9464443066479553,-25.091587856286658
2022-07-08 12:30:00+00:00,NFP,Surprise only,0.038531795866142235,-17.878811990641452,0.9235668789808916,0.039461584623965366,0.0,True,1.0241304288295614,,,,,76,-0.0,0.0,-0.0
2022-07-13 12:30:00+00:00,CPI,Surprise only,-1.6387895948837974,-60.204877815834834,0.9297851875601154,-4.422940631413387,-1.0,True,2.6989069525590974,,,,,68,60.204877815834834,0.9297851875601154,59.27509262827472
2022-07-29 12:30:00+00:00,PCE,Surprise only,-1.9957008241117162,-4.305572707679062,0.8913751767381816,-3.2522537786053642,-1.0,True,1.62962992213672,,,,,72,4.305572707679062,0.8913751767381816,3.4141975309408803
2022-08-05 12:30:00+00:00,NFP,Surprise only,0.24144452119551107,-33.21036262716959,0.885009765625,0.24831384330060333,0.0,True,1.0284509338670385,,,,,77,-0.0,0.0,-0.0
2022-08-10 12:30:00+00:00,CPI,Surprise only,1.6768964978331644,33.5514997287234,0.8836344800268138,5.555478923770885,1.0,True,3.3129527856665626,,,,,69,33.5514997287234,0.8836344800268138,32.667865248696586
2022-08-26 12:30:00+00:00,PCE,Surprise only,1.3517023197616702,9.306934337374173,0.8726266060843137,2.196288405382819,1.0,True,1.6248314242518016,,,,,73,9.306934337374173,0.8726266060843137,8.43430773128986
2022-09-02 12:30:00+00:00,NFP,Surprise only,-0.06967087212902896,8.794522835824381,0.9149130832570905,-0.07207103148918063,0.0,True,1.0344499686426578,,,,,78,0.0,0.0,0.0
2022-09-13 12:30:00+00:00,CPI,Surprise only,-1.579948474762284,-36.68118169301238,0.8891886919727724,-6.0640246519039085,-1.0,True,3.838115450452452,,,,,70,36.68118169301238,0.8891886919727724,35.79199300103961
2022-09-30 12:30:00+00:00,PCE,Surprise only,-3.6097507213276065,20.150624144541496,0.9868309116275904,-6.4363482733974005,-1.0,True,1.783045082689316,,,,,74,-20.150624144541496,0.9868309116275904,-21.137455056169085
2022-10-07 12:30:00+00:00,NFP,Surprise only,-0.08079578102720068,-48.97695130720692,0.9631671593211332,-0.08343393472002043,0.0,True,1.0326521219212126,,,,,79,-0.0,0.0,-0.0
2022-10-13 12:30:00+00:00,CPI,Surprise only,-1.5620361853588192,-70.90633792765644,0.9824181035942952,-6.479233564947803,-1.0,True,4.147940761986536,,,,,71,70.90633792765644,0.9824181035942952,69.92391982406214
2022-10-28 12:30:00+00:00,PCE,Surprise only,-0.27118989507824,-27.364052026292995,0.9050338607496177,-0.19349714169142448,0.0,True,0.7135116212040251,,,,,75,-0.0,0.0,-0.0
2022-11-04 12:30:00+00:00,NFP,Surprise only,-0.00859864988766689,78.91425673230756,0.9028923690027709,-0.008980975479460584,0.0,True,1.0444634444695868,,,,,80,0.0,0.0,0.0
2022-11-10 13:30:00+00:00,CPI,Surprise only,1.6607633563681254,59.90836010457912,0.8899800521712444,7.918006965088894,1.0,True,4.767691275658051,,,,,72,59.90836010457912,0.8899800521712444,59.01838005240787
2022-12-01 13:30:00+00:00,PCE,Surprise only,1.3116164878816416,-0.288737782803139,0.837956541840037,0.978571960132653,1.0,True,0.7460808621833656,,,,,76,-0.288737782803139,0.837956541840037,-1.126694324643176
2022-12-02 13:30:00+00:00,NFP,Surprise only,-0.014585134531113096,16.167201746011273,0.8441766366838412,-0.014986554181616084,0.0,True,1.0275225195658413,,,,,81,0.0,0.0,0.0
2022-12-13 13:30:00+00:00,CPI,Surprise only,1.640803512240514,-4.884847014654525,0.8411160740182145,9.321312711986566,1.0,True,5.680943904891044,,,,,73,-4.884847014654525,0.8411160740182145,-5.7259630886727395
2022-12-23 13:30:00+00:00,PCE,Surprise only,-0.2794555225126812,-15.03262361799429,0.8726266060843137,-0.20844135629488955,0.0,True,0.7458838330361887,,,,,77,-0.0,0.0,-0.0
2023-01-06 13:30:00+00:00,NFP,Surprise only,-0.06884081561522244,66.61690052347069,0.8770072882329815,-0.07052068575485913,0.0,True,1.0244022405112996,,,,,82,0.0,0.0,0.0
2023-01-12 13:30:00+00:00,CPI,Surprise only,0.03632795161555792,83.47905129587829,0.8516886930983847,0.19761707682477064,0.0,True,5.439807862443269,,,,,74,0.0,0.0,0.0
2023-01-27 13:30:00+00:00,PCE,Surprise only,-1.8612980836883501,-1.7645501913143846,0.8522894257332628,-1.4259677894088485,-1.0,True,0.7661146819552671,,,,,78,1.7645501913143846,0.8522894257332628,0.9122607655811218
2023-02-03 13:30:00+00:00,NFP,Surprise only,0.30665937768946433,3.245172833938881,0.8524146850474706,0.3096842206996408,0.0,True,1.0098638529594863,,,,,83,0.0,0.0,0.0
2023-02-14 13:30:00+00:00,CPI,Surprise only,0.036212663530961496,7.296820369582235,0.8443486868922145,0.20726546527449974,0.0,True,5.723563114800701,,,,,75,0.0,0.0,0.0
2023-02-24 13:30:00+00:00,PCE,Surprise only,-1.830009657188023,-12.184350710846559,0.8804153131546192,-1.3662519637597335,-1.0,True,0.7465818327205466,,,,,79,12.184350710846559,0.8804153131546192,11.303935397691939
2023-03-10 13:30:00+00:00,NFP,Surprise only,0.011791312539496484,-2.7895299822944253,0.9005092535088809,0.011907157587893851,0.0,True,1.009824610110989,,,,,84,-0.0,0.0,-0.0
2023-03-14 12:30:00+00:00,CPI,Surprise only,0.03609846609086587,14.948151392957243,0.9054011863877615,0.20729958023036255,0.0,True,5.742614650399683,,,,,76,0.0,0.0,0.0
2023-03-31 12:30:00+00:00,PCE,Surprise only,-0.24561985495403924,-1.808536296223906,0.8748642452033305,-0.2224463829700981,0.0,True,0.9056530996312274,,,,,80,-0.0,0.0,-0.0
2023-04-12 12:30:00+00:00,CPI,Surprise only,0.8362188016428281,-7.64188968206625,0.8553058455730549,4.838769560274498,1.0,True,5.786487401106378,,,,,77,-7.64188968206625,0.8553058455730549,-8.497195527639304
2023-04-28 12:30:00+00:00,PCE,Surprise only,-0.2446458487409858,6.213109861263888,0.8576836626049923,-0.22157658900439467,0.0,True,0.9057034490660201,,,,,81,0.0,0.0,0.0
2023-05-05 12:30:00+00:00,NFP,Surprise only,-0.009663468391275397,17.384532148589926,0.8689398933301371,-0.009769091853251814,0.0,True,1.0109301813489429,,,,,85,0.0,0.0,0.0
2023-05-10 12:30:00+00:00,CPI,Surprise only,0.030788529266230838,26.37233916081172,0.863532144239645,0.17401094341790468,0.0,True,5.651810838810076,,,,,78,0.0,0.0,0.0
2023-05-26 12:30:00+00:00,PCE,Surprise only,-1.809426281392467,2.1309304636396575,0.8825588118932408,-1.6302819964294837,-1.0,True,0.9009938747959819,,,,,82,-2.1309304636396575,0.8825588118932408,-3.0134892755328986
2023-06-02 12:30:00+00:00,NFP,Surprise only,0.0835127359455142,6.008171293441222,0.8723903495577883,0.0841725276164461,0.0,True,1.007900491625162,,,,,86,0.0,0.0,0.0
2023-06-13 12:30:00+00:00,CPI,Surprise only,0.111044762907337,19.613302345717898,0.8508141411177936,0.636032465899446,0.0,True,5.727712403962652,,,,,79,0.0,0.0,0.0
2023-06-30 12:30:00+00:00,PCE,Surprise only,-0.22837106669327886,9.563693473584323,0.8418241458387762,-0.18680032039288733,0.0,True,0.8179684191070296,,,,,83,0.0,0.0,0.0
2023-07-07 12:30:00+00:00,NFP,Surprise only,-0.1195977821158257,-16.71383091743195,0.8501407129455909,-0.12047392184550765,0.0,True,1.0073257188735611,,,,,87,-0.0,0.0,-0.0
2023-07-12 12:30:00+00:00,CPI,Surprise only,0.7957918434964811,4.618537737606232,0.8402143995364334,4.607967070773929,1.0,True,5.790417567649152,,,,,80,4.618537737606232,0.8402143995364334,3.7783233380697987
2023-07-28 12:30:00+00:00,PCE,Surprise only,-0.22749221991958832,5.337753494440989,0.8151562851360468,-0.18553474077782886,0.0,True,0.8155652129264457,,,,,84,0.0,0.0,0.0
2023-08-04 12:30:00+00:00,NFP,Surprise only,-0.1093620433557646,1.4140071572299462,0.8211110481907242,-0.11063836730581318,0.0,True,1.011670630054859,,,,,88,0.0,0.0,0.0
2023-08-10 12:30:00+00:00,CPI,Surprise only,0.025247022731454967,-7.620983475682408,0.819672131147541,0.1457356944470218,0.0,True,5.7723913032110294,,,,,81,-0.0,0.0,-0.0
2023-08-31 12:30:00+00:00,PCE,Surprise only,-0.22662344597528022,-3.1316280451321177,0.8252703471826978,-0.18451239791071006,0.0,True,0.8141805324539828,,,,,85,-0.0,0.0,-0.0
2023-09-01 12:30:00+00:00,NFP,Surprise only,-0.07191857716894035,0.8584059406935296,0.830612361803288,-0.0727745702220224,0.0,True,1.0119022523356,,,,,89,0.0,0.0,0.0
2023-09-29 12:30:00+00:00,PCE,Surprise only,1.3433872606317534,6.746747883550341,0.851513638899492,1.0942274432606218,1.0,True,0.8145286733968584,,,,,86,6.746747883550341,0.851513638899492,5.895234244650849
2023-10-06 12:30:00+00:00,NFP,Surprise only,0.1131620651823218,-18.719247034972852,0.8700087000870008,0.1145476206593462,0.0,True,1.0122439924968853,,,,,90,-0.0,0.0,-0.0
2023-10-12 12:30:00+00:00,CPI,Surprise only,-0.7867827476260195,-19.95305826303806,0.8494932333470032,-4.520107323572929,-1.0,True,5.745051397239669,,,,,82,19.95305826303806,0.8494932333470032,19.103565029691055
2023-10-27 12:30:00+00:00,PCE,Surprise only,-1.799426751444557,6.388707416764561,0.8824782423467835,-1.6499234161437957,-1.0,True,0.9169161316620741,,,,,87,-6.388707416764561,0.8824782423467835,-7.271185659111344
2023-11-03 12:30:00+00:00,NFP,Surprise only,-0.13108733580921772,17.039783193428804,0.8549276259544235,-0.13315853560470906,0.0,True,1.0158001517286592,,,,,91,0.0,0.0,0.0
2023-11-14 13:30:00+00:00,CPI,Surprise only,0.8426941285268533,38.339073496249654,0.8429742456833904,4.892459831592913,1.0,True,5.805736228571586,,,,,83,38.339073496249654,0.8429742456833904,37.49609925056626
2023-11-30 13:30:00+00:00,PCE,Surprise only,1.3321946861111806,-0.8403949861346405,0.8120292330523898,1.0370167178832876,1.0,True,0.7784273039779575,,,,,88,-0.8403949861346405,0.8120292330523898,-1.6524242191870302
2023-12-08 13:30:00+00:00,NFP,Surprise only,-0.07577269969724261,11.914494142981624,0.8031683607056804,-0.07672529959429862,0.0,True,1.0125718088554614,,,,,92,0.0,0.0,0.0
2023-12-12 13:30:00+00:00,CPI,Surprise only,-0.7887014604517996,-30.129579888313884,0.793194934493039,-4.804549148571541,-1.0,True,6.091720872203411,,,,,84,30.129579888313884,0.793194934493039,29.336384953820847
2023-12-22 13:30:00+00:00,PCE,Surprise only,1.319160634839701,13.006146573246724,0.7701704998140968,1.010427867298649,1.0,True,0.7659627194844486,,,,,89,13.006146573246724,0.7701704998140968,12.235976073432628
2024-01-05 13:30:00+00:00,NFP,Surprise only,-0.041746958090400695,19.146905115459134,0.7704979010574419,-0.04219119714636639,0.0,True,1.0106412317516338,,,,,93,0.0,0.0,0.0
2024-01-11 13:30:00+00:00,CPI,Surprise only,-0.7849042105335153,-11.35358618006066,0.7639821913116783,-4.857853326547096,-1.0,True,6.189103410778131,,,,,85,11.35358618006066,0.7639821913116783,10.589603988748982
2024-01-26 13:30:00+00:00,PCE,Surprise only,-0.23765961104637265,18.86101046373767,0.7601373489554665,-0.22424457349563787,0.0,True,0.9435535659943616,,,,,90,0.0,0.0,0.0
2024-02-02 13:30:00+00:00,NFP,Surprise only,0.1178356155064509,-16.09762777841084,0.7503040024837649,0.11871110539855828,0.0,True,1.0074297561763867,,,,,94,-0.0,0.0,-0.0
2024-02-13 13:30:00+00:00,CPI,Surprise only,-0.7811613847490155,-42.99299569940018,0.7468644569780319,-4.857358780002381,-1.0,True,6.218124544857058,,,,,86,42.99299569940018,0.7468644569780319,42.24613124242215
2024-02-29 13:30:00+00:00,PCE,Surprise only,-0.23678595848151593,27.950527844584627,0.7461726489129036,-0.22068951781615884,0.0,True,0.9320211351695772,,,,,91,0.0,0.0,0.0
2024-03-08 13:30:00+00:00,NFP,Surprise only,0.0003740759023637736,13.66032404387596,0.7492959202129034,0.0003779684201572559,0.0,True,1.0104056897781588,,,,,95,0.0,0.0,0.0
2024-03-12 12:30:00+00:00,CPI,Surprise only,0.038897596673548446,38.67579078409733,0.747576819962879,0.24713937704991745,0.0,True,6.353589892045433,,,,,87,0.0,0.0,0.0
2024-04-05 12:30:00+00:00,NFP,Surprise only,0.01805478474136971,-1.0261672661648902,0.7431133888532991,0.01820646766643221,0.0,True,1.0084012591252303,,,,,96,-0.0,0.0,-0.0
2024-04-10 12:30:00+00:00,CPI,Surprise only,-0.7799931857072275,-44.016081566446985,0.7383267987168389,-5.038797884472171,-1.0,True,6.46005372457638,,,,,88,44.016081566446985,0.7383267987168389,43.277754767730144
2024-04-26 12:30:00+00:00,PCE,Surprise only,-0.24439946298316922,-22.14955759560766,0.7565480538453511,-0.22381224422024043,0.0,True,0.9157640589237033,,,,,92,-0.0,0.0,-0.0
2024-05-03 12:30:00+00:00,NFP,Surprise only,-0.17706829493247359,-8.230241456317344,0.750168141135082,-0.17867105021921972,0.0,True,1.0090516220724741,,,,,97,-0.0,0.0,-0.0
2024-05-15 12:30:00+00:00,CPI,Surprise only,0.8630942134153134,-4.769136249223038,0.7306074118862268,5.694335997849459,1.0,True,6.597583333708894,,,,,89,-4.769136249223038,0.7306074118862268,-5.499743661109265
2024-05-31 12:30:00+00:00,PCE,Surprise only,-0.24351667860145637,7.31185074620555,0.7587253414264037,-0.226306326678134,0.0,True,0.9293257775107505,,,,,93,0.0,0.0,0.0
2024-06-07 12:30:00+00:00,NFP,Surprise only,0.022890670339214506,4.896844210673379,0.7441621760328458,0.023150513814358103,0.0,True,1.0113515013450023,,,,,98,0.0,0.0,0.0
2024-06-12 12:30:00+00:00,CPI,Surprise only,0.8587529694109373,26.60596621796074,0.746941403734707,5.5736038685157245,1.0,True,6.490345963332093,,,,,90,26.60596621796074,0.746941403734707,25.859024814226036
2024-06-28 12:30:00+00:00,PCE,Surprise only,-0.2426433957445556,-7.834119251839411,0.7330081136415337,-0.22429366490437846,0.0,True,0.9243757251918163,,,,,94,-0.0,0.0,-0.0
2024-07-05 12:30:00+00:00,NFP,Surprise only,-0.07399593365510283,-2.269145928419647,0.7316950093354191,-0.0748063999043865,0.0,True,1.0109528484776107,,,,,99,-0.0,0.0,-0.0
2024-07-11 12:30:00+00:00,CPI,Surprise only,1.6754537637453566,-24.468814485469892,0.725,11.165867552523112,1.0,True,6.664384177073688,,,,,91,-24.468814485469892,0.725,-25.193814485469893
2024-07-26 12:30:00+00:00,PCE,Surprise only,-0.5783982211069412,-10.630277511847197,0.7168458781362007,-0.5371333020962328,0.0,True,0.9286565596074355,,,,,95,-0.0,0.0,-0.0
2024-08-02 12:30:00+00:00,NFP,Surprise only,-0.1721608664320203,5.996701993709053,0.7208550832711905,-0.17420086391187903,0.0,True,1.0118493681063359,,,,,100,0.0,0.0,0.0
2024-08-14 12:30:00+00:00,CPI,Surprise only,0.023803419256880783,4.25985096963899,0.727145077980041,0.1459477483718456,0.0,True,6.131377462910372,,,,,92,0.0,0.0,0.0
2024-08-30 12:30:00+00:00,PCE,Surprise only,-0.238436036952374,-14.695787845440123,0.6981054861462169,-0.22969026332633666,0.0,True,0.9633202525179352,,,,,96,-0.0,0.0,-0.0
2024-09-06 12:30:00+00:00,NFP,Surprise only,-0.12297466673639144,23.542694249361062,0.7130387745568095,-0.12433785208083419,0.0,True,1.0110850907802407,,,,,101,0.0,0.0,0.0
2024-09-11 12:30:00+00:00,CPI,Surprise only,-0.09913290389855092,27.604582141123046,0.7128109330449317,-0.6085321883190034,0.0,True,6.138549002274295,,,,,93,0.0,0.0,0.0
2024-09-27 12:30:00+00:00,PCE,Surprise only,-0.2375999467930136,8.44673912258287,0.6809269999295593,-0.23058043988666957,0.0,True,0.9704566141487434,,,,,97,0.0,0.0,0.0
2024-10-04 12:30:00+00:00,NFP,Surprise only,0.040543022944561934,28.93336763154508,0.6837848671335266,0.040824910830194856,0.0,True,1.006952808773494,,,,,102,0.0,0.0,0.0
2024-10-10 12:30:00+00:00,CPI,Surprise only,-0.7970756838786801,-5.851032874186757,0.6778234854151085,-4.922547743291427,-1.0,True,6.175759520523361,,,,,94,5.851032874186757,0.6778234854151085,5.173209388771649
2024-10-31 12:30:00+00:00,PCE,Surprise only,-0.2367725943128565,-9.963940850923336,0.6875133353879709,-0.22865367800641126,0.0,True,0.9657100673749539,,,,,98,-0.0,0.0,-0.0
2024-11-01 12:30:00+00:00,NFP,Surprise only,-0.20694615809024963,24.45772765117482,0.6892945426887241,-0.20752837472823152,0.0,True,1.0028133725378365,,,,,103,0.0,0.0,0.0
2024-11-13 13:30:00+00:00,CPI,Surprise only,0.028872763033326438,-7.710450309428296,0.6592557230216645,0.17854750127256197,0.0,True,6.183942321920254,,,,,95,-0.0,0.0,-0.0
2024-11-27 15:00:00+00:00,PCE,Surprise only,-0.23595382831701026,5.772903042338129,0.6439435994226712,-0.22891146015432912,0.0,True,0.9701536177102431,,,,,99,0.0,0.0,0.0
2024-12-06 13:30:00+00:00,NFP,Surprise only,-0.08361582857707964,4.899886509743823,0.64709032488397,-0.08347031901803287,0.0,True,0.9982597845225843,,,,,104,0.0,0.0,0.0
2024-12-11 13:30:00+00:00,CPI,Surprise only,-0.13613039922014264,10.808134172304307,0.6541107477162513,-0.8389411551333588,-1.0,True,6.162775984933894,,,,,96,-10.808134172304307,0.6541107477162513,-11.462244920020558
2025-01-10 13:30:00+00:00,NFP,Surprise only,0.02543842745033338,-3.289473713881108,0.676779463243874,0.025386002804166374,0.0,True,0.9979391553872832,,,,,105,-0.0,0.0,-0.0
2025-01-15 13:30:00+00:00,CPI,Surprise only,0.029630018694912632,55.180515195409896,0.6750151296494576,0.18294380926321271,0.0,True,6.174272488549712,,,,,97,0.0,0.0,0.0
2025-01-31 13:30:00+00:00,PCE,Surprise only,-0.24328328434500773,-1.3282270402292795,0.641763299991148,-0.2352361214678306,0.0,True,0.9669226642560235,,,,,100,-0.0,0.0,-0.0
2025-02-07 13:30:00+00:00,NFP,Surprise only,-0.13442132024142522,25.63732413108255,0.6467007113707824,-0.1342818810597744,0.0,True,0.9989626706433147,,,,,106,0.0,0.0,0.0
2025-02-12 13:30:00+00:00,CPI,Surprise only,-1.6288289771507536,-0.9028530161536708,0.6487986039643832,-10.256011084220816,-1.0,True,6.296554904224047,,,,,98,0.9028530161536708,0.6487986039643832,0.2540544121892876
2025-02-28 13:30:00+00:00,PCE,Surprise only,-0.24245575341235073,-10.804474562871036,0.6668046262445103,-0.23448826343860607,0.0,True,0.9671383753051463,,,,,101,-0.0,0.0,-0.0
2025-03-07 13:30:00+00:00,NFP,Surprise only,-0.10408611006653506,-68.47896181579216,0.6807192150603258,-0.1035328119743425,0.0,True,0.9946842273974992,,,,,107,-0.0,0.0,-0.0
2025-03-12 12:30:00+00:00,CPI,Surprise only,0.863785844188717,-42.74276120659337,0.6953769422597352,5.377264774389121,1.0,True,6.2252291011315934,,,,,99,-42.74276120659337,0.6953769422597352,-43.438138148853106
2025-03-28 12:30:00+00:00,PCE,Surprise only,-0.2416366134206346,-15.53562913979789,0.6816792816510742,-0.23495219133703174,0.0,True,0.9723368822755067,,,,,102,-0.0,0.0,-0.0
2025-04-04 12:30:00+00:00,NFP,Surprise only,0.022901267949125444,19.882973894436162,0.7307362797964017,0.023076962602790917,0.0,True,1.0076718308373045,,,,,108,0.0,0.0,0.0
2025-04-10 12:30:00+00:00,CPI,Surprise only,1.6857215992659478,-47.609691199443915,0.7206401272302569,9.805649762885821,1.0,True,5.816885639452991,,,,,100,-47.609691199443915,0.7206401272302569,-48.33033132667417
2025-04-30 14:00:00+00:00,PCE,Surprise only,-0.24082572346498407,54.64562648212379,0.7269263548403267,-0.2359595977855939,0.0,True,0.9797939953864699,,,,,103,0.0,0.0,0.0
2025-05-02 12:30:00+00:00,NFP,Surprise only,-0.04068498955260628,30.78752992482947,0.7064211244275552,-0.040891158713584,0.0,True,1.0050674502622434,,,,,109,0.0,0.0,0.0
2025-05-13 12:30:00+00:00,CPI,Surprise only,0.8463013350782487,-21.247470102245813,0.6849153302945136,4.252671299592892,1.0,True,5.025008378605112,,,,,101,-21.247470102245813,0.6849153302945136,-21.932385432540325
2025-05-30 12:30:00+00:00,PCE,Surprise only,-0.2400229459321998,4.748112714434427,0.6887706631198935,-0.2284517440146042,0.0,True,0.9517912678196018,,,,,104,0.0,0.0,0.0
2025-06-06 12:30:00+00:00,NFP,Surprise only,-0.07537897167229662,16.180664123321975,0.6817273560732504,-0.07541489787103081,0.0,True,1.0004766077055331,,,,,110,0.0,0.0,0.0
2025-06-11 12:30:00+00:00,CPI,Surprise only,0.842385437586005,-9.770396478270271,0.676890040379992,4.067580414851346,1.0,True,4.828645217927403,,,,,102,-9.770396478270271,0.676890040379992,-10.447286518650262
2025-06-27 12:30:00+00:00,PCE,Surprise only,-0.23922814640251422,2.9649565166778302,0.6610289257140252,-0.2270653463724099,0.0,True,0.9491581562913599,,,,,105,0.0,0.0,0.0
2025-07-15 12:30:00+00:00,CPI,Surprise only,0.015270024971998773,-13.431234110825585,0.649859943977591,0.07214865914921921,0.0,True,4.724855347749657,,,,,103,-0.0,0.0,-0.0
2025-07-31 12:30:00+00:00,PCE,Surprise only,-0.23844119355490775,-7.822890174438157,0.6482040278057176,-0.22591482222301776,0.0,True,0.9474655736069135,,,,,106,-0.0,0.0,-0.0
2025-08-01 12:30:00+00:00,NFP,Surprise only,-0.13459299863347782,6.835893261687431,0.6598407281001138,-0.1343564323715145,0.0,True,0.9982423583368736,,,,,111,0.0,0.0,0.0
2025-08-12 12:30:00+00:00,CPI,Surprise only,0.015229351855953272,11.289996005832137,0.6573727756998753,0.07159518384973801,0.0,True,4.701131376234564,,,,,104,0.0,0.0,0.0
2025-08-29 12:30:00+00:00,PCE,Surprise only,-0.23766195907583582,-1.7540397773530003,0.6365372374283895,-0.22598323456865582,0.0,True,0.950859933358315,,,,,107,-0.0,0.0,-0.0
2025-09-05 12:30:00+00:00,NFP,Surprise only,-0.16203229557152443,32.003534549343016,0.636467386533228,-0.16163809441670246,0.0,True,0.99756714454096,,,,,112,0.0,0.0,0.0
2025-09-11 12:30:00+00:00,CPI,Surprise only,-0.8125014898375039,1.9705512133505465,0.6354771556919031,-3.8355897579180507,-1.0,True,4.72071719977418,,,,,105,-1.9705512133505465,0.6354771556919031,-2.6060283690424497
2025-09-26 12:30:00+00:00,PCE,Surprise only,-0.23689031757122087,7.100973992510973,0.6247980178821502,-0.22537275333611914,0.0,True,0.9513801815406028,,,,,108,0.0,0.0,0.0
2025-10-24 12:30:00+00:00,CPI,Surprise only,0.847953082809842,-18.236184786228904,0.6171394522355345,3.9841268017786295,1.0,True,4.698522692525066,,,,,106,-18.236184786228904,0.6171394522355345,-18.853324238464438
2025-11-20 13:30:00+00:00,NFP,Surprise only,-0.0023105936820798033,25.748324492571584,0.624246598932323,-0.0022925774378503333,0.0,True,0.9922027640042479,,,,,113,0.0,0.0,0.0
2025-12-05 15:00:00+00:00,PCE,Surprise only,-0.2361261464815725,4.365405272466205,0.6031739428856674,-0.22383675180966683,0.0,True,0.947954113277901,,,,,109,0.0,0.0,0.0
2026-01-09 13:30:00+00:00,NFP,Surprise only,-0.11728348610816007,9.875349714754122,0.5850430712743852,-0.11597933024199612,0.0,True,0.9888803112062917,,,,,114,0.0,0.0,0.0
2026-01-13 13:30:00+00:00,CPI,Surprise only,0.01505420514787327,-18.268511981620605,0.5836419256158428,0.06828989963939576,0.0,True,4.536267373043151,,,,,107,-0.0,0.0,-0.0
2026-02-11 13:30:00+00:00,NFP,Surprise only,-0.002974276950318473,27.542495243455534,0.5758995948844229,-0.0029379849178687253,0.0,True,0.9877980319062548,,,,,115,0.0,0.0,0.0
2026-02-13 13:30:00+00:00,CPI,Surprise only,0.8462769813651695,-4.843103716893893,0.5863916691942169,3.8133377784486022,1.0,True,4.506016189046199,,,,,108,-4.843103716893893,0.5863916691942169,-5.42949538608811
2026-02-20 13:30:00+00:00,PCE,Surprise only,-1.874584816789142,-5.872288032353623,0.5864984022974558,-1.7730339282293486,-1.0,True,0.945827530634899,,,,,110,5.872288032353623,0.5864984022974558,5.2857896300561675
2026-03-06 13:30:00+00:00,NFP,Surprise only,-0.288041446580229,-46.16122440461723,0.6074061662198391,-0.2835216788554532,0.0,True,0.9843086202404664,,,,,116,-0.0,0.0,-0.0
2026-03-11 12:30:00+00:00,CPI,Surprise only,-0.07257360225559249,-31.074183062749228,0.6080429404117919,-0.3227201691320997,0.0,True,4.446798272401189,,,,,109,-0.0,0.0,-0.0
2026-03-13 12:30:00+00:00,PCE,Surprise only,-0.21994435368833912,0.21304926764997845,0.6182577921801048,-0.22051544148613678,0.0,True,1.0025965103819254,,,,,111,0.0,0.0,0.0
2026-04-09 12:30:00+00:00,PCE,Surprise only,-0.21926095603584936,1.667396156346257,0.6045319046924184,-0.21980740621472403,0.0,True,1.002492236596767,,,,,112,0.0,0.0,0.0
2026-04-10 12:30:00+00:00,CPI,Surprise only,0.3863432136330373,-8.671594877949218,0.5989879169678819,1.7063568676981593,1.0,True,4.416686530228323,,,,,110,-8.671594877949218,0.5989879169678819,-9.2705827949171
2026-04-30 12:30:00+00:00,PCE,Surprise only,-0.21858389123884375,-8.715480663177289,0.5875321623209546,-0.21906457065838436,0.0,True,1.0021990614990717,,,,,113,-0.0,0.0,-0.0
2026-05-08 12:30:00+00:00,NFP,Surprise only,-0.02209025678682834,-5.815411002618731,0.5815119310206537,-0.021971883749460023,0.0,True,0.9946413915188664,,,,,117,-0.0,0.0,-0.0
2026-05-12 12:30:00+00:00,CPI,Surprise only,0.009048380436151223,15.266258514028408,0.5828559943724249,0.03961380740221861,0.0,True,4.37799976269218,,,,,111,0.0,0.0,0.0
2026-05-28 12:30:00+00:00,PCE,Surprise only,1.4256193886011588,9.086061422678426,0.5731791679019665,1.4302436287810885,1.0,True,1.003243670938333,,,,,114,9.086061422678426,0.5731791679019665,8.51288225477646
2026-06-05 12:30:00+00:00,NFP,Surprise only,0.024028750728270636,4.256389485188805,0.5609284332688588,0.023933277245340365,0.0,True,0.9960266980164748,,,,,118,0.0,0.0,0.0
2026-06-10 12:30:00+00:00,CPI,Surprise only,0.009025267637695652,12.047361406555268,0.5733718217406777,0.03972731765266104,0.0,True,4.401788317803758,,,,,112,0.0,0.0,0.0
2026-06-25 12:30:00+00:00,PCE,Surprise only,1.4130475363822363,-5.150558567930119,0.5540801314507346,1.5765280220364426,1.0,True,1.115693549894831,,,,,115,-5.150558567930119,0.5540801314507346,-5.704638699380854
2016-01-08 13:30:00+00:00,NFP,Surprise + State,1.6142593236792937,-18.677517103160568,1.7513134851138354,,0.0,False,,,,,,0,-0.0,0.0,-0.0
2016-01-20 13:30:00+00:00,CPI,Surprise + State,0.8034072020471136,10.860192079000797,1.8541014001662297,,0.0,False,,,,,,0,0.0,0.0,0.0
2016-02-01 13:30:00+00:00,PCE,Surprise + State,1.3212240511473,6.153089044733662,1.7850547827157452,,0.0,False,,,,,,0,0.0,0.0,0.0
2016-02-05 13:30:00+00:00,NFP,Surprise + State,-0.5662977961971637,-14.739301323434262,1.7755464397232597,,0.0,False,,,,,,1,-0.0,0.0,-0.0
2016-02-19 13:30:00+00:00,CPI,Surprise + State,-1.1647750851392003,-7.356547658883272,1.7748944243833773,,0.0,False,,,,,,1,-0.0,0.0,-0.0
2016-02-26 15:00:00+00:00,PCE,Surprise + State,-2.1146814105422513,-13.177599990168432,1.7353838788821734,,0.0,False,,,,,,1,-0.0,0.0,-0.0
2016-03-04 13:30:00+00:00,NFP,Surprise + State,0.8511296176546844,-33.028635156728825,1.7110153991385924,,0.0,False,,,,,,2,-0.0,0.0,-0.0
2016-03-28 12:30:00+00:00,PCE,Surprise + State,-0.3589718295271186,-6.871278328066666,1.6602736588996394,,0.0,False,,,,,,2,-0.0,0.0,-0.0
2016-04-01 12:30:00+00:00,NFP,Surprise + State,0.23256549524665046,-31.39003233807003,1.6535522864636787,,0.0,False,,,,,,3,-0.0,0.0,-0.0
2016-04-14 12:30:00+00:00,CPI,Surprise + State,0.8159070832843519,12.889849628443528,1.626654700471169,,0.0,False,,,,,,2,0.0,0.0,0.0
2016-04-29 12:30:00+00:00,PCE,Surprise + State,-0.3548908737688326,-25.95645289842352,1.6339869281045751,,0.0,False,,,,,,3,-0.0,0.0,-0.0
2016-05-06 12:30:00+00:00,NFP,Surprise + State,-0.5970295853454834,-14.282860142262876,1.6539295083837116,,0.0,False,,,,,,4,-0.0,0.0,-0.0
2016-05-17 12:30:00+00:00,CPI,Surprise + State,-1.165117912908518,-10.776168697308464,1.6434319392496883,,0.0,False,,,,,,3,-0.0,0.0,-0.0
2016-05-31 12:30:00+00:00,PCE,Surprise + State,-0.3509464824958188,-1.1183805860781604,1.6211985688729873,,0.0,False,,,,,,4,-0.0,0.0,-0.0
2016-06-03 12:30:00+00:00,NFP,Surprise + State,-1.9555484666489378,-16.87954038313677,1.625469424359621,,0.0,False,,,,,,5,-0.0,0.0,-0.0
2016-06-29 12:30:00+00:00,PCE,Surprise + State,-0.3471306674377593,13.203595591964046,1.6659007352941178,,0.0,False,,,,,,5,0.0,0.0,0.0
2016-07-08 12:30:00+00:00,NFP,Surprise + State,1.8450710388339822,10.597061701691501,1.6242858743138793,,0.0,False,,,,,,6,0.0,0.0,0.0
2016-07-15 12:30:00+00:00,CPI,Surprise + State,0.8115726727885837,2.1674343081379277,1.5730093295725753,,0.0,False,,,,,,4,0.0,0.0,0.0
2016-08-02 12:30:00+00:00,PCE,Surprise + State,1.357394389268374,-3.8246141703801584,1.5842665938268232,,0.0,False,,,,,,6,-0.0,0.0,-0.0
2016-08-05 12:30:00+00:00,NFP,Surprise + State,1.2796377681502662,23.96123784340176,1.5833151343088012,,0.0,False,,,,,,7,0.0,0.0,0.0
2016-08-16 12:30:00+00:00,CPI,Surprise + State,-0.18513874292076055,-4.314063915042965,1.563510890662066,,0.0,False,,,,,,5,-0.0,0.0,-0.0
2016-08-29 12:30:00+00:00,PCE,Surprise + State,-0.36621496105815404,2.175213451387492,1.5772870662460565,,0.0,False,,,,,,7,0.0,0.0,0.0
2016-09-02 12:30:00+00:00,NFP,Surprise + State,-0.40888888651079935,21.153697579823216,1.5766867830152775,,0.0,False,,,,,,8,0.0,0.0,0.0
2016-09-30 12:30:00+00:00,PCE,Surprise + State,1.3393576888346368,6.6287358114003325,1.6022984695287033,,0.0,False,,,,,,8,0.0,0.0,0.0
2016-10-07 12:30:00+00:00,NFP,Surprise + State,-0.1964152932718881,8.234293551208083,1.5951595159515952,,0.0,False,,,,,,9,0.0,0.0,0.0
2016-10-18 12:30:00+00:00,CPI,Surprise + State,-0.16901430640024803,2.761286777168692,1.6023870040888497,,0.0,False,,,,,,6,0.0,0.0,0.0
2016-10-31 12:30:00+00:00,PCE,Surprise + State,-0.3840686609153908,4.968944201610981,1.601855943437914,,0.0,False,,,,,,9,0.0,0.0,0.0
2016-11-04 12:30:00+00:00,NFP,Surprise + State,-0.1303193272493761,12.887682841693504,1.6250140087414546,,0.0,False,,,,,,10,0.0,0.0,0.0
2016-11-17 13:30:00+00:00,CPI,Surprise + State,-0.16796381350875023,3.717176051090121,1.5400955921402018,,0.0,False,,,,,,7,0.0,0.0,0.0
2016-11-30 13:30:00+00:00,PCE,Surprise + State,1.3230170925284488,4.697163521552028,1.514044063903101,,0.0,False,,,,,,10,0.0,0.0,0.0
2016-12-02 13:30:00+00:00,NFP,Surprise + State,0.033610480884534014,1.0425354471621517,1.5112037519541426,,0.0,False,,,,,,11,0.0,0.0,0.0
2016-12-22 15:00:00+00:00,PCE,Surprise + State,2.9838886430672513,0.0,1.4600010068972462,,0.0,False,,,,,,11,0.0,0.0,0.0
2017-01-06 13:30:00+00:00,NFP,Surprise + State,-0.24560763540543862,11.097100760490974,1.4645724963385687,,0.0,False,,,,,,12,0.0,0.0,0.0
2017-01-18 13:30:00+00:00,CPI,Surprise + State,-0.1659201234598231,-1.5167985467812173,1.4659050700096041,,0.0,False,,,,,,8,-0.0,0.0,-0.0
2017-01-30 13:30:00+00:00,PCE,Surprise + State,-0.4243384371886906,6.517434367019348,1.4542172299669038,,0.0,False,,,,,,12,0.0,0.0,0.0
2017-02-03 13:30:00+00:00,NFP,Surprise + State,0.8452794369339985,10.553560293029562,1.4592663412670457,,0.0,False,,,,,,13,0.0,0.0,0.0
2017-02-15 13:30:00+00:00,CPI,Surprise + State,-3.2124696574381035,-3.4163840347822827,1.4147721728949165,,0.0,False,,,,,,9,-0.0,0.0,-0.0
2017-03-01 13:30:00+00:00,PCE,Surprise + State,1.1790960725118012,5.721642267388916,1.3825324180015255,,0.0,False,,,,,,13,0.0,0.0,0.0
2017-03-10 13:30:00+00:00,NFP,Surprise + State,0.6384882035084962,5.723279595333253,1.384644766997708,,0.0,False,,,,,,14,0.0,0.0,0.0
2017-03-31 12:30:00+00:00,PCE,Surprise + State,-0.4384274479644154,-1.45310116261399,1.4044263644728558,,0.0,False,,,,,,14,-0.0,0.0,-0.0
2017-04-07 12:30:00+00:00,NFP,Surprise + State,-1.3078965412877368,6.323111181263386,1.407766990291262,,0.0,False,,,,,,15,0.0,0.0,0.0
2017-05-01 12:30:00+00:00,PCE,Surprise + State,-0.4341842117614949,-5.260012075858356,1.386299536306707,,0.0,False,,,,,,15,-0.0,0.0,-0.0
2017-05-05 12:30:00+00:00,NFP,Surprise + State,0.4142854976008267,1.9170860351103158,1.3908872901678657,,0.0,False,,,,,,16,0.0,0.0,0.0
2017-05-12 12:30:00+00:00,CPI,Surprise + State,-0.13514617301327977,4.795473165319919,1.3908872901678657,,0.0,False,,,,,,10,0.0,0.0,0.0
2017-05-30 12:30:00+00:00,PCE,Surprise + State,-0.4300621707383414,1.4258894009167022,1.3785890853774483,,0.0,False,,,,,,16,0.0,0.0,0.0
2017-06-02 12:30:00+00:00,NFP,Surprise + State,-0.6677396065852849,-10.861610002681488,1.367730981464887,,0.0,False,,,,,,17,-0.0,0.0,-0.0
2017-06-30 12:30:00+00:00,PCE,Surprise + State,-0.4260556508599551,-2.817827473684531,1.3618859772705927,,0.0,False,,,,,,17,-0.0,0.0,-0.0
2017-07-07 12:30:00+00:00,NFP,Surprise + State,0.8034356423152486,4.222477718798245,1.362653885912978,,0.0,False,,,,,,18,0.0,0.0,0.0
2017-07-14 12:30:00+00:00,CPI,Surprise + State,0.7927260050565855,4.1822533660962335,1.3481474594393565,,0.0,False,,,,,,11,0.0,0.0,0.0
2017-08-01 12:30:00+00:00,PCE,Surprise + State,-0.422159343805065,5.013559504298826,1.3218469392406218,,0.0,False,,,,,,18,0.0,0.0,0.0
2017-08-04 12:30:00+00:00,NFP,Surprise + State,0.5458452330557173,-0.45397798213997476,1.3169845594913714,,0.0,False,,,,,,19,-0.0,0.0,-0.0
2017-08-11 12:30:00+00:00,CPI,Surprise + State,0.7856685090657263,8.701028644111375,1.3287514318442153,,0.0,False,,,,,,12,0.0,0.0,0.0
2017-08-31 12:30:00+00:00,PCE,Surprise + State,-0.4183682771652557,3.647804518145392,1.3228720007298604,,0.0,False,,,,,,19,0.0,0.0,0.0
2017-09-01 12:30:00+00:00,NFP,Surprise + State,-0.34604558050796347,1.363357497172757,1.3172836702248465,,0.0,False,,,,,,20,0.0,0.0,0.0
2017-09-29 12:30:00+00:00,PCE,Surprise + State,1.24403333303221,-8.519224817451487,1.2999237975704871,,0.0,False,,,,,,20,-0.0,0.0,-0.0
2017-10-06 12:30:00+00:00,NFP,Surprise + State,-1.8424473560997108,-11.01006430998197,1.2762961006953613,,0.0,False,,,,,,21,-0.0,0.0,-0.0
2017-10-13 12:30:00+00:00,CPI,Surprise + State,0.7897822256401897,-0.8761170498061688,1.2703697213947782,,0.0,False,,,,,,13,-0.0,0.0,-0.0
2017-10-30 12:30:00+00:00,PCE,Surprise + State,-0.43153418183276016,-4.289084346265071,1.2435677530017153,,0.0,False,,,,,,21,-0.0,0.0,-0.0
2017-11-03 12:30:00+00:00,NFP,Surprise + State,-0.7859021766829931,-0.8520064757711054,1.2355672958118529,,0.0,False,,,,,,22,-0.0,0.0,-0.0
2017-11-15 13:30:00+00:00,CPI,Surprise + State,-0.15820077948038003,-6.874033609740593,1.2452765372724148,,0.0,False,,,,,,14,-0.0,0.0,-0.0
2017-11-30 13:30:00+00:00,PCE,Surprise + State,-0.42780275982372784,7.91056934895451,1.2079306897700766,,0.0,False,,,,,,22,0.0,0.0,0.0
2017-12-08 13:30:00+00:00,NFP,Surprise + State,0.6370043888724991,7.820700557079618,1.1941035987811908,,0.0,False,,,,,,23,0.0,0.0,0.0
2017-12-13 13:30:00+00:00,CPI,Surprise + State,-0.1573539546812662,4.891171533074612,1.1816959374108633,,0.0,False,,,,,,15,0.0,0.0,0.0
2017-12-22 13:30:00+00:00,PCE,Surprise + State,1.2482623178131573,-5.651998535611824,1.170393090644927,,0.0,False,,,,,,23,-0.0,0.0,-0.0
2018-01-05 13:30:00+00:00,NFP,Surprise + State,-0.621220884870033,6.76415026287458,1.1532649327924918,,0.0,False,,,,,,24,0.0,0.0,0.0
2018-01-12 13:30:00+00:00,CPI,Surprise + State,-0.15652048446517022,-6.632464203502053,1.1306483683574409,,0.0,False,,,,,,16,-0.0,0.0,-0.0
2018-01-29 13:30:00+00:00,PCE,Surprise + State,-0.4402926559951366,-3.7664783872770613,1.091990812215235,,0.0,False,,,,,,24,-0.0,0.0,-0.0
2018-02-02 13:30:00+00:00,NFP,Surprise + State,0.4228435414864092,8.095137577548428,1.116544103492088,,0.0,False,,,,,,25,0.0,0.0,0.0
2018-02-14 13:30:00+00:00,CPI,Surprise + State,-2.0674616228090885,-29.41298742083376,1.1704403277232918,,0.0,False,,,,,,17,-0.0,0.0,-0.0
2018-03-01 13:30:00+00:00,PCE,Surprise + State,-0.4366213148929902,40.81311683153288,1.16297722168752,,0.0,False,,,,,,25,0.0,0.0,0.0
2018-03-09 13:30:00+00:00,NFP,Surprise + State,1.9022467250921624,44.77679092056874,1.166532582461786,,0.0,False,,,,,,26,0.0,0.0,0.0
2018-03-13 12:30:00+00:00,CPI,Surprise + State,-0.1324165031997715,-9.089652255056535,1.1490609398526033,,0.0,False,,,,,,18,-0.0,0.0,-0.0
2018-03-29 12:30:00+00:00,PCE,Surprise + State,-0.4330405906855374,-0.8353869935184832,1.211817308094104,,0.0,False,,,,,,26,-0.0,0.0,-0.0
2018-04-06 12:30:00+00:00,NFP,Surprise + State,-1.2995829002724142,8.243343966931604,1.1954819028774013,,0.0,False,,,,,,27,0.0,0.0,0.0
2018-04-11 12:30:00+00:00,CPI,Surprise + State,0.8133579879158452,-1.2428278492215838,1.2018732645364498,,0.0,False,,,,,,19,-0.0,0.0,-0.0
2018-04-30 12:30:00+00:00,PCE,Surprise + State,-0.4295466448744693,2.868323484612745,1.188281089940586,,0.0,False,,,,,,27,0.0,0.0,0.0
2018-05-04 12:30:00+00:00,NFP,Surprise + State,-0.4042211205062629,-9.22277251589776,1.2166981329976925,,0.0,False,,,,,,28,-0.0,0.0,-0.0
2018-05-10 12:30:00+00:00,CPI,Surprise + State,0.8066313627379722,9.775570001711031,1.1829974708329933,,0.0,False,,,,,,20,0.0,0.0,0.0
2018-05-31 12:30:00+00:00,PCE,Surprise + State,-0.4261361668922612,0.0,1.1751357484399059,,0.0,False,,,,,,28,0.0,0.0,0.0
2018-06-01 12:30:00+00:00,NFP,Surprise + State,0.6295443548080089,24.426995820494568,1.1810702940457767,,0.0,False,,,,,,29,0.0,0.0,0.0
2018-06-12 12:30:00+00:00,CPI,Surprise + State,-0.14836969090721452,13.026746142958956,1.1454301287621453,,0.0,False,,,,,,21,0.0,0.0,0.0
2018-06-29 12:30:00+00:00,PCE,Surprise + State,-0.4228058320342103,-11.101290123090024,1.1917481712829785,,0.0,False,,,,,,29,-0.0,0.0,-0.0
2018-07-06 12:30:00+00:00,NFP,Surprise + State,0.3749571567850948,-6.580571102006161,1.1949400469735054,,0.0,False,,,,,,30,-0.0,0.0,-0.0
2018-07-12 12:30:00+00:00,CPI,Surprise + State,0.8054339632504349,8.841733555691178,1.1659697651978127,,0.0,False,,,,,,22,0.0,0.0,0.0
2018-07-31 12:30:00+00:00,PCE,Surprise + State,-0.4195525615380417,-5.137426262500355,1.1461544541933444,,0.0,False,,,,,,30,-0.0,0.0,-0.0
2018-08-03 12:30:00+00:00,NFP,Surprise + State,-0.5320078037025123,-16.598170108466093,1.144661535425301,,0.0,False,,,,,,31,-0.0,0.0,-0.0
2018-08-10 12:30:00+00:00,CPI,Surprise + State,-0.15572468844210885,-7.490489400314715,1.1428571428571428,,0.0,False,,,,,,23,-0.0,0.0,-0.0
2018-08-30 12:30:00+00:00,PCE,Surprise + State,0.016880010255722527,-2.6836889382231277,1.111664813891977,,0.0,False,,,,,,31,-0.0,0.0,-0.0
2018-09-07 12:30:00+00:00,NFP,Surprise + State,0.2616225928660689,-8.097634776458307,1.1163292016321502,,0.0,False,,,,,,32,-0.0,0.0,-0.0
2018-09-13 12:30:00+00:00,CPI,Surprise + State,0.8043331512490195,0.3828703792763122,1.1114517859880422,,0.0,False,,,,,,24,0.0,0.0,0.0
2018-09-28 12:30:00+00:00,PCE,Surprise + State,-0.41932078998489236,2.65297229200101,1.0996094490577484,,0.0,False,,,,,,32,0.0,0.0,0.0
2018-10-05 12:30:00+00:00,NFP,Surprise + State,-0.7870138858905067,-15.002065597293779,1.0881801125703565,,0.0,False,,,,,,33,-0.0,0.0,-0.0
2018-10-11 12:30:00+00:00,CPI,Surprise + State,0.7980522394154973,-21.193100554004474,1.1413278759494667,,0.0,False,,,,,,25,-0.0,0.0,-0.0
2018-10-29 12:30:00+00:00,PCE,Surprise + State,-0.4162236927774103,-0.8028581755326059,1.1647054098558174,,0.0,False,,,,,,33,-0.0,0.0,-0.0
2018-11-02 12:30:00+00:00,NFP,Surprise + State,0.9282289143639069,-1.5649452301147448,1.134585289514867,,0.0,False,,,,,,34,-0.0,0.0,-0.0
2018-11-14 13:30:00+00:00,CPI,Surprise + State,-0.17073431842246337,11.409912122495314,1.1429922749487624,,0.0,False,,,,,,26,0.0,0.0,0.0
2018-11-29 13:30:00+00:00,PCE,Surprise + State,-0.413194375549636,3.5544322168767906,1.1457921770051362,,0.0,False,,,,,,34,0.0,0.0,0.0
2018-12-07 13:30:00+00:00,NFP,Surprise + State,-0.6547686526365027,17.27220208074698,1.1666264381687987,,0.0,False,,,,,,35,0.0,0.0,0.0
2018-12-12 13:30:00+00:00,CPI,Surprise + State,-0.1699188197561624,35.24625359718314,1.176422863169851,,0.0,False,,,,,,27,0.0,0.0,0.0
2019-01-04 13:30:00+00:00,NFP,Surprise + State,2.261740690734558,32.74897584478964,1.2638368343066329,10.475985175735213,1.0,True,5.235709324542189,-1.212740576698889,-0.08309794082059427,rv_20d,0.9979508196721312,36,32.74897584478964,1.2638368343066329,31.485139010483007
2019-01-11 13:30:00+00:00,CPI,Surprise + State,-0.16911489877107314,-12.133638860252205,1.2138462182411787,,0.0,False,,,,,,28,-0.0,0.0,-0.0
2019-02-01 13:30:00+00:00,NFP,Surprise + State,2.3749676396538355,18.781599558828077,1.1619520794935492,14.913262379618606,1.0,True,6.05929351619199,3.4641768230353667,0.3143096819421774,rv_20d,0.5635245901639344,37,18.781599558828077,1.1619520794935492,17.619647479334528
2019-02-13 13:30:00+00:00,CPI,Surprise + State,0.8075888422190041,16.08695146135375,1.1382369102755319,,0.0,False,,,,,,29,0.0,0.0,0.0
2019-03-01 13:30:00+00:00,PCE,Surprise + State,-2.108137244454332,-0.3835164624810261,1.1120484699746913,,0.0,False,,,,,,35,-0.0,0.0,-0.0
2019-03-08 13:30:00+00:00,NFP,Surprise + State,-2.577157761426142,-3.5624517961352353,1.1442550505050504,-14.388196083208939,-1.0,True,6.251541909952319,3.3635338770785546,0.31022010613624457,rv_20d,0.3012295081967213,38,3.5624517961352353,1.1442550505050504,2.418196745630185
2019-03-12 12:30:00+00:00,CPI,Surprise + State,-0.17594973086669394,14.83621870544738,1.1335652581792597,,0.0,False,,,,,,30,0.0,0.0,0.0
2019-03-29 12:30:00+00:00,PCE,Surprise + State,1.3555304283976177,8.894905352985205,1.1219870778040004,1.5360457710175834,1.0,True,1.4998501770334935,1.7716847369044972,0.2354760853003828,rv_20d,0.2930327868852459,36,8.894905352985205,1.1219870778040004,7.772918275181205
2019-04-05 12:30:00+00:00,NFP,Surprise + State,0.36000953458674323,-0.37773622684866837,1.0974871329094762,1.8165286238338583,1.0,True,5.654570183165706,4.661055913516119,0.44338841140027097,rv_20d,0.3693877551020408,39,-0.37773622684866837,1.0974871329094762,-1.4752233597581446
2019-04-10 12:30:00+00:00,CPI,Surprise + State,-0.6660549897418855,1.1451474389900795,1.1068702290076335,,0.0,False,,,,,,31,0.0,0.0,0.0
2019-05-03 12:30:00+00:00,NFP,Surprise + State,1.2218354880047635,10.230567552032,1.1004439722232762,4.345415654528401,1.0,True,5.620660149447778,4.774061758112612,0.4551478548433003,rv_20d,0.06762295081967214,40,10.230567552032,1.1004439722232762,9.130123579808723
2019-05-10 12:30:00+00:00,CPI,Surprise + State,0.8147019300586259,20.25632728779314,1.1287121005721403,,0.0,False,,,,,,32,0.0,0.0,0.0
2019-05-31 12:30:00+00:00,PCE,Surprise + State,-0.36868440449756795,10.432969125790947,1.1642378256854953,-0.7819573433782145,0.0,True,1.7968935317359498,1.664573347852988,0.2241331787456485,rv_20d,0.694672131147541,37,0.0,0.0,0.0
2019-06-07 12:30:00+00:00,NFP,Surprise + State,-1.5524750423548752,3.1030604182014088,1.123508445684178,-10.274797856802383,-1.0,True,5.777465317970507,4.230348037213623,0.4308616416251988,rv_20d,0.6987704918032787,41,-3.1030604182014088,1.123508445684178,-4.2265688638855865
2019-06-12 12:30:00+00:00,CPI,Surprise + State,-0.17710016798500505,-4.613787616936094,1.1152559320078452,,0.0,False,,,,,,33,-0.0,0.0,-0.0
2019-06-28 12:30:00+00:00,PCE,Surprise + State,-0.366294583792779,3.3794566906308887,1.0889155902673475,-0.6523231728791115,0.0,True,1.7350608115182473,1.4903378056758791,0.19715008615346238,rv_20d,0.5307377049180327,38,0.0,0.0,0.0
2019-07-05 12:30:00+00:00,NFP,Surprise + State,1.0718570086511612,-7.808869040495381,1.0773460138197488,5.110897876295662,1.0,True,5.339484814345352,3.0632466351870486,0.33186272255572047,rv_20d,0.3135245901639344,42,-7.808869040495381,1.0773460138197488,-8.88621505431513
2019-07-11 12:30:00+00:00,CPI,Surprise + State,-1.1663865052088653,2.597739980849667,1.0751890849770132,,0.0,False,,,,,,34,0.0,0.0,0.0
2019-07-30 12:30:00+00:00,PCE,Surprise + State,-0.36395092463953677,-9.960711354235485,1.0699133001291274,-0.3648013736104067,0.0,True,1.7183469725591451,1.4868638574984572,0.19626897231763846,rv_20d,0.018442622950819672,39,-0.0,0.0,-0.0
2019-08-02 12:30:00+00:00,NFP,Surprise + State,0.031497609119124026,3.3964186978430178,1.0940919037199124,0.12951246625268192,0.0,True,5.006010864058409,3.861642929280738,0.4159819353327596,rv_20d,0.26844262295081966,43,0.0,0.0,0.0
2019-08-13 12:30:00+00:00,CPI,Surprise + State,-0.1659081562956267,8.139377593217034,1.1232038421317634,,0.0,False,,,,,,35,0.0,0.0,0.0
2019-08-30 12:30:00+00:00,PCE,Surprise + State,-0.3616517148149259,-1.8851918238560472,1.093225769970219,-0.8116756894592194,0.0,True,1.7700469755555526,1.1515595508001075,0.15277301908778984,rv_20d,0.9118852459016393,40,-0.0,0.0,-0.0
2019-10-04 12:30:00+00:00,NFP,Surprise + State,-0.09265768712922037,8.383827326934323,1.1106855610877058,-0.5737033782229198,0.0,True,5.010899216210738,3.8502535210702873,0.415459595701648,rv_20d,0.8066666666666666,44,0.0,0.0,0.0
2019-10-10 12:30:00+00:00,CPI,Surprise + State,0.8325119977114724,5.330896478383806,1.1051408101825388,5.9694753947494394,1.0,True,5.311405328405191,6.971371306350183,0.5254993151175934,rv_20d,0.7666666666666667,36,5.330896478383806,1.1051408101825388,4.225755668201268
2019-10-31 12:30:00+00:00,PCE,Surprise + State,-0.3726587275846903,4.800679572998234,1.0709801314720437,-0.5259356894488328,0.0,True,1.8159130060208637,1.4450231885718132,0.20648380721657852,rv_20d,0.22,41,0.0,0.0,0.0
2019-11-01 12:30:00+00:00,NFP,Surprise + State,0.742125242156633,5.538836616683085,1.0736764161421695,2.998317369776462,1.0,True,4.951022872331477,3.5334536305773008,0.38594032447948695,rv_20d,0.24222222222222223,45,5.538836616683085,1.0736764161421695,4.4651602005409154
2019-11-13 13:30:00+00:00,CPI,Surprise + State,-1.1700469441557593,2.1758050564457676,1.051906126446371,-2.576292475123239,-1.0,True,5.245784020589957,6.780994276359115,0.5296347507097253,rv_20d,0.051111111111111114,37,-2.1758050564457676,1.051906126446371,-3.2277111828921385
2019-11-27 15:00:00+00:00,PCE,Surprise + State,0.9149489511371186,-2.849002868288153,1.032285622752999,0.9501818063947514,0.0,True,1.7607541534205735,1.6560593592590653,0.23734078923903745,rv_20d,0.06387665198237885,42,-0.0,0.0,-0.0
2019-12-06 13:30:00+00:00,NFP,Surprise + State,1.42861497447116,24.80186746110391,1.0463270313176505,5.803769372052505,1.0,True,4.975542574596056,3.4679713228047935,0.3819897990409356,rv_20d,0.23672566371681417,46,24.80186746110391,1.0463270313176505,23.755540429786258
2019-12-11 13:30:00+00:00,CPI,Surprise + State,-1.158461044632005,-1.4344629753892946,1.03983649467532,-4.051548148142808,-1.0,True,5.206195655275389,6.958527153865882,0.5955765841169492,rv_20d,0.25442477876106195,38,1.4344629753892946,1.03983649467532,0.39462648071397455
2020-01-10 13:30:00+00:00,NFP,Surprise + State,-0.20617197687041738,-1.7266683976124853,1.0010355540214015,-0.9934497972323039,0.0,True,5.472721428116703,2.0677334568720847,0.23031527575885594,rv_20d,0.1836283185840708,47,-0.0,0.0,-0.0
2020-01-14 13:30:00+00:00,CPI,Surprise + State,0.8436125672345851,13.162910210482437,1.0046769443963277,2.5972915124782245,1.0,True,5.214101924285736,6.943659839594253,0.5955890667063382,rv_20d,0.19247787610619468,39,13.162910210482437,1.0046769443963277,12.158233266086109
2020-01-31 13:30:00+00:00,PCE,Surprise + State,-2.1131396664751882,-4.187604751315632,1.0120397836328738,-3.8095016232093304,-1.0,True,1.7530380467903428,1.7290895444631713,0.2478050587627708,rv_20d,0.5287610619469026,43,4.187604751315632,1.0120397836328738,3.1755649676827584
2020-02-07 13:30:00+00:00,NFP,Surprise + State,1.0001447762026143,-28.71109741358069,0.9909786768726079,6.092452111843109,1.0,True,5.479635495983464,2.0189378471477544,0.2250474176831962,rv_20d,0.8030973451327433,48,-28.71109741358069,0.9909786768726079,-29.702076090453296
2020-02-13 13:30:00+00:00,CPI,Surprise + State,0.8376680323617207,3.4054146421347298,0.9878730072216922,6.293387484335414,1.0,True,5.405301729674022,6.3090920803818715,0.5392113592337111,rv_20d,0.834070796460177,40,3.4054146421347298,0.9878730072216922,2.4175416349130376
2020-03-06 13:30:00+00:00,NFP,Surprise + State,1.6027523818647151,5.519199067798297,1.1448874851954203,8.977184987930466,1.0,True,5.070174757199002,1.0666229540455323,0.11219355571744627,rv_20d,0.9977678571428571,49,5.519199067798297,1.1448874851954203,4.374311582602877
2020-03-11 12:30:00+00:00,CPI,Surprise + State,-1.1639324823814878,-59.32765757634684,1.199884149116637,-9.549682032032287,-1.0,True,5.290813415886343,5.907182178904488,0.5201373545498966,rv_20d,0.9932735426008968,41,59.32765757634684,1.199884149116637,58.1277734272302
2020-03-27 12:30:00+00:00,PCE,Surprise + State,-0.36227118384366613,-80.11830313364499,1.3294824187411176,-1.0311369553549081,0.0,True,1.8855192349306733,1.930320772518228,0.3125965515752248,rv_20d,0.997737556561086,44,-0.0,0.0,-0.0
2020-04-03 12:30:00+00:00,NFP,Surprise + State,-9.584675105229561,44.49079659949007,1.374994073301408,-51.37184147982542,-1.0,True,5.010419482401757,0.7019162289568791,0.08266074119843561,rv_20d,0.997737556561086,50,-44.49079659949007,1.374994073301408,-45.865790672791476
2020-04-30 12:30:00+00:00,PCE,Surprise + State,-0.36017238707897786,-60.32643718533848,1.187794388695474,-1.465993551270209,-1.0,True,2.1020780155326473,5.437089624458886,0.9898045681285162,rv_20d,0.8619909502262444,45,60.32643718533848,1.187794388695474,59.138642796643005
2020-05-08 12:30:00+00:00,NFP,Surprise + State,17.82134084487857,-16.997993354959107,1.2065737466195132,-11.23787639077401,-1.0,True,2.9156215681579245,-11.358140987349927,-0.9091781570586241,rv_20d,0.8122171945701357,51,16.997993354959107,1.2065737466195132,15.791419608339593
2020-05-12 12:30:00+00:00,CPI,Surprise + State,-0.1633338468717922,8.664975475607406,1.1973575557390586,-1.8291950087984912,-1.0,True,7.176964778468933,13.267102099974155,1.5764524339253392,rv_20d,0.8031674208144797,42,-8.664975475607406,1.1973575557390586,-9.862333031346465
2020-05-29 12:30:00+00:00,PCE,Surprise + State,-2.070466433747151,-14.232064074537476,1.145701643489254,-8.634117532145028,-1.0,True,2.2644375794900076,6.904235766209928,1.2249829221375852,rv_20d,0.7760180995475113,46,14.232064074537476,1.145701643489254,13.086362431048222
2020-06-05 12:30:00+00:00,NFP,Surprise + State,64.57555252744505,81.78248244934849,1.091292240535862,-9.540793742436424,-1.0,True,2.515116507241129,-11.317166587621957,-2.778859831541594,rv_20d,0.7352941176470589,52,-81.78248244934849,1.091292240535862,-82.87377468988436
2020-06-10 12:30:00+00:00,CPI,Surprise + State,0.8389770540647904,0.7323861142971566,1.0622321526684004,8.897022341557328,1.0,True,7.130884144770074,13.236083735925959,1.5693890404183644,rv_20d,0.7624434389140271,43,0.7323861142971566,1.0622321526684004,-0.3298460383712438
2020-06-26 12:30:00+00:00,PCE,Surprise + State,-2.0164547174799274,-27.90059772390663,1.1384156394755436,-9.337602328451847,-1.0,True,2.3371437518699465,7.139106058367107,1.8912646458857,rv_20d,0.8212669683257918,47,27.90059772390663,1.1384156394755436,26.762182084431085
2020-07-02 12:30:00+00:00,NFP,Surprise + State,1.641547953530035,26.15184937905468,1.1232908548630747,-0.7177136872133415,0.0,True,4.449530834499269,-14.239531916587762,-2.315542545906074,rv_20d,0.8431818181818181,53,0.0,0.0,0.0
2020-07-14 12:30:00+00:00,CPI,Surprise + State,-1.1723852919766982,-36.54201585257866,1.111579592931887,-12.519896510306701,-1.0,True,6.941548052598937,12.707319154872884,1.5321584677066091,rv_20d,0.7941176470588235,44,36.54201585257866,1.111579592931887,35.43043625964677
2020-07-31 12:30:00+00:00,PCE,Surprise + State,0.29050201998543845,2.2845828831741244,1.1042991508320323,0.6326019353094162,0.0,True,2.991143003582265,9.462600022205853,2.719868087024379,rv_20d,0.41402714932126694,48,0.0,0.0,0.0
2020-08-07 12:30:00+00:00,NFP,Surprise + State,0.2042193271067664,-11.017261488994734,1.0671180453341182,1.4910694537472107,1.0,True,4.386358957905337,-14.004458429471805,-2.341811636509824,rv_20d,0.2918552036199095,54,-11.017261488994734,1.0671180453341182,-12.084379534328852
2020-08-12 12:30:00+00:00,CPI,Surprise + State,-3.1643008322851895,20.444403742310158,1.0410683515221137,-13.813580178634362,-1.0,True,7.662649742327397,14.573646453129491,1.8296085914571711,rv_20d,0.2737556561085973,45,-20.444403742310158,1.0410683515221137,-21.48547209383227
2020-08-28 12:30:00+00:00,PCE,Surprise + State,1.3559572550269576,-15.386770415766193,1.0131358300726663,0.4196882562559318,0.0,True,3.025836166146287,9.528684394144273,2.752003901542763,rv_20d,0.2149321266968326,49,-0.0,0.0,-0.0
2020-09-04 12:30:00+00:00,NFP,Surprise + State,-0.08549110617815014,31.28902691535984,1.0207314068494597,-0.407908903553461,0.0,True,4.367435633618784,-13.91987894281855,-2.3023104357909294,rv_20d,0.47098214285714285,55,0.0,0.0,0.0
2020-09-11 12:30:00+00:00,CPI,Surprise + State,-1.0987651213117418,-12.660747951773743,1.0484075051516575,-6.848852714577759,-1.0,True,5.78979301018948,18.38236556972483,2.126862315577976,rv_20d,0.5241228070175439,46,12.660747951773743,1.0484075051516575,11.612340446622085
2020-10-01 12:30:00+00:00,PCE,Surprise + State,-0.3232204397783153,-16.872188232408547,1.0401348588644597,-1.2049543027304435,-1.0,True,2.670584056499507,10.358011827741189,2.748811589060038,rv_20d,0.6020833333333333,50,16.872188232408547,1.0401348588644597,15.832053373544088
2020-10-02 12:30:00+00:00,NFP,Surprise + State,-0.32757294004979853,-17.22463915134753,1.0603678379465427,-1.0739036112040286,-1.0,True,4.348377819001246,-13.8812493777369,-2.328333904426674,rv_20d,0.5770833333333333,56,17.22463915134753,1.0603678379465427,16.164271313400988
2020-10-13 12:30:00+00:00,CPI,Surprise + State,-0.1222113648828133,-1.7446830827339,1.011969152388596,-0.7014007896247754,0.0,True,5.932235985246365,18.52727222486228,2.1478381183028894,rv_20d,0.4895833333333333,47,-0.0,0.0,-0.0
2020-10-30 12:30:00+00:00,PCE,Surprise + State,-0.3214984227491263,19.375801514129876,1.1029551591678393,-1.027561342004732,0.0,True,2.6654544251079835,10.18960336323252,2.6964955241487996,rv_20d,0.5520833333333334,51,0.0,0.0,0.0
2020-11-06 13:30:00+00:00,NFP,Surprise + State,-0.041828857834390075,48.160438708304554,1.0318448674613059,-0.13796404018025094,0.0,True,4.373290486590254,-13.945847841122724,-2.320933737473583,rv_20d,0.5770833333333333,57,0.0,0.0,0.0
2020-11-12 13:30:00+00:00,CPI,Surprise + State,0.8491717707533857,23.371723991569837,0.9975233902036323,7.0369234431650485,1.0,True,5.930935753375789,18.538011305489455,2.150293921106634,rv_20d,0.6270833333333333,48,23.371723991569837,0.9975233902036323,22.374200601366205
2020-11-25 15:00:00+00:00,PCE,Surprise + State,-0.3198036664251847,4.021582546904767,0.9721756620851492,-1.1372192626495528,-1.0,True,2.65455537236941,10.553403808626063,2.75814275744066,rv_20d,0.5854166666666667,52,-4.021582546904767,0.9721756620851492,-4.993758208989917
2020-12-04 13:30:00+00:00,NFP,Surprise + State,-0.3460798058020594,-2.663027211902147,0.9647692870687647,-1.998755242058578,-1.0,True,4.352914611522583,-13.934718641256673,-2.409677588640834,rv_20d,0.39791666666666664,58,2.663027211902147,0.9647692870687647,1.6982579248333822
2020-12-10 13:30:00+00:00,CPI,Surprise + State,-1.1003323497938022,-34.00116612777282,0.9650261222588267,-1.2651575154879138,-1.0,True,6.300294124166142,19.164644923440903,2.1840417245123365,rv_20d,0.23125,49,34.00116612777282,0.9650261222588267,33.03614000551399
2020-12-23 13:30:00+00:00,PCE,Surprise + State,1.364273206507212,6.338721458636343,0.9678280603390735,-1.550289948770917,-1.0,True,2.6561195086295775,10.663527977139793,2.7680964963480417,rv_20d,0.14435146443514643,53,-6.338721458636343,0.9678280603390735,-7.306549518975416
2021-01-08 13:30:00+00:00,NFP,Surprise + State,-0.3166483412835174,1.936295872049243,0.9349711448560466,-3.008190536121967,-1.0,True,4.360087581104783,-13.959803274586964,-2.422572663821562,rv_20d,0.13179916317991633,59,-1.936295872049243,0.9349711448560466,-2.8712670169052896
2021-01-13 13:30:00+00:00,CPI,Surprise + State,-0.11993165974022327,0.9697596619773208,0.9378436064937585,0.07122103723354554,0.0,True,6.887647421016959,17.703733945982066,1.9578524559822628,rv_20d,0.07740585774058577,50,0.0,0.0,0.0
2021-01-29 13:30:00+00:00,PCE,Surprise + State,-2.0053740825460937,30.375089387284504,0.9593754135238851,0.8872463419189418,0.0,True,2.7799420532761365,10.133525736806297,2.7012264921757216,rv_20d,0.18200836820083682,54,0.0,0.0,0.0
2021-02-05 13:30:00+00:00,NFP,Surprise + State,-0.1649085855030971,0.3217762046858752,0.932745810684764,-1.3219172920034996,-1.0,True,4.348501225694628,-13.913441305906433,-2.4100950336241764,rv_20d,0.23640167364016737,60,-0.3217762046858752,0.932745810684764,-1.2545220153706391
2021-02-10 13:30:00+00:00,CPI,Surprise + State,-0.11947685719106668,13.697977708488907,0.9247448979591837,-0.2540289275903428,0.0,True,6.879365641462946,17.75018940187298,1.9585432662421716,rv_20d,0.23221757322175732,51,0.0,0.0,0.0
2021-02-26 13:30:00+00:00,PCE,Surprise + State,-0.3066559924982575,20.432277325124204,0.9280296969503025,0.513940724538789,0.0,True,1.9516069805780152,13.136160557958538,2.6815533686775774,rv_20d,0.22384937238493724,55,0.0,0.0,0.0
2021-03-05 13:30:00+00:00,NFP,Surprise + State,0.10051546581221242,69.36742393667927,0.9363900548918307,0.8317136552062065,0.0,True,4.348598872097212,-13.913800228583497,-2.412343000999995,rv_20d,0.21784232365145229,61,0.0,0.0,0.0
2021-03-10 13:30:00+00:00,CPI,Surprise + State,-0.11902719013235194,12.196458284829959,0.9085782317187794,-0.4442006358801793,0.0,True,6.899556831589745,17.622223484873796,1.9497016319342435,rv_20d,0.3202479338842975,52,0.0,0.0,0.0
2021-03-26 12:30:00+00:00,PCE,Surprise + State,1.354526371517124,-3.6769212327492085,0.888698210345673,0.8393227650183784,0.0,True,1.8691850254009466,13.550589230837975,2.820400349106459,rv_20d,0.4077868852459016,56,-0.0,0.0,-0.0
2021-04-13 12:30:00+00:00,CPI,Surprise + State,-1.1007080946219612,15.799910872313916,0.86536166149439,1.6012119505914089,1.0,True,6.913098481863482,17.525712139607418,1.9434106279496302,rv_20d,0.022540983606557378,53,15.799910872313916,0.86536166149439,14.934549210819526
2021-04-30 12:30:00+00:00,PCE,Surprise + State,-0.31634349588250377,-5.026983176765754,0.8574047245956893,1.3751207392045146,1.0,True,1.7401145738033688,13.441059792893356,2.7623360462127327,rv_20d,0.0471311475409836,57,-5.026983176765754,0.8574047245956893,-5.884387901361443
2021-05-07 12:30:00+00:00,NFP,Surprise + State,-0.9371711013313,-25.24191495906436,0.8392660762863923,-9.888351213880622,-1.0,True,4.413816210856029,-14.1946943831133,-2.5188832886333157,rv_20d,0.06762295081967214,62,25.24191495906436,0.8392660762863923,24.402648882777967
2021-05-12 12:30:00+00:00,CPI,Surprise + State,-5.998741616835394,34.09261200770786,0.8511387649683024,-9.245492402945603,-1.0,True,6.808769199546938,18.23088588992815,2.1289816909297294,rv_20d,0.21106557377049182,54,-34.09261200770786,0.8511387649683024,-34.94375077267616
2021-05-28 12:30:00+00:00,PCE,Surprise + State,-0.3147710660260314,-6.361691267713354,0.8385138065635391,0.19111233492485702,0.0,True,1.8125972765766123,13.17416374194765,2.7229877011739783,rv_20d,0.3163265306122449,58,-0.0,0.0,-0.0
2021-06-04 12:30:00+00:00,NFP,Surprise + State,-0.22898401033391952,15.593419272867948,0.8395819460930488,-1.710786653022118,-1.0,True,4.578367368492993,-14.860053964995048,-2.9510418732964236,rv_20d,0.305327868852459,63,-15.593419272867948,0.8395819460930488,-16.433001218960996
2021-06-10 12:30:00+00:00,CPI,Surprise + State,-1.2857519574681133,42.891157158262416,0.8407990490272825,1.5896711191514326,1.0,True,4.912561732621309,24.005447615739946,2.53450721897154,rv_20d,0.24385245901639344,55,42.891157158262416,0.8407990490272825,42.050358109235134
2021-06-25 12:30:00+00:00,PCE,Surprise + State,1.353890520300208,10.519242415814034,0.8483501053124269,-5.728522966348182,-1.0,True,1.835437005321331,13.04586083220355,2.700044399716752,rv_20d,0.03497942386831276,59,-10.519242415814034,0.8483501053124269,-11.367592521126461
2021-07-02 12:30:00+00:00,NFP,Surprise + State,0.052207519745368525,9.834548981935143,0.8402874362540566,0.5342218150381817,0.0,True,4.56122566687368,-14.800321414446923,-2.9239136682535376,rv_20d,0.1168032786885246,64,0.0,0.0,0.0
2021-07-13 12:30:00+00:00,CPI,Surprise + State,-3.5455463257141377,-11.215438218190599,0.8323287985764307,3.814334404601976,1.0,True,4.579384587501747,24.422433520983272,2.787713050334345,rv_20d,0.26844262295081966,56,-11.215438218190599,0.8323287985764307,-12.047767016767029
2021-07-30 12:30:00+00:00,PCE,Surprise + State,1.3368933041672204,5.734438325557534,0.831946755407654,1.315511475327959,1.0,True,1.9269857055982333,11.799331660180213,2.501979181734544,rv_20d,0.42008196721311475,60,5.734438325557534,0.831946755407654,4.90249157014988
2021-08-06 12:30:00+00:00,NFP,Surprise + State,-0.013168586432633885,0.2854573740940225,0.8297805373544307,-0.06376358223091892,0.0,True,4.568600597237455,-14.829621313978304,-2.933949997742401,rv_20d,0.48155737704918034,65,0.0,0.0,0.0
2021-08-11 12:30:00+00:00,CPI,Surprise + State,-0.023558568354873046,6.817988389435925,0.8247305406250889,-0.07317996968249597,0.0,True,5.100245952954102,23.732825780628968,2.643355624745843,rv_20d,0.41598360655737704,57,0.0,0.0,0.0
2021-08-27 12:30:00+00:00,PCE,Surprise + State,-0.3347998796911022,2.270211990786919,0.8231620777746239,0.841618302781428,1.0,True,2.0649088329154965,11.948703356254617,2.552786263480338,rv_20d,0.1168032786885246,61,2.270211990786919,0.8231620777746239,1.447049913012295
2021-09-03 12:30:00+00:00,NFP,Surprise + State,-0.6679411690796805,7.05825916172742,0.8176384346453142,-7.820454896794901,-1.0,True,4.5688640705253984,-14.825720115628638,-2.9262168174166217,rv_20d,0.018442622950819672,66,-7.05825916172742,0.8176384346453142,-7.8758975963727345
2021-09-14 12:30:00+00:00,CPI,Surprise + State,0.8192117877682124,1.1441974897330454,0.8321377331420373,-4.123950288032134,-1.0,True,5.113174945501137,23.693033962692798,2.640294073674687,rv_20d,0.07172131147540983,58,-1.1441974897330454,0.8321377331420373,-1.9763352228750826
2021-10-01 12:30:00+00:00,PCE,Surprise + State,-1.9950474862945664,-23.624616013986355,0.8551545175748998,-7.071866832129955,-1.0,True,2.0742112480513875,11.911048242260472,2.5790775020536465,rv_20d,0.6234567901234568,62,23.624616013986355,0.8551545175748998,22.769461496411456
2021-10-08 12:30:00+00:00,NFP,Surprise + State,-0.44428519767740043,5.196004966503409,0.8358312197371455,-0.05893333271328147,0.0,True,4.4917564727827894,-14.510458545860606,-2.788587371263259,rv_20d,0.8004115226337448,67,0.0,0.0,0.0
2021-10-13 12:30:00+00:00,CPI,Surprise + State,-0.8730123949613188,-30.347265776544674,0.8456289729981922,-10.680472770831383,-1.0,True,5.111695363134934,23.70864272195458,2.7014420729484927,rv_20d,0.8004115226337448,59,30.347265776544674,0.8456289729981922,29.501636803546482
2021-10-29 12:30:00+00:00,PCE,Surprise + State,-0.3118249463231859,-7.8731305382717665,0.8151562851360468,-0.401715319712383,0.0,True,2.5640642913845695,12.917397844408145,2.8466941069523592,rv_20d,0.4012345679012346,63,-0.0,0.0,-0.0
2021-11-05 12:30:00+00:00,NFP,Surprise + State,0.0039393692891312405,16.88792084765467,0.8041259982253771,0.04239391919544268,0.0,True,4.491926242444366,-14.509817969227548,-2.7934780211221084,rv_20d,0.06790123456790123,68,0.0,0.0,0.0
2021-11-10 13:30:00+00:00,CPI,Surprise + State,-2.556455404982467,4.980493171764522,0.8020133300146575,16.39788305952318,1.0,True,5.43309949779357,24.81826843377754,2.8300458929496983,rv_20d,0.02263374485596708,60,4.980493171764522,0.8020133300146575,4.178479841749864
2021-11-24 15:00:00+00:00,PCE,Surprise + State,1.3369344843085225,8.975402391993015,0.8141950699084732,-4.2311149450243954,-1.0,True,2.5761148598545125,12.79852778024381,2.820557678657296,rv_20d,0.051440329218107,64,-8.975402391993015,0.8141950699084732,-9.789597461901488
2021-12-03 13:30:00+00:00,NFP,Surprise + State,-0.4833671251658682,25.081094229015832,0.8361927280066895,-0.4977892801552704,0.0,True,4.5053254304726895,-14.561098685472173,-2.8015899853885657,rv_20d,0.7386831275720165,69,0.0,0.0,0.0
2021-12-10 13:30:00+00:00,CPI,Surprise + State,-0.8337716263587658,13.63971874257075,0.8089712117830842,-13.601367977416427,-1.0,True,5.450050327772922,22.954015316406327,2.8920239858781023,rv_20d,0.9732510288065843,61,-13.63971874257075,0.8089712117830842,-14.448689954353835
2021-12-23 13:30:00+00:00,PCE,Surprise + State,-0.320719690291463,-5.038347528625309,0.8116655937753645,-2.74593777582081,-1.0,True,2.6410528248931615,11.988898411613,2.6934317673655634,rv_20d,0.9938524590163934,65,5.038347528625309,0.8116655937753645,4.226681934849944
2022-01-07 13:30:00+00:00,NFP,Surprise + State,-0.3780124387835242,-19.941842919433128,0.8028570637579248,-1.888705964359369,-1.0,True,4.493338353714594,-14.55954922872229,-2.859772310573638,rv_20d,0.4654471544715447,70,19.941842919433128,0.8028570637579248,19.1389858556752
2022-01-12 13:30:00+00:00,CPI,Surprise + State,-0.828879460574073,12.141281844666452,0.8007952725465289,-3.43138281431178,-1.0,True,4.865359451385245,20.998976263175265,2.7517320267022893,rv_20d,0.4654471544715447,62,-12.141281844666452,0.8007952725465289,-12.94207711721298
2022-01-28 13:30:00+00:00,PCE,Surprise + State,-0.31922917712759896,26.259512028481424,0.8595648823285316,-0.19178017250725646,0.0,True,2.6698689937851974,11.976488761327476,2.690791900112807,rv_20d,0.32723577235772355,66,0.0,0.0,0.0
2022-02-04 13:30:00+00:00,NFP,Surprise + State,0.3137581071235987,-0.28735219322229,0.8321138561303837,0.5319222180773318,0.0,True,4.528191423218788,-14.671261896593737,-2.894635120143843,rv_20d,0.693089430894309,71,-0.0,0.0,-0.0
2022-02-10 13:30:00+00:00,CPI,Surprise + State,-1.6544445730650783,-43.566929988969605,0.8120519713261648,-18.39051479660886,-1.0,True,4.756958164412284,20.718953789627246,2.73335140819018,rv_20d,0.806910569105691,63,43.566929988969605,0.8120519713261648,42.75487801764344
2022-02-25 13:30:00+00:00,PCE,Surprise + State,-0.3177592719112605,15.02088184610173,0.8712371567626029,-2.7185691114079655,-1.0,True,2.5958965320800735,12.476993250325114,2.8342714889500633,rv_20d,0.9776422764227642,67,-15.02088184610173,0.8712371567626029,-15.892119002864334
2022-03-04 13:30:00+00:00,NFP,Surprise + State,0.21157723178032842,-26.8945894838879,0.8668101386896222,-0.5741509814750743,0.0,True,4.528409639574883,-14.662977925565492,-2.873566107669032,rv_20d,0.9939024390243902,72,-0.0,0.0,-0.0
2022-03-10 13:30:00+00:00,CPI,Surprise + State,0.01752763028449497,-25.22452673924036,0.8813518113299295,0.29814793465362227,0.0,True,5.4913812031602385,23.131604377124795,3.0594736794289967,rv_20d,0.9979674796747967,64,-0.0,0.0,-0.0
2022-03-31 12:30:00+00:00,PCE,Surprise + State,-0.3163095037297847,-2.564212159867907,0.8261166818596171,-2.4863900934324357,-1.0,True,2.728626638217082,12.43814151929988,2.7671729467807875,rv_20d,0.9126016260162602,68,2.564212159867907,0.8261166818596171,1.7380954780082898
2022-04-01 12:30:00+00:00,NFP,Surprise + State,-0.1576196468748535,-15.535547875629163,0.8335489063263488,0.2405617683683977,0.0,True,4.581085992036563,-14.801936066175022,-2.7857290700753166,rv_20d,0.9126016260162602,73,-0.0,0.0,-0.0
2022-04-12 12:30:00+00:00,CPI,Surprise + State,0.01746830212922925,22.97347429895069,0.8467647745853772,0.19259130484583176,0.0,True,5.375658216339997,22.50699536718079,2.9815784778110634,rv_20d,0.7510121457489879,65,0.0,0.0,0.0
2022-04-29 12:30:00+00:00,PCE,Surprise + State,-0.314879416609685,-13.943072997726347,0.8591065292096219,-2.4972606505223753,-1.0,True,2.7472309387502705,12.440679872776998,2.7576966932978237,rv_20d,0.9166666666666666,69,13.943072997726347,0.8591065292096219,13.083966468516724
2022-05-06 12:30:00+00:00,NFP,Surprise + State,-0.03130413075081324,-67.00600710574989,0.8836883322668129,0.08680875145086597,0.0,True,4.5879802323714145,-14.782203859322687,-2.703010221553735,rv_20d,0.9979674796747967,74,-0.0,0.0,-0.0
2022-05-11 12:30:00+00:00,CPI,Surprise + State,-0.8137570479692707,-71.58405710509186,0.8973327557398353,-13.640393070605837,-1.0,True,5.48397632202807,22.835008304043935,3.0020050492686408,rv_20d,0.9939024390243902,66,71.58405710509186,0.8973327557398353,70.68672434935202
2022-05-27 12:30:00+00:00,PCE,Surprise + State,-0.3134685689124132,30.30537254741006,0.8895978404245528,-2.697354129035955,-1.0,True,2.7153433892507666,12.436239095666066,2.777413067047666,rv_20d,0.9735772357723578,70,-30.30537254741006,0.8895978404245528,-31.194970387834612
2022-06-03 12:30:00+00:00,NFP,Surprise + State,-0.00230345274077212,-48.05158915560881,0.8766891381238853,0.0036802512292197142,0.0,True,4.638632207294616,-14.822612270232506,-2.42177092901848,rv_20d,0.9207317073170732,75,-0.0,0.0,-0.0
2022-06-10 12:30:00+00:00,CPI,Surprise + State,-2.473490408348257,-64.60132853154832,0.8998665715083626,-39.60851858513957,-1.0,True,6.2917432271021205,25.57733210656379,3.1251652741332543,rv_20d,0.8800813008130082,67,64.60132853154832,0.8998665715083626,63.70146196003996
2022-06-30 12:30:00+00:00,PCE,Surprise + State,1.3674428037700574,-24.145143549638703,0.9464443066479553,10.33675803785562,1.0,True,2.896853394833239,12.399291434299528,2.6487445320786707,rv_20d,0.8760162601626016,71,-24.145143549638703,0.9464443066479553,-25.091587856286658
2022-07-08 12:30:00+00:00,NFP,Surprise + State,0.038531795866142235,-17.878811990641452,0.9235668789808916,-0.03524178130913012,0.0,True,4.670277036837985,-14.852795533360503,-2.270035736377093,rv_20d,0.8760162601626016,76,-0.0,0.0,-0.0
2022-07-13 12:30:00+00:00,CPI,Surprise + State,-1.6387895948837974,-60.204877815834834,0.9297851875601154,-27.01995182227141,-1.0,True,7.088725203665138,28.37006014277251,3.7508165148947805,rv_20d,0.8313008130081301,68,60.204877815834834,0.9297851875601154,59.27509262827472
2022-07-29 12:30:00+00:00,PCE,Surprise + State,-1.9957008241117162,-4.305572707679062,0.8913751767381816,-2.750012937436482,-1.0,True,1.588472231721619,7.9667553569828975,1.2195193545251517,rv_20d,0.4735772357723577,72,4.305572707679062,0.8913751767381816,3.4141975309408803
2022-08-05 12:30:00+00:00,NFP,Surprise + State,0.24144452119551107,-33.21036262716959,0.885009765625,1.0499093307090814,1.0,True,4.680793799007314,-14.86484979611245,-2.2284244053512077,rv_20d,0.5223577235772358,77,-33.21036262716959,0.885009765625,-34.09537239279459
2022-08-10 12:30:00+00:00,CPI,Surprise + State,1.6768964978331644,33.5514997287234,0.8836344800268138,10.935233641764828,1.0,True,7.693833030169967,30.367244295413347,4.034684843396442,rv_20d,0.4613821138211382,69,33.5514997287234,0.8836344800268138,32.667865248696586
2022-08-26 12:30:00+00:00,PCE,Surprise + State,1.3517023197616702,9.306934337374173,0.8726266060843137,0.5814277761467856,0.0,True,1.613376011622493,7.974653933358893,1.2254505506399838,rv_20d,0.3516260162601626,73,0.0,0.0,0.0
2022-09-02 12:30:00+00:00,NFP,Surprise + State,-0.06967087212902896,8.794522835824381,0.9149130832570905,-0.21763777765984768,0.0,True,4.647718185960266,-14.701341217577585,-2.1325579585081798,rv_20d,0.6036585365853658,78,0.0,0.0,0.0
2022-09-13 12:30:00+00:00,CPI,Surprise + State,-1.579948474762284,-36.68118169301238,0.8891886919727724,-18.083545632523215,-1.0,True,8.139902746949836,30.68736331462467,3.989127084454621,rv_20d,0.6077235772357723,70,36.68118169301238,0.8891886919727724,35.79199300103961
2022-09-30 12:30:00+00:00,PCE,Surprise + State,-3.6097507213276065,20.150624144541496,0.9868309116275904,-13.38593120859992,-1.0,True,1.7694146344675203,7.981622282556098,1.2253685865447903,rv_20d,0.742914979757085,74,-20.150624144541496,0.9868309116275904,-21.137455056169085
2022-10-07 12:30:00+00:00,NFP,Surprise + State,-0.08079578102720068,-48.97695130720692,0.9631671593211332,0.1489001850981765,0.0,True,4.645780242189536,-14.70375260726849,-2.1471013245157873,rv_20d,0.9412955465587044,79,-0.0,0.0,-0.0
2022-10-13 12:30:00+00:00,CPI,Surprise + State,-1.5620361853588192,-70.90633792765644,0.9824181035942952,-26.971814702464865,-1.0,True,8.398335309193138,31.29402380684401,4.052950533264527,rv_20d,0.7834008097165992,71,70.90633792765644,0.9824181035942952,69.92391982406214
2022-10-28 12:30:00+00:00,PCE,Surprise + State,-0.27118989507824,-27.364052026292995,0.9050338607496177,-0.2677406883582013,0.0,True,0.08793421889415272,2.7767338419338787,0.37164273024388217,rv_20d,0.8238866396761133,75,-0.0,0.0,-0.0
2022-11-04 12:30:00+00:00,NFP,Surprise + State,-0.00859864988766689,78.91425673230756,0.9028923690027709,-0.01710428416801908,0.0,True,4.6665178472843225,-14.695596055794429,-2.020363114471336,rv_20d,0.6821862348178138,80,0.0,0.0,0.0
2022-11-10 13:30:00+00:00,CPI,Surprise + State,1.6607633563681254,59.90836010457912,0.8899800521712444,25.153784945073458,1.0,True,9.058490052814232,33.413213413839955,4.1768409845341825,rv_20d,0.6821862348178138,72,59.90836010457912,0.8899800521712444,59.01838005240787
2022-12-01 13:30:00+00:00,PCE,Surprise + State,1.3116164878816416,-0.288737782803139,0.837956541840037,0.22417437323176825,0.0,True,0.018159709755663642,2.69503224712197,0.36106879980126405,rv_20d,0.5566801619433198,76,-0.0,0.0,-0.0
2022-12-02 13:30:00+00:00,NFP,Surprise + State,-0.014585134531113096,16.167201746011273,0.8441766366838412,-0.05564096697632963,0.0,True,4.649880590634327,-14.73127724929773,-2.16725756866189,rv_20d,0.5566801619433198,81,0.0,0.0,0.0
2022-12-13 13:30:00+00:00,CPI,Surprise + State,1.640803512240514,-4.884847014654525,0.8411160740182145,-3.8990323051745364,-1.0,True,9.914262562508437,35.714912775620995,4.229643831505091,rv_20d,0.15587044534412955,73,4.884847014654525,0.8411160740182145,4.043730940636311
2022-12-23 13:30:00+00:00,PCE,Surprise + State,-0.2794555225126812,-15.03262361799429,0.8726266060843137,0.07383278327282378,0.0,True,0.04716329046513666,2.746689046856306,0.3742334386886011,rv_20d,0.3866396761133603,77,-0.0,0.0,-0.0
2023-01-06 13:30:00+00:00,NFP,Surprise + State,-0.06884081561522244,66.61690052347069,0.8770072882329815,-0.610981005425687,0.0,True,4.649604637165355,-14.744883997709028,-2.19019057237714,rv_20d,0.21341463414634146,82,0.0,0.0,0.0
2023-01-12 13:30:00+00:00,CPI,Surprise + State,0.03632795161555792,83.47905129587829,0.8516886930983847,0.10976783150458633,0.0,True,9.842383363732662,36.084247219099886,4.458927612078265,rv_20d,0.31097560975609756,74,0.0,0.0,0.0
2023-01-27 13:30:00+00:00,PCE,Surprise + State,-1.8612980836883501,-1.7645501913143846,0.8522894257332628,1.6014881456157928,1.0,True,0.07654573677382871,2.519041049085817,0.34264134015564107,rv_20d,0.12804878048780488,78,-1.7645501913143846,0.8522894257332628,-2.6168396170476473
2023-02-03 13:30:00+00:00,NFP,Surprise + State,0.30665937768946433,3.245172833938881,0.8524146850474706,3.260535969894804,1.0,True,4.654377654491055,-14.779921233411544,-2.174965372830619,rv_20d,0.09552845528455285,83,3.245172833938881,0.8524146850474706,2.39275814889141
2023-02-14 13:30:00+00:00,CPI,Surprise + State,0.036212663530961496,7.296820369582235,0.8443486868922145,-0.22741452701299245,0.0,True,10.079579589391649,35.457707366066515,4.327370854966781,rv_20d,0.03861788617886179,75,0.0,0.0,0.0
2023-02-24 13:30:00+00:00,PCE,Surprise + State,-1.830009657188023,-12.184350710846559,0.8804153131546192,1.3053053688545238,1.0,True,0.17583702920801303,2.0158733853869824,0.28514835625024343,rv_20d,0.05894308943089431,79,-12.184350710846559,0.8804153131546192,-13.064766024001178
2023-03-10 13:30:00+00:00,NFP,Surprise + State,0.011791312539496484,-2.7895299822944253,0.9005092535088809,0.10056167382491335,0.0,True,4.624787269137768,-14.661101781313898,-2.152528795058114,rv_20d,0.23373983739837398,84,-0.0,0.0,-0.0
2023-03-14 12:30:00+00:00,CPI,Surprise + State,0.03609846609086587,14.948151392957243,0.9054011863877615,0.012246952992361528,0.0,True,10.076947794067811,35.48844326459084,4.336679045421711,rv_20d,0.22560975609756098,76,0.0,0.0,0.0
2023-03-31 12:30:00+00:00,PCE,Surprise + State,-0.24561985495403924,-1.808536296223906,0.8748642452033305,-0.07980802233232263,0.0,True,0.40964453458385874,0.5709867002804621,0.08288457854190875,rv_20d,0.3516260162601626,80,-0.0,0.0,-0.0
2023-04-12 12:30:00+00:00,CPI,Surprise + State,0.8362188016428281,-7.64188968206625,0.8553058455730549,-5.566618042744832,-1.0,True,10.098840865220836,35.38926285337048,4.320377009493047,rv_20d,0.026530612244897958,77,7.64188968206625,0.8553058455730549,6.786583836493195
2023-04-28 12:30:00+00:00,PCE,Surprise + State,-0.2446458487409858,6.213109861263888,0.8576836626049923,-0.03630281725436664,0.0,True,0.4107307498436119,0.5587532960995131,0.08116436005881912,rv_20d,0.03048780487804878,81,0.0,0.0,0.0
2023-05-05 12:30:00+00:00,NFP,Surprise + State,-0.009663468391275397,17.384532148589926,0.8689398933301371,-0.10645524331524082,0.0,True,4.619628765355874,-14.637863648472337,-2.14791916251355,rv_20d,0.06300813008130081,85,0.0,0.0,0.0
2023-05-10 12:30:00+00:00,CPI,Surprise + State,0.030788529266230838,26.37233916081172,0.863532144239645,-0.09772640045457666,0.0,True,10.04905675119373,35.943655173211226,4.491090702148915,rv_20d,0.13211382113821138,78,0.0,0.0,0.0
2023-05-26 12:30:00+00:00,PCE,Surprise + State,-1.809426281392467,2.1309304636396575,0.8825588118932408,-0.25940449936970106,0.0,True,0.39913650699633074,0.6021083336965145,0.0876296610264574,rv_20d,0.07520325203252033,82,0.0,0.0,0.0
2023-06-02 12:30:00+00:00,NFP,Surprise + State,0.0835127359455142,6.008171293441222,0.8723903495577883,0.9163885179286013,1.0,True,4.625704756454705,-14.661448371892515,-2.146338038910244,rv_20d,0.06707317073170732,86,6.008171293441222,0.8723903495577883,5.135780943883434
2023-06-13 12:30:00+00:00,CPI,Surprise + State,0.111044762907337,19.613302345717898,0.8508141411177936,-0.3542960773650789,0.0,True,10.084141710929305,35.689388575893176,4.446720871330051,rv_20d,0.12804878048780488,79,0.0,0.0,0.0
2023-06-30 12:30:00+00:00,PCE,Surprise + State,-0.22837106669327886,9.563693473584323,0.8418241458387762,-0.025858294017943075,0.0,True,0.39757697113561696,0.61128488016059,0.09209152589745223,rv_20d,0.03483606557377049,83,0.0,0.0,0.0
2023-07-07 12:30:00+00:00,NFP,Surprise + State,-0.1195977821158257,-16.71383091743195,0.8501407129455909,-1.2445388859927204,-1.0,True,4.621093922590539,-14.643135898568017,-2.1447182049729974,rv_20d,0.10493827160493827,87,16.71383091743195,0.8501407129455909,15.863690204486359
2023-07-12 12:30:00+00:00,CPI,Surprise + State,0.7957918434964811,4.618537737606232,0.8402143995364334,-5.560084398485183,-1.0,True,10.109731460403275,35.50830064000456,4.416619636361471,rv_20d,0.018518518518518517,80,-4.618537737606232,0.8402143995364334,-5.458752137142666
2023-07-28 12:30:00+00:00,PCE,Surprise + State,-0.22749221991958832,5.337753494440989,0.8151562851360468,-0.019464573645943433,0.0,True,0.38162033988582006,0.6600211023159406,0.09950777939336024,rv_20d,0.051440329218107,84,0.0,0.0,0.0
2023-08-04 12:30:00+00:00,NFP,Surprise + State,-0.1093620433557646,1.4140071572299462,0.8211110481907242,-1.3067005037047632,-1.0,True,4.633077068836864,-14.691085904470413,-2.1805683677966936,rv_20d,0.00205761316872428,88,-1.4140071572299462,0.8211110481907242,-2.2351182054206706
2023-08-10 12:30:00+00:00,CPI,Surprise + State,0.025247022731454967,-7.620983475682408,0.819672131147541,-0.14309951081047803,0.0,True,10.110328457610239,35.50118430750058,4.484628444140148,rv_20d,0.05555555555555555,81,-0.0,0.0,-0.0
2023-08-31 12:30:00+00:00,PCE,Surprise + State,-0.22662344597528022,-3.1316280451321177,0.8252703471826978,-0.03718450531824586,0.0,True,0.37606269895551403,0.677784949045696,0.102259255088331,rv_20d,0.18724279835390947,85,-0.0,0.0,-0.0
2023-09-01 12:30:00+00:00,NFP,Surprise + State,-0.07191857716894035,0.8584059406935296,0.830612361803288,-0.6509887654701723,0.0,True,4.635317082493941,-14.701266727293962,-2.192184052895187,rv_20d,0.19958847736625515,89,0.0,0.0,0.0
2023-09-29 12:30:00+00:00,PCE,Surprise + State,1.3433872606317534,6.746747883550341,0.851513638899492,0.09752464827826716,0.0,True,0.3815611560199523,0.6474833344186404,0.09774345791008023,rv_20d,0.022821576763485476,86,0.0,0.0,0.0
2023-10-06 12:30:00+00:00,NFP,Surprise + State,0.1131620651823218,-18.719247034972852,0.8700087000870008,1.3460714300286727,1.0,True,4.635685410606121,-14.701792177544077,-2.1939909987593498,rv_20d,0.006224066390041493,90,-18.719247034972852,0.8700087000870008,-19.589255735059854
2023-10-12 12:30:00+00:00,CPI,Surprise + State,-0.7867827476260195,-19.95305826303806,0.8494932333470032,0.45929440870486266,0.0,True,10.090530455316852,35.72923120339621,4.51855404428729,rv_20d,0.2012448132780083,82,-0.0,0.0,-0.0
2023-10-27 12:30:00+00:00,PCE,Surprise + State,-1.799426751444557,6.388707416764561,0.8824782423467835,-0.611456775210317,0.0,True,0.4052181500618521,0.41484803256099256,0.06392540420647806,rv_20d,0.34232365145228216,87,0.0,0.0,0.0
2023-11-03 12:30:00+00:00,NFP,Surprise + State,-0.13108733580921772,17.039783193428804,0.8549276259544235,-0.35621733424554625,0.0,True,4.580784293636889,-14.486274100931722,-2.1520723897721052,rv_20d,0.6286307053941909,91,0.0,0.0,0.0
2023-11-14 13:30:00+00:00,CPI,Surprise + State,0.8426941285268533,38.339073496249654,0.8429742456833904,12.78932920581496,1.0,True,10.162206341601395,35.54402217569904,4.4731618293490065,rv_20d,0.6410788381742739,83,38.339073496249654,0.8429742456833904,37.49609925056626
2023-11-30 13:30:00+00:00,PCE,Surprise + State,1.3321946861111806,-0.8403949861346405,0.8120292330523898,0.15466161845192483,0.0,True,0.3013738403468269,0.5445379798354013,0.08429192651924457,rv_20d,0.15975103734439833,88,-0.0,0.0,-0.0
2023-12-08 13:30:00+00:00,NFP,Surprise + State,-0.07577269969724261,11.914494142981624,0.8031683607056804,-0.6880903454395579,0.0,True,4.574490651431762,-14.480851377455775,-2.1751185086991076,rv_20d,0.1887966804979253,92,0.0,0.0,0.0
2023-12-12 13:30:00+00:00,CPI,Surprise + State,-0.7887014604517996,-30.129579888313884,0.793194934493039,5.165594781380413,1.0,True,10.48163202652209,36.32301909729949,4.5307494284879635,rv_20d,0.03112033195020747,84,-30.129579888313884,0.793194934493039,-30.92277482280692
2023-12-22 13:30:00+00:00,PCE,Surprise + State,1.319160634839701,13.006146573246724,0.7701704998140968,0.057612474292552666,0.0,True,0.2755710902031128,0.6444593454796923,0.10005269925298677,rv_20d,0.1401673640167364,89,0.0,0.0,0.0
2024-01-05 13:30:00+00:00,NFP,Surprise + State,-0.041746958090400695,19.146905115459134,0.7704979010574419,-0.47415167474567615,0.0,True,4.573306363445173,-14.477526372205691,-2.171584282948289,rv_20d,0.03138075313807531,93,0.0,0.0,0.0
2024-01-11 13:30:00+00:00,CPI,Surprise + State,-0.7849042105335153,-11.35358618006066,0.7639821913116783,4.858012391662747,1.0,True,10.558057833300653,35.73767832131496,4.418505992604608,rv_20d,0.03138075313807531,85,-11.35358618006066,0.7639821913116783,-12.117568371372338
2024-01-26 13:30:00+00:00,PCE,Surprise + State,-0.23765961104637265,18.86101046373767,0.7601373489554665,-0.05941744451347275,0.0,True,0.36530246750324713,0.23960637953074973,0.03726325094827077,rv_20d,0.01882845188284519,90,0.0,0.0,0.0
2024-02-02 13:30:00+00:00,NFP,Surprise + State,0.1178356155064509,-16.09762777841084,0.7503040024837649,1.1892842203856493,1.0,True,4.576393944690933,-14.487985578286779,-2.163277659290096,rv_20d,0.1192468619246862,94,-16.09762777841084,0.7503040024837649,-16.847931780894605
2024-02-13 13:30:00+00:00,CPI,Surprise + State,-0.7811613847490155,-42.99299569940018,0.7468644569780319,0.524852754300721,0.0,True,10.597267182524888,35.43852665188258,4.372654341195296,rv_20d,0.18200836820083682,86,-0.0,0.0,-0.0
2024-02-29 13:30:00+00:00,PCE,Surprise + State,-0.23678595848151593,27.950527844584627,0.7461726489129036,-0.07913292969190157,0.0,True,0.32775981116505565,0.3845646829245341,0.05981496612856794,rv_20d,0.5167364016736402,91,0.0,0.0,0.0
2024-03-08 13:30:00+00:00,NFP,Surprise + State,0.0003740759023637736,13.66032404387596,0.7492959202129034,0.002078840746769848,0.0,True,4.537826168981115,-14.332179296394933,-2.124984396331107,rv_20d,0.42887029288702927,95,0.0,0.0,0.0
2024-03-12 12:30:00+00:00,CPI,Surprise + State,0.038897596673548446,38.67579078409733,0.747576819962879,0.3195989106143339,0.0,True,10.714718710508519,35.12316984286682,4.273992904833734,rv_20d,0.42887029288702927,87,0.0,0.0,0.0
2024-04-05 12:30:00+00:00,NFP,Surprise + State,0.01805478474136971,-1.0261672661648902,0.7431133888532991,0.012266891308318461,0.0,True,4.5390950916893145,-14.344596706454517,-2.1366816731270384,rv_20d,0.7690677966101694,96,-0.0,0.0,-0.0
2024-04-10 12:30:00+00:00,CPI,Surprise + State,-0.7799931857072275,-44.016081566446985,0.7383267987168389,-14.688470578472492,-1.0,True,10.822698640708957,35.14990192477076,4.265236345296941,rv_20d,0.7278481012658228,88,44.016081566446985,0.7383267987168389,43.277754767730144
2024-04-26 12:30:00+00:00,PCE,Surprise + State,-0.24439946298316922,-22.14955759560766,0.7565480538453511,-0.11319791195422217,0.0,True,0.3517930042520404,0.5999040558682661,0.09323591295809755,rv_20d,0.6856540084388185,92,-0.0,0.0,-0.0
2024-05-03 12:30:00+00:00,NFP,Surprise + State,-0.17706829493247359,-8.230241456317344,0.750168141135082,-0.17149054798808297,0.0,True,4.539499012280385,-14.344523626104406,-2.1368596406657883,rv_20d,0.7489451476793249,97,-0.0,0.0,-0.0
2024-05-15 12:30:00+00:00,CPI,Surprise + State,0.8630942134153134,-4.769136249223038,0.7306074118862268,11.807130834751325,1.0,True,10.977800851993889,35.57898588635847,4.293208099816427,rv_20d,0.5759493670886076,89,-4.769136249223038,0.7306074118862268,-5.499743661109265
2024-05-31 12:30:00+00:00,PCE,Surprise + State,-0.24351667860145637,7.31185074620555,0.7587253414264037,-0.11333529860880043,0.0,True,0.31842042809293997,0.48384339413967087,0.07517479960058396,rv_20d,0.8037974683544303,93,0.0,0.0,0.0
2024-06-07 12:30:00+00:00,NFP,Surprise + State,0.022890670339214506,4.896844210673379,0.7441621760328458,7.555091025861918e-05,0.0,True,4.542151774062286,-14.342769991137855,-2.12381391857999,rv_20d,0.8164556962025317,98,0.0,0.0,0.0
2024-06-12 12:30:00+00:00,CPI,Surprise + State,0.8587529694109373,26.60596621796074,0.746941403734707,17.540152721187575,1.0,True,10.775184044215784,35.185237166716774,4.286216784571097,rv_20d,0.7742616033755274,90,26.60596621796074,0.746941403734707,25.859024814226036
2024-06-28 12:30:00+00:00,PCE,Surprise + State,-0.2426433957445556,-7.834119251839411,0.7330081136415337,-0.07564171318866869,0.0,True,0.3489481027220047,0.5511412977858697,0.0856654408341746,rv_20d,0.43248945147679324,94,-0.0,0.0,-0.0
2024-07-05 12:30:00+00:00,NFP,Surprise + State,-0.07399593365510283,-2.269145928419647,0.7316950093354191,-0.7076061465807436,0.0,True,4.540081854369506,-14.341894667349006,-2.1372442363962265,rv_20d,0.14978902953586498,99,-0.0,0.0,-0.0
2024-07-11 12:30:00+00:00,CPI,Surprise + State,1.6754537637453566,-24.468814485469892,0.725,-10.943643883077925,-1.0,True,10.91555944684981,35.6466565840128,4.377121483107974,rv_20d,0.010548523206751054,91,24.468814485469892,0.725,23.74381448546989
2024-07-26 12:30:00+00:00,PCE,Surprise + State,-0.5783982211069412,-10.630277511847197,0.7168458781362007,-0.30322694451719295,0.0,True,0.34784309264434415,0.49772766951950725,0.077389625111727,rv_20d,0.8544303797468354,95,-0.0,0.0,-0.0
2024-08-02 12:30:00+00:00,NFP,Surprise + State,-0.1721608664320203,5.996701993709053,0.7208550832711905,0.4374550156778626,0.0,True,4.541320621883308,-14.34617160199059,-2.1421966182634242,rv_20d,0.9936708860759493,100,0.0,0.0,0.0
2024-08-14 12:30:00+00:00,CPI,Surprise + State,0.023803419256880783,4.25985096963899,0.727145077980041,0.6766719963349854,0.0,True,10.797633748850453,36.97594020166165,4.822407903884611,rv_20d,0.9767932489451476,92,0.0,0.0,0.0
2024-08-30 12:30:00+00:00,PCE,Surprise + State,-0.238436036952374,-14.695787845440123,0.6981054861462169,-0.14230766332722836,0.0,True,0.3595998857426272,0.5622540912876464,0.0876150995749095,rv_20d,0.9219409282700421,96,-0.0,0.0,-0.0
2024-09-06 12:30:00+00:00,NFP,Surprise + State,-0.12297466673639144,23.542694249361062,0.7130387745568095,-0.08158562197792002,0.0,True,4.541305606218537,-14.360241878689727,-2.172184957115485,rv_20d,0.770042194092827,101,0.0,0.0,0.0
2024-09-11 12:30:00+00:00,CPI,Surprise + State,-0.09913290389855092,27.604582141123046,0.7128109330449317,-2.0192227976053068,-1.0,True,10.823664651696241,37.08537454119529,4.839334734254926,rv_20d,0.7573839662447257,93,-27.604582141123046,0.7128109330449317,-28.317393074167978
2024-09-27 12:30:00+00:00,PCE,Surprise + State,-0.2375999467930136,8.44673912258287,0.6809269999295593,-0.09017291222697836,0.0,True,0.3323305788677155,0.5179391010671701,0.08070902964138893,rv_20d,0.5911016949152542,97,0.0,0.0,0.0
2024-10-04 12:30:00+00:00,NFP,Surprise + State,0.040543022944561934,28.93336763154508,0.6837848671335266,0.1974236796739595,0.0,True,4.5346949310321385,-14.365577289337619,-2.2179007062849654,rv_20d,0.4766949152542373,102,0.0,0.0,0.0
2024-10-10 12:30:00+00:00,CPI,Surprise + State,-0.7970756838786801,-5.851032874186757,0.6778234854151085,-5.717576069398889,-1.0,True,10.886566383429614,37.29177046975269,4.867866611760636,rv_20d,0.4004237288135593,94,5.851032874186757,0.6778234854151085,5.173209388771649
2024-10-31 12:30:00+00:00,PCE,Surprise + State,-0.2367725943128565,-9.963940850923336,0.6875133353879709,-0.08740440069629914,0.0,True,0.3453197447211709,0.5919724644479242,0.09224188536056491,rv_20d,0.5402542372881356,98,-0.0,0.0,-0.0
2024-11-01 12:30:00+00:00,NFP,Surprise + State,-0.20694615809024963,24.45772765117482,0.6892945426887241,-0.5543641463373348,0.0,True,4.540792412599067,-14.407668317012691,-2.2537007762274355,rv_20d,0.6292372881355932,103,0.0,0.0,0.0
2024-11-13 13:30:00+00:00,CPI,Surprise + State,0.028872763033326438,-7.710450309428296,0.6592557230216645,0.7595001744381258,1.0,True,10.896519072426406,37.29660527273579,4.867471238095561,rv_20d,0.913135593220339,95,-7.710450309428296,0.6592557230216645,-8.36970603244996
2024-11-27 15:00:00+00:00,PCE,Surprise + State,-0.23595382831701026,5.772903042338129,0.6439435994226712,-0.12645041701653117,0.0,True,0.33846709209375875,0.537049330757401,0.08370275826732182,rv_20d,0.8676470588235294,99,0.0,0.0,0.0
2024-12-06 13:30:00+00:00,NFP,Surprise + State,-0.08361582857707964,4.899886509743823,0.64709032488397,0.03161659976756289,0.0,True,4.529009751708414,-14.38611190053065,-2.275529274304428,rv_20d,0.8411016949152542,104,0.0,0.0,0.0
2024-12-11 13:30:00+00:00,CPI,Surprise + State,-0.13613039922014264,10.808134172304307,0.6541107477162513,-0.41770218207522447,0.0,True,10.866347081119347,37.178102863098445,4.854504603826694,rv_20d,0.2902542372881356,96,0.0,0.0,0.0
2025-01-10 13:30:00+00:00,NFP,Surprise + State,0.02543842745033338,-3.289473713881108,0.676779463243874,0.2661131897485155,0.0,True,4.527863745263487,-14.387258476566613,-2.2870449305243477,rv_20d,0.0876068376068376,105,-0.0,0.0,-0.0
2025-01-15 13:30:00+00:00,CPI,Surprise + State,0.029630018694912632,55.180515195409896,0.6750151296494576,0.21911351016539654,0.0,True,10.873775840464882,37.1598233754126,4.85110235042729,rv_20d,0.40638297872340423,97,0.0,0.0,0.0
2025-01-31 13:30:00+00:00,PCE,Surprise + State,-0.24328328434500773,-1.3282270402292795,0.641763299991148,-0.11989281574567565,0.0,True,0.3713392359050779,0.5984110457024702,0.09328077406405925,rv_20d,0.7029914529914529,100,-0.0,0.0,-0.0
2025-02-07 13:30:00+00:00,NFP,Surprise + State,-0.13442132024142522,25.63732413108255,0.6467007113707824,-0.1581395718474523,0.0,True,4.5200461578890065,-14.356003311311232,-2.2827504804322674,rv_20d,0.7329059829059829,106,0.0,0.0,0.0
2025-02-12 13:30:00+00:00,CPI,Surprise + State,-1.6288289771507536,-0.9028530161536708,0.6487986039643832,-15.452226550199459,-1.0,True,10.995441966380218,37.16247466979307,4.8313077090780725,rv_20d,0.4594017094017094,98,0.9028530161536708,0.6487986039643832,0.2540544121892876
2025-02-28 13:30:00+00:00,PCE,Surprise + State,-0.24245575341235073,-10.804474562871036,0.6668046262445103,-0.06976263062651468,0.0,True,0.37530769422150395,0.6117126248012904,0.09535864359037552,rv_20d,0.35683760683760685,101,-0.0,0.0,-0.0
2025-03-07 13:30:00+00:00,NFP,Surprise + State,-0.10408611006653506,-68.47896181579216,0.6807192150603258,-0.00034237759192018907,0.0,True,4.512982063662403,-14.357388988063066,-2.3238376382399397,rv_20d,0.8141025641025641,107,-0.0,0.0,-0.0
2025-03-12 12:30:00+00:00,CPI,Surprise + State,0.863785844188717,-42.74276120659337,0.6953769422597352,20.528068336643095,1.0,True,10.865989595417831,37.035852823389746,4.858414890304349,rv_20d,0.8482905982905983,99,-42.74276120659337,0.6953769422597352,-43.438138148853106
2025-03-28 12:30:00+00:00,PCE,Surprise + State,-0.2416366134206346,-15.53562913979789,0.6816792816510742,-0.14323996244207832,0.0,True,0.3793971869591222,0.5289437538690865,0.08250257214150383,rv_20d,0.9034334763948498,102,-0.0,0.0,-0.0
2025-04-04 12:30:00+00:00,NFP,Surprise + State,0.022901267949125444,19.882973894436162,0.7307362797964017,-0.05968414214017015,0.0,True,4.5305918989628085,-14.334743619616455,-2.188873338271101,rv_20d,0.9978632478632479,108,0.0,0.0,0.0
2025-04-10 12:30:00+00:00,CPI,Surprise + State,1.6857215992659478,-47.609691199443915,0.7206401272302569,45.50763295032426,1.0,True,10.022342092115437,34.092884547484836,4.294154610784785,rv_20d,0.9978632478632479,100,-47.609691199443915,0.7206401272302569,-48.33033132667417
2025-04-30 14:00:00+00:00,PCE,Surprise + State,-0.24082572346498407,54.64562648212379,0.7269263548403267,-0.14162812929825908,0.0,True,0.3523006780071735,0.48619302126392183,0.07582735187168808,rv_20d,0.9849785407725322,103,0.0,0.0,0.0
2025-05-02 12:30:00+00:00,NFP,Surprise + State,-0.04068498955260628,30.78752992482947,0.7064211244275552,0.09112605185914027,0.0,True,4.517364728653816,-14.312893696349043,-2.235873557904608,rv_20d,0.9721030042918455,109,0.0,0.0,0.0
2025-05-13 12:30:00+00:00,CPI,Surprise + State,0.8463013350782487,-21.247470102245813,0.6849153302945136,15.445966708316005,1.0,True,8.059767656199288,26.09440066821864,2.430259246363962,rv_20d,0.8905579399141631,101,-21.247470102245813,0.6849153302945136,-21.932385432540325
2025-05-30 12:30:00+00:00,PCE,Surprise + State,-0.2400229459321998,4.748112714434427,0.6887706631198935,-0.179088411878674,0.0,True,0.5493879678077027,0.7276346359005819,0.113282351682127,rv_20d,0.7703862660944206,104,0.0,0.0,0.0
2025-06-06 12:30:00+00:00,NFP,Surprise + State,-0.07537897167229662,16.180664123321975,0.6817273560732504,-0.19148037927274306,0.0,True,4.505837171726546,-14.312033358941427,-2.3101093885457162,rv_20d,0.6373390557939914,110,0.0,0.0,0.0
2025-06-11 12:30:00+00:00,CPI,Surprise + State,0.842385437586005,-9.770396478270271,0.676890040379992,5.976143233656853,1.0,True,7.736292248129329,24.930319858484665,2.4263160519307774,rv_20d,0.4742489270386266,102,-9.770396478270271,0.676890040379992,-10.447286518650262
2025-06-27 12:30:00+00:00,PCE,Surprise + State,-0.23922814640251422,2.9649565166778302,0.6610289257140252,-0.14056961344799357,0.0,True,0.56455041285989,0.7671043477687944,0.11938077420998722,rv_20d,0.5300429184549357,105,0.0,0.0,0.0
2025-07-15 12:30:00+00:00,CPI,Surprise + State,0.015270024971998773,-13.431234110825585,0.649859943977591,0.09177817036319401,0.0,True,7.611000288848068,24.86345913179437,2.436932074837424,rv_20d,0.4356223175965665,103,-0.0,0.0,-0.0
2025-07-31 12:30:00+00:00,PCE,Surprise + State,-0.23844119355490775,-7.822890174438157,0.6482040278057176,-0.060562049931177,0.0,True,0.5668994525253644,0.7924732579187136,0.12332384321839152,rv_20d,0.10515021459227468,106,-0.0,0.0,-0.0
2025-08-01 12:30:00+00:00,NFP,Surprise + State,-0.13459299863347782,6.835893261687431,0.6598407281001138,-1.4244615264126201,-1.0,True,4.502543372977791,-14.311685646633855,-2.32715381336943,rv_20d,0.07510729613733906,111,-6.835893261687431,0.6598407281001138,-7.495733989787545
2025-08-12 12:30:00+00:00,CPI,Surprise + State,0.015229351855953272,11.289996005832137,0.6573727756998753,0.05699397249141515,0.0,True,7.5865472252553605,24.880325496007753,2.4426071939782146,rv_20d,0.34549356223175964,104,0.0,0.0,0.0
2025-08-29 12:30:00+00:00,PCE,Surprise + State,-0.23766195907583582,-1.7540397773530003,0.6365372374283895,-0.13611268738920887,0.0,True,0.5848248722711922,0.7053710166315537,0.10986084130058779,rv_20d,0.48283261802575106,107,-0.0,0.0,-0.0
2025-09-05 12:30:00+00:00,NFP,Surprise + State,-0.16203229557152443,32.003534549343016,0.636467386533228,-1.2166778848817026,-1.0,True,4.5006848020581405,-14.304181841081128,-2.3238630709430605,rv_20d,0.28969957081545067,112,-32.003534549343016,0.636467386533228,-32.64000193587624
2025-09-11 12:30:00+00:00,CPI,Surprise + State,-0.8125014898375039,1.9705512133505465,0.6354771556919031,0.324162930692252,0.0,True,7.601768782328535,24.855625468076198,2.4384663303447907,rv_20d,0.1781115879828326,105,0.0,0.0,0.0
2025-09-26 12:30:00+00:00,PCE,Surprise + State,-0.23689031757122087,7.100973992510973,0.6247980178821502,-0.11741115363078092,0.0,True,0.5844506916484088,0.6984820276698865,0.10881259507407354,rv_20d,0.3728448275862069,108,0.0,0.0,0.0
2025-10-24 12:30:00+00:00,CPI,Surprise + State,0.847953082809842,-18.236184786228904,0.6171394522355345,4.230911995258574,1.0,True,7.611084089587159,24.82423692028099,2.4371813633653123,rv_20d,0.39439655172413796,106,-18.236184786228904,0.6171394522355345,-18.853324238464438
2025-11-20 13:30:00+00:00,NFP,Surprise + State,-0.0023105936820798033,25.748324492571584,0.624246598932323,-0.007443051238747038,0.0,True,4.47812714461108,-14.223919151932202,-2.2936561205859,rv_20d,0.5883620689655172,113,0.0,0.0,0.0
2025-12-05 15:00:00+00:00,PCE,Surprise + State,-0.2361261464815725,4.365405272466205,0.6031739428856674,-0.17752625164851446,0.0,True,0.5826954046713054,0.7474050524200647,0.1164379954054206,rv_20d,0.7262931034482759,109,0.0,0.0,0.0
2026-01-09 13:30:00+00:00,NFP,Surprise + State,-0.11728348610816007,9.875349714754122,0.5850430712743852,-0.9082348123503606,-1.0,True,4.477204170387441,-14.237982776122655,-2.3225800331400968,rv_20d,0.27056277056277056,114,-9.875349714754122,0.5850430712743852,-10.460392786028507
2026-01-13 13:30:00+00:00,CPI,Surprise + State,0.01505420514787327,-18.268511981620605,0.5836419256158428,0.007856554457071414,0.0,True,7.438839127469982,24.87958918422764,2.460890562797315,rv_20d,0.22198275862068967,107,-0.0,0.0,-0.0
2026-02-11 13:30:00+00:00,NFP,Surprise + State,-0.002974276950318473,27.542495243455534,0.5758995948844229,-0.0035491728011281683,0.0,True,4.4745406922433455,-14.228978085918047,-2.3189341642891668,rv_20d,0.7306034482758621,115,0.0,0.0,0.0
2026-02-13 13:30:00+00:00,CPI,Surprise + State,0.8462769813651695,-4.843103716893893,0.5863916691942169,11.688944645023584,1.0,True,7.402982208837007,24.99055299717362,2.4731595804115782,rv_20d,0.7564655172413793,108,-4.843103716893893,0.5863916691942169,-5.42949538608811
2026-02-20 13:30:00+00:00,PCE,Surprise + State,-1.874584816789142,-5.872288032353623,0.5864984022974558,-1.281873409554939,-1.0,True,0.5943944438209645,0.7828712441515708,0.12191407061153064,rv_20d,0.6142241379310345,110,5.872288032353623,0.5864984022974558,5.2857896300561675
2026-03-06 13:30:00+00:00,NFP,Surprise + State,-0.288041446580229,-46.16122440461723,0.6074061662198391,-0.20058267341408312,0.0,True,4.469443213729704,-14.233391685381596,-2.3588399800499307,rv_20d,0.7650862068965517,116,-0.0,0.0,-0.0
2026-03-11 12:30:00+00:00,CPI,Surprise + State,-0.07257360225559249,-31.074183062749228,0.6080429404117919,-0.39461804695381675,0.0,True,7.300276335593704,24.6952591932757,2.496568374030236,rv_20d,0.4245689655172414,109,-0.0,0.0,-0.0
2026-03-13 12:30:00+00:00,PCE,Surprise + State,-0.21994435368833912,0.21304926764997845,0.6182577921801048,-0.15675881346193982,0.0,True,0.652882250002508,0.8956410155053717,0.1428720496416176,rv_20d,0.5668103448275862,111,0.0,0.0,0.0
2026-04-09 12:30:00+00:00,PCE,Surprise + State,-0.21926095603584936,1.667396156346257,0.6045319046924184,-0.2216709280027228,0.0,True,0.654510325895553,0.9049133463943915,0.14436315237744732,rv_20d,0.8939393939393939,112,0.0,0.0,0.0
2026-04-10 12:30:00+00:00,CPI,Surprise + State,0.3863432136330373,-8.671594877949218,0.5989879169678819,6.493308090930803,1.0,True,7.271891478766493,24.74868100452375,2.5079628281031705,rv_20d,0.8852813852813853,110,-8.671594877949218,0.5989879169678819,-9.2705827949171
2026-04-30 12:30:00+00:00,PCE,Surprise + State,-0.21858389123884375,-8.715480663177289,0.5875321623209546,-0.16981868765381317,0.0,True,0.6702712851588856,0.933538767342779,0.1488470063729636,rv_20d,0.6142241379310345,113,-0.0,0.0,-0.0
2026-05-08 12:30:00+00:00,NFP,Surprise + State,-0.02209025678682834,-5.815411002618731,0.5815119310206537,-0.09151525918083556,0.0,True,4.479713797411168,-14.2121265965858,-2.2838201204803705,rv_20d,0.5237068965517241,117,-0.0,0.0,-0.0
2026-05-12 12:30:00+00:00,CPI,Surprise + State,0.009048380436151223,15.266258514028408,0.5828559943724249,0.05635430994825557,0.0,True,7.235951169315226,24.612538812307132,2.525310051868571,rv_20d,0.45905172413793105,111,0.0,0.0,0.0
2026-05-28 12:30:00+00:00,PCE,Surprise + State,1.4256193886011588,9.086061422678426,0.5731791679019665,0.9167283087320289,1.0,True,0.6602636017557545,0.8880440665329619,0.14170591519767087,rv_20d,0.48060344827586204,114,9.086061422678426,0.5731791679019665,8.51288225477646
2026-06-05 12:30:00+00:00,NFP,Surprise + State,0.024028750728270636,4.256389485188805,0.5609284332688588,0.1701835590128246,0.0,True,4.4799429596755855,-14.206884155620413,-2.275394519637805,rv_20d,0.3168103448275862,118,0.0,0.0,0.0
2026-06-10 12:30:00+00:00,CPI,Surprise + State,0.009025267637695652,12.047361406555268,0.5733718217406777,0.08225219543934674,0.0,True,7.258424927581403,24.59361045181012,2.5190801313020086,rv_20d,0.5754310344827587,112,0.0,0.0,0.0
2026-06-25 12:30:00+00:00,PCE,Surprise + State,1.4130475363822363,-5.150558567930119,0.5540801314507346,1.593167460950236,1.0,True,0.8052417829826101,1.075636574907527,0.1718329769692023,rv_20d,0.7995689655172413,115,-5.150558567930119,0.5540801314507346,-5.704638699380854
2016-01-08 13:30:00+00:00,NFP,Surprise + State filter,1.6142593236792937,-18.677517103160568,1.7513134851138354,,0.0,False,,,,,,0,-0.0,0.0,-0.0
2016-01-20 13:30:00+00:00,CPI,Surprise + State filter,0.8034072020471136,10.860192079000797,1.8541014001662297,,0.0,False,,,,,,0,0.0,0.0,0.0
2016-02-01 13:30:00+00:00,PCE,Surprise + State filter,1.3212240511473,6.153089044733662,1.7850547827157452,,0.0,False,,,,,,0,0.0,0.0,0.0
2016-02-05 13:30:00+00:00,NFP,Surprise + State filter,-0.5662977961971637,-14.739301323434262,1.7755464397232597,,0.0,False,,,,,,1,-0.0,0.0,-0.0
2016-02-19 13:30:00+00:00,CPI,Surprise + State filter,-1.1647750851392003,-7.356547658883272,1.7748944243833773,,0.0,False,,,,,,1,-0.0,0.0,-0.0
2016-02-26 15:00:00+00:00,PCE,Surprise + State filter,-2.1146814105422513,-13.177599990168432,1.7353838788821734,,0.0,False,,,,,,1,-0.0,0.0,-0.0
2016-03-04 13:30:00+00:00,NFP,Surprise + State filter,0.8511296176546844,-33.028635156728825,1.7110153991385924,,0.0,False,,,,,,2,-0.0,0.0,-0.0
2016-03-28 12:30:00+00:00,PCE,Surprise + State filter,-0.3589718295271186,-6.871278328066666,1.6602736588996394,,0.0,False,,,,,,2,-0.0,0.0,-0.0
2016-04-01 12:30:00+00:00,NFP,Surprise + State filter,0.23256549524665046,-31.39003233807003,1.6535522864636787,,0.0,False,,,,,,3,-0.0,0.0,-0.0
2016-04-14 12:30:00+00:00,CPI,Surprise + State filter,0.8159070832843519,12.889849628443528,1.626654700471169,,0.0,False,,,,,,2,0.0,0.0,0.0
2016-04-29 12:30:00+00:00,PCE,Surprise + State filter,-0.3548908737688326,-25.95645289842352,1.6339869281045751,,0.0,False,,,,,,3,-0.0,0.0,-0.0
2016-05-06 12:30:00+00:00,NFP,Surprise + State filter,-0.5970295853454834,-14.282860142262876,1.6539295083837116,,0.0,False,,,,,,4,-0.0,0.0,-0.0
2016-05-17 12:30:00+00:00,CPI,Surprise + State filter,-1.165117912908518,-10.776168697308464,1.6434319392496883,,0.0,False,,,,,,3,-0.0,0.0,-0.0
2016-05-31 12:30:00+00:00,PCE,Surprise + State filter,-0.3509464824958188,-1.1183805860781604,1.6211985688729873,,0.0,False,,,,,,4,-0.0,0.0,-0.0
2016-06-03 12:30:00+00:00,NFP,Surprise + State filter,-1.9555484666489378,-16.87954038313677,1.625469424359621,,0.0,False,,,,,,5,-0.0,0.0,-0.0
2016-06-29 12:30:00+00:00,PCE,Surprise + State filter,-0.3471306674377593,13.203595591964046,1.6659007352941178,,0.0,False,,,,,,5,0.0,0.0,0.0
2016-07-08 12:30:00+00:00,NFP,Surprise + State filter,1.8450710388339822,10.597061701691501,1.6242858743138793,,0.0,False,,,,,,6,0.0,0.0,0.0
2016-07-15 12:30:00+00:00,CPI,Surprise + State filter,0.8115726727885837,2.1674343081379277,1.5730093295725753,,0.0,False,,,,,,4,0.0,0.0,0.0
2016-08-02 12:30:00+00:00,PCE,Surprise + State filter,1.357394389268374,-3.8246141703801584,1.5842665938268232,,0.0,False,,,,,,6,-0.0,0.0,-0.0
2016-08-05 12:30:00+00:00,NFP,Surprise + State filter,1.2796377681502662,23.96123784340176,1.5833151343088012,,0.0,False,,,,,,7,0.0,0.0,0.0
2016-08-16 12:30:00+00:00,CPI,Surprise + State filter,-0.18513874292076055,-4.314063915042965,1.563510890662066,,0.0,False,,,,,,5,-0.0,0.0,-0.0
2016-08-29 12:30:00+00:00,PCE,Surprise + State filter,-0.36621496105815404,2.175213451387492,1.5772870662460565,,0.0,False,,,,,,7,0.0,0.0,0.0
2016-09-02 12:30:00+00:00,NFP,Surprise + State filter,-0.40888888651079935,21.153697579823216,1.5766867830152775,,0.0,False,,,,,,8,0.0,0.0,0.0
2016-09-30 12:30:00+00:00,PCE,Surprise + State filter,1.3393576888346368,6.6287358114003325,1.6022984695287033,,0.0,False,,,,,,8,0.0,0.0,0.0
2016-10-07 12:30:00+00:00,NFP,Surprise + State filter,-0.1964152932718881,8.234293551208083,1.5951595159515952,,0.0,False,,,,,,9,0.0,0.0,0.0
2016-10-18 12:30:00+00:00,CPI,Surprise + State filter,-0.16901430640024803,2.761286777168692,1.6023870040888497,,0.0,False,,,,,,6,0.0,0.0,0.0
2016-10-31 12:30:00+00:00,PCE,Surprise + State filter,-0.3840686609153908,4.968944201610981,1.601855943437914,,0.0,False,,,,,,9,0.0,0.0,0.0
2016-11-04 12:30:00+00:00,NFP,Surprise + State filter,-0.1303193272493761,12.887682841693504,1.6250140087414546,,0.0,False,,,,,,10,0.0,0.0,0.0
2016-11-17 13:30:00+00:00,CPI,Surprise + State filter,-0.16796381350875023,3.717176051090121,1.5400955921402018,,0.0,False,,,,,,7,0.0,0.0,0.0
2016-11-30 13:30:00+00:00,PCE,Surprise + State filter,1.3230170925284488,4.697163521552028,1.514044063903101,,0.0,False,,,,,,10,0.0,0.0,0.0
2016-12-02 13:30:00+00:00,NFP,Surprise + State filter,0.033610480884534014,1.0425354471621517,1.5112037519541426,,0.0,False,,,,,,11,0.0,0.0,0.0
2016-12-22 15:00:00+00:00,PCE,Surprise + State filter,2.9838886430672513,0.0,1.4600010068972462,,0.0,False,,,,,,11,0.0,0.0,0.0
2017-01-06 13:30:00+00:00,NFP,Surprise + State filter,-0.24560763540543862,11.097100760490974,1.4645724963385687,,0.0,False,,,,,,12,0.0,0.0,0.0
2017-01-18 13:30:00+00:00,CPI,Surprise + State filter,-0.1659201234598231,-1.5167985467812173,1.4659050700096041,,0.0,False,,,,,,8,-0.0,0.0,-0.0
2017-01-30 13:30:00+00:00,PCE,Surprise + State filter,-0.4243384371886906,6.517434367019348,1.4542172299669038,,0.0,False,,,,,,12,0.0,0.0,0.0
2017-02-03 13:30:00+00:00,NFP,Surprise + State filter,0.8452794369339985,10.553560293029562,1.4592663412670457,,0.0,False,,,,,,13,0.0,0.0,0.0
2017-02-15 13:30:00+00:00,CPI,Surprise + State filter,-3.2124696574381035,-3.4163840347822827,1.4147721728949165,,0.0,False,,,,,,9,-0.0,0.0,-0.0
2017-03-01 13:30:00+00:00,PCE,Surprise + State filter,1.1790960725118012,5.721642267388916,1.3825324180015255,,0.0,False,,,,,,13,0.0,0.0,0.0
2017-03-10 13:30:00+00:00,NFP,Surprise + State filter,0.6384882035084962,5.723279595333253,1.384644766997708,,0.0,False,,,,,,14,0.0,0.0,0.0
2017-03-31 12:30:00+00:00,PCE,Surprise + State filter,-0.4384274479644154,-1.45310116261399,1.4044263644728558,,0.0,False,,,,,,14,-0.0,0.0,-0.0
2017-04-07 12:30:00+00:00,NFP,Surprise + State filter,-1.3078965412877368,6.323111181263386,1.407766990291262,,0.0,False,,,,,,15,0.0,0.0,0.0
2017-05-01 12:30:00+00:00,PCE,Surprise + State filter,-0.4341842117614949,-5.260012075858356,1.386299536306707,,0.0,False,,,,,,15,-0.0,0.0,-0.0
2017-05-05 12:30:00+00:00,NFP,Surprise + State filter,0.4142854976008267,1.9170860351103158,1.3908872901678657,,0.0,False,,,,,,16,0.0,0.0,0.0
2017-05-12 12:30:00+00:00,CPI,Surprise + State filter,-0.13514617301327977,4.795473165319919,1.3908872901678657,,0.0,False,,,,,,10,0.0,0.0,0.0
2017-05-30 12:30:00+00:00,PCE,Surprise + State filter,-0.4300621707383414,1.4258894009167022,1.3785890853774483,,0.0,False,,,,,,16,0.0,0.0,0.0
2017-06-02 12:30:00+00:00,NFP,Surprise + State filter,-0.6677396065852849,-10.861610002681488,1.367730981464887,,0.0,False,,,,,,17,-0.0,0.0,-0.0
2017-06-30 12:30:00+00:00,PCE,Surprise + State filter,-0.4260556508599551,-2.817827473684531,1.3618859772705927,,0.0,False,,,,,,17,-0.0,0.0,-0.0
2017-07-07 12:30:00+00:00,NFP,Surprise + State filter,0.8034356423152486,4.222477718798245,1.362653885912978,,0.0,False,,,,,,18,0.0,0.0,0.0
2017-07-14 12:30:00+00:00,CPI,Surprise + State filter,0.7927260050565855,4.1822533660962335,1.3481474594393565,,0.0,False,,,,,,11,0.0,0.0,0.0
2017-08-01 12:30:00+00:00,PCE,Surprise + State filter,-0.422159343805065,5.013559504298826,1.3218469392406218,,0.0,False,,,,,,18,0.0,0.0,0.0
2017-08-04 12:30:00+00:00,NFP,Surprise + State filter,0.5458452330557173,-0.45397798213997476,1.3169845594913714,,0.0,False,,,,,,19,-0.0,0.0,-0.0
2017-08-11 12:30:00+00:00,CPI,Surprise + State filter,0.7856685090657263,8.701028644111375,1.3287514318442153,,0.0,False,,,,,,12,0.0,0.0,0.0
2017-08-31 12:30:00+00:00,PCE,Surprise + State filter,-0.4183682771652557,3.647804518145392,1.3228720007298604,,0.0,False,,,,,,19,0.0,0.0,0.0
2017-09-01 12:30:00+00:00,NFP,Surprise + State filter,-0.34604558050796347,1.363357497172757,1.3172836702248465,,0.0,False,,,,,,20,0.0,0.0,0.0
2017-09-29 12:30:00+00:00,PCE,Surprise + State filter,1.24403333303221,-8.519224817451487,1.2999237975704871,,0.0,False,,,,,,20,-0.0,0.0,-0.0
2017-10-06 12:30:00+00:00,NFP,Surprise + State filter,-1.8424473560997108,-11.01006430998197,1.2762961006953613,,0.0,False,,,,,,21,-0.0,0.0,-0.0
2017-10-13 12:30:00+00:00,CPI,Surprise + State filter,0.7897822256401897,-0.8761170498061688,1.2703697213947782,,0.0,False,,,,,,13,-0.0,0.0,-0.0
2017-10-30 12:30:00+00:00,PCE,Surprise + State filter,-0.43153418183276016,-4.289084346265071,1.2435677530017153,,0.0,False,,,,,,21,-0.0,0.0,-0.0
2017-11-03 12:30:00+00:00,NFP,Surprise + State filter,-0.7859021766829931,-0.8520064757711054,1.2355672958118529,,0.0,False,,,,,,22,-0.0,0.0,-0.0
2017-11-15 13:30:00+00:00,CPI,Surprise + State filter,-0.15820077948038003,-6.874033609740593,1.2452765372724148,,0.0,False,,,,,,14,-0.0,0.0,-0.0
2017-11-30 13:30:00+00:00,PCE,Surprise + State filter,-0.42780275982372784,7.91056934895451,1.2079306897700766,,0.0,False,,,,,,22,0.0,0.0,0.0
2017-12-08 13:30:00+00:00,NFP,Surprise + State filter,0.6370043888724991,7.820700557079618,1.1941035987811908,,0.0,False,,,,,,23,0.0,0.0,0.0
2017-12-13 13:30:00+00:00,CPI,Surprise + State filter,-0.1573539546812662,4.891171533074612,1.1816959374108633,,0.0,False,,,,,,15,0.0,0.0,0.0
2017-12-22 13:30:00+00:00,PCE,Surprise + State filter,1.2482623178131573,-5.651998535611824,1.170393090644927,,0.0,False,,,,,,23,-0.0,0.0,-0.0
2018-01-05 13:30:00+00:00,NFP,Surprise + State filter,-0.621220884870033,6.76415026287458,1.1532649327924918,,0.0,False,,,,,,24,0.0,0.0,0.0
2018-01-12 13:30:00+00:00,CPI,Surprise + State filter,-0.15652048446517022,-6.632464203502053,1.1306483683574409,,0.0,False,,,,,,16,-0.0,0.0,-0.0
2018-01-29 13:30:00+00:00,PCE,Surprise + State filter,-0.4402926559951366,-3.7664783872770613,1.091990812215235,,0.0,False,,,,,,24,-0.0,0.0,-0.0
2018-02-02 13:30:00+00:00,NFP,Surprise + State filter,0.4228435414864092,8.095137577548428,1.116544103492088,,0.0,False,,,,,,25,0.0,0.0,0.0
2018-02-14 13:30:00+00:00,CPI,Surprise + State filter,-2.0674616228090885,-29.41298742083376,1.1704403277232918,,0.0,False,,,,,,17,-0.0,0.0,-0.0
2018-03-01 13:30:00+00:00,PCE,Surprise + State filter,-0.4366213148929902,40.81311683153288,1.16297722168752,,0.0,False,,,,,,25,0.0,0.0,0.0
2018-03-09 13:30:00+00:00,NFP,Surprise + State filter,1.9022467250921624,44.77679092056874,1.166532582461786,,0.0,False,,,,,,26,0.0,0.0,0.0
2018-03-13 12:30:00+00:00,CPI,Surprise + State filter,-0.1324165031997715,-9.089652255056535,1.1490609398526033,,0.0,False,,,,,,18,-0.0,0.0,-0.0
2018-03-29 12:30:00+00:00,PCE,Surprise + State filter,-0.4330405906855374,-0.8353869935184832,1.211817308094104,,0.0,False,,,,,,26,-0.0,0.0,-0.0
2018-04-06 12:30:00+00:00,NFP,Surprise + State filter,-1.2995829002724142,8.243343966931604,1.1954819028774013,,0.0,False,,,,,,27,0.0,0.0,0.0
2018-04-11 12:30:00+00:00,CPI,Surprise + State filter,0.8133579879158452,-1.2428278492215838,1.2018732645364498,,0.0,False,,,,,,19,-0.0,0.0,-0.0
2018-04-30 12:30:00+00:00,PCE,Surprise + State filter,-0.4295466448744693,2.868323484612745,1.188281089940586,,0.0,False,,,,,,27,0.0,0.0,0.0
2018-05-04 12:30:00+00:00,NFP,Surprise + State filter,-0.4042211205062629,-9.22277251589776,1.2166981329976925,,0.0,False,,,,,,28,-0.0,0.0,-0.0
2018-05-10 12:30:00+00:00,CPI,Surprise + State filter,0.8066313627379722,9.775570001711031,1.1829974708329933,,0.0,False,,,,,,20,0.0,0.0,0.0
2018-05-31 12:30:00+00:00,PCE,Surprise + State filter,-0.4261361668922612,0.0,1.1751357484399059,,0.0,False,,,,,,28,0.0,0.0,0.0
2018-06-01 12:30:00+00:00,NFP,Surprise + State filter,0.6295443548080089,24.426995820494568,1.1810702940457767,,0.0,False,,,,,,29,0.0,0.0,0.0
2018-06-12 12:30:00+00:00,CPI,Surprise + State filter,-0.14836969090721452,13.026746142958956,1.1454301287621453,,0.0,False,,,,,,21,0.0,0.0,0.0
2018-06-29 12:30:00+00:00,PCE,Surprise + State filter,-0.4228058320342103,-11.101290123090024,1.1917481712829785,,0.0,False,,,,,,29,-0.0,0.0,-0.0
2018-07-06 12:30:00+00:00,NFP,Surprise + State filter,0.3749571567850948,-6.580571102006161,1.1949400469735054,,0.0,False,,,,,,30,-0.0,0.0,-0.0
2018-07-12 12:30:00+00:00,CPI,Surprise + State filter,0.8054339632504349,8.841733555691178,1.1659697651978127,,0.0,False,,,,,,22,0.0,0.0,0.0
2018-07-31 12:30:00+00:00,PCE,Surprise + State filter,-0.4195525615380417,-5.137426262500355,1.1461544541933444,,0.0,False,,,,,,30,-0.0,0.0,-0.0
2018-08-03 12:30:00+00:00,NFP,Surprise + State filter,-0.5320078037025123,-16.598170108466093,1.144661535425301,,0.0,False,,,,,,31,-0.0,0.0,-0.0
2018-08-10 12:30:00+00:00,CPI,Surprise + State filter,-0.15572468844210885,-7.490489400314715,1.1428571428571428,,0.0,False,,,,,,23,-0.0,0.0,-0.0
2018-08-30 12:30:00+00:00,PCE,Surprise + State filter,0.016880010255722527,-2.6836889382231277,1.111664813891977,,0.0,False,,,,,,31,-0.0,0.0,-0.0
2018-09-07 12:30:00+00:00,NFP,Surprise + State filter,0.2616225928660689,-8.097634776458307,1.1163292016321502,,0.0,False,,,,,,32,-0.0,0.0,-0.0
2018-09-13 12:30:00+00:00,CPI,Surprise + State filter,0.8043331512490195,0.3828703792763122,1.1114517859880422,,0.0,False,,,,,,24,0.0,0.0,0.0
2018-09-28 12:30:00+00:00,PCE,Surprise + State filter,-0.41932078998489236,2.65297229200101,1.0996094490577484,,0.0,False,,,,,,32,0.0,0.0,0.0
2018-10-05 12:30:00+00:00,NFP,Surprise + State filter,-0.7870138858905067,-15.002065597293779,1.0881801125703565,,0.0,False,,,,,,33,-0.0,0.0,-0.0
2018-10-11 12:30:00+00:00,CPI,Surprise + State filter,0.7980522394154973,-21.193100554004474,1.1413278759494667,,0.0,False,,,,,,25,-0.0,0.0,-0.0
2018-10-29 12:30:00+00:00,PCE,Surprise + State filter,-0.4162236927774103,-0.8028581755326059,1.1647054098558174,,0.0,False,,,,,,33,-0.0,0.0,-0.0
2018-11-02 12:30:00+00:00,NFP,Surprise + State filter,0.9282289143639069,-1.5649452301147448,1.134585289514867,,0.0,False,,,,,,34,-0.0,0.0,-0.0
2018-11-14 13:30:00+00:00,CPI,Surprise + State filter,-0.17073431842246337,11.409912122495314,1.1429922749487624,,0.0,False,,,,,,26,0.0,0.0,0.0
2018-11-29 13:30:00+00:00,PCE,Surprise + State filter,-0.413194375549636,3.5544322168767906,1.1457921770051362,,0.0,False,,,,,,34,0.0,0.0,0.0
2018-12-07 13:30:00+00:00,NFP,Surprise + State filter,-0.6547686526365027,17.27220208074698,1.1666264381687987,,0.0,False,,,,,,35,0.0,0.0,0.0
2018-12-12 13:30:00+00:00,CPI,Surprise + State filter,-0.1699188197561624,35.24625359718314,1.176422863169851,,0.0,False,,,,,,27,0.0,0.0,0.0
2019-01-04 13:30:00+00:00,NFP,Surprise + State filter,2.261740690734558,32.74897584478964,1.2638368343066329,11.416943085829878,1.0,True,5.047856782433327,,,rv_20d,0.9979508196721312,36,32.74897584478964,1.2638368343066329,31.485139010483007
2019-01-11 13:30:00+00:00,CPI,Surprise + State filter,-0.16911489877107314,-12.133638860252205,1.2138462182411787,,0.0,False,,,,,,28,-0.0,0.0,-0.0
2019-02-01 13:30:00+00:00,NFP,Surprise + State filter,2.3749676396538355,18.781599558828077,1.1619520794935492,14.975430174848691,1.0,True,6.305530199574189,,,rv_20d,0.5635245901639344,37,18.781599558828077,1.1619520794935492,17.619647479334528
2019-02-13 13:30:00+00:00,CPI,Surprise + State filter,0.8075888422190041,16.08695146135375,1.1382369102755319,,0.0,False,,,,,,29,0.0,0.0,0.0
2019-03-01 13:30:00+00:00,PCE,Surprise + State filter,-2.108137244454332,-0.3835164624810261,1.1120484699746913,,0.0,False,,,,,,35,-0.0,0.0,-0.0
2019-03-08 13:30:00+00:00,NFP,Surprise + State filter,-2.577157761426142,-3.5624517961352353,1.1442550505050504,0.0,0.0,True,6.4539940798921425,,,rv_20d,0.3012295081967213,38,-0.0,0.0,-0.0
2019-03-12 12:30:00+00:00,CPI,Surprise + State filter,-0.17594973086669394,14.83621870544738,1.1335652581792597,,0.0,False,,,,,,30,0.0,0.0,0.0
2019-03-29 12:30:00+00:00,PCE,Surprise + State filter,1.3555304283976177,8.894905352985205,1.1219870778040004,0.0,0.0,True,0.735642606360772,,,rv_20d,0.2930327868852459,36,0.0,0.0,0.0
2019-04-05 12:30:00+00:00,NFP,Surprise + State filter,0.36000953458674323,-0.37773622684866837,1.0974871329094762,2.086618845563986,1.0,True,5.796009952789796,,,rv_20d,0.3693877551020408,39,-0.37773622684866837,1.0974871329094762,-1.4752233597581446
2019-04-10 12:30:00+00:00,CPI,Surprise + State filter,-0.6660549897418855,1.1451474389900795,1.1068702290076335,,0.0,False,,,,,,31,0.0,0.0,0.0
2019-05-03 12:30:00+00:00,NFP,Surprise + State filter,1.2218354880047635,10.230567552032,1.1004439722232762,0.0,0.0,True,5.773336895527791,,,rv_20d,0.06762295081967214,40,0.0,0.0,0.0
2019-05-10 12:30:00+00:00,CPI,Surprise + State filter,0.8147019300586259,20.25632728779314,1.1287121005721403,,0.0,False,,,,,,32,0.0,0.0,0.0
2019-05-31 12:30:00+00:00,PCE,Surprise + State filter,-0.36868440449756795,10.432969125790947,1.1642378256854953,-0.37846797681952393,0.0,True,1.026536442015465,,,rv_20d,0.694672131147541,37,0.0,0.0,0.0
2019-06-07 12:30:00+00:00,NFP,Surprise + State filter,-1.5524750423548752,3.1030604182014088,1.123508445684178,-9.02521443666723,-1.0,True,5.8134360878209765,,,rv_20d,0.6987704918032787,41,-3.1030604182014088,1.123508445684178,-4.2265688638855865
2019-06-12 12:30:00+00:00,CPI,Surprise + State filter,-0.17710016798500505,-4.613787616936094,1.1152559320078452,,0.0,False,,,,,,33,-0.0,0.0,-0.0
2019-06-28 12:30:00+00:00,PCE,Surprise + State filter,-0.366294583792779,3.3794566906308887,1.0889155902673475,-0.3416134657717506,0.0,True,0.9326194841172124,,,rv_20d,0.5307377049180327,38,0.0,0.0,0.0
2019-07-05 12:30:00+00:00,NFP,Surprise + State filter,1.0718570086511612,-7.808869040495381,1.0773460138197488,0.0,0.0,True,5.480544177546697,,,rv_20d,0.3135245901639344,42,-0.0,0.0,-0.0
2019-07-11 12:30:00+00:00,CPI,Surprise + State filter,-1.1663865052088653,2.597739980849667,1.0751890849770132,,0.0,False,,,,,,34,0.0,0.0,0.0
2019-07-30 12:30:00+00:00,PCE,Surprise + State filter,-0.36395092463953677,-9.960711354235485,1.0699133001291274,0.0,0.0,True,0.9076454397828512,,,rv_20d,0.018442622950819672,39,-0.0,0.0,-0.0
2019-08-02 12:30:00+00:00,NFP,Surprise + State filter,0.031497609119124026,3.3964186978430178,1.0940919037199124,0.0,0.0,True,5.19769399194766,,,rv_20d,0.26844262295081966,43,0.0,0.0,0.0
2019-08-13 12:30:00+00:00,CPI,Surprise + State filter,-0.1659081562956267,8.139377593217034,1.1232038421317634,,0.0,False,,,,,,35,0.0,0.0,0.0
2019-08-30 12:30:00+00:00,PCE,Surprise + State filter,-0.3616517148149259,-1.8851918238560472,1.093225769970219,-0.3613313872525782,0.0,True,0.9991142650532939,,,rv_20d,0.9118852459016393,40,-0.0,0.0,-0.0
2019-10-04 12:30:00+00:00,NFP,Surprise + State filter,-0.09265768712922037,8.383827326934323,1.1106855610877058,-0.48140652726931715,0.0,True,5.19553792226594,,,rv_20d,0.8066666666666666,44,0.0,0.0,0.0
2019-10-10 12:30:00+00:00,CPI,Surprise + State filter,0.8325119977114724,5.330896478383806,1.1051408101825388,4.238525879244618,1.0,True,5.091249004093733,,,rv_20d,0.7666666666666667,36,5.330896478383806,1.1051408101825388,4.225755668201268
2019-10-31 12:30:00+00:00,PCE,Surprise + State filter,-0.3726587275846903,4.800679572998234,1.0709801314720437,0.0,0.0,True,1.0178742324865606,,,rv_20d,0.22,41,0.0,0.0,0.0
2019-11-01 12:30:00+00:00,NFP,Surprise + State filter,0.742125242156633,5.538836616683085,1.0736764161421695,0.0,0.0,True,5.170097235599983,,,rv_20d,0.24222222222222223,45,0.0,0.0,0.0
2019-11-13 13:30:00+00:00,CPI,Surprise + State filter,-1.1700469441557593,2.1758050564457676,1.051906126446371,0.0,0.0,True,5.058498907598614,,,rv_20d,0.051111111111111114,37,0.0,0.0,0.0
2019-11-27 15:00:00+00:00,PCE,Surprise + State filter,0.9149489511371186,-2.849002868288153,1.032285622752999,0.0,0.0,True,0.9800739561490907,,,rv_20d,0.06387665198237885,42,-0.0,0.0,-0.0
2019-12-06 13:30:00+00:00,NFP,Surprise + State filter,1.42861497447116,24.80186746110391,1.0463270313176505,0.0,0.0,True,5.171472523489915,,,rv_20d,0.23672566371681417,46,0.0,0.0,0.0
2019-12-11 13:30:00+00:00,CPI,Surprise + State filter,-1.158461044632005,-1.4344629753892946,1.03983649467532,0.0,0.0,True,4.837115052584969,,,rv_20d,0.25442477876106195,38,-0.0,0.0,-0.0
2020-01-10 13:30:00+00:00,NFP,Surprise + State filter,-0.20617197687041738,-1.7266683976124853,1.0010355540214015,0.0,0.0,True,5.54235857006159,,,rv_20d,0.1836283185840708,47,-0.0,0.0,-0.0
2020-01-14 13:30:00+00:00,CPI,Surprise + State filter,0.8436125672345851,13.162910210482437,1.0046769443963277,0.0,0.0,True,4.772486532700398,,,rv_20d,0.19247787610619468,39,0.0,0.0,0.0
2020-01-31 13:30:00+00:00,PCE,Surprise + State filter,-2.1131396664751882,-4.187604751315632,1.0120397836328738,-1.821718786480453,-1.0,True,0.862091046503879,,,rv_20d,0.5287610619469026,43,4.187604751315632,1.0120397836328738,3.1755649676827584
2020-02-07 13:30:00+00:00,NFP,Surprise + State filter,1.0001447762026143,-28.71109741358069,0.9909786768726079,5.557835686479297,1.0,True,5.557031160610054,,,rv_20d,0.8030973451327433,48,-28.71109741358069,0.9909786768726079,-29.702076090453296
2020-02-13 13:30:00+00:00,CPI,Surprise + State filter,0.8376680323617207,3.4054146421347298,0.9878730072216922,4.15882744691466,1.0,True,4.964768006234242,,,rv_20d,0.834070796460177,40,3.4054146421347298,0.9878730072216922,2.4175416349130376
2020-03-06 13:30:00+00:00,NFP,Surprise + State filter,1.6027523818647151,5.519199067798297,1.1448874851954203,8.023720018202704,1.0,True,5.006213129983025,,,rv_20d,0.9977678571428571,49,5.519199067798297,1.1448874851954203,4.374311582602877
2020-03-11 12:30:00+00:00,CPI,Surprise + State filter,-1.1639324823814878,-59.32765757634684,1.199884149116637,-5.676545983483571,-1.0,True,4.877040609665741,,,rv_20d,0.9932735426008968,41,59.32765757634684,1.199884149116637,58.1277734272302
2020-03-27 12:30:00+00:00,PCE,Surprise + State filter,-0.36227118384366613,-80.11830313364499,1.3294824187411176,-0.3663431988611388,0.0,True,1.0112402399061082,,,rv_20d,0.997737556561086,44,-0.0,0.0,-0.0
2020-04-03 12:30:00+00:00,NFP,Surprise + State filter,-9.584675105229561,44.49079659949007,1.374994073301408,-47.1193495102123,-1.0,True,4.916113378167945,,,rv_20d,0.997737556561086,50,-44.49079659949007,1.374994073301408,-45.865790672791476
2020-04-30 12:30:00+00:00,PCE,Surprise + State filter,-0.36017238707897786,-60.32643718533848,1.187794388695474,-0.5482680899845581,0.0,True,1.522237988400635,,,rv_20d,0.8619909502262444,45,-0.0,0.0,-0.0
2020-05-08 12:30:00+00:00,NFP,Surprise + State filter,17.82134084487857,-16.997993354959107,1.2065737466195132,-14.13983572563358,-1.0,True,-0.7934215415501148,,,rv_20d,0.8122171945701357,51,16.997993354959107,1.2065737466195132,15.791419608339593
2020-05-12 12:30:00+00:00,CPI,Surprise + State filter,-0.1633338468717922,8.664975475607406,1.1973575557390586,-1.0930522260661866,0.0,True,6.692135445289368,,,rv_20d,0.8031674208144797,42,0.0,0.0,0.0
2020-05-29 12:30:00+00:00,PCE,Surprise + State filter,-2.070466433747151,-14.232064074537476,1.145701643489254,-3.899926022725166,-1.0,True,1.8835978015190717,,,rv_20d,0.7760180995475113,46,14.232064074537476,1.145701643489254,13.086362431048222
2020-06-05 12:30:00+00:00,NFP,Surprise + State filter,64.57555252744505,81.78248244934849,1.091292240535862,-64.9461570987649,-1.0,True,-1.0057390847900578,,,rv_20d,0.7352941176470589,52,-81.78248244934849,1.091292240535862,-82.87377468988436
2020-06-10 12:30:00+00:00,CPI,Surprise + State filter,0.8389770540647904,0.7323861142971566,1.0622321526684004,5.59431184777247,1.0,True,6.668015317782991,,,rv_20d,0.7624434389140271,43,0.7323861142971566,1.0622321526684004,-0.3298460383712438
2020-06-26 12:30:00+00:00,PCE,Surprise + State filter,-2.0164547174799274,-27.90059772390663,1.1384156394755436,-4.485085720896472,-1.0,True,2.224243213604978,,,rv_20d,0.8212669683257918,47,27.90059772390663,1.1384156394755436,26.762182084431085
2020-07-02 12:30:00+00:00,NFP,Surprise + State filter,1.641547953530035,26.15184937905468,1.1232908548630747,1.650005491578339,1.0,True,1.0051521723932078,,,rv_20d,0.8431818181818181,53,26.15184937905468,1.1232908548630747,25.028558524191606
2020-07-14 12:30:00+00:00,CPI,Surprise + State filter,-1.1723852919766982,-36.54201585257866,1.111579592931887,-7.629879503631966,-1.0,True,6.507996608152275,,,rv_20d,0.7941176470588235,44,36.54201585257866,1.111579592931887,35.43043625964677
2020-07-31 12:30:00+00:00,PCE,Surprise + State filter,0.29050201998543845,2.2845828831741244,1.1042991508320323,0.8759190894780217,0.0,True,3.0151910459071076,,,rv_20d,0.41402714932126694,48,0.0,0.0,0.0
2020-08-07 12:30:00+00:00,NFP,Surprise + State filter,0.2042193271067664,-11.017261488994734,1.0671180453341182,0.0,0.0,True,1.0056619097281765,,,rv_20d,0.2918552036199095,54,-0.0,0.0,-0.0
2020-08-12 12:30:00+00:00,CPI,Surprise + State filter,-3.1643008322851895,20.444403742310158,1.0410683515221137,0.0,0.0,True,7.430501273869515,,,rv_20d,0.2737556561085973,45,0.0,0.0,0.0
2020-08-28 12:30:00+00:00,PCE,Surprise + State filter,1.3559572550269576,-15.386770415766193,1.0131358300726663,0.0,0.0,True,3.0552697297294618,,,rv_20d,0.2149321266968326,49,-0.0,0.0,-0.0
2020-09-04 12:30:00+00:00,NFP,Surprise + State filter,-0.08549110617815014,31.28902691535984,1.0207314068494597,-0.08632188697888246,0.0,True,1.0097177453640744,,,rv_20d,0.47098214285714285,55,0.0,0.0,0.0
2020-09-11 12:30:00+00:00,CPI,Surprise + State filter,-1.0987651213117418,-12.660747951773743,1.0484075051516575,-4.992230625773113,-1.0,True,4.5434920793747295,,,rv_20d,0.5241228070175439,46,12.660747951773743,1.0484075051516575,11.612340446622085
2020-10-01 12:30:00+00:00,PCE,Surprise + State filter,-0.3232204397783153,-16.872188232408547,1.0401348588644597,-0.8269030542113185,0.0,True,2.558325379355526,,,rv_20d,0.6020833333333333,50,-0.0,0.0,-0.0
2020-10-02 12:30:00+00:00,NFP,Surprise + State filter,-0.32757294004979853,-17.22463915134753,1.0603678379465427,-0.32746985151271396,0.0,True,0.9996852959311324,,,rv_20d,0.5770833333333333,56,-0.0,0.0,-0.0
2020-10-13 12:30:00+00:00,CPI,Surprise + State filter,-0.1222113648828133,-1.7446830827339,1.011969152388596,-0.5772839342356295,0.0,True,4.723651804307878,,,rv_20d,0.4895833333333333,47,-0.0,0.0,-0.0
2020-10-30 12:30:00+00:00,PCE,Surprise + State filter,-0.3214984227491263,19.375801514129876,1.1029551591678393,-0.8366652245431626,0.0,True,2.602392936764217,,,rv_20d,0.5520833333333334,51,0.0,0.0,0.0
2020-11-06 13:30:00+00:00,NFP,Surprise + State filter,-0.041828857834390075,48.160438708304554,1.0318448674613059,-0.04214406003447538,0.0,True,1.0075355201266374,,,rv_20d,0.5770833333333333,57,0.0,0.0,0.0
2020-11-12 13:30:00+00:00,CPI,Surprise + State filter,0.8491717707533857,23.371723991569837,0.9975233902036323,4.009713008449264,1.0,True,4.721910391453362,,,rv_20d,0.6270833333333333,48,23.371723991569837,0.9975233902036323,22.374200601366205
2020-11-25 15:00:00+00:00,PCE,Surprise + State filter,-0.3198036664251847,4.021582546904767,0.9721756620851492,-0.80742129244102,0.0,True,2.5247405743233067,,,rv_20d,0.5854166666666667,52,0.0,0.0,0.0
2020-12-04 13:30:00+00:00,NFP,Surprise + State filter,-0.3460798058020594,-2.663027211902147,0.9647692870687647,-0.3435712814892049,0.0,True,0.9927516015936243,,,rv_20d,0.39791666666666664,58,-0.0,0.0,-0.0
2020-12-10 13:30:00+00:00,CPI,Surprise + State filter,-1.1003323497938022,-34.00116612777282,0.9650261222588267,0.0,0.0,True,5.105484196859916,,,rv_20d,0.23125,49,-0.0,0.0,-0.0
2020-12-23 13:30:00+00:00,PCE,Surprise + State filter,1.364273206507212,6.338721458636343,0.9678280603390735,0.0,0.0,True,2.500032042298814,,,rv_20d,0.14435146443514643,53,0.0,0.0,0.0
2021-01-08 13:30:00+00:00,NFP,Surprise + State filter,-0.3166483412835174,1.936295872049243,0.9349711448560466,0.0,0.0,True,0.9949859746873176,,,rv_20d,0.13179916317991633,59,0.0,0.0,0.0
2021-01-13 13:30:00+00:00,CPI,Surprise + State filter,-0.11993165974022327,0.9697596619773208,0.9378436064937585,0.0,0.0,True,5.689059465764999,,,rv_20d,0.07740585774058577,50,0.0,0.0,0.0
2021-01-29 13:30:00+00:00,PCE,Surprise + State filter,-2.0053740825460937,30.375089387284504,0.9593754135238851,0.0,0.0,True,2.658821783206284,,,rv_20d,0.18200836820083682,54,0.0,0.0,0.0
2021-02-05 13:30:00+00:00,NFP,Surprise + State filter,-0.1649085855030971,0.3217762046858752,0.932745810684764,0.0,0.0,True,0.9954063836770897,,,rv_20d,0.23640167364016737,60,0.0,0.0,0.0
2021-02-10 13:30:00+00:00,CPI,Surprise + State filter,-0.11947685719106668,13.697977708488907,0.9247448979591837,0.0,0.0,True,5.689614867593744,,,rv_20d,0.23221757322175732,51,0.0,0.0,0.0
2021-02-26 13:30:00+00:00,PCE,Surprise + State filter,-0.3066559924982575,20.432277325124204,0.9280296969503025,0.0,0.0,True,1.4148147721568256,,,rv_20d,0.22384937238493724,55,0.0,0.0,0.0
2021-03-05 13:30:00+00:00,NFP,Surprise + State filter,0.10051546581221242,69.36742393667927,0.9363900548918307,0.0,0.0,True,0.9963635844066085,,,rv_20d,0.21784232365145229,61,0.0,0.0,0.0
2021-03-10 13:30:00+00:00,CPI,Surprise + State filter,-0.11902719013235194,12.196458284829959,0.9085782317187794,0.0,0.0,True,5.69976713494215,,,rv_20d,0.3202479338842975,52,0.0,0.0,0.0
2021-03-26 12:30:00+00:00,PCE,Surprise + State filter,1.354526371517124,-3.6769212327492085,0.888698210345673,1.8386712710866115,1.0,True,1.357427444566639,,,rv_20d,0.4077868852459016,56,-3.6769212327492085,0.888698210345673,-4.5656194430948815
2021-04-13 12:30:00+00:00,CPI,Surprise + State filter,-1.1007080946219612,15.799910872313916,0.86536166149439,0.0,0.0,True,5.70852814152933,,,rv_20d,0.022540983606557378,53,0.0,0.0,0.0
2021-04-30 12:30:00+00:00,PCE,Surprise + State filter,-0.31634349588250377,-5.026983176765754,0.8574047245956893,0.0,0.0,True,1.2616177847618042,,,rv_20d,0.0471311475409836,57,-0.0,0.0,-0.0
2021-05-07 12:30:00+00:00,NFP,Surprise + State filter,-0.9371711013313,-25.24191495906436,0.8392660762863923,0.0,0.0,True,0.9785731603066962,,,rv_20d,0.06762295081967214,62,-0.0,0.0,-0.0
2021-05-12 12:30:00+00:00,CPI,Surprise + State filter,-5.998741616835394,34.09261200770786,0.8511387649683024,0.0,0.0,True,5.317559014610002,,,rv_20d,0.21106557377049182,54,0.0,0.0,0.0
2021-05-28 12:30:00+00:00,PCE,Surprise + State filter,-0.3147710660260314,-6.361691267713354,0.8385138065635391,0.0,0.0,True,1.2699823051880925,,,rv_20d,0.3163265306122449,58,-0.0,0.0,-0.0
2021-06-04 12:30:00+00:00,NFP,Surprise + State filter,-0.22898401033391952,15.593419272867948,0.8395819460930488,0.0,0.0,True,0.9926534207818138,,,rv_20d,0.305327868852459,63,0.0,0.0,0.0
2021-06-10 12:30:00+00:00,CPI,Surprise + State filter,-1.2857519574681133,42.891157158262416,0.8407990490272825,0.0,0.0,True,0.8556486160433863,,,rv_20d,0.24385245901639344,55,0.0,0.0,0.0
2021-06-25 12:30:00+00:00,PCE,Surprise + State filter,1.353890520300208,10.519242415814034,0.8483501053124269,0.0,0.0,True,1.2818376454304674,,,rv_20d,0.03497942386831276,59,0.0,0.0,0.0
2021-07-02 12:30:00+00:00,NFP,Surprise + State filter,0.052207519745368525,9.834548981935143,0.8402874362540566,0.0,0.0,True,0.9887433062376428,,,rv_20d,0.1168032786885246,64,0.0,0.0,0.0
2021-07-13 12:30:00+00:00,CPI,Surprise + State filter,-3.5455463257141377,-11.215438218190599,0.8323287985764307,0.0,0.0,True,0.35340884388727156,,,rv_20d,0.26844262295081966,56,-0.0,0.0,-0.0
2021-07-30 12:30:00+00:00,PCE,Surprise + State filter,1.3368933041672204,5.734438325557534,0.831946755407654,2.0573196578289474,1.0,True,1.5388809648579218,,,rv_20d,0.42008196721311475,60,5.734438325557534,0.831946755407654,4.90249157014988
2021-08-06 12:30:00+00:00,NFP,Surprise + State filter,-0.013168586432633885,0.2854573740940225,0.8297805373544307,-0.013000757621802583,0.0,True,0.9872553662695797,,,rv_20d,0.48155737704918034,65,0.0,0.0,0.0
2021-08-11 12:30:00+00:00,CPI,Surprise + State filter,-0.023558568354873046,6.817988389435925,0.8247305406250889,-0.018134459423164103,0.0,True,0.7697606726349746,,,rv_20d,0.41598360655737704,57,0.0,0.0,0.0
2021-08-27 12:30:00+00:00,PCE,Surprise + State filter,-0.3347998796911022,2.270211990786919,0.8231620777746239,0.0,0.0,True,1.660537663416326,,,rv_20d,0.1168032786885246,61,0.0,0.0,0.0
2021-09-03 12:30:00+00:00,NFP,Surprise + State filter,-0.6679411690796805,7.05825916172742,0.8176384346453142,0.0,0.0,True,0.988321253779916,,,rv_20d,0.018442622950819672,66,0.0,0.0,0.0
2021-09-14 12:30:00+00:00,CPI,Surprise + State filter,0.8192117877682124,1.1441974897330454,0.8321377331420373,0.0,0.0,True,0.7857888276156433,,,rv_20d,0.07172131147540983,58,0.0,0.0,0.0
2021-10-01 12:30:00+00:00,PCE,Surprise + State filter,-1.9950474862945664,-23.624616013986355,0.8551545175748998,-3.2800095114047623,-1.0,True,1.6440759099407585,,,rv_20d,0.6234567901234568,62,23.624616013986355,0.8551545175748998,22.769461496411456
2021-10-08 12:30:00+00:00,NFP,Surprise + State filter,-0.44428519767740043,5.196004966503409,0.8358312197371455,-0.4384453092382047,0.0,True,0.9868555412835605,,,rv_20d,0.8004115226337448,67,0.0,0.0,0.0
2021-10-13 12:30:00+00:00,CPI,Surprise + State filter,-0.8730123949613188,-30.347265776544674,0.8456289729981922,-0.6672394517159353,0.0,True,0.7642955077923026,,,rv_20d,0.8004115226337448,59,-0.0,0.0,-0.0
2021-10-29 12:30:00+00:00,PCE,Surprise + State filter,-0.3118249463231859,-7.8731305382717665,0.8151562851360468,-0.6758967111447121,0.0,True,2.1675517597754665,,,rv_20d,0.4012345679012346,63,-0.0,0.0,-0.0
2021-11-05 12:30:00+00:00,NFP,Surprise + State filter,0.0039393692891312405,16.88792084765467,0.8041259982253771,0.0,0.0,True,0.9863458563755687,,,rv_20d,0.06790123456790123,68,0.0,0.0,0.0
2021-11-10 13:30:00+00:00,CPI,Surprise + State filter,-2.556455404982467,4.980493171764522,0.8020133300146575,0.0,0.0,True,0.9434540846171199,,,rv_20d,0.02263374485596708,60,0.0,0.0,0.0
2021-11-24 15:00:00+00:00,PCE,Surprise + State filter,1.3369344843085225,8.975402391993015,0.8141950699084732,0.0,0.0,True,2.1820883080609548,,,rv_20d,0.051440329218107,64,0.0,0.0,0.0
2021-12-03 13:30:00+00:00,NFP,Surprise + State filter,-0.4833671251658682,25.081094229015832,0.8361927280066895,-0.47521704288509947,0.0,True,0.9831389396248824,,,rv_20d,0.7386831275720165,69,0.0,0.0,0.0
2021-12-10 13:30:00+00:00,CPI,Surprise + State filter,-0.8337716263587658,13.63971874257075,0.8089712117830842,-0.6847167144744716,0.0,True,0.8212281310947885,,,rv_20d,0.9732510288065843,61,0.0,0.0,0.0
2021-12-23 13:30:00+00:00,PCE,Surprise + State filter,-0.320719690291463,-5.038347528625309,0.8116655937753645,-0.7529002216677059,0.0,True,2.3475335143392244,,,rv_20d,0.9938524590163934,65,-0.0,0.0,-0.0
2022-01-07 13:30:00+00:00,NFP,Surprise + State filter,-0.3780124387835242,-19.941842919433128,0.8028570637579248,-0.3688010765003275,0.0,True,0.9756321185809662,,,rv_20d,0.4654471544715447,70,-0.0,0.0,-0.0
2022-01-12 13:30:00+00:00,CPI,Surprise + State filter,-0.828879460574073,12.141281844666452,0.8007952725465289,-0.6340256675079255,0.0,True,0.764919023411204,,,rv_20d,0.4654471544715447,62,0.0,0.0,0.0
2022-01-28 13:30:00+00:00,PCE,Surprise + State filter,-0.31922917712759896,26.259512028481424,0.8595648823285316,0.0,0.0,True,2.355257263231386,,,rv_20d,0.32723577235772355,66,0.0,0.0,0.0
2022-02-04 13:30:00+00:00,NFP,Surprise + State filter,0.3137581071235987,-0.28735219322229,0.8321138561303837,0.3086051784223595,0.0,True,0.9835767472321941,,,rv_20d,0.693089430894309,71,-0.0,0.0,-0.0
2022-02-10 13:30:00+00:00,CPI,Surprise + State filter,-1.6544445730650783,-43.566929988969605,0.8120519713261648,-1.18752189537508,-1.0,True,0.7177767782060162,,,rv_20d,0.806910569105691,63,43.566929988969605,0.8120519713261648,42.75487801764344
2022-02-25 13:30:00+00:00,PCE,Surprise + State filter,-0.3177592719112605,15.02088184610173,0.8712371567626029,-0.7215694791485378,0.0,True,2.27080542704053,,,rv_20d,0.9776422764227642,67,0.0,0.0,0.0
2022-03-04 13:30:00+00:00,NFP,Surprise + State filter,0.21157723178032842,-26.8945894838879,0.8668101386896222,0.2082839331006189,0.0,True,0.9844345317688588,,,rv_20d,0.9939024390243902,72,-0.0,0.0,-0.0
2022-03-10 13:30:00+00:00,CPI,Surprise + State filter,0.01752763028449497,-25.22452673924036,0.8813518113299295,0.022091197108784075,0.0,True,1.2603641650478021,,,rv_20d,0.9979674796747967,64,-0.0,0.0,-0.0
2022-03-31 12:30:00+00:00,PCE,Surprise + State filter,-0.3163095037297847,-2.564212159867907,0.8261166818596171,-0.7027746539220827,0.0,True,2.2217943047403517,,,rv_20d,0.9126016260162602,68,-0.0,0.0,-0.0
2022-04-01 12:30:00+00:00,NFP,Surprise + State filter,-0.1576196468748535,-15.535547875629163,0.8335489063263488,-0.15611884890343997,0.0,True,0.9904783572278579,,,rv_20d,0.9126016260162602,73,-0.0,0.0,-0.0
2022-04-12 12:30:00+00:00,CPI,Surprise + State filter,0.01746830212922925,22.97347429895069,0.8467647745853772,0.020094058014137394,0.0,True,1.150315460854924,,,rv_20d,0.7510121457489879,65,0.0,0.0,0.0
2022-04-29 12:30:00+00:00,PCE,Surprise + State filter,-0.314879416609685,-13.943072997726347,0.8591065292096219,-0.7002812592746869,0.0,True,2.2239664529826486,,,rv_20d,0.9166666666666666,69,-0.0,0.0,-0.0
2022-05-06 12:30:00+00:00,NFP,Surprise + State filter,-0.03130413075081324,-67.00600710574989,0.8836883322668129,-0.031168508789608057,0.0,True,0.9956676017524729,,,rv_20d,0.9979674796747967,74,-0.0,0.0,-0.0
2022-05-11 12:30:00+00:00,CPI,Surprise + State filter,-0.8137570479692707,-71.58405710509186,0.8973327557398353,-1.007130704836708,-1.0,True,1.2376306999122169,,,rv_20d,0.9939024390243902,66,71.58405710509186,0.8973327557398353,70.68672434935202
2022-05-27 12:30:00+00:00,PCE,Surprise + State filter,-0.3134685689124132,30.30537254741006,0.8895978404245528,-0.7075921577557152,0.0,True,2.2572985872578015,,,rv_20d,0.9735772357723578,70,0.0,0.0,0.0
2022-06-03 12:30:00+00:00,NFP,Surprise + State filter,-0.00230345274077212,-48.05158915560881,0.8766891381238853,-0.002332273787422992,0.0,True,1.0125121067781104,,,rv_20d,0.9207317073170732,75,-0.0,0.0,-0.0
2022-06-10 12:30:00+00:00,CPI,Surprise + State filter,-2.473490408348257,-64.60132853154832,0.8998665715083626,-3.7772432085992325,-1.0,True,1.5270902995421733,,,rv_20d,0.8800813008130082,67,64.60132853154832,0.8998665715083626,63.70146196003996
2022-06-30 12:30:00+00:00,PCE,Surprise + State filter,1.3674428037700574,-24.145143549638703,0.9464443066479553,2.9682233683218837,1.0,True,2.1706380406832766,,,rv_20d,0.8760162601626016,71,-24.145143549638703,0.9464443066479553,-25.091587856286658
2022-07-08 12:30:00+00:00,NFP,Surprise + State filter,0.038531795866142235,-17.878811990641452,0.9235668789808916,0.039461584623965366,0.0,True,1.0241304288295614,,,rv_20d,0.8760162601626016,76,-0.0,0.0,-0.0
2022-07-13 12:30:00+00:00,CPI,Surprise + State filter,-1.6387895948837974,-60.204877815834834,0.9297851875601154,-4.422940631413387,-1.0,True,2.6989069525590974,,,rv_20d,0.8313008130081301,68,60.204877815834834,0.9297851875601154,59.27509262827472
2022-07-29 12:30:00+00:00,PCE,Surprise + State filter,-1.9957008241117162,-4.305572707679062,0.8913751767381816,-3.2522537786053642,-1.0,True,1.62962992213672,,,rv_20d,0.4735772357723577,72,4.305572707679062,0.8913751767381816,3.4141975309408803
2022-08-05 12:30:00+00:00,NFP,Surprise + State filter,0.24144452119551107,-33.21036262716959,0.885009765625,0.24831384330060333,0.0,True,1.0284509338670385,,,rv_20d,0.5223577235772358,77,-0.0,0.0,-0.0
2022-08-10 12:30:00+00:00,CPI,Surprise + State filter,1.6768964978331644,33.5514997287234,0.8836344800268138,5.555478923770885,1.0,True,3.3129527856665626,,,rv_20d,0.4613821138211382,69,33.5514997287234,0.8836344800268138,32.667865248696586
2022-08-26 12:30:00+00:00,PCE,Surprise + State filter,1.3517023197616702,9.306934337374173,0.8726266060843137,2.196288405382819,1.0,True,1.6248314242518016,,,rv_20d,0.3516260162601626,73,9.306934337374173,0.8726266060843137,8.43430773128986
2022-09-02 12:30:00+00:00,NFP,Surprise + State filter,-0.06967087212902896,8.794522835824381,0.9149130832570905,-0.07207103148918063,0.0,True,1.0344499686426578,,,rv_20d,0.6036585365853658,78,0.0,0.0,0.0
2022-09-13 12:30:00+00:00,CPI,Surprise + State filter,-1.579948474762284,-36.68118169301238,0.8891886919727724,-6.0640246519039085,-1.0,True,3.838115450452452,,,rv_20d,0.6077235772357723,70,36.68118169301238,0.8891886919727724,35.79199300103961
2022-09-30 12:30:00+00:00,PCE,Surprise + State filter,-3.6097507213276065,20.150624144541496,0.9868309116275904,-6.4363482733974005,-1.0,True,1.783045082689316,,,rv_20d,0.742914979757085,74,-20.150624144541496,0.9868309116275904,-21.137455056169085
2022-10-07 12:30:00+00:00,NFP,Surprise + State filter,-0.08079578102720068,-48.97695130720692,0.9631671593211332,-0.08343393472002043,0.0,True,1.0326521219212126,,,rv_20d,0.9412955465587044,79,-0.0,0.0,-0.0
2022-10-13 12:30:00+00:00,CPI,Surprise + State filter,-1.5620361853588192,-70.90633792765644,0.9824181035942952,-6.479233564947803,-1.0,True,4.147940761986536,,,rv_20d,0.7834008097165992,71,70.90633792765644,0.9824181035942952,69.92391982406214
2022-10-28 12:30:00+00:00,PCE,Surprise + State filter,-0.27118989507824,-27.364052026292995,0.9050338607496177,-0.19349714169142448,0.0,True,0.7135116212040251,,,rv_20d,0.8238866396761133,75,-0.0,0.0,-0.0
2022-11-04 12:30:00+00:00,NFP,Surprise + State filter,-0.00859864988766689,78.91425673230756,0.9028923690027709,-0.008980975479460584,0.0,True,1.0444634444695868,,,rv_20d,0.6821862348178138,80,0.0,0.0,0.0
2022-11-10 13:30:00+00:00,CPI,Surprise + State filter,1.6607633563681254,59.90836010457912,0.8899800521712444,7.918006965088894,1.0,True,4.767691275658051,,,rv_20d,0.6821862348178138,72,59.90836010457912,0.8899800521712444,59.01838005240787
2022-12-01 13:30:00+00:00,PCE,Surprise + State filter,1.3116164878816416,-0.288737782803139,0.837956541840037,0.978571960132653,1.0,True,0.7460808621833656,,,rv_20d,0.5566801619433198,76,-0.288737782803139,0.837956541840037,-1.126694324643176
2022-12-02 13:30:00+00:00,NFP,Surprise + State filter,-0.014585134531113096,16.167201746011273,0.8441766366838412,-0.014986554181616084,0.0,True,1.0275225195658413,,,rv_20d,0.5566801619433198,81,0.0,0.0,0.0
2022-12-13 13:30:00+00:00,CPI,Surprise + State filter,1.640803512240514,-4.884847014654525,0.8411160740182145,0.0,0.0,True,5.680943904891044,,,rv_20d,0.15587044534412955,73,-0.0,0.0,-0.0
2022-12-23 13:30:00+00:00,PCE,Surprise + State filter,-0.2794555225126812,-15.03262361799429,0.8726266060843137,-0.20844135629488955,0.0,True,0.7458838330361887,,,rv_20d,0.3866396761133603,77,-0.0,0.0,-0.0
2023-01-06 13:30:00+00:00,NFP,Surprise + State filter,-0.06884081561522244,66.61690052347069,0.8770072882329815,0.0,0.0,True,1.0244022405112996,,,rv_20d,0.21341463414634146,82,0.0,0.0,0.0
2023-01-12 13:30:00+00:00,CPI,Surprise + State filter,0.03632795161555792,83.47905129587829,0.8516886930983847,0.0,0.0,True,5.439807862443269,,,rv_20d,0.31097560975609756,74,0.0,0.0,0.0
2023-01-27 13:30:00+00:00,PCE,Surprise + State filter,-1.8612980836883501,-1.7645501913143846,0.8522894257332628,0.0,0.0,True,0.7661146819552671,,,rv_20d,0.12804878048780488,78,-0.0,0.0,-0.0
2023-02-03 13:30:00+00:00,NFP,Surprise + State filter,0.30665937768946433,3.245172833938881,0.8524146850474706,0.0,0.0,True,1.0098638529594863,,,rv_20d,0.09552845528455285,83,0.0,0.0,0.0
2023-02-14 13:30:00+00:00,CPI,Surprise + State filter,0.036212663530961496,7.296820369582235,0.8443486868922145,0.0,0.0,True,5.723563114800701,,,rv_20d,0.03861788617886179,75,0.0,0.0,0.0
2023-02-24 13:30:00+00:00,PCE,Surprise + State filter,-1.830009657188023,-12.184350710846559,0.8804153131546192,0.0,0.0,True,0.7465818327205466,,,rv_20d,0.05894308943089431,79,-0.0,0.0,-0.0
2023-03-10 13:30:00+00:00,NFP,Surprise + State filter,0.011791312539496484,-2.7895299822944253,0.9005092535088809,0.0,0.0,True,1.009824610110989,,,rv_20d,0.23373983739837398,84,-0.0,0.0,-0.0
2023-03-14 12:30:00+00:00,CPI,Surprise + State filter,0.03609846609086587,14.948151392957243,0.9054011863877615,0.0,0.0,True,5.742614650399683,,,rv_20d,0.22560975609756098,76,0.0,0.0,0.0
2023-03-31 12:30:00+00:00,PCE,Surprise + State filter,-0.24561985495403924,-1.808536296223906,0.8748642452033305,-0.2224463829700981,0.0,True,0.9056530996312274,,,rv_20d,0.3516260162601626,80,-0.0,0.0,-0.0
2023-04-12 12:30:00+00:00,CPI,Surprise + State filter,0.8362188016428281,-7.64188968206625,0.8553058455730549,0.0,0.0,True,5.786487401106378,,,rv_20d,0.026530612244897958,77,-0.0,0.0,-0.0
2023-04-28 12:30:00+00:00,PCE,Surprise + State filter,-0.2446458487409858,6.213109861263888,0.8576836626049923,0.0,0.0,True,0.9057034490660201,,,rv_20d,0.03048780487804878,81,0.0,0.0,0.0
2023-05-05 12:30:00+00:00,NFP,Surprise + State filter,-0.009663468391275397,17.384532148589926,0.8689398933301371,0.0,0.0,True,1.0109301813489429,,,rv_20d,0.06300813008130081,85,0.0,0.0,0.0
2023-05-10 12:30:00+00:00,CPI,Surprise + State filter,0.030788529266230838,26.37233916081172,0.863532144239645,0.0,0.0,True,5.651810838810076,,,rv_20d,0.13211382113821138,78,0.0,0.0,0.0
2023-05-26 12:30:00+00:00,PCE,Surprise + State filter,-1.809426281392467,2.1309304636396575,0.8825588118932408,0.0,0.0,True,0.9009938747959819,,,rv_20d,0.07520325203252033,82,0.0,0.0,0.0
2023-06-02 12:30:00+00:00,NFP,Surprise + State filter,0.0835127359455142,6.008171293441222,0.8723903495577883,0.0,0.0,True,1.007900491625162,,,rv_20d,0.06707317073170732,86,0.0,0.0,0.0
2023-06-13 12:30:00+00:00,CPI,Surprise + State filter,0.111044762907337,19.613302345717898,0.8508141411177936,0.0,0.0,True,5.727712403962652,,,rv_20d,0.12804878048780488,79,0.0,0.0,0.0
2023-06-30 12:30:00+00:00,PCE,Surprise + State filter,-0.22837106669327886,9.563693473584323,0.8418241458387762,0.0,0.0,True,0.8179684191070296,,,rv_20d,0.03483606557377049,83,0.0,0.0,0.0
2023-07-07 12:30:00+00:00,NFP,Surprise + State filter,-0.1195977821158257,-16.71383091743195,0.8501407129455909,0.0,0.0,True,1.0073257188735611,,,rv_20d,0.10493827160493827,87,-0.0,0.0,-0.0
2023-07-12 12:30:00+00:00,CPI,Surprise + State filter,0.7957918434964811,4.618537737606232,0.8402143995364334,0.0,0.0,True,5.790417567649152,,,rv_20d,0.018518518518518517,80,0.0,0.0,0.0
2023-07-28 12:30:00+00:00,PCE,Surprise + State filter,-0.22749221991958832,5.337753494440989,0.8151562851360468,0.0,0.0,True,0.8155652129264457,,,rv_20d,0.051440329218107,84,0.0,0.0,0.0
2023-08-04 12:30:00+00:00,NFP,Surprise + State filter,-0.1093620433557646,1.4140071572299462,0.8211110481907242,0.0,0.0,True,1.011670630054859,,,rv_20d,0.00205761316872428,88,0.0,0.0,0.0
2023-08-10 12:30:00+00:00,CPI,Surprise + State filter,0.025247022731454967,-7.620983475682408,0.819672131147541,0.0,0.0,True,5.7723913032110294,,,rv_20d,0.05555555555555555,81,-0.0,0.0,-0.0
2023-08-31 12:30:00+00:00,PCE,Surprise + State filter,-0.22662344597528022,-3.1316280451321177,0.8252703471826978,0.0,0.0,True,0.8141805324539828,,,rv_20d,0.18724279835390947,85,-0.0,0.0,-0.0
2023-09-01 12:30:00+00:00,NFP,Surprise + State filter,-0.07191857716894035,0.8584059406935296,0.830612361803288,0.0,0.0,True,1.0119022523356,,,rv_20d,0.19958847736625515,89,0.0,0.0,0.0
2023-09-29 12:30:00+00:00,PCE,Surprise + State filter,1.3433872606317534,6.746747883550341,0.851513638899492,0.0,0.0,True,0.8145286733968584,,,rv_20d,0.022821576763485476,86,0.0,0.0,0.0
2023-10-06 12:30:00+00:00,NFP,Surprise + State filter,0.1131620651823218,-18.719247034972852,0.8700087000870008,0.0,0.0,True,1.0122439924968853,,,rv_20d,0.006224066390041493,90,-0.0,0.0,-0.0
2023-10-12 12:30:00+00:00,CPI,Surprise + State filter,-0.7867827476260195,-19.95305826303806,0.8494932333470032,0.0,0.0,True,5.745051397239669,,,rv_20d,0.2012448132780083,82,-0.0,0.0,-0.0
2023-10-27 12:30:00+00:00,PCE,Surprise + State filter,-1.799426751444557,6.388707416764561,0.8824782423467835,-1.6499234161437957,-1.0,True,0.9169161316620741,,,rv_20d,0.34232365145228216,87,-6.388707416764561,0.8824782423467835,-7.271185659111344
2023-11-03 12:30:00+00:00,NFP,Surprise + State filter,-0.13108733580921772,17.039783193428804,0.8549276259544235,-0.13315853560470906,0.0,True,1.0158001517286592,,,rv_20d,0.6286307053941909,91,0.0,0.0,0.0
2023-11-14 13:30:00+00:00,CPI,Surprise + State filter,0.8426941285268533,38.339073496249654,0.8429742456833904,4.892459831592913,1.0,True,5.805736228571586,,,rv_20d,0.6410788381742739,83,38.339073496249654,0.8429742456833904,37.49609925056626
2023-11-30 13:30:00+00:00,PCE,Surprise + State filter,1.3321946861111806,-0.8403949861346405,0.8120292330523898,0.0,0.0,True,0.7784273039779575,,,rv_20d,0.15975103734439833,88,-0.0,0.0,-0.0
2023-12-08 13:30:00+00:00,NFP,Surprise + State filter,-0.07577269969724261,11.914494142981624,0.8031683607056804,0.0,0.0,True,1.0125718088554614,,,rv_20d,0.1887966804979253,92,0.0,0.0,0.0
2023-12-12 13:30:00+00:00,CPI,Surprise + State filter,-0.7887014604517996,-30.129579888313884,0.793194934493039,0.0,0.0,True,6.091720872203411,,,rv_20d,0.03112033195020747,84,-0.0,0.0,-0.0
2023-12-22 13:30:00+00:00,PCE,Surprise + State filter,1.319160634839701,13.006146573246724,0.7701704998140968,0.0,0.0,True,0.7659627194844486,,,rv_20d,0.1401673640167364,89,0.0,0.0,0.0
2024-01-05 13:30:00+00:00,NFP,Surprise + State filter,-0.041746958090400695,19.146905115459134,0.7704979010574419,0.0,0.0,True,1.0106412317516338,,,rv_20d,0.03138075313807531,93,0.0,0.0,0.0
2024-01-11 13:30:00+00:00,CPI,Surprise + State filter,-0.7849042105335153,-11.35358618006066,0.7639821913116783,0.0,0.0,True,6.189103410778131,,,rv_20d,0.03138075313807531,85,-0.0,0.0,-0.0
2024-01-26 13:30:00+00:00,PCE,Surprise + State filter,-0.23765961104637265,18.86101046373767,0.7601373489554665,0.0,0.0,True,0.9435535659943616,,,rv_20d,0.01882845188284519,90,0.0,0.0,0.0
2024-02-02 13:30:00+00:00,NFP,Surprise + State filter,0.1178356155064509,-16.09762777841084,0.7503040024837649,0.0,0.0,True,1.0074297561763867,,,rv_20d,0.1192468619246862,94,-0.0,0.0,-0.0
2024-02-13 13:30:00+00:00,CPI,Surprise + State filter,-0.7811613847490155,-42.99299569940018,0.7468644569780319,0.0,0.0,True,6.218124544857058,,,rv_20d,0.18200836820083682,86,-0.0,0.0,-0.0
2024-02-29 13:30:00+00:00,PCE,Surprise + State filter,-0.23678595848151593,27.950527844584627,0.7461726489129036,-0.22068951781615884,0.0,True,0.9320211351695772,,,rv_20d,0.5167364016736402,91,0.0,0.0,0.0
2024-03-08 13:30:00+00:00,NFP,Surprise + State filter,0.0003740759023637736,13.66032404387596,0.7492959202129034,0.0003779684201572559,0.0,True,1.0104056897781588,,,rv_20d,0.42887029288702927,95,0.0,0.0,0.0
2024-03-12 12:30:00+00:00,CPI,Surprise + State filter,0.038897596673548446,38.67579078409733,0.747576819962879,0.24713937704991745,0.0,True,6.353589892045433,,,rv_20d,0.42887029288702927,87,0.0,0.0,0.0
2024-04-05 12:30:00+00:00,NFP,Surprise + State filter,0.01805478474136971,-1.0261672661648902,0.7431133888532991,0.01820646766643221,0.0,True,1.0084012591252303,,,rv_20d,0.7690677966101694,96,-0.0,0.0,-0.0
2024-04-10 12:30:00+00:00,CPI,Surprise + State filter,-0.7799931857072275,-44.016081566446985,0.7383267987168389,-5.038797884472171,-1.0,True,6.46005372457638,,,rv_20d,0.7278481012658228,88,44.016081566446985,0.7383267987168389,43.277754767730144
2024-04-26 12:30:00+00:00,PCE,Surprise + State filter,-0.24439946298316922,-22.14955759560766,0.7565480538453511,-0.22381224422024043,0.0,True,0.9157640589237033,,,rv_20d,0.6856540084388185,92,-0.0,0.0,-0.0
2024-05-03 12:30:00+00:00,NFP,Surprise + State filter,-0.17706829493247359,-8.230241456317344,0.750168141135082,-0.17867105021921972,0.0,True,1.0090516220724741,,,rv_20d,0.7489451476793249,97,-0.0,0.0,-0.0
2024-05-15 12:30:00+00:00,CPI,Surprise + State filter,0.8630942134153134,-4.769136249223038,0.7306074118862268,5.694335997849459,1.0,True,6.597583333708894,,,rv_20d,0.5759493670886076,89,-4.769136249223038,0.7306074118862268,-5.499743661109265
2024-05-31 12:30:00+00:00,PCE,Surprise + State filter,-0.24351667860145637,7.31185074620555,0.7587253414264037,-0.226306326678134,0.0,True,0.9293257775107505,,,rv_20d,0.8037974683544303,93,0.0,0.0,0.0
2024-06-07 12:30:00+00:00,NFP,Surprise + State filter,0.022890670339214506,4.896844210673379,0.7441621760328458,0.023150513814358103,0.0,True,1.0113515013450023,,,rv_20d,0.8164556962025317,98,0.0,0.0,0.0
2024-06-12 12:30:00+00:00,CPI,Surprise + State filter,0.8587529694109373,26.60596621796074,0.746941403734707,5.5736038685157245,1.0,True,6.490345963332093,,,rv_20d,0.7742616033755274,90,26.60596621796074,0.746941403734707,25.859024814226036
2024-06-28 12:30:00+00:00,PCE,Surprise + State filter,-0.2426433957445556,-7.834119251839411,0.7330081136415337,-0.22429366490437846,0.0,True,0.9243757251918163,,,rv_20d,0.43248945147679324,94,-0.0,0.0,-0.0
2024-07-05 12:30:00+00:00,NFP,Surprise + State filter,-0.07399593365510283,-2.269145928419647,0.7316950093354191,0.0,0.0,True,1.0109528484776107,,,rv_20d,0.14978902953586498,99,-0.0,0.0,-0.0
2024-07-11 12:30:00+00:00,CPI,Surprise + State filter,1.6754537637453566,-24.468814485469892,0.725,0.0,0.0,True,6.664384177073688,,,rv_20d,0.010548523206751054,91,-0.0,0.0,-0.0
2024-07-26 12:30:00+00:00,PCE,Surprise + State filter,-0.5783982211069412,-10.630277511847197,0.7168458781362007,-0.5371333020962328,0.0,True,0.9286565596074355,,,rv_20d,0.8544303797468354,95,-0.0,0.0,-0.0
2024-08-02 12:30:00+00:00,NFP,Surprise + State filter,-0.1721608664320203,5.996701993709053,0.7208550832711905,-0.17420086391187903,0.0,True,1.0118493681063359,,,rv_20d,0.9936708860759493,100,0.0,0.0,0.0
2024-08-14 12:30:00+00:00,CPI,Surprise + State filter,0.023803419256880783,4.25985096963899,0.727145077980041,0.1459477483718456,0.0,True,6.131377462910372,,,rv_20d,0.9767932489451476,92,0.0,0.0,0.0
2024-08-30 12:30:00+00:00,PCE,Surprise + State filter,-0.238436036952374,-14.695787845440123,0.6981054861462169,-0.22969026332633666,0.0,True,0.9633202525179352,,,rv_20d,0.9219409282700421,96,-0.0,0.0,-0.0
2024-09-06 12:30:00+00:00,NFP,Surprise + State filter,-0.12297466673639144,23.542694249361062,0.7130387745568095,-0.12433785208083419,0.0,True,1.0110850907802407,,,rv_20d,0.770042194092827,101,0.0,0.0,0.0
2024-09-11 12:30:00+00:00,CPI,Surprise + State filter,-0.09913290389855092,27.604582141123046,0.7128109330449317,-0.6085321883190034,0.0,True,6.138549002274295,,,rv_20d,0.7573839662447257,93,0.0,0.0,0.0
2024-09-27 12:30:00+00:00,PCE,Surprise + State filter,-0.2375999467930136,8.44673912258287,0.6809269999295593,-0.23058043988666957,0.0,True,0.9704566141487434,,,rv_20d,0.5911016949152542,97,0.0,0.0,0.0
2024-10-04 12:30:00+00:00,NFP,Surprise + State filter,0.040543022944561934,28.93336763154508,0.6837848671335266,0.040824910830194856,0.0,True,1.006952808773494,,,rv_20d,0.4766949152542373,102,0.0,0.0,0.0
2024-10-10 12:30:00+00:00,CPI,Surprise + State filter,-0.7970756838786801,-5.851032874186757,0.6778234854151085,-4.922547743291427,-1.0,True,6.175759520523361,,,rv_20d,0.4004237288135593,94,5.851032874186757,0.6778234854151085,5.173209388771649
2024-10-31 12:30:00+00:00,PCE,Surprise + State filter,-0.2367725943128565,-9.963940850923336,0.6875133353879709,-0.22865367800641126,0.0,True,0.9657100673749539,,,rv_20d,0.5402542372881356,98,-0.0,0.0,-0.0
2024-11-01 12:30:00+00:00,NFP,Surprise + State filter,-0.20694615809024963,24.45772765117482,0.6892945426887241,-0.20752837472823152,0.0,True,1.0028133725378365,,,rv_20d,0.6292372881355932,103,0.0,0.0,0.0
2024-11-13 13:30:00+00:00,CPI,Surprise + State filter,0.028872763033326438,-7.710450309428296,0.6592557230216645,0.17854750127256197,0.0,True,6.183942321920254,,,rv_20d,0.913135593220339,95,-0.0,0.0,-0.0
2024-11-27 15:00:00+00:00,PCE,Surprise + State filter,-0.23595382831701026,5.772903042338129,0.6439435994226712,-0.22891146015432912,0.0,True,0.9701536177102431,,,rv_20d,0.8676470588235294,99,0.0,0.0,0.0
2024-12-06 13:30:00+00:00,NFP,Surprise + State filter,-0.08361582857707964,4.899886509743823,0.64709032488397,-0.08347031901803287,0.0,True,0.9982597845225843,,,rv_20d,0.8411016949152542,104,0.0,0.0,0.0
2024-12-11 13:30:00+00:00,CPI,Surprise + State filter,-0.13613039922014264,10.808134172304307,0.6541107477162513,0.0,0.0,True,6.162775984933894,,,rv_20d,0.2902542372881356,96,0.0,0.0,0.0
2025-01-10 13:30:00+00:00,NFP,Surprise + State filter,0.02543842745033338,-3.289473713881108,0.676779463243874,0.0,0.0,True,0.9979391553872832,,,rv_20d,0.0876068376068376,105,-0.0,0.0,-0.0
2025-01-15 13:30:00+00:00,CPI,Surprise + State filter,0.029630018694912632,55.180515195409896,0.6750151296494576,0.18294380926321271,0.0,True,6.174272488549712,,,rv_20d,0.40638297872340423,97,0.0,0.0,0.0
2025-01-31 13:30:00+00:00,PCE,Surprise + State filter,-0.24328328434500773,-1.3282270402292795,0.641763299991148,-0.2352361214678306,0.0,True,0.9669226642560235,,,rv_20d,0.7029914529914529,100,-0.0,0.0,-0.0
2025-02-07 13:30:00+00:00,NFP,Surprise + State filter,-0.13442132024142522,25.63732413108255,0.6467007113707824,-0.1342818810597744,0.0,True,0.9989626706433147,,,rv_20d,0.7329059829059829,106,0.0,0.0,0.0
2025-02-12 13:30:00+00:00,CPI,Surprise + State filter,-1.6288289771507536,-0.9028530161536708,0.6487986039643832,-10.256011084220816,-1.0,True,6.296554904224047,,,rv_20d,0.4594017094017094,98,0.9028530161536708,0.6487986039643832,0.2540544121892876
2025-02-28 13:30:00+00:00,PCE,Surprise + State filter,-0.24245575341235073,-10.804474562871036,0.6668046262445103,-0.23448826343860607,0.0,True,0.9671383753051463,,,rv_20d,0.35683760683760685,101,-0.0,0.0,-0.0
2025-03-07 13:30:00+00:00,NFP,Surprise + State filter,-0.10408611006653506,-68.47896181579216,0.6807192150603258,-0.1035328119743425,0.0,True,0.9946842273974992,,,rv_20d,0.8141025641025641,107,-0.0,0.0,-0.0
2025-03-12 12:30:00+00:00,CPI,Surprise + State filter,0.863785844188717,-42.74276120659337,0.6953769422597352,5.377264774389121,1.0,True,6.2252291011315934,,,rv_20d,0.8482905982905983,99,-42.74276120659337,0.6953769422597352,-43.438138148853106
2025-03-28 12:30:00+00:00,PCE,Surprise + State filter,-0.2416366134206346,-15.53562913979789,0.6816792816510742,-0.23495219133703174,0.0,True,0.9723368822755067,,,rv_20d,0.9034334763948498,102,-0.0,0.0,-0.0
2025-04-04 12:30:00+00:00,NFP,Surprise + State filter,0.022901267949125444,19.882973894436162,0.7307362797964017,0.023076962602790917,0.0,True,1.0076718308373045,,,rv_20d,0.9978632478632479,108,0.0,0.0,0.0
2025-04-10 12:30:00+00:00,CPI,Surprise + State filter,1.6857215992659478,-47.609691199443915,0.7206401272302569,9.805649762885821,1.0,True,5.816885639452991,,,rv_20d,0.9978632478632479,100,-47.609691199443915,0.7206401272302569,-48.33033132667417
2025-04-30 14:00:00+00:00,PCE,Surprise + State filter,-0.24082572346498407,54.64562648212379,0.7269263548403267,-0.2359595977855939,0.0,True,0.9797939953864699,,,rv_20d,0.9849785407725322,103,0.0,0.0,0.0
2025-05-02 12:30:00+00:00,NFP,Surprise + State filter,-0.04068498955260628,30.78752992482947,0.7064211244275552,-0.040891158713584,0.0,True,1.0050674502622434,,,rv_20d,0.9721030042918455,109,0.0,0.0,0.0
2025-05-13 12:30:00+00:00,CPI,Surprise + State filter,0.8463013350782487,-21.247470102245813,0.6849153302945136,4.252671299592892,1.0,True,5.025008378605112,,,rv_20d,0.8905579399141631,101,-21.247470102245813,0.6849153302945136,-21.932385432540325
2025-05-30 12:30:00+00:00,PCE,Surprise + State filter,-0.2400229459321998,4.748112714434427,0.6887706631198935,-0.2284517440146042,0.0,True,0.9517912678196018,,,rv_20d,0.7703862660944206,104,0.0,0.0,0.0
2025-06-06 12:30:00+00:00,NFP,Surprise + State filter,-0.07537897167229662,16.180664123321975,0.6817273560732504,-0.07541489787103081,0.0,True,1.0004766077055331,,,rv_20d,0.6373390557939914,110,0.0,0.0,0.0
2025-06-11 12:30:00+00:00,CPI,Surprise + State filter,0.842385437586005,-9.770396478270271,0.676890040379992,4.067580414851346,1.0,True,4.828645217927403,,,rv_20d,0.4742489270386266,102,-9.770396478270271,0.676890040379992,-10.447286518650262
2025-06-27 12:30:00+00:00,PCE,Surprise + State filter,-0.23922814640251422,2.9649565166778302,0.6610289257140252,-0.2270653463724099,0.0,True,0.9491581562913599,,,rv_20d,0.5300429184549357,105,0.0,0.0,0.0
2025-07-15 12:30:00+00:00,CPI,Surprise + State filter,0.015270024971998773,-13.431234110825585,0.649859943977591,0.07214865914921921,0.0,True,4.724855347749657,,,rv_20d,0.4356223175965665,103,-0.0,0.0,-0.0
2025-07-31 12:30:00+00:00,PCE,Surprise + State filter,-0.23844119355490775,-7.822890174438157,0.6482040278057176,0.0,0.0,True,0.9474655736069135,,,rv_20d,0.10515021459227468,106,-0.0,0.0,-0.0
2025-08-01 12:30:00+00:00,NFP,Surprise + State filter,-0.13459299863347782,6.835893261687431,0.6598407281001138,0.0,0.0,True,0.9982423583368736,,,rv_20d,0.07510729613733906,111,0.0,0.0,0.0
2025-08-12 12:30:00+00:00,CPI,Surprise + State filter,0.015229351855953272,11.289996005832137,0.6573727756998753,0.07159518384973801,0.0,True,4.701131376234564,,,rv_20d,0.34549356223175964,104,0.0,0.0,0.0
2025-08-29 12:30:00+00:00,PCE,Surprise + State filter,-0.23766195907583582,-1.7540397773530003,0.6365372374283895,-0.22598323456865582,0.0,True,0.950859933358315,,,rv_20d,0.48283261802575106,107,-0.0,0.0,-0.0
2025-09-05 12:30:00+00:00,NFP,Surprise + State filter,-0.16203229557152443,32.003534549343016,0.636467386533228,0.0,0.0,True,0.99756714454096,,,rv_20d,0.28969957081545067,112,0.0,0.0,0.0
2025-09-11 12:30:00+00:00,CPI,Surprise + State filter,-0.8125014898375039,1.9705512133505465,0.6354771556919031,0.0,0.0,True,4.72071719977418,,,rv_20d,0.1781115879828326,105,0.0,0.0,0.0
2025-09-26 12:30:00+00:00,PCE,Surprise + State filter,-0.23689031757122087,7.100973992510973,0.6247980178821502,-0.22537275333611914,0.0,True,0.9513801815406028,,,rv_20d,0.3728448275862069,108,0.0,0.0,0.0
2025-10-24 12:30:00+00:00,CPI,Surprise + State filter,0.847953082809842,-18.236184786228904,0.6171394522355345,3.9841268017786295,1.0,True,4.698522692525066,,,rv_20d,0.39439655172413796,106,-18.236184786228904,0.6171394522355345,-18.853324238464438
2025-11-20 13:30:00+00:00,NFP,Surprise + State filter,-0.0023105936820798033,25.748324492571584,0.624246598932323,-0.0022925774378503333,0.0,True,0.9922027640042479,,,rv_20d,0.5883620689655172,113,0.0,0.0,0.0
2025-12-05 15:00:00+00:00,PCE,Surprise + State filter,-0.2361261464815725,4.365405272466205,0.6031739428856674,-0.22383675180966683,0.0,True,0.947954113277901,,,rv_20d,0.7262931034482759,109,0.0,0.0,0.0
2026-01-09 13:30:00+00:00,NFP,Surprise + State filter,-0.11728348610816007,9.875349714754122,0.5850430712743852,0.0,0.0,True,0.9888803112062917,,,rv_20d,0.27056277056277056,114,0.0,0.0,0.0
2026-01-13 13:30:00+00:00,CPI,Surprise + State filter,0.01505420514787327,-18.268511981620605,0.5836419256158428,0.0,0.0,True,4.536267373043151,,,rv_20d,0.22198275862068967,107,-0.0,0.0,-0.0
2026-02-11 13:30:00+00:00,NFP,Surprise + State filter,-0.002974276950318473,27.542495243455534,0.5758995948844229,-0.0029379849178687253,0.0,True,0.9877980319062548,,,rv_20d,0.7306034482758621,115,0.0,0.0,0.0
2026-02-13 13:30:00+00:00,CPI,Surprise + State filter,0.8462769813651695,-4.843103716893893,0.5863916691942169,3.8133377784486022,1.0,True,4.506016189046199,,,rv_20d,0.7564655172413793,108,-4.843103716893893,0.5863916691942169,-5.42949538608811
2026-02-20 13:30:00+00:00,PCE,Surprise + State filter,-1.874584816789142,-5.872288032353623,0.5864984022974558,-1.7730339282293486,-1.0,True,0.945827530634899,,,rv_20d,0.6142241379310345,110,5.872288032353623,0.5864984022974558,5.2857896300561675
2026-03-06 13:30:00+00:00,NFP,Surprise + State filter,-0.288041446580229,-46.16122440461723,0.6074061662198391,-0.2835216788554532,0.0,True,0.9843086202404664,,,rv_20d,0.7650862068965517,116,-0.0,0.0,-0.0
2026-03-11 12:30:00+00:00,CPI,Surprise + State filter,-0.07257360225559249,-31.074183062749228,0.6080429404117919,-0.3227201691320997,0.0,True,4.446798272401189,,,rv_20d,0.4245689655172414,109,-0.0,0.0,-0.0
2026-03-13 12:30:00+00:00,PCE,Surprise + State filter,-0.21994435368833912,0.21304926764997845,0.6182577921801048,-0.22051544148613678,0.0,True,1.0025965103819254,,,rv_20d,0.5668103448275862,111,0.0,0.0,0.0
2026-04-09 12:30:00+00:00,PCE,Surprise + State filter,-0.21926095603584936,1.667396156346257,0.6045319046924184,-0.21980740621472403,0.0,True,1.002492236596767,,,rv_20d,0.8939393939393939,112,0.0,0.0,0.0
2026-04-10 12:30:00+00:00,CPI,Surprise + State filter,0.3863432136330373,-8.671594877949218,0.5989879169678819,1.7063568676981593,1.0,True,4.416686530228323,,,rv_20d,0.8852813852813853,110,-8.671594877949218,0.5989879169678819,-9.2705827949171
2026-04-30 12:30:00+00:00,PCE,Surprise + State filter,-0.21858389123884375,-8.715480663177289,0.5875321623209546,-0.21906457065838436,0.0,True,1.0021990614990717,,,rv_20d,0.6142241379310345,113,-0.0,0.0,-0.0
2026-05-08 12:30:00+00:00,NFP,Surprise + State filter,-0.02209025678682834,-5.815411002618731,0.5815119310206537,-0.021971883749460023,0.0,True,0.9946413915188664,,,rv_20d,0.5237068965517241,117,-0.0,0.0,-0.0
2026-05-12 12:30:00+00:00,CPI,Surprise + State filter,0.009048380436151223,15.266258514028408,0.5828559943724249,0.03961380740221861,0.0,True,4.37799976269218,,,rv_20d,0.45905172413793105,111,0.0,0.0,0.0
2026-05-28 12:30:00+00:00,PCE,Surprise + State filter,1.4256193886011588,9.086061422678426,0.5731791679019665,1.4302436287810885,1.0,True,1.003243670938333,,,rv_20d,0.48060344827586204,114,9.086061422678426,0.5731791679019665,8.51288225477646
2026-06-05 12:30:00+00:00,NFP,Surprise + State filter,0.024028750728270636,4.256389485188805,0.5609284332688588,0.0,0.0,True,0.9960266980164748,,,rv_20d,0.3168103448275862,118,0.0,0.0,0.0
2026-06-10 12:30:00+00:00,CPI,Surprise + State filter,0.009025267637695652,12.047361406555268,0.5733718217406777,0.03972731765266104,0.0,True,4.401788317803758,,,rv_20d,0.5754310344827587,112,0.0,0.0,0.0
2026-06-25 12:30:00+00:00,PCE,Surprise + State filter,1.4130475363822363,-5.150558567930119,0.5540801314507346,1.5765280220364426,1.0,True,1.115693549894831,,,rv_20d,0.7995689655172413,115,-5.150558567930119,0.5540801314507346,-5.704638699380854
2016-01-08 13:30:00+00:00,NFP,Surprise + Adaptive state,1.6142593236792937,-18.677517103160568,1.7513134851138354,,0.0,False,,,,,,0,-0.0,0.0,-0.0
2016-01-20 13:30:00+00:00,CPI,Surprise + Adaptive state,0.8034072020471136,10.860192079000797,1.8541014001662297,,0.0,False,,,,,,0,0.0,0.0,0.0
2016-02-01 13:30:00+00:00,PCE,Surprise + Adaptive state,1.3212240511473,6.153089044733662,1.7850547827157452,,0.0,False,,,,,,0,0.0,0.0,0.0
2016-02-05 13:30:00+00:00,NFP,Surprise + Adaptive state,-0.5662977961971637,-14.739301323434262,1.7755464397232597,,0.0,False,,,,,,1,-0.0,0.0,-0.0
2016-02-19 13:30:00+00:00,CPI,Surprise + Adaptive state,-1.1647750851392003,-7.356547658883272,1.7748944243833773,,0.0,False,,,,,,1,-0.0,0.0,-0.0
2016-02-26 15:00:00+00:00,PCE,Surprise + Adaptive state,-2.1146814105422513,-13.177599990168432,1.7353838788821734,,0.0,False,,,,,,1,-0.0,0.0,-0.0
2016-03-04 13:30:00+00:00,NFP,Surprise + Adaptive state,0.8511296176546844,-33.028635156728825,1.7110153991385924,,0.0,False,,,,,,2,-0.0,0.0,-0.0
2016-03-28 12:30:00+00:00,PCE,Surprise + Adaptive state,-0.3589718295271186,-6.871278328066666,1.6602736588996394,,0.0,False,,,,,,2,-0.0,0.0,-0.0
2016-04-01 12:30:00+00:00,NFP,Surprise + Adaptive state,0.23256549524665046,-31.39003233807003,1.6535522864636787,,0.0,False,,,,,,3,-0.0,0.0,-0.0
2016-04-14 12:30:00+00:00,CPI,Surprise + Adaptive state,0.8159070832843519,12.889849628443528,1.626654700471169,,0.0,False,,,,,,2,0.0,0.0,0.0
2016-04-29 12:30:00+00:00,PCE,Surprise + Adaptive state,-0.3548908737688326,-25.95645289842352,1.6339869281045751,,0.0,False,,,,,,3,-0.0,0.0,-0.0
2016-05-06 12:30:00+00:00,NFP,Surprise + Adaptive state,-0.5970295853454834,-14.282860142262876,1.6539295083837116,,0.0,False,,,,,,4,-0.0,0.0,-0.0
2016-05-17 12:30:00+00:00,CPI,Surprise + Adaptive state,-1.165117912908518,-10.776168697308464,1.6434319392496883,,0.0,False,,,,,,3,-0.0,0.0,-0.0
2016-05-31 12:30:00+00:00,PCE,Surprise + Adaptive state,-0.3509464824958188,-1.1183805860781604,1.6211985688729873,,0.0,False,,,,,,4,-0.0,0.0,-0.0
2016-06-03 12:30:00+00:00,NFP,Surprise + Adaptive state,-1.9555484666489378,-16.87954038313677,1.625469424359621,,0.0,False,,,,,,5,-0.0,0.0,-0.0
2016-06-29 12:30:00+00:00,PCE,Surprise + Adaptive state,-0.3471306674377593,13.203595591964046,1.6659007352941178,,0.0,False,,,,,,5,0.0,0.0,0.0
2016-07-08 12:30:00+00:00,NFP,Surprise + Adaptive state,1.8450710388339822,10.597061701691501,1.6242858743138793,,0.0,False,,,,,,6,0.0,0.0,0.0
2016-07-15 12:30:00+00:00,CPI,Surprise + Adaptive state,0.8115726727885837,2.1674343081379277,1.5730093295725753,,0.0,False,,,,,,4,0.0,0.0,0.0
2016-08-02 12:30:00+00:00,PCE,Surprise + Adaptive state,1.357394389268374,-3.8246141703801584,1.5842665938268232,,0.0,False,,,,,,6,-0.0,0.0,-0.0
2016-08-05 12:30:00+00:00,NFP,Surprise + Adaptive state,1.2796377681502662,23.96123784340176,1.5833151343088012,,0.0,False,,,,,,7,0.0,0.0,0.0
2016-08-16 12:30:00+00:00,CPI,Surprise + Adaptive state,-0.18513874292076055,-4.314063915042965,1.563510890662066,,0.0,False,,,,,,5,-0.0,0.0,-0.0
2016-08-29 12:30:00+00:00,PCE,Surprise + Adaptive state,-0.36621496105815404,2.175213451387492,1.5772870662460565,,0.0,False,,,,,,7,0.0,0.0,0.0
2016-09-02 12:30:00+00:00,NFP,Surprise + Adaptive state,-0.40888888651079935,21.153697579823216,1.5766867830152775,,0.0,False,,,,,,8,0.0,0.0,0.0
2016-09-30 12:30:00+00:00,PCE,Surprise + Adaptive state,1.3393576888346368,6.6287358114003325,1.6022984695287033,,0.0,False,,,,,,8,0.0,0.0,0.0
2016-10-07 12:30:00+00:00,NFP,Surprise + Adaptive state,-0.1964152932718881,8.234293551208083,1.5951595159515952,,0.0,False,,,,,,9,0.0,0.0,0.0
2016-10-18 12:30:00+00:00,CPI,Surprise + Adaptive state,-0.16901430640024803,2.761286777168692,1.6023870040888497,,0.0,False,,,,,,6,0.0,0.0,0.0
2016-10-31 12:30:00+00:00,PCE,Surprise + Adaptive state,-0.3840686609153908,4.968944201610981,1.601855943437914,,0.0,False,,,,,,9,0.0,0.0,0.0
2016-11-04 12:30:00+00:00,NFP,Surprise + Adaptive state,-0.1303193272493761,12.887682841693504,1.6250140087414546,,0.0,False,,,,,,10,0.0,0.0,0.0
2016-11-17 13:30:00+00:00,CPI,Surprise + Adaptive state,-0.16796381350875023,3.717176051090121,1.5400955921402018,,0.0,False,,,,,,7,0.0,0.0,0.0
2016-11-30 13:30:00+00:00,PCE,Surprise + Adaptive state,1.3230170925284488,4.697163521552028,1.514044063903101,,0.0,False,,,,,,10,0.0,0.0,0.0
2016-12-02 13:30:00+00:00,NFP,Surprise + Adaptive state,0.033610480884534014,1.0425354471621517,1.5112037519541426,,0.0,False,,,,,,11,0.0,0.0,0.0
2016-12-22 15:00:00+00:00,PCE,Surprise + Adaptive state,2.9838886430672513,0.0,1.4600010068972462,,0.0,False,,,,,,11,0.0,0.0,0.0
2017-01-06 13:30:00+00:00,NFP,Surprise + Adaptive state,-0.24560763540543862,11.097100760490974,1.4645724963385687,,0.0,False,,,,,,12,0.0,0.0,0.0
2017-01-18 13:30:00+00:00,CPI,Surprise + Adaptive state,-0.1659201234598231,-1.5167985467812173,1.4659050700096041,,0.0,False,,,,,,8,-0.0,0.0,-0.0
2017-01-30 13:30:00+00:00,PCE,Surprise + Adaptive state,-0.4243384371886906,6.517434367019348,1.4542172299669038,,0.0,False,,,,,,12,0.0,0.0,0.0
2017-02-03 13:30:00+00:00,NFP,Surprise + Adaptive state,0.8452794369339985,10.553560293029562,1.4592663412670457,,0.0,False,,,,,,13,0.0,0.0,0.0
2017-02-15 13:30:00+00:00,CPI,Surprise + Adaptive state,-3.2124696574381035,-3.4163840347822827,1.4147721728949165,,0.0,False,,,,,,9,-0.0,0.0,-0.0
2017-03-01 13:30:00+00:00,PCE,Surprise + Adaptive state,1.1790960725118012,5.721642267388916,1.3825324180015255,,0.0,False,,,,,,13,0.0,0.0,0.0
2017-03-10 13:30:00+00:00,NFP,Surprise + Adaptive state,0.6384882035084962,5.723279595333253,1.384644766997708,,0.0,False,,,,,,14,0.0,0.0,0.0
2017-03-31 12:30:00+00:00,PCE,Surprise + Adaptive state,-0.4384274479644154,-1.45310116261399,1.4044263644728558,,0.0,False,,,,,,14,-0.0,0.0,-0.0
2017-04-07 12:30:00+00:00,NFP,Surprise + Adaptive state,-1.3078965412877368,6.323111181263386,1.407766990291262,,0.0,False,,,,,,15,0.0,0.0,0.0
2017-05-01 12:30:00+00:00,PCE,Surprise + Adaptive state,-0.4341842117614949,-5.260012075858356,1.386299536306707,,0.0,False,,,,,,15,-0.0,0.0,-0.0
2017-05-05 12:30:00+00:00,NFP,Surprise + Adaptive state,0.4142854976008267,1.9170860351103158,1.3908872901678657,,0.0,False,,,,,,16,0.0,0.0,0.0
2017-05-12 12:30:00+00:00,CPI,Surprise + Adaptive state,-0.13514617301327977,4.795473165319919,1.3908872901678657,,0.0,False,,,,,,10,0.0,0.0,0.0
2017-05-30 12:30:00+00:00,PCE,Surprise + Adaptive state,-0.4300621707383414,1.4258894009167022,1.3785890853774483,,0.0,False,,,,,,16,0.0,0.0,0.0
2017-06-02 12:30:00+00:00,NFP,Surprise + Adaptive state,-0.6677396065852849,-10.861610002681488,1.367730981464887,,0.0,False,,,,,,17,-0.0,0.0,-0.0
2017-06-30 12:30:00+00:00,PCE,Surprise + Adaptive state,-0.4260556508599551,-2.817827473684531,1.3618859772705927,,0.0,False,,,,,,17,-0.0,0.0,-0.0
2017-07-07 12:30:00+00:00,NFP,Surprise + Adaptive state,0.8034356423152486,4.222477718798245,1.362653885912978,,0.0,False,,,,,,18,0.0,0.0,0.0
2017-07-14 12:30:00+00:00,CPI,Surprise + Adaptive state,0.7927260050565855,4.1822533660962335,1.3481474594393565,,0.0,False,,,,,,11,0.0,0.0,0.0
2017-08-01 12:30:00+00:00,PCE,Surprise + Adaptive state,-0.422159343805065,5.013559504298826,1.3218469392406218,,0.0,False,,,,,,18,0.0,0.0,0.0
2017-08-04 12:30:00+00:00,NFP,Surprise + Adaptive state,0.5458452330557173,-0.45397798213997476,1.3169845594913714,,0.0,False,,,,,,19,-0.0,0.0,-0.0
2017-08-11 12:30:00+00:00,CPI,Surprise + Adaptive state,0.7856685090657263,8.701028644111375,1.3287514318442153,,0.0,False,,,,,,12,0.0,0.0,0.0
2017-08-31 12:30:00+00:00,PCE,Surprise + Adaptive state,-0.4183682771652557,3.647804518145392,1.3228720007298604,,0.0,False,,,,,,19,0.0,0.0,0.0
2017-09-01 12:30:00+00:00,NFP,Surprise + Adaptive state,-0.34604558050796347,1.363357497172757,1.3172836702248465,,0.0,False,,,,,,20,0.0,0.0,0.0
2017-09-29 12:30:00+00:00,PCE,Surprise + Adaptive state,1.24403333303221,-8.519224817451487,1.2999237975704871,,0.0,False,,,,,,20,-0.0,0.0,-0.0
2017-10-06 12:30:00+00:00,NFP,Surprise + Adaptive state,-1.8424473560997108,-11.01006430998197,1.2762961006953613,,0.0,False,,,,,,21,-0.0,0.0,-0.0
2017-10-13 12:30:00+00:00,CPI,Surprise + Adaptive state,0.7897822256401897,-0.8761170498061688,1.2703697213947782,,0.0,False,,,,,,13,-0.0,0.0,-0.0
2017-10-30 12:30:00+00:00,PCE,Surprise + Adaptive state,-0.43153418183276016,-4.289084346265071,1.2435677530017153,,0.0,False,,,,,,21,-0.0,0.0,-0.0
2017-11-03 12:30:00+00:00,NFP,Surprise + Adaptive state,-0.7859021766829931,-0.8520064757711054,1.2355672958118529,,0.0,False,,,,,,22,-0.0,0.0,-0.0
2017-11-15 13:30:00+00:00,CPI,Surprise + Adaptive state,-0.15820077948038003,-6.874033609740593,1.2452765372724148,,0.0,False,,,,,,14,-0.0,0.0,-0.0
2017-11-30 13:30:00+00:00,PCE,Surprise + Adaptive state,-0.42780275982372784,7.91056934895451,1.2079306897700766,,0.0,False,,,,,,22,0.0,0.0,0.0
2017-12-08 13:30:00+00:00,NFP,Surprise + Adaptive state,0.6370043888724991,7.820700557079618,1.1941035987811908,,0.0,False,,,,,,23,0.0,0.0,0.0
2017-12-13 13:30:00+00:00,CPI,Surprise + Adaptive state,-0.1573539546812662,4.891171533074612,1.1816959374108633,,0.0,False,,,,,,15,0.0,0.0,0.0
2017-12-22 13:30:00+00:00,PCE,Surprise + Adaptive state,1.2482623178131573,-5.651998535611824,1.170393090644927,,0.0,False,,,,,,23,-0.0,0.0,-0.0
2018-01-05 13:30:00+00:00,NFP,Surprise + Adaptive state,-0.621220884870033,6.76415026287458,1.1532649327924918,,0.0,False,,,,,,24,0.0,0.0,0.0
2018-01-12 13:30:00+00:00,CPI,Surprise + Adaptive state,-0.15652048446517022,-6.632464203502053,1.1306483683574409,,0.0,False,,,,,,16,-0.0,0.0,-0.0
2018-01-29 13:30:00+00:00,PCE,Surprise + Adaptive state,-0.4402926559951366,-3.7664783872770613,1.091990812215235,,0.0,False,,,,,,24,-0.0,0.0,-0.0
2018-02-02 13:30:00+00:00,NFP,Surprise + Adaptive state,0.4228435414864092,8.095137577548428,1.116544103492088,,0.0,False,,,,,,25,0.0,0.0,0.0
2018-02-14 13:30:00+00:00,CPI,Surprise + Adaptive state,-2.0674616228090885,-29.41298742083376,1.1704403277232918,,0.0,False,,,,,,17,-0.0,0.0,-0.0
2018-03-01 13:30:00+00:00,PCE,Surprise + Adaptive state,-0.4366213148929902,40.81311683153288,1.16297722168752,,0.0,False,,,,,,25,0.0,0.0,0.0
2018-03-09 13:30:00+00:00,NFP,Surprise + Adaptive state,1.9022467250921624,44.77679092056874,1.166532582461786,,0.0,False,,,,,,26,0.0,0.0,0.0
2018-03-13 12:30:00+00:00,CPI,Surprise + Adaptive state,-0.1324165031997715,-9.089652255056535,1.1490609398526033,,0.0,False,,,,,,18,-0.0,0.0,-0.0
2018-03-29 12:30:00+00:00,PCE,Surprise + Adaptive state,-0.4330405906855374,-0.8353869935184832,1.211817308094104,,0.0,False,,,,,,26,-0.0,0.0,-0.0
2018-04-06 12:30:00+00:00,NFP,Surprise + Adaptive state,-1.2995829002724142,8.243343966931604,1.1954819028774013,,0.0,False,,,,,,27,0.0,0.0,0.0
2018-04-11 12:30:00+00:00,CPI,Surprise + Adaptive state,0.8133579879158452,-1.2428278492215838,1.2018732645364498,,0.0,False,,,,,,19,-0.0,0.0,-0.0
2018-04-30 12:30:00+00:00,PCE,Surprise + Adaptive state,-0.4295466448744693,2.868323484612745,1.188281089940586,,0.0,False,,,,,,27,0.0,0.0,0.0
2018-05-04 12:30:00+00:00,NFP,Surprise + Adaptive state,-0.4042211205062629,-9.22277251589776,1.2166981329976925,,0.0,False,,,,,,28,-0.0,0.0,-0.0
2018-05-10 12:30:00+00:00,CPI,Surprise + Adaptive state,0.8066313627379722,9.775570001711031,1.1829974708329933,,0.0,False,,,,,,20,0.0,0.0,0.0
2018-05-31 12:30:00+00:00,PCE,Surprise + Adaptive state,-0.4261361668922612,0.0,1.1751357484399059,,0.0,False,,,,,,28,0.0,0.0,0.0
2018-06-01 12:30:00+00:00,NFP,Surprise + Adaptive state,0.6295443548080089,24.426995820494568,1.1810702940457767,,0.0,False,,,,,,29,0.0,0.0,0.0
2018-06-12 12:30:00+00:00,CPI,Surprise + Adaptive state,-0.14836969090721452,13.026746142958956,1.1454301287621453,,0.0,False,,,,,,21,0.0,0.0,0.0
2018-06-29 12:30:00+00:00,PCE,Surprise + Adaptive state,-0.4228058320342103,-11.101290123090024,1.1917481712829785,,0.0,False,,,,,,29,-0.0,0.0,-0.0
2018-07-06 12:30:00+00:00,NFP,Surprise + Adaptive state,0.3749571567850948,-6.580571102006161,1.1949400469735054,,0.0,False,,,,,,30,-0.0,0.0,-0.0
2018-07-12 12:30:00+00:00,CPI,Surprise + Adaptive state,0.8054339632504349,8.841733555691178,1.1659697651978127,,0.0,False,,,,,,22,0.0,0.0,0.0
2018-07-31 12:30:00+00:00,PCE,Surprise + Adaptive state,-0.4195525615380417,-5.137426262500355,1.1461544541933444,,0.0,False,,,,,,30,-0.0,0.0,-0.0
2018-08-03 12:30:00+00:00,NFP,Surprise + Adaptive state,-0.5320078037025123,-16.598170108466093,1.144661535425301,,0.0,False,,,,,,31,-0.0,0.0,-0.0
2018-08-10 12:30:00+00:00,CPI,Surprise + Adaptive state,-0.15572468844210885,-7.490489400314715,1.1428571428571428,,0.0,False,,,,,,23,-0.0,0.0,-0.0
2018-08-30 12:30:00+00:00,PCE,Surprise + Adaptive state,0.016880010255722527,-2.6836889382231277,1.111664813891977,,0.0,False,,,,,,31,-0.0,0.0,-0.0
2018-09-07 12:30:00+00:00,NFP,Surprise + Adaptive state,0.2616225928660689,-8.097634776458307,1.1163292016321502,,0.0,False,,,,,,32,-0.0,0.0,-0.0
2018-09-13 12:30:00+00:00,CPI,Surprise + Adaptive state,0.8043331512490195,0.3828703792763122,1.1114517859880422,,0.0,False,,,,,,24,0.0,0.0,0.0
2018-09-28 12:30:00+00:00,PCE,Surprise + Adaptive state,-0.41932078998489236,2.65297229200101,1.0996094490577484,,0.0,False,,,,,,32,0.0,0.0,0.0
2018-10-05 12:30:00+00:00,NFP,Surprise + Adaptive state,-0.7870138858905067,-15.002065597293779,1.0881801125703565,,0.0,False,,,,,,33,-0.0,0.0,-0.0
2018-10-11 12:30:00+00:00,CPI,Surprise + Adaptive state,0.7980522394154973,-21.193100554004474,1.1413278759494667,,0.0,False,,,,,,25,-0.0,0.0,-0.0
2018-10-29 12:30:00+00:00,PCE,Surprise + Adaptive state,-0.4162236927774103,-0.8028581755326059,1.1647054098558174,,0.0,False,,,,,,33,-0.0,0.0,-0.0
2018-11-02 12:30:00+00:00,NFP,Surprise + Adaptive state,0.9282289143639069,-1.5649452301147448,1.134585289514867,,0.0,False,,,,,,34,-0.0,0.0,-0.0
2018-11-14 13:30:00+00:00,CPI,Surprise + Adaptive state,-0.17073431842246337,11.409912122495314,1.1429922749487624,,0.0,False,,,,,,26,0.0,0.0,0.0
2018-11-29 13:30:00+00:00,PCE,Surprise + Adaptive state,-0.413194375549636,3.5544322168767906,1.1457921770051362,,0.0,False,,,,,,34,0.0,0.0,0.0
2018-12-07 13:30:00+00:00,NFP,Surprise + Adaptive state,-0.6547686526365027,17.27220208074698,1.1666264381687987,,0.0,False,,,,,,35,0.0,0.0,0.0
2018-12-12 13:30:00+00:00,CPI,Surprise + Adaptive state,-0.1699188197561624,35.24625359718314,1.176422863169851,,0.0,False,,,,,,27,0.0,0.0,0.0
2019-01-04 13:30:00+00:00,NFP,Surprise + Adaptive state,2.261740690734558,32.74897584478964,1.2638368343066329,11.416943085829878,1.0,True,5.047856782433327,,,none,,36,32.74897584478964,1.2638368343066329,31.485139010483007
2019-01-11 13:30:00+00:00,CPI,Surprise + Adaptive state,-0.16911489877107314,-12.133638860252205,1.2138462182411787,,0.0,False,,,,,,28,-0.0,0.0,-0.0
2019-02-01 13:30:00+00:00,NFP,Surprise + Adaptive state,2.3749676396538355,18.781599558828077,1.1619520794935492,14.975430174848691,1.0,True,6.305530199574189,,,none,,37,18.781599558828077,1.1619520794935492,17.619647479334528
2019-02-13 13:30:00+00:00,CPI,Surprise + Adaptive state,0.8075888422190041,16.08695146135375,1.1382369102755319,,0.0,False,,,,,,29,0.0,0.0,0.0
2019-03-01 13:30:00+00:00,PCE,Surprise + Adaptive state,-2.108137244454332,-0.3835164624810261,1.1120484699746913,,0.0,False,,,,,,35,-0.0,0.0,-0.0
2019-03-08 13:30:00+00:00,NFP,Surprise + Adaptive state,-2.577157761426142,-3.5624517961352353,1.1442550505050504,-16.632960935192404,-1.0,True,6.4539940798921425,,,none,,38,3.5624517961352353,1.1442550505050504,2.418196745630185
2019-03-12 12:30:00+00:00,CPI,Surprise + Adaptive state,-0.17594973086669394,14.83621870544738,1.1335652581792597,,0.0,False,,,,,,30,0.0,0.0,0.0
2019-03-29 12:30:00+00:00,PCE,Surprise + Adaptive state,1.3555304283976177,8.894905352985205,1.1219870778040004,0.9971859373477573,0.0,True,0.735642606360772,,,none,,36,0.0,0.0,0.0
2019-04-05 12:30:00+00:00,NFP,Surprise + Adaptive state,0.36000953458674323,-0.37773622684866837,1.0974871329094762,2.086618845563986,1.0,True,5.796009952789796,,,none,,39,-0.37773622684866837,1.0974871329094762,-1.4752233597581446
2019-04-10 12:30:00+00:00,CPI,Surprise + Adaptive state,-0.6660549897418855,1.1451474389900795,1.1068702290076335,,0.0,False,,,,,,31,0.0,0.0,0.0
2019-05-03 12:30:00+00:00,NFP,Surprise + Adaptive state,1.2218354880047635,10.230567552032,1.1004439722232762,7.054067903163105,1.0,True,5.773336895527791,,,none,,40,10.230567552032,1.1004439722232762,9.130123579808723
2019-05-10 12:30:00+00:00,CPI,Surprise + Adaptive state,0.8147019300586259,20.25632728779314,1.1287121005721403,,0.0,False,,,,,,32,0.0,0.0,0.0
2019-05-31 12:30:00+00:00,PCE,Surprise + Adaptive state,-0.36868440449756795,10.432969125790947,1.1642378256854953,-0.37846797681952393,0.0,True,1.026536442015465,,,none,,37,0.0,0.0,0.0
2019-06-07 12:30:00+00:00,NFP,Surprise + Adaptive state,-1.5524750423548752,3.1030604182014088,1.123508445684178,-9.02521443666723,-1.0,True,5.8134360878209765,,,none,,41,-3.1030604182014088,1.123508445684178,-4.2265688638855865
2019-06-12 12:30:00+00:00,CPI,Surprise + Adaptive state,-0.17710016798500505,-4.613787616936094,1.1152559320078452,,0.0,False,,,,,,33,-0.0,0.0,-0.0
2019-06-28 12:30:00+00:00,PCE,Surprise + Adaptive state,-0.366294583792779,3.3794566906308887,1.0889155902673475,-0.3416134657717506,0.0,True,0.9326194841172124,,,none,,38,0.0,0.0,0.0
2019-07-05 12:30:00+00:00,NFP,Surprise + Adaptive state,1.0718570086511612,-7.808869040495381,1.0773460138197488,5.874359687925741,1.0,True,5.480544177546697,,,none,,42,-7.808869040495381,1.0773460138197488,-8.88621505431513
2019-07-11 12:30:00+00:00,CPI,Surprise + Adaptive state,-1.1663865052088653,2.597739980849667,1.0751890849770132,,0.0,False,,,,,,34,0.0,0.0,0.0
2019-07-30 12:30:00+00:00,PCE,Surprise + Adaptive state,-0.36395092463953677,-9.960711354235485,1.0699133001291274,-0.33033839705382767,0.0,True,0.9076454397828512,,,none,,39,-0.0,0.0,-0.0
2019-08-02 12:30:00+00:00,NFP,Surprise + Adaptive state,0.031497609119124026,3.3964186978430178,1.0940919037199124,0.16371493367918677,0.0,True,5.19769399194766,,,none,,43,0.0,0.0,0.0
2019-08-13 12:30:00+00:00,CPI,Surprise + Adaptive state,-0.1659081562956267,8.139377593217034,1.1232038421317634,,0.0,False,,,,,,35,0.0,0.0,0.0
2019-08-30 12:30:00+00:00,PCE,Surprise + Adaptive state,-0.3616517148149259,-1.8851918238560472,1.093225769970219,-0.3613313872525782,0.0,True,0.9991142650532939,,,none,,40,-0.0,0.0,-0.0
2019-10-04 12:30:00+00:00,NFP,Surprise + Adaptive state,-0.09265768712922037,8.383827326934323,1.1106855610877058,-0.48140652726931715,0.0,True,5.19553792226594,,,none,,44,0.0,0.0,0.0
2019-10-10 12:30:00+00:00,CPI,Surprise + Adaptive state,0.8325119977114724,5.330896478383806,1.1051408101825388,4.238525879244618,1.0,True,5.091249004093733,,,none,,36,5.330896478383806,1.1051408101825388,4.225755668201268
2019-10-31 12:30:00+00:00,PCE,Surprise + Adaptive state,-0.3726587275846903,4.800679572998234,1.0709801314720437,-0.3793197163196849,0.0,True,1.0178742324865606,,,none,,41,0.0,0.0,0.0
2019-11-01 12:30:00+00:00,NFP,Surprise + Adaptive state,0.742125242156633,5.538836616683085,1.0736764161421695,3.8368596629429765,1.0,True,5.170097235599983,,,none,,45,5.538836616683085,1.0736764161421695,4.4651602005409154
2019-11-13 13:30:00+00:00,CPI,Surprise + Adaptive state,-1.1700469441557593,2.1758050564457676,1.051906126446371,-5.918681188851005,-1.0,True,5.058498907598614,,,none,,37,-2.1758050564457676,1.051906126446371,-3.2277111828921385
2019-11-27 15:00:00+00:00,PCE,Surprise + Adaptive state,0.9149489511371186,-2.849002868288153,1.032285622752999,0.8967176382154168,0.0,True,0.9800739561490907,,,none,,42,-0.0,0.0,-0.0
2019-12-06 13:30:00+00:00,NFP,Surprise + Adaptive state,1.42861497447116,24.80186746110391,1.0463270313176505,7.388043087123851,1.0,True,5.171472523489915,,,none,,46,24.80186746110391,1.0463270313176505,23.755540429786258
2019-12-11 13:30:00+00:00,CPI,Surprise + Adaptive state,-1.158461044632005,-1.4344629753892946,1.03983649467532,-5.603609356822779,-1.0,True,4.837115052584969,,,none,,38,1.4344629753892946,1.03983649467532,0.39462648071397455
2020-01-10 13:30:00+00:00,NFP,Surprise + Adaptive state,-0.20617197687041738,-1.7266683976124853,1.0010355540214015,-1.1426790229142978,-1.0,True,5.54235857006159,,,none,,47,1.7266683976124853,1.0010355540214015,0.7256328435910837
2020-01-14 13:30:00+00:00,CPI,Surprise + Adaptive state,0.8436125672345851,13.162910210482437,1.0046769443963277,4.026129615943867,1.0,True,4.772486532700398,,,none,,39,13.162910210482437,1.0046769443963277,12.158233266086109
2020-01-31 13:30:00+00:00,PCE,Surprise + Adaptive state,-2.1131396664751882,-4.187604751315632,1.0120397836328738,-1.821718786480453,-1.0,True,0.862091046503879,,,none,,43,4.187604751315632,1.0120397836328738,3.1755649676827584
2020-02-07 13:30:00+00:00,NFP,Surprise + Adaptive state,1.0001447762026143,-28.71109741358069,0.9909786768726079,5.557835686479297,1.0,True,5.557031160610054,,,none,,48,-28.71109741358069,0.9909786768726079,-29.702076090453296
2020-02-13 13:30:00+00:00,CPI,Surprise + Adaptive state,0.8376680323617207,3.4054146421347298,0.9878730072216922,4.15882744691466,1.0,True,4.964768006234242,,,none,,40,3.4054146421347298,0.9878730072216922,2.4175416349130376
2020-03-06 13:30:00+00:00,NFP,Surprise + Adaptive state,1.6027523818647151,5.519199067798297,1.1448874851954203,8.023720018202704,1.0,True,5.006213129983025,,,none,,49,5.519199067798297,1.1448874851954203,4.374311582602877
2020-03-11 12:30:00+00:00,CPI,Surprise + Adaptive state,-1.1639324823814878,-59.32765757634684,1.199884149116637,-5.676545983483571,-1.0,True,4.877040609665741,,,none,,41,59.32765757634684,1.199884149116637,58.1277734272302
2020-03-27 12:30:00+00:00,PCE,Surprise + Adaptive state,-0.36227118384366613,-80.11830313364499,1.3294824187411176,-0.3663431988611388,0.0,True,1.0112402399061082,,,none,,44,-0.0,0.0,-0.0
2020-04-03 12:30:00+00:00,NFP,Surprise + Adaptive state,-9.584675105229561,44.49079659949007,1.374994073301408,-47.1193495102123,-1.0,True,4.916113378167945,,,none,,50,-44.49079659949007,1.374994073301408,-45.865790672791476
2020-04-30 12:30:00+00:00,PCE,Surprise + Adaptive state,-0.36017238707897786,-60.32643718533848,1.187794388695474,-0.5482680899845581,0.0,True,1.522237988400635,,,none,,45,-0.0,0.0,-0.0
2020-05-08 12:30:00+00:00,NFP,Surprise + Adaptive state,17.82134084487857,-16.997993354959107,1.2065737466195132,-14.13983572563358,-1.0,True,-0.7934215415501148,,,none,,51,16.997993354959107,1.2065737466195132,15.791419608339593
2020-05-12 12:30:00+00:00,CPI,Surprise + Adaptive state,-0.1633338468717922,8.664975475607406,1.1973575557390586,-1.0930522260661866,0.0,True,6.692135445289368,,,none,,42,0.0,0.0,0.0
2020-05-29 12:30:00+00:00,PCE,Surprise + Adaptive state,-2.070466433747151,-14.232064074537476,1.145701643489254,-3.899926022725166,-1.0,True,1.8835978015190717,,,none,,46,14.232064074537476,1.145701643489254,13.086362431048222
2020-06-05 12:30:00+00:00,NFP,Surprise + Adaptive state,64.57555252744505,81.78248244934849,1.091292240535862,-9.540793742436424,-1.0,True,2.515116507241129,-11.317166587621957,-2.778859831541594,rv_20d,0.7352941176470589,52,-81.78248244934849,1.091292240535862,-82.87377468988436
2020-06-10 12:30:00+00:00,CPI,Surprise + Adaptive state,0.8389770540647904,0.7323861142971566,1.0622321526684004,5.59431184777247,1.0,True,6.668015317782991,,,none,,43,0.7323861142971566,1.0622321526684004,-0.3298460383712438
2020-06-26 12:30:00+00:00,PCE,Surprise + Adaptive state,-2.0164547174799274,-27.90059772390663,1.1384156394755436,-4.485085720896472,-1.0,True,2.224243213604978,,,none,,47,27.90059772390663,1.1384156394755436,26.762182084431085
2020-07-02 12:30:00+00:00,NFP,Surprise + Adaptive state,1.641547953530035,26.15184937905468,1.1232908548630747,-0.7177136872133415,0.0,True,4.449530834499269,-14.239531916587762,-2.315542545906074,rv_20d,0.8431818181818181,53,0.0,0.0,0.0
2020-07-14 12:30:00+00:00,CPI,Surprise + Adaptive state,-1.1723852919766982,-36.54201585257866,1.111579592931887,-7.629879503631966,-1.0,True,6.507996608152275,,,none,,44,36.54201585257866,1.111579592931887,35.43043625964677
2020-07-31 12:30:00+00:00,PCE,Surprise + Adaptive state,0.29050201998543845,2.2845828831741244,1.1042991508320323,0.6326019353094162,0.0,True,2.991143003582265,9.462600022205853,2.719868087024379,rv_20d,0.41402714932126694,48,0.0,0.0,0.0
2020-08-07 12:30:00+00:00,NFP,Surprise + Adaptive state,0.2042193271067664,-11.017261488994734,1.0671180453341182,1.4910694537472107,1.0,True,4.386358957905337,-14.004458429471805,-2.341811636509824,rv_20d,0.2918552036199095,54,-11.017261488994734,1.0671180453341182,-12.084379534328852
2020-08-12 12:30:00+00:00,CPI,Surprise + Adaptive state,-3.1643008322851895,20.444403742310158,1.0410683515221137,-23.51234136520147,-1.0,True,7.430501273869515,,,none,,45,-20.444403742310158,1.0410683515221137,-21.48547209383227
2020-08-28 12:30:00+00:00,PCE,Surprise + Adaptive state,1.3559572550269576,-15.386770415766193,1.0131358300726663,0.4196882562559318,0.0,True,3.025836166146287,9.528684394144273,2.752003901542763,rv_20d,0.2149321266968326,49,-0.0,0.0,-0.0
2020-09-04 12:30:00+00:00,NFP,Surprise + Adaptive state,-0.08549110617815014,31.28902691535984,1.0207314068494597,-0.407908903553461,0.0,True,4.367435633618784,-13.91987894281855,-2.3023104357909294,rv_20d,0.47098214285714285,55,0.0,0.0,0.0
2020-09-11 12:30:00+00:00,CPI,Surprise + Adaptive state,-1.0987651213117418,-12.660747951773743,1.0484075051516575,-6.848852714577759,-1.0,True,5.78979301018948,18.38236556972483,2.126862315577976,rv_20d,0.5241228070175439,46,12.660747951773743,1.0484075051516575,11.612340446622085
2020-10-01 12:30:00+00:00,PCE,Surprise + Adaptive state,-0.3232204397783153,-16.872188232408547,1.0401348588644597,-1.2049543027304435,-1.0,True,2.670584056499507,10.358011827741189,2.748811589060038,rv_20d,0.6020833333333333,50,16.872188232408547,1.0401348588644597,15.832053373544088
2020-10-02 12:30:00+00:00,NFP,Surprise + Adaptive state,-0.32757294004979853,-17.22463915134753,1.0603678379465427,-1.0739036112040286,-1.0,True,4.348377819001246,-13.8812493777369,-2.328333904426674,rv_20d,0.5770833333333333,56,17.22463915134753,1.0603678379465427,16.164271313400988
2020-10-13 12:30:00+00:00,CPI,Surprise + Adaptive state,-0.1222113648828133,-1.7446830827339,1.011969152388596,0.09227127463045763,0.0,True,5.803795486880566,-22.649125810496603,-2.2673617596070748,mom_20d,0.7895833333333333,47,-0.0,0.0,-0.0
2020-10-30 12:30:00+00:00,PCE,Surprise + Adaptive state,-0.3214984227491263,19.375801514129876,1.1029551591678393,-1.027561342004732,0.0,True,2.6654544251079835,10.18960336323252,2.6964955241487996,rv_20d,0.5520833333333334,51,0.0,0.0,0.0
2020-11-06 13:30:00+00:00,NFP,Surprise + Adaptive state,-0.041828857834390075,48.160438708304554,1.0318448674613059,-0.13796404018025094,0.0,True,4.373290486590254,-13.945847841122724,-2.320933737473583,rv_20d,0.5770833333333333,57,0.0,0.0,0.0
2020-11-12 13:30:00+00:00,CPI,Surprise + Adaptive state,0.8491717707533857,23.371723991569837,0.9975233902036323,3.4440030457388904,1.0,True,5.803085632620822,-22.668525420054568,-2.2662908196190914,mom_20d,0.5770833333333333,48,23.371723991569837,0.9975233902036323,22.374200601366205
2020-11-25 15:00:00+00:00,PCE,Surprise + Adaptive state,-0.3198036664251847,4.021582546904767,0.9721756620851492,-1.1372192626495528,-1.0,True,2.65455537236941,10.553403808626063,2.75814275744066,rv_20d,0.5854166666666667,52,-4.021582546904767,0.9721756620851492,-4.993758208989917
2020-12-04 13:30:00+00:00,NFP,Surprise + Adaptive state,-0.3460798058020594,-2.663027211902147,0.9647692870687647,-1.998755242058578,-1.0,True,4.352914611522583,-13.934718641256673,-2.409677588640834,rv_20d,0.39791666666666664,58,2.663027211902147,0.9647692870687647,1.6982579248333822
2020-12-10 13:30:00+00:00,CPI,Surprise + Adaptive state,-1.1003323497938022,-34.00116612777282,0.9650261222588267,-5.302218408097162,-1.0,True,6.181588344436443,-22.557446202951695,-2.2287993421552743,mom_20d,0.5604166666666667,49,34.00116612777282,0.9650261222588267,33.03614000551399
2020-12-23 13:30:00+00:00,PCE,Surprise + Adaptive state,1.364273206507212,6.338721458636343,0.9678280603390735,-1.550289948770917,-1.0,True,2.6561195086295775,10.663527977139793,2.7680964963480417,rv_20d,0.14435146443514643,53,-6.338721458636343,0.9678280603390735,-7.306549518975416
2021-01-08 13:30:00+00:00,NFP,Surprise + Adaptive state,-0.3166483412835174,1.936295872049243,0.9349711448560466,-3.008190536121967,-1.0,True,4.360087581104783,-13.959803274586964,-2.422572663821562,rv_20d,0.13179916317991633,59,-1.936295872049243,0.9349711448560466,-2.8712670169052896
2021-01-13 13:30:00+00:00,CPI,Surprise + Adaptive state,-0.11993165974022327,0.9697596619773208,0.9378436064937585,-0.9702637882579599,-1.0,True,6.7752384178794145,-22.44723000808577,-2.1489065940400103,mom_20d,0.44142259414225943,50,-0.9697596619773208,0.9378436064937585,-1.9076032684710793
2021-01-29 13:30:00+00:00,PCE,Surprise + Adaptive state,-2.0053740825460937,30.375089387284504,0.9593754135238851,0.8872463419189418,0.0,True,2.7799420532761365,10.133525736806297,2.7012264921757216,rv_20d,0.18200836820083682,54,0.0,0.0,0.0
2021-02-05 13:30:00+00:00,NFP,Surprise + Adaptive state,-0.1649085855030971,0.3217762046858752,0.932745810684764,-1.3219172920034996,-1.0,True,4.348501225694628,-13.913441305906433,-2.4100950336241764,rv_20d,0.23640167364016737,60,-0.3217762046858752,0.932745810684764,-1.2545220153706391
2021-02-10 13:30:00+00:00,CPI,Surprise + Adaptive state,-0.11947685719106668,13.697977708488907,0.9247448979591837,-1.1800387753312573,-1.0,True,6.776623071295061,-22.452175346773593,-2.151143330308392,mom_20d,0.3619246861924686,51,-13.697977708488907,0.9247448979591837,-14.62272260644809
2021-02-26 13:30:00+00:00,PCE,Surprise + Adaptive state,-0.3066559924982575,20.432277325124204,0.9280296969503025,0.513940724538789,0.0,True,1.9516069805780152,13.136160557958538,2.6815533686775774,rv_20d,0.22384937238493724,55,0.0,0.0,0.0
2021-03-05 13:30:00+00:00,NFP,Surprise + Adaptive state,0.10051546581221242,69.36742393667927,0.9363900548918307,0.8317136552062065,0.0,True,4.348598872097212,-13.913800228583497,-2.412343000999995,rv_20d,0.21784232365145229,61,0.0,0.0,0.0
2021-03-10 13:30:00+00:00,CPI,Surprise + Adaptive state,-0.11902719013235194,12.196458284829959,0.9085782317187794,-1.1801714179598013,-1.0,True,6.795596223572576,-22.535221710847182,-2.161426676784915,mom_20d,0.3615702479338843,52,-12.196458284829959,0.9085782317187794,-13.105036516548738
2021-03-26 12:30:00+00:00,PCE,Surprise + Adaptive state,1.354526371517124,-3.6769212327492085,0.888698210345673,0.8393227650183784,0.0,True,1.8691850254009466,13.550589230837975,2.820400349106459,rv_20d,0.4077868852459016,56,-0.0,0.0,-0.0
2021-04-13 12:30:00+00:00,CPI,Surprise + Adaptive state,-1.1007080946219612,15.799910872313916,0.86536166149439,-3.0617925918758293,-1.0,True,6.811844315213835,-22.60610706064386,-2.1690101148378202,mom_20d,0.6782786885245902,53,-15.799910872313916,0.86536166149439,-16.665272533808306
2021-04-30 12:30:00+00:00,PCE,Surprise + Adaptive state,-0.31634349588250377,-5.026983176765754,0.8574047245956893,1.3751207392045146,1.0,True,1.7401145738033688,13.441059792893356,2.7623360462127327,rv_20d,0.0471311475409836,57,-5.026983176765754,0.8574047245956893,-5.884387901361443
2021-05-07 12:30:00+00:00,NFP,Surprise + Adaptive state,-0.9371711013313,-25.24191495906436,0.8392660762863923,-9.888351213880622,-1.0,True,4.413816210856029,-14.1946943831133,-2.5188832886333157,rv_20d,0.06762295081967214,62,25.24191495906436,0.8392660762863923,24.402648882777967
2021-05-12 12:30:00+00:00,CPI,Surprise + Adaptive state,-5.998741616835394,34.09261200770786,0.8511387649683024,-68.39151639213222,-1.0,True,6.522938868042764,-23.111482574500528,-2.263512918698941,mom_20d,0.2889344262295082,54,-34.09261200770786,0.8511387649683024,-34.94375077267616
2021-05-28 12:30:00+00:00,PCE,Surprise + Adaptive state,-0.3147710660260314,-6.361691267713354,0.8385138065635391,0.19111233492485702,0.0,True,1.8125972765766123,13.17416374194765,2.7229877011739783,rv_20d,0.3163265306122449,58,-0.0,0.0,-0.0
2021-06-04 12:30:00+00:00,NFP,Surprise + Adaptive state,-0.22898401033391952,15.593419272867948,0.8395819460930488,-1.710786653022118,-1.0,True,4.578367368492993,-14.860053964995048,-2.9510418732964236,rv_20d,0.305327868852459,63,-15.593419272867948,0.8395819460930488,-16.433001218960996
2021-06-10 12:30:00+00:00,CPI,Surprise + Adaptive state,-1.2857519574681133,42.891157158262416,0.8407990490272825,1.5896711191514326,1.0,True,4.912561732621309,24.005447615739946,2.53450721897154,rv_20d,0.24385245901639344,55,42.891157158262416,0.8407990490272825,42.050358109235134
2021-06-25 12:30:00+00:00,PCE,Surprise + Adaptive state,1.353890520300208,10.519242415814034,0.8483501053124269,-5.728522966348182,-1.0,True,1.835437005321331,13.04586083220355,2.700044399716752,rv_20d,0.03497942386831276,59,-10.519242415814034,0.8483501053124269,-11.367592521126461
2021-07-02 12:30:00+00:00,NFP,Surprise + Adaptive state,0.052207519745368525,9.834548981935143,0.8402874362540566,0.5342218150381817,0.0,True,4.56122566687368,-14.800321414446923,-2.9239136682535376,rv_20d,0.1168032786885246,64,0.0,0.0,0.0
2021-07-13 12:30:00+00:00,CPI,Surprise + Adaptive state,-3.5455463257141377,-11.215438218190599,0.8323287985764307,15.38833209018689,1.0,True,6.008280022306303,25.823703541771337,2.967032178232866,prev_x,0.09926482090542532,56,-11.215438218190599,0.8323287985764307,-12.047767016767029
2021-07-30 12:30:00+00:00,PCE,Surprise + Adaptive state,1.3368933041672204,5.734438325557534,0.831946755407654,1.315511475327959,1.0,True,1.9269857055982333,11.799331660180213,2.501979181734544,rv_20d,0.42008196721311475,60,5.734438325557534,0.831946755407654,4.90249157014988
2021-08-06 12:30:00+00:00,NFP,Surprise + Adaptive state,-0.013168586432633885,0.2854573740940225,0.8297805373544307,-0.06376358223091892,0.0,True,4.568600597237455,-14.829621313978304,-2.933949997742401,rv_20d,0.48155737704918034,65,0.0,0.0,0.0
2021-08-11 12:30:00+00:00,CPI,Surprise + Adaptive state,-0.023558568354873046,6.817988389435925,0.8247305406250889,-0.07317996968249597,0.0,True,5.100245952954102,23.732825780628968,2.643355624745843,rv_20d,0.41598360655737704,57,0.0,0.0,0.0
2021-08-27 12:30:00+00:00,PCE,Surprise + Adaptive state,-0.3347998796911022,2.270211990786919,0.8231620777746239,0.841618302781428,1.0,True,2.0649088329154965,11.948703356254617,2.552786263480338,rv_20d,0.1168032786885246,61,2.270211990786919,0.8231620777746239,1.447049913012295
2021-09-03 12:30:00+00:00,NFP,Surprise + Adaptive state,-0.6679411690796805,7.05825916172742,0.8176384346453142,-7.820454896794901,-1.0,True,4.5688640705253984,-14.825720115628638,-2.9262168174166217,rv_20d,0.018442622950819672,66,-7.05825916172742,0.8176384346453142,-7.8758975963727345
2021-09-14 12:30:00+00:00,CPI,Surprise + Adaptive state,0.8192117877682124,1.1441974897330454,0.8321377331420373,-4.123950288032134,-1.0,True,5.113174945501137,23.693033962692798,2.640294073674687,rv_20d,0.07172131147540983,58,-1.1441974897330454,0.8321377331420373,-1.9763352228750826
2021-10-01 12:30:00+00:00,PCE,Surprise + Adaptive state,-1.9950474862945664,-23.624616013986355,0.8551545175748998,-7.071866832129955,-1.0,True,2.0742112480513875,11.911048242260472,2.5790775020536465,rv_20d,0.6234567901234568,62,23.624616013986355,0.8551545175748998,22.769461496411456
2021-10-08 12:30:00+00:00,NFP,Surprise + Adaptive state,-0.44428519767740043,5.196004966503409,0.8358312197371455,-0.05893333271328147,0.0,True,4.4917564727827894,-14.510458545860606,-2.788587371263259,rv_20d,0.8004115226337448,67,0.0,0.0,0.0
2021-10-13 12:30:00+00:00,CPI,Surprise + Adaptive state,-0.8730123949613188,-30.347265776544674,0.8456289729981922,-10.680472770831383,-1.0,True,5.111695363134934,23.70864272195458,2.7014420729484927,rv_20d,0.8004115226337448,59,30.347265776544674,0.8456289729981922,29.501636803546482
2021-10-29 12:30:00+00:00,PCE,Surprise + Adaptive state,-0.3118249463231859,-7.8731305382717665,0.8151562851360468,-0.401715319712383,0.0,True,2.5640642913845695,12.917397844408145,2.8466941069523592,rv_20d,0.4012345679012346,63,-0.0,0.0,-0.0
2021-11-05 12:30:00+00:00,NFP,Surprise + Adaptive state,0.0039393692891312405,16.88792084765467,0.8041259982253771,0.04239391919544268,0.0,True,4.491926242444366,-14.509817969227548,-2.7934780211221084,rv_20d,0.06790123456790123,68,0.0,0.0,0.0
2021-11-10 13:30:00+00:00,CPI,Surprise + Adaptive state,-2.556455404982467,4.980493171764522,0.8020133300146575,16.39788305952318,1.0,True,5.43309949779357,24.81826843377754,2.8300458929496983,rv_20d,0.02263374485596708,60,4.980493171764522,0.8020133300146575,4.178479841749864
2021-11-24 15:00:00+00:00,PCE,Surprise + Adaptive state,1.3369344843085225,8.975402391993015,0.8141950699084732,-4.2311149450243954,-1.0,True,2.5761148598545125,12.79852778024381,2.820557678657296,rv_20d,0.051440329218107,64,-8.975402391993015,0.8141950699084732,-9.789597461901488
2021-12-03 13:30:00+00:00,NFP,Surprise + Adaptive state,-0.4833671251658682,25.081094229015832,0.8361927280066895,-0.4977892801552704,0.0,True,4.5053254304726895,-14.561098685472173,-2.8015899853885657,rv_20d,0.7386831275720165,69,0.0,0.0,0.0
2021-12-10 13:30:00+00:00,CPI,Surprise + Adaptive state,-0.8337716263587658,13.63971874257075,0.8089712117830842,-13.601367977416427,-1.0,True,5.450050327772922,22.954015316406327,2.8920239858781023,rv_20d,0.9732510288065843,61,-13.63971874257075,0.8089712117830842,-14.448689954353835
2021-12-23 13:30:00+00:00,PCE,Surprise + Adaptive state,-0.320719690291463,-5.038347528625309,0.8116655937753645,-2.74593777582081,-1.0,True,2.6410528248931615,11.988898411613,2.6934317673655634,rv_20d,0.9938524590163934,65,5.038347528625309,0.8116655937753645,4.226681934849944
2022-01-07 13:30:00+00:00,NFP,Surprise + Adaptive state,-0.3780124387835242,-19.941842919433128,0.8028570637579248,-1.888705964359369,-1.0,True,4.493338353714594,-14.55954922872229,-2.859772310573638,rv_20d,0.4654471544715447,70,19.941842919433128,0.8028570637579248,19.1389858556752
2022-01-12 13:30:00+00:00,CPI,Surprise + Adaptive state,-0.828879460574073,12.141281844666452,0.8007952725465289,-3.43138281431178,-1.0,True,4.865359451385245,20.998976263175265,2.7517320267022893,rv_20d,0.4654471544715447,62,-12.141281844666452,0.8007952725465289,-12.94207711721298
2022-01-28 13:30:00+00:00,PCE,Surprise + Adaptive state,-0.31922917712759896,26.259512028481424,0.8595648823285316,-0.19178017250725646,0.0,True,2.6698689937851974,11.976488761327476,2.690791900112807,rv_20d,0.32723577235772355,66,0.0,0.0,0.0
2022-02-04 13:30:00+00:00,NFP,Surprise + Adaptive state,0.3137581071235987,-0.28735219322229,0.8321138561303837,0.5319222180773318,0.0,True,4.528191423218788,-14.671261896593737,-2.894635120143843,rv_20d,0.693089430894309,71,-0.0,0.0,-0.0
2022-02-10 13:30:00+00:00,CPI,Surprise + Adaptive state,-1.6544445730650783,-43.566929988969605,0.8120519713261648,-18.39051479660886,-1.0,True,4.756958164412284,20.718953789627246,2.73335140819018,rv_20d,0.806910569105691,63,43.566929988969605,0.8120519713261648,42.75487801764344
2022-02-25 13:30:00+00:00,PCE,Surprise + Adaptive state,-0.3177592719112605,15.02088184610173,0.8712371567626029,-2.7185691114079655,-1.0,True,2.5958965320800735,12.476993250325114,2.8342714889500633,rv_20d,0.9776422764227642,67,-15.02088184610173,0.8712371567626029,-15.892119002864334
2022-03-04 13:30:00+00:00,NFP,Surprise + Adaptive state,0.21157723178032842,-26.8945894838879,0.8668101386896222,-0.5741509814750743,0.0,True,4.528409639574883,-14.662977925565492,-2.873566107669032,rv_20d,0.9939024390243902,72,-0.0,0.0,-0.0
2022-03-10 13:30:00+00:00,CPI,Surprise + Adaptive state,0.01752763028449497,-25.22452673924036,0.8813518113299295,0.29814793465362227,0.0,True,5.4913812031602385,23.131604377124795,3.0594736794289967,rv_20d,0.9979674796747967,64,-0.0,0.0,-0.0
2022-03-31 12:30:00+00:00,PCE,Surprise + Adaptive state,-0.3163095037297847,-2.564212159867907,0.8261166818596171,-2.4863900934324357,-1.0,True,2.728626638217082,12.43814151929988,2.7671729467807875,rv_20d,0.9126016260162602,68,2.564212159867907,0.8261166818596171,1.7380954780082898
2022-04-01 12:30:00+00:00,NFP,Surprise + Adaptive state,-0.1576196468748535,-15.535547875629163,0.8335489063263488,0.2405617683683977,0.0,True,4.581085992036563,-14.801936066175022,-2.7857290700753166,rv_20d,0.9126016260162602,73,-0.0,0.0,-0.0
2022-04-12 12:30:00+00:00,CPI,Surprise + Adaptive state,0.01746830212922925,22.97347429895069,0.8467647745853772,0.19259130484583176,0.0,True,5.375658216339997,22.50699536718079,2.9815784778110634,rv_20d,0.7510121457489879,65,0.0,0.0,0.0
2022-04-29 12:30:00+00:00,PCE,Surprise + Adaptive state,-0.314879416609685,-13.943072997726347,0.8591065292096219,-2.4972606505223753,-1.0,True,2.7472309387502705,12.440679872776998,2.7576966932978237,rv_20d,0.9166666666666666,69,13.943072997726347,0.8591065292096219,13.083966468516724
2022-05-06 12:30:00+00:00,NFP,Surprise + Adaptive state,-0.03130413075081324,-67.00600710574989,0.8836883322668129,0.08680875145086597,0.0,True,4.5879802323714145,-14.782203859322687,-2.703010221553735,rv_20d,0.9979674796747967,74,-0.0,0.0,-0.0
2022-05-11 12:30:00+00:00,CPI,Surprise + Adaptive state,-0.8137570479692707,-71.58405710509186,0.8973327557398353,-13.640393070605837,-1.0,True,5.48397632202807,22.835008304043935,3.0020050492686408,rv_20d,0.9939024390243902,66,71.58405710509186,0.8973327557398353,70.68672434935202
2022-05-27 12:30:00+00:00,PCE,Surprise + Adaptive state,-0.3134685689124132,30.30537254741006,0.8895978404245528,-2.697354129035955,-1.0,True,2.7153433892507666,12.436239095666066,2.777413067047666,rv_20d,0.9735772357723578,70,-30.30537254741006,0.8895978404245528,-31.194970387834612
2022-06-03 12:30:00+00:00,NFP,Surprise + Adaptive state,-0.00230345274077212,-48.05158915560881,0.8766891381238853,0.0036802512292197142,0.0,True,4.638632207294616,-14.822612270232506,-2.42177092901848,rv_20d,0.9207317073170732,75,-0.0,0.0,-0.0
2022-06-10 12:30:00+00:00,CPI,Surprise + Adaptive state,-2.473490408348257,-64.60132853154832,0.8998665715083626,-39.60851858513957,-1.0,True,6.2917432271021205,25.57733210656379,3.1251652741332543,rv_20d,0.8800813008130082,67,64.60132853154832,0.8998665715083626,63.70146196003996
2022-06-30 12:30:00+00:00,PCE,Surprise + Adaptive state,1.3674428037700574,-24.145143549638703,0.9464443066479553,10.33675803785562,1.0,True,2.896853394833239,12.399291434299528,2.6487445320786707,rv_20d,0.8760162601626016,71,-24.145143549638703,0.9464443066479553,-25.091587856286658
2022-07-08 12:30:00+00:00,NFP,Surprise + Adaptive state,0.038531795866142235,-17.878811990641452,0.9235668789808916,-0.03524178130913012,0.0,True,4.670277036837985,-14.852795533360503,-2.270035736377093,rv_20d,0.8760162601626016,76,-0.0,0.0,-0.0
2022-07-13 12:30:00+00:00,CPI,Surprise + Adaptive state,-1.6387895948837974,-60.204877815834834,0.9297851875601154,-27.01995182227141,-1.0,True,7.088725203665138,28.37006014277251,3.7508165148947805,rv_20d,0.8313008130081301,68,60.204877815834834,0.9297851875601154,59.27509262827472
2022-07-29 12:30:00+00:00,PCE,Surprise + Adaptive state,-1.9957008241117162,-4.305572707679062,0.8913751767381816,-3.2522537786053642,-1.0,True,1.62962992213672,,,none,,72,4.305572707679062,0.8913751767381816,3.4141975309408803
2022-08-05 12:30:00+00:00,NFP,Surprise + Adaptive state,0.24144452119551107,-33.21036262716959,0.885009765625,1.0499093307090814,1.0,True,4.680793799007314,-14.86484979611245,-2.2284244053512077,rv_20d,0.5223577235772358,77,-33.21036262716959,0.885009765625,-34.09537239279459
2022-08-10 12:30:00+00:00,CPI,Surprise + Adaptive state,1.6768964978331644,33.5514997287234,0.8836344800268138,10.935233641764828,1.0,True,7.693833030169967,30.367244295413347,4.034684843396442,rv_20d,0.4613821138211382,69,33.5514997287234,0.8836344800268138,32.667865248696586
2022-08-26 12:30:00+00:00,PCE,Surprise + Adaptive state,1.3517023197616702,9.306934337374173,0.8726266060843137,2.196288405382819,1.0,True,1.6248314242518016,,,none,,73,9.306934337374173,0.8726266060843137,8.43430773128986
2022-09-02 12:30:00+00:00,NFP,Surprise + Adaptive state,-0.06967087212902896,8.794522835824381,0.9149130832570905,-0.21763777765984768,0.0,True,4.647718185960266,-14.701341217577585,-2.1325579585081798,rv_20d,0.6036585365853658,78,0.0,0.0,0.0
2022-09-13 12:30:00+00:00,CPI,Surprise + Adaptive state,-1.579948474762284,-36.68118169301238,0.8891886919727724,-18.083545632523215,-1.0,True,8.139902746949836,30.68736331462467,3.989127084454621,rv_20d,0.6077235772357723,70,36.68118169301238,0.8891886919727724,35.79199300103961
2022-09-30 12:30:00+00:00,PCE,Surprise + Adaptive state,-3.6097507213276065,20.150624144541496,0.9868309116275904,-6.4363482733974005,-1.0,True,1.783045082689316,,,none,,74,-20.150624144541496,0.9868309116275904,-21.137455056169085
2022-10-07 12:30:00+00:00,NFP,Surprise + Adaptive state,-0.08079578102720068,-48.97695130720692,0.9631671593211332,0.1489001850981765,0.0,True,4.645780242189536,-14.70375260726849,-2.1471013245157873,rv_20d,0.9412955465587044,79,-0.0,0.0,-0.0
2022-10-13 12:30:00+00:00,CPI,Surprise + Adaptive state,-1.5620361853588192,-70.90633792765644,0.9824181035942952,-26.971814702464865,-1.0,True,8.398335309193138,31.29402380684401,4.052950533264527,rv_20d,0.7834008097165992,71,70.90633792765644,0.9824181035942952,69.92391982406214
2022-10-28 12:30:00+00:00,PCE,Surprise + Adaptive state,-0.27118989507824,-27.364052026292995,0.9050338607496177,-1.9584592456443968,-1.0,True,1.790216748508706,-10.866349900284149,-2.48381667571397,prev_x,0.00015324570197727816,75,27.364052026292995,0.9050338607496177,26.459018165543377
2022-11-04 12:30:00+00:00,NFP,Surprise + Adaptive state,-0.00859864988766689,78.91425673230756,0.9028923690027709,-0.02665716967576191,0.0,True,4.004215367624276,-14.406598202772098,-2.0560987399978123,rv_pre_1d,0.562753036437247,80,0.0,0.0,0.0
2022-11-10 13:30:00+00:00,CPI,Surprise + Adaptive state,1.6607633563681254,59.90836010457912,0.8899800521712444,25.153784945073458,1.0,True,9.058490052814232,33.413213413839955,4.1768409845341825,rv_20d,0.6821862348178138,72,59.90836010457912,0.8899800521712444,59.01838005240787
2022-12-01 13:30:00+00:00,PCE,Surprise + Adaptive state,1.3116164878816416,-0.288737782803139,0.837956541840037,4.038107213753512,1.0,True,1.9057222870598296,-10.97521174552115,-2.5988629552203077,prev_x,0.39312249221894735,76,-0.288737782803139,0.837956541840037,-1.126694324643176
2022-12-02 13:30:00+00:00,NFP,Surprise + Adaptive state,-0.014585134531113096,16.167201746011273,0.8441766366838412,-0.05564096697632963,0.0,True,4.649880590634327,-14.73127724929773,-2.16725756866189,rv_20d,0.5566801619433198,81,0.0,0.0,0.0
2022-12-13 13:30:00+00:00,CPI,Surprise + Adaptive state,1.640803512240514,-4.884847014654525,0.8411160740182145,-3.8990323051745364,-1.0,True,9.914262562508437,35.714912775620995,4.229643831505091,rv_20d,0.15587044534412955,73,4.884847014654525,0.8411160740182145,4.043730940636311
2022-12-23 13:30:00+00:00,PCE,Surprise + Adaptive state,-0.2794555225126812,-15.03262361799429,0.8726266060843137,0.7152312362274753,0.0,True,1.8652702523581028,-10.920323374924648,-2.5812907006606074,prev_x,0.9051752164784472,77,-0.0,0.0,-0.0
2023-01-06 13:30:00+00:00,NFP,Surprise + Adaptive state,-0.06884081561522244,66.61690052347069,0.8770072882329815,-0.610981005425687,0.0,True,4.649604637165355,-14.744883997709028,-2.19019057237714,rv_20d,0.21341463414634146,82,0.0,0.0,0.0
2023-01-12 13:30:00+00:00,CPI,Surprise + Adaptive state,0.03632795161555792,83.47905129587829,0.8516886930983847,0.10976783150458633,0.0,True,9.842383363732662,36.084247219099886,4.458927612078265,rv_20d,0.31097560975609756,74,0.0,0.0,0.0
2023-01-27 13:30:00+00:00,PCE,Surprise + Adaptive state,-1.8612980836883501,-1.7645501913143846,0.8522894257332628,-5.692072564890465,-1.0,True,1.8350137185209174,-11.113855530236036,-2.539585134376594,prev_x,0.38994763334588217,78,1.7645501913143846,0.8522894257332628,0.9122607655811218
2023-02-03 13:30:00+00:00,NFP,Surprise + Adaptive state,0.30665937768946433,3.245172833938881,0.8524146850474706,1.5360059436232176,1.0,True,3.9591714529368054,-14.345389312321387,-2.1857392893571523,rv_pre_1d,0.4268292682926829,83,3.245172833938881,0.8524146850474706,2.39275814889141
2023-02-14 13:30:00+00:00,CPI,Surprise + Adaptive state,0.036212663530961496,7.296820369582235,0.8443486868922145,-0.22741452701299245,0.0,True,10.079579589391649,35.457707366066515,4.327370854966781,rv_20d,0.03861788617886179,75,0.0,0.0,0.0
2023-02-24 13:30:00+00:00,PCE,Surprise + Adaptive state,-1.830009657188023,-12.184350710846559,0.8804153131546192,-12.433830344086735,-1.0,True,1.700590519694111,-10.869151422654607,-2.499121830860806,prev_x,0.03135104682160911,79,12.184350710846559,0.8804153131546192,11.303935397691939
2023-03-10 13:30:00+00:00,NFP,Surprise + Adaptive state,0.011791312539496484,-2.7895299822944253,0.9005092535088809,0.045981346617427685,0.0,True,3.9578824644474224,-14.338649597992664,-2.186309537606358,rv_pre_1d,0.5040650406504065,84,-0.0,0.0,-0.0
2023-03-14 12:30:00+00:00,CPI,Surprise + Adaptive state,0.03609846609086587,14.948151392957243,0.9054011863877615,0.012246952992361528,0.0,True,10.076947794067811,35.48844326459084,4.336679045421711,rv_20d,0.22560975609756098,76,0.0,0.0,0.0
2023-03-31 12:30:00+00:00,PCE,Surprise + Adaptive state,-0.24561985495403924,-1.808536296223906,0.8748642452033305,-1.590239680317873,-1.0,True,1.592812951882159,-10.467055542327655,-2.6126289676893624,prev_x,0.03362424739415465,80,1.808536296223906,0.8748642452033305,0.9336720510205755
2023-04-12 12:30:00+00:00,CPI,Surprise + Adaptive state,0.8362188016428281,-7.64188968206625,0.8553058455730549,-5.566618042744832,-1.0,True,10.098840865220836,35.38926285337048,4.320377009493047,rv_20d,0.026530612244897958,77,7.64188968206625,0.8553058455730549,6.786583836493195
2023-04-28 12:30:00+00:00,PCE,Surprise + Adaptive state,-0.2446458487409858,6.213109861263888,0.8576836626049923,-0.6354441771447684,0.0,True,1.5813930161552792,-10.47307535743015,-2.6051186912967914,prev_x,0.40298825898267576,81,0.0,0.0,0.0
2023-05-05 12:30:00+00:00,NFP,Surprise + Adaptive state,-0.009663468391275397,17.384532148589926,0.8689398933301371,-0.04501507874430428,0.0,True,3.958857627724938,-14.338025422238964,-2.1810509822842117,rv_pre_1d,0.45121951219512196,85,0.0,0.0,0.0
2023-05-10 12:30:00+00:00,CPI,Surprise + Adaptive state,0.030788529266230838,26.37233916081172,0.863532144239645,-0.09772640045457666,0.0,True,10.04905675119373,35.943655173211226,4.491090702148915,rv_20d,0.13211382113821138,78,0.0,0.0,0.0
2023-05-26 12:30:00+00:00,PCE,Surprise + Adaptive state,-1.809426281392467,2.1309304636396575,0.8825588118932408,-4.671430073687679,-1.0,True,1.5737307863537051,-10.430916155091127,-2.603761649482435,prev_x,0.4033653301923321,82,-2.1309304636396575,0.8825588118932408,-3.0134892755328986
2023-06-02 12:30:00+00:00,NFP,Surprise + Adaptive state,0.0835127359455142,6.008171293441222,0.8723903495577883,0.6372392123360191,0.0,True,3.957216273004704,-14.343077704854375,-2.1947456373271113,rv_pre_1d,0.24390243902439024,86,0.0,0.0,0.0
2023-06-13 12:30:00+00:00,CPI,Surprise + Adaptive state,0.111044762907337,19.613302345717898,0.8508141411177936,-0.3542960773650789,0.0,True,10.084141710929305,35.689388575893176,4.446720871330051,rv_20d,0.12804878048780488,79,0.0,0.0,0.0
2023-06-30 12:30:00+00:00,PCE,Surprise + Adaptive state,-0.22837106669327886,9.563693473584323,0.8418241458387762,-1.4060493984739137,-1.0,True,1.418526712057153,-10.19418879046741,-2.538975076732276,prev_x,0.03519240161827597,83,-9.563693473584323,0.8418241458387762,-10.4055176194231
2023-07-07 12:30:00+00:00,NFP,Surprise + Adaptive state,-0.1195977821158257,-16.71383091743195,0.8501407129455909,-1.2826880106308751,-1.0,True,3.9599674517146637,-14.357262543996548,-2.2005879956869676,rv_pre_1d,0.02880658436213992,87,16.71383091743195,0.8501407129455909,15.863690204486359
2023-07-12 12:30:00+00:00,CPI,Surprise + Adaptive state,0.7957918434964811,4.618537737606232,0.8402143995364334,-5.560084398485183,-1.0,True,10.109731460403275,35.50830064000456,4.416619636361471,rv_20d,0.018518518518518517,80,-4.618537737606232,0.8402143995364334,-5.458752137142666
2023-07-28 12:30:00+00:00,PCE,Surprise + Adaptive state,-0.22749221991958832,5.337753494440989,0.8151562851360468,-0.5255898887350506,0.0,True,1.3857030665241425,-10.237486806616097,-2.512893200860023,prev_x,0.40967889030313165,84,0.0,0.0,0.0
2023-08-04 12:30:00+00:00,NFP,Surprise + Adaptive state,-0.1093620433557646,1.4140071572299462,0.8211110481907242,-0.7989262682903128,0.0,True,3.9634823886097648,-14.372919896081807,-2.2230062451974657,rv_pre_1d,0.2674897119341564,88,0.0,0.0,0.0
2023-08-10 12:30:00+00:00,CPI,Surprise + Adaptive state,0.025247022731454967,-7.620983475682408,0.819672131147541,-0.14309951081047803,0.0,True,10.110328457610239,35.50118430750058,4.484628444140148,rv_20d,0.05555555555555555,81,-0.0,0.0,-0.0
2023-08-31 12:30:00+00:00,PCE,Surprise + Adaptive state,-0.22662344597528022,-3.1316280451321177,0.8252703471826978,-0.5215757498176954,0.0,True,1.3831767105527522,-10.206010454100555,-2.513088691318787,prev_x,0.4100205091329687,85,-0.0,0.0,-0.0
2023-09-01 12:30:00+00:00,NFP,Surprise + Adaptive state,-0.07191857716894035,0.8584059406935296,0.830612361803288,-0.7721216789631111,0.0,True,3.9635413941278435,-14.373103906023141,-2.223176103256498,rv_pre_1d,0.02880658436213992,89,0.0,0.0,0.0
2023-09-29 12:30:00+00:00,PCE,Surprise + Adaptive state,1.3433872606317534,6.746747883550341,0.851513638899492,3.088200869142819,1.0,True,1.3835274947783247,-10.210525331294336,-2.5143665493147216,prev_x,0.4103582796649657,86,6.746747883550341,0.851513638899492,5.895234244650849
2023-10-06 12:30:00+00:00,NFP,Surprise + Adaptive state,0.1131620651823218,-18.719247034972852,0.8700087000870008,0.3911405404012352,0.0,True,3.963368904020694,-14.372260977883668,-2.22415762521186,rv_pre_1d,0.5352697095435685,90,-0.0,0.0,-0.0
2023-10-12 12:30:00+00:00,CPI,Surprise + Adaptive state,-0.7867827476260195,-19.95305826303806,0.8494932333470032,0.45929440870486266,0.0,True,10.090530455316852,35.72923120339621,4.51855404428729,rv_20d,0.2012448132780083,82,-0.0,0.0,-0.0
2023-10-27 12:30:00+00:00,PCE,Surprise + Adaptive state,-1.799426751444557,6.388707416764561,0.8824782423467835,4.9640818042245956,1.0,True,1.4677943782159384,-10.297810110364354,-2.553395766059839,prev_x,0.9104266951094417,87,6.388707416764561,0.8824782423467835,5.506229174417777
2023-11-03 12:30:00+00:00,NFP,Surprise + Adaptive state,-0.13108733580921772,17.039783193428804,0.8549276259544235,-0.8512993764495944,0.0,True,3.963210806640249,-14.351851489042268,-2.1930091897457835,rv_pre_1d,0.3236514522821577,91,0.0,0.0,0.0
2023-11-14 13:30:00+00:00,CPI,Surprise + Adaptive state,0.8426941285268533,38.339073496249654,0.8429742456833904,12.78932920581496,1.0,True,10.162206341601395,35.54402217569904,4.4731618293490065,rv_20d,0.6410788381742739,83,38.339073496249654,0.8429742456833904,37.49609925056626
2023-11-30 13:30:00+00:00,PCE,Surprise + Adaptive state,1.3321946861111806,-0.8403949861346405,0.8120292330523898,8.331902545479482,1.0,True,1.4597587638796459,-10.33245063053275,-2.689230720553306,prev_x,0.035975600532384244,88,-0.8403949861346405,0.8120292330523898,-1.6524242191870302
2023-12-08 13:30:00+00:00,NFP,Surprise + Adaptive state,-0.07577269969724261,11.914494142981624,0.8031683607056804,-0.797313793360809,0.0,True,3.9550887132561665,-14.32336652425357,-2.189291035362194,rv_pre_1d,0.04149377593360996,92,0.0,0.0,0.0
2023-12-12 13:30:00+00:00,CPI,Surprise + Adaptive state,-0.7887014604517996,-30.129579888313884,0.793194934493039,5.165594781380413,1.0,True,10.48163202652209,36.32301909729949,4.5307494284879635,rv_20d,0.03112033195020747,84,-30.129579888313884,0.793194934493039,-30.92277482280692
2023-12-22 13:30:00+00:00,PCE,Surprise + Adaptive state,1.319160634839701,13.006146573246724,0.7701704998140968,-3.5036097962189867,-1.0,True,1.3708278807700145,-9.854987707085073,-2.6508065639470297,prev_x,0.9086018888655418,89,-13.006146573246724,0.7701704998140968,-13.77631707306082
2024-01-05 13:30:00+00:00,NFP,Surprise + Adaptive state,-0.041746958090400695,19.146905115459134,0.7704979010574419,-0.31170931524005946,0.0,True,3.957634018659891,-14.335920185077562,-2.185362929852709,rv_pre_1d,0.25523012552301255,93,0.0,0.0,0.0
2024-01-11 13:30:00+00:00,CPI,Surprise + Adaptive state,-0.7849042105335153,-11.35358618006066,0.7639821913116783,4.858012391662747,1.0,True,10.558057833300653,35.73767832131496,4.418505992604608,rv_20d,0.03138075313807531,85,-11.35358618006066,0.7639821913116783,-12.117568371372338
2024-01-26 13:30:00+00:00,PCE,Surprise + Adaptive state,-0.23765961104637265,18.86101046373767,0.7601373489554665,0.4745617181052688,0.0,True,1.5968456187280626,-8.841742945982917,-2.4483183888846343,prev_x,0.9064422922330693,90,0.0,0.0,0.0
2024-02-02 13:30:00+00:00,NFP,Surprise + Adaptive state,0.1178356155064509,-16.09762777841084,0.7503040024837649,0.2295405989625337,0.0,True,3.960173033975443,-14.355695672898158,-2.1919726496282226,rv_pre_1d,0.6401673640167364,94,-0.0,0.0,-0.0
2024-02-13 13:30:00+00:00,CPI,Surprise + Adaptive state,-0.7811613847490155,-42.99299569940018,0.7468644569780319,0.524852754300721,0.0,True,10.597267182524888,35.43852665188258,4.372654341195296,rv_20d,0.18200836820083682,86,-0.0,0.0,-0.0
2024-02-29 13:30:00+00:00,PCE,Surprise + Adaptive state,-0.23678595848151593,27.950527844584627,0.7461726489129036,-0.5780910424263089,0.0,True,1.6252298846906297,-8.689448963666148,-2.453870282776151,prev_x,0.40607255594238495,91,0.0,0.0,0.0
2024-03-08 13:30:00+00:00,NFP,Surprise + Adaptive state,0.0003740759023637736,13.66032404387596,0.7492959202129034,0.0027332715698362865,0.0,True,3.9685365015257754,-14.375283158793566,-2.1694490515256555,rv_pre_1d,0.26778242677824265,95,0.0,0.0,0.0
2024-03-12 12:30:00+00:00,CPI,Surprise + Adaptive state,0.038897596673548446,38.67579078409733,0.747576819962879,0.3195989106143339,0.0,True,10.714718710508519,35.12316984286682,4.273992904833734,rv_20d,0.42887029288702927,87,0.0,0.0,0.0
2024-04-05 12:30:00+00:00,NFP,Surprise + Adaptive state,0.01805478474136971,-1.0261672661648902,0.7431133888532991,-0.034036741688840556,0.0,True,3.9729883441243503,-14.401360820431844,-2.1782907121223967,rv_pre_1d,0.9067796610169492,96,-0.0,0.0,-0.0
2024-04-10 12:30:00+00:00,CPI,Surprise + Adaptive state,-0.7799931857072275,-44.016081566446985,0.7383267987168389,-14.688470578472492,-1.0,True,10.822698640708957,35.14990192477076,4.265236345296941,rv_20d,0.7278481012658228,88,44.016081566446985,0.7383267987168389,43.277754767730144
2024-04-26 12:30:00+00:00,PCE,Surprise + Adaptive state,-0.24439946298316922,-22.14955759560766,0.7565480538453511,-0.5865923737139785,0.0,True,1.5996697139936193,-8.553052569098952,-2.4190637157221375,prev_x,0.4064114226663902,92,-0.0,0.0,-0.0
2024-05-03 12:30:00+00:00,NFP,Surprise + Adaptive state,-0.17706829493247359,-8.230241456317344,0.750168141135082,0.25973555228663525,0.0,True,3.9771276492876284,-14.415939847784912,-2.1777374706957433,rv_pre_1d,0.8776371308016878,97,-0.0,0.0,-0.0
2024-05-15 12:30:00+00:00,CPI,Surprise + Adaptive state,0.8630942134153134,-4.769136249223038,0.7306074118862268,11.807130834751325,1.0,True,10.977800851993889,35.57898588635847,4.293208099816427,rv_20d,0.5759493670886076,89,-4.769136249223038,0.7306074118862268,-5.499743661109265
2024-05-31 12:30:00+00:00,PCE,Surprise + Adaptive state,-0.24351667860145637,7.31185074620555,0.7587253414264037,-0.5975293282815637,0.0,True,1.618787449688502,-8.648953761623359,-2.444650223991886,prev_x,0.4034607288233775,93,0.0,0.0,0.0
2024-06-07 12:30:00+00:00,NFP,Surprise + Adaptive state,0.022890670339214506,4.896844210673379,0.7441621760328458,0.05706159151127564,0.0,True,3.9849664868611097,-14.434541570828513,-2.1616634944900412,rv_pre_1d,0.6033755274261603,98,0.0,0.0,0.0
2024-06-12 12:30:00+00:00,CPI,Surprise + Adaptive state,0.8587529694109373,26.60596621796074,0.746941403734707,17.540152721187575,1.0,True,10.775184044215784,35.185237166716774,4.286216784571097,rv_20d,0.7742616033755274,90,26.60596621796074,0.746941403734707,25.859024814226036
2024-06-28 12:30:00+00:00,PCE,Surprise + Adaptive state,-0.2426433957445556,-7.834119251839411,0.7330081136415337,-0.591694559229133,0.0,True,1.6104788927830793,-8.607889241266944,-2.43556150457467,prev_x,0.4038025831321535,94,-0.0,0.0,-0.0
2024-07-05 12:30:00+00:00,NFP,Surprise + Adaptive state,-0.07399593365510283,-2.269145928419647,0.7316950093354191,-0.6169752130516244,0.0,True,3.983941389790789,-14.432205044434205,-2.164910172129137,rv_pre_1d,0.19831223628691982,99,-0.0,0.0,-0.0
2024-07-11 12:30:00+00:00,CPI,Surprise + Adaptive state,1.6754537637453566,-24.468814485469892,0.725,-10.943643883077925,-1.0,True,10.91555944684981,35.6466565840128,4.377121483107974,rv_20d,0.010548523206751054,91,24.468814485469892,0.725,23.74381448546989
2024-07-26 12:30:00+00:00,PCE,Surprise + Adaptive state,-0.5783982211069412,-10.630277511847197,0.7168458781362007,-1.4135437226069156,-1.0,True,1.6160725446745665,-8.635804781064419,-2.4442693277452405,prev_x,0.4041408303336824,95,10.630277511847197,0.7168458781362007,9.913431633710996
2024-08-02 12:30:00+00:00,NFP,Surprise + Adaptive state,-0.1721608664320203,5.996701993709053,0.7208550832711905,0.503895780180717,0.0,True,3.9839163232262265,-14.43049258499046,-2.165565654915073,rv_pre_1d,0.9789029535864979,100,0.0,0.0,0.0
2024-08-14 12:30:00+00:00,CPI,Surprise + Adaptive state,0.023803419256880783,4.25985096963899,0.727145077980041,0.6766719963349854,0.0,True,10.797633748850453,36.97594020166165,4.822407903884611,rv_20d,0.9767932489451476,92,0.0,0.0,0.0
2024-08-30 12:30:00+00:00,PCE,Surprise + Adaptive state,-0.238436036952374,-14.695787845440123,0.6981054861462169,-0.8471664166456334,-1.0,True,1.65046822779244,-8.707206466534792,-2.4686844566632633,prev_x,0.28149764734166116,96,14.695787845440123,0.6981054861462169,13.997682359293906
2024-09-06 12:30:00+00:00,NFP,Surprise + Adaptive state,-0.12297466673639144,23.542694249361062,0.7130387745568095,0.2925639855100483,0.0,True,3.9812169325124693,-14.424740591774185,-2.1769343835879913,rv_pre_1d,0.9409282700421941,101,0.0,0.0,0.0
2024-09-11 12:30:00+00:00,CPI,Surprise + Adaptive state,-0.09913290389855092,27.604582141123046,0.7128109330449317,-2.0192227976053068,-1.0,True,10.823664651696241,37.08537454119529,4.839334734254926,rv_20d,0.7573839662447257,93,-27.604582141123046,0.7128109330449317,-28.317393074167978
2024-09-27 12:30:00+00:00,PCE,Surprise + Adaptive state,-0.2375999467930136,8.44673912258287,0.6809269999295593,-0.5918848401788558,0.0,True,1.6671200592078685,-8.744466485418483,-2.4863539536504438,prev_x,0.40577145990425717,97,0.0,0.0,0.0
2024-10-04 12:30:00+00:00,NFP,Surprise + Adaptive state,0.040543022944561934,28.93336763154508,0.6837848671335266,0.1974236796739595,0.0,True,4.5346949310321385,-14.365577289337619,-2.2179007062849654,rv_20d,0.4766949152542373,102,0.0,0.0,0.0
2024-10-10 12:30:00+00:00,CPI,Surprise + Adaptive state,-0.7970756838786801,-5.851032874186757,0.6778234854151085,-5.717576069398889,-1.0,True,10.886566383429614,37.29177046975269,4.867866611760636,rv_20d,0.4004237288135593,94,5.851032874186757,0.6778234854151085,5.173209388771649
2024-10-31 12:30:00+00:00,PCE,Surprise + Adaptive state,-0.2367725943128565,-9.963940850923336,0.6875133353879709,-0.5863068716939662,0.0,True,1.659226994945366,-8.700534765223681,-2.4770906638777856,prev_x,0.4060956958928384,98,-0.0,0.0,-0.0
2024-11-01 12:30:00+00:00,NFP,Surprise + Adaptive state,-0.20694615809024963,24.45772765117482,0.6892945426887241,-0.5543641463373348,0.0,True,4.540792412599067,-14.407668317012691,-2.2537007762274355,rv_20d,0.6292372881355932,103,0.0,0.0,0.0
2024-11-13 13:30:00+00:00,CPI,Surprise + Adaptive state,0.028872763033326438,-7.710450309428296,0.6592557230216645,0.7595001744381258,1.0,True,10.896519072426406,37.29660527273579,4.867471238095561,rv_20d,0.913135593220339,95,-7.710450309428296,0.6592557230216645,-8.36970603244996
2024-11-27 15:00:00+00:00,PCE,Surprise + Adaptive state,-0.23595382831701026,5.772903042338129,0.6439435994226712,-0.5858254425967435,0.0,True,1.6653471823913233,-8.734987356454061,-2.4865363326075975,prev_x,0.40641660681900793,99,0.0,0.0,0.0
2024-12-06 13:30:00+00:00,NFP,Surprise + Adaptive state,-0.08361582857707964,4.899886509743823,0.64709032488397,0.03161659976756289,0.0,True,4.529009751708414,-14.38611190053065,-2.275529274304428,rv_20d,0.8411016949152542,104,0.0,0.0,0.0
2024-12-11 13:30:00+00:00,CPI,Surprise + Adaptive state,-0.13613039922014264,10.808134172304307,0.6541107477162513,-0.41770218207522447,0.0,True,10.866347081119347,37.178102863098445,4.854504603826694,rv_20d,0.2902542372881356,96,0.0,0.0,0.0
2025-01-10 13:30:00+00:00,NFP,Surprise + Adaptive state,0.02543842745033338,-3.289473713881108,0.676779463243874,0.2661131897485155,0.0,True,4.527863745263487,-14.387258476566613,-2.2870449305243477,rv_20d,0.0876068376068376,105,-0.0,0.0,-0.0
2025-01-15 13:30:00+00:00,CPI,Surprise + Adaptive state,0.029630018694912632,55.180515195409896,0.6750151296494576,0.21911351016539654,0.0,True,10.873775840464882,37.1598233754126,4.85110235042729,rv_20d,0.40638297872340423,97,0.0,0.0,0.0
2025-01-31 13:30:00+00:00,PCE,Surprise + Adaptive state,-0.24328328434500773,-1.3282270402292795,0.641763299991148,-0.6012798667169784,0.0,True,1.6597951023179176,-8.703370589556778,-2.480244776537094,prev_x,0.40673424914231004,100,-0.0,0.0,-0.0
2025-02-07 13:30:00+00:00,NFP,Surprise + Adaptive state,-0.13442132024142522,25.63732413108255,0.6467007113707824,-0.1581395718474523,0.0,True,4.5200461578890065,-14.356003311311232,-2.2827504804322674,rv_20d,0.7329059829059829,106,0.0,0.0,0.0
2025-02-12 13:30:00+00:00,CPI,Surprise + Adaptive state,-1.6288289771507536,-0.9028530161536708,0.6487986039643832,-15.452226550199459,-1.0,True,10.995441966380218,37.16247466979307,4.8313077090780725,rv_20d,0.4594017094017094,98,0.9028530161536708,0.6487986039643832,0.2540544121892876
2025-02-28 13:30:00+00:00,PCE,Surprise + Adaptive state,-0.24245575341235073,-10.804474562871036,0.6668046262445103,-0.6050989346749832,0.0,True,1.659436449467539,-8.701468682410086,-2.481095396595344,prev_x,0.40389297631020604,101,-0.0,0.0,-0.0
2025-03-07 13:30:00+00:00,NFP,Surprise + Adaptive state,-0.10408611006653506,-68.47896181579216,0.6807192150603258,-0.00034237759192018907,0.0,True,4.512982063662403,-14.357388988063066,-2.3238376382399397,rv_20d,0.8141025641025641,107,-0.0,0.0,-0.0
2025-03-12 12:30:00+00:00,CPI,Surprise + Adaptive state,0.863785844188717,-42.74276120659337,0.6953769422597352,20.528068336643095,1.0,True,10.865989595417831,37.035852823389746,4.858414890304349,rv_20d,0.8482905982905983,99,-42.74276120659337,0.6953769422597352,-43.438138148853106
2025-03-28 12:30:00+00:00,PCE,Surprise + Adaptive state,-0.2416366134206346,-15.53562913979789,0.6816792816510742,-0.604959417681427,0.0,True,1.6665525619646173,-8.738593585214488,-2.4912286034104283,prev_x,0.4042135188912642,102,-0.0,0.0,-0.0
2025-04-04 12:30:00+00:00,NFP,Surprise + Adaptive state,0.022901267949125444,19.882973894436162,0.7307362797964017,-0.05968414214017015,0.0,True,4.5305918989628085,-14.334743619616455,-2.188873338271101,rv_20d,0.9978632478632479,108,0.0,0.0,0.0
2025-04-10 12:30:00+00:00,CPI,Surprise + Adaptive state,1.6857215992659478,-47.609691199443915,0.7206401272302569,45.50763295032426,1.0,True,10.022342092115437,34.092884547484836,4.294154610784785,rv_20d,0.9978632478632479,100,-47.609691199443915,0.7206401272302569,-48.33033132667417
2025-04-30 14:00:00+00:00,PCE,Surprise + Adaptive state,-0.24082572346498407,54.64562648212379,0.7269263548403267,-0.6060785007664982,0.0,True,1.6770952596660584,-8.794185441847477,-2.5051232025281625,prev_x,0.40453087460252773,103,0.0,0.0,0.0
2025-05-02 12:30:00+00:00,NFP,Surprise + Adaptive state,-0.04068498955260628,30.78752992482947,0.7064211244275552,0.09112605185914027,0.0,True,4.517364728653816,-14.312893696349043,-2.235873557904608,rv_20d,0.9721030042918455,109,0.0,0.0,0.0
2025-05-13 12:30:00+00:00,CPI,Surprise + Adaptive state,0.8463013350782487,-21.247470102245813,0.6849153302945136,15.445966708316005,1.0,True,8.059767656199288,26.09440066821864,2.430259246363962,rv_20d,0.8905579399141631,101,-21.247470102245813,0.6849153302945136,-21.932385432540325
2025-05-30 12:30:00+00:00,PCE,Surprise + Adaptive state,-0.2400229459321998,4.748112714434427,0.6887706631198935,-0.5879147556186718,0.0,True,1.6343050276904596,-8.566091383921998,-2.4445517639845904,prev_x,0.40484509591608436,104,0.0,0.0,0.0
2025-06-06 12:30:00+00:00,NFP,Surprise + Adaptive state,-0.07537897167229662,16.180664123321975,0.6817273560732504,-0.19148037927274306,0.0,True,4.505837171726546,-14.312033358941427,-2.3101093885457162,rv_20d,0.6373390557939914,110,0.0,0.0,0.0
2025-06-11 12:30:00+00:00,CPI,Surprise + Adaptive state,0.842385437586005,-9.770396478270271,0.676890040379992,5.976143233656853,1.0,True,7.736292248129329,24.930319858484665,2.4263160519307774,rv_20d,0.4742489270386266,102,-9.770396478270271,0.676890040379992,-10.447286518650262
2025-06-27 12:30:00+00:00,PCE,Surprise + Adaptive state,-0.23922814640251422,2.9649565166778302,0.6610289257140252,-0.5836779409952473,0.0,True,1.6297341784459065,-8.541456491001021,-2.439148222521112,prev_x,0.4051562341021251,105,0.0,0.0,0.0
2025-07-15 12:30:00+00:00,CPI,Surprise + Adaptive state,0.015270024971998773,-13.431234110825585,0.649859943977591,0.09177817036319401,0.0,True,7.611000288848068,24.86345913179437,2.436932074837424,rv_20d,0.4356223175965665,103,-0.0,0.0,-0.0
2025-07-31 12:30:00+00:00,PCE,Surprise + Adaptive state,-0.23844119355490775,-7.822890174438157,0.6482040278057176,-0.5799985693292607,0.0,True,1.6266014643135507,-8.524382495984112,-2.4357212660465564,prev_x,0.40546433926411674,106,-0.0,0.0,-0.0
2025-08-01 12:30:00+00:00,NFP,Surprise + Adaptive state,-0.13459299863347782,6.835893261687431,0.6598407281001138,-1.4244615264126201,-1.0,True,4.502543372977791,-14.311685646633855,-2.32715381336943,rv_20d,0.07510729613733906,111,-6.835893261687431,0.6598407281001138,-7.495733989787545
2025-08-12 12:30:00+00:00,CPI,Surprise + Adaptive state,0.015229351855953272,11.289996005832137,0.6573727756998753,0.05699397249141515,0.0,True,7.5865472252553605,24.880325496007753,2.4426071939782146,rv_20d,0.34549356223175964,104,0.0,0.0,0.0
2025-08-29 12:30:00+00:00,PCE,Surprise + Adaptive state,-0.23766195907583582,-1.7540397773530003,0.6365372374283895,-0.5791370292751005,0.0,True,1.6311763632860496,-8.549601871155106,-2.443679502097083,prev_x,0.4057694603727252,107,-0.0,0.0,-0.0
2025-09-05 12:30:00+00:00,NFP,Surprise + Adaptive state,-0.16203229557152443,32.003534549343016,0.636467386533228,-1.2166778848817026,-1.0,True,4.5006848020581405,-14.304181841081128,-2.3238630709430605,rv_20d,0.28969957081545067,112,-32.003534549343016,0.636467386533228,-32.64000193587624
2025-09-11 12:30:00+00:00,CPI,Surprise + Adaptive state,-0.8125014898375039,1.9705512133505465,0.6354771556919031,0.324162930692252,0.0,True,7.601768782328535,24.855625468076198,2.4384663303447907,rv_20d,0.1781115879828326,105,0.0,0.0,0.0
2025-09-26 12:30:00+00:00,PCE,Surprise + Adaptive state,-0.23689031757122087,7.100973992510973,0.6247980178821502,-0.5767351667453698,0.0,True,1.631427078581562,-8.551000014334669,-2.4452225052462566,prev_x,0.4060716452985398,108,0.0,0.0,0.0
2025-10-24 12:30:00+00:00,CPI,Surprise + Adaptive state,0.847953082809842,-18.236184786228904,0.6171394522355345,4.230911995258574,1.0,True,7.611084089587159,24.82423692028099,2.4371813633653123,rv_20d,0.39439655172413796,106,-18.236184786228904,0.6171394522355345,-18.853324238464438
2025-11-20 13:30:00+00:00,NFP,Surprise + Adaptive state,-0.0023105936820798033,25.748324492571584,0.624246598932323,-0.007443051238747038,0.0,True,4.47812714461108,-14.223919151932202,-2.2936561205859,rv_20d,0.5883620689655172,113,0.0,0.0,0.0
2025-12-05 15:00:00+00:00,PCE,Surprise + Adaptive state,-0.2361261464815725,4.365405272466205,0.6031739428856674,-0.5722091613322986,0.0,True,1.6257152530406342,-8.518771138968885,-2.437567625749294,prev_x,0.4063709408436496,109,0.0,0.0,0.0
2026-01-09 13:30:00+00:00,NFP,Surprise + Adaptive state,-0.11728348610816007,9.875349714754122,0.5850430712743852,-0.9082348123503606,-1.0,True,4.477204170387441,-14.237982776122655,-2.3225800331400968,rv_20d,0.27056277056277056,114,-9.875349714754122,0.5850430712743852,-10.460392786028507
2026-01-13 13:30:00+00:00,CPI,Surprise + Adaptive state,0.01505420514787327,-18.268511981620605,0.5836419256158428,0.007856554457071414,0.0,True,7.438839127469982,24.87958918422764,2.460890562797315,rv_20d,0.22198275862068967,107,-0.0,0.0,-0.0
2026-02-11 13:30:00+00:00,NFP,Surprise + Adaptive state,-0.002974276950318473,27.542495243455534,0.5758995948844229,-0.0035491728011281683,0.0,True,4.4745406922433455,-14.228978085918047,-2.3189341642891668,rv_20d,0.7306034482758621,115,0.0,0.0,0.0
2026-02-13 13:30:00+00:00,CPI,Surprise + Adaptive state,0.8462769813651695,-4.843103716893893,0.5863916691942169,11.688944645023584,1.0,True,7.402982208837007,24.99055299717362,2.4731595804115782,rv_20d,0.7564655172413793,108,-4.843103716893893,0.5863916691942169,-5.42949538608811
2026-02-20 13:30:00+00:00,PCE,Surprise + Adaptive state,-1.874584816789142,-5.872288032353623,0.5864984022974558,-4.527278573123633,-1.0,True,1.6219897383231705,-8.497497626999364,-2.432808361852623,prev_x,0.4066673927721193,110,5.872288032353623,0.5864984022974558,5.2857896300561675
2026-03-06 13:30:00+00:00,NFP,Surprise + Adaptive state,-0.288041446580229,-46.16122440461723,0.6074061662198391,-0.20058267341408312,0.0,True,4.469443213729704,-14.233391685381596,-2.3588399800499307,rv_20d,0.7650862068965517,116,-0.0,0.0,-0.0
2026-03-11 12:30:00+00:00,CPI,Surprise + Adaptive state,-0.07257360225559249,-31.074183062749228,0.6080429404117919,-0.39461804695381675,0.0,True,7.300276335593704,24.6952591932757,2.496568374030236,rv_20d,0.4245689655172414,109,-0.0,0.0,-0.0
2026-03-13 12:30:00+00:00,PCE,Surprise + Adaptive state,-0.21994435368833912,0.21304926764997845,0.6182577921801048,-1.238426270995612,-1.0,True,1.6329792203996387,-8.513346583213693,-2.453168912634514,prev_x,0.030424931790291154,111,-0.21304926764997845,0.6182577921801048,-0.8313070598300832
2026-04-09 12:30:00+00:00,PCE,Surprise + Adaptive state,-0.21926095603584936,1.667396156346257,0.6045319046924184,-0.5184064756911888,0.0,True,1.6228797345273516,-8.518294704912226,-2.4464154590343905,prev_x,0.412957246367338,112,0.0,0.0,0.0
2026-04-10 12:30:00+00:00,CPI,Surprise + Adaptive state,0.3863432136330373,-8.671594877949218,0.5989879169678819,6.493308090930803,1.0,True,7.271891478766493,24.74868100452375,2.5079628281031705,rv_20d,0.8852813852813853,110,-8.671594877949218,0.5989879169678819,-9.2705827949171
2026-04-30 12:30:00+00:00,PCE,Surprise + Adaptive state,-0.21858389123884375,-8.715480663177289,0.5875321623209546,-0.5159807090287867,0.0,True,1.6221750883147172,-8.50904807379031,-2.444958245172077,prev_x,0.4132233872199925,113,-0.0,0.0,-0.0
2026-05-08 12:30:00+00:00,NFP,Surprise + Adaptive state,-0.02209025678682834,-5.815411002618731,0.5815119310206537,-0.09151525918083556,0.0,True,4.479713797411168,-14.2121265965858,-2.2838201204803705,rv_20d,0.5237068965517241,117,-0.0,0.0,-0.0
2026-05-12 12:30:00+00:00,CPI,Surprise + Adaptive state,0.009048380436151223,15.266258514028408,0.5828559943724249,0.05635430994825557,0.0,True,7.235951169315226,24.612538812307132,2.525310051868571,rv_20d,0.45905172413793105,111,0.0,0.0,0.0
2026-05-28 12:30:00+00:00,PCE,Surprise + Adaptive state,1.4256193886011588,9.086061422678426,0.5731791679019665,3.367836192804319,1.0,True,1.6240415977979294,-8.534281109904104,-2.4518936262790407,prev_x,0.41348710114946124,114,9.086061422678426,0.5731791679019665,8.51288225477646
2026-06-05 12:30:00+00:00,NFP,Surprise + Adaptive state,0.024028750728270636,4.256389485188805,0.5609284332688588,0.1701835590128246,0.0,True,4.4799429596755855,-14.206884155620413,-2.275394519637805,rv_20d,0.3168103448275862,118,0.0,0.0,0.0
2026-06-10 12:30:00+00:00,CPI,Surprise + Adaptive state,0.009025267637695652,12.047361406555268,0.5733718217406777,0.08225219543934674,0.0,True,7.258424927581403,24.59361045181012,2.5190801313020086,rv_20d,0.5754310344827587,112,0.0,0.0,0.0
2026-06-25 12:30:00+00:00,PCE,Surprise + Adaptive state,1.4130475363822363,-5.150558567930119,0.5540801314507346,-2.728594175649421,-1.0,True,1.72020866324756,-8.631475889498704,-2.4882970321772304,prev_x,0.9230108817161551,115,5.150558567930119,0.5540801314507346,4.5964784364793845
