timestamp_utc,event_type,strategy,x,ret_bps,cost_bps,pred_bps,position,eligible,b,d,t_d,used_state,state_pct,n_train,gross_bps,tc_bps,net_bps
2016-01-08 13:30:00+00:00,NFP,Naive sign,1.6142593236792937,-16.61873185295981,3.0248654191233015,,0.0,False,,,,,,0,-0.0,0.0,-0.0
2016-01-20 13:30:00+00:00,CPI,Naive sign,0.8034072020471136,12.204218749847229,3.2013022246337495,,0.0,False,,,,,,0,0.0,0.0,0.0
2016-02-01 13:30:00+00:00,PCE,Naive sign,1.3212240511473,10.434329888919791,3.0801357347950926,,0.0,False,,,,,,0,0.0,0.0,0.0
2016-02-05 13:30:00+00:00,NFP,Naive sign,-0.5662977961971637,-19.727763352150873,3.0906233630172864,,0.0,False,,,,,,1,-0.0,0.0,-0.0
2016-02-19 13:30:00+00:00,CPI,Naive sign,-1.1647750851392003,-13.113036235150588,3.0881968071185555,,0.0,False,,,,,,1,-0.0,0.0,-0.0
2016-02-26 15:00:00+00:00,PCE,Naive sign,-2.1146814105422513,-19.20246381512669,3.017131168499105,,0.0,False,,,,,,1,-0.0,0.0,-0.0
2016-03-04 13:30:00+00:00,NFP,Naive sign,0.8511296176546844,-38.85447013824539,2.958505703898709,,0.0,False,,,,,,2,-0.0,0.0,-0.0
2016-03-16 12:30:00+00:00,CPI,Naive sign,-0.1690515651424326,-21.132458607198146,2.9284030276709268,,0.0,False,,,,,,2,-0.0,0.0,-0.0
2016-03-28 12:30:00+00:00,PCE,Naive sign,-0.3589718295271186,-6.149683485121571,2.9028290282902827,,0.0,False,,,,,,2,-0.0,0.0,-0.0
2016-04-01 12:30:00+00:00,NFP,Naive sign,0.23256549524665046,-26.937692302420047,2.8868501529051986,,0.0,False,,,,,,3,-0.0,0.0,-0.0
2016-04-14 12:30:00+00:00,CPI,Naive sign,0.8159070832843519,10.830977651874463,2.843030960125286,,0.0,False,,,,,,3,0.0,0.0,0.0
2016-04-29 12:30:00+00:00,PCE,Naive sign,-0.3548908737688326,-24.183808642819216,2.8495532480077275,,0.0,False,,,,,,3,-0.0,0.0,-0.0
2016-05-06 12:30:00+00:00,NFP,Naive sign,-0.5970295853454834,-18.428655624038726,2.8942850134903115,,0.0,False,,,,,,4,-0.0,0.0,-0.0
2016-05-17 12:30:00+00:00,CPI,Naive sign,-1.165117912908518,-7.285090171640363,2.8637301298386113,,0.0,False,,,,,,4,-0.0,0.0,-0.0
2016-05-31 12:30:00+00:00,PCE,Naive sign,-0.3509464824958188,-2.380952392195823,2.8081865778200856,,0.0,False,,,,,,4,-0.0,0.0,-0.0
2016-06-03 12:30:00+00:00,NFP,Naive sign,-1.9555484666489378,-15.502954628470178,2.802850356294537,,0.0,False,,,,,,5,-0.0,0.0,-0.0
2016-06-16 12:30:00+00:00,CPI,Naive sign,0.820318465725177,3.637024953713208,2.8619936939121997,,0.0,False,,,,,,5,0.0,0.0,0.0
2016-06-29 12:30:00+00:00,PCE,Naive sign,-0.3471306674377593,14.687885137503187,2.890385793018983,,0.0,False,,,,,,5,0.0,0.0,0.0
2016-07-08 12:30:00+00:00,NFP,Naive sign,1.8450710388339822,14.239945446492541,2.8138786216764036,,0.0,False,,,,,,6,0.0,0.0,0.0
2016-07-15 12:30:00+00:00,CPI,Naive sign,0.8115726727885837,1.1570726076026716,2.7343297416290118,,0.0,False,,,,,,6,0.0,0.0,0.0
2016-08-02 12:30:00+00:00,PCE,Naive sign,1.357394389268374,-3.472021329935515,2.7311653743779654,,0.0,False,,,,,,6,-0.0,0.0,-0.0
2016-08-05 12:30:00+00:00,NFP,Naive sign,1.2796377681502662,15.005485588135414,2.72895467160037,,0.0,False,,,,,,7,0.0,0.0,0.0
2016-08-16 12:30:00+00:00,CPI,Naive sign,-0.18513874292076055,-3.4374105179502124,2.7036315729178595,,0.0,False,,,,,,7,-0.0,0.0,-0.0
2016-08-29 12:30:00+00:00,PCE,Naive sign,-0.36621496105815404,1.151874677312037,2.718580808662596,,0.0,False,,,,,,7,0.0,0.0,0.0
2016-09-02 12:30:00+00:00,NFP,Naive sign,-0.40888888651079935,26.477883425233273,2.7239150507848566,,0.0,False,,,,,,8,0.0,0.0,0.0
2016-09-16 12:30:00+00:00,CPI,Naive sign,-1.1782923846276343,17.522345468030665,2.7553998832457673,,0.0,False,,,,,,8,0.0,0.0,0.0
2016-09-30 12:30:00+00:00,PCE,Naive sign,1.3393576888346368,8.139062131764518,2.74482437776227,,0.0,False,,,,,,8,0.0,0.0,0.0
2016-10-07 12:30:00+00:00,NFP,Naive sign,-0.1964152932718881,6.954909286953637,2.7403622851834646,,0.0,False,,,,,,9,0.0,0.0,0.0
2016-10-18 12:30:00+00:00,CPI,Naive sign,-0.16901430640024803,2.3397286021609176,2.7624956104412965,,0.0,False,,,,,,9,0.0,0.0,0.0
2016-10-31 12:30:00+00:00,PCE,Naive sign,-0.3840686609153908,4.702010195956063,2.7751646284101597,,0.0,False,,,,,,9,0.0,0.0,0.0
2016-11-04 12:30:00+00:00,NFP,Naive sign,-0.1303193272493761,19.18925990609388,2.8310940499040305,,0.0,False,,,,,,10,0.0,0.0,0.0
2016-11-17 13:30:00+00:00,CPI,Naive sign,-0.16796381350875023,5.750762134448806,2.714515757994019,,0.0,False,,,,,,10,0.0,0.0,0.0
2016-11-30 13:30:00+00:00,PCE,Naive sign,1.3230170925284488,4.525910916814979,2.6714964908308807,,0.0,False,,,,,,10,0.0,0.0,0.0
2016-12-02 13:30:00+00:00,NFP,Naive sign,0.033610480884534014,3.425244082126966,2.6940639269406392,,0.0,False,,,,,,11,0.0,0.0,0.0
2016-12-15 13:30:00+00:00,CPI,Naive sign,-0.1669325545533029,11.081561417709551,2.6175687666370893,,0.0,False,,,,,,11,0.0,0.0,0.0
2016-12-22 15:00:00+00:00,PCE,Naive sign,2.9838886430672513,0.0,2.6149584487534625,,0.0,False,,,,,,11,0.0,0.0,0.0
2017-01-06 13:30:00+00:00,NFP,Naive sign,-0.24560763540543862,11.036310578296238,2.607446690973373,,0.0,False,,,,,,12,0.0,0.0,0.0
2017-01-18 13:30:00+00:00,CPI,Naive sign,-0.1659201234598231,-2.2058012662551363,2.6014109347442678,,0.0,False,,,,,,12,-0.0,0.0,-0.0
2017-01-30 13:30:00+00:00,PCE,Naive sign,-0.4243384371886906,7.67417677305815,2.587719298245614,,0.0,False,,,,,,12,0.0,0.0,0.0
2017-02-03 13:30:00+00:00,NFP,Naive sign,0.8452794369339985,16.42126374812314,2.588570801798837,,0.0,False,,,,,,13,0.0,0.0,0.0
2017-02-15 13:30:00+00:00,CPI,Naive sign,-3.2124696574381035,-7.500670054305658,2.5270371560124207,,0.0,False,,,,,,13,-0.0,0.0,-0.0
2017-03-01 13:30:00+00:00,PCE,Naive sign,1.1790960725118012,1.0503650028059752,2.4784709094727995,,0.0,False,,,,,,13,0.0,0.0,0.0
2017-03-10 13:30:00+00:00,NFP,Naive sign,0.6384882035084962,3.1544083117385213,2.4839490579938954,,0.0,False,,,,,,14,0.0,0.0,0.0
2017-03-15 12:30:00+00:00,CPI,Naive sign,-1.086149736630413,6.325110900311515,2.4894514767932487,,0.0,False,,,,,,14,0.0,0.0,0.0
2017-03-31 12:30:00+00:00,PCE,Naive sign,-0.4384274479644154,0.0,2.4978831498729885,,0.0,False,,,,,,14,0.0,0.0,0.0
2017-04-07 12:30:00+00:00,NFP,Naive sign,-1.3078965412877368,12.774112871811738,2.508770064845328,,0.0,False,,,,,,15,0.0,0.0,0.0
2017-05-01 12:30:00+00:00,PCE,Naive sign,-0.4341842117614949,-3.143171485877616,2.471721826560536,,0.0,False,,,,,,15,-0.0,0.0,-0.0
2017-05-05 12:30:00+00:00,NFP,Naive sign,0.4142854976008267,7.327924954978471,2.472757753562447,,0.0,False,,,,,,16,0.0,0.0,0.0
2017-05-12 12:30:00+00:00,CPI,Naive sign,-0.13514617301327977,9.42063187900466,2.471204188481675,,0.0,False,,,,,,15,0.0,0.0,0.0
2017-05-30 12:30:00+00:00,PCE,Naive sign,-0.4300621707383414,3.112194641019528,2.44914902449149,,0.0,False,,,,,,16,0.0,0.0,0.0
2017-06-02 12:30:00+00:00,NFP,Naive sign,-0.6677396065852849,-4.111419525489879,2.423744479819246,,0.0,False,,,,,,17,-0.0,0.0,-0.0
2017-06-14 12:30:00+00:00,CPI,Naive sign,0.7999778667585382,9.213288259850572,2.4165472045873435,,0.0,False,,,,,,16,0.0,0.0,0.0
2017-06-30 12:30:00+00:00,PCE,Naive sign,-0.4260556508599551,-6.188757288807523,2.4342444559051057,,0.0,False,,,,,,17,-0.0,0.0,-0.0
2017-07-07 12:30:00+00:00,NFP,Naive sign,0.8034356423152486,0.0,2.448640796845819,,0.0,False,,,,,,18,0.0,0.0,0.0
2017-07-14 12:30:00+00:00,CPI,Naive sign,0.7927260050565855,10.214505484649194,2.412594561439378,,0.0,False,,,,,,17,0.0,0.0,0.0
2017-08-01 12:30:00+00:00,PCE,Naive sign,-0.422159343805065,8.08489179966898,2.385525118770848,,0.0,False,,,,,,18,0.0,0.0,0.0
2017-08-04 12:30:00+00:00,NFP,Naive sign,0.5458452330557173,-4.040812258239157,2.3848019401778493,,0.0,False,,,,,,19,-0.0,0.0,-0.0
2017-08-11 12:30:00+00:00,CPI,Naive sign,0.7856685090657263,16.405212333037156,2.42225187313969,,0.0,False,,,,,,18,0.0,0.0,0.0
2017-08-31 12:30:00+00:00,PCE,Naive sign,-0.4183682771652557,4.062563533437924,2.397642995021843,,0.0,False,,,,,,19,0.0,0.0,0.0
2017-09-01 12:30:00+00:00,NFP,Naive sign,-0.34604558050796347,3.0301500156149075,2.3831162274058366,,0.0,False,,,,,,20,0.0,0.0,0.0
2017-09-14 12:30:00+00:00,CPI,Naive sign,-1.1017624856808288,0.0,2.3673387501253886,,0.0,False,,,,,,19,0.0,0.0,0.0
2017-09-29 12:30:00+00:00,PCE,Naive sign,1.24403333303221,-3.9896270228112485,2.353879912228207,,0.0,False,,,,,,20,-0.0,0.0,-0.0
2017-10-06 12:30:00+00:00,NFP,Naive sign,-1.8424473560997108,-13.7524579631787,2.3159960745829244,,0.0,False,,,,,,21,-0.0,0.0,-0.0
2017-10-13 12:30:00+00:00,CPI,Naive sign,0.7897822256401897,4.895481568372162,2.3114593535749264,,0.0,False,,,,,,20,0.0,0.0,0.0
2017-10-30 12:30:00+00:00,PCE,Naive sign,-0.43153418183276016,-0.971675655438986,2.293043140303148,,0.0,False,,,,,,21,-0.0,0.0,-0.0
2017-11-03 12:30:00+00:00,NFP,Naive sign,-0.7859021766829931,-3.8778478430501195,2.287930198739699,,0.0,False,,,,,,22,-0.0,0.0,-0.0
2017-11-15 13:30:00+00:00,CPI,Naive sign,-0.15820077948038003,-6.81563728250012,2.2968369829683697,,0.0,False,,,,,,21,-0.0,0.0,-0.0
2017-11-30 13:30:00+00:00,PCE,Naive sign,-0.42780275982372784,0.0,2.240577233456755,,0.0,False,,,,,,22,0.0,0.0,0.0
2017-12-08 13:30:00+00:00,NFP,Naive sign,0.6370043888724991,6.6103217856294805,2.229991495795143,,0.0,False,,,,,,23,0.0,0.0,0.0
2017-12-13 13:30:00+00:00,CPI,Naive sign,-0.1573539546812662,9.37822445177261,2.213676015383172,,0.0,False,,,,,,22,0.0,0.0,0.0
2017-12-22 13:30:00+00:00,PCE,Naive sign,1.2482623178131573,-1.8597731130398643,2.1947363526457733,,0.0,False,,,,,,23,-0.0,0.0,-0.0
2018-01-05 13:30:00+00:00,NFP,Naive sign,-0.621220884870033,10.068189949397066,2.1587998536406876,,0.0,False,,,,,,24,0.0,0.0,0.0
2018-01-12 13:30:00+00:00,CPI,Naive sign,-0.15652048446517022,-10.827394362813436,2.126700910155898,,0.0,False,,,,,,23,-0.0,0.0,-0.0
2018-01-29 13:30:00+00:00,PCE,Naive sign,-0.4402926559951366,-8.721437845693458,2.0573620434138262,,0.0,False,,,,,,24,-0.0,0.0,-0.0
2018-02-02 13:30:00+00:00,NFP,Naive sign,0.4228435414864092,16.048505584276285,2.1020753540571833,,0.0,False,,,,,,25,0.0,0.0,0.0
2018-02-14 13:30:00+00:00,CPI,Naive sign,-2.0674616228090885,-21.746332968355375,2.205401364358471,,0.0,False,,,,,,24,-0.0,0.0,-0.0
2018-03-01 13:30:00+00:00,PCE,Naive sign,-0.4366213148929902,29.495827449625978,2.1789308466438926,,0.0,False,,,,,,25,0.0,0.0,0.0
2018-03-09 13:30:00+00:00,NFP,Naive sign,1.9022467250921624,37.264301244963605,2.1580102414045355,,0.0,False,,,,,,26,0.0,0.0,0.0
2018-03-13 12:30:00+00:00,CPI,Naive sign,-0.1324165031997715,-0.894494387644329,2.116591928251121,,0.0,False,,,,,,25,-0.0,0.0,-0.0
2018-03-29 12:30:00+00:00,PCE,Naive sign,-0.4330405906855374,-0.9551554522779782,2.2553516819571864,,0.0,False,,,,,,26,-0.0,0.0,-0.0
2018-04-06 12:30:00+00:00,NFP,Naive sign,-1.2995829002724142,7.568590711333201,2.2331566994700984,,0.0,False,,,,,,27,0.0,0.0,0.0
2018-04-11 12:30:00+00:00,CPI,Naive sign,0.8133579879158452,-1.8989745594666374,2.240789973414356,,0.0,False,,,,,,26,-0.0,0.0,-0.0
2018-04-30 12:30:00+00:00,PCE,Naive sign,-0.4295466448744693,-0.9336632283662993,2.202519832011199,,0.0,False,,,,,,27,-0.0,0.0,-0.0
2018-05-04 12:30:00+00:00,NFP,Naive sign,-0.4042211205062629,-2.8572789374869956,2.250190694126621,,0.0,False,,,,,,28,-0.0,0.0,-0.0
2018-05-10 12:30:00+00:00,CPI,Naive sign,0.8066313627379722,4.623849899747512,2.185387535882952,,0.0,False,,,,,,27,0.0,0.0,0.0
2018-05-31 12:30:00+00:00,PCE,Naive sign,-0.4261361668922612,-2.752419853155885,2.164144887666208,,0.0,False,,,,,,28,-0.0,0.0,-0.0
2018-06-01 12:30:00+00:00,NFP,Naive sign,0.6295443548080089,21.14651640770404,2.1701149425287354,,0.0,False,,,,,,29,0.0,0.0,0.0
2018-06-12 12:30:00+00:00,CPI,Naive sign,-0.14836969090721452,9.876544012730193,2.120395327942498,,0.0,False,,,,,,28,0.0,0.0,0.0
2018-06-29 12:30:00+00:00,PCE,Naive sign,-0.4228058320342103,-11.912945280592169,2.161370088835974,,0.0,False,,,,,,29,-0.0,0.0,-0.0
2018-07-06 12:30:00+00:00,NFP,Naive sign,0.3749571567850948,-3.6519675380652927,2.158602396414525,,0.0,False,,,,,,30,-0.0,0.0,-0.0
2018-07-12 12:30:00+00:00,CPI,Naive sign,0.8054339632504349,7.169743988786337,2.1162123385939737,,0.0,False,,,,,,29,0.0,0.0,0.0
2018-07-31 12:30:00+00:00,PCE,Naive sign,-0.4195525615380417,-5.338553378866351,2.0998309458136846,,0.0,False,,,,,,30,-0.0,0.0,-0.0
2018-08-03 12:30:00+00:00,NFP,Naive sign,-0.5320078037025123,-8.83626460252529,2.083701218435458,,0.0,False,,,,,,31,-0.0,0.0,-0.0
2018-08-10 12:30:00+00:00,CPI,Naive sign,-0.15572468844210885,-3.5211267969437188,2.077099102270727,,0.0,False,,,,,,30,-0.0,0.0,-0.0
2018-08-30 12:30:00+00:00,PCE,Naive sign,0.016880010255722527,-4.295348203999794,2.026968994245469,,0.0,False,,,,,,31,-0.0,0.0,-0.0
2018-09-07 12:30:00+00:00,NFP,Naive sign,0.2616225928660689,-8.713078881790182,2.052173913043478,,0.0,False,,,,,,32,-0.0,0.0,-0.0
2018-09-13 12:30:00+00:00,CPI,Naive sign,0.8043331512490195,-1.7253278165441088,2.0379965457685665,,0.0,False,,,,,,31,-0.0,0.0,-0.0
2018-09-28 12:30:00+00:00,PCE,Naive sign,-0.41932078998489236,3.43436081337245,2.026968994245469,,0.0,False,,,,,,32,0.0,0.0,0.0
2018-10-05 12:30:00+00:00,NFP,Naive sign,-0.7870138858905067,-11.176547610585175,2.0301075268817206,,0.0,False,,,,,,33,-0.0,0.0,-0.0
2018-10-11 12:30:00+00:00,CPI,Naive sign,0.7980522394154973,-16.172510263494644,2.1270842721946823,,0.0,False,,,,,,32,-0.0,0.0,-0.0
2018-10-29 12:30:00+00:00,PCE,Naive sign,-0.4162236927774103,1.8535681239484347,2.188427299703264,,0.0,False,,,,,,33,0.0,0.0,0.0
2018-11-02 12:30:00+00:00,NFP,Naive sign,0.9282289143639069,-3.62811795362461,2.140201324022853,,0.0,False,,,,,,34,-0.0,0.0,-0.0
2018-11-14 13:30:00+00:00,CPI,Naive sign,-0.17073431842246337,14.60653902196185,2.159787681888899,,0.0,False,,,,,,33,0.0,0.0,0.0
2018-11-29 13:30:00+00:00,PCE,Naive sign,-0.413194375549636,-1.8279864779913169,2.157615651855915,,0.0,False,,,,,,34,-0.0,0.0,-0.0
2018-12-07 13:30:00+00:00,NFP,Naive sign,-0.6547686526365027,9.29800159966021,2.197188343729634,,0.0,False,,,,,,35,0.0,0.0,0.0
2018-12-12 13:30:00+00:00,CPI,Naive sign,-0.1699188197561624,38.40934039562427,2.214299118033402,,0.0,False,,,,,,34,0.0,0.0,0.0
2019-01-04 13:30:00+00:00,NFP,Naive sign,2.261740690734558,32.32326046582301,2.378552711146946,,1.0,True,,,,,,36,32.32326046582301,2.378552711146946,29.944707754676067
2019-01-11 13:30:00+00:00,CPI,Naive sign,-0.16911489877107314,-11.596445056802906,2.2812953117448043,,0.0,False,,,,,,35,-0.0,0.0,-0.0
2019-02-01 13:30:00+00:00,NFP,Naive sign,2.3749676396538355,16.634325986970566,2.1863998517695014,,1.0,True,,,,,,37,16.634325986970566,2.1863998517695014,14.447926135201065
2019-02-13 13:30:00+00:00,CPI,Naive sign,0.8075888422190041,12.718024970066466,2.144674663758633,,1.0,True,,,,,,36,12.718024970066466,2.144674663758633,10.573350306307834
2019-03-01 13:30:00+00:00,PCE,Naive sign,-2.108137244454332,3.570790968137061,2.106954736184269,,0.0,False,,,,,,35,0.0,0.0,0.0
2019-03-08 13:30:00+00:00,NFP,Naive sign,-2.577157761426142,-9.160026288554945,2.1552511415525113,,-1.0,True,,,,,,38,9.160026288554945,2.1552511415525113,7.004775147002434
2019-03-12 12:30:00+00:00,CPI,Naive sign,-0.17594973086669394,16.14350126384778,2.1196335548769536,,-1.0,True,,,,,,37,-16.14350126384778,2.1196335548769536,-18.263134818724737
2019-03-29 12:30:00+00:00,PCE,Naive sign,1.3555304283976177,7.9438637833106895,2.0838852097130243,,1.0,True,,,,,,36,7.9438637833106895,2.0838852097130243,5.859978573597665
2019-04-05 12:30:00+00:00,NFP,Naive sign,0.36000953458674323,-4.323950428428702,2.044529151866932,,1.0,True,,,,,,39,-4.323950428428702,2.044529151866932,-6.368479580295634
2019-04-10 12:30:00+00:00,CPI,Naive sign,-0.6660549897418855,2.59684052531739,2.0431131503765907,,-1.0,True,,,,,,38,-2.59684052531739,2.0431131503765907,-4.639953675693981
2019-05-03 12:30:00+00:00,NFP,Naive sign,1.2218354880047635,11.086948387397655,2.015371477369769,,1.0,True,,,,,,40,11.086948387397655,2.015371477369769,9.071576910027886
2019-05-10 12:30:00+00:00,CPI,Naive sign,0.8147019300586259,22.787038782112745,2.0663689694422556,,1.0,True,,,,,,39,22.787038782112745,2.0663689694422556,20.72066981267049
2019-05-31 12:30:00+00:00,PCE,Naive sign,-0.36868440449756795,11.778030806617323,2.1392313270485857,,-1.0,True,,,,,,37,-11.778030806617323,2.1392313270485857,-13.91726213366591
2019-06-07 12:30:00+00:00,NFP,Naive sign,-1.5524750423548752,7.014467626511589,2.0669118935014885,,-1.0,True,,,,,,41,-7.014467626511589,2.0669118935014885,-9.081379520013078
2019-06-12 12:30:00+00:00,CPI,Naive sign,-0.17710016798500505,-6.074016413055716,2.0486111111111107,,-1.0,True,,,,,,40,6.074016413055716,2.0486111111111107,4.025405301944605
2019-06-28 12:30:00+00:00,PCE,Naive sign,-0.366294583792779,5.105948540844452,2.0083397157688707,,-1.0,True,,,,,,38,-5.105948540844452,2.0083397157688707,-7.114288256613323
2019-07-05 12:30:00+00:00,NFP,Naive sign,1.0718570086511612,-11.70666577380075,1.9707724425887263,,1.0,True,,,,,,42,-11.70666577380075,1.9707724425887263,-13.677438216389477
2019-07-11 12:30:00+00:00,CPI,Naive sign,-1.1663865052088653,4.164064186760186,1.9633943427620633,,-1.0,True,,,,,,41,-4.164064186760186,1.9633943427620633,-6.127458529522249
2019-07-30 12:30:00+00:00,PCE,Naive sign,-0.36395092463953677,-14.96010917310997,1.9611101878012298,,-1.0,True,,,,,,39,14.96010917310997,1.9611101878012298,12.99899898530874
2019-08-02 12:30:00+00:00,NFP,Naive sign,0.031497609119124026,4.246825561757817,2.0042462845010616,,1.0,True,,,,,,43,4.246825561757817,2.0042462845010616,2.242579277256755
2019-08-13 12:30:00+00:00,CPI,Naive sign,-0.1659081562956267,6.961364708555351,2.051638702947057,,-1.0,True,,,,,,42,-6.961364708555351,2.051638702947057,-9.013003411502408
2019-08-30 12:30:00+00:00,PCE,Naive sign,-0.3616517148149259,-3.397027633518235,2.0040760869565215,,-1.0,True,,,,,,40,3.397027633518235,2.0040760869565215,1.3929515465617133
2019-09-06 12:30:00+00:00,NFP,Naive sign,-0.4303607562946714,-3.3537352540236043,1.9768805495057797,,-1.0,True,,,,,,44,3.3537352540236043,1.9768805495057797,1.3768547045178245
2019-09-12 12:30:00+00:00,CPI,Naive sign,-0.16517796464621493,2.492833117742066,1.961436170212766,,-1.0,True,,,,,,43,-2.492833117742066,1.961436170212766,-4.454269287954832
2019-09-27 12:30:00+00:00,PCE,Naive sign,1.3657033853241398,-3.3461603123186023,1.9745649263721552,,1.0,True,,,,,,41,-3.3461603123186023,1.9745649263721552,-5.320725238690757
2019-10-04 12:30:00+00:00,NFP,Naive sign,-0.09265768712922037,17.99871923651608,2.0343073872941986,,-1.0,True,,,,,,45,-17.99871923651608,2.0343073872941986,-20.03302662381028
2019-10-10 12:30:00+00:00,CPI,Naive sign,0.8325119977114724,5.145356429459014,2.0254033642293168,,1.0,True,,,,,,44,5.145356429459014,2.0254033642293168,3.119953065229697
2019-10-31 12:30:00+00:00,PCE,Naive sign,-0.3726587275846903,5.753503631353851,1.9404703173820095,,-1.0,True,,,,,,42,-5.753503631353851,1.9404703173820095,-7.693973948735861
2019-11-01 12:30:00+00:00,NFP,Naive sign,0.742125242156633,5.742647518260924,1.941428101349128,,1.0,True,,,,,,46,5.742647518260924,1.941428101349128,3.801219416911796
2019-11-13 13:30:00+00:00,CPI,Naive sign,-1.1700469441557593,0.8108655994831793,1.914030819140308,,-1.0,True,,,,,,45,-0.8108655994831793,1.914030819140308,-2.724896418623487
2019-11-27 15:00:00+00:00,PCE,Naive sign,0.9149489511371186,0.0,1.875993640699523,,1.0,True,,,,,,43,0.0,1.875993640699523,-1.875993640699523
2019-12-06 13:30:00+00:00,NFP,Naive sign,1.42861497447116,27.130562444348527,1.8893603394443998,,1.0,True,,,,,,47,27.130562444348527,1.8893603394443998,25.241202104904126
2019-12-11 13:30:00+00:00,CPI,Naive sign,-1.158461044632005,4.777830955688955,1.8795794839120739,,-1.0,True,,,,,,46,-4.777830955688955,1.8795794839120739,-6.657410439601029
2020-01-10 13:30:00+00:00,NFP,Naive sign,-0.20617197687041738,1.5236934358142662,1.797958250799939,,-1.0,True,,,,,,48,-1.5236934358142662,1.797958250799939,-3.321651686614205
2020-01-14 13:30:00+00:00,CPI,Naive sign,0.8436125672345851,10.648818226925982,1.795359452263218,,1.0,True,,,,,,47,10.648818226925982,1.795359452263218,8.853458774662764
2020-01-31 13:30:00+00:00,PCE,Naive sign,-2.1131396664751882,3.052270149623837,1.8015267175572518,,-1.0,True,,,,,,44,-3.052270149623837,1.8015267175572518,-4.853796867181089
2020-02-07 13:30:00+00:00,NFP,Naive sign,1.0001447762026143,-29.955837573361066,1.7667315466387181,,1.0,True,,,,,,49,-29.955837573361066,1.7667315466387181,-31.722569119999783
2020-02-13 13:30:00+00:00,CPI,Naive sign,0.8376680323617207,7.4338391767270195,1.7552993677947193,,1.0,True,,,,,,48,7.4338391767270195,1.7552993677947193,5.6785398089323005
2020-02-28 13:30:00+00:00,PCE,Naive sign,1.354456856955525,-116.55942728360458,2.012621524816647,,1.0,True,,,,,,45,-116.55942728360458,2.012621524816647,-118.57204880842123
2020-03-06 13:30:00+00:00,NFP,Naive sign,1.6027523818647151,3.413843167070496,2.017094017094017,,1.0,True,,,,,,50,3.413843167070496,2.017094017094017,1.396749149976479
2020-03-11 12:30:00+00:00,CPI,Naive sign,-1.1639324823814878,-68.45640136681652,2.1196335548769536,,-1.0,True,,,,,,49,68.45640136681652,2.1196335548769536,66.33676781193957
2020-03-27 12:30:00+00:00,PCE,Naive sign,-0.36227118384366613,-87.70689384210328,2.3139523482694377,,-1.0,True,,,,,,46,87.70689384210328,2.3139523482694377,85.39294149383385
2020-04-03 12:30:00+00:00,NFP,Naive sign,-9.584675105229561,48.938924141364026,2.362598858744619,,-1.0,True,,,,,,51,-48.938924141364026,2.362598858744619,-51.301523000108645
2020-04-30 12:30:00+00:00,PCE,Naive sign,-0.36017238707897786,-58.25924634551782,2.017783857729138,,-1.0,True,,,,,,47,58.25924634551782,2.017783857729138,56.24146248778869
2020-05-08 12:30:00+00:00,NFP,Naive sign,17.82134084487857,-19.73656623849962,2.0313306937510758,,1.0,True,,,,,,52,-19.73656623849962,2.0313306937510758,-21.767896932250697
2020-05-12 12:30:00+00:00,CPI,Naive sign,-0.1633338468717922,10.227564174591919,2.012621524816647,,-1.0,True,,,,,,50,-10.227564174591919,2.012621524816647,-12.240185699408565
2020-05-29 12:30:00+00:00,PCE,Naive sign,-2.070466433747151,-11.569293084541243,1.9491245457548727,,-1.0,True,,,,,,48,11.569293084541243,1.9491245457548727,9.62016853878637
2020-06-05 12:30:00+00:00,NFP,Naive sign,64.57555252744505,56.32030117411091,1.8825781748564134,,1.0,True,,,,,,53,56.32030117411091,1.8825781748564134,54.4377229992545
2020-06-10 12:30:00+00:00,CPI,Naive sign,0.8389770540647904,5.441330928306343,1.8355759508438982,,1.0,True,,,,,,51,5.441330928306343,1.8355759508438982,3.6057549774624444
2020-06-26 12:30:00+00:00,PCE,Naive sign,-2.0164547174799274,-24.47781901032897,1.9238607646531343,,-1.0,True,,,,,,49,24.47781901032897,1.9238607646531343,22.553958245675837
2020-07-02 12:30:00+00:00,NFP,Naive sign,1.641547953530035,19.09004715923146,1.8875469887227065,,1.0,True,,,,,,54,19.09004715923146,1.8875469887227065,17.202500170508753
2020-07-14 12:30:00+00:00,CPI,Naive sign,-1.1723852919766982,-48.503255745799834,1.8688628444726005,,-1.0,True,,,,,,52,48.503255745799834,1.8688628444726005,46.63439290132723
2020-07-31 12:30:00+00:00,PCE,Naive sign,0.29050201998543845,-8.444973823458213,1.8109269490484958,,1.0,True,,,,,,50,-8.444973823458213,1.8109269490484958,-10.255900772506708
2020-08-07 12:30:00+00:00,NFP,Naive sign,0.2042193271067664,-17.98696430384439,1.7708411495460343,,1.0,True,,,,,,55,-17.98696430384439,1.7708411495460343,-19.75780545339042
2020-08-12 12:30:00+00:00,CPI,Naive sign,-3.1643008322851895,11.183598556137042,1.7600119322842867,,-1.0,True,,,,,,53,-11.183598556137042,1.7600119322842867,-12.943610488421328
2020-08-28 12:30:00+00:00,PCE,Naive sign,1.3559572550269576,-11.445741288191869,1.6870398169990706,,1.0,True,,,,,,51,-11.445741288191869,1.6870398169990706,-13.13278110519094
2020-09-04 12:30:00+00:00,NFP,Naive sign,-0.08549110617815014,33.25144020784876,1.7072994284887506,,-1.0,True,,,,,,56,-33.25144020784876,1.7072994284887506,-34.95873963633751
2020-09-11 12:30:00+00:00,CPI,Naive sign,-1.0987651213117418,-16.378800564496032,1.7558217394539097,,-1.0,True,,,,,,54,16.378800564496032,1.7558217394539097,14.622978825042122
2020-10-01 12:30:00+00:00,PCE,Naive sign,-0.3232204397783153,-13.316566294285792,1.7447878160579624,,-1.0,True,,,,,,52,13.316566294285792,1.7447878160579624,11.571778478227829
2020-10-02 12:30:00+00:00,NFP,Naive sign,-0.32757294004979853,-21.095464765892302,1.773769259676813,,-1.0,True,,,,,,57,21.095464765892302,1.773769259676813,19.32169550621549
2020-10-13 12:30:00+00:00,CPI,Naive sign,-0.1222113648828133,-11.349128753970206,1.6732841747022122,,-1.0,True,,,,,,55,11.349128753970206,1.6732841747022122,9.675844579267993
2020-10-30 12:30:00+00:00,PCE,Naive sign,-0.3214984227491263,29.007653928054822,1.803867614461515,,-1.0,True,,,,,,53,-29.007653928054822,1.803867614461515,-30.81152154251634
2020-11-06 13:30:00+00:00,NFP,Naive sign,-0.041828857834390075,47.96859027862865,1.6973532796317605,,-1.0,True,,,,,,58,-47.96859027862865,1.6973532796317605,-49.665943558260416
2020-11-12 13:30:00+00:00,CPI,Naive sign,0.8491717707533857,17.576550382223388,1.6602180794934926,,1.0,True,,,,,,56,17.576550382223388,1.6602180794934926,15.916332302729895
2020-11-25 15:00:00+00:00,PCE,Naive sign,-0.3198036664251847,0.0,1.6289342904472666,,-1.0,True,,,,,,54,-0.0,1.6289342904472666,-1.6289342904472666
2020-12-04 13:30:00+00:00,NFP,Naive sign,-0.3460798058020594,-2.041302357973507,1.6053329705462211,,-1.0,True,,,,,,59,2.041302357973507,1.6053329705462211,0.43596938742728564
2020-12-10 13:30:00+00:00,CPI,Naive sign,-1.1003323497938022,-35.52644304996022,1.6092737811114899,,-1.0,True,,,,,,57,35.52644304996022,1.6092737811114899,33.91716926884873
2020-12-23 13:30:00+00:00,PCE,Naive sign,1.364273206507212,6.782880270925773,1.6011941108623378,,1.0,True,,,,,,55,6.782880270925773,1.6011941108623378,5.181686160063435
2021-01-08 13:30:00+00:00,NFP,Naive sign,-0.3166483412835174,6.572029679219327,1.5500821018062396,,-1.0,True,,,,,,60,-6.572029679219327,1.5500821018062396,-8.122111781025566
2021-01-13 13:30:00+00:00,CPI,Naive sign,-0.11993165974022327,3.961442016660044,1.559299636603898,,-1.0,True,,,,,,58,-3.961442016660044,1.559299636603898,-5.520741653263942
2021-01-29 13:30:00+00:00,PCE,Naive sign,-2.0053740825460937,37.25390152109043,1.574172892209178,,-1.0,True,,,,,,56,-37.25390152109043,1.574172892209178,-38.8280744132996
2021-02-05 13:30:00+00:00,NFP,Naive sign,-0.1649085855030971,-0.6443091397301259,1.5201288244766504,,-1.0,True,,,,,,61,0.6443091397301259,1.5201288244766504,-0.8758196847465245
2021-02-10 13:30:00+00:00,CPI,Naive sign,-0.11947685719106668,14.661357207970127,1.50587034201123,,-1.0,True,,,,,,59,-14.661357207970127,1.50587034201123,-16.16722754998136
2021-02-26 13:30:00+00:00,PCE,Naive sign,-0.3066559924982575,29.307390152446544,1.5416775542200156,,-1.0,True,,,,,,57,-29.307390152446544,1.5416775542200156,-30.84906770666656
2021-03-05 13:30:00+00:00,NFP,Naive sign,0.10051546581221242,65.4872523946537,1.561156314083482,,1.0,True,,,,,,62,65.4872523946537,1.561156314083482,63.92609608057021
2021-03-10 13:30:00+00:00,CPI,Naive sign,-0.11902719013235194,24.442026704889486,1.5233668990446683,,-1.0,True,,,,,,60,-24.442026704889486,1.5233668990446683,-25.965393603934153
2021-03-26 12:30:00+00:00,PCE,Naive sign,1.354526371517124,10.874781177285797,1.5108834827144686,,1.0,True,,,,,,58,10.874781177285797,1.5108834827144686,9.363897694571328
2021-04-13 12:30:00+00:00,CPI,Naive sign,-1.1007080946219612,26.110468123761166,1.435261205376148,,-1.0,True,,,,,,61,-26.110468123761166,1.435261205376148,-27.545729329137313
2021-04-30 12:30:00+00:00,PCE,Naive sign,-0.31634349588250377,-3.5857288377982854,1.4100495907271313,,-1.0,True,,,,,,59,3.5857288377982854,1.4100495907271313,2.1756792470711543
2021-05-07 12:30:00+00:00,NFP,Naive sign,-0.9371711013313,-2.9704441032052387,1.4026745913818721,,-1.0,True,,,,,,63,2.9704441032052387,1.4026745913818721,1.5677695118233665
2021-05-12 12:30:00+00:00,CPI,Naive sign,-5.998741616835394,36.47863967323417,1.4281391830559758,,-1.0,True,,,,,,62,-36.47863967323417,1.4281391830559758,-37.906778856290146
2021-05-28 12:30:00+00:00,PCE,Naive sign,-0.3147710660260314,-6.531484957399414,1.4010923771075754,,-1.0,True,,,,,,60,6.531484957399414,1.4010923771075754,5.130392580291838
2021-06-04 12:30:00+00:00,NFP,Naive sign,-0.22898401033391952,7.132667920117797,1.4063524223824562,,-1.0,True,,,,,,64,-7.132667920117797,1.4063524223824562,-8.539020342500253
2021-06-10 12:30:00+00:00,CPI,Naive sign,-1.2857519574681133,46.79687478692074,1.39835278781774,,-1.0,True,,,,,,63,-46.79687478692074,1.39835278781774,-48.19522757473848
2021-06-25 12:30:00+00:00,PCE,Naive sign,1.353890520300208,5.278437705058536,1.3854643653868732,,1.0,True,,,,,,61,5.278437705058536,1.3854643653868732,3.892973339671663
2021-07-02 12:30:00+00:00,NFP,Naive sign,0.052207519745368525,9.838248428053475,1.367402514630048,,1.0,True,,,,,,65,9.838248428053475,1.367402514630048,8.470845913423428
2021-07-13 12:30:00+00:00,CPI,Naive sign,-3.5455463257141377,-17.7706487191287,1.3483402845226533,,-1.0,True,,,,,,64,17.7706487191287,1.3483402845226533,16.422308434606048
2021-07-30 12:30:00+00:00,PCE,Naive sign,1.3368933041672204,7.414378529979615,1.3469550824724614,,1.0,True,,,,,,62,7.414378529979615,1.3469550824724614,6.067423447507154
2021-08-06 12:30:00+00:00,NFP,Naive sign,-0.013168586432633885,-11.299436230487458,1.3341624738538074,,-1.0,True,,,,,,66,11.299436230487458,1.3341624738538074,9.965273756633652
2021-08-11 12:30:00+00:00,CPI,Naive sign,-0.023558568354873046,8.455230063226793,1.3331073829294469,,-1.0,True,,,,,,65,-8.455230063226793,1.3331073829294469,-9.78833744615624
2021-08-27 12:30:00+00:00,PCE,Naive sign,-0.3347998796911022,3.3495227243207637,1.317993968502178,,-1.0,True,,,,,,63,-3.3495227243207637,1.317993968502178,-4.667516692822941
2021-09-03 12:30:00+00:00,NFP,Naive sign,-0.6679411690796805,-3.304874720235773,1.2987012987012987,,-1.0,True,,,,,,67,3.304874720235773,1.2987012987012987,2.0061734215344744
2021-09-14 12:30:00+00:00,CPI,Naive sign,0.8192117877682124,1.6735934880429681,1.3207230399015053,,1.0,True,,,,,,66,1.6735934880429681,1.3207230399015053,0.35287044814146284
2021-10-01 12:30:00+00:00,PCE,Naive sign,-1.9950474862945664,-19.705581895266278,1.365977889679921,,-1.0,True,,,,,,64,19.705581895266278,1.365977889679921,18.339604005586356
2021-10-08 12:30:00+00:00,NFP,Naive sign,-0.44428519767740043,15.919948779696824,1.341518872214643,,-1.0,True,,,,,,68,-15.919948779696824,1.341518872214643,-17.261467651911467
2021-10-13 12:30:00+00:00,CPI,Naive sign,-0.8730123949613188,-32.21355753947108,1.3567896975968723,,-1.0,True,,,,,,67,32.21355753947108,1.3567896975968723,30.85676784187421
2021-10-29 12:30:00+00:00,PCE,Naive sign,-0.3118249463231859,-10.952303816438302,1.2916643861857586,,-1.0,True,,,,,,65,10.952303816438302,1.2916643861857586,9.660639430252544
2021-11-05 12:30:00+00:00,NFP,Naive sign,0.0039393692891312405,17.592029485662408,1.2593383137673424,,1.0,True,,,,,,69,17.592029485662408,1.2593383137673424,16.332691171895064
2021-11-10 13:30:00+00:00,CPI,Naive sign,-2.556455404982467,-1.6085359676409894,1.2637892256613472,,-1.0,True,,,,,,68,1.6085359676409894,1.2637892256613472,0.34474674197964217
2021-11-24 15:00:00+00:00,PCE,Naive sign,1.3369344843085225,12.83422636060294,1.2642631381582472,,1.0,True,,,,,,66,12.83422636060294,1.2642631381582472,11.569963222444693
2021-12-03 13:30:00+00:00,NFP,Naive sign,-0.4833671251658682,18.524577597709424,1.286945141236776,,-1.0,True,,,,,,70,-18.524577597709424,1.286945141236776,-19.8115227389462
2021-12-10 13:30:00+00:00,CPI,Naive sign,-0.8337716263587658,19.163212507642413,1.2598761477685243,,-1.0,True,,,,,,69,-19.163212507642413,1.2598761477685243,-20.423088655410936
2021-12-23 13:30:00+00:00,PCE,Naive sign,-0.320719690291463,-3.725088513917285,1.255786729101261,,-1.0,True,,,,,,67,3.725088513917285,1.255786729101261,2.4693017848160244
2022-01-07 13:30:00+00:00,NFP,Naive sign,-0.3780124387835242,-39.47303359687737,1.2578616352201257,,-1.0,True,,,,,,71,39.47303359687737,1.2578616352201257,38.21517196165725
2022-01-12 13:30:00+00:00,CPI,Naive sign,-0.828879460574073,31.77295619362752,1.251259212130852,,-1.0,True,,,,,,70,-31.77295619362752,1.251259212130852,-33.024215405758376
2022-01-28 13:30:00+00:00,PCE,Naive sign,-0.31922917712759896,41.81433585358718,1.3784241574674376,,-1.0,True,,,,,,68,-41.81433585358718,1.3784241574674376,-43.19276001105462
2022-02-04 13:30:00+00:00,NFP,Naive sign,0.3137581071235987,-23.580944058245734,1.3192464643076751,,1.0,True,,,,,,72,-23.580944058245734,1.3192464643076751,-24.90019052255341
2022-02-10 13:30:00+00:00,CPI,Naive sign,-1.6544445730650783,-56.62000119091459,1.2891947995192832,,-1.0,True,,,,,,71,56.62000119091459,1.2891947995192832,55.330806391395306
2022-02-25 13:30:00+00:00,PCE,Naive sign,-0.3177592719112605,8.71561020861833,1.371056759426015,,-1.0,True,,,,,,69,-8.71561020861833,1.371056759426015,-10.086666968044344
2022-03-04 13:30:00+00:00,NFP,Naive sign,0.21157723178032842,-30.626125466781673,1.3648718986756114,,1.0,True,,,,,,73,-30.626125466781673,1.3648718986756114,-31.990997365457286
2022-03-10 13:30:00+00:00,CPI,Naive sign,0.01752763028449497,-36.053113906753254,1.3947166243129838,,1.0,True,,,,,,72,-36.053113906753254,1.3947166243129838,-37.44783053106624
2022-03-31 12:30:00+00:00,PCE,Naive sign,-0.3163095037297847,-3.806106127548503,1.2830270740458845,,-1.0,True,,,,,,70,3.806106127548503,1.2830270740458845,2.5230790535026184
2022-04-01 12:30:00+00:00,NFP,Naive sign,-0.1576196468748535,-20.892904015248348,1.2959912136188907,,-1.0,True,,,,,,74,20.892904015248348,1.2959912136188907,19.596912801629458
2022-04-12 12:30:00+00:00,CPI,Naive sign,0.01746830212922925,45.53767531881192,1.3360507246376812,,1.0,True,,,,,,73,45.53767531881192,1.3360507246376812,44.20162459417424
2022-04-29 12:30:00+00:00,PCE,Naive sign,-0.314879416609685,-20.607031343651272,1.3868484456719752,,-1.0,True,,,,,,71,20.607031343651272,1.3868484456719752,19.220182897979296
2022-05-06 12:30:00+00:00,NFP,Naive sign,-0.03130413075081324,-83.53053834177615,1.4283984989710687,,-1.0,True,,,,,,75,83.53053834177615,1.4283984989710687,82.10213984280509
2022-05-11 12:30:00+00:00,CPI,Naive sign,-0.8137570479692707,-97.4942464658568,1.463475133325065,,-1.0,True,,,,,,74,97.4942464658568,1.463475133325065,96.03077133253174
2022-05-27 12:30:00+00:00,PCE,Naive sign,-0.3134685689124132,47.85285205102241,1.4522183250261522,,-1.0,True,,,,,,72,-47.85285205102241,1.4522183250261522,-49.30507037604856
2022-06-03 12:30:00+00:00,NFP,Naive sign,-0.00230345274077212,-57.248039685298124,1.4222007954682416,,-1.0,True,,,,,,76,57.248039685298124,1.4222007954682416,55.82583888982988
2022-06-10 12:30:00+00:00,CPI,Naive sign,-2.473490408348257,-68.14766403902439,1.4687577794373912,,-1.0,True,,,,,,75,68.14766403902439,1.4687577794373912,66.678906259587
2022-06-30 12:30:00+00:00,PCE,Naive sign,1.3674428037700574,-27.82195753322725,1.5650905232442467,,1.0,True,,,,,,73,-27.82195753322725,1.5650905232442467,-29.387048056471496
2022-07-08 12:30:00+00:00,NFP,Naive sign,0.038531795866142235,-23.79192840137989,1.5121419875696802,,1.0,True,,,,,,77,-23.79192840137989,1.5121419875696802,-25.304070388949572
2022-07-13 12:30:00+00:00,CPI,Naive sign,-1.6387895948837974,-49.60491669063316,1.5291906952633967,,-1.0,True,,,,,,76,49.60491669063316,1.5291906952633967,48.075725995369766
2022-07-29 12:30:00+00:00,PCE,Naive sign,-1.9957008241117162,1.2215978514973358,1.4403417760146475,,-1.0,True,,,,,,74,-1.2215978514973358,1.4403417760146475,-2.661939627511983
2022-08-05 12:30:00+00:00,NFP,Naive sign,0.24144452119551107,-44.316357245683946,1.4184397163120568,,1.0,True,,,,,,78,-44.316357245683946,1.4184397163120568,-45.734796961996004
2022-08-10 12:30:00+00:00,CPI,Naive sign,1.6768964978331644,35.84661503701625,1.4256373082034552,,1.0,True,,,,,,77,35.84661503701625,1.4256373082034552,34.420977728812794
2022-08-26 12:30:00+00:00,PCE,Naive sign,1.3517023197616702,5.952735457661618,1.4085347657415697,,1.0,True,,,,,,75,5.952735457661618,1.4085347657415697,4.544200691920048
2022-09-02 12:30:00+00:00,NFP,Naive sign,-0.06967087212902896,3.1286174894518126,1.4851173620288212,,-1.0,True,,,,,,79,-3.1286174894518126,1.4851173620288212,-4.613734851480634
2022-09-13 12:30:00+00:00,CPI,Naive sign,-1.579948474762284,-79.88895252552197,1.424432641236118,,-1.0,True,,,,,,78,79.88895252552197,1.424432641236118,78.46451988428585
2022-09-30 12:30:00+00:00,PCE,Naive sign,-3.6097507213276065,25.296564270824717,1.6057698850105464,,-1.0,True,,,,,,76,-25.296564270824717,1.6057698850105464,-26.902334155835263
2022-10-07 12:30:00+00:00,NFP,Naive sign,-0.08079578102720068,-51.69010938459451,1.5647792070017237,,-1.0,True,,,,,,80,51.69010938459451,1.5647792070017237,50.12533017759279
2022-10-13 12:30:00+00:00,CPI,Naive sign,-1.5620361853588192,-48.87906873292991,1.6279230185555633,,-1.0,True,,,,,,79,48.87906873292991,1.6279230185555633,47.251145714374346
2022-10-28 12:30:00+00:00,PCE,Naive sign,-0.27118989507824,-28.858156054134554,1.5546772068511199,,-1.0,True,,,,,,77,28.858156054134554,1.5546772068511199,27.303478847283433
2022-11-04 12:30:00+00:00,NFP,Naive sign,-0.00859864988766689,101.90237701539928,1.5736480629459224,,-1.0,True,,,,,,81,-101.90237701539928,1.5736480629459224,-103.4760250783452
2022-11-10 13:30:00+00:00,CPI,Naive sign,1.6607633563681254,86.7600133036106,1.5670650730411684,,1.0,True,,,,,,80,86.7600133036106,1.5670650730411684,85.19294823056944
2022-12-01 13:30:00+00:00,PCE,Naive sign,1.3116164878816416,1.2211503251080558,1.4424546176884052,,1.0,True,,,,,,78,1.2211503251080558,1.4424546176884052,-0.22130429258034945
2022-12-02 13:30:00+00:00,NFP,Naive sign,-0.014585134531113096,23.002092762922643,1.4475863338035944,,-1.0,True,,,,,,82,-23.002092762922643,1.4475863338035944,-24.44967909672624
2022-12-13 13:30:00+00:00,CPI,Naive sign,1.640803512240514,17.04718829884655,1.4514145141451413,,1.0,True,,,,,,81,17.04718829884655,1.4514145141451413,15.595773784701407
2022-12-23 13:30:00+00:00,PCE,Naive sign,-0.2794555225126812,-17.52166319977988,1.5331644253881636,,-1.0,True,,,,,,79,17.52166319977988,1.5331644253881636,15.988498774391717
2023-01-06 13:30:00+00:00,NFP,Naive sign,-0.06884081561522244,69.95753366027202,1.543694400837258,,-1.0,True,,,,,,83,-69.95753366027202,1.543694400837258,-71.50122806110927
2023-01-12 13:30:00+00:00,CPI,Naive sign,0.03632795161555792,116.52806960771755,1.4792528519493544,,1.0,True,,,,,,82,116.52806960771755,1.4792528519493544,115.0488167557682
2023-01-27 13:30:00+00:00,PCE,Naive sign,-1.8612980836883501,0.0,1.4513252567492774,,-1.0,True,,,,,,80,-0.0,1.4513252567492774,-1.4513252567492774
2023-02-03 13:30:00+00:00,NFP,Naive sign,0.30665937768946433,-7.238072576072341,1.4148681055155876,,1.0,True,,,,,,84,-7.238072576072341,1.4148681055155876,-8.652940681587928
2023-02-14 13:30:00+00:00,CPI,Naive sign,0.036212663530961496,16.900052308237434,1.418524974454529,,1.0,True,,,,,,83,16.900052308237434,1.418524974454529,15.481527333782905
2023-02-24 13:30:00+00:00,PCE,Naive sign,-1.830009657188023,-20.143529409750727,1.4796238244514106,,-1.0,True,,,,,,81,20.143529409750727,1.4796238244514106,18.663905585299315
2023-03-10 13:30:00+00:00,NFP,Naive sign,0.011791312539496484,8.274194533761658,1.5076018908905071,,1.0,True,,,,,,85,8.274194533761658,1.5076018908905071,6.766592642871151
2023-03-14 12:30:00+00:00,CPI,Naive sign,0.03609846609086587,14.112517577338224,1.5165145868140342,,1.0,True,,,,,,84,14.112517577338224,1.5165145868140342,12.59600299052419
2023-03-31 12:30:00+00:00,PCE,Naive sign,-0.24561985495403924,-10.993710262567902,1.4424546176884052,,-1.0,True,,,,,,82,10.993710262567902,1.4424546176884052,9.551255644879497
2023-04-12 12:30:00+00:00,CPI,Naive sign,0.8362188016428281,-7.808980724206549,1.4255511929930536,,1.0,True,,,,,,85,-7.808980724206549,1.4255511929930536,-9.234531917199602
2023-04-28 12:30:00+00:00,PCE,Naive sign,-0.2446458487409858,15.097077054484487,1.42486264565598,,-1.0,True,,,,,,83,-15.097077054484487,1.42486264565598,-16.521939700140468
2023-05-05 12:30:00+00:00,NFP,Naive sign,-0.009663468391275397,19.508632658045144,1.4373591570741213,,-1.0,True,,,,,,86,-19.508632658045144,1.4373591570741213,-20.945991815119264
2023-05-10 12:30:00+00:00,CPI,Naive sign,0.030788529266230838,44.503320984858874,1.42909046869323,,1.0,True,,,,,,86,44.503320984858874,1.42909046869323,43.07423051616564
2023-05-26 12:30:00+00:00,PCE,Naive sign,-1.809426281392467,6.001680650697949,1.4156319356967189,,-1.0,True,,,,,,84,-6.001680650697949,1.4156319356967189,-7.417312586394668
2023-06-02 12:30:00+00:00,NFP,Naive sign,0.0835127359455142,-2.353356485507163,1.389543099387659,,1.0,True,,,,,,87,-2.353356485507163,1.389543099387659,-3.742899584894822
2023-06-13 12:30:00+00:00,CPI,Naive sign,0.111044762907337,22.355344496993723,1.3565557279990803,,1.0,True,,,,,,87,22.355344496993723,1.3565557279990803,20.998788768994643
2023-06-30 12:30:00+00:00,PCE,Naive sign,-0.22837106669327886,14.009921314226403,1.324800718535983,,-1.0,True,,,,,,85,-14.009921314226403,1.324800718535983,-15.334722032762386
2023-07-07 12:30:00+00:00,NFP,Naive sign,-0.1195977821158257,-23.624715679169128,1.327334083239595,,-1.0,True,,,,,,88,23.624715679169128,1.327334083239595,22.297381595929533
2023-07-12 12:30:00+00:00,CPI,Naive sign,0.7957918434964811,7.216809928216605,1.3158628380262056,,1.0,True,,,,,,88,7.216809928216605,1.3158628380262056,5.9009470901903995
2023-07-28 12:30:00+00:00,PCE,Naive sign,-0.22749221991958832,3.8083839311298107,1.2846333895814055,,-1.0,True,,,,,,86,-3.8083839311298107,1.2846333895814055,-5.093017320711216
2023-08-04 12:30:00+00:00,NFP,Naive sign,-0.1093620433557646,7.717325778529016,1.3029315960912051,,-1.0,True,,,,,,89,-7.717325778529016,1.3029315960912051,-9.020257374620222
2023-08-10 12:30:00+00:00,CPI,Naive sign,0.025247022731454967,-9.957956122725875,1.3087118061332002,,1.0,True,,,,,,89,-9.957956122725875,1.3087118061332002,-11.266667928859075
2023-08-31 12:30:00+00:00,PCE,Naive sign,-0.22662344597528022,-4.410143401152311,1.3004187789288075,,-1.0,True,,,,,,87,4.410143401152311,1.3004187789288075,3.1097246222235038
2023-09-01 12:30:00+00:00,NFP,Naive sign,-0.07191857716894035,5.505395426439463,1.3014945127667787,,-1.0,True,,,,,,90,-5.505395426439463,1.3014945127667787,-6.806889939206242
2023-09-13 12:30:00+00:00,CPI,Naive sign,0.025170356873976597,31.398960475712556,1.3213885778275476,,1.0,True,,,,,,90,31.398960475712556,1.3213885778275476,30.077571897885008
2023-09-29 12:30:00+00:00,PCE,Naive sign,1.3433872606317534,6.297770225032195,1.3533662117215275,,1.0,True,,,,,,88,6.297770225032195,1.3533662117215275,4.944404013310668
2023-10-06 12:30:00+00:00,NFP,Naive sign,0.1131620651823218,-24.085780479303764,1.3739302555743145,,1.0,True,,,,,,91,-24.085780479303764,1.3739302555743145,-25.45971073487808
2023-10-12 12:30:00+00:00,CPI,Naive sign,-0.7867827476260195,-20.36660581804739,1.3325052227429282,,-1.0,True,,,,,,91,20.36660581804739,1.3325052227429282,19.034100595304462
2023-10-27 12:30:00+00:00,PCE,Naive sign,-1.799426751444557,9.589452338083504,1.4148681055155876,,-1.0,True,,,,,,89,-9.589452338083504,1.4148681055155876,-11.004320443599092
2023-11-03 12:30:00+00:00,NFP,Naive sign,-0.13108733580921772,17.23247023029728,1.3617217702383013,,-1.0,True,,,,,,92,-17.23247023029728,1.3617217702383013,-18.594192000535582
2023-11-14 13:30:00+00:00,CPI,Naive sign,0.8426941285268533,48.58037864913456,1.331828442437923,,1.0,True,,,,,,92,48.58037864913456,1.331828442437923,47.248550206696635
2023-11-30 13:30:00+00:00,PCE,Naive sign,1.3321946861111806,-7.655293462214274,1.2896879610907699,,1.0,True,,,,,,90,-7.655293462214274,1.2896879610907699,-8.944981423305045
2023-12-08 13:30:00+00:00,NFP,Naive sign,-0.07577269969724261,16.931105385431522,1.2881392937066753,,-1.0,True,,,,,,93,-16.931105385431522,1.2881392937066753,-18.219244679138196
2023-12-12 13:30:00+00:00,CPI,Naive sign,-0.7887014604517996,-37.250022827706175,1.2727174675079542,,-1.0,True,,,,,,93,37.250022827706175,1.2727174675079542,35.97730536019822
2023-12-22 13:30:00+00:00,PCE,Naive sign,1.319160634839701,20.30246148841286,1.2297431087488926,,1.0,True,,,,,,91,20.30246148841286,1.2297431087488926,19.072718379663968
2024-01-05 13:30:00+00:00,NFP,Naive sign,-0.041746958090400695,23.333520689021725,1.2499337958794554,,-1.0,True,,,,,,94,-23.333520689021725,1.2499337958794554,-24.583454484901182
2024-01-11 13:30:00+00:00,CPI,Naive sign,-0.7849042105335153,-18.703247347460206,1.2215953206687715,,-1.0,True,,,,,,94,18.703247347460206,1.2215953206687715,17.481652026791433
2024-01-26 13:30:00+00:00,PCE,Naive sign,-0.23765961104637265,20.826462204794893,1.1996746644977634,,-1.0,True,,,,,,92,-20.826462204794893,1.1996746644977634,-22.026136869292657
2024-02-02 13:30:00+00:00,NFP,Naive sign,0.1178356155064509,-20.772648381495173,1.189995966115369,,1.0,True,,,,,,95,-20.772648381495173,1.189995966115369,-21.962644347610542
2024-02-13 13:30:00+00:00,CPI,Naive sign,-0.7811613847490155,-44.5970723874467,1.1744799442619687,,-1.0,True,,,,,,95,44.5970723874467,1.1744799442619687,43.42259244318473
2024-02-29 13:30:00+00:00,PCE,Naive sign,-0.23678595848151593,30.957495056256334,1.1648568608094767,,-1.0,True,,,,,,93,-30.957495056256334,1.1648568608094767,-32.122351917065814
2024-03-08 13:30:00+00:00,NFP,Naive sign,0.0003740759023637736,13.05704177575251,1.1442979053529867,,1.0,True,,,,,,96,13.05704177575251,1.1442979053529867,11.912743870399522
2024-03-12 12:30:00+00:00,CPI,Naive sign,0.038897596673548446,43.33754013366331,1.1489776046738072,,1.0,True,,,,,,96,43.33754013366331,1.1489776046738072,42.1885625289895
2024-04-05 12:30:00+00:00,NFP,Naive sign,0.01805478474136971,4.798694847139018,1.1310265503690213,,1.0,True,,,,,,97,4.798694847139018,1.1310265503690213,3.6676682967699965
2024-04-10 12:30:00+00:00,CPI,Naive sign,-0.7799931857072275,-47.55394796145396,1.1192791083708797,,-1.0,True,,,,,,97,47.55394796145396,1.1192791083708797,46.434668853083075
2024-04-26 12:30:00+00:00,PCE,Naive sign,-0.24439946298316922,-30.232127570890555,1.1525125750842407,,-1.0,True,,,,,,94,30.232127570890555,1.1525125750842407,29.079614995806313
2024-05-03 12:30:00+00:00,NFP,Naive sign,-0.17706829493247359,3.8857587432872265,1.1551639745472344,,-1.0,True,,,,,,98,-3.8857587432872265,1.1551639745472344,-5.04092271783446
2024-05-15 12:30:00+00:00,CPI,Naive sign,0.8630942134153134,-2.8319252561104236,1.119491485223661,,1.0,True,,,,,,98,-2.8319252561104236,1.119491485223661,-3.951416741334085
2024-05-31 12:30:00+00:00,PCE,Naive sign,-0.24351667860145637,16.147419921956896,1.1237560116184944,,-1.0,True,,,,,,95,-16.147419921956896,1.1237560116184944,-17.27117593357539
2024-06-07 12:30:00+00:00,NFP,Naive sign,0.022890670339214506,-8.423811804760817,1.0993106018259735,,1.0,True,,,,,,99,-8.423811804760817,1.0993106018259735,-9.52312240658679
2024-06-12 12:30:00+00:00,CPI,Naive sign,0.8587529694109373,13.357593934699707,1.093605189990732,,1.0,True,,,,,,99,13.357593934699707,1.093605189990732,12.263988744708975
2024-06-28 12:30:00+00:00,PCE,Naive sign,-0.2426433957445556,-23.36869659540497,1.059864373287825,,-1.0,True,,,,,,96,23.36869659540497,1.059864373287825,22.308832222117143
2024-07-05 12:30:00+00:00,NFP,Naive sign,-0.07399593365510283,-12.512290487549649,1.055173030492712,,-1.0,True,,,,,,100,12.512290487549649,1.055173030492712,11.457117457056937
2024-07-11 12:30:00+00:00,CPI,Naive sign,1.6754537637453566,-23.720634886927883,1.0383210875973425,,1.0,True,,,,,,100,-23.720634886927883,1.0383210875973425,-24.758955974525225
2024-07-26 12:30:00+00:00,PCE,Naive sign,-0.5783982211069412,-14.129124293944528,1.0756608933454876,,-1.0,True,,,,,,97,14.129124293944528,1.0756608933454876,13.05346340059904
2024-08-02 12:30:00+00:00,NFP,Naive sign,-0.1721608664320203,2.3180880513606894,1.0880590133702166,,-1.0,True,,,,,,101,-2.3180880513606894,1.0880590133702166,-3.406147064730906
2024-08-14 12:30:00+00:00,CPI,Naive sign,0.023803419256880783,-2.7434842422024985,1.0799926780157423,,1.0,True,,,,,,101,-2.7434842422024985,1.0799926780157423,-3.8234769202182406
2024-08-30 12:30:00+00:00,PCE,Naive sign,-0.238436036952374,-17.31064148732031,1.0469346109484519,,-1.0,True,,,,,,98,17.31064148732031,1.0469346109484519,16.26370687637186
2024-09-06 12:30:00+00:00,NFP,Naive sign,-0.12297466673639144,40.4353019074577,1.0767405785199378,,-1.0,True,,,,,,102,-40.4353019074577,1.0767405785199378,-41.51204248597764
2024-09-11 12:30:00+00:00,CPI,Naive sign,-0.09913290389855092,38.75178662404721,1.073117497271735,,-1.0,True,,,,,,102,-38.75178662404721,1.073117497271735,-39.82490412131895
2024-09-27 12:30:00+00:00,PCE,Naive sign,-0.2375999467930136,5.161956496095854,1.0159714150415429,,-1.0,True,,,,,,99,-5.161956496095854,1.0159714150415429,-6.177927911137397
2024-10-04 12:30:00+00:00,NFP,Naive sign,0.040543022944561934,39.737439988591916,1.022884882108183,,1.0,True,,,,,,103,39.737439988591916,1.022884882108183,38.714555106483736
2024-10-10 12:30:00+00:00,CPI,Naive sign,-0.7970756838786801,-11.160715444233915,1.0107932156929929,,-1.0,True,,,,,,103,11.160715444233915,1.0107932156929929,10.149922228540923
2024-10-31 12:30:00+00:00,PCE,Naive sign,-0.2367725943128565,-6.018916776717731,1.0138763586372814,,-1.0,True,,,,,,100,6.018916776717731,1.0138763586372814,5.0050404180804495
2024-11-01 12:30:00+00:00,NFP,Naive sign,-0.20694615809024963,17.356595522741713,1.0242610997786554,,-1.0,True,,,,,,104,-17.356595522741713,1.0242610997786554,-18.38085662252037
2024-11-13 13:30:00+00:00,CPI,Naive sign,0.028872763033326438,-12.46364930768351,0.9825554769141096,,1.0,True,,,,,,104,-12.46364930768351,0.9825554769141096,-13.44620478459762
2024-11-27 15:00:00+00:00,PCE,Naive sign,-0.23595382831701026,-13.690391899530141,0.9780356402818069,,-1.0,True,,,,,,101,13.690391899530141,0.9780356402818069,12.712356259248335
2024-12-06 13:30:00+00:00,NFP,Naive sign,-0.08361582857707964,1.6409583233212288,0.9699958898479243,,-1.0,True,,,,,,105,-1.6409583233212288,0.9699958898479243,-2.610954213169153
2024-12-11 13:30:00+00:00,CPI,Naive sign,-0.13613039922014264,14.423772874216922,0.9741599933955255,,-1.0,True,,,,,,105,-14.423772874216922,0.9741599933955255,-15.397932867612449
2024-12-20 13:30:00+00:00,PCE,Naive sign,1.35394468555584,11.5678768710481,1.0137892521156406,,1.0,True,,,,,,102,11.5678768710481,1.0137892521156406,10.554087618932458
2025-01-10 13:30:00+00:00,NFP,Naive sign,0.02543842745033338,-11.427847094758192,0.9921802741108215,,1.0,True,,,,,,106,-11.427847094758192,0.9921802741108215,-12.420027368869015
2025-01-15 13:30:00+00:00,CPI,Naive sign,0.029630018694912632,42.38094588064456,0.9993648105017997,,1.0,True,,,,,,106,42.38094588064456,0.9993648105017997,41.38158107014276
2025-01-31 13:30:00+00:00,PCE,Naive sign,-0.24328328434500773,1.6321867257573786,0.9628722970216238,,-1.0,True,,,,,,103,-1.6321867257573786,0.9628722970216238,-2.5950590227790022
2025-02-07 13:30:00+00:00,NFP,Naive sign,-0.13442132024142522,28.686192935971633,0.9669357151636825,,-1.0,True,,,,,,107,-28.686192935971633,0.9669357151636825,-29.653128651135315
2025-02-12 13:30:00+00:00,CPI,Naive sign,-1.6288289771507536,-8.701237367638726,0.9684037751333606,,-1.0,True,,,,,,107,8.701237367638726,0.9684037751333606,7.732833592505365
2025-02-28 13:30:00+00:00,PCE,Naive sign,-0.24245575341235073,-11.88404706734758,1.0025062656641603,,-1.0,True,,,,,,104,11.88404706734758,1.0025062656641603,10.881540801683421
2025-03-07 13:30:00+00:00,NFP,Naive sign,-0.10408611006653506,-68.64518418304044,1.0267565803785077,,-1.0,True,,,,,,108,68.64518418304044,1.0267565803785077,67.61842760266194
2025-03-12 12:30:00+00:00,CPI,Naive sign,0.863785844188717,-32.72601540974307,1.0488422736767256,,1.0,True,,,,,,108,-32.72601540974307,1.0488422736767256,-33.774857683419796
2025-03-28 12:30:00+00:00,PCE,Naive sign,-0.2416366134206346,-18.365478073008035,1.030027932960894,,-1.0,True,,,,,,105,18.365478073008035,1.030027932960894,17.33545014004714
2025-04-04 12:30:00+00:00,NFP,Naive sign,0.022901267949125444,29.741553848410263,1.11531190926276,,1.0,True,,,,,,109,29.741553848410263,1.11531190926276,28.6262419391475
2025-04-10 12:30:00+00:00,CPI,Naive sign,1.6857215992659478,-51.856769601279495,1.0961449140733859,,1.0,True,,,,,,109,-51.856769601279495,1.0961449140733859,-52.95291451535288
2025-04-30 14:00:00+00:00,PCE,Naive sign,-0.24082572346498407,58.768762114631556,1.080685044417987,,-1.0,True,,,,,,106,-58.768762114631556,1.080685044417987,-59.84944715904955
2025-05-02 12:30:00+00:00,NFP,Naive sign,-0.04068498955260628,36.530926829740906,1.0443864229765012,,-1.0,True,,,,,,110,-36.530926829740906,1.0443864229765012,-37.57531325271741
2025-05-13 12:30:00+00:00,CPI,Naive sign,0.8463013350782487,-14.899008779529765,1.0058818515045604,,1.0,True,,,,,,110,-14.899008779529765,1.0058818515045604,-15.904890631034325
2025-05-30 12:30:00+00:00,PCE,Naive sign,-0.2400229459321998,4.662894046028043,1.0014427565136212,,-1.0,True,,,,,,107,-4.662894046028043,1.0014427565136212,-5.664336802541665
2025-06-06 12:30:00+00:00,NFP,Naive sign,-0.07537897167229662,15.027553337318977,0.9879437374413931,,-1.0,True,,,,,,111,-15.027553337318977,0.9879437374413931,-16.015497074760372
2025-06-11 12:30:00+00:00,CPI,Naive sign,0.842385437586005,-13.194789973063337,0.9765786642390134,,1.0,True,,,,,,111,-13.194789973063337,0.9765786642390134,-14.17136863730235
2025-06-27 12:30:00+00:00,PCE,Naive sign,-0.23922814640251422,-4.427717583972424,0.9491634491634491,,-1.0,True,,,,,,108,4.427717583972424,0.9491634491634491,3.4785541348089746
2025-07-03 12:30:00+00:00,NFP,Naive sign,-0.03830309080058547,-6.362082205946251,0.9393034825870646,,-1.0,True,,,,,,112,6.362082205946251,0.9393034825870646,5.422778723359187
2025-07-15 12:30:00+00:00,CPI,Naive sign,0.015270024971998773,-7.494921555561973,0.9322167799020382,,1.0,True,,,,,,112,-7.494921555561973,0.9322167799020382,-8.427138335464011
2025-07-31 12:30:00+00:00,PCE,Naive sign,-0.23844119355490775,-1.9359959791742654,0.9141263508540883,,-1.0,True,,,,,,109,1.9359959791742654,0.9141263508540883,1.021869628320177
2025-08-01 12:30:00+00:00,NFP,Naive sign,-0.13459299863347782,-0.7927699385845699,0.9339137316976652,,-1.0,True,,,,,,113,0.7927699385845699,0.9339137316976652,-0.14114379311309533
2025-08-12 12:30:00+00:00,CPI,Naive sign,0.015229351855953272,12.056394265478332,0.9213711251659248,,1.0,True,,,,,,113,12.056394265478332,0.9213711251659248,11.135023140312407
2025-08-29 12:30:00+00:00,PCE,Naive sign,-0.23766195907583582,-3.460274165121291,0.9084959772106093,,-1.0,True,,,,,,110,3.460274165121291,0.9084959772106093,2.551778187910682
2025-09-05 12:30:00+00:00,NFP,Naive sign,-0.16203229557152443,38.70997302591661,0.9056372078744387,,-1.0,True,,,,,,114,-38.70997302591661,0.9056372078744387,-39.61561023379105
2025-09-11 12:30:00+00:00,CPI,Naive sign,-0.8125014898375039,-3.811411411760446,0.9001792729908075,,-1.0,True,,,,,,114,3.811411411760446,0.9001792729908075,2.9112321387696385
2025-09-26 12:30:00+00:00,PCE,Naive sign,-0.23689031757122087,6.362870992262515,0.8845577211394302,,-1.0,True,,,,,,111,-6.362870992262515,0.8845577211394302,-7.247428713401945
2025-10-24 12:30:00+00:00,CPI,Naive sign,0.847953082809842,-20.894818723995456,0.8682216172467073,,1.0,True,,,,,,115,-20.894818723995456,0.8682216172467073,-21.763040341242164
2025-11-20 13:30:00+00:00,NFP,Naive sign,-0.0023105936820798033,17.006806820170084,0.8753384518378398,,-1.0,True,,,,,,115,-17.006806820170084,0.8753384518378398,-17.882145272007925
2025-12-05 15:00:00+00:00,PCE,Naive sign,-0.2361261464815725,14.866656109440157,0.8563445698319968,,-1.0,True,,,,,,112,-14.866656109440157,0.8563445698319968,-15.723000679272154
2025-12-16 13:30:00+00:00,NFP,Naive sign,,-25.661719485974288,0.8660868288744541,,0.0,False,,,,,,116,-0.0,0.0,-0.0
2026-01-09 13:30:00+00:00,NFP,Naive sign,-0.11728348610816007,12.531105630060324,0.8458781362007167,,-1.0,True,,,,,,116,-12.531105630060324,0.8458781362007167,-13.376983766261041
2026-01-13 13:30:00+00:00,CPI,Naive sign,0.01505420514787327,-14.946090110150578,0.8419250115943063,,1.0,True,,,,,,116,-14.946090110150578,0.8419250115943063,-15.788015121744884
2026-02-11 13:30:00+00:00,NFP,Naive sign,-0.002974276950318473,33.246969582805264,0.8462117680806052,,-1.0,True,,,,,,117,-33.246969582805264,0.8462117680806052,-34.09318135088587
2026-02-13 13:30:00+00:00,CPI,Naive sign,0.8462769813651695,-7.2912872351338365,0.8626992250328995,,1.0,True,,,,,,117,-7.2912872351338365,0.8626992250328995,-8.153986460166736
2026-02-20 13:30:00+00:00,PCE,Naive sign,-1.874584816789142,-9.104649462656766,0.8580570098894706,,-1.0,True,,,,,,113,9.104649462656766,0.8580570098894706,8.246592452767295
2026-03-06 13:30:00+00:00,NFP,Naive sign,-0.288041446580229,-37.365242045162006,0.8678065820922964,,-1.0,True,,,,,,118,37.365242045162006,0.8678065820922964,36.497435463069706
2026-03-11 12:30:00+00:00,CPI,Naive sign,-0.07257360225559249,-22.86305295641,0.8689568835376854,,-1.0,True,,,,,,118,22.86305295641,0.8689568835376854,21.994096072872317
2026-03-13 12:30:00+00:00,PCE,Naive sign,-0.21994435368833912,1.8629953292759183,0.880071599045346,,-1.0,True,,,,,,114,-1.8629953292759183,0.880071599045346,-2.743066928321264
2026-04-09 12:30:00+00:00,PCE,Naive sign,-0.21926095603584936,1.4691838710234606,0.866786645609138,,-1.0,True,,,,,,115,-1.4691838710234606,0.866786645609138,-2.3359705166325986
2026-04-10 12:30:00+00:00,CPI,Naive sign,0.3863432136330373,-9.81836112256218,0.8584627696336983,,1.0,True,,,,,,119,-9.81836112256218,0.8584627696336983,-10.676823892195879
2026-04-30 12:30:00+00:00,PCE,Naive sign,-0.21858389123884375,-6.244579561140995,0.8183930367236536,,-1.0,True,,,,,,116,6.244579561140995,0.8183930367236536,5.426186524417341
2026-05-08 12:30:00+00:00,NFP,Naive sign,-0.02209025678682834,-5.405222928125397,0.7971895689771653,,-1.0,True,,,,,,119,5.405222928125397,0.7971895689771653,4.608033359148232
2026-05-12 12:30:00+00:00,CPI,Naive sign,0.009048380436151223,19.22461341855808,0.7964900438744515,,1.0,True,,,,,,120,19.22461341855808,0.7964900438744515,18.428123374683626
2026-05-28 12:30:00+00:00,PCE,Naive sign,1.4256193886011588,13.606573077424855,0.7840531561461794,,1.0,True,,,,,,117,13.606573077424855,0.7840531561461794,12.822519921278676
2026-06-05 12:30:00+00:00,NFP,Naive sign,0.024028750728270636,-9.598359086666619,0.7805523400033073,,1.0,True,,,,,,120,-9.598359086666619,0.7805523400033073,-10.378911426669926
2026-06-10 12:30:00+00:00,CPI,Naive sign,0.009025267637695652,3.74206940804811,0.8039790147850377,,1.0,True,,,,,,121,3.74206940804811,0.8039790147850377,2.938090393263072
2026-06-25 12:30:00+00:00,PCE,Naive sign,1.4130475363822363,-8.67794854364945,0.7893504582246305,,1.0,True,,,,,,118,-8.67794854364945,0.7893504582246305,-9.46729900187408
2016-01-08 13:30:00+00:00,NFP,Surprise only,1.6142593236792937,-16.61873185295981,3.0248654191233015,,0.0,False,,,,,,0,-0.0,0.0,-0.0
2016-01-20 13:30:00+00:00,CPI,Surprise only,0.8034072020471136,12.204218749847229,3.2013022246337495,,0.0,False,,,,,,0,0.0,0.0,0.0
2016-02-01 13:30:00+00:00,PCE,Surprise only,1.3212240511473,10.434329888919791,3.0801357347950926,,0.0,False,,,,,,0,0.0,0.0,0.0
2016-02-05 13:30:00+00:00,NFP,Surprise only,-0.5662977961971637,-19.727763352150873,3.0906233630172864,,0.0,False,,,,,,1,-0.0,0.0,-0.0
2016-02-19 13:30:00+00:00,CPI,Surprise only,-1.1647750851392003,-13.113036235150588,3.0881968071185555,,0.0,False,,,,,,1,-0.0,0.0,-0.0
2016-02-26 15:00:00+00:00,PCE,Surprise only,-2.1146814105422513,-19.20246381512669,3.017131168499105,,0.0,False,,,,,,1,-0.0,0.0,-0.0
2016-03-04 13:30:00+00:00,NFP,Surprise only,0.8511296176546844,-38.85447013824539,2.958505703898709,,0.0,False,,,,,,2,-0.0,0.0,-0.0
2016-03-16 12:30:00+00:00,CPI,Surprise only,-0.1690515651424326,-21.132458607198146,2.9284030276709268,,0.0,False,,,,,,2,-0.0,0.0,-0.0
2016-03-28 12:30:00+00:00,PCE,Surprise only,-0.3589718295271186,-6.149683485121571,2.9028290282902827,,0.0,False,,,,,,2,-0.0,0.0,-0.0
2016-04-01 12:30:00+00:00,NFP,Surprise only,0.23256549524665046,-26.937692302420047,2.8868501529051986,,0.0,False,,,,,,3,-0.0,0.0,-0.0
2016-04-14 12:30:00+00:00,CPI,Surprise only,0.8159070832843519,10.830977651874463,2.843030960125286,,0.0,False,,,,,,3,0.0,0.0,0.0
2016-04-29 12:30:00+00:00,PCE,Surprise only,-0.3548908737688326,-24.183808642819216,2.8495532480077275,,0.0,False,,,,,,3,-0.0,0.0,-0.0
2016-05-06 12:30:00+00:00,NFP,Surprise only,-0.5970295853454834,-18.428655624038726,2.8942850134903115,,0.0,False,,,,,,4,-0.0,0.0,-0.0
2016-05-17 12:30:00+00:00,CPI,Surprise only,-1.165117912908518,-7.285090171640363,2.8637301298386113,,0.0,False,,,,,,4,-0.0,0.0,-0.0
2016-05-31 12:30:00+00:00,PCE,Surprise only,-0.3509464824958188,-2.380952392195823,2.8081865778200856,,0.0,False,,,,,,4,-0.0,0.0,-0.0
2016-06-03 12:30:00+00:00,NFP,Surprise only,-1.9555484666489378,-15.502954628470178,2.802850356294537,,0.0,False,,,,,,5,-0.0,0.0,-0.0
2016-06-16 12:30:00+00:00,CPI,Surprise only,0.820318465725177,3.637024953713208,2.8619936939121997,,0.0,False,,,,,,5,0.0,0.0,0.0
2016-06-29 12:30:00+00:00,PCE,Surprise only,-0.3471306674377593,14.687885137503187,2.890385793018983,,0.0,False,,,,,,5,0.0,0.0,0.0
2016-07-08 12:30:00+00:00,NFP,Surprise only,1.8450710388339822,14.239945446492541,2.8138786216764036,,0.0,False,,,,,,6,0.0,0.0,0.0
2016-07-15 12:30:00+00:00,CPI,Surprise only,0.8115726727885837,1.1570726076026716,2.7343297416290118,,0.0,False,,,,,,6,0.0,0.0,0.0
2016-08-02 12:30:00+00:00,PCE,Surprise only,1.357394389268374,-3.472021329935515,2.7311653743779654,,0.0,False,,,,,,6,-0.0,0.0,-0.0
2016-08-05 12:30:00+00:00,NFP,Surprise only,1.2796377681502662,15.005485588135414,2.72895467160037,,0.0,False,,,,,,7,0.0,0.0,0.0
2016-08-16 12:30:00+00:00,CPI,Surprise only,-0.18513874292076055,-3.4374105179502124,2.7036315729178595,,0.0,False,,,,,,7,-0.0,0.0,-0.0
2016-08-29 12:30:00+00:00,PCE,Surprise only,-0.36621496105815404,1.151874677312037,2.718580808662596,,0.0,False,,,,,,7,0.0,0.0,0.0
2016-09-02 12:30:00+00:00,NFP,Surprise only,-0.40888888651079935,26.477883425233273,2.7239150507848566,,0.0,False,,,,,,8,0.0,0.0,0.0
2016-09-16 12:30:00+00:00,CPI,Surprise only,-1.1782923846276343,17.522345468030665,2.7553998832457673,,0.0,False,,,,,,8,0.0,0.0,0.0
2016-09-30 12:30:00+00:00,PCE,Surprise only,1.3393576888346368,8.139062131764518,2.74482437776227,,0.0,False,,,,,,8,0.0,0.0,0.0
2016-10-07 12:30:00+00:00,NFP,Surprise only,-0.1964152932718881,6.954909286953637,2.7403622851834646,,0.0,False,,,,,,9,0.0,0.0,0.0
2016-10-18 12:30:00+00:00,CPI,Surprise only,-0.16901430640024803,2.3397286021609176,2.7624956104412965,,0.0,False,,,,,,9,0.0,0.0,0.0
2016-10-31 12:30:00+00:00,PCE,Surprise only,-0.3840686609153908,4.702010195956063,2.7751646284101597,,0.0,False,,,,,,9,0.0,0.0,0.0
2016-11-04 12:30:00+00:00,NFP,Surprise only,-0.1303193272493761,19.18925990609388,2.8310940499040305,,0.0,False,,,,,,10,0.0,0.0,0.0
2016-11-17 13:30:00+00:00,CPI,Surprise only,-0.16796381350875023,5.750762134448806,2.714515757994019,,0.0,False,,,,,,10,0.0,0.0,0.0
2016-11-30 13:30:00+00:00,PCE,Surprise only,1.3230170925284488,4.525910916814979,2.6714964908308807,,0.0,False,,,,,,10,0.0,0.0,0.0
2016-12-02 13:30:00+00:00,NFP,Surprise only,0.033610480884534014,3.425244082126966,2.6940639269406392,,0.0,False,,,,,,11,0.0,0.0,0.0
2016-12-15 13:30:00+00:00,CPI,Surprise only,-0.1669325545533029,11.081561417709551,2.6175687666370893,,0.0,False,,,,,,11,0.0,0.0,0.0
2016-12-22 15:00:00+00:00,PCE,Surprise only,2.9838886430672513,0.0,2.6149584487534625,,0.0,False,,,,,,11,0.0,0.0,0.0
2017-01-06 13:30:00+00:00,NFP,Surprise only,-0.24560763540543862,11.036310578296238,2.607446690973373,,0.0,False,,,,,,12,0.0,0.0,0.0
2017-01-18 13:30:00+00:00,CPI,Surprise only,-0.1659201234598231,-2.2058012662551363,2.6014109347442678,,0.0,False,,,,,,12,-0.0,0.0,-0.0
2017-01-30 13:30:00+00:00,PCE,Surprise only,-0.4243384371886906,7.67417677305815,2.587719298245614,,0.0,False,,,,,,12,0.0,0.0,0.0
2017-02-03 13:30:00+00:00,NFP,Surprise only,0.8452794369339985,16.42126374812314,2.588570801798837,,0.0,False,,,,,,13,0.0,0.0,0.0
2017-02-15 13:30:00+00:00,CPI,Surprise only,-3.2124696574381035,-7.500670054305658,2.5270371560124207,,0.0,False,,,,,,13,-0.0,0.0,-0.0
2017-03-01 13:30:00+00:00,PCE,Surprise only,1.1790960725118012,1.0503650028059752,2.4784709094727995,,0.0,False,,,,,,13,0.0,0.0,0.0
2017-03-10 13:30:00+00:00,NFP,Surprise only,0.6384882035084962,3.1544083117385213,2.4839490579938954,,0.0,False,,,,,,14,0.0,0.0,0.0
2017-03-15 12:30:00+00:00,CPI,Surprise only,-1.086149736630413,6.325110900311515,2.4894514767932487,,0.0,False,,,,,,14,0.0,0.0,0.0
2017-03-31 12:30:00+00:00,PCE,Surprise only,-0.4384274479644154,0.0,2.4978831498729885,,0.0,False,,,,,,14,0.0,0.0,0.0
2017-04-07 12:30:00+00:00,NFP,Surprise only,-1.3078965412877368,12.774112871811738,2.508770064845328,,0.0,False,,,,,,15,0.0,0.0,0.0
2017-05-01 12:30:00+00:00,PCE,Surprise only,-0.4341842117614949,-3.143171485877616,2.471721826560536,,0.0,False,,,,,,15,-0.0,0.0,-0.0
2017-05-05 12:30:00+00:00,NFP,Surprise only,0.4142854976008267,7.327924954978471,2.472757753562447,,0.0,False,,,,,,16,0.0,0.0,0.0
2017-05-12 12:30:00+00:00,CPI,Surprise only,-0.13514617301327977,9.42063187900466,2.471204188481675,,0.0,False,,,,,,15,0.0,0.0,0.0
2017-05-30 12:30:00+00:00,PCE,Surprise only,-0.4300621707383414,3.112194641019528,2.44914902449149,,0.0,False,,,,,,16,0.0,0.0,0.0
2017-06-02 12:30:00+00:00,NFP,Surprise only,-0.6677396065852849,-4.111419525489879,2.423744479819246,,0.0,False,,,,,,17,-0.0,0.0,-0.0
2017-06-14 12:30:00+00:00,CPI,Surprise only,0.7999778667585382,9.213288259850572,2.4165472045873435,,0.0,False,,,,,,16,0.0,0.0,0.0
2017-06-30 12:30:00+00:00,PCE,Surprise only,-0.4260556508599551,-6.188757288807523,2.4342444559051057,,0.0,False,,,,,,17,-0.0,0.0,-0.0
2017-07-07 12:30:00+00:00,NFP,Surprise only,0.8034356423152486,0.0,2.448640796845819,,0.0,False,,,,,,18,0.0,0.0,0.0
2017-07-14 12:30:00+00:00,CPI,Surprise only,0.7927260050565855,10.214505484649194,2.412594561439378,,0.0,False,,,,,,17,0.0,0.0,0.0
2017-08-01 12:30:00+00:00,PCE,Surprise only,-0.422159343805065,8.08489179966898,2.385525118770848,,0.0,False,,,,,,18,0.0,0.0,0.0
2017-08-04 12:30:00+00:00,NFP,Surprise only,0.5458452330557173,-4.040812258239157,2.3848019401778493,,0.0,False,,,,,,19,-0.0,0.0,-0.0
2017-08-11 12:30:00+00:00,CPI,Surprise only,0.7856685090657263,16.405212333037156,2.42225187313969,,0.0,False,,,,,,18,0.0,0.0,0.0
2017-08-31 12:30:00+00:00,PCE,Surprise only,-0.4183682771652557,4.062563533437924,2.397642995021843,,0.0,False,,,,,,19,0.0,0.0,0.0
2017-09-01 12:30:00+00:00,NFP,Surprise only,-0.34604558050796347,3.0301500156149075,2.3831162274058366,,0.0,False,,,,,,20,0.0,0.0,0.0
2017-09-14 12:30:00+00:00,CPI,Surprise only,-1.1017624856808288,0.0,2.3673387501253886,,0.0,False,,,,,,19,0.0,0.0,0.0
2017-09-29 12:30:00+00:00,PCE,Surprise only,1.24403333303221,-3.9896270228112485,2.353879912228207,,0.0,False,,,,,,20,-0.0,0.0,-0.0
2017-10-06 12:30:00+00:00,NFP,Surprise only,-1.8424473560997108,-13.7524579631787,2.3159960745829244,,0.0,False,,,,,,21,-0.0,0.0,-0.0
2017-10-13 12:30:00+00:00,CPI,Surprise only,0.7897822256401897,4.895481568372162,2.3114593535749264,,0.0,False,,,,,,20,0.0,0.0,0.0
2017-10-30 12:30:00+00:00,PCE,Surprise only,-0.43153418183276016,-0.971675655438986,2.293043140303148,,0.0,False,,,,,,21,-0.0,0.0,-0.0
2017-11-03 12:30:00+00:00,NFP,Surprise only,-0.7859021766829931,-3.8778478430501195,2.287930198739699,,0.0,False,,,,,,22,-0.0,0.0,-0.0
2017-11-15 13:30:00+00:00,CPI,Surprise only,-0.15820077948038003,-6.81563728250012,2.2968369829683697,,0.0,False,,,,,,21,-0.0,0.0,-0.0
2017-11-30 13:30:00+00:00,PCE,Surprise only,-0.42780275982372784,0.0,2.240577233456755,,0.0,False,,,,,,22,0.0,0.0,0.0
2017-12-08 13:30:00+00:00,NFP,Surprise only,0.6370043888724991,6.6103217856294805,2.229991495795143,,0.0,False,,,,,,23,0.0,0.0,0.0
2017-12-13 13:30:00+00:00,CPI,Surprise only,-0.1573539546812662,9.37822445177261,2.213676015383172,,0.0,False,,,,,,22,0.0,0.0,0.0
2017-12-22 13:30:00+00:00,PCE,Surprise only,1.2482623178131573,-1.8597731130398643,2.1947363526457733,,0.0,False,,,,,,23,-0.0,0.0,-0.0
2018-01-05 13:30:00+00:00,NFP,Surprise only,-0.621220884870033,10.068189949397066,2.1587998536406876,,0.0,False,,,,,,24,0.0,0.0,0.0
2018-01-12 13:30:00+00:00,CPI,Surprise only,-0.15652048446517022,-10.827394362813436,2.126700910155898,,0.0,False,,,,,,23,-0.0,0.0,-0.0
2018-01-29 13:30:00+00:00,PCE,Surprise only,-0.4402926559951366,-8.721437845693458,2.0573620434138262,,0.0,False,,,,,,24,-0.0,0.0,-0.0
2018-02-02 13:30:00+00:00,NFP,Surprise only,0.4228435414864092,16.048505584276285,2.1020753540571833,,0.0,False,,,,,,25,0.0,0.0,0.0
2018-02-14 13:30:00+00:00,CPI,Surprise only,-2.0674616228090885,-21.746332968355375,2.205401364358471,,0.0,False,,,,,,24,-0.0,0.0,-0.0
2018-03-01 13:30:00+00:00,PCE,Surprise only,-0.4366213148929902,29.495827449625978,2.1789308466438926,,0.0,False,,,,,,25,0.0,0.0,0.0
2018-03-09 13:30:00+00:00,NFP,Surprise only,1.9022467250921624,37.264301244963605,2.1580102414045355,,0.0,False,,,,,,26,0.0,0.0,0.0
2018-03-13 12:30:00+00:00,CPI,Surprise only,-0.1324165031997715,-0.894494387644329,2.116591928251121,,0.0,False,,,,,,25,-0.0,0.0,-0.0
2018-03-29 12:30:00+00:00,PCE,Surprise only,-0.4330405906855374,-0.9551554522779782,2.2553516819571864,,0.0,False,,,,,,26,-0.0,0.0,-0.0
2018-04-06 12:30:00+00:00,NFP,Surprise only,-1.2995829002724142,7.568590711333201,2.2331566994700984,,0.0,False,,,,,,27,0.0,0.0,0.0
2018-04-11 12:30:00+00:00,CPI,Surprise only,0.8133579879158452,-1.8989745594666374,2.240789973414356,,0.0,False,,,,,,26,-0.0,0.0,-0.0
2018-04-30 12:30:00+00:00,PCE,Surprise only,-0.4295466448744693,-0.9336632283662993,2.202519832011199,,0.0,False,,,,,,27,-0.0,0.0,-0.0
2018-05-04 12:30:00+00:00,NFP,Surprise only,-0.4042211205062629,-2.8572789374869956,2.250190694126621,,0.0,False,,,,,,28,-0.0,0.0,-0.0
2018-05-10 12:30:00+00:00,CPI,Surprise only,0.8066313627379722,4.623849899747512,2.185387535882952,,0.0,False,,,,,,27,0.0,0.0,0.0
2018-05-31 12:30:00+00:00,PCE,Surprise only,-0.4261361668922612,-2.752419853155885,2.164144887666208,,0.0,False,,,,,,28,-0.0,0.0,-0.0
2018-06-01 12:30:00+00:00,NFP,Surprise only,0.6295443548080089,21.14651640770404,2.1701149425287354,,0.0,False,,,,,,29,0.0,0.0,0.0
2018-06-12 12:30:00+00:00,CPI,Surprise only,-0.14836969090721452,9.876544012730193,2.120395327942498,,0.0,False,,,,,,28,0.0,0.0,0.0
2018-06-29 12:30:00+00:00,PCE,Surprise only,-0.4228058320342103,-11.912945280592169,2.161370088835974,,0.0,False,,,,,,29,-0.0,0.0,-0.0
2018-07-06 12:30:00+00:00,NFP,Surprise only,0.3749571567850948,-3.6519675380652927,2.158602396414525,,0.0,False,,,,,,30,-0.0,0.0,-0.0
2018-07-12 12:30:00+00:00,CPI,Surprise only,0.8054339632504349,7.169743988786337,2.1162123385939737,,0.0,False,,,,,,29,0.0,0.0,0.0
2018-07-31 12:30:00+00:00,PCE,Surprise only,-0.4195525615380417,-5.338553378866351,2.0998309458136846,,0.0,False,,,,,,30,-0.0,0.0,-0.0
2018-08-03 12:30:00+00:00,NFP,Surprise only,-0.5320078037025123,-8.83626460252529,2.083701218435458,,0.0,False,,,,,,31,-0.0,0.0,-0.0
2018-08-10 12:30:00+00:00,CPI,Surprise only,-0.15572468844210885,-3.5211267969437188,2.077099102270727,,0.0,False,,,,,,30,-0.0,0.0,-0.0
2018-08-30 12:30:00+00:00,PCE,Surprise only,0.016880010255722527,-4.295348203999794,2.026968994245469,,0.0,False,,,,,,31,-0.0,0.0,-0.0
2018-09-07 12:30:00+00:00,NFP,Surprise only,0.2616225928660689,-8.713078881790182,2.052173913043478,,0.0,False,,,,,,32,-0.0,0.0,-0.0
2018-09-13 12:30:00+00:00,CPI,Surprise only,0.8043331512490195,-1.7253278165441088,2.0379965457685665,,0.0,False,,,,,,31,-0.0,0.0,-0.0
2018-09-28 12:30:00+00:00,PCE,Surprise only,-0.41932078998489236,3.43436081337245,2.026968994245469,,0.0,False,,,,,,32,0.0,0.0,0.0
2018-10-05 12:30:00+00:00,NFP,Surprise only,-0.7870138858905067,-11.176547610585175,2.0301075268817206,,0.0,False,,,,,,33,-0.0,0.0,-0.0
2018-10-11 12:30:00+00:00,CPI,Surprise only,0.7980522394154973,-16.172510263494644,2.1270842721946823,,0.0,False,,,,,,32,-0.0,0.0,-0.0
2018-10-29 12:30:00+00:00,PCE,Surprise only,-0.4162236927774103,1.8535681239484347,2.188427299703264,,0.0,False,,,,,,33,0.0,0.0,0.0
2018-11-02 12:30:00+00:00,NFP,Surprise only,0.9282289143639069,-3.62811795362461,2.140201324022853,,0.0,False,,,,,,34,-0.0,0.0,-0.0
2018-11-14 13:30:00+00:00,CPI,Surprise only,-0.17073431842246337,14.60653902196185,2.159787681888899,,0.0,False,,,,,,33,0.0,0.0,0.0
2018-11-29 13:30:00+00:00,PCE,Surprise only,-0.413194375549636,-1.8279864779913169,2.157615651855915,,0.0,False,,,,,,34,-0.0,0.0,-0.0
2018-12-07 13:30:00+00:00,NFP,Surprise only,-0.6547686526365027,9.29800159966021,2.197188343729634,,0.0,False,,,,,,35,0.0,0.0,0.0
2018-12-12 13:30:00+00:00,CPI,Surprise only,-0.1699188197561624,38.40934039562427,2.214299118033402,,0.0,False,,,,,,34,0.0,0.0,0.0
2019-01-04 13:30:00+00:00,NFP,Surprise only,2.261740690734558,32.32326046582301,2.378552711146946,9.067467079911548,1.0,True,4.009065724049319,,,,,36,32.32326046582301,2.378552711146946,29.944707754676067
2019-01-11 13:30:00+00:00,CPI,Surprise only,-0.16911489877107314,-11.596445056802906,2.2812953117448043,,0.0,False,,,,,,35,-0.0,0.0,-0.0
2019-02-01 13:30:00+00:00,NFP,Surprise only,2.3749676396538355,16.634325986970566,2.1863998517695014,12.705579938329175,1.0,True,5.349790761856899,,,,,37,16.634325986970566,2.1863998517695014,14.447926135201065
2019-02-13 13:30:00+00:00,CPI,Surprise only,0.8075888422190041,12.718024970066466,2.144674663758633,3.1001697765908687,1.0,True,3.838797188025236,,,,,36,12.718024970066466,2.144674663758633,10.573350306307834
2019-03-01 13:30:00+00:00,PCE,Surprise only,-2.108137244454332,3.570790968137061,2.106954736184269,,0.0,False,,,,,,35,0.0,0.0,0.0
2019-03-08 13:30:00+00:00,NFP,Surprise only,-2.577157761426142,-9.160026288554945,2.1552511415525113,-14.104757782357972,-1.0,True,5.4729896607310184,,,,,38,9.160026288554945,2.1552511415525113,7.004775147002434
2019-03-12 12:30:00+00:00,CPI,Surprise only,-0.17594973086669394,16.14350126384778,2.1196335548769536,-0.7116508462749418,0.0,True,4.044625943839124,,,,,37,0.0,0.0,0.0
2019-03-29 12:30:00+00:00,PCE,Surprise only,1.3555304283976177,7.9438637833106895,2.0838852097130243,2.044066128661409,0.0,True,1.5079455878225576,,,,,36,0.0,0.0,0.0
2019-04-05 12:30:00+00:00,NFP,Surprise only,0.36000953458674323,-4.323950428428702,2.044529151866932,1.9061224069759737,0.0,True,5.294644235364547,,,,,39,-0.0,0.0,-0.0
2019-04-10 12:30:00+00:00,CPI,Surprise only,-0.6660549897418855,2.59684052531739,2.0431131503765907,-2.6594268958235867,-1.0,True,3.9928038026622805,,,,,38,-2.59684052531739,2.0431131503765907,-4.639953675693981
2019-05-03 12:30:00+00:00,NFP,Surprise only,1.2218354880047635,11.086948387397655,2.015371477369769,6.412847689390461,1.0,True,5.248536118280974,,,,,40,11.086948387397655,2.015371477369769,9.071576910027886
2019-05-10 12:30:00+00:00,CPI,Surprise only,0.8147019300586259,22.787038782112745,2.0663689694422556,3.217949064287129,1.0,True,3.949848337852306,,,,,39,22.787038782112745,2.0663689694422556,20.72066981267049
2019-05-31 12:30:00+00:00,PCE,Surprise only,-0.36868440449756795,11.778030806617323,2.1392313270485857,-0.6403141020960653,0.0,True,1.7367539670376515,,,,,37,0.0,0.0,0.0
2019-06-07 12:30:00+00:00,NFP,Surprise only,-1.5524750423548752,7.014467626511589,2.0669118935014885,-8.255058895684437,-1.0,True,5.317353690377356,,,,,41,-7.014467626511589,2.0669118935014885,-9.081379520013078
2019-06-12 12:30:00+00:00,CPI,Surprise only,-0.17710016798500505,-6.074016413055716,2.0486111111111107,-0.7804154092924366,0.0,True,4.406632800927178,,,,,40,-0.0,0.0,-0.0
2019-06-28 12:30:00+00:00,PCE,Surprise only,-0.366294583792779,5.105948540844452,2.0083397157688707,-0.5947836223756017,0.0,True,1.6237849225531655,,,,,38,0.0,0.0,0.0
2019-07-05 12:30:00+00:00,NFP,Surprise only,1.0718570086511612,-11.70666577380075,1.9707724425887263,5.246078394163545,1.0,True,4.894382694539898,,,,,42,-11.70666577380075,1.9707724425887263,-13.677438216389477
2019-07-11 12:30:00+00:00,CPI,Surprise only,-1.1663865052088653,4.164064186760186,1.9633943427620633,-5.1775001327074985,-1.0,True,4.438923212490667,,,,,41,-4.164064186760186,1.9633943427620633,-6.127458529522249
2019-07-30 12:30:00+00:00,PCE,Surprise only,-0.36395092463953677,-14.96010917310997,1.9611101878012298,-0.5741643171363826,0.0,True,1.5775871917485709,,,,,39,-0.0,0.0,-0.0
2019-08-02 12:30:00+00:00,NFP,Surprise only,0.031497609119124026,4.246825561757817,2.0042462845010616,0.14317358325587684,0.0,True,4.545538130033744,,,,,43,0.0,0.0,0.0
2019-08-13 12:30:00+00:00,CPI,Surprise only,-0.1659081562956267,6.961364708555351,2.051638702947057,-0.7033363071519005,0.0,True,4.2393112120337655,,,,,42,0.0,0.0,0.0
2019-08-30 12:30:00+00:00,PCE,Surprise only,-0.3616517148149259,-3.397027633518235,2.0040760869565215,-0.6173694751635258,0.0,True,1.7070829471373103,,,,,40,-0.0,0.0,-0.0
2019-09-06 12:30:00+00:00,NFP,Surprise only,-0.4303607562946714,-3.3537352540236043,1.9768805495057797,-1.954980047644666,0.0,True,4.542654085090592,,,,,44,-0.0,0.0,-0.0
2019-09-12 12:30:00+00:00,CPI,Surprise only,-0.16517796464621493,2.492833117742066,1.961436170212766,-0.6985945510817736,0.0,True,4.229344710585656,,,,,43,0.0,0.0,0.0
2019-09-27 12:30:00+00:00,PCE,Surprise only,1.3657033853241398,-3.3461603123186023,1.9745649263721552,2.3661688559432403,1.0,True,1.7325642459190707,,,,,41,-3.3461603123186023,1.9745649263721552,-5.320725238690757
2019-10-04 12:30:00+00:00,NFP,Surprise only,-0.09265768712922037,17.99871923651608,2.0343073872941986,-0.4236423205003489,0.0,True,4.572122763106934,,,,,45,0.0,0.0,0.0
2019-10-10 12:30:00+00:00,CPI,Surprise only,0.8325119977114724,5.145356429459014,2.0254033642293168,3.521571262607606,1.0,True,4.230054668627242,,,,,44,5.145356429459014,2.0254033642293168,3.119953065229697
2019-10-31 12:30:00+00:00,PCE,Surprise only,-0.3726587275846903,5.753503631353851,1.9404703173820095,-0.564401766726005,0.0,True,1.5145271664078743,,,,,42,0.0,0.0,0.0
2019-11-01 12:30:00+00:00,NFP,Surprise only,0.742125242156633,5.742647518260924,1.941428101349128,3.353297959949112,1.0,True,4.518506809180013,,,,,46,5.742647518260924,1.941428101349128,3.801219416911796
2019-11-13 13:30:00+00:00,CPI,Surprise only,-1.1700469441557593,0.8108655994831793,1.914030819140308,-4.890462539896551,-1.0,True,4.179714809156855,,,,,45,-0.8108655994831793,1.914030819140308,-2.724896418623487
2019-11-27 15:00:00+00:00,PCE,Surprise only,0.9149489511371186,0.0,1.875993640699523,1.3351871821935855,0.0,True,1.4593023802411988,,,,,43,0.0,0.0,0.0
2019-12-06 13:30:00+00:00,NFP,Surprise only,1.42861497447116,27.130562444348527,1.8893603394443998,6.462324619188274,1.0,True,4.523489347842287,,,,,47,27.130562444348527,1.8893603394443998,25.241202104904126
2019-12-11 13:30:00+00:00,CPI,Surprise only,-1.158461044632005,4.777830955688955,1.8795794839120739,-4.761498305056272,-1.0,True,4.11019285207713,,,,,46,-4.777830955688955,1.8795794839120739,-6.657410439601029
2020-01-10 13:30:00+00:00,NFP,Surprise only,-0.20617197687041738,1.5236934358142662,1.797958250799939,-1.0232052053069793,0.0,True,4.962872359467559,,,,,48,0.0,0.0,0.0
2020-01-14 13:30:00+00:00,CPI,Surprise only,0.8436125672345851,10.648818226925982,1.795359452263218,3.319492914997019,1.0,True,3.934854747219479,,,,,47,10.648818226925982,1.795359452263218,8.853458774662764
2020-01-31 13:30:00+00:00,PCE,Surprise only,-2.1131396664751882,3.052270149623837,1.8015267175572518,-3.005749193541296,-1.0,True,1.4224091484473531,,,,,44,-3.052270149623837,1.8015267175572518,-4.853796867181089
2020-02-07 13:30:00+00:00,NFP,Surprise only,1.0001447762026143,-29.955837573361066,1.7667315466387181,4.962297949767685,1.0,True,4.961579631109725,,,,,49,-29.955837573361066,1.7667315466387181,-31.722569119999783
2020-02-13 13:30:00+00:00,CPI,Surprise only,0.8376680323617207,7.4338391767270195,1.7552993677947193,3.375864532510574,1.0,True,4.03007444726363,,,,,48,7.4338391767270195,1.7552993677947193,5.6785398089323005
2020-02-28 13:30:00+00:00,PCE,Surprise only,1.354456856955525,-116.55942728360458,2.012621524816647,1.547992628590165,0.0,True,1.1428881035529321,,,,,45,-0.0,0.0,-0.0
2020-03-06 13:30:00+00:00,NFP,Surprise only,1.6027523818647151,3.413843167070496,2.017094017094017,7.034279830636283,1.0,True,4.388874981706333,,,,,50,3.413843167070496,2.017094017094017,1.396749149976479
2020-03-11 12:30:00+00:00,CPI,Surprise only,-1.1639324823814878,-68.45640136681652,2.1196335548769536,-4.701149312988176,-1.0,True,4.039022352369867,,,,,49,68.45640136681652,2.1196335548769536,66.33676781193957
2020-03-27 12:30:00+00:00,PCE,Surprise only,-0.36227118384366613,-87.70689384210328,2.3139523482694377,0.9020764170620063,0.0,True,-2.490058434930024,,,,,46,-0.0,0.0,-0.0
2020-04-03 12:30:00+00:00,NFP,Surprise only,-9.584675105229561,48.938924141364026,2.362598858744619,-40.821719665947114,-1.0,True,4.259061388911774,,,,,51,-48.938924141364026,2.362598858744619,-51.301523000108645
2020-04-30 12:30:00+00:00,PCE,Surprise only,-0.36017238707897786,-58.25924634551782,2.017783857729138,0.6746176245437489,0.0,True,-1.8730409346894772,,,,,47,-0.0,0.0,-0.0
2020-05-08 12:30:00+00:00,NFP,Surprise only,17.82134084487857,-19.73656623849962,2.0313306937510758,-23.05662748195861,-1.0,True,-1.2937650249018462,,,,,52,19.73656623849962,2.0313306937510758,17.705235544748543
2020-05-12 12:30:00+00:00,CPI,Surprise only,-0.1633338468717922,10.227564174591919,2.012621524816647,-0.9617866990474456,0.0,True,5.888471480148224,,,,,50,0.0,0.0,0.0
2020-05-29 12:30:00+00:00,PCE,Surprise only,-2.070466433747151,-11.569293084541243,1.9491245457548727,3.0909491274493,1.0,True,-1.492875748705218,,,,,48,-11.569293084541243,1.9491245457548727,-13.518417630296117
2020-06-05 12:30:00+00:00,NFP,Surprise only,64.57555252744505,56.32030117411091,1.8825781748564134,-83.0480870009133,-1.0,True,-1.286060803980226,,,,,53,-56.32030117411091,1.8825781748564134,-58.20287934896732
2020-06-10 12:30:00+00:00,CPI,Surprise only,0.8389770540647904,5.441330928306343,1.8355759508438982,4.92860151236444,1.0,True,5.874536721219823,,,,,51,5.441330928306343,1.8355759508438982,3.6057549774624444
2020-06-26 12:30:00+00:00,PCE,Surprise only,-2.0164547174799274,-24.47781901032897,1.9238607646531343,2.254906542272685,1.0,True,-1.118253002522548,,,,,49,-24.47781901032897,1.9238607646531343,-26.401679774982107
2020-07-02 12:30:00+00:00,NFP,Surprise only,1.641547953530035,19.09004715923146,1.8875469887227065,1.0114209532777543,0.0,True,0.6161385362533964,,,,,54,0.0,0.0,0.0
2020-07-14 12:30:00+00:00,CPI,Surprise only,-1.1723852919766982,-48.503255745799834,1.8688628444726005,-6.82762527685418,-1.0,True,5.823704309137549,,,,,52,48.503255745799834,1.8688628444726005,46.63439290132723
2020-07-31 12:30:00+00:00,PCE,Surprise only,0.29050201998543845,-8.444973823458213,1.8109269490484958,-0.10480550854241014,0.0,True,-0.3607737686218621,,,,,50,-0.0,0.0,-0.0
2020-08-07 12:30:00+00:00,NFP,Surprise only,0.2042193271067664,-17.98696430384439,1.7708411495460343,0.12592394767453574,0.0,True,0.6166113142107376,,,,,55,-0.0,0.0,-0.0
2020-08-12 12:30:00+00:00,CPI,Surprise only,-3.1643008322851895,11.183598556137042,1.7600119322842867,-22.09867711065641,-1.0,True,6.983747210500597,,,,,53,-11.183598556137042,1.7600119322842867,-12.943610488421328
2020-08-28 12:30:00+00:00,PCE,Surprise only,1.3559572550269576,-11.445741288191869,1.6870398169990706,-0.5153122271063046,0.0,True,-0.38003574610916463,,,,,51,-0.0,0.0,-0.0
2020-09-04 12:30:00+00:00,NFP,Surprise only,-0.08549110617815014,33.25144020784876,1.7072994284887506,-0.05322532833148115,0.0,True,0.6225832219385238,,,,,56,0.0,0.0,0.0
2020-09-11 12:30:00+00:00,CPI,Surprise only,-1.0987651213117418,-16.378800564496032,1.7558217394539097,-5.606257391226242,-1.0,True,5.102325585775155,,,,,54,16.378800564496032,1.7558217394539097,14.622978825042122
2020-10-01 12:30:00+00:00,PCE,Surprise only,-0.3232204397783153,-13.316566294285792,1.7447878160579624,0.16548592962881156,0.0,True,-0.5119909178463841,,,,,52,-0.0,0.0,-0.0
2020-10-02 12:30:00+00:00,NFP,Surprise only,-0.32757294004979853,-21.095464765892302,1.773769259676813,-0.20053223194310454,0.0,True,0.6121758162094192,,,,,57,-0.0,0.0,-0.0
2020-10-13 12:30:00+00:00,CPI,Surprise only,-0.1222113648828133,-11.349128753970206,1.6732841747022122,-0.6523014721234115,0.0,True,5.33748618836631,,,,,55,-0.0,0.0,-0.0
2020-10-30 12:30:00+00:00,PCE,Surprise only,-0.3214984227491263,29.007653928054822,1.803867614461515,0.15458028888925346,0.0,True,-0.4808119665640678,,,,,53,0.0,0.0,0.0
2020-11-06 13:30:00+00:00,NFP,Surprise only,-0.041828857834390075,47.96859027862865,1.6973532796317605,-0.025996466193095702,0.0,True,0.6214959608990903,,,,,58,0.0,0.0,0.0
2020-11-12 13:30:00+00:00,CPI,Surprise only,0.8491717707533857,17.576550382223388,1.6602180794934926,4.521011752883071,1.0,True,5.324025018957032,,,,,56,17.576550382223388,1.6602180794934926,15.916332302729895
2020-11-25 15:00:00+00:00,PCE,Surprise only,-0.3198036664251847,0.0,1.6289342904472666,0.1990353917085933,0.0,True,-0.622367447920288,,,,,54,0.0,0.0,0.0
2020-12-04 13:30:00+00:00,NFP,Surprise only,-0.3460798058020594,-2.041302357973507,1.6053329705462211,-0.21012080371269973,0.0,True,0.6071455201661737,,,,,59,-0.0,0.0,-0.0
2020-12-10 13:30:00+00:00,CPI,Surprise only,-1.1003323497938022,-35.52644304996022,1.6092737811114899,-6.098454986517196,-1.0,True,5.542375435621811,,,,,57,35.52644304996022,1.6092737811114899,33.91716926884873
2020-12-23 13:30:00+00:00,PCE,Surprise only,1.364273206507212,6.782880270925773,1.6011941108623378,-0.8775151469453615,0.0,True,-0.6432107167097125,,,,,55,0.0,0.0,0.0
2021-01-08 13:30:00+00:00,NFP,Surprise only,-0.3166483412835174,6.572029679219327,1.5500821018062396,-0.19290039909056605,0.0,True,0.6091944088784879,,,,,60,0.0,0.0,0.0
2021-01-13 13:30:00+00:00,CPI,Surprise only,-0.11993165974022327,3.961442016660044,1.559299636603898,-0.7308340474826572,0.0,True,6.093754135193933,,,,,58,0.0,0.0,0.0
2021-01-29 13:30:00+00:00,PCE,Surprise only,-2.0053740825460937,37.25390152109043,1.574172892209178,0.6356401288060487,0.0,True,-0.31696835734458956,,,,,56,0.0,0.0,0.0
2021-02-05 13:30:00+00:00,NFP,Surprise only,-0.1649085855030971,-0.6443091397301259,1.5201288244766504,-0.1002644135350196,0.0,True,0.6079999608821857,,,,,61,-0.0,0.0,-0.0
2021-02-10 13:30:00+00:00,CPI,Surprise only,-0.11947685719106668,14.661357207970127,1.50587034201123,-0.7284391862922708,0.0,True,6.096906157544429,,,,,59,0.0,0.0,0.0
2021-02-26 13:30:00+00:00,PCE,Surprise only,-0.3066559924982575,29.307390152446544,1.5416775542200156,0.49362709402755195,0.0,True,-1.6097095967572097,,,,,57,0.0,0.0,0.0
2021-03-05 13:30:00+00:00,NFP,Surprise only,0.10051546581221242,65.4872523946537,1.561156314083482,0.06124767221718171,0.0,True,0.6093358044184704,,,,,62,0.0,0.0,0.0
2021-03-10 13:30:00+00:00,CPI,Surprise only,-0.11902719013235194,24.442026704889486,1.5233668990446683,-0.7273420084270902,0.0,True,6.110721488244193,,,,,60,0.0,0.0,0.0
2021-03-26 12:30:00+00:00,PCE,Surprise only,1.354526371517124,10.874781177285797,1.5108834827144686,-2.3236818903325216,-1.0,True,-1.7154940200462132,,,,,58,-10.874781177285797,1.5108834827144686,-12.385664660000266
2021-04-13 12:30:00+00:00,CPI,Surprise only,-1.1007080946219612,26.110468123761166,1.435261205376148,-6.751672667149528,-1.0,True,6.133935691159238,,,,,61,-26.110468123761166,1.435261205376148,-27.545729329137313
2021-04-30 12:30:00+00:00,PCE,Surprise only,-0.31634349588250377,-3.5857288377982854,1.4100495907271313,0.41909394506802494,0.0,True,-1.324806580577477,,,,,59,-0.0,0.0,-0.0
2021-05-07 12:30:00+00:00,NFP,Surprise only,-0.9371711013313,-2.9704441032052387,1.4026745913818721,-0.5557596056042478,0.0,True,0.5930182917663194,,,,,63,-0.0,0.0,-0.0
2021-05-12 12:30:00+00:00,CPI,Surprise only,-5.998741616835394,36.47863967323417,1.4281391830559758,-33.66912139130294,-1.0,True,5.612697385866889,,,,,62,-36.47863967323417,1.4281391830559758,-37.906778856290146
2021-05-28 12:30:00+00:00,PCE,Surprise only,-0.3147710660260314,-6.531484957399414,1.4010923771075754,0.4166222955627373,0.0,True,-1.3235724008009138,,,,,60,-0.0,0.0,-0.0
2021-06-04 12:30:00+00:00,NFP,Surprise only,-0.22898401033391952,7.132667920117797,1.4063524223824562,-0.13655647494879203,0.0,True,0.5963581245243125,,,,,64,0.0,0.0,0.0
2021-06-10 12:30:00+00:00,CPI,Surprise only,-1.2857519574681133,46.79687478692074,1.39835278781774,-1.505698706038252,-1.0,True,1.1710646810938987,,,,,63,-46.79687478692074,1.39835278781774,-48.19522757473848
2021-06-25 12:30:00+00:00,PCE,Surprise only,1.353890520300208,5.278437705058536,1.3854643653868732,-1.7765727685506587,-1.0,True,-1.3121982478736363,,,,,61,-5.278437705058536,1.3854643653868732,-6.66390207044541
2021-07-02 12:30:00+00:00,NFP,Surprise only,0.052207519745368525,9.838248428053475,1.367402514630048,0.031085595941850494,0.0,True,0.5954237261885666,,,,,65,0.0,0.0,0.0
2021-07-13 12:30:00+00:00,CPI,Surprise only,-3.5455463257141377,-17.7706487191287,1.3483402845226533,-2.320655641830125,-1.0,True,0.6545269554086852,,,,,64,17.7706487191287,1.3483402845226533,16.422308434606048
2021-07-30 12:30:00+00:00,PCE,Surprise only,1.3368933041672204,7.414378529979615,1.3469550824724614,-1.441283500719321,-1.0,True,-1.0780841644031776,,,,,62,-7.414378529979615,1.3469550824724614,-8.761333612452077
2021-08-06 12:30:00+00:00,NFP,Surprise only,-0.013168586432633885,-11.299436230487458,1.3341624738538074,-0.007822665614194748,0.0,True,0.5940398883519433,,,,,66,-0.0,0.0,-0.0
2021-08-11 12:30:00+00:00,CPI,Surprise only,-0.023558568354873046,8.455230063226793,1.3331073829294469,-0.029602578648200515,0.0,True,1.2565525290961612,,,,,65,0.0,0.0,0.0
2021-08-27 12:30:00+00:00,PCE,Surprise only,-0.3347998796911022,3.3495227243207637,1.317993968502178,0.27586317298944096,0.0,True,-0.8239643731173433,,,,,63,0.0,0.0,0.0
2021-09-03 12:30:00+00:00,NFP,Surprise only,-0.6679411690796805,-3.304874720235773,1.2987012987012987,-0.3996020814493282,0.0,True,0.5982593976052082,,,,,67,-0.0,0.0,-0.0
2021-09-14 12:30:00+00:00,CPI,Surprise only,0.8192117877682124,1.6735934880429681,1.3207230399015053,1.0439050017715346,0.0,True,1.2742797617884092,,,,,66,0.0,0.0,0.0
2021-10-01 12:30:00+00:00,PCE,Surprise only,-1.9950474862945664,-19.705581895266278,1.365977889679921,1.6968594334053553,1.0,True,-0.8505358619593358,,,,,64,-19.705581895266278,1.365977889679921,-21.0715597849462
2021-10-08 12:30:00+00:00,NFP,Surprise only,-0.44428519767740043,15.919948779696824,1.341518872214643,-0.2670869296070215,0.0,True,0.6011609907403572,,,,,68,0.0,0.0,0.0
2021-10-13 12:30:00+00:00,CPI,Surprise only,-0.8730123949613188,-32.21355753947108,1.3567896975968723,-1.0882152065882593,0.0,True,1.246506020841177,,,,,67,-0.0,0.0,-0.0
2021-10-29 12:30:00+00:00,PCE,Surprise only,-0.3118249463231859,-10.952303816438302,1.2916643861857586,0.11323502181194094,0.0,True,-0.3631365070278256,,,,,65,-0.0,0.0,-0.0
2021-11-05 12:30:00+00:00,NFP,Surprise only,0.0039393692891312405,17.592029485662408,1.2593383137673424,0.002351590552198927,0.0,True,0.596945952410958,,,,,69,0.0,0.0,0.0
2021-11-10 13:30:00+00:00,CPI,Surprise only,-2.556455404982467,-1.6085359676409894,1.2637892256613472,-3.6597651092794043,-1.0,True,1.4315779192340359,,,,,68,1.6085359676409894,1.2637892256613472,0.34474674197964217
2021-11-24 15:00:00+00:00,PCE,Surprise only,1.3369344843085225,12.83422636060294,1.2642631381582472,-0.45344035818603196,0.0,True,-0.33916423243473776,,,,,66,0.0,0.0,0.0
2021-12-03 13:30:00+00:00,NFP,Surprise only,-0.4833671251658682,18.524577597709424,1.286945141236776,-0.28695384662765183,0.0,True,0.5936561087582924,,,,,70,0.0,0.0,0.0
2021-12-10 13:30:00+00:00,CPI,Surprise only,-0.8337716263587658,19.163212507642413,1.2598761477685243,-1.2026578441704097,0.0,True,1.442430764192154,,,,,69,0.0,0.0,0.0
2021-12-23 13:30:00+00:00,PCE,Surprise only,-0.320719690291463,-3.725088513917285,1.255786729101261,0.005415743977660775,0.0,True,-0.016886222273222656,,,,,67,-0.0,0.0,-0.0
2022-01-07 13:30:00+00:00,NFP,Surprise only,-0.3780124387835242,-39.47303359687737,1.2578616352201257,-0.22251954486315478,0.0,True,0.5886566737836495,,,,,71,-0.0,0.0,-0.0
2022-01-12 13:30:00+00:00,CPI,Surprise only,-0.828879460574073,31.77295619362752,1.251259212130852,-1.1304718736856585,0.0,True,1.3638555754569015,,,,,70,0.0,0.0,0.0
2022-01-28 13:30:00+00:00,PCE,Surprise only,-0.31922917712759896,41.81433585358718,1.3784241574674376,0.00491702037386044,0.0,True,-0.015402791242653426,,,,,68,0.0,0.0,0.0
2022-02-04 13:30:00+00:00,NFP,Surprise only,0.3137581071235987,-23.580944058245734,1.3192464643076751,0.18914164752221735,0.0,True,0.6028263277599033,,,,,72,-0.0,0.0,-0.0
2022-02-10 13:30:00+00:00,CPI,Surprise only,-1.6544445730650783,-56.62000119091459,1.2891947995192832,-2.042306249039587,-1.0,True,1.234436186191444,,,,,71,56.62000119091459,1.2891947995192832,55.330806391395306
2022-02-25 13:30:00+00:00,PCE,Surprise only,-0.3177592719112605,8.71561020861833,1.371056759426015,0.05290432741157754,0.0,True,-0.16649184489053065,,,,,69,0.0,0.0,0.0
2022-03-04 13:30:00+00:00,NFP,Surprise only,0.21157723178032842,-30.626125466781673,1.3648718986756114,0.12853555275563214,0.0,True,0.6075112698756031,,,,,73,-0.0,0.0,-0.0
2022-03-10 13:30:00+00:00,CPI,Surprise only,0.01752763028449497,-36.053113906753254,1.3947166243129838,0.03356449207978265,0.0,True,1.91494751629226,,,,,72,-0.0,0.0,-0.0
2022-03-31 12:30:00+00:00,PCE,Surprise only,-0.3163095037297847,-3.806106127548503,1.2830270740458845,0.06440695118092078,0.0,True,-0.20362003171407086,,,,,70,-0.0,0.0,-0.0
2022-04-01 12:30:00+00:00,NFP,Surprise only,-0.1576196468748535,-20.892904015248348,1.2959912136188907,-0.09677654242769335,0.0,True,0.6139878139971457,,,,,74,-0.0,0.0,-0.0
2022-04-12 12:30:00+00:00,CPI,Surprise only,0.01746830212922925,45.53767531881192,1.3360507246376812,0.030889847778946433,0.0,True,1.7683371600986488,,,,,73,0.0,0.0,0.0
2022-04-29 12:30:00+00:00,PCE,Surprise only,-0.314879416609685,-20.607031343651272,1.3868484456719752,0.06273167589952566,0.0,True,-0.19922444145431695,,,,,71,-0.0,0.0,-0.0
2022-05-06 12:30:00+00:00,NFP,Surprise only,-0.03130413075081324,-83.53053834177615,1.4283984989710687,-0.01941992399616373,0.0,True,0.620362985024244,,,,,75,-0.0,0.0,-0.0
2022-05-11 12:30:00+00:00,CPI,Surprise only,-0.8137570479692707,-97.4942464658568,1.463475133325065,-1.5708799876507438,-1.0,True,1.9304041563398708,,,,,74,97.4942464658568,1.463475133325065,96.03077133253174
2022-05-27 12:30:00+00:00,PCE,Surprise only,-0.3134685689124132,47.85285205102241,1.4522183250261522,0.044559150748089575,0.0,True,-0.14214870378452496,,,,,72,0.0,0.0,0.0
2022-06-03 12:30:00+00:00,NFP,Surprise only,-0.00230345274077212,-57.248039685298124,1.4222007954682416,-0.0014756196233007425,0.0,True,0.6406120677805237,,,,,76,-0.0,0.0,-0.0
2022-06-10 12:30:00+00:00,CPI,Surprise only,-2.473490408348257,-68.14766403902439,1.4687577794373912,-5.7401124062821705,-1.0,True,2.3206527855975363,,,,,75,68.14766403902439,1.4687577794373912,66.678906259587
2022-06-30 12:30:00+00:00,PCE,Surprise only,1.3674428037700574,-27.82195753322725,1.5650905232442467,-0.4074366774050064,0.0,True,-0.297955187801419,,,,,73,-0.0,0.0,-0.0
2022-07-08 12:30:00+00:00,NFP,Surprise only,0.038531795866142235,-23.79192840137989,1.5121419875696802,0.025195313035479096,0.0,True,0.6538836944690174,,,,,77,-0.0,0.0,-0.0
2022-07-13 12:30:00+00:00,CPI,Surprise only,-1.6387895948837974,-49.60491669063316,1.5291906952633967,-5.731966697155276,-1.0,True,3.497683116276874,,,,,76,49.60491669063316,1.5291906952633967,48.075725995369766
2022-07-29 12:30:00+00:00,PCE,Surprise only,-1.9957008241117162,1.2215978514973358,1.4403417760146475,1.5509144412458291,1.0,True,-0.777127725011658,,,,,74,1.2215978514973358,1.4403417760146475,-0.21874392451731173
2022-08-05 12:30:00+00:00,NFP,Surprise only,0.24144452119551107,-44.316357245683946,1.4184397163120568,0.1591528787299943,0.0,True,0.6591695597065107,,,,,78,-0.0,0.0,-0.0
2022-08-10 12:30:00+00:00,CPI,Surprise only,1.6768964978331644,35.84661503701625,1.4256373082034552,6.670463176147122,1.0,True,3.9778621905207,,,,,77,35.84661503701625,1.4256373082034552,34.420977728812794
2022-08-26 12:30:00+00:00,PCE,Surprise only,1.3517023197616702,5.952735457661618,1.4085347657415697,-1.1195039201178876,0.0,True,-0.8282177989568565,,,,,75,0.0,0.0,0.0
2022-09-02 12:30:00+00:00,NFP,Surprise only,-0.06967087212902896,3.1286174894518126,1.4851173620288212,-0.04644861472014148,0.0,True,0.6666862822402975,,,,,79,0.0,0.0,0.0
2022-09-13 12:30:00+00:00,CPI,Surprise only,-1.579948474762284,-79.88895252552197,1.424432641236118,-7.078034843714076,-1.0,True,4.479914982530695,,,,,78,79.88895252552197,1.424432641236118,78.46451988428585
2022-09-30 12:30:00+00:00,PCE,Surprise only,-3.6097507213276065,25.296564270824717,1.6057698850105464,2.3895245833008856,1.0,True,-0.6619638772236488,,,,,76,25.296564270824717,1.6057698850105464,23.690794385814172
2022-10-07 12:30:00+00:00,NFP,Surprise only,-0.08079578102720068,-51.69010938459451,1.5647792070017237,-0.053807487891122704,0.0,True,0.665969029657723,,,,,80,-0.0,0.0,-0.0
2022-10-13 12:30:00+00:00,CPI,Surprise only,-1.5620361853588192,-48.87906873292991,1.6279230185555633,-8.127605519338251,-1.0,True,5.203212060974912,,,,,79,48.87906873292991,1.6279230185555633,47.251145714374346
2022-10-28 12:30:00+00:00,PCE,Surprise only,-0.27118989507824,-28.858156054134554,1.5546772068511199,0.4337028985475991,0.0,True,-1.5992590668707367,,,,,77,-0.0,0.0,-0.0
2022-11-04 12:30:00+00:00,NFP,Surprise only,-0.00859864988766689,101.90237701539928,1.5736480629459224,-0.005829318060236378,0.0,True,0.6779341101673897,,,,,81,0.0,0.0,0.0
2022-11-10 13:30:00+00:00,CPI,Surprise only,1.6607633563681254,86.7600133036106,1.5670650730411684,9.287453455164878,1.0,True,5.592279851041112,,,,,80,86.7600133036106,1.5670650730411684,85.19294823056944
2022-12-01 13:30:00+00:00,PCE,Surprise only,1.3116164878816416,1.2211503251080558,1.4424546176884052,-2.0406591327064274,-1.0,True,-1.5558352243667233,,,,,78,-1.2211503251080558,1.4424546176884052,-2.6636049427964608
2022-12-02 13:30:00+00:00,NFP,Surprise only,-0.014585134531113096,23.002092762922643,1.4475863338035944,-0.009569951148278093,0.0,True,0.656144180765931,,,,,82,0.0,0.0,0.0
2022-12-13 13:30:00+00:00,CPI,Surprise only,1.640803512240514,17.04718829884655,1.4514145141451413,11.275451000585697,1.0,True,6.871908133100648,,,,,81,17.04718829884655,1.4514145141451413,15.595773784701407
2022-12-23 13:30:00+00:00,PCE,Surprise only,-0.2794555225126812,-17.52166319977988,1.5331644253881636,0.411328301928224,0.0,True,-1.4718918353440615,,,,,79,-0.0,0.0,-0.0
2023-01-06 13:30:00+00:00,NFP,Surprise only,-0.06884081561522244,69.95753366027202,1.543694400837258,-0.0448453640813807,0.0,True,0.6514356879796215,,,,,83,0.0,0.0,0.0
2023-01-12 13:30:00+00:00,CPI,Surprise only,0.03632795161555792,116.52806960771755,1.4792528519493544,0.25187685054430947,0.0,True,6.9334173643977195,,,,,82,0.0,0.0,0.0
2023-01-27 13:30:00+00:00,PCE,Surprise only,-1.8612980836883501,0.0,1.4513252567492774,2.687008451539953,1.0,True,-1.4436207048660226,,,,,80,0.0,1.4513252567492774,-1.4513252567492774
2023-02-03 13:30:00+00:00,NFP,Surprise only,0.30665937768946433,-7.238072576072341,1.4148681055155876,0.19510246705673065,0.0,True,0.6362188188299895,,,,,84,-0.0,0.0,-0.0
2023-02-14 13:30:00+00:00,CPI,Surprise only,0.036212663530961496,16.900052308237434,1.418524974454529,0.26438125222955383,0.0,True,7.300795535338358,,,,,83,0.0,0.0,0.0
2023-02-24 13:30:00+00:00,PCE,Surprise only,-1.830009657188023,-20.143529409750727,1.4796238244514106,2.637150026399708,1.0,True,-1.4410579835146498,,,,,81,-20.143529409750727,1.4796238244514106,-21.62315323420214
2023-03-10 13:30:00+00:00,NFP,Surprise only,0.011791312539496484,8.274194533761658,1.5076018908905071,0.007516820652305329,0.0,True,0.6374880342732663,,,,,85,0.0,0.0,0.0
2023-03-14 12:30:00+00:00,CPI,Surprise only,0.03609846609086587,14.112517577338224,1.5165145868140342,0.2650566512494627,0.0,True,7.342601499528286,,,,,84,0.0,0.0,0.0
2023-03-31 12:30:00+00:00,PCE,Surprise only,-0.24561985495403924,-10.993710262567902,1.4424546176884052,0.2718623044770483,0.0,True,-1.1068417271393616,,,,,82,-0.0,0.0,-0.0
2023-04-12 12:30:00+00:00,CPI,Surprise only,0.8362188016428281,-7.808980724206549,1.4255511929930536,6.16677219186756,1.0,True,7.374591649640469,,,,,85,-7.808980724206549,1.4255511929930536,-9.234531917199602
2023-04-28 12:30:00+00:00,PCE,Surprise only,-0.2446458487409858,15.097077054484487,1.42486264565598,0.26880612671238485,0.0,True,-1.0987561329805284,,,,,83,0.0,0.0,0.0
2023-05-05 12:30:00+00:00,NFP,Surprise only,-0.009663468391275397,19.508632658045144,1.4373591570741213,-0.006147794225442036,0.0,True,0.6361892000384184,,,,,86,0.0,0.0,0.0
2023-05-10 12:30:00+00:00,CPI,Surprise only,0.030788529266230838,44.503320984858874,1.42909046869323,0.22208258164443262,0.0,True,7.2131598013035,,,,,86,0.0,0.0,0.0
2023-05-26 12:30:00+00:00,PCE,Surprise only,-1.809426281392467,6.001680650697949,1.4156319356967189,2.017772679702521,1.0,True,-1.1151450050508376,,,,,84,6.001680650697949,1.4156319356967189,4.586048715001231
2023-06-02 12:30:00+00:00,NFP,Surprise only,0.0835127359455142,-2.353356485507163,1.389543099387659,0.05283245282919747,0.0,True,0.6326274936515873,,,,,87,-0.0,0.0,-0.0
2023-06-13 12:30:00+00:00,CPI,Surprise only,0.111044762907337,22.355344496993723,1.3565557279990803,0.8141576223992993,0.0,True,7.331796665446398,,,,,87,0.0,0.0,0.0
2023-06-30 12:30:00+00:00,PCE,Surprise only,-0.22837106669327886,14.009921314226403,1.324800718535983,0.2783556816187687,0.0,True,-1.2188745520579598,,,,,85,0.0,0.0,0.0
2023-07-07 12:30:00+00:00,NFP,Surprise only,-0.1195977821158257,-23.624715679169128,1.327334083239595,-0.07575548007171114,0.0,True,0.6334187702439579,,,,,88,-0.0,0.0,-0.0
2023-07-12 12:30:00+00:00,CPI,Surprise only,0.7957918434964811,7.216809928216605,1.3158628380262056,5.883110925327678,1.0,True,7.392776105217385,,,,,88,7.216809928216605,1.3158628380262056,5.9009470901903995
2023-07-28 12:30:00+00:00,PCE,Surprise only,-0.22749221991958832,3.8083839311298107,1.2846333895814055,0.2793417874394241,0.0,True,-1.2279179812749776,,,,,86,0.0,0.0,0.0
2023-08-04 12:30:00+00:00,NFP,Surprise only,-0.1093620433557646,7.717325778529016,1.3029315960912051,-0.06988763580005364,0.0,True,0.6390483723196616,,,,,89,0.0,0.0,0.0
2023-08-10 12:30:00+00:00,CPI,Surprise only,0.025247022731454967,-9.957956122725875,1.3087118061332002,0.1860252632800593,0.0,True,7.368205956748026,,,,,89,-0.0,0.0,-0.0
2023-08-31 12:30:00+00:00,PCE,Surprise only,-0.22662344597528022,-4.410143401152311,1.3004187789288075,0.2789986831169893,0.0,True,-1.231111290874211,,,,,87,-0.0,0.0,-0.0
2023-09-01 12:30:00+00:00,NFP,Surprise only,-0.07191857716894035,5.505395426439463,1.3014945127667787,-0.04586458519014617,0.0,True,0.6377293182873732,,,,,90,0.0,0.0,0.0
2023-09-13 12:30:00+00:00,CPI,Surprise only,0.025170356873976597,31.398960475712556,1.3213885778275476,0.1844998586226553,0.0,True,7.330045400087593,,,,,90,0.0,0.0,0.0
2023-09-29 12:30:00+00:00,PCE,Surprise only,1.3433872606317534,6.297770225032195,1.3533662117215275,-1.6521846503373245,-1.0,True,-1.229864759593115,,,,,88,-6.297770225032195,1.3533662117215275,-7.651136436753723
2023-10-06 12:30:00+00:00,NFP,Surprise only,0.1131620651823218,-24.085780479303764,1.3739302555743145,0.07207833797910976,0.0,True,0.6369478841074548,,,,,91,-0.0,0.0,-0.0
2023-10-12 12:30:00+00:00,CPI,Surprise only,-0.7867827476260195,-20.36660581804739,1.3325052227429282,-5.823503473029282,-1.0,True,7.4016664582449145,,,,,91,20.36660581804739,1.3325052227429282,19.034100595304462
2023-10-27 12:30:00+00:00,PCE,Surprise only,-1.799426751444557,9.589452338083504,1.4148681055155876,1.9534361446605883,1.0,True,-1.085588031350759,,,,,89,9.589452338083504,1.4148681055155876,8.174584232567916
2023-11-03 12:30:00+00:00,NFP,Surprise only,-0.13108733580921772,17.23247023029728,1.3617217702383013,-0.08405068315690453,0.0,True,0.6411808023868184,,,,,92,0.0,0.0,0.0
2023-11-14 13:30:00+00:00,CPI,Surprise only,0.8426941285268533,48.58037864913456,1.331828442437923,6.292160082486471,1.0,True,7.466718788566906,,,,,92,48.58037864913456,1.331828442437923,47.248550206696635
2023-11-30 13:30:00+00:00,PCE,Surprise only,1.3321946861111806,-7.655293462214274,1.2896879610907699,-1.6408766732783397,-1.0,True,-1.2317093667955057,,,,,90,7.655293462214274,1.2896879610907699,6.365605501123504
2023-12-08 13:30:00+00:00,NFP,Surprise only,-0.07577269969724261,16.931105385431522,1.2881392937066753,-0.04832743128961532,0.0,True,0.6377947662246746,,,,,93,0.0,0.0,0.0
2023-12-12 13:30:00+00:00,CPI,Surprise only,-0.7887014604517996,-37.250022827706175,1.2727174675079542,-6.148876835772116,-1.0,True,7.796203182189868,,,,,93,37.250022827706175,1.2727174675079542,35.97730536019822
2023-12-22 13:30:00+00:00,PCE,Surprise only,1.319160634839701,20.30246148841286,1.2297431087488926,-1.6931859337570168,-1.0,True,-1.2835327927767992,,,,,91,-20.30246148841286,1.2297431087488926,-21.53220459716175
2024-01-05 13:30:00+00:00,NFP,Surprise only,-0.041746958090400695,23.333520689021725,1.2499337958794554,-0.026498309808993085,0.0,True,0.6347363022621308,,,,,94,0.0,0.0,0.0
2024-01-11 13:30:00+00:00,CPI,Surprise only,-0.7849042105335153,-18.703247347460206,1.2215953206687715,-6.216874355254861,-1.0,True,7.920551669647848,,,,,94,18.703247347460206,1.2215953206687715,17.481652026791433
2024-01-26 13:30:00+00:00,PCE,Surprise only,-0.23765961104637265,20.826462204794893,1.1996746644977634,0.23147703709401055,0.0,True,-0.9739855925660177,,,,,92,0.0,0.0,0.0
2024-02-02 13:30:00+00:00,NFP,Surprise only,0.1178356155064509,-20.772648381495173,1.189995966115369,0.07431183454650714,0.0,True,0.6306398471049608,,,,,95,-0.0,0.0,-0.0
2024-02-13 13:30:00+00:00,CPI,Surprise only,-0.7811613847490155,-44.5970723874467,1.1744799442619687,-6.231957933792324,-1.0,True,7.977811058587632,,,,,95,44.5970723874467,1.1744799442619687,43.42259244318473
2024-02-29 13:30:00+00:00,PCE,Surprise only,-0.23678595848151593,30.957495056256334,1.1648568608094767,0.2351204389692199,0.0,True,-0.9929661390270909,,,,,93,0.0,0.0,0.0
2024-03-08 13:30:00+00:00,NFP,Surprise only,0.0003740759023637736,13.05704177575251,1.1442979053529867,0.0002372264889463287,0.0,True,0.6341667224413605,,,,,96,0.0,0.0,0.0
2024-03-12 12:30:00+00:00,CPI,Surprise only,0.038897596673548446,43.33754013366331,1.1489776046738072,0.31584127294809106,0.0,True,8.119814589030195,,,,,96,0.0,0.0,0.0
2024-04-05 12:30:00+00:00,NFP,Surprise only,0.01805478474136971,4.798694847139018,1.1310265503690213,0.011413733193570263,0.0,True,0.6321722112486604,,,,,97,0.0,0.0,0.0
2024-04-10 12:30:00+00:00,CPI,Surprise only,-0.7799931857072275,-47.55394796145396,1.1192791083708797,-6.416458289742428,-1.0,True,8.226300443797546,,,,,97,47.55394796145396,1.1192791083708797,46.434668853083075
2024-04-26 12:30:00+00:00,PCE,Surprise only,-0.24439946298316922,-30.232127570890555,1.1525125750842407,0.24922985173201045,0.0,True,-1.01976431817763,,,,,94,-0.0,0.0,-0.0
2024-05-03 12:30:00+00:00,NFP,Surprise only,-0.17706829493247359,3.8857587432872265,1.1551639745472344,-0.11185116505333427,0.0,True,0.6316837528479596,,,,,98,0.0,0.0,0.0
2024-05-15 12:30:00+00:00,CPI,Surprise only,0.8630942134153134,-2.8319252561104236,1.119491485223661,7.229851412256175,1.0,True,8.376665374278478,,,,,98,-2.8319252561104236,1.119491485223661,-3.951416741334085
2024-05-31 12:30:00+00:00,PCE,Surprise only,-0.24351667860145637,16.147419921956896,1.1237560116184944,0.24203326472856193,0.0,True,-0.9939083684887053,,,,,95,0.0,0.0,0.0
2024-06-07 12:30:00+00:00,NFP,Surprise only,0.022890670339214506,-8.423811804760817,1.0993106018259735,0.014449840242776197,0.0,True,0.6312545691605135,,,,,99,-0.0,0.0,-0.0
2024-06-12 12:30:00+00:00,CPI,Surprise only,0.8587529694109373,13.357593934699707,1.093605189990732,7.0904571574577115,1.0,True,8.256690119303366,,,,,99,13.357593934699707,1.093605189990732,12.263988744708975
2024-06-28 12:30:00+00:00,PCE,Surprise only,-0.2426433957445556,-23.36869659540497,1.059864373287825,0.24485335486867968,0.0,True,-1.0091078478247586,,,,,96,-0.0,0.0,-0.0
2024-07-05 12:30:00+00:00,NFP,Surprise only,-0.07399593365510283,-12.512290487549649,1.055173030492712,-0.046839254813017185,0.0,True,0.6329976864855343,,,,,100,-0.0,0.0,-0.0
2024-07-11 12:30:00+00:00,CPI,Surprise only,1.6754537637453566,-23.720634886927883,1.0383210875973425,13.871320386042118,1.0,True,8.279142454539466,,,,,100,-23.720634886927883,1.0383210875973425,-24.758955974525225
2024-07-26 12:30:00+00:00,PCE,Surprise only,-0.5783982211069412,-14.129124293944528,1.0756608933454876,0.5727237623983904,0.0,True,-0.9901893565687477,,,,,97,-0.0,0.0,-0.0
2024-08-02 12:30:00+00:00,NFP,Surprise only,-0.1721608664320203,2.3180880513606894,1.0880590133702166,-0.10943787122971081,0.0,True,0.6356721681168096,,,,,101,0.0,0.0,0.0
2024-08-14 12:30:00+00:00,CPI,Surprise only,0.023803419256880783,-2.7434842422024985,1.0799926780157423,0.18348164798967273,0.0,True,7.708205531717224,,,,,101,-0.0,0.0,-0.0
2024-08-30 12:30:00+00:00,PCE,Surprise only,-0.238436036952374,-17.31064148732031,1.0469346109484519,0.22440780167674027,0.0,True,-0.9411656247313162,,,,,98,-0.0,0.0,-0.0
2024-09-06 12:30:00+00:00,NFP,Surprise only,-0.12297466673639144,40.4353019074577,1.0767405785199378,-0.07815437935536505,0.0,True,0.6355323533658913,,,,,102,0.0,0.0,0.0
2024-09-11 12:30:00+00:00,CPI,Surprise only,-0.09913290389855092,38.75178662404721,1.073117497271735,-0.7628417607308393,0.0,True,7.69514188257316,,,,,102,0.0,0.0,0.0
2024-09-27 12:30:00+00:00,PCE,Surprise only,-0.2375999467930136,5.161956496095854,1.0159714150415429,0.22074556440004103,0.0,True,-0.9290640312825686,,,,,99,0.0,0.0,0.0
2024-10-04 12:30:00+00:00,NFP,Surprise only,0.040543022944561934,39.737439988591916,1.022884882108183,0.0254631723764339,0.0,True,0.6280531279389786,,,,,103,0.0,0.0,0.0
2024-10-10 12:30:00+00:00,CPI,Surprise only,-0.7970756838786801,-11.160715444233915,1.0107932156929929,-6.1713801910186,-1.0,True,7.742527235290648,,,,,103,11.160715444233915,1.0107932156929929,10.149922228540923
2024-10-31 12:30:00+00:00,PCE,Surprise only,-0.2367725943128565,-6.018916776717731,1.0138763586372814,0.22119924191373058,0.0,True,-0.9342265415289227,,,,,100,-0.0,0.0,-0.0
2024-11-01 12:30:00+00:00,NFP,Surprise only,-0.20694615809024963,17.356595522741713,1.0242610997786554,-0.1287618553977331,0.0,True,0.6221997865820723,,,,,104,0.0,0.0,0.0
2024-11-13 13:30:00+00:00,CPI,Surprise only,0.028872763033326438,-12.46364930768351,0.9825554769141096,0.2244122814223655,0.0,True,7.772456039740194,,,,,104,-0.0,0.0,-0.0
2024-11-27 15:00:00+00:00,PCE,Surprise only,-0.23595382831701026,-13.690391899530141,0.9780356402818069,0.2196707359914833,0.0,True,-0.9309903448413213,,,,,101,-0.0,0.0,-0.0
2024-12-06 13:30:00+00:00,NFP,Surprise only,-0.08361582857707964,1.6409583233212288,0.9699958898479243,-0.05176552915641009,0.0,True,0.6190876779830153,,,,,105,0.0,0.0,0.0
2024-12-11 13:30:00+00:00,CPI,Surprise only,-0.13613039922014264,14.423772874216922,0.9741599933955255,-1.0532607824118485,-1.0,True,7.737146063228485,,,,,105,-14.423772874216922,0.9741599933955255,-15.397932867612449
2024-12-20 13:30:00+00:00,PCE,Surprise only,1.35394468555584,11.5678768710481,1.0137892521156406,-1.2487441467836664,-1.0,True,-0.9223007114733162,,,,,102,-11.5678768710481,1.0137892521156406,-12.58166612316374
2025-01-10 13:30:00+00:00,NFP,Surprise only,0.02543842745033338,-11.427847094758192,0.9921802741108215,0.015752964652242664,0.0,True,0.6192585875443418,,,,,106,-0.0,0.0,-0.0
2025-01-15 13:30:00+00:00,CPI,Surprise only,0.029630018694912632,42.38094588064456,0.9993648105017997,0.2296311926403656,0.0,True,7.7499509873678365,,,,,106,0.0,0.0,0.0
2025-01-31 13:30:00+00:00,PCE,Surprise only,-0.24328328434500773,1.6321867257573786,0.9628722970216238,0.17814344882700361,0.0,True,-0.732246974166843,,,,,103,0.0,0.0,0.0
2025-02-07 13:30:00+00:00,NFP,Surprise only,-0.13442132024142522,28.686192935971633,0.9669357151636825,-0.083532759344584,0.0,True,0.6214249286836072,,,,,107,0.0,0.0,0.0
2025-02-12 13:30:00+00:00,CPI,Surprise only,-1.6288289771507536,-8.701237367638726,0.9684037751333606,-12.7614676204321,-1.0,True,7.834749872116858,,,,,107,8.701237367638726,0.9684037751333606,7.732833592505365
2025-02-28 13:30:00+00:00,PCE,Surprise only,-0.24245575341235073,-11.88404706734758,1.0025062656641603,0.17824808891683183,0.0,True,-0.7351778062930959,,,,,104,-0.0,0.0,-0.0
2025-03-07 13:30:00+00:00,NFP,Surprise only,-0.10408611006653506,-68.64518418304044,1.0267565803785077,-0.06417072715135878,0.0,True,0.6165157590223985,,,,,108,-0.0,0.0,-0.0
2025-03-12 12:30:00+00:00,CPI,Surprise only,0.863785844188717,-32.72601540974307,1.0488422736767256,6.764276411482269,1.0,True,7.830964650544138,,,,,108,-32.72601540974307,1.0488422736767256,-33.774857683419796
2025-03-28 12:30:00+00:00,PCE,Surprise only,-0.2416366134206346,-18.365478073008035,1.030027932960894,0.17548185535793934,0.0,True,-0.7262221269939136,,,,,105,-0.0,0.0,-0.0
2025-04-04 12:30:00+00:00,NFP,Surprise only,0.022901267949125444,29.741553848410263,1.11531190926276,0.014410783718764987,0.0,True,0.6292570241428622,,,,,109,0.0,0.0,0.0
2025-04-10 12:30:00+00:00,CPI,Surprise only,1.6857215992659478,-51.856769601279495,1.0961449140733859,12.627964063638373,1.0,True,7.491132621861911,,,,,109,-51.856769601279495,1.0961449140733859,-52.95291451535288
2025-04-30 14:00:00+00:00,PCE,Surprise only,-0.24082572346498407,58.768762114631556,1.080685044417987,0.17145469277629588,0.0,True,-0.7119450958536218,,,,,106,0.0,0.0,0.0
2025-05-02 12:30:00+00:00,NFP,Surprise only,-0.04068498955260628,36.530926829740906,1.0443864229765012,-0.025433135739962094,0.0,True,0.6251233199181896,,,,,110,0.0,0.0,0.0
2025-05-13 12:30:00+00:00,CPI,Surprise only,0.8463013350782487,-14.899008779529765,1.0058818515045604,5.5923383022260085,1.0,True,6.607975280706539,,,,,110,-14.899008779529765,1.0058818515045604,-15.904890631034325
2025-05-30 12:30:00+00:00,PCE,Surprise only,-0.2400229459321998,4.662894046028043,1.0014427565136212,0.18316168723026874,0.0,True,-0.7631007382186165,,,,,107,0.0,0.0,0.0
2025-06-06 12:30:00+00:00,NFP,Surprise only,-0.07537897167229662,15.027553337318977,0.9879437374413931,-0.04670355179425389,0.0,True,0.6195832970140986,,,,,111,0.0,0.0,0.0
2025-06-11 12:30:00+00:00,CPI,Surprise only,0.842385437586005,-13.194789973063337,0.9765786642390134,5.426025981960403,1.0,True,6.441262799496604,,,,,111,-13.194789973063337,0.9765786642390134,-14.17136863730235
2025-06-27 12:30:00+00:00,PCE,Surprise only,-0.23922814640251422,-4.427717583972424,0.9491634491634491,0.18374102231281841,0.0,True,-0.768057710080921,,,,,108,-0.0,0.0,-0.0
2025-07-03 12:30:00+00:00,NFP,Surprise only,-0.03830309080058547,-6.362082205946251,0.9393034825870646,-0.02365206008907002,0.0,True,0.617497428920501,,,,,112,-0.0,0.0,-0.0
2025-07-15 12:30:00+00:00,CPI,Surprise only,0.015270024971998773,-7.494921555561973,0.9322167799020382,0.0960957103625097,0.0,True,6.293094512859283,,,,,112,-0.0,0.0,-0.0
2025-07-31 12:30:00+00:00,PCE,Surprise only,-0.23844119355490775,-1.9359959791742654,0.9141263508540883,0.18252240026195646,0.0,True,-0.7654818261087322,,,,,109,-0.0,0.0,-0.0
2025-08-01 12:30:00+00:00,NFP,Surprise only,-0.13459299863347782,-0.7927699385845699,0.9339137316976652,-0.08330498980468824,0.0,True,0.6189399942826408,,,,,113,-0.0,0.0,-0.0
2025-08-12 12:30:00+00:00,CPI,Surprise only,0.015229351855953272,12.056394265478332,0.9213711251659248,0.09559557833062342,0.0,True,6.277061508251538,,,,,113,0.0,0.0,0.0
2025-08-29 12:30:00+00:00,PCE,Surprise only,-0.23766195907583582,-3.460274165121291,0.9084959772106093,0.1818038200287518,0.0,True,-0.7649681115804479,,,,,110,-0.0,0.0,-0.0
2025-09-05 12:30:00+00:00,NFP,Surprise only,-0.16203229557152443,38.70997302591661,0.9056372078744387,-0.10038606625920458,0.0,True,0.6195435663311459,,,,,114,0.0,0.0,0.0
2025-09-11 12:30:00+00:00,CPI,Surprise only,-0.8125014898375039,-3.811411411760446,0.9001792729908075,-5.11407845886981,-1.0,True,6.294238869509764,,,,,114,3.811411411760446,0.9001792729908075,2.9112321387696385
2025-09-26 12:30:00+00:00,PCE,Surprise only,-0.23689031757122087,6.362870992262515,0.8845577211394302,0.1808112949675347,0.0,True,-0.7632700940306433,,,,,111,0.0,0.0,0.0
2025-10-24 12:30:00+00:00,CPI,Surprise only,0.847953082809842,-20.894818723995456,0.8682216172467073,5.338948204715945,1.0,True,6.296277840071527,,,,,115,-20.894818723995456,0.8682216172467073,-21.763040341242164
2025-11-20 13:30:00+00:00,NFP,Surprise only,-0.0023105936820798033,17.006806820170084,0.8753384518378398,-0.0014162959668936482,0.0,True,0.6129576038738308,,,,,115,0.0,0.0,0.0
2025-12-05 15:00:00+00:00,PCE,Surprise only,-0.2361261464815725,14.866656109440157,0.8563445698319968,0.18162957796168244,0.0,True,-0.769205700715812,,,,,112,0.0,0.0,0.0
2025-12-16 13:30:00+00:00,NFP,Surprise only,,-25.661719485974288,0.8660868288744541,,0.0,False,,,,,,116,-0.0,0.0,-0.0
2026-01-09 13:30:00+00:00,NFP,Surprise only,-0.11728348610816007,12.531105630060324,0.8458781362007167,-0.07164932958570105,0.0,True,0.6109072296812978,,,,,116,0.0,0.0,0.0
2026-01-13 13:30:00+00:00,CPI,Surprise only,0.01505420514787327,-14.946090110150578,0.8419250115943063,0.0917995477802357,0.0,True,6.097933891461839,,,,,116,-0.0,0.0,-0.0
2026-02-11 13:30:00+00:00,NFP,Surprise only,-0.002974276950318473,33.246969582805264,0.8462117680806052,-0.00181221061320893,0.0,True,0.6092945087090448,,,,,117,0.0,0.0,0.0
2026-02-13 13:30:00+00:00,CPI,Surprise only,0.8462769813651695,-7.2912872351338365,0.8626992250328995,5.137761431801798,1.0,True,6.071016398808144,,,,,117,-7.2912872351338365,0.8626992250328995,-8.153986460166736
2026-02-20 13:30:00+00:00,PCE,Surprise only,-1.874584816789142,-9.104649462656766,0.8580570098894706,1.4648791487966715,1.0,True,-0.7814419148586569,,,,,113,-9.104649462656766,0.8580570098894706,-9.962706472546238
2026-03-06 13:30:00+00:00,NFP,Surprise only,-0.288041446580229,-37.365242045162006,0.8678065820922964,-0.1742589941478305,0.0,True,0.6049788883395767,,,,,118,-0.0,0.0,-0.0
2026-03-11 12:30:00+00:00,CPI,Surprise only,-0.07257360225559249,-22.86305295641,0.8689568835376854,-0.433641900765816,0.0,True,5.9752015510901515,,,,,118,-0.0,0.0,-0.0
2026-03-13 12:30:00+00:00,PCE,Surprise only,-0.21994435368833912,1.8629953292759183,0.880071599045346,0.14264978127144243,0.0,True,-0.6485721450871024,,,,,114,0.0,0.0,0.0
2026-04-09 12:30:00+00:00,PCE,Surprise only,-0.21926095603584936,1.4691838710234606,0.866786645609138,0.14252593926330417,0.0,True,-0.6500288142499984,,,,,115,0.0,0.0,0.0
2026-04-10 12:30:00+00:00,CPI,Surprise only,0.3863432136330373,-9.81836112256218,0.8584627696336983,2.299543627813826,1.0,True,5.952074597583111,,,,,119,-9.81836112256218,0.8584627696336983,-10.676823892195879
2026-04-30 12:30:00+00:00,PCE,Surprise only,-0.21858389123884375,-6.244579561140995,0.8183930367236536,0.1423550318662773,0.0,True,-0.6512603973671958,,,,,116,-0.0,0.0,-0.0
2026-05-08 12:30:00+00:00,NFP,Surprise only,-0.02209025678682834,-5.405222928125397,0.7971895689771653,-0.01354704037304444,0.0,True,0.6132586191176408,,,,,119,-0.0,0.0,-0.0
2026-05-12 12:30:00+00:00,CPI,Surprise only,0.009048380436151223,19.22461341855808,0.7964900438744515,0.05339141625901461,0.0,True,5.900659972882941,,,,,120,0.0,0.0,0.0
2026-05-28 12:30:00+00:00,PCE,Surprise only,1.4256193886011588,13.606573077424855,0.7840531561461794,-0.9251543592105926,-1.0,True,-0.6489490579378058,,,,,117,-13.606573077424855,0.7840531561461794,-14.390626233571034
2026-06-05 12:30:00+00:00,NFP,Surprise only,0.024028750728270636,-9.598359086666619,0.7805523400033073,0.014765324921575805,0.0,True,0.6144857503642044,,,,,120,-0.0,0.0,-0.0
2026-06-10 12:30:00+00:00,CPI,Surprise only,0.009025267637695652,3.74206940804811,0.8039790147850377,0.053494286783553634,0.0,True,5.92716902489685,,,,,121,0.0,0.0,0.0
2026-06-25 12:30:00+00:00,PCE,Surprise only,1.4130475363822363,-8.67794854364945,0.7893504582246305,-0.627157723610102,0.0,True,-0.4438334220629169,,,,,118,-0.0,0.0,-0.0
2016-01-08 13:30:00+00:00,NFP,Surprise + State,1.6142593236792937,-16.61873185295981,3.0248654191233015,,0.0,False,,,,,,0,-0.0,0.0,-0.0
2016-01-20 13:30:00+00:00,CPI,Surprise + State,0.8034072020471136,12.204218749847229,3.2013022246337495,,0.0,False,,,,,,0,0.0,0.0,0.0
2016-02-01 13:30:00+00:00,PCE,Surprise + State,1.3212240511473,10.434329888919791,3.0801357347950926,,0.0,False,,,,,,0,0.0,0.0,0.0
2016-02-05 13:30:00+00:00,NFP,Surprise + State,-0.5662977961971637,-19.727763352150873,3.0906233630172864,,0.0,False,,,,,,1,-0.0,0.0,-0.0
2016-02-19 13:30:00+00:00,CPI,Surprise + State,-1.1647750851392003,-13.113036235150588,3.0881968071185555,,0.0,False,,,,,,1,-0.0,0.0,-0.0
2016-02-26 15:00:00+00:00,PCE,Surprise + State,-2.1146814105422513,-19.20246381512669,3.017131168499105,,0.0,False,,,,,,1,-0.0,0.0,-0.0
2016-03-04 13:30:00+00:00,NFP,Surprise + State,0.8511296176546844,-38.85447013824539,2.958505703898709,,0.0,False,,,,,,2,-0.0,0.0,-0.0
2016-03-16 12:30:00+00:00,CPI,Surprise + State,-0.1690515651424326,-21.132458607198146,2.9284030276709268,,0.0,False,,,,,,2,-0.0,0.0,-0.0
2016-03-28 12:30:00+00:00,PCE,Surprise + State,-0.3589718295271186,-6.149683485121571,2.9028290282902827,,0.0,False,,,,,,2,-0.0,0.0,-0.0
2016-04-01 12:30:00+00:00,NFP,Surprise + State,0.23256549524665046,-26.937692302420047,2.8868501529051986,,0.0,False,,,,,,3,-0.0,0.0,-0.0
2016-04-14 12:30:00+00:00,CPI,Surprise + State,0.8159070832843519,10.830977651874463,2.843030960125286,,0.0,False,,,,,,3,0.0,0.0,0.0
2016-04-29 12:30:00+00:00,PCE,Surprise + State,-0.3548908737688326,-24.183808642819216,2.8495532480077275,,0.0,False,,,,,,3,-0.0,0.0,-0.0
2016-05-06 12:30:00+00:00,NFP,Surprise + State,-0.5970295853454834,-18.428655624038726,2.8942850134903115,,0.0,False,,,,,,4,-0.0,0.0,-0.0
2016-05-17 12:30:00+00:00,CPI,Surprise + State,-1.165117912908518,-7.285090171640363,2.8637301298386113,,0.0,False,,,,,,4,-0.0,0.0,-0.0
2016-05-31 12:30:00+00:00,PCE,Surprise + State,-0.3509464824958188,-2.380952392195823,2.8081865778200856,,0.0,False,,,,,,4,-0.0,0.0,-0.0
2016-06-03 12:30:00+00:00,NFP,Surprise + State,-1.9555484666489378,-15.502954628470178,2.802850356294537,,0.0,False,,,,,,5,-0.0,0.0,-0.0
2016-06-16 12:30:00+00:00,CPI,Surprise + State,0.820318465725177,3.637024953713208,2.8619936939121997,,0.0,False,,,,,,5,0.0,0.0,0.0
2016-06-29 12:30:00+00:00,PCE,Surprise + State,-0.3471306674377593,14.687885137503187,2.890385793018983,,0.0,False,,,,,,5,0.0,0.0,0.0
2016-07-08 12:30:00+00:00,NFP,Surprise + State,1.8450710388339822,14.239945446492541,2.8138786216764036,,0.0,False,,,,,,6,0.0,0.0,0.0
2016-07-15 12:30:00+00:00,CPI,Surprise + State,0.8115726727885837,1.1570726076026716,2.7343297416290118,,0.0,False,,,,,,6,0.0,0.0,0.0
2016-08-02 12:30:00+00:00,PCE,Surprise + State,1.357394389268374,-3.472021329935515,2.7311653743779654,,0.0,False,,,,,,6,-0.0,0.0,-0.0
2016-08-05 12:30:00+00:00,NFP,Surprise + State,1.2796377681502662,15.005485588135414,2.72895467160037,,0.0,False,,,,,,7,0.0,0.0,0.0
2016-08-16 12:30:00+00:00,CPI,Surprise + State,-0.18513874292076055,-3.4374105179502124,2.7036315729178595,,0.0,False,,,,,,7,-0.0,0.0,-0.0
2016-08-29 12:30:00+00:00,PCE,Surprise + State,-0.36621496105815404,1.151874677312037,2.718580808662596,,0.0,False,,,,,,7,0.0,0.0,0.0
2016-09-02 12:30:00+00:00,NFP,Surprise + State,-0.40888888651079935,26.477883425233273,2.7239150507848566,,0.0,False,,,,,,8,0.0,0.0,0.0
2016-09-16 12:30:00+00:00,CPI,Surprise + State,-1.1782923846276343,17.522345468030665,2.7553998832457673,,0.0,False,,,,,,8,0.0,0.0,0.0
2016-09-30 12:30:00+00:00,PCE,Surprise + State,1.3393576888346368,8.139062131764518,2.74482437776227,,0.0,False,,,,,,8,0.0,0.0,0.0
2016-10-07 12:30:00+00:00,NFP,Surprise + State,-0.1964152932718881,6.954909286953637,2.7403622851834646,,0.0,False,,,,,,9,0.0,0.0,0.0
2016-10-18 12:30:00+00:00,CPI,Surprise + State,-0.16901430640024803,2.3397286021609176,2.7624956104412965,,0.0,False,,,,,,9,0.0,0.0,0.0
2016-10-31 12:30:00+00:00,PCE,Surprise + State,-0.3840686609153908,4.702010195956063,2.7751646284101597,,0.0,False,,,,,,9,0.0,0.0,0.0
2016-11-04 12:30:00+00:00,NFP,Surprise + State,-0.1303193272493761,19.18925990609388,2.8310940499040305,,0.0,False,,,,,,10,0.0,0.0,0.0
2016-11-17 13:30:00+00:00,CPI,Surprise + State,-0.16796381350875023,5.750762134448806,2.714515757994019,,0.0,False,,,,,,10,0.0,0.0,0.0
2016-11-30 13:30:00+00:00,PCE,Surprise + State,1.3230170925284488,4.525910916814979,2.6714964908308807,,0.0,False,,,,,,10,0.0,0.0,0.0
2016-12-02 13:30:00+00:00,NFP,Surprise + State,0.033610480884534014,3.425244082126966,2.6940639269406392,,0.0,False,,,,,,11,0.0,0.0,0.0
2016-12-15 13:30:00+00:00,CPI,Surprise + State,-0.1669325545533029,11.081561417709551,2.6175687666370893,,0.0,False,,,,,,11,0.0,0.0,0.0
2016-12-22 15:00:00+00:00,PCE,Surprise + State,2.9838886430672513,0.0,2.6149584487534625,,0.0,False,,,,,,11,0.0,0.0,0.0
2017-01-06 13:30:00+00:00,NFP,Surprise + State,-0.24560763540543862,11.036310578296238,2.607446690973373,,0.0,False,,,,,,12,0.0,0.0,0.0
2017-01-18 13:30:00+00:00,CPI,Surprise + State,-0.1659201234598231,-2.2058012662551363,2.6014109347442678,,0.0,False,,,,,,12,-0.0,0.0,-0.0
2017-01-30 13:30:00+00:00,PCE,Surprise + State,-0.4243384371886906,7.67417677305815,2.587719298245614,,0.0,False,,,,,,12,0.0,0.0,0.0
2017-02-03 13:30:00+00:00,NFP,Surprise + State,0.8452794369339985,16.42126374812314,2.588570801798837,,0.0,False,,,,,,13,0.0,0.0,0.0
2017-02-15 13:30:00+00:00,CPI,Surprise + State,-3.2124696574381035,-7.500670054305658,2.5270371560124207,,0.0,False,,,,,,13,-0.0,0.0,-0.0
2017-03-01 13:30:00+00:00,PCE,Surprise + State,1.1790960725118012,1.0503650028059752,2.4784709094727995,,0.0,False,,,,,,13,0.0,0.0,0.0
2017-03-10 13:30:00+00:00,NFP,Surprise + State,0.6384882035084962,3.1544083117385213,2.4839490579938954,,0.0,False,,,,,,14,0.0,0.0,0.0
2017-03-15 12:30:00+00:00,CPI,Surprise + State,-1.086149736630413,6.325110900311515,2.4894514767932487,,0.0,False,,,,,,14,0.0,0.0,0.0
2017-03-31 12:30:00+00:00,PCE,Surprise + State,-0.4384274479644154,0.0,2.4978831498729885,,0.0,False,,,,,,14,0.0,0.0,0.0
2017-04-07 12:30:00+00:00,NFP,Surprise + State,-1.3078965412877368,12.774112871811738,2.508770064845328,,0.0,False,,,,,,15,0.0,0.0,0.0
2017-05-01 12:30:00+00:00,PCE,Surprise + State,-0.4341842117614949,-3.143171485877616,2.471721826560536,,0.0,False,,,,,,15,-0.0,0.0,-0.0
2017-05-05 12:30:00+00:00,NFP,Surprise + State,0.4142854976008267,7.327924954978471,2.472757753562447,,0.0,False,,,,,,16,0.0,0.0,0.0
2017-05-12 12:30:00+00:00,CPI,Surprise + State,-0.13514617301327977,9.42063187900466,2.471204188481675,,0.0,False,,,,,,15,0.0,0.0,0.0
2017-05-30 12:30:00+00:00,PCE,Surprise + State,-0.4300621707383414,3.112194641019528,2.44914902449149,,0.0,False,,,,,,16,0.0,0.0,0.0
2017-06-02 12:30:00+00:00,NFP,Surprise + State,-0.6677396065852849,-4.111419525489879,2.423744479819246,,0.0,False,,,,,,17,-0.0,0.0,-0.0
2017-06-14 12:30:00+00:00,CPI,Surprise + State,0.7999778667585382,9.213288259850572,2.4165472045873435,,0.0,False,,,,,,16,0.0,0.0,0.0
2017-06-30 12:30:00+00:00,PCE,Surprise + State,-0.4260556508599551,-6.188757288807523,2.4342444559051057,,0.0,False,,,,,,17,-0.0,0.0,-0.0
2017-07-07 12:30:00+00:00,NFP,Surprise + State,0.8034356423152486,0.0,2.448640796845819,,0.0,False,,,,,,18,0.0,0.0,0.0
2017-07-14 12:30:00+00:00,CPI,Surprise + State,0.7927260050565855,10.214505484649194,2.412594561439378,,0.0,False,,,,,,17,0.0,0.0,0.0
2017-08-01 12:30:00+00:00,PCE,Surprise + State,-0.422159343805065,8.08489179966898,2.385525118770848,,0.0,False,,,,,,18,0.0,0.0,0.0
2017-08-04 12:30:00+00:00,NFP,Surprise + State,0.5458452330557173,-4.040812258239157,2.3848019401778493,,0.0,False,,,,,,19,-0.0,0.0,-0.0
2017-08-11 12:30:00+00:00,CPI,Surprise + State,0.7856685090657263,16.405212333037156,2.42225187313969,,0.0,False,,,,,,18,0.0,0.0,0.0
2017-08-31 12:30:00+00:00,PCE,Surprise + State,-0.4183682771652557,4.062563533437924,2.397642995021843,,0.0,False,,,,,,19,0.0,0.0,0.0
2017-09-01 12:30:00+00:00,NFP,Surprise + State,-0.34604558050796347,3.0301500156149075,2.3831162274058366,,0.0,False,,,,,,20,0.0,0.0,0.0
2017-09-14 12:30:00+00:00,CPI,Surprise + State,-1.1017624856808288,0.0,2.3673387501253886,,0.0,False,,,,,,19,0.0,0.0,0.0
2017-09-29 12:30:00+00:00,PCE,Surprise + State,1.24403333303221,-3.9896270228112485,2.353879912228207,,0.0,False,,,,,,20,-0.0,0.0,-0.0
2017-10-06 12:30:00+00:00,NFP,Surprise + State,-1.8424473560997108,-13.7524579631787,2.3159960745829244,,0.0,False,,,,,,21,-0.0,0.0,-0.0
2017-10-13 12:30:00+00:00,CPI,Surprise + State,0.7897822256401897,4.895481568372162,2.3114593535749264,,0.0,False,,,,,,20,0.0,0.0,0.0
2017-10-30 12:30:00+00:00,PCE,Surprise + State,-0.43153418183276016,-0.971675655438986,2.293043140303148,,0.0,False,,,,,,21,-0.0,0.0,-0.0
2017-11-03 12:30:00+00:00,NFP,Surprise + State,-0.7859021766829931,-3.8778478430501195,2.287930198739699,,0.0,False,,,,,,22,-0.0,0.0,-0.0
2017-11-15 13:30:00+00:00,CPI,Surprise + State,-0.15820077948038003,-6.81563728250012,2.2968369829683697,,0.0,False,,,,,,21,-0.0,0.0,-0.0
2017-11-30 13:30:00+00:00,PCE,Surprise + State,-0.42780275982372784,0.0,2.240577233456755,,0.0,False,,,,,,22,0.0,0.0,0.0
2017-12-08 13:30:00+00:00,NFP,Surprise + State,0.6370043888724991,6.6103217856294805,2.229991495795143,,0.0,False,,,,,,23,0.0,0.0,0.0
2017-12-13 13:30:00+00:00,CPI,Surprise + State,-0.1573539546812662,9.37822445177261,2.213676015383172,,0.0,False,,,,,,22,0.0,0.0,0.0
2017-12-22 13:30:00+00:00,PCE,Surprise + State,1.2482623178131573,-1.8597731130398643,2.1947363526457733,,0.0,False,,,,,,23,-0.0,0.0,-0.0
2018-01-05 13:30:00+00:00,NFP,Surprise + State,-0.621220884870033,10.068189949397066,2.1587998536406876,,0.0,False,,,,,,24,0.0,0.0,0.0
2018-01-12 13:30:00+00:00,CPI,Surprise + State,-0.15652048446517022,-10.827394362813436,2.126700910155898,,0.0,False,,,,,,23,-0.0,0.0,-0.0
2018-01-29 13:30:00+00:00,PCE,Surprise + State,-0.4402926559951366,-8.721437845693458,2.0573620434138262,,0.0,False,,,,,,24,-0.0,0.0,-0.0
2018-02-02 13:30:00+00:00,NFP,Surprise + State,0.4228435414864092,16.048505584276285,2.1020753540571833,,0.0,False,,,,,,25,0.0,0.0,0.0
2018-02-14 13:30:00+00:00,CPI,Surprise + State,-2.0674616228090885,-21.746332968355375,2.205401364358471,,0.0,False,,,,,,24,-0.0,0.0,-0.0
2018-03-01 13:30:00+00:00,PCE,Surprise + State,-0.4366213148929902,29.495827449625978,2.1789308466438926,,0.0,False,,,,,,25,0.0,0.0,0.0
2018-03-09 13:30:00+00:00,NFP,Surprise + State,1.9022467250921624,37.264301244963605,2.1580102414045355,,0.0,False,,,,,,26,0.0,0.0,0.0
2018-03-13 12:30:00+00:00,CPI,Surprise + State,-0.1324165031997715,-0.894494387644329,2.116591928251121,,0.0,False,,,,,,25,-0.0,0.0,-0.0
2018-03-29 12:30:00+00:00,PCE,Surprise + State,-0.4330405906855374,-0.9551554522779782,2.2553516819571864,,0.0,False,,,,,,26,-0.0,0.0,-0.0
2018-04-06 12:30:00+00:00,NFP,Surprise + State,-1.2995829002724142,7.568590711333201,2.2331566994700984,,0.0,False,,,,,,27,0.0,0.0,0.0
2018-04-11 12:30:00+00:00,CPI,Surprise + State,0.8133579879158452,-1.8989745594666374,2.240789973414356,,0.0,False,,,,,,26,-0.0,0.0,-0.0
2018-04-30 12:30:00+00:00,PCE,Surprise + State,-0.4295466448744693,-0.9336632283662993,2.202519832011199,,0.0,False,,,,,,27,-0.0,0.0,-0.0
2018-05-04 12:30:00+00:00,NFP,Surprise + State,-0.4042211205062629,-2.8572789374869956,2.250190694126621,,0.0,False,,,,,,28,-0.0,0.0,-0.0
2018-05-10 12:30:00+00:00,CPI,Surprise + State,0.8066313627379722,4.623849899747512,2.185387535882952,,0.0,False,,,,,,27,0.0,0.0,0.0
2018-05-31 12:30:00+00:00,PCE,Surprise + State,-0.4261361668922612,-2.752419853155885,2.164144887666208,,0.0,False,,,,,,28,-0.0,0.0,-0.0
2018-06-01 12:30:00+00:00,NFP,Surprise + State,0.6295443548080089,21.14651640770404,2.1701149425287354,,0.0,False,,,,,,29,0.0,0.0,0.0
2018-06-12 12:30:00+00:00,CPI,Surprise + State,-0.14836969090721452,9.876544012730193,2.120395327942498,,0.0,False,,,,,,28,0.0,0.0,0.0
2018-06-29 12:30:00+00:00,PCE,Surprise + State,-0.4228058320342103,-11.912945280592169,2.161370088835974,,0.0,False,,,,,,29,-0.0,0.0,-0.0
2018-07-06 12:30:00+00:00,NFP,Surprise + State,0.3749571567850948,-3.6519675380652927,2.158602396414525,,0.0,False,,,,,,30,-0.0,0.0,-0.0
2018-07-12 12:30:00+00:00,CPI,Surprise + State,0.8054339632504349,7.169743988786337,2.1162123385939737,,0.0,False,,,,,,29,0.0,0.0,0.0
2018-07-31 12:30:00+00:00,PCE,Surprise + State,-0.4195525615380417,-5.338553378866351,2.0998309458136846,,0.0,False,,,,,,30,-0.0,0.0,-0.0
2018-08-03 12:30:00+00:00,NFP,Surprise + State,-0.5320078037025123,-8.83626460252529,2.083701218435458,,0.0,False,,,,,,31,-0.0,0.0,-0.0
2018-08-10 12:30:00+00:00,CPI,Surprise + State,-0.15572468844210885,-3.5211267969437188,2.077099102270727,,0.0,False,,,,,,30,-0.0,0.0,-0.0
2018-08-30 12:30:00+00:00,PCE,Surprise + State,0.016880010255722527,-4.295348203999794,2.026968994245469,,0.0,False,,,,,,31,-0.0,0.0,-0.0
2018-09-07 12:30:00+00:00,NFP,Surprise + State,0.2616225928660689,-8.713078881790182,2.052173913043478,,0.0,False,,,,,,32,-0.0,0.0,-0.0
2018-09-13 12:30:00+00:00,CPI,Surprise + State,0.8043331512490195,-1.7253278165441088,2.0379965457685665,,0.0,False,,,,,,31,-0.0,0.0,-0.0
2018-09-28 12:30:00+00:00,PCE,Surprise + State,-0.41932078998489236,3.43436081337245,2.026968994245469,,0.0,False,,,,,,32,0.0,0.0,0.0
2018-10-05 12:30:00+00:00,NFP,Surprise + State,-0.7870138858905067,-11.176547610585175,2.0301075268817206,,0.0,False,,,,,,33,-0.0,0.0,-0.0
2018-10-11 12:30:00+00:00,CPI,Surprise + State,0.7980522394154973,-16.172510263494644,2.1270842721946823,,0.0,False,,,,,,32,-0.0,0.0,-0.0
2018-10-29 12:30:00+00:00,PCE,Surprise + State,-0.4162236927774103,1.8535681239484347,2.188427299703264,,0.0,False,,,,,,33,0.0,0.0,0.0
2018-11-02 12:30:00+00:00,NFP,Surprise + State,0.9282289143639069,-3.62811795362461,2.140201324022853,,0.0,False,,,,,,34,-0.0,0.0,-0.0
2018-11-14 13:30:00+00:00,CPI,Surprise + State,-0.17073431842246337,14.60653902196185,2.159787681888899,,0.0,False,,,,,,33,0.0,0.0,0.0
2018-11-29 13:30:00+00:00,PCE,Surprise + State,-0.413194375549636,-1.8279864779913169,2.157615651855915,,0.0,False,,,,,,34,-0.0,0.0,-0.0
2018-12-07 13:30:00+00:00,NFP,Surprise + State,-0.6547686526365027,9.29800159966021,2.197188343729634,,0.0,False,,,,,,35,0.0,0.0,0.0
2018-12-12 13:30:00+00:00,CPI,Surprise + State,-0.1699188197561624,38.40934039562427,2.214299118033402,,0.0,False,,,,,,34,0.0,0.0,0.0
2019-01-04 13:30:00+00:00,NFP,Surprise + State,2.261740690734558,32.32326046582301,2.378552711146946,6.236159056602908,1.0,True,3.8473117142048032,-2.938981273422698,-0.2657120162840959,rv_20d,0.8709016393442623,36,32.32326046582301,2.378552711146946,29.944707754676067
2019-01-11 13:30:00+00:00,CPI,Surprise + State,-0.16911489877107314,-11.596445056802906,2.2812953117448043,,0.0,False,,,,,,35,-0.0,0.0,-0.0
2019-02-01 13:30:00+00:00,NFP,Surprise + State,2.3749676396538355,16.634325986970566,2.1863998517695014,12.315980029403558,1.0,True,5.105755590088247,0.8674565423282481,0.1031108758196814,rv_20d,0.5922131147540983,37,16.634325986970566,2.1863998517695014,14.447926135201065
2019-02-13 13:30:00+00:00,CPI,Surprise + State,0.8075888422190041,12.718024970066466,2.144674663758633,3.1318104992734717,1.0,True,4.064655197508351,4.338058862696165,0.5229304840617405,rv_20d,0.4569672131147541,36,12.718024970066466,2.144674663758633,10.573350306307834
2019-03-01 13:30:00+00:00,PCE,Surprise + State,-2.108137244454332,3.570790968137061,2.106954736184269,,0.0,False,,,,,,35,0.0,0.0,0.0
2019-03-08 13:30:00+00:00,NFP,Surprise + State,-2.577157761426142,-9.160026288554945,2.1552511415525113,-12.97980831924017,-1.0,True,5.244679404038432,0.8991185914666813,0.11068658844722831,rv_20d,0.26844262295081966,38,9.160026288554945,2.1552511415525113,7.004775147002434
2019-03-12 12:30:00+00:00,CPI,Surprise + State,-0.17594973086669394,16.14350126384778,2.1196335548769536,-0.6437327134582597,0.0,True,4.2693837646757995,4.319624328138551,0.534720461586632,rv_20d,0.35860655737704916,37,0.0,0.0,0.0
2019-03-29 12:30:00+00:00,PCE,Surprise + State,1.3555304283976177,7.9438637833106895,2.0838852097130243,5.312192193460657,1.0,True,3.3582584150171595,9.434294228933336,1.4958962910108249,rv_20d,0.5594262295081968,36,7.9438637833106895,2.0838852097130243,5.859978573597665
2019-04-05 12:30:00+00:00,NFP,Surprise + State,0.36000953458674323,-4.323950428428702,2.044529151866932,1.8675111214778621,0.0,True,5.1013949478206415,1.170535918090433,0.14648240648406663,rv_20d,0.573469387755102,39,-0.0,0.0,-0.0
2019-04-10 12:30:00+00:00,CPI,Surprise + State,-0.6660549897418855,2.59684052531739,2.0431131503765907,-2.707764144286276,-1.0,True,4.222633707369849,4.280897132010158,0.5151195247615796,rv_20d,0.463265306122449,38,-2.59684052531739,2.0431131503765907,-4.639953675693981
2019-05-03 12:30:00+00:00,NFP,Surprise + State,1.2218354880047635,11.086948387397655,2.015371477369769,5.475031138202879,1.0,True,5.0756444419147835,1.3372901053024062,0.16565105058423424,rv_20d,0.055327868852459015,40,11.086948387397655,2.015371477369769,9.071576910027886
2019-05-10 12:30:00+00:00,CPI,Surprise + State,0.8147019300586259,22.787038782112745,2.0663689694422556,2.7410645432431036,1.0,True,4.178323449916705,4.270386061522609,0.5113346763812366,rv_20d,0.3094262295081967,39,22.787038782112745,2.0663689694422556,20.72066981267049
2019-05-31 12:30:00+00:00,PCE,Surprise + State,-0.36868440449756795,11.778030806617323,2.1392313270485857,-1.9475916485436267,0.0,True,3.420811138854467,9.563428581280297,1.6333476312957274,rv_20d,0.694672131147541,37,0.0,0.0,0.0
2019-06-07 12:30:00+00:00,NFP,Surprise + State,-1.5524750423548752,7.014467626511589,2.0669118935014885,-8.364884576833868,-1.0,True,5.223906871202749,0.7933098843326178,0.10335960725503508,rv_20d,0.7069672131147541,41,-7.014467626511589,2.0669118935014885,-9.081379520013078
2019-06-12 12:30:00+00:00,CPI,Surprise + State,-0.17710016798500505,-6.074016413055716,2.0486111111111107,-0.9087966081640536,0.0,True,4.6106321497300975,3.5803248505605714,0.4414561282383453,rv_20d,0.6454918032786885,40,-0.0,0.0,-0.0
2019-06-28 12:30:00+00:00,PCE,Surprise + State,-0.366294583792779,5.105948540844452,2.0083397157688707,-1.2990606918399135,0.0,True,3.3360852101234872,9.334395874688472,1.5313664292443585,rv_20d,0.5225409836065574,38,0.0,0.0,0.0
2019-07-05 12:30:00+00:00,NFP,Surprise + State,1.0718570086511612,-11.70666577380075,1.9707724425887263,5.073451907986948,1.0,True,4.700320252565693,-0.41303305832101145,-0.05656416467872309,rv_20d,0.42008196721311475,42,-11.70666577380075,1.9707724425887263,-13.677438216389477
2019-07-11 12:30:00+00:00,CPI,Surprise + State,-1.1663865052088653,4.164064186760186,1.9633943427620633,-4.200547537511659,-1.0,True,4.644542023990125,3.6105351001140744,0.46983463483815746,rv_20d,0.21106557377049182,41,-4.164064186760186,1.9633943427620633,-6.127458529522249
2019-07-30 12:30:00+00:00,PCE,Surprise + State,-0.36395092463953677,-14.96010917310997,1.9611101878012298,-0.17692797260031218,0.0,True,3.299381484483527,9.33922476958326,1.515829492909634,rv_20d,0.1987704918032787,39,-0.0,0.0,-0.0
2019-08-02 12:30:00+00:00,NFP,Surprise + State,0.031497609119124026,4.246825561757817,2.0042462845010616,0.1356396007660665,0.0,True,4.327006879743329,0.1381170485033323,0.018348476315349006,rv_20d,0.35040983606557374,43,0.0,0.0,0.0
2019-08-13 12:30:00+00:00,CPI,Surprise + State,-0.1659081562956267,6.961364708555351,2.051638702947057,-0.8787036377524653,0.0,True,4.527227035143347,3.8692800545101718,0.5057722338256536,rv_20d,0.6987704918032787,42,0.0,0.0,0.0
2019-08-30 12:30:00+00:00,PCE,Surprise + State,-0.3616517148149259,-3.397027633518235,2.0040760869565215,-2.662478401922242,-1.0,True,3.4128196930299106,8.79999057229608,1.4168846049035155,rv_20d,0.9487704918032787,40,3.397027633518235,2.0040760869565215,1.3929515465617133
2019-09-06 12:30:00+00:00,NFP,Surprise + State,-0.4303607562946714,-3.3537352540236043,1.9768805495057797,-1.8749548857614369,0.0,True,4.3283589587364055,0.0981056649831839,0.013049378202196267,rv_20d,0.7889344262295082,44,-0.0,0.0,-0.0
2019-09-12 12:30:00+00:00,CPI,Surprise + State,-0.16517796464621493,2.492833117742066,1.961436170212766,-0.8710829340496228,0.0,True,4.5085489355765755,3.848929478043481,0.4922652049493713,rv_20d,0.6987704918032787,43,0.0,0.0,0.0
2019-09-27 12:30:00+00:00,PCE,Surprise + State,1.3657033853241398,-3.3461603123186023,1.9745649263721552,1.2781375089170397,0.0,True,3.4495753213018303,9.086535081545307,1.5817470255044423,rv_20d,0.22336065573770492,41,-0.0,0.0,-0.0
2019-10-04 12:30:00+00:00,NFP,Surprise + State,-0.09265768712922037,17.99871923651608,2.0343073872941986,-0.4025792131287029,0.0,True,4.395738939441865,0.2924436106568237,0.039076220503868865,rv_20d,0.32581967213114754,45,0.0,0.0,0.0
2019-10-10 12:30:00+00:00,CPI,Surprise + State,0.8325119977114724,5.145356429459014,2.0254033642293168,3.600667099578013,1.0,True,4.506355930002714,3.846556379128377,0.4946035771551247,rv_20d,0.45286885245901637,44,5.145356429459014,2.0254033642293168,3.119953065229697
2019-10-31 12:30:00+00:00,PCE,Surprise + State,-0.3726587275846903,5.753503631353851,1.9404703173820095,-0.5236731970741865,0.0,True,3.3593319034186684,9.258244124275926,1.5984881905481183,rv_20d,0.2889344262295082,42,0.0,0.0,0.0
2019-11-01 12:30:00+00:00,NFP,Surprise + State,0.742125242156633,5.742647518260924,1.941428101349128,3.224659376748963,1.0,True,4.374822643845977,0.14049633583707472,0.018795639145655088,rv_20d,0.2889344262295082,46,5.742647518260924,1.941428101349128,3.801219416911796
2019-11-13 13:30:00+00:00,CPI,Surprise + State,-1.1700469441557593,0.8108655994831793,1.914030819140308,-2.985044306311095,-1.0,True,4.451653397688981,3.8481854369784614,0.4930434962655842,rv_20d,0.006147540983606557,45,-0.8108655994831793,1.914030819140308,-2.724896418623487
2019-11-27 15:00:00+00:00,PCE,Surprise + State,0.9149489511371186,0.0,1.875993640699523,-1.04233322152311,0.0,True,3.300366025510705,9.455753484204383,1.6318882113757769,rv_20d,0.03048780487804878,43,0.0,0.0,0.0
2019-12-06 13:30:00+00:00,NFP,Surprise + State,1.42861497447116,27.130562444348527,1.8893603394443998,6.21380621133935,1.0,True,4.388390653023485,0.1057825286562887,0.014189037455193773,rv_20d,0.1326530612244898,47,27.130562444348527,1.8893603394443998,25.241202104904126
2019-12-11 13:30:00+00:00,CPI,Surprise + State,-1.158461044632005,4.777830955688955,1.8795794839120739,-3.8501504637149284,-1.0,True,4.477206749493551,3.7191718121461994,0.5006429482780524,rv_20d,0.18979591836734694,46,-4.777830955688955,1.8795794839120739,-6.657410439601029
2020-01-10 13:30:00+00:00,NFP,Surprise + State,-0.20617197687041738,1.5236934358142662,1.797958250799939,-1.1412952264315968,0.0,True,4.898680583128161,-1.6601776834237683,-0.22336089342265655,rv_20d,0.11632653061224489,48,0.0,0.0,0.0
2020-01-14 13:30:00+00:00,CPI,Surprise + State,0.8436125672345851,10.648818226925982,1.795359452263218,2.4879983762848736,1.0,True,4.379077552632157,3.9361269400275454,0.5319567346973899,rv_20d,0.13673469387755102,47,10.648818226925982,1.795359452263218,8.853458774662764
2020-01-31 13:30:00+00:00,PCE,Surprise + State,-2.1131396664751882,3.052270149623837,1.8015267175572518,-7.004283408613775,-1.0,True,3.3146334431823115,9.117882009344305,1.581934947408351,rv_20d,0.5,44,-3.052270149623837,1.8015267175572518,-4.853796867181089
2020-02-07 13:30:00+00:00,NFP,Surprise + State,1.0001447762026143,-29.955837573361066,1.7667315466387181,4.5002098767671885,1.0,True,4.898096126082733,-1.6549445963348905,-0.22274545915909108,rv_20d,0.7408163265306122,49,-29.955837573361066,1.7667315466387181,-31.722569119999783
2020-02-13 13:30:00+00:00,CPI,Surprise + State,0.8376680323617207,7.4338391767270195,1.7552993677947193,4.477372471707774,1.0,True,4.451606945979653,3.648201212960208,0.4967873812667604,rv_20d,0.7448979591836735,48,7.4338391767270195,1.7552993677947193,5.6785398089323005
2020-02-28 13:30:00+00:00,PCE,Surprise + State,1.354456856955525,-116.55942728360458,2.012621524816647,9.488331686643427,1.0,True,2.794581807184555,8.455883848318534,1.4767393336279888,rv_20d,0.9979591836734694,45,-116.55942728360458,2.012621524816647,-118.57204880842123
2020-03-06 13:30:00+00:00,NFP,Surprise + State,1.6027523818647151,3.413843167070496,2.017094017094017,4.946025845697578,1.0,True,4.424194014651948,-2.6874420404311414,-0.33926992708524917,rv_20d,0.9979591836734694,50,3.413843167070496,2.017094017094017,1.396749149976479
2020-03-11 12:30:00+00:00,CPI,Surprise + State,-1.1639324823814878,-68.45640136681652,2.1196335548769536,-7.328582998967893,-1.0,True,4.46354710163313,3.6807266222744794,0.5218266801843304,rv_20d,0.9979591836734694,49,68.45640136681652,2.1196335548769536,66.33676781193957
2020-03-27 12:30:00+00:00,PCE,Surprise + State,-0.36227118384366613,-87.70689384210328,2.3139523482694377,5.590351534949341,1.0,True,-5.0999394672249405,-20.747605104995937,-0.6419371679941611,rv_20d,0.9979591836734694,46,-87.70689384210328,2.3139523482694377,-90.02084619037272
2020-04-03 12:30:00+00:00,NFP,Surprise + State,-9.584675105229561,48.938924141364026,2.362598858744619,-28.368685820860875,-1.0,True,4.373717138392103,-2.9607744253452704,-0.43547792099321153,rv_20d,0.9775510204081632,51,-48.938924141364026,2.362598858744619,-51.301523000108645
2020-04-30 12:30:00+00:00,PCE,Surprise + State,-0.36017238707897786,-58.25924634551782,2.017783857729138,3.6622369962947294,1.0,True,-4.556956761116301,-15.801246279621527,-0.5017120974989189,rv_20d,0.8551020408163266,47,-58.25924634551782,2.017783857729138,-60.27703020324696
2020-05-08 12:30:00+00:00,NFP,Surprise + State,17.82134084487857,-19.73656623849962,2.0313306937510758,-26.214734926292696,-1.0,True,2.238695895162074,-11.958805334243204,-1.2827021326934454,rv_20d,0.810204081632653,52,19.73656623849962,2.0313306937510758,17.705235544748543
2020-05-12 12:30:00+00:00,CPI,Surprise + State,-0.1633338468717922,10.227564174591919,2.012621524816647,-1.672678810975006,0.0,True,6.7744422608525605,11.476648296508232,1.2779900254128183,rv_20d,0.8020408163265306,50,0.0,0.0,0.0
2020-05-29 12:30:00+00:00,PCE,Surprise + State,-2.070466433747151,-11.569293084541243,1.9491245457548727,15.19512330790517,1.0,True,-4.264164268821231,-13.95057818590389,-0.4496357754213598,rv_20d,0.7204081632653061,48,-11.569293084541243,1.9491245457548727,-13.518417630296117
2020-06-05 12:30:00+00:00,NFP,Surprise + State,64.57555252744505,56.32030117411091,1.8825781748564134,39.43523823806508,1.0,True,2.316315971546994,-11.939425804237846,-3.5660229202847358,rv_20d,0.6428571428571429,53,56.32030117411091,1.8825781748564134,54.4377229992545
2020-06-10 12:30:00+00:00,CPI,Surprise + State,0.8389770540647904,5.441330928306343,1.8355759508438982,7.392754728813383,1.0,True,6.742163621466868,11.523160747686987,1.285138882132821,rv_20d,0.6795918367346939,51,5.441330928306343,1.8355759508438982,3.6057549774624444
2020-06-26 12:30:00+00:00,PCE,Surprise + State,-2.0164547174799274,-24.47781901032897,1.9238607646531343,14.93214624573859,1.0,True,-3.559947166732582,-11.924990891040363,-0.437977457644795,rv_20d,0.8224489795918367,49,-24.47781901032897,1.9238607646531343,-26.401679774982107
2020-07-02 12:30:00+00:00,NFP,Surprise + State,1.641547953530035,19.09004715923146,1.8875469887227065,-2.445864972823279,-1.0,True,2.5891035475402657,-12.492177232392802,-4.122773738127996,rv_20d,0.826530612244898,54,-19.09004715923146,1.8875469887227065,-20.977594147954168
2020-07-14 12:30:00+00:00,CPI,Surprise + State,-1.1723852919766982,-48.503255745799834,1.8688628444726005,-10.341229380257154,-1.0,True,6.671263776355285,11.371077580643702,1.2839660583744703,rv_20d,0.6890243902439024,52,48.503255745799834,1.8688628444726005,46.63439290132723
2020-07-31 12:30:00+00:00,PCE,Surprise + State,0.29050201998543845,-8.444973823458213,1.8109269490484958,-0.3393890031793574,0.0,True,-2.593965400444633,-8.2521765855701,-0.34470760059500327,rv_20d,0.32723577235772355,50,-0.0,0.0,-0.0
2020-08-07 12:30:00+00:00,NFP,Surprise + State,0.2042193271067664,-17.98696430384439,1.7708411495460343,1.0686881000779938,0.0,True,2.5563847939359583,-12.30761518955694,-4.1602397063032095,rv_20d,0.28252032520325204,55,-0.0,0.0,-0.0
2020-08-12 12:30:00+00:00,CPI,Surprise + State,-3.1643008322851895,11.183598556137042,1.7600119322842867,-14.248165773565189,-1.0,True,7.8125122983442825,13.457734844874182,1.484519523492824,rv_20d,0.2540650406504065,53,-11.183598556137042,1.7600119322842867,-12.943610488421328
2020-08-28 12:30:00+00:00,PCE,Surprise + State,1.3559572550269576,-11.445741288191869,1.6870398169990706,0.44188723915229644,0.0,True,-2.6283201161797196,-8.305538969080782,-0.34786246032041124,rv_20d,0.1443089430894309,51,-0.0,0.0,-0.0
2020-09-04 12:30:00+00:00,NFP,Surprise + State,-0.08549110617815014,33.25144020784876,1.7072994284887506,-0.16257770770851543,0.0,True,2.5444142294101697,-12.211732355749387,-4.004164096332043,rv_20d,0.5526315789473685,56,0.0,0.0,0.0
2020-09-11 12:30:00+00:00,CPI,Surprise + State,-1.0987651213117418,-16.378800564496032,1.7558217394539097,-9.647544919644327,-1.0,True,6.73027449641011,15.517512400652983,1.6221263757143247,rv_20d,0.6321138211382114,54,16.378800564496032,1.7558217394539097,14.622978825042122
2020-10-01 12:30:00+00:00,PCE,Surprise + State,-0.3232204397783153,-13.316566294285792,1.7447878160579624,1.354070582522298,0.0,True,-2.8890564100866603,-7.353157566958452,-0.3108490390628751,rv_20d,0.676829268292683,52,-0.0,0.0,-0.0
2020-10-02 12:30:00+00:00,NFP,Surprise + State,-0.32757294004979853,-21.095464765892302,1.773769259676813,-0.18733009580991203,0.0,True,2.53465052781604,-12.223880758676827,-4.219590062633677,rv_20d,0.6605691056910569,57,-0.0,0.0,-0.0
2020-10-13 12:30:00+00:00,CPI,Surprise + State,-0.1222113648828133,-11.349128753970206,1.6732841747022122,-0.8460524492535114,0.0,True,6.890695182268408,15.826216588692052,1.6906099203268141,rv_20d,0.5020325203252033,55,-0.0,0.0,-0.0
2020-10-30 12:30:00+00:00,PCE,Surprise + State,-0.3214984227491263,29.007653928054822,1.803867614461515,1.0864679810941325,0.0,True,-2.8861938737219073,-7.353079275280915,-0.3117811405050923,rv_20d,0.5670731707317073,53,0.0,0.0,0.0
2020-11-06 13:30:00+00:00,NFP,Surprise + State,-0.041828857834390075,47.96859027862865,1.6973532796317605,-0.05352531646063263,0.0,True,2.5453982518589475,-12.210974198857368,-4.003667052745717,rv_20d,0.6036585365853658,58,0.0,0.0,0.0
2020-11-12 13:30:00+00:00,CPI,Surprise + State,0.8491717707533857,17.576550382223388,1.6602180794934926,6.69233629662553,1.0,True,6.88146188384564,15.863890845414566,1.6938843038436528,rv_20d,0.5630081300813008,56,17.576550382223388,1.6602180794934926,15.916332302729895
2020-11-25 15:00:00+00:00,PCE,Surprise + State,-0.3198036664251847,0.0,1.6289342904472666,1.0747265091928702,0.0,True,-2.9742572006805323,-7.039700005243238,-0.29613041251721595,rv_20d,0.5548780487804879,54,0.0,0.0,0.0
2020-12-04 13:30:00+00:00,NFP,Surprise + State,-0.3460798058020594,-2.041302357973507,1.6053329705462211,-1.6248490726568052,-1.0,True,2.5316370466272016,-12.234262139188889,-4.379276414569498,rv_20d,0.3231707317073171,59,2.041302357973507,1.6053329705462211,0.43596938742728564
2020-12-10 13:30:00+00:00,CPI,Surprise + State,-1.1003323497938022,-35.52644304996022,1.6092737811114899,-3.2212277364090736,-1.0,True,7.092969369111746,16.137077096200514,1.7144417059503365,rv_20d,0.241869918699187,57,35.52644304996022,1.6092737811114899,33.91716926884873
2020-12-23 13:30:00+00:00,PCE,Surprise + State,1.364273206507212,6.782880270925773,1.6011941108623378,-0.8129491329578913,0.0,True,-2.9915308772385654,-6.974308062269034,-0.29350426757206194,rv_20d,0.1565040650406504,55,0.0,0.0,0.0
2021-01-08 13:30:00+00:00,NFP,Surprise + State,-0.3166483412835174,6.572029679219327,1.5500821018062396,-2.0082337598906372,-1.0,True,2.5342718983289543,-12.244966554447062,-4.397738558810062,rv_20d,0.18902439024390244,60,-6.572029679219327,1.5500821018062396,-8.122111781025566
2021-01-13 13:30:00+00:00,CPI,Surprise + State,-0.11993165974022327,3.961442016660044,1.559299636603898,-0.3093144456444437,0.0,True,7.6203736303272205,15.216637735698757,1.6243880999776885,rv_20d,0.16869918699186992,58,0.0,0.0,0.0
2021-01-29 13:30:00+00:00,PCE,Surprise + State,-2.0053740825460937,37.25390152109043,1.574172892209178,3.1541918218611187,1.0,True,-2.8942103420828014,-7.304490695469813,-0.31033361908690676,rv_20d,0.31910569105691056,56,37.25390152109043,1.574172892209178,35.67972862888125
2021-02-05 13:30:00+00:00,NFP,Surprise + State,-0.1649085855030971,-0.6443091397301259,1.5201288244766504,-0.6668734639142413,0.0,True,2.528953735849872,-12.218892999831786,-4.3416882431586465,rv_20d,0.37601626016260165,61,-0.0,0.0,-0.0
2021-02-10 13:30:00+00:00,CPI,Surprise + State,-0.11947685719106668,14.661357207970127,1.50587034201123,-0.5667780079427883,0.0,True,7.620291604737025,15.21740497588307,1.6230614187107377,rv_20d,0.31097560975609756,59,0.0,0.0,0.0
2021-02-26 13:30:00+00:00,PCE,Surprise + State,-0.3066559924982575,29.307390152446544,1.5416775542200156,0.8918956653963995,0.0,True,-4.005437655724937,-5.04406212328741,-0.21253872264766666,rv_20d,0.28252032520325204,57,0.0,0.0,0.0
2021-03-05 13:30:00+00:00,NFP,Surprise + State,0.10051546581221242,65.4872523946537,1.561156314083482,0.4715204180302692,0.0,True,2.5300780230146827,-12.220519575011238,-4.338480608495864,rv_20d,0.3231707317073171,62,0.0,0.0,0.0
2021-03-10 13:30:00+00:00,CPI,Surprise + State,-0.11902719013235194,24.442026704889486,1.5233668990446683,-0.7663380517284181,0.0,True,7.6347373013351225,15.09295568021003,1.6110721043893517,rv_20d,0.42073170731707316,60,0.0,0.0,0.0
2021-03-26 12:30:00+00:00,PCE,Surprise + State,1.354526371517124,10.874781177285797,1.5108834827144686,-5.458476157519853,-1.0,True,-4.125617744128016,-4.2854753304013355,-0.18047848713445444,rv_20d,0.47764227642276424,58,-10.874781177285797,1.5108834827144686,-12.385664660000266
2021-04-13 12:30:00+00:00,CPI,Surprise + State,-1.1007080946219612,26.110468123761166,1.435261205376148,-2.9731794194345214,-1.0,True,7.653965994861113,14.949599309239133,1.6004059196332117,rv_20d,0.16869918699186992,61,-26.110468123761166,1.435261205376148,-27.545729329137313
2021-04-30 12:30:00+00:00,PCE,Surprise + State,-0.31634349588250377,-3.5857288377982854,1.4100495907271313,0.618549864342565,0.0,True,-3.565975274278404,-3.651829056558474,-0.15588009655212245,rv_20d,0.05894308943089431,59,-0.0,0.0,-0.0
2021-05-07 12:30:00+00:00,NFP,Surprise + State,-0.9371711013313,-2.9704441032052387,1.4026745913818721,-7.414624439532722,-1.0,True,2.5470458742056934,-12.391614761783954,-4.718445543273115,rv_20d,0.06707317073170732,63,2.9704441032052387,1.4026745913818721,1.5677695118233665
2021-05-12 12:30:00+00:00,CPI,Surprise + State,-5.998741616835394,36.47863967323417,1.4281391830559758,-13.082746580428067,-1.0,True,7.359470777501386,15.825151303896037,1.6825587941288556,rv_20d,0.17276422764227642,62,-36.47863967323417,1.4281391830559758,-37.906778856290146
2021-05-28 12:30:00+00:00,PCE,Surprise + State,-0.3147710660260314,-6.531484957399414,1.4010923771075754,0.930103514339404,0.0,True,-3.4895423934552636,-4.12710223102988,-0.1758566305659414,rv_20d,0.37044534412955465,60,-0.0,0.0,-0.0
2021-06-04 12:30:00+00:00,NFP,Surprise + State,-0.22898401033391952,7.132667920117797,1.4063524223824562,-0.9449756299337123,0.0,True,2.543070601360028,-12.36832305765796,-4.73910405923668,rv_20d,0.3719512195121951,64,0.0,0.0,0.0
2021-06-10 12:30:00+00:00,CPI,Surprise + State,-1.2857519574681133,46.79687478692074,1.39835278781774,-2.015653667602552,-1.0,True,5.567561996232608,22.11168125079966,2.015034464578011,rv_20d,0.31910569105691056,63,-46.79687478692074,1.39835278781774,-48.19522757473848
2021-06-25 12:30:00+00:00,PCE,Surprise + State,1.353890520300208,5.278437705058536,1.3854643653868732,-1.862994595821456,-1.0,True,-3.468771505817346,-4.237154709476992,-0.18097953694297336,rv_20d,0.006097560975609756,61,-5.278437705058536,1.3854643653868732,-6.66390207044541
2021-07-02 12:30:00+00:00,NFP,Surprise + State,0.052207519745368525,9.838248428053475,1.367402514630048,0.4384179891949278,0.0,True,2.5416496780734787,-12.36535923723585,-4.74191373058061,rv_20d,0.026422764227642278,65,0.0,0.0,0.0
2021-07-13 12:30:00+00:00,CPI,Surprise + State,-3.5455463257141377,-17.7706487191287,1.3483402845226533,15.844328114705812,1.0,True,5.039807044822585,21.759224998831943,2.1209427752122276,rv_20d,0.06300813008130081,64,-17.7706487191287,1.3483402845226533,-19.118989003651354
2021-07-30 12:30:00+00:00,PCE,Surprise + State,1.3368933041672204,7.414378529979615,1.3469550824724614,-3.7644977489258795,-1.0,True,-3.4794673600116934,-4.13287672509141,-0.18508661092112297,rv_20d,0.3394308943089431,62,-7.414378529979615,1.3469550824724614,-8.761333612452077
2021-08-06 12:30:00+00:00,NFP,Surprise + State,-0.013168586432633885,-11.299436230487458,1.3341624738538074,-0.05840272991545022,0.0,True,2.5460397966966566,-12.391603386474937,-4.755892860063829,rv_20d,0.3475609756097561,66,-0.0,0.0,-0.0
2021-08-11 12:30:00+00:00,CPI,Surprise + State,-0.023558568354873046,8.455230063226793,1.3331073829294469,-0.025556111312813917,0.0,True,5.405164445172411,17.281495752190967,1.680220471058933,rv_20d,0.25,65,0.0,0.0,0.0
2021-08-27 12:30:00+00:00,PCE,Surprise + State,-0.3347998796911022,3.3495227243207637,1.317993968502178,0.5811547972334062,0.0,True,-3.2371448245980017,-4.173153581084092,-0.1865889136165331,rv_20d,0.1402439024390244,63,0.0,0.0,0.0
2021-09-03 12:30:00+00:00,NFP,Surprise + State,-0.6679411690796805,-3.304874720235773,1.2987012987012987,-5.007609753383077,-1.0,True,2.5452097178061655,-12.367112642373751,-4.681971879367508,rv_20d,0.09959349593495935,67,3.304874720235773,1.2987012987012987,2.0061734215344744
2021-09-14 12:30:00+00:00,CPI,Surprise + State,0.8192117877682124,1.6735934880429681,1.3207230399015053,-0.18409145711409736,0.0,True,5.4143272816433825,17.232361316896686,1.6754222762908357,rv_20d,0.17276422764227642,66,0.0,0.0,0.0
2021-10-01 12:30:00+00:00,PCE,Surprise + State,-1.9950474862945664,-19.705581895266278,1.365977889679921,6.8301048010287735,1.0,True,-3.2251081357991054,-4.244501202665756,-0.18989471384670964,rv_20d,0.5467479674796748,64,-19.705581895266278,1.365977889679921,-21.0715597849462
2021-10-08 12:30:00+00:00,NFP,Surprise + State,-0.44428519767740043,15.919948779696824,1.341518872214643,-0.18154655278628265,0.0,True,2.5485166131378247,-12.386189465750817,-4.751171416926124,rv_20d,0.6727642276422764,68,0.0,0.0,0.0
2021-10-13 12:30:00+00:00,CPI,Surprise + State,-0.8730123949613188,-32.21355753947108,1.3567896975968723,-7.318834968362753,-1.0,True,5.382656661958233,17.369160040336244,1.7078042382981877,rv_20d,0.6727642276422764,67,32.21355753947108,1.3567896975968723,30.85676784187421
2021-10-29 12:30:00+00:00,PCE,Surprise + State,-0.3118249463231859,-10.952303816438302,1.2916643861857586,0.6787886427539429,0.0,True,-2.6192315996959588,-3.5682552038974067,-0.16154817782316527,rv_20d,0.37601626016260165,65,-0.0,0.0,-0.0
2021-11-05 12:30:00+00:00,NFP,Surprise + State,0.0039393692891312405,17.592029485662408,1.2593383137673424,0.026398103737379552,0.0,True,2.5444935265455717,-12.394241876328836,-4.8781913641098695,rv_20d,0.16463414634146342,69,0.0,0.0,0.0
2021-11-10 13:30:00+00:00,CPI,Surprise + State,-2.556455404982467,-1.6085359676409894,1.2637892256613472,4.632421698001836,1.0,True,5.771737492992192,18.380407920566743,1.794889508363438,rv_20d,0.08739837398373984,68,-1.6085359676409894,1.2637892256613472,-2.872325193302337
2021-11-24 15:00:00+00:00,PCE,Surprise + State,1.3369344843085225,12.83422636060294,1.2642631381582472,-1.314523154056708,-1.0,True,-2.590960616891302,-3.7488157771997264,-0.17026663718131443,rv_20d,0.07113821138211382,66,-12.83422636060294,1.2642631381582472,-14.098489498761188
2021-12-03 13:30:00+00:00,NFP,Surprise + State,-0.4833671251658682,18.524577597709424,1.286945141236776,-0.633982608505601,0.0,True,2.5497969530695146,-12.43254376252342,-4.915334723906292,rv_20d,0.5995934959349594,70,0.0,0.0,0.0
2021-12-10 13:30:00+00:00,CPI,Surprise + State,-0.8337716263587658,19.163212507642413,1.2598761477685243,-9.220346537395148,-1.0,True,5.8596679812385615,17.64051265505168,1.8354521133652961,rv_20d,0.7947154471544715,69,-19.163212507642413,1.2598761477685243,-20.423088655410936
2021-12-23 13:30:00+00:00,PCE,Surprise + State,-0.320719690291463,-3.725088513917285,1.255786729101261,1.4910301855231496,1.0,True,-2.5150467309131375,-4.285353773007486,-0.19971005329805616,rv_20d,0.9979674796747967,67,-3.725088513917285,1.255786729101261,-4.980875243018546
2022-01-07 13:30:00+00:00,NFP,Surprise + State,-0.3780124387835242,-39.47303359687737,1.2578616352201257,0.6205445274008383,0.0,True,2.543039994196354,-12.428625922100393,-5.014176618263734,rv_20d,0.8366935483870968,71,-0.0,0.0,-0.0
2022-01-12 13:30:00+00:00,CPI,Surprise + State,-0.828879460574073,31.77295619362752,1.251259212130852,-8.692285526804842,-1.0,True,5.374592495684243,16.35903467166857,1.7651137311060647,rv_20d,0.8125,70,-31.77295619362752,1.251259212130852,-33.024215405758376
2022-01-28 13:30:00+00:00,PCE,Surprise + State,-0.31922917712759896,41.81433585358718,1.3784241574674376,0.8546171630029015,0.0,True,-2.482591839827617,-4.594743626082051,-0.21215938366656947,rv_20d,0.5423387096774194,68,0.0,0.0,0.0
2022-02-04 13:30:00+00:00,NFP,Surprise + State,0.3137581071235987,-23.580944058245734,1.3192464643076751,-1.0930058256326833,0.0,True,2.551995901003938,-12.319557767384751,-4.245855333799935,rv_20d,0.9899193548387096,72,-0.0,0.0,-0.0
2022-02-10 13:30:00+00:00,CPI,Surprise + State,-1.6544445730650783,-56.62000119091459,1.2891947995192832,-19.89643281650966,-1.0,True,4.729587515001128,14.652005223515568,1.6031557348785181,rv_20d,0.9979838709677419,71,56.62000119091459,1.2891947995192832,55.330806391395306
2022-02-25 13:30:00+00:00,PCE,Surprise + State,-0.3177592719112605,8.71561020861833,1.371056759426015,1.479818368355842,1.0,True,-2.558705514950426,-4.213664137754296,-0.19282398688512137,rv_20d,0.9979838709677419,69,8.71561020861833,1.371056759426015,7.344553449192315
2022-03-04 13:30:00+00:00,NFP,Surprise + State,0.21157723178032842,-30.626125466781673,1.3648718986756114,-0.7327025402121741,0.0,True,2.5857197283995372,-12.448920345752125,-3.9989043904761705,rv_20d,0.9858870967741935,73,-0.0,0.0,-0.0
2022-03-10 13:30:00+00:00,CPI,Surprise + State,0.01752763028449497,-36.053113906753254,1.3947166243129838,0.26889364187372145,0.0,True,6.037009473781732,18.683576581375355,2.0519613095066034,rv_20d,0.9979838709677419,72,-0.0,0.0,-0.0
2022-03-31 12:30:00+00:00,PCE,Surprise + State,-0.3163095037297847,-3.806106127548503,1.2830270740458845,1.4327876841622433,1.0,True,-2.5028249516358985,-4.719863133413422,-0.21300839147993086,rv_20d,0.9294354838709677,70,-3.806106127548503,1.2830270740458845,-5.089133201594388
2022-04-01 12:30:00+00:00,NFP,Surprise + State,-0.1576196468748535,-20.892904015248348,1.2959912136188907,0.43709126059897946,0.0,True,2.618269046989147,-12.554493641211925,-3.6794706561898805,rv_20d,0.9294354838709677,74,-0.0,0.0,-0.0
2022-04-12 12:30:00+00:00,CPI,Surprise + State,0.01746830212922925,45.53767531881192,1.3360507246376812,0.19473197513178597,0.0,True,5.807491824389637,17.496317802119744,1.9176918403673464,rv_20d,0.8052208835341366,73,0.0,0.0,0.0
2022-04-29 12:30:00+00:00,PCE,Surprise + State,-0.314879416609685,-20.607031343651272,1.3868484456719752,1.3721964241270552,0.0,True,-2.488396787804838,-4.85469878346177,-0.21811968794088304,rv_20d,0.8850806451612904,71,-0.0,0.0,-0.0
2022-05-06 12:30:00+00:00,NFP,Surprise + State,-0.03130413075081324,-83.53053834177615,1.4283984989710687,0.11305443672051756,0.0,True,2.6250171980704105,-12.523504832141118,-3.427282840326577,rv_20d,0.9979838709677419,75,-0.0,0.0,-0.0
2022-05-11 12:30:00+00:00,CPI,Surprise + State,-0.8137570479692707,-97.4942464658568,1.463475133325065,-12.367804461220995,-1.0,True,6.064594387664283,18.49129462647842,1.9890997390826557,rv_20d,0.9939516129032258,74,97.4942464658568,1.463475133325065,96.03077133253174
2022-05-27 12:30:00+00:00,PCE,Surprise + State,-0.3134685689124132,47.85285205102241,1.4522183250261522,1.4878699608069308,1.0,True,-2.50026361459782,-4.740934625470004,-0.2137493930279265,rv_20d,0.9737903225806451,72,47.85285205102241,1.4522183250261522,46.40063372599626
2022-06-03 12:30:00+00:00,NFP,Surprise + State,-0.00230345274077212,-57.248039685298124,1.4222007954682416,0.00625655783216317,0.0,True,2.6679198037299408,-12.537587268411581,-2.7326967370332906,rv_20d,0.9294354838709677,76,-0.0,0.0,-0.0
2022-06-10 12:30:00+00:00,CPI,Surprise + State,-2.473490408348257,-68.14766403902439,1.4687577794373912,-39.433788362562396,-1.0,True,7.216723828396757,21.532430720333966,2.220039718164618,rv_20d,0.905241935483871,75,68.14766403902439,1.4687577794373912,66.678906259587
2022-06-30 12:30:00+00:00,PCE,Surprise + State,1.3674428037700574,-27.82195753322725,1.5650905232442467,-6.281690211739304,-1.0,True,-2.3816075216312376,-5.751570124179469,-0.2522383693715296,rv_20d,0.8846153846153846,73,27.82195753322725,1.5650905232442467,26.256867009983
2022-07-08 12:30:00+00:00,NFP,Surprise + State,0.038531795866142235,-23.79192840137989,1.5121419875696802,-0.07441228092314271,0.0,True,2.693561052147064,-12.552900084958223,-2.4495505146842182,rv_20d,0.868421052631579,77,-0.0,0.0,-0.0
2022-07-13 12:30:00+00:00,CPI,Surprise + State,-1.6387895948837974,-49.60491669063316,1.5291906952633967,-26.75723970437444,-1.0,True,8.187189676885694,24.520024008124583,2.779598248435756,rv_20d,0.8319838056680162,76,49.60491669063316,1.5291906952633967,48.075725995369766
2022-07-29 12:30:00+00:00,PCE,Surprise + State,-1.9957008241117162,1.2215978514973358,1.4403417760146475,6.118139958162953,1.0,True,-2.751470938085634,-7.054969981053289,-0.3814124727316782,rv_20d,0.5445344129554656,74,1.2215978514973358,1.4403417760146475,-0.21874392451731173
2022-08-05 12:30:00+00:00,NFP,Surprise + State,0.24144452119551107,-44.316357245683946,1.4184397163120568,0.49281330011910923,0.0,True,2.7021709447051294,-12.560278077312562,-2.375621542299173,rv_20d,0.5526315789473685,78,-0.0,0.0,-0.0
2022-08-10 12:30:00+00:00,CPI,Surprise + State,1.6768964978331644,35.84661503701625,1.4256373082034552,13.715635132342323,1.0,True,8.5947283378865,25.660226405191953,3.0060932869317796,rv_20d,0.48380566801619435,77,35.84661503701625,1.4256373082034552,34.420977728812794
2022-08-26 12:30:00+00:00,PCE,Surprise + State,1.3517023197616702,5.952735457661618,1.4085347657415697,-2.6572895485032313,-1.0,True,-2.735481969329181,-7.040399044432485,-0.38532310082780036,rv_20d,0.39068825910931176,75,-5.952735457661618,1.4085347657415697,-7.361270223403187
2022-09-02 12:30:00+00:00,NFP,Surprise + State,-0.06967087212902896,3.1286174894518126,1.4851173620288212,-0.12100776645622381,0.0,True,2.695756469799506,-12.465800490338232,-2.2721427460330297,rv_20d,0.5769230769230769,79,0.0,0.0,0.0
2022-09-13 12:30:00+00:00,CPI,Surprise + State,-1.579948474762284,-79.88895252552197,1.424432641236118,-17.771558493079375,-1.0,True,9.02606069395945,26.136457325728088,3.027519508907023,rv_20d,0.5850202429149798,78,79.88895252552197,1.424432641236118,78.46451988428585
2022-09-30 12:30:00+00:00,PCE,Surprise + State,-3.6097507213276065,25.296564270824717,1.6057698850105464,14.54507191926829,1.0,True,-2.557320338958316,-6.992302546225072,-0.3829606669663961,rv_20d,0.7105263157894737,76,25.296564270824717,1.6057698850105464,23.690794385814172
2022-10-07 12:30:00+00:00,NFP,Surprise + State,-0.08079578102720068,-51.69010938459451,1.5647792070017237,0.10853561325828219,0.0,True,2.695186006502372,-12.468926452154586,-2.282899648612881,rv_20d,0.8238866396761133,80,-0.0,0.0,-0.0
2022-10-13 12:30:00+00:00,CPI,Surprise + State,-1.5620361853588192,-48.87906873292991,1.6279230185555633,-22.742476874296038,-1.0,True,9.920884920074787,27.94486998647009,3.1191642392673327,rv_20d,0.6659919028340081,79,48.87906873292991,1.6279230185555633,47.251145714374346
2022-10-28 12:30:00+00:00,PCE,Surprise + State,-0.27118989507824,-28.858156054134554,1.5546772068511199,1.5798889227617434,1.0,True,-3.3013283823108326,-9.169649108238104,-0.6136351052932765,rv_20d,0.7753036437246964,77,-28.858156054134554,1.5546772068511199,-30.412833260985675
2022-11-04 12:30:00+00:00,NFP,Surprise + State,-0.00859864988766689,101.90237701539928,1.5736480629459224,0.0035675737721155183,0.0,True,2.7082713234206746,-12.442308752071257,-2.1284943247370327,rv_20d,0.7510121457489879,81,0.0,0.0,0.0
2022-11-10 13:30:00+00:00,CPI,Surprise + State,1.6607633563681254,86.7600133036106,1.5670650730411684,27.752433513793292,1.0,True,10.293487622591305,28.818888349960275,3.206048426317182,rv_20d,0.7226720647773279,80,86.7600133036106,1.5670650730411684,85.19294823056944
2022-12-01 13:30:00+00:00,PCE,Surprise + State,1.3116164878816416,1.2211503251080558,1.4424546176884052,-7.420966296240377,-1.0,True,-3.330312424504503,-9.125535547969461,-0.6149203595844862,rv_20d,0.7550607287449392,78,-1.2211503251080558,1.4424546176884052,-2.6636049427964608
2022-12-02 13:30:00+00:00,NFP,Surprise + State,-0.014585134531113096,23.002092762922643,1.4475863338035944,0.005850784060782456,0.0,True,2.680835589804824,-12.479503578588876,-2.446166032379467,rv_20d,0.7469635627530364,82,0.0,0.0,0.0
2022-12-13 13:30:00+00:00,CPI,Surprise + State,1.640803512240514,17.04718829884655,1.4514145141451413,2.2212629471910925,1.0,True,11.804336263269555,33.093474546795385,3.2878773543977915,rv_20d,0.18421052631578946,81,17.04718829884655,1.4514145141451413,15.595773784701407
2022-12-23 13:30:00+00:00,PCE,Surprise + State,-0.2794555225126812,-17.52166319977988,1.5331644253881636,0.6440992902658382,0.0,True,-2.988971114648622,-8.04672610386969,-0.5722610483945563,rv_20d,0.4149797570850202,79,-0.0,0.0,-0.0
2023-01-06 13:30:00+00:00,NFP,Surprise + State,-0.06884081561522244,69.95753366027202,1.543694400837258,-0.4934228745359931,0.0,True,2.674588792080132,-12.489025674643724,-2.5353765910550994,rv_20d,0.1402439024390244,83,0.0,0.0,0.0
2023-01-12 13:30:00+00:00,CPI,Surprise + State,0.03632795161555792,116.52806960771755,1.4792528519493544,0.17865722255307237,0.0,True,11.899170164762285,32.71223872320671,3.3190174426489296,rv_20d,0.2865853658536585,82,0.0,0.0,0.0
2023-01-27 13:30:00+00:00,PCE,Surprise + State,-1.8612980836883501,0.0,1.4513252567492774,-1.5780195454516135,-1.0,True,-2.9502033355067114,-8.304980251884619,-0.5924673840984439,rv_20d,0.042682926829268296,80,-0.0,1.4513252567492774,-1.4513252567492774
2023-02-03 13:30:00+00:00,NFP,Surprise + State,0.30665937768946433,-7.238072576072341,1.4148681055155876,2.600941165231215,1.0,True,2.6824723422773324,-12.568885882430088,-2.498611868542702,rv_20d,0.03861788617886179,84,-7.238072576072341,1.4148681055155876,-8.652940681587928
2023-02-14 13:30:00+00:00,CPI,Surprise + State,0.036212663530961496,16.900052308237434,1.418524974454529,-0.03162870775515098,0.0,True,12.171767285673196,31.616896619943105,3.1580356756465857,rv_20d,0.08739837398373984,83,0.0,0.0,0.0
2023-02-24 13:30:00+00:00,PCE,Surprise + State,-1.830009657188023,-20.143529409750727,1.4796238244514106,-1.3570714481873851,0.0,True,-2.888383070207498,-8.711875810141237,-0.6562434357818444,rv_20d,0.08333333333333333,81,-0.0,0.0,-0.0
2023-03-10 13:30:00+00:00,NFP,Surprise + State,0.011791312539496484,8.274194533761658,1.5076018908905071,0.09975390719790085,0.0,True,2.650487453137167,-12.373399426836857,-2.461650755428357,rv_20d,0.03048780487804878,85,0.0,0.0,0.0
2023-03-14 12:30:00+00:00,CPI,Surprise + State,0.03609846609086587,14.112517577338224,1.5165145868140342,-0.07089262489241535,0.0,True,12.180172232968724,31.488089721825453,3.149334593314098,rv_20d,0.0508130081300813,84,0.0,0.0,0.0
2023-03-31 12:30:00+00:00,PCE,Surprise + State,-0.24561985495403924,-10.993710262567902,1.4424546176884052,-0.05319253937196893,0.0,True,-2.5510347889973333,-10.721723202905169,-0.82245278338141,rv_20d,0.241869918699187,82,-0.0,0.0,-0.0
2023-04-12 12:30:00+00:00,CPI,Surprise + State,0.8362188016428281,-7.808980724206549,1.4255511929930536,-2.9001322352443952,-1.0,True,12.18307650228207,31.43074174236795,3.150277890253592,rv_20d,0.0020408163265306124,85,7.808980724206549,1.4255511929930536,6.383429531213496
2023-04-28 12:30:00+00:00,PCE,Surprise + State,-0.2446458487409858,15.097077054484487,1.42486264565598,-0.6188642837436859,0.0,True,-2.530575177746411,-10.871714267044661,-0.8349756072663572,rv_20d,0.034552845528455285,83,0.0,0.0,0.0
2023-05-05 12:30:00+00:00,NFP,Surprise + State,-0.009663468391275397,19.508632658045144,1.4373591570741213,-0.078819972622108,0.0,True,2.650058487844249,-12.370610778065402,-2.4627530259076176,rv_20d,0.054878048780487805,86,0.0,0.0,0.0
2023-05-10 12:30:00+00:00,CPI,Surprise + State,0.030788529266230838,44.503320984858874,1.42909046869323,-0.04033362381203031,0.0,True,12.128876782249653,32.25335498251176,3.322787834622768,rv_20d,0.08333333333333333,86,0.0,0.0,0.0
2023-05-26 12:30:00+00:00,PCE,Surprise + State,-1.809426281392467,6.001680650697949,1.4156319356967189,-3.8726442267537102,-1.0,True,-2.5625506210862294,-10.662595588077961,-0.8189434661503227,rv_20d,0.05894308943089431,84,-6.001680650697949,1.4156319356967189,-7.417312586394668
2023-06-02 12:30:00+00:00,NFP,Surprise + State,0.0835127359455142,-2.353356485507163,1.389543099387659,0.6823259893941696,0.0,True,2.6534754254695656,-12.394012709685382,-2.4568727119276614,rv_20d,0.054878048780487805,87,-0.0,0.0,-0.0
2023-06-13 12:30:00+00:00,CPI,Surprise + State,0.111044762907337,22.355344496993723,1.3565557279990803,-0.2295291456672084,0.0,True,12.164800896463335,31.683458645625684,3.247801999201262,rv_20d,0.0508130081300813,87,0.0,0.0,0.0
2023-06-30 12:30:00+00:00,PCE,Surprise + State,-0.22837106669327886,14.009921314226403,1.324800718535983,-0.5279264304728875,0.0,True,-2.636988341652402,-10.18726734382209,-0.802886952537118,rv_20d,0.014227642276422764,85,0.0,0.0,0.0
2023-07-07 12:30:00+00:00,NFP,Surprise + State,-0.1195977821158257,-23.624715679169128,1.327334083239595,-1.033404441883081,0.0,True,2.6454647399876405,-12.343060596184232,-2.4542306353523884,rv_20d,0.014285714285714285,88,-0.0,0.0,-0.0
2023-07-12 12:30:00+00:00,CPI,Surprise + State,0.7957918434964811,7.216809928216605,1.3158628380262056,-2.4764348703428993,-1.0,True,12.176545482024483,31.47623775958456,3.2277360770749013,rv_20d,0.014285714285714285,88,-7.216809928216605,1.3158628380262056,-8.532672766242811
2023-07-28 12:30:00+00:00,PCE,Surprise + State,-0.22749221991958832,3.8083839311298107,1.2846333895814055,-0.5271113569972319,0.0,True,-2.6553872718363407,-10.068162641257512,-0.7935345985827125,rv_20d,0.006122448979591836,86,0.0,0.0,0.0
2023-08-04 12:30:00+00:00,NFP,Surprise + State,-0.1093620433557646,7.717325778529016,1.3029315960912051,-0.9077937844178199,0.0,True,2.6495813328319606,-12.362067536198978,-2.5147358547347443,rv_20d,0.04285714285714286,89,0.0,0.0,0.0
2023-08-10 12:30:00+00:00,CPI,Surprise + State,0.025247022731454967,-9.957956122725875,1.3087118061332002,-0.012068848850278056,0.0,True,12.16677810523815,31.612021706231936,3.3025032621073045,rv_20d,0.1,89,-0.0,0.0,-0.0
2023-08-31 12:30:00+00:00,PCE,Surprise + State,-0.22662344597528022,-4.410143401152311,1.3004187789288075,0.08847283779834302,0.0,True,-2.6534264223403476,-10.080772844812577,-0.7941363772207632,rv_20d,0.2755102040816326,87,-0.0,0.0,-0.0
2023-09-01 12:30:00+00:00,NFP,Surprise + State,-0.07191857716894035,5.505395426439463,1.3014945127667787,-0.3937596208324284,0.0,True,2.649511888418811,-12.361839643624219,-2.514287343341231,rv_20d,0.2714285714285714,90,0.0,0.0,0.0
2023-09-13 12:30:00+00:00,CPI,Surprise + State,0.025170356873976597,31.398960475712556,1.3213885778275476,0.12884686397021983,0.0,True,12.146984609214075,31.886261232742,3.3383972487972327,rv_20d,0.2795918367346939,90,0.0,0.0,0.0
2023-09-29 12:30:00+00:00,PCE,Surprise + State,1.3433872606317534,6.297770225032195,1.3533662117215275,0.8242331894238993,0.0,True,-2.6493532916402422,-10.119125695808076,-0.7977014641178248,rv_20d,0.17755102040816326,88,0.0,0.0,0.0
2023-10-06 12:30:00+00:00,NFP,Surprise + State,0.1131620651823218,-24.085780479303764,1.3739302555743145,0.6481342161238048,0.0,True,2.6494777712139963,-12.362494624052436,-2.514834467781574,rv_20d,0.2510204081632653,91,-0.0,0.0,-0.0
2023-10-12 12:30:00+00:00,CPI,Surprise + State,-0.7867827476260195,-20.36660581804739,1.3325052227429282,-7.144586876615549,-1.0,True,12.19310650063748,31.771850114338335,3.321733131119163,rv_20d,0.4020408163265306,91,20.36660581804739,1.3325052227429282,19.034100595304462
2023-10-27 12:30:00+00:00,PCE,Surprise + State,-1.799426751444557,9.589452338083504,1.4148681055155876,4.7049611037396,1.0,True,-2.614699987072281,-10.233303798844915,-0.8104906989676794,rv_20d,0.5,89,9.589452338083504,1.4148681055155876,8.174584232567916
2023-11-03 12:30:00+00:00,NFP,Surprise + State,-0.13108733580921772,17.23247023029728,1.3617217702383013,-0.15523564400577572,0.0,True,2.635369413090074,-12.259749279436639,-2.4734023799956493,rv_20d,0.6183673469387755,92,0.0,0.0,0.0
2023-11-14 13:30:00+00:00,CPI,Surprise + State,0.8426941285268533,48.58037864913456,1.331828442437923,14.499214809193983,1.0,True,12.268601163502796,31.831849376534308,3.319704889988785,rv_20d,0.6551020408163265,92,48.58037864913456,1.331828442437923,47.248550206696635
2023-11-30 13:30:00+00:00,PCE,Surprise + State,1.3321946861111806,-7.655293462214274,1.2896879610907699,0.03620243226725832,0.0,True,-2.7494206785595927,-10.307059831983475,-0.819777424037386,rv_20d,0.23061224489795917,90,-0.0,0.0,-0.0
2023-12-08 13:30:00+00:00,NFP,Surprise + State,-0.07577269969724261,16.931105385431522,1.2881392937066753,-0.49916549346865163,0.0,True,2.631869482327881,-12.267987017598955,-2.5206227813985533,rv_20d,0.17755102040816326,93,0.0,0.0,0.0
2023-12-12 13:30:00+00:00,CPI,Surprise + State,-0.7887014604517996,-37.250022827706175,1.2727174675079542,1.0980002034999317,0.0,True,12.692862954246763,32.86505822928108,3.4207187386262476,rv_20d,0.07142857142857142,93,-0.0,0.0,-0.0
2023-12-22 13:30:00+00:00,PCE,Surprise + State,1.319160634839701,20.30246148841286,1.2297431087488926,1.843440178286003,1.0,True,-2.844448483497455,-10.08991510627608,-0.803084816490063,rv_20d,0.07959183673469387,91,20.30246148841286,1.2297431087488926,19.072718379663968
2024-01-05 13:30:00+00:00,NFP,Surprise + State,-0.041746958090400695,23.333520689021725,1.2499337958794554,-0.24580148195567664,0.0,True,2.631728823281572,-12.273221532146174,-2.5170489237121716,rv_20d,0.23469387755102042,94,0.0,0.0,0.0
2024-01-11 13:30:00+00:00,CPI,Surprise + State,-0.7849042105335153,-18.703247347460206,1.2215953206687715,-4.628655044734229,-1.0,True,12.808951557833764,32.56547591602162,3.377501397362218,rv_20d,0.28775510204081634,94,18.703247347460206,1.2215953206687715,17.481652026791433
2024-01-26 13:30:00+00:00,PCE,Surprise + State,-0.23765961104637265,20.826462204794893,1.1996746644977634,-0.42322939747733146,0.0,True,-2.7372884865040925,-10.746961172404067,-0.8694989957027034,rv_20d,0.07959183673469387,92,0.0,0.0,0.0
2024-02-02 13:30:00+00:00,NFP,Surprise + State,0.1178356155064509,-20.772648381495173,1.189995966115369,0.46395286391524404,0.0,True,2.63287069577817,-12.291633314711671,-2.522718010605887,rv_20d,0.39387755102040817,95,-0.0,0.0,-0.0
2024-02-13 13:30:00+00:00,CPI,Surprise + State,-0.7811613847490155,-44.5970723874467,1.1744799442619687,-6.322738015510833,-1.0,True,12.879524526155876,32.5679982342899,3.368397998018456,rv_20d,0.35306122448979593,95,44.5970723874467,1.1744799442619687,43.42259244318473
2024-02-29 13:30:00+00:00,PCE,Surprise + State,-0.23678595848151593,30.957495056256334,1.1648568608094767,1.2968990527703828,1.0,True,-2.7688437375758386,-10.532086000950356,-0.852247266071843,rv_20d,0.7571428571428571,93,30.957495056256334,1.1648568608094767,29.79263819544686
2024-03-08 13:30:00+00:00,NFP,Surprise + State,0.0003740759023637736,13.05704177575251,1.1442979053529867,0.0006089692863314334,0.0,True,2.626440559640079,-12.231757545302987,-2.4771684123260513,rv_20d,0.5816326530612245,96,0.0,0.0,0.0
2024-03-12 12:30:00+00:00,CPI,Surprise + State,0.038897596673548446,43.33754013366331,1.1489776046738072,0.6626308539808844,0.0,True,13.036910020338853,32.65322955913297,3.3525007601201486,rv_20d,0.6224489795918368,96,0.0,0.0,0.0
2024-04-05 12:30:00+00:00,NFP,Surprise + State,0.01805478474136971,4.798694847139018,1.1310265503690213,0.12393221555009327,0.0,True,2.625074026764841,-12.24087969597856,-2.5084751259081757,rv_20d,0.15368852459016394,97,0.0,0.0,0.0
2024-04-10 12:30:00+00:00,CPI,Surprise + State,-0.7799931857072275,-47.55394796145396,1.1192791083708797,0.5408625797907068,0.0,True,13.195460202059174,33.0366558915545,3.3923798568763925,rv_20d,0.07959183673469387,97,-0.0,0.0,-0.0
2024-04-26 12:30:00+00:00,PCE,Surprise + State,-0.24439946298316922,-30.232127570890555,1.1525125750842407,1.1395969831209825,0.0,True,-2.7332711171555366,-10.505461574661066,-0.8433474506960026,rv_20d,0.6836734693877551,94,-0.0,0.0,-0.0
2024-05-03 12:30:00+00:00,NFP,Surprise + State,-0.17706829493247359,3.8857587432872265,1.1551639745472344,0.3400988982487745,0.0,True,2.6245934553782044,-12.23738667990562,-2.508331378411832,rv_20d,0.8714285714285714,98,0.0,0.0,0.0
2024-05-15 12:30:00+00:00,CPI,Surprise + State,0.8630942134153134,-2.8319252561104236,1.119491485223661,14.493313959628622,1.0,True,13.319353239926867,32.72559335753477,3.335414389440114,rv_20d,0.6061224489795919,98,-2.8319252561104236,1.119491485223661,-3.951416741334085
2024-05-31 12:30:00+00:00,PCE,Surprise + State,-0.24351667860145637,16.147419921956896,1.1237560116184944,-0.1280094469353656,0.0,True,-2.7466139572609816,-10.548810582026261,-0.8521941600665417,rv_20d,0.18979591836734694,95,0.0,0.0,0.0
2024-06-07 12:30:00+00:00,NFP,Surprise + State,0.022890670339214506,-8.423811804760817,1.0993106018259735,0.18134116156720098,0.0,True,2.62359078638381,-12.246451532178694,-2.5451682850872124,rv_20d,0.0673469387755102,99,-0.0,0.0,-0.0
2024-06-12 12:30:00+00:00,CPI,Surprise + State,0.8587529694109373,13.357593934699707,1.093605189990732,-0.7377357775492449,0.0,True,13.071212009929775,32.19736840328042,3.3071941800745432,rv_20d,0.0673469387755102,99,0.0,0.0,0.0
2024-06-28 12:30:00+00:00,PCE,Surprise + State,-0.2426433957445556,-23.36869659540497,1.059864373287825,-0.5548278902927175,0.0,True,-2.7661147969243207,-10.402643882260046,-0.8403412426090195,rv_20d,0.014285714285714285,96,-0.0,0.0,-0.0
2024-07-05 12:30:00+00:00,NFP,Surprise + State,-0.07399593365510283,-12.512290487549649,1.055173030492712,-0.6434567767852174,0.0,True,2.617446892062885,-12.206608487893114,-2.545869209778426,rv_20d,0.0020408163265306124,100,-0.0,0.0,-0.0
2024-07-11 12:30:00+00:00,CPI,Surprise + State,1.6754537637453566,-23.720634886927883,1.0383210875973425,-3.8746661272562224,-1.0,True,13.09510970543508,31.990598275368775,3.327812179597284,rv_20d,0.018367346938775512,100,23.720634886927883,1.0383210875973425,22.68231379933054
2024-07-26 12:30:00+00:00,PCE,Surprise + State,-0.5783982211069412,-14.129124293944528,1.0756608933454876,3.857730776679821,1.0,True,-2.70706145017218,-10.787127000614335,-0.8695028558981741,rv_20d,0.8673469387755102,97,-14.129124293944528,1.0756608933454876,-15.204785187290016
2024-08-02 12:30:00+00:00,NFP,Surprise + State,-0.1721608664320203,2.3180880513606894,1.0880590133702166,0.5526459955145583,0.0,True,2.616772874772201,-12.201478942433871,-2.5747181793572373,rv_20d,0.9775510204081632,101,0.0,0.0,0.0
2024-08-14 12:30:00+00:00,CPI,Surprise + State,0.023803419256880783,-2.7434842422024985,1.0799926780157423,0.7064198944693492,0.0,True,12.949393197437558,33.59281624558677,3.6650181782399134,rv_20d,0.9979591836734694,101,-0.0,0.0,-0.0
2024-08-30 12:30:00+00:00,PCE,Surprise + State,-0.238436036952374,-17.31064148732031,1.0469346109484519,1.7276014925777585,1.0,True,-2.682564246316637,-10.646979138242195,-0.8585533845824205,rv_20d,0.9285714285714286,98,-17.31064148732031,1.0469346109484519,-18.357576098268762
2024-09-06 12:30:00+00:00,NFP,Surprise + State,-0.12297466673639144,40.4353019074577,1.0767405785199378,0.21152489019623258,0.0,True,2.6160930367743576,-12.211030522914989,-2.6138970211033676,rv_20d,0.8551020408163266,102,0.0,0.0,0.0
2024-09-11 12:30:00+00:00,CPI,Surprise + State,-0.09913290389855092,38.75178662404721,1.073117497271735,-2.4760701135010037,-1.0,True,12.933587717161553,33.53072901815805,3.667356897932436,rv_20d,0.8591836734693877,102,-38.75178662404721,1.073117497271735,-39.82490412131895
2024-09-27 12:30:00+00:00,PCE,Surprise + State,-0.2375999467930136,5.161956496095854,1.0159714150415429,1.3313311671374497,1.0,True,-2.694992465175406,-10.634661767437786,-0.8604780633894769,rv_20d,0.773469387755102,99,5.161956496095854,1.0159714150415429,4.145985081054311
2024-10-04 12:30:00+00:00,NFP,Surprise + State,0.040543022944561934,39.737439988591916,1.022884882108183,0.09964110339055317,0.0,True,2.607627014092655,-12.247028938778946,-2.805497419094161,rv_20d,0.5122448979591837,103,0.0,0.0,0.0
2024-10-10 12:30:00+00:00,CPI,Surprise + State,-0.7970756838786801,-11.160715444233915,1.0107932156929929,-5.649973346395178,-1.0,True,13.050006552718285,33.96742132549271,3.722668478392895,rv_20d,0.32448979591836735,103,11.160715444233915,1.0107932156929929,10.149922228540923
2024-10-31 12:30:00+00:00,PCE,Surprise + State,-0.2367725943128565,-6.018916776717731,1.0138763586372814,-0.32990301314903275,0.0,True,-2.6826927114396923,-10.623683418660143,-0.8581421108435029,rv_20d,0.11632653061224489,100,-0.0,0.0,-0.0
2024-11-01 12:30:00+00:00,NFP,Surprise + State,-0.20694615809024963,17.356595522741713,1.0242610997786554,-0.39429138386139334,0.0,True,2.6073527978140785,-12.28618874119332,-2.897946485510543,rv_20d,0.5571428571428572,104,0.0,0.0,0.0
2024-11-13 13:30:00+00:00,CPI,Surprise + State,0.028872763033326438,-12.46364930768351,0.9825554769141096,0.5980948435751687,0.0,True,13.088429485614297,33.97221959646221,3.719428843425189,rv_20d,0.7244897959183674,104,-0.0,0.0,-0.0
2024-11-27 15:00:00+00:00,PCE,Surprise + State,-0.23595382831701026,-13.690391899530141,0.9780356402818069,1.5106201651775268,1.0,True,-2.668222624784662,-10.724288563020556,-0.8662358460215369,rv_20d,0.8481781376518218,101,-13.690391899530141,0.9780356402818069,-14.668427539811947
2024-12-06 13:30:00+00:00,NFP,Surprise + State,-0.08361582857707964,1.6409583233212288,0.9699958898479243,-0.17574835891776558,0.0,True,2.6032559816671914,-12.284320668409421,-2.932672125621742,rv_20d,0.5408163265306123,105,0.0,0.0,0.0
2024-12-11 13:30:00+00:00,CPI,Surprise + State,-0.13613039922014264,14.423772874216922,0.9741599933955255,0.2920482675431044,0.0,True,13.028170001672985,33.7955822564862,3.7021655798502118,rv_20d,0.05102040816326531,105,0.0,0.0,0.0
2024-12-20 13:30:00+00:00,PCE,Surprise + State,1.35394468555584,11.5678768710481,1.0137892521156406,-6.248264537394305,-1.0,True,-2.6750693808164394,-10.723334316682049,-0.868315435977286,rv_20d,0.6808943089430894,102,-11.5678768710481,1.0137892521156406,-12.58166612316374
2025-01-10 13:30:00+00:00,NFP,Surprise + State,0.02543842745033338,-11.427847094758192,0.9921802741108215,-0.05079841259057795,0.0,True,2.6033243893064464,-12.284159430959877,-2.9329127977110145,rv_20d,0.8744855967078189,106,-0.0,0.0,-0.0
2025-01-15 13:30:00+00:00,CPI,Surprise + State,0.029630018694912632,42.38094588064456,0.9993648105017997,0.7937820054496847,0.0,True,13.028925575859745,33.74523759947731,3.69473354328088,rv_20d,0.9077868852459017,106,0.0,0.0,0.0
2025-01-31 13:30:00+00:00,PCE,Surprise + State,-0.24328328434500773,1.6321867257573786,0.9628722970216238,0.8609930566375126,0.0,True,-2.236495460303405,-9.591578810653793,-0.7978663776563979,rv_20d,0.6358024691358025,103,0.0,0.0,0.0
2025-02-07 13:30:00+00:00,NFP,Surprise + State,-0.13442132024142522,28.686192935971633,0.9669357151636825,-0.2688740625598052,0.0,True,2.6070426612439976,-12.287880287982672,-2.8930351303870343,rv_20d,0.5493827160493827,107,0.0,0.0,0.0
2025-02-12 13:30:00+00:00,CPI,Surprise + State,-1.6288289771507536,-8.701237367638726,0.9684037751333606,-21.525574262932476,-1.0,True,13.21536795138942,34.426471061988956,3.770194150985775,rv_20d,0.5,107,8.701237367638726,0.9684037751333606,7.732833592505365
2025-02-28 13:30:00+00:00,PCE,Surprise + State,-0.24245575341235073,-11.88404706734758,1.0025062656641603,0.40832845431834813,0.0,True,-2.2359555983381423,-9.578012201825885,-0.7965984716131687,rv_20d,0.44238683127572015,104,-0.0,0.0,-0.0
2025-03-07 13:30:00+00:00,NFP,Surprise + State,-0.10408611006653506,-68.64518418304044,1.0267565803785077,0.21356128115659043,0.0,True,2.60191280381686,-12.291805897523467,-2.951138111848878,rv_20d,0.8786008230452675,108,-0.0,0.0,-0.0
2025-03-12 12:30:00+00:00,CPI,Surprise + State,0.863785844188717,-32.72601540974307,1.0488422736767256,23.15102862276496,1.0,True,13.115221500902331,34.28703385769708,3.777371825277769,rv_20d,0.8991769547325102,108,-32.72601540974307,1.0488422736767256,-33.774857683419796
2025-03-28 12:30:00+00:00,PCE,Surprise + State,-0.2416366134206346,-18.365478073008035,1.030027932960894,1.5351072137802924,1.0,True,-2.230358256158737,-9.632612451636053,-0.8024264227811261,rv_20d,0.9279835390946503,105,-18.365478073008035,1.030027932960894,-19.39550600596893
2025-04-04 12:30:00+00:00,NFP,Surprise + State,0.022901267949125444,29.741553848410263,1.11531190926276,-0.07971970453673892,0.0,True,2.6155246712477007,-12.243260770358674,-2.6566788825472174,rv_20d,0.9979508196721312,109,0.0,0.0,0.0
2025-04-10 12:30:00+00:00,CPI,Surprise + State,1.6857215992659478,-51.856769601279495,1.0961449140733859,46.99259998409669,1.0,True,12.24672700196421,31.388879238251832,3.3839674568740774,rv_20d,0.9979508196721312,109,-51.856769601279495,1.0961449140733859,-52.95291451535288
2025-04-30 14:00:00+00:00,PCE,Surprise + State,-0.24082572346498407,58.768762114631556,1.080685044417987,1.6725353813913115,1.0,True,-2.2402590225897305,-9.60716635332638,-0.8024709683536242,rv_20d,0.9897119341563786,106,58.768762114631556,1.080685044417987,57.688077070213566
2025-05-02 12:30:00+00:00,NFP,Surprise + State,-0.04068498955260628,36.530926829740906,1.0443864229765012,0.13760768137028037,0.0,True,2.600937901720666,-12.217814193029046,-2.7939032282150396,rv_20d,0.9897119341563786,110,0.0,0.0,0.0
2025-05-13 12:30:00+00:00,CPI,Surprise + State,0.8463013350782487,-14.899008779529765,1.0058818515045604,16.081796533761867,1.0,True,9.950224123746318,23.154634061627394,1.9663244450655406,rv_20d,0.8909465020576132,110,-14.899008779529765,1.0058818515045604,-15.904890631034325
2025-05-30 12:30:00+00:00,PCE,Surprise + State,-0.2400229459321998,4.662894046028043,1.0014427565136212,0.9942394458901597,0.0,True,-2.1551191651138644,-9.854637663885876,-0.809039408064675,rv_20d,0.7016460905349794,107,0.0,0.0,0.0
2025-06-06 12:30:00+00:00,NFP,Surprise + State,-0.07537897167229662,15.027553337318977,0.9879437374413931,-0.04353039390184825,0.0,True,2.5891522288415576,-12.220864839709439,-2.9801301953254655,rv_20d,0.6646090534979424,111,0.0,0.0,0.0
2025-06-11 12:30:00+00:00,CPI,Surprise + State,0.842385437586005,-13.194789973063337,0.9765786642390134,4.590362329822564,1.0,True,9.643620059437277,22.157256610319255,1.9594115596872685,rv_20d,0.31069958847736623,111,-13.194789973063337,0.9765786642390134,-14.17136863730235
2025-06-27 12:30:00+00:00,PCE,Surprise + State,-0.23922814640251422,-4.427717583972424,0.9491634491634491,0.010984083872477882,0.0,True,-2.152425733533822,-9.843888190845966,-0.8074847993371681,rv_20d,0.28600823045267487,108,-0.0,0.0,-0.0
2025-07-03 12:30:00+00:00,NFP,Surprise + State,-0.03830309080058547,-6.362082205946251,0.9393034825870646,-0.23207109239146745,0.0,True,2.587046572746785,-12.226639855826024,-3.022176658302325,rv_20d,0.21604938271604937,112,-0.0,0.0,-0.0
2025-07-15 12:30:00+00:00,CPI,Surprise + State,0.015270024971998773,-7.494921555561973,0.9322167799020382,0.03709488457221217,0.0,True,9.493358840245087,22.293190141427274,1.9806182280220537,rv_20d,0.1831275720164609,112,-0.0,0.0,-0.0
2025-07-31 12:30:00+00:00,PCE,Surprise + State,-0.23844119355490775,-1.9359959791742654,0.9141263508540883,-0.6516496245107914,0.0,True,-2.147313477752198,-9.882548528467948,-0.8111551280208196,rv_20d,0.006172839506172839,109,-0.0,0.0,-0.0
2025-08-01 12:30:00+00:00,NFP,Surprise + State,-0.13459299863347782,-0.7927699385845699,0.9339137316976652,-1.1329859373065494,-1.0,True,2.586270223069238,-12.216189421409869,-3.019289531245127,rv_20d,0.02263374485596708,113,0.7927699385845699,0.9339137316976652,-0.14114379311309533
2025-08-12 12:30:00+00:00,CPI,Surprise + State,0.015229351855953272,12.056394265478332,0.9213711251659248,0.03494602234370492,0.0,True,9.472430774272016,22.36154982043666,1.9869215443933526,rv_20d,0.17901234567901234,113,0.0,0.0,0.0
2025-08-29 12:30:00+00:00,PCE,Surprise + State,-0.23766195907583582,-3.460274165121291,0.9084959772106093,0.13807867096617701,0.0,True,-2.1368252781986135,-9.949171989663808,-0.8162068613158101,rv_20d,0.3436213991769547,110,-0.0,0.0,-0.0
2025-09-05 12:30:00+00:00,NFP,Surprise + State,-0.16203229557152443,38.70997302591661,0.9056372078744387,-1.2099154971123218,-1.0,True,2.5877103765603175,-12.223689603428124,-3.0356772741868263,rv_20d,0.10082304526748971,114,-38.70997302591661,0.9056372078744387,-39.61561023379105
2025-09-11 12:30:00+00:00,CPI,Surprise + State,-0.8125014898375039,-3.811411411760446,0.9001792729908075,0.13829384225789618,0.0,True,9.480539713360871,22.334586393612298,1.985134723725365,rv_20d,0.06790123456790123,114,-0.0,0.0,-0.0
2025-09-26 12:30:00+00:00,PCE,Surprise + State,-0.23689031757122087,6.362870992262515,0.8845577211394302,-0.5732481668496642,0.0,True,-2.134315796505371,-9.970014918447234,-0.818465675245195,rv_20d,0.043209876543209874,111,0.0,0.0,0.0
2025-10-24 12:30:00+00:00,CPI,Surprise + State,0.847953082809842,-20.894818723995456,0.8682216172467073,8.678818109826668,1.0,True,9.503720030856135,22.213284857593468,1.9748189096680548,rv_20d,0.5329218106995884,115,-20.894818723995456,0.8682216172467073,-21.763040341242164
2025-11-20 13:30:00+00:00,NFP,Surprise + State,-0.0023105936820798033,17.006806820170084,0.8753384518378398,-0.006185859833417422,0.0,True,2.5770018804132473,-12.170833821653646,-2.9640373534841316,rv_20d,0.49176954732510286,115,0.0,0.0,0.0
2025-12-05 15:00:00+00:00,PCE,Surprise + State,-0.2361261464815725,14.866656109440157,0.8563445698319968,0.7176733159788993,0.0,True,-2.1400931384574897,-9.932855748177058,-0.8154247335232865,rv_20d,0.5905349794238683,112,0.0,0.0,0.0
2025-12-16 13:30:00+00:00,NFP,Surprise + State,,-25.661719485974288,0.8660868288744541,,0.0,False,,,,,,116,-0.0,0.0,-0.0
2026-01-09 13:30:00+00:00,NFP,Surprise + State,-0.11728348610816007,12.531105630060324,0.8458781362007167,-0.8196508769949971,0.0,True,2.5767934339037124,-12.182684768302964,-2.9933810385286987,rv_20d,0.13786008230452676,116,0.0,0.0,0.0
2026-01-13 13:30:00+00:00,CPI,Surprise + State,0.01505420514787327,-14.946090110150578,0.8419250115943063,0.027812377722851472,0.0,True,9.251919678112515,21.899184454283144,1.9701802435687892,rv_20d,0.16188524590163936,116,-0.0,0.0,-0.0
2026-02-11 13:30:00+00:00,NFP,Surprise + State,-0.002974276950318473,33.246969582805264,0.8462117680806052,-0.0044691319796560935,0.0,True,2.575748035336419,-12.179045564371247,-2.9853167810416585,rv_20d,0.5881147540983607,117,0.0,0.0,0.0
2026-02-13 13:30:00+00:00,CPI,Surprise + State,0.8462769813651695,-7.2912872351338365,0.8626992250328995,11.125905903548338,1.0,True,9.222596373773499,22.01210007173721,1.9802071415228104,rv_20d,0.6782786885245902,117,-7.2912872351338365,0.8626992250328995,-8.153986460166736
2026-02-20 13:30:00+00:00,PCE,Surprise + State,-1.874584816789142,-9.104649462656766,0.8580570098894706,2.4553781972677955,1.0,True,-2.1400638720942973,-9.881866664300702,-0.80984209609928,rv_20d,0.41598360655737704,113,-9.104649462656766,0.8580570098894706,-9.962706472546238
2026-03-06 13:30:00+00:00,NFP,Surprise + State,-0.288041446580229,-37.365242045162006,0.8678065820922964,-0.5611953231375533,0.0,True,2.5731830852355175,-12.19743504373391,-3.0647700842101426,rv_20d,0.5512295081967213,118,-0.0,0.0,-0.0
2026-03-11 12:30:00+00:00,CPI,Surprise + State,-0.07257360225559249,-22.86305295641,0.8689568835376854,-0.448819410045839,0.0,True,9.071151536768646,21.67333635441451,1.9808213736331157,rv_20d,0.3668032786885246,118,-0.0,0.0,-0.0
2026-03-13 12:30:00+00:00,PCE,Surprise + State,-0.21994435368833912,1.8629953292759183,0.880071599045346,0.4338860826016837,0.0,True,-1.9930866639268894,-9.944573830226831,-0.8135069859071763,rv_20d,0.4979508196721312,114,0.0,0.0,0.0
2026-04-09 12:30:00+00:00,PCE,Surprise + State,-0.21926095603584936,1.4691838710234606,0.866786645609138,1.2969829716734629,1.0,True,-1.9930632812443336,-9.92803053117864,-0.8123590276477882,rv_20d,0.8950617283950617,115,1.4691838710234606,0.866786645609138,0.6023972254143226
2026-04-10 12:30:00+00:00,CPI,Surprise + State,0.3863432136330373,-9.81836112256218,0.8584627696336983,6.8448801225462725,1.0,True,9.048421213124293,21.716372917645298,1.9866536415934621,rv_20d,0.8991769547325102,119,-9.81836112256218,0.8584627696336983,-10.676823892195879
2026-04-30 12:30:00+00:00,PCE,Surprise + State,-0.21858389123884375,-6.244579561140995,0.8183930367236536,0.21551919216286552,0.0,True,-1.9835423882058012,-9.934914017309346,-0.8120622868265317,rv_20d,0.39959016393442626,116,-0.0,0.0,-0.0
2026-05-08 12:30:00+00:00,NFP,Surprise + State,-0.02209025678682834,-5.405222928125397,0.7971895689771653,-0.122919477437807,0.0,True,2.585321345393391,-12.216809927116755,-3.004320616518611,rv_20d,0.25614754098360654,119,-0.0,0.0,-0.0
2026-05-12 12:30:00+00:00,CPI,Surprise + State,0.009048380436151223,19.22461341855808,0.7964900438744515,0.028295819626898686,0.0,True,8.986823760133788,21.500084681405998,1.9939715144105572,rv_20d,0.22745901639344263,120,0.0,0.0,0.0
2026-05-28 12:30:00+00:00,PCE,Surprise + State,1.4256193886011588,13.606573077424855,0.7840531561461794,0.9877800935201434,1.0,True,-1.981982454935202,-9.964365096595952,-0.8152234092388805,rv_20d,0.23155737704918034,117,13.606573077424855,0.7840531561461794,12.822519921278676
2026-06-05 12:30:00+00:00,NFP,Surprise + State,0.024028750728270636,-9.598359086666619,0.7805523400033073,0.17086573726006926,0.0,True,2.5842027234902014,-12.204541715021882,-2.9973237296301236,rv_20d,0.1290983606557377,120,-0.0,0.0,-0.0
2026-06-10 12:30:00+00:00,CPI,Surprise + State,0.009025267637695652,3.74206940804811,0.8039790147850377,0.11181732973009079,0.0,True,9.006250576657123,21.441033173983747,1.988531603070934,rv_20d,0.6577868852459017,121,0.0,0.0,0.0
2026-06-25 12:30:00+00:00,PCE,Surprise + State,1.4130475363822363,-8.67794854364945,0.7893504582246305,-8.776864551209242,-1.0,True,-1.8638362867577627,-10.24909718323669,-0.8387435110713996,rv_20d,0.9241803278688525,118,8.67794854364945,0.7893504582246305,7.888598085424819
2016-01-08 13:30:00+00:00,NFP,Surprise + State filter,1.6142593236792937,-16.61873185295981,3.0248654191233015,,0.0,False,,,,,,0,-0.0,0.0,-0.0
2016-01-20 13:30:00+00:00,CPI,Surprise + State filter,0.8034072020471136,12.204218749847229,3.2013022246337495,,0.0,False,,,,,,0,0.0,0.0,0.0
2016-02-01 13:30:00+00:00,PCE,Surprise + State filter,1.3212240511473,10.434329888919791,3.0801357347950926,,0.0,False,,,,,,0,0.0,0.0,0.0
2016-02-05 13:30:00+00:00,NFP,Surprise + State filter,-0.5662977961971637,-19.727763352150873,3.0906233630172864,,0.0,False,,,,,,1,-0.0,0.0,-0.0
2016-02-19 13:30:00+00:00,CPI,Surprise + State filter,-1.1647750851392003,-13.113036235150588,3.0881968071185555,,0.0,False,,,,,,1,-0.0,0.0,-0.0
2016-02-26 15:00:00+00:00,PCE,Surprise + State filter,-2.1146814105422513,-19.20246381512669,3.017131168499105,,0.0,False,,,,,,1,-0.0,0.0,-0.0
2016-03-04 13:30:00+00:00,NFP,Surprise + State filter,0.8511296176546844,-38.85447013824539,2.958505703898709,,0.0,False,,,,,,2,-0.0,0.0,-0.0
2016-03-16 12:30:00+00:00,CPI,Surprise + State filter,-0.1690515651424326,-21.132458607198146,2.9284030276709268,,0.0,False,,,,,,2,-0.0,0.0,-0.0
2016-03-28 12:30:00+00:00,PCE,Surprise + State filter,-0.3589718295271186,-6.149683485121571,2.9028290282902827,,0.0,False,,,,,,2,-0.0,0.0,-0.0
2016-04-01 12:30:00+00:00,NFP,Surprise + State filter,0.23256549524665046,-26.937692302420047,2.8868501529051986,,0.0,False,,,,,,3,-0.0,0.0,-0.0
2016-04-14 12:30:00+00:00,CPI,Surprise + State filter,0.8159070832843519,10.830977651874463,2.843030960125286,,0.0,False,,,,,,3,0.0,0.0,0.0
2016-04-29 12:30:00+00:00,PCE,Surprise + State filter,-0.3548908737688326,-24.183808642819216,2.8495532480077275,,0.0,False,,,,,,3,-0.0,0.0,-0.0
2016-05-06 12:30:00+00:00,NFP,Surprise + State filter,-0.5970295853454834,-18.428655624038726,2.8942850134903115,,0.0,False,,,,,,4,-0.0,0.0,-0.0
2016-05-17 12:30:00+00:00,CPI,Surprise + State filter,-1.165117912908518,-7.285090171640363,2.8637301298386113,,0.0,False,,,,,,4,-0.0,0.0,-0.0
2016-05-31 12:30:00+00:00,PCE,Surprise + State filter,-0.3509464824958188,-2.380952392195823,2.8081865778200856,,0.0,False,,,,,,4,-0.0,0.0,-0.0
2016-06-03 12:30:00+00:00,NFP,Surprise + State filter,-1.9555484666489378,-15.502954628470178,2.802850356294537,,0.0,False,,,,,,5,-0.0,0.0,-0.0
2016-06-16 12:30:00+00:00,CPI,Surprise + State filter,0.820318465725177,3.637024953713208,2.8619936939121997,,0.0,False,,,,,,5,0.0,0.0,0.0
2016-06-29 12:30:00+00:00,PCE,Surprise + State filter,-0.3471306674377593,14.687885137503187,2.890385793018983,,0.0,False,,,,,,5,0.0,0.0,0.0
2016-07-08 12:30:00+00:00,NFP,Surprise + State filter,1.8450710388339822,14.239945446492541,2.8138786216764036,,0.0,False,,,,,,6,0.0,0.0,0.0
2016-07-15 12:30:00+00:00,CPI,Surprise + State filter,0.8115726727885837,1.1570726076026716,2.7343297416290118,,0.0,False,,,,,,6,0.0,0.0,0.0
2016-08-02 12:30:00+00:00,PCE,Surprise + State filter,1.357394389268374,-3.472021329935515,2.7311653743779654,,0.0,False,,,,,,6,-0.0,0.0,-0.0
2016-08-05 12:30:00+00:00,NFP,Surprise + State filter,1.2796377681502662,15.005485588135414,2.72895467160037,,0.0,False,,,,,,7,0.0,0.0,0.0
2016-08-16 12:30:00+00:00,CPI,Surprise + State filter,-0.18513874292076055,-3.4374105179502124,2.7036315729178595,,0.0,False,,,,,,7,-0.0,0.0,-0.0
2016-08-29 12:30:00+00:00,PCE,Surprise + State filter,-0.36621496105815404,1.151874677312037,2.718580808662596,,0.0,False,,,,,,7,0.0,0.0,0.0
2016-09-02 12:30:00+00:00,NFP,Surprise + State filter,-0.40888888651079935,26.477883425233273,2.7239150507848566,,0.0,False,,,,,,8,0.0,0.0,0.0
2016-09-16 12:30:00+00:00,CPI,Surprise + State filter,-1.1782923846276343,17.522345468030665,2.7553998832457673,,0.0,False,,,,,,8,0.0,0.0,0.0
2016-09-30 12:30:00+00:00,PCE,Surprise + State filter,1.3393576888346368,8.139062131764518,2.74482437776227,,0.0,False,,,,,,8,0.0,0.0,0.0
2016-10-07 12:30:00+00:00,NFP,Surprise + State filter,-0.1964152932718881,6.954909286953637,2.7403622851834646,,0.0,False,,,,,,9,0.0,0.0,0.0
2016-10-18 12:30:00+00:00,CPI,Surprise + State filter,-0.16901430640024803,2.3397286021609176,2.7624956104412965,,0.0,False,,,,,,9,0.0,0.0,0.0
2016-10-31 12:30:00+00:00,PCE,Surprise + State filter,-0.3840686609153908,4.702010195956063,2.7751646284101597,,0.0,False,,,,,,9,0.0,0.0,0.0
2016-11-04 12:30:00+00:00,NFP,Surprise + State filter,-0.1303193272493761,19.18925990609388,2.8310940499040305,,0.0,False,,,,,,10,0.0,0.0,0.0
2016-11-17 13:30:00+00:00,CPI,Surprise + State filter,-0.16796381350875023,5.750762134448806,2.714515757994019,,0.0,False,,,,,,10,0.0,0.0,0.0
2016-11-30 13:30:00+00:00,PCE,Surprise + State filter,1.3230170925284488,4.525910916814979,2.6714964908308807,,0.0,False,,,,,,10,0.0,0.0,0.0
2016-12-02 13:30:00+00:00,NFP,Surprise + State filter,0.033610480884534014,3.425244082126966,2.6940639269406392,,0.0,False,,,,,,11,0.0,0.0,0.0
2016-12-15 13:30:00+00:00,CPI,Surprise + State filter,-0.1669325545533029,11.081561417709551,2.6175687666370893,,0.0,False,,,,,,11,0.0,0.0,0.0
2016-12-22 15:00:00+00:00,PCE,Surprise + State filter,2.9838886430672513,0.0,2.6149584487534625,,0.0,False,,,,,,11,0.0,0.0,0.0
2017-01-06 13:30:00+00:00,NFP,Surprise + State filter,-0.24560763540543862,11.036310578296238,2.607446690973373,,0.0,False,,,,,,12,0.0,0.0,0.0
2017-01-18 13:30:00+00:00,CPI,Surprise + State filter,-0.1659201234598231,-2.2058012662551363,2.6014109347442678,,0.0,False,,,,,,12,-0.0,0.0,-0.0
2017-01-30 13:30:00+00:00,PCE,Surprise + State filter,-0.4243384371886906,7.67417677305815,2.587719298245614,,0.0,False,,,,,,12,0.0,0.0,0.0
2017-02-03 13:30:00+00:00,NFP,Surprise + State filter,0.8452794369339985,16.42126374812314,2.588570801798837,,0.0,False,,,,,,13,0.0,0.0,0.0
2017-02-15 13:30:00+00:00,CPI,Surprise + State filter,-3.2124696574381035,-7.500670054305658,2.5270371560124207,,0.0,False,,,,,,13,-0.0,0.0,-0.0
2017-03-01 13:30:00+00:00,PCE,Surprise + State filter,1.1790960725118012,1.0503650028059752,2.4784709094727995,,0.0,False,,,,,,13,0.0,0.0,0.0
2017-03-10 13:30:00+00:00,NFP,Surprise + State filter,0.6384882035084962,3.1544083117385213,2.4839490579938954,,0.0,False,,,,,,14,0.0,0.0,0.0
2017-03-15 12:30:00+00:00,CPI,Surprise + State filter,-1.086149736630413,6.325110900311515,2.4894514767932487,,0.0,False,,,,,,14,0.0,0.0,0.0
2017-03-31 12:30:00+00:00,PCE,Surprise + State filter,-0.4384274479644154,0.0,2.4978831498729885,,0.0,False,,,,,,14,0.0,0.0,0.0
2017-04-07 12:30:00+00:00,NFP,Surprise + State filter,-1.3078965412877368,12.774112871811738,2.508770064845328,,0.0,False,,,,,,15,0.0,0.0,0.0
2017-05-01 12:30:00+00:00,PCE,Surprise + State filter,-0.4341842117614949,-3.143171485877616,2.471721826560536,,0.0,False,,,,,,15,-0.0,0.0,-0.0
2017-05-05 12:30:00+00:00,NFP,Surprise + State filter,0.4142854976008267,7.327924954978471,2.472757753562447,,0.0,False,,,,,,16,0.0,0.0,0.0
2017-05-12 12:30:00+00:00,CPI,Surprise + State filter,-0.13514617301327977,9.42063187900466,2.471204188481675,,0.0,False,,,,,,15,0.0,0.0,0.0
2017-05-30 12:30:00+00:00,PCE,Surprise + State filter,-0.4300621707383414,3.112194641019528,2.44914902449149,,0.0,False,,,,,,16,0.0,0.0,0.0
2017-06-02 12:30:00+00:00,NFP,Surprise + State filter,-0.6677396065852849,-4.111419525489879,2.423744479819246,,0.0,False,,,,,,17,-0.0,0.0,-0.0
2017-06-14 12:30:00+00:00,CPI,Surprise + State filter,0.7999778667585382,9.213288259850572,2.4165472045873435,,0.0,False,,,,,,16,0.0,0.0,0.0
2017-06-30 12:30:00+00:00,PCE,Surprise + State filter,-0.4260556508599551,-6.188757288807523,2.4342444559051057,,0.0,False,,,,,,17,-0.0,0.0,-0.0
2017-07-07 12:30:00+00:00,NFP,Surprise + State filter,0.8034356423152486,0.0,2.448640796845819,,0.0,False,,,,,,18,0.0,0.0,0.0
2017-07-14 12:30:00+00:00,CPI,Surprise + State filter,0.7927260050565855,10.214505484649194,2.412594561439378,,0.0,False,,,,,,17,0.0,0.0,0.0
2017-08-01 12:30:00+00:00,PCE,Surprise + State filter,-0.422159343805065,8.08489179966898,2.385525118770848,,0.0,False,,,,,,18,0.0,0.0,0.0
2017-08-04 12:30:00+00:00,NFP,Surprise + State filter,0.5458452330557173,-4.040812258239157,2.3848019401778493,,0.0,False,,,,,,19,-0.0,0.0,-0.0
2017-08-11 12:30:00+00:00,CPI,Surprise + State filter,0.7856685090657263,16.405212333037156,2.42225187313969,,0.0,False,,,,,,18,0.0,0.0,0.0
2017-08-31 12:30:00+00:00,PCE,Surprise + State filter,-0.4183682771652557,4.062563533437924,2.397642995021843,,0.0,False,,,,,,19,0.0,0.0,0.0
2017-09-01 12:30:00+00:00,NFP,Surprise + State filter,-0.34604558050796347,3.0301500156149075,2.3831162274058366,,0.0,False,,,,,,20,0.0,0.0,0.0
2017-09-14 12:30:00+00:00,CPI,Surprise + State filter,-1.1017624856808288,0.0,2.3673387501253886,,0.0,False,,,,,,19,0.0,0.0,0.0
2017-09-29 12:30:00+00:00,PCE,Surprise + State filter,1.24403333303221,-3.9896270228112485,2.353879912228207,,0.0,False,,,,,,20,-0.0,0.0,-0.0
2017-10-06 12:30:00+00:00,NFP,Surprise + State filter,-1.8424473560997108,-13.7524579631787,2.3159960745829244,,0.0,False,,,,,,21,-0.0,0.0,-0.0
2017-10-13 12:30:00+00:00,CPI,Surprise + State filter,0.7897822256401897,4.895481568372162,2.3114593535749264,,0.0,False,,,,,,20,0.0,0.0,0.0
2017-10-30 12:30:00+00:00,PCE,Surprise + State filter,-0.43153418183276016,-0.971675655438986,2.293043140303148,,0.0,False,,,,,,21,-0.0,0.0,-0.0
2017-11-03 12:30:00+00:00,NFP,Surprise + State filter,-0.7859021766829931,-3.8778478430501195,2.287930198739699,,0.0,False,,,,,,22,-0.0,0.0,-0.0
2017-11-15 13:30:00+00:00,CPI,Surprise + State filter,-0.15820077948038003,-6.81563728250012,2.2968369829683697,,0.0,False,,,,,,21,-0.0,0.0,-0.0
2017-11-30 13:30:00+00:00,PCE,Surprise + State filter,-0.42780275982372784,0.0,2.240577233456755,,0.0,False,,,,,,22,0.0,0.0,0.0
2017-12-08 13:30:00+00:00,NFP,Surprise + State filter,0.6370043888724991,6.6103217856294805,2.229991495795143,,0.0,False,,,,,,23,0.0,0.0,0.0
2017-12-13 13:30:00+00:00,CPI,Surprise + State filter,-0.1573539546812662,9.37822445177261,2.213676015383172,,0.0,False,,,,,,22,0.0,0.0,0.0
2017-12-22 13:30:00+00:00,PCE,Surprise + State filter,1.2482623178131573,-1.8597731130398643,2.1947363526457733,,0.0,False,,,,,,23,-0.0,0.0,-0.0
2018-01-05 13:30:00+00:00,NFP,Surprise + State filter,-0.621220884870033,10.068189949397066,2.1587998536406876,,0.0,False,,,,,,24,0.0,0.0,0.0
2018-01-12 13:30:00+00:00,CPI,Surprise + State filter,-0.15652048446517022,-10.827394362813436,2.126700910155898,,0.0,False,,,,,,23,-0.0,0.0,-0.0
2018-01-29 13:30:00+00:00,PCE,Surprise + State filter,-0.4402926559951366,-8.721437845693458,2.0573620434138262,,0.0,False,,,,,,24,-0.0,0.0,-0.0
2018-02-02 13:30:00+00:00,NFP,Surprise + State filter,0.4228435414864092,16.048505584276285,2.1020753540571833,,0.0,False,,,,,,25,0.0,0.0,0.0
2018-02-14 13:30:00+00:00,CPI,Surprise + State filter,-2.0674616228090885,-21.746332968355375,2.205401364358471,,0.0,False,,,,,,24,-0.0,0.0,-0.0
2018-03-01 13:30:00+00:00,PCE,Surprise + State filter,-0.4366213148929902,29.495827449625978,2.1789308466438926,,0.0,False,,,,,,25,0.0,0.0,0.0
2018-03-09 13:30:00+00:00,NFP,Surprise + State filter,1.9022467250921624,37.264301244963605,2.1580102414045355,,0.0,False,,,,,,26,0.0,0.0,0.0
2018-03-13 12:30:00+00:00,CPI,Surprise + State filter,-0.1324165031997715,-0.894494387644329,2.116591928251121,,0.0,False,,,,,,25,-0.0,0.0,-0.0
2018-03-29 12:30:00+00:00,PCE,Surprise + State filter,-0.4330405906855374,-0.9551554522779782,2.2553516819571864,,0.0,False,,,,,,26,-0.0,0.0,-0.0
2018-04-06 12:30:00+00:00,NFP,Surprise + State filter,-1.2995829002724142,7.568590711333201,2.2331566994700984,,0.0,False,,,,,,27,0.0,0.0,0.0
2018-04-11 12:30:00+00:00,CPI,Surprise + State filter,0.8133579879158452,-1.8989745594666374,2.240789973414356,,0.0,False,,,,,,26,-0.0,0.0,-0.0
2018-04-30 12:30:00+00:00,PCE,Surprise + State filter,-0.4295466448744693,-0.9336632283662993,2.202519832011199,,0.0,False,,,,,,27,-0.0,0.0,-0.0
2018-05-04 12:30:00+00:00,NFP,Surprise + State filter,-0.4042211205062629,-2.8572789374869956,2.250190694126621,,0.0,False,,,,,,28,-0.0,0.0,-0.0
2018-05-10 12:30:00+00:00,CPI,Surprise + State filter,0.8066313627379722,4.623849899747512,2.185387535882952,,0.0,False,,,,,,27,0.0,0.0,0.0
2018-05-31 12:30:00+00:00,PCE,Surprise + State filter,-0.4261361668922612,-2.752419853155885,2.164144887666208,,0.0,False,,,,,,28,-0.0,0.0,-0.0
2018-06-01 12:30:00+00:00,NFP,Surprise + State filter,0.6295443548080089,21.14651640770404,2.1701149425287354,,0.0,False,,,,,,29,0.0,0.0,0.0
2018-06-12 12:30:00+00:00,CPI,Surprise + State filter,-0.14836969090721452,9.876544012730193,2.120395327942498,,0.0,False,,,,,,28,0.0,0.0,0.0
2018-06-29 12:30:00+00:00,PCE,Surprise + State filter,-0.4228058320342103,-11.912945280592169,2.161370088835974,,0.0,False,,,,,,29,-0.0,0.0,-0.0
2018-07-06 12:30:00+00:00,NFP,Surprise + State filter,0.3749571567850948,-3.6519675380652927,2.158602396414525,,0.0,False,,,,,,30,-0.0,0.0,-0.0
2018-07-12 12:30:00+00:00,CPI,Surprise + State filter,0.8054339632504349,7.169743988786337,2.1162123385939737,,0.0,False,,,,,,29,0.0,0.0,0.0
2018-07-31 12:30:00+00:00,PCE,Surprise + State filter,-0.4195525615380417,-5.338553378866351,2.0998309458136846,,0.0,False,,,,,,30,-0.0,0.0,-0.0
2018-08-03 12:30:00+00:00,NFP,Surprise + State filter,-0.5320078037025123,-8.83626460252529,2.083701218435458,,0.0,False,,,,,,31,-0.0,0.0,-0.0
2018-08-10 12:30:00+00:00,CPI,Surprise + State filter,-0.15572468844210885,-3.5211267969437188,2.077099102270727,,0.0,False,,,,,,30,-0.0,0.0,-0.0
2018-08-30 12:30:00+00:00,PCE,Surprise + State filter,0.016880010255722527,-4.295348203999794,2.026968994245469,,0.0,False,,,,,,31,-0.0,0.0,-0.0
2018-09-07 12:30:00+00:00,NFP,Surprise + State filter,0.2616225928660689,-8.713078881790182,2.052173913043478,,0.0,False,,,,,,32,-0.0,0.0,-0.0
2018-09-13 12:30:00+00:00,CPI,Surprise + State filter,0.8043331512490195,-1.7253278165441088,2.0379965457685665,,0.0,False,,,,,,31,-0.0,0.0,-0.0
2018-09-28 12:30:00+00:00,PCE,Surprise + State filter,-0.41932078998489236,3.43436081337245,2.026968994245469,,0.0,False,,,,,,32,0.0,0.0,0.0
2018-10-05 12:30:00+00:00,NFP,Surprise + State filter,-0.7870138858905067,-11.176547610585175,2.0301075268817206,,0.0,False,,,,,,33,-0.0,0.0,-0.0
2018-10-11 12:30:00+00:00,CPI,Surprise + State filter,0.7980522394154973,-16.172510263494644,2.1270842721946823,,0.0,False,,,,,,32,-0.0,0.0,-0.0
2018-10-29 12:30:00+00:00,PCE,Surprise + State filter,-0.4162236927774103,1.8535681239484347,2.188427299703264,,0.0,False,,,,,,33,0.0,0.0,0.0
2018-11-02 12:30:00+00:00,NFP,Surprise + State filter,0.9282289143639069,-3.62811795362461,2.140201324022853,,0.0,False,,,,,,34,-0.0,0.0,-0.0
2018-11-14 13:30:00+00:00,CPI,Surprise + State filter,-0.17073431842246337,14.60653902196185,2.159787681888899,,0.0,False,,,,,,33,0.0,0.0,0.0
2018-11-29 13:30:00+00:00,PCE,Surprise + State filter,-0.413194375549636,-1.8279864779913169,2.157615651855915,,0.0,False,,,,,,34,-0.0,0.0,-0.0
2018-12-07 13:30:00+00:00,NFP,Surprise + State filter,-0.6547686526365027,9.29800159966021,2.197188343729634,,0.0,False,,,,,,35,0.0,0.0,0.0
2018-12-12 13:30:00+00:00,CPI,Surprise + State filter,-0.1699188197561624,38.40934039562427,2.214299118033402,,0.0,False,,,,,,34,0.0,0.0,0.0
2019-01-04 13:30:00+00:00,NFP,Surprise + State filter,2.261740690734558,32.32326046582301,2.378552711146946,9.067467079911548,1.0,True,4.009065724049319,,,rv_20d,0.8709016393442623,36,32.32326046582301,2.378552711146946,29.944707754676067
2019-01-11 13:30:00+00:00,CPI,Surprise + State filter,-0.16911489877107314,-11.596445056802906,2.2812953117448043,,0.0,False,,,,,,35,-0.0,0.0,-0.0
2019-02-01 13:30:00+00:00,NFP,Surprise + State filter,2.3749676396538355,16.634325986970566,2.1863998517695014,12.705579938329175,1.0,True,5.349790761856899,,,rv_20d,0.5922131147540983,37,16.634325986970566,2.1863998517695014,14.447926135201065
2019-02-13 13:30:00+00:00,CPI,Surprise + State filter,0.8075888422190041,12.718024970066466,2.144674663758633,3.1001697765908687,1.0,True,3.838797188025236,,,rv_20d,0.4569672131147541,36,12.718024970066466,2.144674663758633,10.573350306307834
2019-03-01 13:30:00+00:00,PCE,Surprise + State filter,-2.108137244454332,3.570790968137061,2.106954736184269,,0.0,False,,,,,,35,0.0,0.0,0.0
2019-03-08 13:30:00+00:00,NFP,Surprise + State filter,-2.577157761426142,-9.160026288554945,2.1552511415525113,0.0,0.0,True,5.4729896607310184,,,rv_20d,0.26844262295081966,38,-0.0,0.0,-0.0
2019-03-12 12:30:00+00:00,CPI,Surprise + State filter,-0.17594973086669394,16.14350126384778,2.1196335548769536,-0.7116508462749418,0.0,True,4.044625943839124,,,rv_20d,0.35860655737704916,37,0.0,0.0,0.0
2019-03-29 12:30:00+00:00,PCE,Surprise + State filter,1.3555304283976177,7.9438637833106895,2.0838852097130243,2.044066128661409,0.0,True,1.5079455878225576,,,rv_20d,0.5594262295081968,36,0.0,0.0,0.0
2019-04-05 12:30:00+00:00,NFP,Surprise + State filter,0.36000953458674323,-4.323950428428702,2.044529151866932,1.9061224069759737,0.0,True,5.294644235364547,,,rv_20d,0.573469387755102,39,-0.0,0.0,-0.0
2019-04-10 12:30:00+00:00,CPI,Surprise + State filter,-0.6660549897418855,2.59684052531739,2.0431131503765907,-2.6594268958235867,-1.0,True,3.9928038026622805,,,rv_20d,0.463265306122449,38,-2.59684052531739,2.0431131503765907,-4.639953675693981
2019-05-03 12:30:00+00:00,NFP,Surprise + State filter,1.2218354880047635,11.086948387397655,2.015371477369769,0.0,0.0,True,5.248536118280974,,,rv_20d,0.055327868852459015,40,0.0,0.0,0.0
2019-05-10 12:30:00+00:00,CPI,Surprise + State filter,0.8147019300586259,22.787038782112745,2.0663689694422556,0.0,0.0,True,3.949848337852306,,,rv_20d,0.3094262295081967,39,0.0,0.0,0.0
2019-05-31 12:30:00+00:00,PCE,Surprise + State filter,-0.36868440449756795,11.778030806617323,2.1392313270485857,-0.6403141020960653,0.0,True,1.7367539670376515,,,rv_20d,0.694672131147541,37,0.0,0.0,0.0
2019-06-07 12:30:00+00:00,NFP,Surprise + State filter,-1.5524750423548752,7.014467626511589,2.0669118935014885,-8.255058895684437,-1.0,True,5.317353690377356,,,rv_20d,0.7069672131147541,41,-7.014467626511589,2.0669118935014885,-9.081379520013078
2019-06-12 12:30:00+00:00,CPI,Surprise + State filter,-0.17710016798500505,-6.074016413055716,2.0486111111111107,-0.7804154092924366,0.0,True,4.406632800927178,,,rv_20d,0.6454918032786885,40,-0.0,0.0,-0.0
2019-06-28 12:30:00+00:00,PCE,Surprise + State filter,-0.366294583792779,5.105948540844452,2.0083397157688707,-0.5947836223756017,0.0,True,1.6237849225531655,,,rv_20d,0.5225409836065574,38,0.0,0.0,0.0
2019-07-05 12:30:00+00:00,NFP,Surprise + State filter,1.0718570086511612,-11.70666577380075,1.9707724425887263,5.246078394163545,1.0,True,4.894382694539898,,,rv_20d,0.42008196721311475,42,-11.70666577380075,1.9707724425887263,-13.677438216389477
2019-07-11 12:30:00+00:00,CPI,Surprise + State filter,-1.1663865052088653,4.164064186760186,1.9633943427620633,0.0,0.0,True,4.438923212490667,,,rv_20d,0.21106557377049182,41,0.0,0.0,0.0
2019-07-30 12:30:00+00:00,PCE,Surprise + State filter,-0.36395092463953677,-14.96010917310997,1.9611101878012298,0.0,0.0,True,1.5775871917485709,,,rv_20d,0.1987704918032787,39,-0.0,0.0,-0.0
2019-08-02 12:30:00+00:00,NFP,Surprise + State filter,0.031497609119124026,4.246825561757817,2.0042462845010616,0.14317358325587684,0.0,True,4.545538130033744,,,rv_20d,0.35040983606557374,43,0.0,0.0,0.0
2019-08-13 12:30:00+00:00,CPI,Surprise + State filter,-0.1659081562956267,6.961364708555351,2.051638702947057,-0.7033363071519005,0.0,True,4.2393112120337655,,,rv_20d,0.6987704918032787,42,0.0,0.0,0.0
2019-08-30 12:30:00+00:00,PCE,Surprise + State filter,-0.3616517148149259,-3.397027633518235,2.0040760869565215,-0.6173694751635258,0.0,True,1.7070829471373103,,,rv_20d,0.9487704918032787,40,-0.0,0.0,-0.0
2019-09-06 12:30:00+00:00,NFP,Surprise + State filter,-0.4303607562946714,-3.3537352540236043,1.9768805495057797,-1.954980047644666,0.0,True,4.542654085090592,,,rv_20d,0.7889344262295082,44,-0.0,0.0,-0.0
2019-09-12 12:30:00+00:00,CPI,Surprise + State filter,-0.16517796464621493,2.492833117742066,1.961436170212766,-0.6985945510817736,0.0,True,4.229344710585656,,,rv_20d,0.6987704918032787,43,0.0,0.0,0.0
2019-09-27 12:30:00+00:00,PCE,Surprise + State filter,1.3657033853241398,-3.3461603123186023,1.9745649263721552,0.0,0.0,True,1.7325642459190707,,,rv_20d,0.22336065573770492,41,-0.0,0.0,-0.0
2019-10-04 12:30:00+00:00,NFP,Surprise + State filter,-0.09265768712922037,17.99871923651608,2.0343073872941986,0.0,0.0,True,4.572122763106934,,,rv_20d,0.32581967213114754,45,0.0,0.0,0.0
2019-10-10 12:30:00+00:00,CPI,Surprise + State filter,0.8325119977114724,5.145356429459014,2.0254033642293168,3.521571262607606,1.0,True,4.230054668627242,,,rv_20d,0.45286885245901637,44,5.145356429459014,2.0254033642293168,3.119953065229697
2019-10-31 12:30:00+00:00,PCE,Surprise + State filter,-0.3726587275846903,5.753503631353851,1.9404703173820095,0.0,0.0,True,1.5145271664078743,,,rv_20d,0.2889344262295082,42,0.0,0.0,0.0
2019-11-01 12:30:00+00:00,NFP,Surprise + State filter,0.742125242156633,5.742647518260924,1.941428101349128,0.0,0.0,True,4.518506809180013,,,rv_20d,0.2889344262295082,46,0.0,0.0,0.0
2019-11-13 13:30:00+00:00,CPI,Surprise + State filter,-1.1700469441557593,0.8108655994831793,1.914030819140308,0.0,0.0,True,4.179714809156855,,,rv_20d,0.006147540983606557,45,0.0,0.0,0.0
2019-11-27 15:00:00+00:00,PCE,Surprise + State filter,0.9149489511371186,0.0,1.875993640699523,0.0,0.0,True,1.4593023802411988,,,rv_20d,0.03048780487804878,43,0.0,0.0,0.0
2019-12-06 13:30:00+00:00,NFP,Surprise + State filter,1.42861497447116,27.130562444348527,1.8893603394443998,0.0,0.0,True,4.523489347842287,,,rv_20d,0.1326530612244898,47,0.0,0.0,0.0
2019-12-11 13:30:00+00:00,CPI,Surprise + State filter,-1.158461044632005,4.777830955688955,1.8795794839120739,0.0,0.0,True,4.11019285207713,,,rv_20d,0.18979591836734694,46,0.0,0.0,0.0
2020-01-10 13:30:00+00:00,NFP,Surprise + State filter,-0.20617197687041738,1.5236934358142662,1.797958250799939,0.0,0.0,True,4.962872359467559,,,rv_20d,0.11632653061224489,48,0.0,0.0,0.0
2020-01-14 13:30:00+00:00,CPI,Surprise + State filter,0.8436125672345851,10.648818226925982,1.795359452263218,0.0,0.0,True,3.934854747219479,,,rv_20d,0.13673469387755102,47,0.0,0.0,0.0
2020-01-31 13:30:00+00:00,PCE,Surprise + State filter,-2.1131396664751882,3.052270149623837,1.8015267175572518,-3.005749193541296,-1.0,True,1.4224091484473531,,,rv_20d,0.5,44,-3.052270149623837,1.8015267175572518,-4.853796867181089
2020-02-07 13:30:00+00:00,NFP,Surprise + State filter,1.0001447762026143,-29.955837573361066,1.7667315466387181,4.962297949767685,1.0,True,4.961579631109725,,,rv_20d,0.7408163265306122,49,-29.955837573361066,1.7667315466387181,-31.722569119999783
2020-02-13 13:30:00+00:00,CPI,Surprise + State filter,0.8376680323617207,7.4338391767270195,1.7552993677947193,3.375864532510574,1.0,True,4.03007444726363,,,rv_20d,0.7448979591836735,48,7.4338391767270195,1.7552993677947193,5.6785398089323005
2020-02-28 13:30:00+00:00,PCE,Surprise + State filter,1.354456856955525,-116.55942728360458,2.012621524816647,1.547992628590165,0.0,True,1.1428881035529321,,,rv_20d,0.9979591836734694,45,-0.0,0.0,-0.0
2020-03-06 13:30:00+00:00,NFP,Surprise + State filter,1.6027523818647151,3.413843167070496,2.017094017094017,7.034279830636283,1.0,True,4.388874981706333,,,rv_20d,0.9979591836734694,50,3.413843167070496,2.017094017094017,1.396749149976479
2020-03-11 12:30:00+00:00,CPI,Surprise + State filter,-1.1639324823814878,-68.45640136681652,2.1196335548769536,-4.701149312988176,-1.0,True,4.039022352369867,,,rv_20d,0.9979591836734694,49,68.45640136681652,2.1196335548769536,66.33676781193957
2020-03-27 12:30:00+00:00,PCE,Surprise + State filter,-0.36227118384366613,-87.70689384210328,2.3139523482694377,0.9020764170620063,0.0,True,-2.490058434930024,,,rv_20d,0.9979591836734694,46,-0.0,0.0,-0.0
2020-04-03 12:30:00+00:00,NFP,Surprise + State filter,-9.584675105229561,48.938924141364026,2.362598858744619,-40.821719665947114,-1.0,True,4.259061388911774,,,rv_20d,0.9775510204081632,51,-48.938924141364026,2.362598858744619,-51.301523000108645
2020-04-30 12:30:00+00:00,PCE,Surprise + State filter,-0.36017238707897786,-58.25924634551782,2.017783857729138,0.6746176245437489,0.0,True,-1.8730409346894772,,,rv_20d,0.8551020408163266,47,-0.0,0.0,-0.0
2020-05-08 12:30:00+00:00,NFP,Surprise + State filter,17.82134084487857,-19.73656623849962,2.0313306937510758,-23.05662748195861,-1.0,True,-1.2937650249018462,,,rv_20d,0.810204081632653,52,19.73656623849962,2.0313306937510758,17.705235544748543
2020-05-12 12:30:00+00:00,CPI,Surprise + State filter,-0.1633338468717922,10.227564174591919,2.012621524816647,-0.9617866990474456,0.0,True,5.888471480148224,,,rv_20d,0.8020408163265306,50,0.0,0.0,0.0
2020-05-29 12:30:00+00:00,PCE,Surprise + State filter,-2.070466433747151,-11.569293084541243,1.9491245457548727,3.0909491274493,1.0,True,-1.492875748705218,,,rv_20d,0.7204081632653061,48,-11.569293084541243,1.9491245457548727,-13.518417630296117
2020-06-05 12:30:00+00:00,NFP,Surprise + State filter,64.57555252744505,56.32030117411091,1.8825781748564134,-83.0480870009133,-1.0,True,-1.286060803980226,,,rv_20d,0.6428571428571429,53,-56.32030117411091,1.8825781748564134,-58.20287934896732
2020-06-10 12:30:00+00:00,CPI,Surprise + State filter,0.8389770540647904,5.441330928306343,1.8355759508438982,4.92860151236444,1.0,True,5.874536721219823,,,rv_20d,0.6795918367346939,51,5.441330928306343,1.8355759508438982,3.6057549774624444
2020-06-26 12:30:00+00:00,PCE,Surprise + State filter,-2.0164547174799274,-24.47781901032897,1.9238607646531343,2.254906542272685,1.0,True,-1.118253002522548,,,rv_20d,0.8224489795918367,49,-24.47781901032897,1.9238607646531343,-26.401679774982107
2020-07-02 12:30:00+00:00,NFP,Surprise + State filter,1.641547953530035,19.09004715923146,1.8875469887227065,1.0114209532777543,0.0,True,0.6161385362533964,,,rv_20d,0.826530612244898,54,0.0,0.0,0.0
2020-07-14 12:30:00+00:00,CPI,Surprise + State filter,-1.1723852919766982,-48.503255745799834,1.8688628444726005,-6.82762527685418,-1.0,True,5.823704309137549,,,rv_20d,0.6890243902439024,52,48.503255745799834,1.8688628444726005,46.63439290132723
2020-07-31 12:30:00+00:00,PCE,Surprise + State filter,0.29050201998543845,-8.444973823458213,1.8109269490484958,0.0,0.0,True,-0.3607737686218621,,,rv_20d,0.32723577235772355,50,-0.0,0.0,-0.0
2020-08-07 12:30:00+00:00,NFP,Surprise + State filter,0.2042193271067664,-17.98696430384439,1.7708411495460343,0.0,0.0,True,0.6166113142107376,,,rv_20d,0.28252032520325204,55,-0.0,0.0,-0.0
2020-08-12 12:30:00+00:00,CPI,Surprise + State filter,-3.1643008322851895,11.183598556137042,1.7600119322842867,0.0,0.0,True,6.983747210500597,,,rv_20d,0.2540650406504065,53,0.0,0.0,0.0
2020-08-28 12:30:00+00:00,PCE,Surprise + State filter,1.3559572550269576,-11.445741288191869,1.6870398169990706,0.0,0.0,True,-0.38003574610916463,,,rv_20d,0.1443089430894309,51,-0.0,0.0,-0.0
2020-09-04 12:30:00+00:00,NFP,Surprise + State filter,-0.08549110617815014,33.25144020784876,1.7072994284887506,-0.05322532833148115,0.0,True,0.6225832219385238,,,rv_20d,0.5526315789473685,56,0.0,0.0,0.0
2020-09-11 12:30:00+00:00,CPI,Surprise + State filter,-1.0987651213117418,-16.378800564496032,1.7558217394539097,-5.606257391226242,-1.0,True,5.102325585775155,,,rv_20d,0.6321138211382114,54,16.378800564496032,1.7558217394539097,14.622978825042122
2020-10-01 12:30:00+00:00,PCE,Surprise + State filter,-0.3232204397783153,-13.316566294285792,1.7447878160579624,0.16548592962881156,0.0,True,-0.5119909178463841,,,rv_20d,0.676829268292683,52,-0.0,0.0,-0.0
2020-10-02 12:30:00+00:00,NFP,Surprise + State filter,-0.32757294004979853,-21.095464765892302,1.773769259676813,-0.20053223194310454,0.0,True,0.6121758162094192,,,rv_20d,0.6605691056910569,57,-0.0,0.0,-0.0
2020-10-13 12:30:00+00:00,CPI,Surprise + State filter,-0.1222113648828133,-11.349128753970206,1.6732841747022122,-0.6523014721234115,0.0,True,5.33748618836631,,,rv_20d,0.5020325203252033,55,-0.0,0.0,-0.0
2020-10-30 12:30:00+00:00,PCE,Surprise + State filter,-0.3214984227491263,29.007653928054822,1.803867614461515,0.15458028888925346,0.0,True,-0.4808119665640678,,,rv_20d,0.5670731707317073,53,0.0,0.0,0.0
2020-11-06 13:30:00+00:00,NFP,Surprise + State filter,-0.041828857834390075,47.96859027862865,1.6973532796317605,-0.025996466193095702,0.0,True,0.6214959608990903,,,rv_20d,0.6036585365853658,58,0.0,0.0,0.0
2020-11-12 13:30:00+00:00,CPI,Surprise + State filter,0.8491717707533857,17.576550382223388,1.6602180794934926,4.521011752883071,1.0,True,5.324025018957032,,,rv_20d,0.5630081300813008,56,17.576550382223388,1.6602180794934926,15.916332302729895
2020-11-25 15:00:00+00:00,PCE,Surprise + State filter,-0.3198036664251847,0.0,1.6289342904472666,0.1990353917085933,0.0,True,-0.622367447920288,,,rv_20d,0.5548780487804879,54,0.0,0.0,0.0
2020-12-04 13:30:00+00:00,NFP,Surprise + State filter,-0.3460798058020594,-2.041302357973507,1.6053329705462211,0.0,0.0,True,0.6071455201661737,,,rv_20d,0.3231707317073171,59,-0.0,0.0,-0.0
2020-12-10 13:30:00+00:00,CPI,Surprise + State filter,-1.1003323497938022,-35.52644304996022,1.6092737811114899,0.0,0.0,True,5.542375435621811,,,rv_20d,0.241869918699187,57,-0.0,0.0,-0.0
2020-12-23 13:30:00+00:00,PCE,Surprise + State filter,1.364273206507212,6.782880270925773,1.6011941108623378,0.0,0.0,True,-0.6432107167097125,,,rv_20d,0.1565040650406504,55,0.0,0.0,0.0
2021-01-08 13:30:00+00:00,NFP,Surprise + State filter,-0.3166483412835174,6.572029679219327,1.5500821018062396,0.0,0.0,True,0.6091944088784879,,,rv_20d,0.18902439024390244,60,0.0,0.0,0.0
2021-01-13 13:30:00+00:00,CPI,Surprise + State filter,-0.11993165974022327,3.961442016660044,1.559299636603898,0.0,0.0,True,6.093754135193933,,,rv_20d,0.16869918699186992,58,0.0,0.0,0.0
2021-01-29 13:30:00+00:00,PCE,Surprise + State filter,-2.0053740825460937,37.25390152109043,1.574172892209178,0.0,0.0,True,-0.31696835734458956,,,rv_20d,0.31910569105691056,56,0.0,0.0,0.0
2021-02-05 13:30:00+00:00,NFP,Surprise + State filter,-0.1649085855030971,-0.6443091397301259,1.5201288244766504,-0.1002644135350196,0.0,True,0.6079999608821857,,,rv_20d,0.37601626016260165,61,-0.0,0.0,-0.0
2021-02-10 13:30:00+00:00,CPI,Surprise + State filter,-0.11947685719106668,14.661357207970127,1.50587034201123,0.0,0.0,True,6.096906157544429,,,rv_20d,0.31097560975609756,59,0.0,0.0,0.0
2021-02-26 13:30:00+00:00,PCE,Surprise + State filter,-0.3066559924982575,29.307390152446544,1.5416775542200156,0.0,0.0,True,-1.6097095967572097,,,rv_20d,0.28252032520325204,57,0.0,0.0,0.0
2021-03-05 13:30:00+00:00,NFP,Surprise + State filter,0.10051546581221242,65.4872523946537,1.561156314083482,0.0,0.0,True,0.6093358044184704,,,rv_20d,0.3231707317073171,62,0.0,0.0,0.0
2021-03-10 13:30:00+00:00,CPI,Surprise + State filter,-0.11902719013235194,24.442026704889486,1.5233668990446683,-0.7273420084270902,0.0,True,6.110721488244193,,,rv_20d,0.42073170731707316,60,0.0,0.0,0.0
2021-03-26 12:30:00+00:00,PCE,Surprise + State filter,1.354526371517124,10.874781177285797,1.5108834827144686,-2.3236818903325216,-1.0,True,-1.7154940200462132,,,rv_20d,0.47764227642276424,58,-10.874781177285797,1.5108834827144686,-12.385664660000266
2021-04-13 12:30:00+00:00,CPI,Surprise + State filter,-1.1007080946219612,26.110468123761166,1.435261205376148,0.0,0.0,True,6.133935691159238,,,rv_20d,0.16869918699186992,61,0.0,0.0,0.0
2021-04-30 12:30:00+00:00,PCE,Surprise + State filter,-0.31634349588250377,-3.5857288377982854,1.4100495907271313,0.0,0.0,True,-1.324806580577477,,,rv_20d,0.05894308943089431,59,-0.0,0.0,-0.0
2021-05-07 12:30:00+00:00,NFP,Surprise + State filter,-0.9371711013313,-2.9704441032052387,1.4026745913818721,0.0,0.0,True,0.5930182917663194,,,rv_20d,0.06707317073170732,63,-0.0,0.0,-0.0
2021-05-12 12:30:00+00:00,CPI,Surprise + State filter,-5.998741616835394,36.47863967323417,1.4281391830559758,0.0,0.0,True,5.612697385866889,,,rv_20d,0.17276422764227642,62,0.0,0.0,0.0
2021-05-28 12:30:00+00:00,PCE,Surprise + State filter,-0.3147710660260314,-6.531484957399414,1.4010923771075754,0.4166222955627373,0.0,True,-1.3235724008009138,,,rv_20d,0.37044534412955465,60,-0.0,0.0,-0.0
2021-06-04 12:30:00+00:00,NFP,Surprise + State filter,-0.22898401033391952,7.132667920117797,1.4063524223824562,-0.13655647494879203,0.0,True,0.5963581245243125,,,rv_20d,0.3719512195121951,64,0.0,0.0,0.0
2021-06-10 12:30:00+00:00,CPI,Surprise + State filter,-1.2857519574681133,46.79687478692074,1.39835278781774,0.0,0.0,True,1.1710646810938987,,,rv_20d,0.31910569105691056,63,0.0,0.0,0.0
2021-06-25 12:30:00+00:00,PCE,Surprise + State filter,1.353890520300208,5.278437705058536,1.3854643653868732,0.0,0.0,True,-1.3121982478736363,,,rv_20d,0.006097560975609756,61,0.0,0.0,0.0
2021-07-02 12:30:00+00:00,NFP,Surprise + State filter,0.052207519745368525,9.838248428053475,1.367402514630048,0.0,0.0,True,0.5954237261885666,,,rv_20d,0.026422764227642278,65,0.0,0.0,0.0
2021-07-13 12:30:00+00:00,CPI,Surprise + State filter,-3.5455463257141377,-17.7706487191287,1.3483402845226533,0.0,0.0,True,0.6545269554086852,,,rv_20d,0.06300813008130081,64,-0.0,0.0,-0.0
2021-07-30 12:30:00+00:00,PCE,Surprise + State filter,1.3368933041672204,7.414378529979615,1.3469550824724614,-1.441283500719321,-1.0,True,-1.0780841644031776,,,rv_20d,0.3394308943089431,62,-7.414378529979615,1.3469550824724614,-8.761333612452077
2021-08-06 12:30:00+00:00,NFP,Surprise + State filter,-0.013168586432633885,-11.299436230487458,1.3341624738538074,-0.007822665614194748,0.0,True,0.5940398883519433,,,rv_20d,0.3475609756097561,66,-0.0,0.0,-0.0
2021-08-11 12:30:00+00:00,CPI,Surprise + State filter,-0.023558568354873046,8.455230063226793,1.3331073829294469,0.0,0.0,True,1.2565525290961612,,,rv_20d,0.25,65,0.0,0.0,0.0
2021-08-27 12:30:00+00:00,PCE,Surprise + State filter,-0.3347998796911022,3.3495227243207637,1.317993968502178,0.0,0.0,True,-0.8239643731173433,,,rv_20d,0.1402439024390244,63,0.0,0.0,0.0
2021-09-03 12:30:00+00:00,NFP,Surprise + State filter,-0.6679411690796805,-3.304874720235773,1.2987012987012987,0.0,0.0,True,0.5982593976052082,,,rv_20d,0.09959349593495935,67,-0.0,0.0,-0.0
2021-09-14 12:30:00+00:00,CPI,Surprise + State filter,0.8192117877682124,1.6735934880429681,1.3207230399015053,0.0,0.0,True,1.2742797617884092,,,rv_20d,0.17276422764227642,66,0.0,0.0,0.0
2021-10-01 12:30:00+00:00,PCE,Surprise + State filter,-1.9950474862945664,-19.705581895266278,1.365977889679921,1.6968594334053553,1.0,True,-0.8505358619593358,,,rv_20d,0.5467479674796748,64,-19.705581895266278,1.365977889679921,-21.0715597849462
2021-10-08 12:30:00+00:00,NFP,Surprise + State filter,-0.44428519767740043,15.919948779696824,1.341518872214643,-0.2670869296070215,0.0,True,0.6011609907403572,,,rv_20d,0.6727642276422764,68,0.0,0.0,0.0
2021-10-13 12:30:00+00:00,CPI,Surprise + State filter,-0.8730123949613188,-32.21355753947108,1.3567896975968723,-1.0882152065882593,0.0,True,1.246506020841177,,,rv_20d,0.6727642276422764,67,-0.0,0.0,-0.0
2021-10-29 12:30:00+00:00,PCE,Surprise + State filter,-0.3118249463231859,-10.952303816438302,1.2916643861857586,0.11323502181194094,0.0,True,-0.3631365070278256,,,rv_20d,0.37601626016260165,65,-0.0,0.0,-0.0
2021-11-05 12:30:00+00:00,NFP,Surprise + State filter,0.0039393692891312405,17.592029485662408,1.2593383137673424,0.0,0.0,True,0.596945952410958,,,rv_20d,0.16463414634146342,69,0.0,0.0,0.0
2021-11-10 13:30:00+00:00,CPI,Surprise + State filter,-2.556455404982467,-1.6085359676409894,1.2637892256613472,0.0,0.0,True,1.4315779192340359,,,rv_20d,0.08739837398373984,68,-0.0,0.0,-0.0
2021-11-24 15:00:00+00:00,PCE,Surprise + State filter,1.3369344843085225,12.83422636060294,1.2642631381582472,0.0,0.0,True,-0.33916423243473776,,,rv_20d,0.07113821138211382,66,0.0,0.0,0.0
2021-12-03 13:30:00+00:00,NFP,Surprise + State filter,-0.4833671251658682,18.524577597709424,1.286945141236776,-0.28695384662765183,0.0,True,0.5936561087582924,,,rv_20d,0.5995934959349594,70,0.0,0.0,0.0
2021-12-10 13:30:00+00:00,CPI,Surprise + State filter,-0.8337716263587658,19.163212507642413,1.2598761477685243,-1.2026578441704097,0.0,True,1.442430764192154,,,rv_20d,0.7947154471544715,69,0.0,0.0,0.0
2021-12-23 13:30:00+00:00,PCE,Surprise + State filter,-0.320719690291463,-3.725088513917285,1.255786729101261,0.005415743977660775,0.0,True,-0.016886222273222656,,,rv_20d,0.9979674796747967,67,-0.0,0.0,-0.0
2022-01-07 13:30:00+00:00,NFP,Surprise + State filter,-0.3780124387835242,-39.47303359687737,1.2578616352201257,-0.22251954486315478,0.0,True,0.5886566737836495,,,rv_20d,0.8366935483870968,71,-0.0,0.0,-0.0
2022-01-12 13:30:00+00:00,CPI,Surprise + State filter,-0.828879460574073,31.77295619362752,1.251259212130852,-1.1304718736856585,0.0,True,1.3638555754569015,,,rv_20d,0.8125,70,0.0,0.0,0.0
2022-01-28 13:30:00+00:00,PCE,Surprise + State filter,-0.31922917712759896,41.81433585358718,1.3784241574674376,0.00491702037386044,0.0,True,-0.015402791242653426,,,rv_20d,0.5423387096774194,68,0.0,0.0,0.0
2022-02-04 13:30:00+00:00,NFP,Surprise + State filter,0.3137581071235987,-23.580944058245734,1.3192464643076751,0.18914164752221735,0.0,True,0.6028263277599033,,,rv_20d,0.9899193548387096,72,-0.0,0.0,-0.0
2022-02-10 13:30:00+00:00,CPI,Surprise + State filter,-1.6544445730650783,-56.62000119091459,1.2891947995192832,-2.042306249039587,-1.0,True,1.234436186191444,,,rv_20d,0.9979838709677419,71,56.62000119091459,1.2891947995192832,55.330806391395306
2022-02-25 13:30:00+00:00,PCE,Surprise + State filter,-0.3177592719112605,8.71561020861833,1.371056759426015,0.05290432741157754,0.0,True,-0.16649184489053065,,,rv_20d,0.9979838709677419,69,0.0,0.0,0.0
2022-03-04 13:30:00+00:00,NFP,Surprise + State filter,0.21157723178032842,-30.626125466781673,1.3648718986756114,0.12853555275563214,0.0,True,0.6075112698756031,,,rv_20d,0.9858870967741935,73,-0.0,0.0,-0.0
2022-03-10 13:30:00+00:00,CPI,Surprise + State filter,0.01752763028449497,-36.053113906753254,1.3947166243129838,0.03356449207978265,0.0,True,1.91494751629226,,,rv_20d,0.9979838709677419,72,-0.0,0.0,-0.0
2022-03-31 12:30:00+00:00,PCE,Surprise + State filter,-0.3163095037297847,-3.806106127548503,1.2830270740458845,0.06440695118092078,0.0,True,-0.20362003171407086,,,rv_20d,0.9294354838709677,70,-0.0,0.0,-0.0
2022-04-01 12:30:00+00:00,NFP,Surprise + State filter,-0.1576196468748535,-20.892904015248348,1.2959912136188907,-0.09677654242769335,0.0,True,0.6139878139971457,,,rv_20d,0.9294354838709677,74,-0.0,0.0,-0.0
2022-04-12 12:30:00+00:00,CPI,Surprise + State filter,0.01746830212922925,45.53767531881192,1.3360507246376812,0.030889847778946433,0.0,True,1.7683371600986488,,,rv_20d,0.8052208835341366,73,0.0,0.0,0.0
2022-04-29 12:30:00+00:00,PCE,Surprise + State filter,-0.314879416609685,-20.607031343651272,1.3868484456719752,0.06273167589952566,0.0,True,-0.19922444145431695,,,rv_20d,0.8850806451612904,71,-0.0,0.0,-0.0
2022-05-06 12:30:00+00:00,NFP,Surprise + State filter,-0.03130413075081324,-83.53053834177615,1.4283984989710687,-0.01941992399616373,0.0,True,0.620362985024244,,,rv_20d,0.9979838709677419,75,-0.0,0.0,-0.0
2022-05-11 12:30:00+00:00,CPI,Surprise + State filter,-0.8137570479692707,-97.4942464658568,1.463475133325065,-1.5708799876507438,-1.0,True,1.9304041563398708,,,rv_20d,0.9939516129032258,74,97.4942464658568,1.463475133325065,96.03077133253174
2022-05-27 12:30:00+00:00,PCE,Surprise + State filter,-0.3134685689124132,47.85285205102241,1.4522183250261522,0.044559150748089575,0.0,True,-0.14214870378452496,,,rv_20d,0.9737903225806451,72,0.0,0.0,0.0
2022-06-03 12:30:00+00:00,NFP,Surprise + State filter,-0.00230345274077212,-57.248039685298124,1.4222007954682416,-0.0014756196233007425,0.0,True,0.6406120677805237,,,rv_20d,0.9294354838709677,76,-0.0,0.0,-0.0
2022-06-10 12:30:00+00:00,CPI,Surprise + State filter,-2.473490408348257,-68.14766403902439,1.4687577794373912,-5.7401124062821705,-1.0,True,2.3206527855975363,,,rv_20d,0.905241935483871,75,68.14766403902439,1.4687577794373912,66.678906259587
2022-06-30 12:30:00+00:00,PCE,Surprise + State filter,1.3674428037700574,-27.82195753322725,1.5650905232442467,-0.4074366774050064,0.0,True,-0.297955187801419,,,rv_20d,0.8846153846153846,73,-0.0,0.0,-0.0
2022-07-08 12:30:00+00:00,NFP,Surprise + State filter,0.038531795866142235,-23.79192840137989,1.5121419875696802,0.025195313035479096,0.0,True,0.6538836944690174,,,rv_20d,0.868421052631579,77,-0.0,0.0,-0.0
2022-07-13 12:30:00+00:00,CPI,Surprise + State filter,-1.6387895948837974,-49.60491669063316,1.5291906952633967,-5.731966697155276,-1.0,True,3.497683116276874,,,rv_20d,0.8319838056680162,76,49.60491669063316,1.5291906952633967,48.075725995369766
2022-07-29 12:30:00+00:00,PCE,Surprise + State filter,-1.9957008241117162,1.2215978514973358,1.4403417760146475,1.5509144412458291,1.0,True,-0.777127725011658,,,rv_20d,0.5445344129554656,74,1.2215978514973358,1.4403417760146475,-0.21874392451731173
2022-08-05 12:30:00+00:00,NFP,Surprise + State filter,0.24144452119551107,-44.316357245683946,1.4184397163120568,0.1591528787299943,0.0,True,0.6591695597065107,,,rv_20d,0.5526315789473685,78,-0.0,0.0,-0.0
2022-08-10 12:30:00+00:00,CPI,Surprise + State filter,1.6768964978331644,35.84661503701625,1.4256373082034552,6.670463176147122,1.0,True,3.9778621905207,,,rv_20d,0.48380566801619435,77,35.84661503701625,1.4256373082034552,34.420977728812794
2022-08-26 12:30:00+00:00,PCE,Surprise + State filter,1.3517023197616702,5.952735457661618,1.4085347657415697,-1.1195039201178876,0.0,True,-0.8282177989568565,,,rv_20d,0.39068825910931176,75,0.0,0.0,0.0
2022-09-02 12:30:00+00:00,NFP,Surprise + State filter,-0.06967087212902896,3.1286174894518126,1.4851173620288212,-0.04644861472014148,0.0,True,0.6666862822402975,,,rv_20d,0.5769230769230769,79,0.0,0.0,0.0
2022-09-13 12:30:00+00:00,CPI,Surprise + State filter,-1.579948474762284,-79.88895252552197,1.424432641236118,-7.078034843714076,-1.0,True,4.479914982530695,,,rv_20d,0.5850202429149798,78,79.88895252552197,1.424432641236118,78.46451988428585
2022-09-30 12:30:00+00:00,PCE,Surprise + State filter,-3.6097507213276065,25.296564270824717,1.6057698850105464,2.3895245833008856,1.0,True,-0.6619638772236488,,,rv_20d,0.7105263157894737,76,25.296564270824717,1.6057698850105464,23.690794385814172
2022-10-07 12:30:00+00:00,NFP,Surprise + State filter,-0.08079578102720068,-51.69010938459451,1.5647792070017237,-0.053807487891122704,0.0,True,0.665969029657723,,,rv_20d,0.8238866396761133,80,-0.0,0.0,-0.0
2022-10-13 12:30:00+00:00,CPI,Surprise + State filter,-1.5620361853588192,-48.87906873292991,1.6279230185555633,-8.127605519338251,-1.0,True,5.203212060974912,,,rv_20d,0.6659919028340081,79,48.87906873292991,1.6279230185555633,47.251145714374346
2022-10-28 12:30:00+00:00,PCE,Surprise + State filter,-0.27118989507824,-28.858156054134554,1.5546772068511199,0.4337028985475991,0.0,True,-1.5992590668707367,,,rv_20d,0.7753036437246964,77,-0.0,0.0,-0.0
2022-11-04 12:30:00+00:00,NFP,Surprise + State filter,-0.00859864988766689,101.90237701539928,1.5736480629459224,-0.005829318060236378,0.0,True,0.6779341101673897,,,rv_20d,0.7510121457489879,81,0.0,0.0,0.0
2022-11-10 13:30:00+00:00,CPI,Surprise + State filter,1.6607633563681254,86.7600133036106,1.5670650730411684,9.287453455164878,1.0,True,5.592279851041112,,,rv_20d,0.7226720647773279,80,86.7600133036106,1.5670650730411684,85.19294823056944
2022-12-01 13:30:00+00:00,PCE,Surprise + State filter,1.3116164878816416,1.2211503251080558,1.4424546176884052,-2.0406591327064274,-1.0,True,-1.5558352243667233,,,rv_20d,0.7550607287449392,78,-1.2211503251080558,1.4424546176884052,-2.6636049427964608
2022-12-02 13:30:00+00:00,NFP,Surprise + State filter,-0.014585134531113096,23.002092762922643,1.4475863338035944,-0.009569951148278093,0.0,True,0.656144180765931,,,rv_20d,0.7469635627530364,82,0.0,0.0,0.0
2022-12-13 13:30:00+00:00,CPI,Surprise + State filter,1.640803512240514,17.04718829884655,1.4514145141451413,0.0,0.0,True,6.871908133100648,,,rv_20d,0.18421052631578946,81,0.0,0.0,0.0
2022-12-23 13:30:00+00:00,PCE,Surprise + State filter,-0.2794555225126812,-17.52166319977988,1.5331644253881636,0.411328301928224,0.0,True,-1.4718918353440615,,,rv_20d,0.4149797570850202,79,-0.0,0.0,-0.0
2023-01-06 13:30:00+00:00,NFP,Surprise + State filter,-0.06884081561522244,69.95753366027202,1.543694400837258,0.0,0.0,True,0.6514356879796215,,,rv_20d,0.1402439024390244,83,0.0,0.0,0.0
2023-01-12 13:30:00+00:00,CPI,Surprise + State filter,0.03632795161555792,116.52806960771755,1.4792528519493544,0.0,0.0,True,6.9334173643977195,,,rv_20d,0.2865853658536585,82,0.0,0.0,0.0
2023-01-27 13:30:00+00:00,PCE,Surprise + State filter,-1.8612980836883501,0.0,1.4513252567492774,0.0,0.0,True,-1.4436207048660226,,,rv_20d,0.042682926829268296,80,0.0,0.0,0.0
2023-02-03 13:30:00+00:00,NFP,Surprise + State filter,0.30665937768946433,-7.238072576072341,1.4148681055155876,0.0,0.0,True,0.6362188188299895,,,rv_20d,0.03861788617886179,84,-0.0,0.0,-0.0
2023-02-14 13:30:00+00:00,CPI,Surprise + State filter,0.036212663530961496,16.900052308237434,1.418524974454529,0.0,0.0,True,7.300795535338358,,,rv_20d,0.08739837398373984,83,0.0,0.0,0.0
2023-02-24 13:30:00+00:00,PCE,Surprise + State filter,-1.830009657188023,-20.143529409750727,1.4796238244514106,0.0,0.0,True,-1.4410579835146498,,,rv_20d,0.08333333333333333,81,-0.0,0.0,-0.0
2023-03-10 13:30:00+00:00,NFP,Surprise + State filter,0.011791312539496484,8.274194533761658,1.5076018908905071,0.0,0.0,True,0.6374880342732663,,,rv_20d,0.03048780487804878,85,0.0,0.0,0.0
2023-03-14 12:30:00+00:00,CPI,Surprise + State filter,0.03609846609086587,14.112517577338224,1.5165145868140342,0.0,0.0,True,7.342601499528286,,,rv_20d,0.0508130081300813,84,0.0,0.0,0.0
2023-03-31 12:30:00+00:00,PCE,Surprise + State filter,-0.24561985495403924,-10.993710262567902,1.4424546176884052,0.0,0.0,True,-1.1068417271393616,,,rv_20d,0.241869918699187,82,-0.0,0.0,-0.0
2023-04-12 12:30:00+00:00,CPI,Surprise + State filter,0.8362188016428281,-7.808980724206549,1.4255511929930536,0.0,0.0,True,7.374591649640469,,,rv_20d,0.0020408163265306124,85,-0.0,0.0,-0.0
2023-04-28 12:30:00+00:00,PCE,Surprise + State filter,-0.2446458487409858,15.097077054484487,1.42486264565598,0.0,0.0,True,-1.0987561329805284,,,rv_20d,0.034552845528455285,83,0.0,0.0,0.0
2023-05-05 12:30:00+00:00,NFP,Surprise + State filter,-0.009663468391275397,19.508632658045144,1.4373591570741213,0.0,0.0,True,0.6361892000384184,,,rv_20d,0.054878048780487805,86,0.0,0.0,0.0
2023-05-10 12:30:00+00:00,CPI,Surprise + State filter,0.030788529266230838,44.503320984858874,1.42909046869323,0.0,0.0,True,7.2131598013035,,,rv_20d,0.08333333333333333,86,0.0,0.0,0.0
2023-05-26 12:30:00+00:00,PCE,Surprise + State filter,-1.809426281392467,6.001680650697949,1.4156319356967189,0.0,0.0,True,-1.1151450050508376,,,rv_20d,0.05894308943089431,84,0.0,0.0,0.0
2023-06-02 12:30:00+00:00,NFP,Surprise + State filter,0.0835127359455142,-2.353356485507163,1.389543099387659,0.0,0.0,True,0.6326274936515873,,,rv_20d,0.054878048780487805,87,-0.0,0.0,-0.0
2023-06-13 12:30:00+00:00,CPI,Surprise + State filter,0.111044762907337,22.355344496993723,1.3565557279990803,0.0,0.0,True,7.331796665446398,,,rv_20d,0.0508130081300813,87,0.0,0.0,0.0
2023-06-30 12:30:00+00:00,PCE,Surprise + State filter,-0.22837106669327886,14.009921314226403,1.324800718535983,0.0,0.0,True,-1.2188745520579598,,,rv_20d,0.014227642276422764,85,0.0,0.0,0.0
2023-07-07 12:30:00+00:00,NFP,Surprise + State filter,-0.1195977821158257,-23.624715679169128,1.327334083239595,0.0,0.0,True,0.6334187702439579,,,rv_20d,0.014285714285714285,88,-0.0,0.0,-0.0
2023-07-12 12:30:00+00:00,CPI,Surprise + State filter,0.7957918434964811,7.216809928216605,1.3158628380262056,0.0,0.0,True,7.392776105217385,,,rv_20d,0.014285714285714285,88,0.0,0.0,0.0
2023-07-28 12:30:00+00:00,PCE,Surprise + State filter,-0.22749221991958832,3.8083839311298107,1.2846333895814055,0.0,0.0,True,-1.2279179812749776,,,rv_20d,0.006122448979591836,86,0.0,0.0,0.0
2023-08-04 12:30:00+00:00,NFP,Surprise + State filter,-0.1093620433557646,7.717325778529016,1.3029315960912051,0.0,0.0,True,0.6390483723196616,,,rv_20d,0.04285714285714286,89,0.0,0.0,0.0
2023-08-10 12:30:00+00:00,CPI,Surprise + State filter,0.025247022731454967,-9.957956122725875,1.3087118061332002,0.0,0.0,True,7.368205956748026,,,rv_20d,0.1,89,-0.0,0.0,-0.0
2023-08-31 12:30:00+00:00,PCE,Surprise + State filter,-0.22662344597528022,-4.410143401152311,1.3004187789288075,0.0,0.0,True,-1.231111290874211,,,rv_20d,0.2755102040816326,87,-0.0,0.0,-0.0
2023-09-01 12:30:00+00:00,NFP,Surprise + State filter,-0.07191857716894035,5.505395426439463,1.3014945127667787,0.0,0.0,True,0.6377293182873732,,,rv_20d,0.2714285714285714,90,0.0,0.0,0.0
2023-09-13 12:30:00+00:00,CPI,Surprise + State filter,0.025170356873976597,31.398960475712556,1.3213885778275476,0.0,0.0,True,7.330045400087593,,,rv_20d,0.2795918367346939,90,0.0,0.0,0.0
2023-09-29 12:30:00+00:00,PCE,Surprise + State filter,1.3433872606317534,6.297770225032195,1.3533662117215275,0.0,0.0,True,-1.229864759593115,,,rv_20d,0.17755102040816326,88,0.0,0.0,0.0
2023-10-06 12:30:00+00:00,NFP,Surprise + State filter,0.1131620651823218,-24.085780479303764,1.3739302555743145,0.0,0.0,True,0.6369478841074548,,,rv_20d,0.2510204081632653,91,-0.0,0.0,-0.0
2023-10-12 12:30:00+00:00,CPI,Surprise + State filter,-0.7867827476260195,-20.36660581804739,1.3325052227429282,-5.823503473029282,-1.0,True,7.4016664582449145,,,rv_20d,0.4020408163265306,91,20.36660581804739,1.3325052227429282,19.034100595304462
2023-10-27 12:30:00+00:00,PCE,Surprise + State filter,-1.799426751444557,9.589452338083504,1.4148681055155876,1.9534361446605883,1.0,True,-1.085588031350759,,,rv_20d,0.5,89,9.589452338083504,1.4148681055155876,8.174584232567916
2023-11-03 12:30:00+00:00,NFP,Surprise + State filter,-0.13108733580921772,17.23247023029728,1.3617217702383013,-0.08405068315690453,0.0,True,0.6411808023868184,,,rv_20d,0.6183673469387755,92,0.0,0.0,0.0
2023-11-14 13:30:00+00:00,CPI,Surprise + State filter,0.8426941285268533,48.58037864913456,1.331828442437923,6.292160082486471,1.0,True,7.466718788566906,,,rv_20d,0.6551020408163265,92,48.58037864913456,1.331828442437923,47.248550206696635
2023-11-30 13:30:00+00:00,PCE,Surprise + State filter,1.3321946861111806,-7.655293462214274,1.2896879610907699,0.0,0.0,True,-1.2317093667955057,,,rv_20d,0.23061224489795917,90,-0.0,0.0,-0.0
2023-12-08 13:30:00+00:00,NFP,Surprise + State filter,-0.07577269969724261,16.931105385431522,1.2881392937066753,0.0,0.0,True,0.6377947662246746,,,rv_20d,0.17755102040816326,93,0.0,0.0,0.0
2023-12-12 13:30:00+00:00,CPI,Surprise + State filter,-0.7887014604517996,-37.250022827706175,1.2727174675079542,0.0,0.0,True,7.796203182189868,,,rv_20d,0.07142857142857142,93,-0.0,0.0,-0.0
2023-12-22 13:30:00+00:00,PCE,Surprise + State filter,1.319160634839701,20.30246148841286,1.2297431087488926,0.0,0.0,True,-1.2835327927767992,,,rv_20d,0.07959183673469387,91,0.0,0.0,0.0
2024-01-05 13:30:00+00:00,NFP,Surprise + State filter,-0.041746958090400695,23.333520689021725,1.2499337958794554,0.0,0.0,True,0.6347363022621308,,,rv_20d,0.23469387755102042,94,0.0,0.0,0.0
2024-01-11 13:30:00+00:00,CPI,Surprise + State filter,-0.7849042105335153,-18.703247347460206,1.2215953206687715,0.0,0.0,True,7.920551669647848,,,rv_20d,0.28775510204081634,94,-0.0,0.0,-0.0
2024-01-26 13:30:00+00:00,PCE,Surprise + State filter,-0.23765961104637265,20.826462204794893,1.1996746644977634,0.0,0.0,True,-0.9739855925660177,,,rv_20d,0.07959183673469387,92,0.0,0.0,0.0
2024-02-02 13:30:00+00:00,NFP,Surprise + State filter,0.1178356155064509,-20.772648381495173,1.189995966115369,0.07431183454650714,0.0,True,0.6306398471049608,,,rv_20d,0.39387755102040817,95,-0.0,0.0,-0.0
2024-02-13 13:30:00+00:00,CPI,Surprise + State filter,-0.7811613847490155,-44.5970723874467,1.1744799442619687,-6.231957933792324,-1.0,True,7.977811058587632,,,rv_20d,0.35306122448979593,95,44.5970723874467,1.1744799442619687,43.42259244318473
2024-02-29 13:30:00+00:00,PCE,Surprise + State filter,-0.23678595848151593,30.957495056256334,1.1648568608094767,0.2351204389692199,0.0,True,-0.9929661390270909,,,rv_20d,0.7571428571428571,93,0.0,0.0,0.0
2024-03-08 13:30:00+00:00,NFP,Surprise + State filter,0.0003740759023637736,13.05704177575251,1.1442979053529867,0.0002372264889463287,0.0,True,0.6341667224413605,,,rv_20d,0.5816326530612245,96,0.0,0.0,0.0
2024-03-12 12:30:00+00:00,CPI,Surprise + State filter,0.038897596673548446,43.33754013366331,1.1489776046738072,0.31584127294809106,0.0,True,8.119814589030195,,,rv_20d,0.6224489795918368,96,0.0,0.0,0.0
2024-04-05 12:30:00+00:00,NFP,Surprise + State filter,0.01805478474136971,4.798694847139018,1.1310265503690213,0.0,0.0,True,0.6321722112486604,,,rv_20d,0.15368852459016394,97,0.0,0.0,0.0
2024-04-10 12:30:00+00:00,CPI,Surprise + State filter,-0.7799931857072275,-47.55394796145396,1.1192791083708797,0.0,0.0,True,8.226300443797546,,,rv_20d,0.07959183673469387,97,-0.0,0.0,-0.0
2024-04-26 12:30:00+00:00,PCE,Surprise + State filter,-0.24439946298316922,-30.232127570890555,1.1525125750842407,0.24922985173201045,0.0,True,-1.01976431817763,,,rv_20d,0.6836734693877551,94,-0.0,0.0,-0.0
2024-05-03 12:30:00+00:00,NFP,Surprise + State filter,-0.17706829493247359,3.8857587432872265,1.1551639745472344,-0.11185116505333427,0.0,True,0.6316837528479596,,,rv_20d,0.8714285714285714,98,0.0,0.0,0.0
2024-05-15 12:30:00+00:00,CPI,Surprise + State filter,0.8630942134153134,-2.8319252561104236,1.119491485223661,7.229851412256175,1.0,True,8.376665374278478,,,rv_20d,0.6061224489795919,98,-2.8319252561104236,1.119491485223661,-3.951416741334085
2024-05-31 12:30:00+00:00,PCE,Surprise + State filter,-0.24351667860145637,16.147419921956896,1.1237560116184944,0.0,0.0,True,-0.9939083684887053,,,rv_20d,0.18979591836734694,95,0.0,0.0,0.0
2024-06-07 12:30:00+00:00,NFP,Surprise + State filter,0.022890670339214506,-8.423811804760817,1.0993106018259735,0.0,0.0,True,0.6312545691605135,,,rv_20d,0.0673469387755102,99,-0.0,0.0,-0.0
2024-06-12 12:30:00+00:00,CPI,Surprise + State filter,0.8587529694109373,13.357593934699707,1.093605189990732,0.0,0.0,True,8.256690119303366,,,rv_20d,0.0673469387755102,99,0.0,0.0,0.0
2024-06-28 12:30:00+00:00,PCE,Surprise + State filter,-0.2426433957445556,-23.36869659540497,1.059864373287825,0.0,0.0,True,-1.0091078478247586,,,rv_20d,0.014285714285714285,96,-0.0,0.0,-0.0
2024-07-05 12:30:00+00:00,NFP,Surprise + State filter,-0.07399593365510283,-12.512290487549649,1.055173030492712,0.0,0.0,True,0.6329976864855343,,,rv_20d,0.0020408163265306124,100,-0.0,0.0,-0.0
2024-07-11 12:30:00+00:00,CPI,Surprise + State filter,1.6754537637453566,-23.720634886927883,1.0383210875973425,0.0,0.0,True,8.279142454539466,,,rv_20d,0.018367346938775512,100,-0.0,0.0,-0.0
2024-07-26 12:30:00+00:00,PCE,Surprise + State filter,-0.5783982211069412,-14.129124293944528,1.0756608933454876,0.5727237623983904,0.0,True,-0.9901893565687477,,,rv_20d,0.8673469387755102,97,-0.0,0.0,-0.0
2024-08-02 12:30:00+00:00,NFP,Surprise + State filter,-0.1721608664320203,2.3180880513606894,1.0880590133702166,-0.10943787122971081,0.0,True,0.6356721681168096,,,rv_20d,0.9775510204081632,101,0.0,0.0,0.0
2024-08-14 12:30:00+00:00,CPI,Surprise + State filter,0.023803419256880783,-2.7434842422024985,1.0799926780157423,0.18348164798967273,0.0,True,7.708205531717224,,,rv_20d,0.9979591836734694,101,-0.0,0.0,-0.0
2024-08-30 12:30:00+00:00,PCE,Surprise + State filter,-0.238436036952374,-17.31064148732031,1.0469346109484519,0.22440780167674027,0.0,True,-0.9411656247313162,,,rv_20d,0.9285714285714286,98,-0.0,0.0,-0.0
2024-09-06 12:30:00+00:00,NFP,Surprise + State filter,-0.12297466673639144,40.4353019074577,1.0767405785199378,-0.07815437935536505,0.0,True,0.6355323533658913,,,rv_20d,0.8551020408163266,102,0.0,0.0,0.0
2024-09-11 12:30:00+00:00,CPI,Surprise + State filter,-0.09913290389855092,38.75178662404721,1.073117497271735,-0.7628417607308393,0.0,True,7.69514188257316,,,rv_20d,0.8591836734693877,102,0.0,0.0,0.0
2024-09-27 12:30:00+00:00,PCE,Surprise + State filter,-0.2375999467930136,5.161956496095854,1.0159714150415429,0.22074556440004103,0.0,True,-0.9290640312825686,,,rv_20d,0.773469387755102,99,0.0,0.0,0.0
2024-10-04 12:30:00+00:00,NFP,Surprise + State filter,0.040543022944561934,39.737439988591916,1.022884882108183,0.0254631723764339,0.0,True,0.6280531279389786,,,rv_20d,0.5122448979591837,103,0.0,0.0,0.0
2024-10-10 12:30:00+00:00,CPI,Surprise + State filter,-0.7970756838786801,-11.160715444233915,1.0107932156929929,0.0,0.0,True,7.742527235290648,,,rv_20d,0.32448979591836735,103,-0.0,0.0,-0.0
2024-10-31 12:30:00+00:00,PCE,Surprise + State filter,-0.2367725943128565,-6.018916776717731,1.0138763586372814,0.0,0.0,True,-0.9342265415289227,,,rv_20d,0.11632653061224489,100,-0.0,0.0,-0.0
2024-11-01 12:30:00+00:00,NFP,Surprise + State filter,-0.20694615809024963,17.356595522741713,1.0242610997786554,-0.1287618553977331,0.0,True,0.6221997865820723,,,rv_20d,0.5571428571428572,104,0.0,0.0,0.0
2024-11-13 13:30:00+00:00,CPI,Surprise + State filter,0.028872763033326438,-12.46364930768351,0.9825554769141096,0.2244122814223655,0.0,True,7.772456039740194,,,rv_20d,0.7244897959183674,104,-0.0,0.0,-0.0
2024-11-27 15:00:00+00:00,PCE,Surprise + State filter,-0.23595382831701026,-13.690391899530141,0.9780356402818069,0.2196707359914833,0.0,True,-0.9309903448413213,,,rv_20d,0.8481781376518218,101,-0.0,0.0,-0.0
2024-12-06 13:30:00+00:00,NFP,Surprise + State filter,-0.08361582857707964,1.6409583233212288,0.9699958898479243,-0.05176552915641009,0.0,True,0.6190876779830153,,,rv_20d,0.5408163265306123,105,0.0,0.0,0.0
2024-12-11 13:30:00+00:00,CPI,Surprise + State filter,-0.13613039922014264,14.423772874216922,0.9741599933955255,0.0,0.0,True,7.737146063228485,,,rv_20d,0.05102040816326531,105,0.0,0.0,0.0
2024-12-20 13:30:00+00:00,PCE,Surprise + State filter,1.35394468555584,11.5678768710481,1.0137892521156406,-1.2487441467836664,-1.0,True,-0.9223007114733162,,,rv_20d,0.6808943089430894,102,-11.5678768710481,1.0137892521156406,-12.58166612316374
2025-01-10 13:30:00+00:00,NFP,Surprise + State filter,0.02543842745033338,-11.427847094758192,0.9921802741108215,0.015752964652242664,0.0,True,0.6192585875443418,,,rv_20d,0.8744855967078189,106,-0.0,0.0,-0.0
2025-01-15 13:30:00+00:00,CPI,Surprise + State filter,0.029630018694912632,42.38094588064456,0.9993648105017997,0.2296311926403656,0.0,True,7.7499509873678365,,,rv_20d,0.9077868852459017,106,0.0,0.0,0.0
2025-01-31 13:30:00+00:00,PCE,Surprise + State filter,-0.24328328434500773,1.6321867257573786,0.9628722970216238,0.17814344882700361,0.0,True,-0.732246974166843,,,rv_20d,0.6358024691358025,103,0.0,0.0,0.0
2025-02-07 13:30:00+00:00,NFP,Surprise + State filter,-0.13442132024142522,28.686192935971633,0.9669357151636825,-0.083532759344584,0.0,True,0.6214249286836072,,,rv_20d,0.5493827160493827,107,0.0,0.0,0.0
2025-02-12 13:30:00+00:00,CPI,Surprise + State filter,-1.6288289771507536,-8.701237367638726,0.9684037751333606,-12.7614676204321,-1.0,True,7.834749872116858,,,rv_20d,0.5,107,8.701237367638726,0.9684037751333606,7.732833592505365
2025-02-28 13:30:00+00:00,PCE,Surprise + State filter,-0.24245575341235073,-11.88404706734758,1.0025062656641603,0.17824808891683183,0.0,True,-0.7351778062930959,,,rv_20d,0.44238683127572015,104,-0.0,0.0,-0.0
2025-03-07 13:30:00+00:00,NFP,Surprise + State filter,-0.10408611006653506,-68.64518418304044,1.0267565803785077,-0.06417072715135878,0.0,True,0.6165157590223985,,,rv_20d,0.8786008230452675,108,-0.0,0.0,-0.0
2025-03-12 12:30:00+00:00,CPI,Surprise + State filter,0.863785844188717,-32.72601540974307,1.0488422736767256,6.764276411482269,1.0,True,7.830964650544138,,,rv_20d,0.8991769547325102,108,-32.72601540974307,1.0488422736767256,-33.774857683419796
2025-03-28 12:30:00+00:00,PCE,Surprise + State filter,-0.2416366134206346,-18.365478073008035,1.030027932960894,0.17548185535793934,0.0,True,-0.7262221269939136,,,rv_20d,0.9279835390946503,105,-0.0,0.0,-0.0
2025-04-04 12:30:00+00:00,NFP,Surprise + State filter,0.022901267949125444,29.741553848410263,1.11531190926276,0.014410783718764987,0.0,True,0.6292570241428622,,,rv_20d,0.9979508196721312,109,0.0,0.0,0.0
2025-04-10 12:30:00+00:00,CPI,Surprise + State filter,1.6857215992659478,-51.856769601279495,1.0961449140733859,12.627964063638373,1.0,True,7.491132621861911,,,rv_20d,0.9979508196721312,109,-51.856769601279495,1.0961449140733859,-52.95291451535288
2025-04-30 14:00:00+00:00,PCE,Surprise + State filter,-0.24082572346498407,58.768762114631556,1.080685044417987,0.17145469277629588,0.0,True,-0.7119450958536218,,,rv_20d,0.9897119341563786,106,0.0,0.0,0.0
2025-05-02 12:30:00+00:00,NFP,Surprise + State filter,-0.04068498955260628,36.530926829740906,1.0443864229765012,-0.025433135739962094,0.0,True,0.6251233199181896,,,rv_20d,0.9897119341563786,110,0.0,0.0,0.0
2025-05-13 12:30:00+00:00,CPI,Surprise + State filter,0.8463013350782487,-14.899008779529765,1.0058818515045604,5.5923383022260085,1.0,True,6.607975280706539,,,rv_20d,0.8909465020576132,110,-14.899008779529765,1.0058818515045604,-15.904890631034325
2025-05-30 12:30:00+00:00,PCE,Surprise + State filter,-0.2400229459321998,4.662894046028043,1.0014427565136212,0.18316168723026874,0.0,True,-0.7631007382186165,,,rv_20d,0.7016460905349794,107,0.0,0.0,0.0
2025-06-06 12:30:00+00:00,NFP,Surprise + State filter,-0.07537897167229662,15.027553337318977,0.9879437374413931,-0.04670355179425389,0.0,True,0.6195832970140986,,,rv_20d,0.6646090534979424,111,0.0,0.0,0.0
2025-06-11 12:30:00+00:00,CPI,Surprise + State filter,0.842385437586005,-13.194789973063337,0.9765786642390134,0.0,0.0,True,6.441262799496604,,,rv_20d,0.31069958847736623,111,-0.0,0.0,-0.0
2025-06-27 12:30:00+00:00,PCE,Surprise + State filter,-0.23922814640251422,-4.427717583972424,0.9491634491634491,0.0,0.0,True,-0.768057710080921,,,rv_20d,0.28600823045267487,108,-0.0,0.0,-0.0
2025-07-03 12:30:00+00:00,NFP,Surprise + State filter,-0.03830309080058547,-6.362082205946251,0.9393034825870646,0.0,0.0,True,0.617497428920501,,,rv_20d,0.21604938271604937,112,-0.0,0.0,-0.0
2025-07-15 12:30:00+00:00,CPI,Surprise + State filter,0.015270024971998773,-7.494921555561973,0.9322167799020382,0.0,0.0,True,6.293094512859283,,,rv_20d,0.1831275720164609,112,-0.0,0.0,-0.0
2025-07-31 12:30:00+00:00,PCE,Surprise + State filter,-0.23844119355490775,-1.9359959791742654,0.9141263508540883,0.0,0.0,True,-0.7654818261087322,,,rv_20d,0.006172839506172839,109,-0.0,0.0,-0.0
2025-08-01 12:30:00+00:00,NFP,Surprise + State filter,-0.13459299863347782,-0.7927699385845699,0.9339137316976652,0.0,0.0,True,0.6189399942826408,,,rv_20d,0.02263374485596708,113,-0.0,0.0,-0.0
2025-08-12 12:30:00+00:00,CPI,Surprise + State filter,0.015229351855953272,12.056394265478332,0.9213711251659248,0.0,0.0,True,6.277061508251538,,,rv_20d,0.17901234567901234,113,0.0,0.0,0.0
2025-08-29 12:30:00+00:00,PCE,Surprise + State filter,-0.23766195907583582,-3.460274165121291,0.9084959772106093,0.1818038200287518,0.0,True,-0.7649681115804479,,,rv_20d,0.3436213991769547,110,-0.0,0.0,-0.0
2025-09-05 12:30:00+00:00,NFP,Surprise + State filter,-0.16203229557152443,38.70997302591661,0.9056372078744387,0.0,0.0,True,0.6195435663311459,,,rv_20d,0.10082304526748971,114,0.0,0.0,0.0
2025-09-11 12:30:00+00:00,CPI,Surprise + State filter,-0.8125014898375039,-3.811411411760446,0.9001792729908075,0.0,0.0,True,6.294238869509764,,,rv_20d,0.06790123456790123,114,-0.0,0.0,-0.0
2025-09-26 12:30:00+00:00,PCE,Surprise + State filter,-0.23689031757122087,6.362870992262515,0.8845577211394302,0.0,0.0,True,-0.7632700940306433,,,rv_20d,0.043209876543209874,111,0.0,0.0,0.0
2025-10-24 12:30:00+00:00,CPI,Surprise + State filter,0.847953082809842,-20.894818723995456,0.8682216172467073,5.338948204715945,1.0,True,6.296277840071527,,,rv_20d,0.5329218106995884,115,-20.894818723995456,0.8682216172467073,-21.763040341242164
2025-11-20 13:30:00+00:00,NFP,Surprise + State filter,-0.0023105936820798033,17.006806820170084,0.8753384518378398,-0.0014162959668936482,0.0,True,0.6129576038738308,,,rv_20d,0.49176954732510286,115,0.0,0.0,0.0
2025-12-05 15:00:00+00:00,PCE,Surprise + State filter,-0.2361261464815725,14.866656109440157,0.8563445698319968,0.18162957796168244,0.0,True,-0.769205700715812,,,rv_20d,0.5905349794238683,112,0.0,0.0,0.0
2025-12-16 13:30:00+00:00,NFP,Surprise + State filter,,-25.661719485974288,0.8660868288744541,,0.0,False,,,,,,116,-0.0,0.0,-0.0
2026-01-09 13:30:00+00:00,NFP,Surprise + State filter,-0.11728348610816007,12.531105630060324,0.8458781362007167,0.0,0.0,True,0.6109072296812978,,,rv_20d,0.13786008230452676,116,0.0,0.0,0.0
2026-01-13 13:30:00+00:00,CPI,Surprise + State filter,0.01505420514787327,-14.946090110150578,0.8419250115943063,0.0,0.0,True,6.097933891461839,,,rv_20d,0.16188524590163936,116,-0.0,0.0,-0.0
2026-02-11 13:30:00+00:00,NFP,Surprise + State filter,-0.002974276950318473,33.246969582805264,0.8462117680806052,-0.00181221061320893,0.0,True,0.6092945087090448,,,rv_20d,0.5881147540983607,117,0.0,0.0,0.0
2026-02-13 13:30:00+00:00,CPI,Surprise + State filter,0.8462769813651695,-7.2912872351338365,0.8626992250328995,5.137761431801798,1.0,True,6.071016398808144,,,rv_20d,0.6782786885245902,117,-7.2912872351338365,0.8626992250328995,-8.153986460166736
2026-02-20 13:30:00+00:00,PCE,Surprise + State filter,-1.874584816789142,-9.104649462656766,0.8580570098894706,1.4648791487966715,1.0,True,-0.7814419148586569,,,rv_20d,0.41598360655737704,113,-9.104649462656766,0.8580570098894706,-9.962706472546238
2026-03-06 13:30:00+00:00,NFP,Surprise + State filter,-0.288041446580229,-37.365242045162006,0.8678065820922964,-0.1742589941478305,0.0,True,0.6049788883395767,,,rv_20d,0.5512295081967213,118,-0.0,0.0,-0.0
2026-03-11 12:30:00+00:00,CPI,Surprise + State filter,-0.07257360225559249,-22.86305295641,0.8689568835376854,-0.433641900765816,0.0,True,5.9752015510901515,,,rv_20d,0.3668032786885246,118,-0.0,0.0,-0.0
2026-03-13 12:30:00+00:00,PCE,Surprise + State filter,-0.21994435368833912,1.8629953292759183,0.880071599045346,0.14264978127144243,0.0,True,-0.6485721450871024,,,rv_20d,0.4979508196721312,114,0.0,0.0,0.0
2026-04-09 12:30:00+00:00,PCE,Surprise + State filter,-0.21926095603584936,1.4691838710234606,0.866786645609138,0.14252593926330417,0.0,True,-0.6500288142499984,,,rv_20d,0.8950617283950617,115,0.0,0.0,0.0
2026-04-10 12:30:00+00:00,CPI,Surprise + State filter,0.3863432136330373,-9.81836112256218,0.8584627696336983,2.299543627813826,1.0,True,5.952074597583111,,,rv_20d,0.8991769547325102,119,-9.81836112256218,0.8584627696336983,-10.676823892195879
2026-04-30 12:30:00+00:00,PCE,Surprise + State filter,-0.21858389123884375,-6.244579561140995,0.8183930367236536,0.1423550318662773,0.0,True,-0.6512603973671958,,,rv_20d,0.39959016393442626,116,-0.0,0.0,-0.0
2026-05-08 12:30:00+00:00,NFP,Surprise + State filter,-0.02209025678682834,-5.405222928125397,0.7971895689771653,0.0,0.0,True,0.6132586191176408,,,rv_20d,0.25614754098360654,119,-0.0,0.0,-0.0
2026-05-12 12:30:00+00:00,CPI,Surprise + State filter,0.009048380436151223,19.22461341855808,0.7964900438744515,0.0,0.0,True,5.900659972882941,,,rv_20d,0.22745901639344263,120,0.0,0.0,0.0
2026-05-28 12:30:00+00:00,PCE,Surprise + State filter,1.4256193886011588,13.606573077424855,0.7840531561461794,0.0,0.0,True,-0.6489490579378058,,,rv_20d,0.23155737704918034,117,0.0,0.0,0.0
2026-06-05 12:30:00+00:00,NFP,Surprise + State filter,0.024028750728270636,-9.598359086666619,0.7805523400033073,0.0,0.0,True,0.6144857503642044,,,rv_20d,0.1290983606557377,120,-0.0,0.0,-0.0
2026-06-10 12:30:00+00:00,CPI,Surprise + State filter,0.009025267637695652,3.74206940804811,0.8039790147850377,0.053494286783553634,0.0,True,5.92716902489685,,,rv_20d,0.6577868852459017,121,0.0,0.0,0.0
2026-06-25 12:30:00+00:00,PCE,Surprise + State filter,1.4130475363822363,-8.67794854364945,0.7893504582246305,-0.627157723610102,0.0,True,-0.4438334220629169,,,rv_20d,0.9241803278688525,118,-0.0,0.0,-0.0
2016-01-08 13:30:00+00:00,NFP,Surprise + Adaptive state,1.6142593236792937,-16.61873185295981,3.0248654191233015,,0.0,False,,,,,,0,-0.0,0.0,-0.0
2016-01-20 13:30:00+00:00,CPI,Surprise + Adaptive state,0.8034072020471136,12.204218749847229,3.2013022246337495,,0.0,False,,,,,,0,0.0,0.0,0.0
2016-02-01 13:30:00+00:00,PCE,Surprise + Adaptive state,1.3212240511473,10.434329888919791,3.0801357347950926,,0.0,False,,,,,,0,0.0,0.0,0.0
2016-02-05 13:30:00+00:00,NFP,Surprise + Adaptive state,-0.5662977961971637,-19.727763352150873,3.0906233630172864,,0.0,False,,,,,,1,-0.0,0.0,-0.0
2016-02-19 13:30:00+00:00,CPI,Surprise + Adaptive state,-1.1647750851392003,-13.113036235150588,3.0881968071185555,,0.0,False,,,,,,1,-0.0,0.0,-0.0
2016-02-26 15:00:00+00:00,PCE,Surprise + Adaptive state,-2.1146814105422513,-19.20246381512669,3.017131168499105,,0.0,False,,,,,,1,-0.0,0.0,-0.0
2016-03-04 13:30:00+00:00,NFP,Surprise + Adaptive state,0.8511296176546844,-38.85447013824539,2.958505703898709,,0.0,False,,,,,,2,-0.0,0.0,-0.0
2016-03-16 12:30:00+00:00,CPI,Surprise + Adaptive state,-0.1690515651424326,-21.132458607198146,2.9284030276709268,,0.0,False,,,,,,2,-0.0,0.0,-0.0
2016-03-28 12:30:00+00:00,PCE,Surprise + Adaptive state,-0.3589718295271186,-6.149683485121571,2.9028290282902827,,0.0,False,,,,,,2,-0.0,0.0,-0.0
2016-04-01 12:30:00+00:00,NFP,Surprise + Adaptive state,0.23256549524665046,-26.937692302420047,2.8868501529051986,,0.0,False,,,,,,3,-0.0,0.0,-0.0
2016-04-14 12:30:00+00:00,CPI,Surprise + Adaptive state,0.8159070832843519,10.830977651874463,2.843030960125286,,0.0,False,,,,,,3,0.0,0.0,0.0
2016-04-29 12:30:00+00:00,PCE,Surprise + Adaptive state,-0.3548908737688326,-24.183808642819216,2.8495532480077275,,0.0,False,,,,,,3,-0.0,0.0,-0.0
2016-05-06 12:30:00+00:00,NFP,Surprise + Adaptive state,-0.5970295853454834,-18.428655624038726,2.8942850134903115,,0.0,False,,,,,,4,-0.0,0.0,-0.0
2016-05-17 12:30:00+00:00,CPI,Surprise + Adaptive state,-1.165117912908518,-7.285090171640363,2.8637301298386113,,0.0,False,,,,,,4,-0.0,0.0,-0.0
2016-05-31 12:30:00+00:00,PCE,Surprise + Adaptive state,-0.3509464824958188,-2.380952392195823,2.8081865778200856,,0.0,False,,,,,,4,-0.0,0.0,-0.0
2016-06-03 12:30:00+00:00,NFP,Surprise + Adaptive state,-1.9555484666489378,-15.502954628470178,2.802850356294537,,0.0,False,,,,,,5,-0.0,0.0,-0.0
2016-06-16 12:30:00+00:00,CPI,Surprise + Adaptive state,0.820318465725177,3.637024953713208,2.8619936939121997,,0.0,False,,,,,,5,0.0,0.0,0.0
2016-06-29 12:30:00+00:00,PCE,Surprise + Adaptive state,-0.3471306674377593,14.687885137503187,2.890385793018983,,0.0,False,,,,,,5,0.0,0.0,0.0
2016-07-08 12:30:00+00:00,NFP,Surprise + Adaptive state,1.8450710388339822,14.239945446492541,2.8138786216764036,,0.0,False,,,,,,6,0.0,0.0,0.0
2016-07-15 12:30:00+00:00,CPI,Surprise + Adaptive state,0.8115726727885837,1.1570726076026716,2.7343297416290118,,0.0,False,,,,,,6,0.0,0.0,0.0
2016-08-02 12:30:00+00:00,PCE,Surprise + Adaptive state,1.357394389268374,-3.472021329935515,2.7311653743779654,,0.0,False,,,,,,6,-0.0,0.0,-0.0
2016-08-05 12:30:00+00:00,NFP,Surprise + Adaptive state,1.2796377681502662,15.005485588135414,2.72895467160037,,0.0,False,,,,,,7,0.0,0.0,0.0
2016-08-16 12:30:00+00:00,CPI,Surprise + Adaptive state,-0.18513874292076055,-3.4374105179502124,2.7036315729178595,,0.0,False,,,,,,7,-0.0,0.0,-0.0
2016-08-29 12:30:00+00:00,PCE,Surprise + Adaptive state,-0.36621496105815404,1.151874677312037,2.718580808662596,,0.0,False,,,,,,7,0.0,0.0,0.0
2016-09-02 12:30:00+00:00,NFP,Surprise + Adaptive state,-0.40888888651079935,26.477883425233273,2.7239150507848566,,0.0,False,,,,,,8,0.0,0.0,0.0
2016-09-16 12:30:00+00:00,CPI,Surprise + Adaptive state,-1.1782923846276343,17.522345468030665,2.7553998832457673,,0.0,False,,,,,,8,0.0,0.0,0.0
2016-09-30 12:30:00+00:00,PCE,Surprise + Adaptive state,1.3393576888346368,8.139062131764518,2.74482437776227,,0.0,False,,,,,,8,0.0,0.0,0.0
2016-10-07 12:30:00+00:00,NFP,Surprise + Adaptive state,-0.1964152932718881,6.954909286953637,2.7403622851834646,,0.0,False,,,,,,9,0.0,0.0,0.0
2016-10-18 12:30:00+00:00,CPI,Surprise + Adaptive state,-0.16901430640024803,2.3397286021609176,2.7624956104412965,,0.0,False,,,,,,9,0.0,0.0,0.0
2016-10-31 12:30:00+00:00,PCE,Surprise + Adaptive state,-0.3840686609153908,4.702010195956063,2.7751646284101597,,0.0,False,,,,,,9,0.0,0.0,0.0
2016-11-04 12:30:00+00:00,NFP,Surprise + Adaptive state,-0.1303193272493761,19.18925990609388,2.8310940499040305,,0.0,False,,,,,,10,0.0,0.0,0.0
2016-11-17 13:30:00+00:00,CPI,Surprise + Adaptive state,-0.16796381350875023,5.750762134448806,2.714515757994019,,0.0,False,,,,,,10,0.0,0.0,0.0
2016-11-30 13:30:00+00:00,PCE,Surprise + Adaptive state,1.3230170925284488,4.525910916814979,2.6714964908308807,,0.0,False,,,,,,10,0.0,0.0,0.0
2016-12-02 13:30:00+00:00,NFP,Surprise + Adaptive state,0.033610480884534014,3.425244082126966,2.6940639269406392,,0.0,False,,,,,,11,0.0,0.0,0.0
2016-12-15 13:30:00+00:00,CPI,Surprise + Adaptive state,-0.1669325545533029,11.081561417709551,2.6175687666370893,,0.0,False,,,,,,11,0.0,0.0,0.0
2016-12-22 15:00:00+00:00,PCE,Surprise + Adaptive state,2.9838886430672513,0.0,2.6149584487534625,,0.0,False,,,,,,11,0.0,0.0,0.0
2017-01-06 13:30:00+00:00,NFP,Surprise + Adaptive state,-0.24560763540543862,11.036310578296238,2.607446690973373,,0.0,False,,,,,,12,0.0,0.0,0.0
2017-01-18 13:30:00+00:00,CPI,Surprise + Adaptive state,-0.1659201234598231,-2.2058012662551363,2.6014109347442678,,0.0,False,,,,,,12,-0.0,0.0,-0.0
2017-01-30 13:30:00+00:00,PCE,Surprise + Adaptive state,-0.4243384371886906,7.67417677305815,2.587719298245614,,0.0,False,,,,,,12,0.0,0.0,0.0
2017-02-03 13:30:00+00:00,NFP,Surprise + Adaptive state,0.8452794369339985,16.42126374812314,2.588570801798837,,0.0,False,,,,,,13,0.0,0.0,0.0
2017-02-15 13:30:00+00:00,CPI,Surprise + Adaptive state,-3.2124696574381035,-7.500670054305658,2.5270371560124207,,0.0,False,,,,,,13,-0.0,0.0,-0.0
2017-03-01 13:30:00+00:00,PCE,Surprise + Adaptive state,1.1790960725118012,1.0503650028059752,2.4784709094727995,,0.0,False,,,,,,13,0.0,0.0,0.0
2017-03-10 13:30:00+00:00,NFP,Surprise + Adaptive state,0.6384882035084962,3.1544083117385213,2.4839490579938954,,0.0,False,,,,,,14,0.0,0.0,0.0
2017-03-15 12:30:00+00:00,CPI,Surprise + Adaptive state,-1.086149736630413,6.325110900311515,2.4894514767932487,,0.0,False,,,,,,14,0.0,0.0,0.0
2017-03-31 12:30:00+00:00,PCE,Surprise + Adaptive state,-0.4384274479644154,0.0,2.4978831498729885,,0.0,False,,,,,,14,0.0,0.0,0.0
2017-04-07 12:30:00+00:00,NFP,Surprise + Adaptive state,-1.3078965412877368,12.774112871811738,2.508770064845328,,0.0,False,,,,,,15,0.0,0.0,0.0
2017-05-01 12:30:00+00:00,PCE,Surprise + Adaptive state,-0.4341842117614949,-3.143171485877616,2.471721826560536,,0.0,False,,,,,,15,-0.0,0.0,-0.0
2017-05-05 12:30:00+00:00,NFP,Surprise + Adaptive state,0.4142854976008267,7.327924954978471,2.472757753562447,,0.0,False,,,,,,16,0.0,0.0,0.0
2017-05-12 12:30:00+00:00,CPI,Surprise + Adaptive state,-0.13514617301327977,9.42063187900466,2.471204188481675,,0.0,False,,,,,,15,0.0,0.0,0.0
2017-05-30 12:30:00+00:00,PCE,Surprise + Adaptive state,-0.4300621707383414,3.112194641019528,2.44914902449149,,0.0,False,,,,,,16,0.0,0.0,0.0
2017-06-02 12:30:00+00:00,NFP,Surprise + Adaptive state,-0.6677396065852849,-4.111419525489879,2.423744479819246,,0.0,False,,,,,,17,-0.0,0.0,-0.0
2017-06-14 12:30:00+00:00,CPI,Surprise + Adaptive state,0.7999778667585382,9.213288259850572,2.4165472045873435,,0.0,False,,,,,,16,0.0,0.0,0.0
2017-06-30 12:30:00+00:00,PCE,Surprise + Adaptive state,-0.4260556508599551,-6.188757288807523,2.4342444559051057,,0.0,False,,,,,,17,-0.0,0.0,-0.0
2017-07-07 12:30:00+00:00,NFP,Surprise + Adaptive state,0.8034356423152486,0.0,2.448640796845819,,0.0,False,,,,,,18,0.0,0.0,0.0
2017-07-14 12:30:00+00:00,CPI,Surprise + Adaptive state,0.7927260050565855,10.214505484649194,2.412594561439378,,0.0,False,,,,,,17,0.0,0.0,0.0
2017-08-01 12:30:00+00:00,PCE,Surprise + Adaptive state,-0.422159343805065,8.08489179966898,2.385525118770848,,0.0,False,,,,,,18,0.0,0.0,0.0
2017-08-04 12:30:00+00:00,NFP,Surprise + Adaptive state,0.5458452330557173,-4.040812258239157,2.3848019401778493,,0.0,False,,,,,,19,-0.0,0.0,-0.0
2017-08-11 12:30:00+00:00,CPI,Surprise + Adaptive state,0.7856685090657263,16.405212333037156,2.42225187313969,,0.0,False,,,,,,18,0.0,0.0,0.0
2017-08-31 12:30:00+00:00,PCE,Surprise + Adaptive state,-0.4183682771652557,4.062563533437924,2.397642995021843,,0.0,False,,,,,,19,0.0,0.0,0.0
2017-09-01 12:30:00+00:00,NFP,Surprise + Adaptive state,-0.34604558050796347,3.0301500156149075,2.3831162274058366,,0.0,False,,,,,,20,0.0,0.0,0.0
2017-09-14 12:30:00+00:00,CPI,Surprise + Adaptive state,-1.1017624856808288,0.0,2.3673387501253886,,0.0,False,,,,,,19,0.0,0.0,0.0
2017-09-29 12:30:00+00:00,PCE,Surprise + Adaptive state,1.24403333303221,-3.9896270228112485,2.353879912228207,,0.0,False,,,,,,20,-0.0,0.0,-0.0
2017-10-06 12:30:00+00:00,NFP,Surprise + Adaptive state,-1.8424473560997108,-13.7524579631787,2.3159960745829244,,0.0,False,,,,,,21,-0.0,0.0,-0.0
2017-10-13 12:30:00+00:00,CPI,Surprise + Adaptive state,0.7897822256401897,4.895481568372162,2.3114593535749264,,0.0,False,,,,,,20,0.0,0.0,0.0
2017-10-30 12:30:00+00:00,PCE,Surprise + Adaptive state,-0.43153418183276016,-0.971675655438986,2.293043140303148,,0.0,False,,,,,,21,-0.0,0.0,-0.0
2017-11-03 12:30:00+00:00,NFP,Surprise + Adaptive state,-0.7859021766829931,-3.8778478430501195,2.287930198739699,,0.0,False,,,,,,22,-0.0,0.0,-0.0
2017-11-15 13:30:00+00:00,CPI,Surprise + Adaptive state,-0.15820077948038003,-6.81563728250012,2.2968369829683697,,0.0,False,,,,,,21,-0.0,0.0,-0.0
2017-11-30 13:30:00+00:00,PCE,Surprise + Adaptive state,-0.42780275982372784,0.0,2.240577233456755,,0.0,False,,,,,,22,0.0,0.0,0.0
2017-12-08 13:30:00+00:00,NFP,Surprise + Adaptive state,0.6370043888724991,6.6103217856294805,2.229991495795143,,0.0,False,,,,,,23,0.0,0.0,0.0
2017-12-13 13:30:00+00:00,CPI,Surprise + Adaptive state,-0.1573539546812662,9.37822445177261,2.213676015383172,,0.0,False,,,,,,22,0.0,0.0,0.0
2017-12-22 13:30:00+00:00,PCE,Surprise + Adaptive state,1.2482623178131573,-1.8597731130398643,2.1947363526457733,,0.0,False,,,,,,23,-0.0,0.0,-0.0
2018-01-05 13:30:00+00:00,NFP,Surprise + Adaptive state,-0.621220884870033,10.068189949397066,2.1587998536406876,,0.0,False,,,,,,24,0.0,0.0,0.0
2018-01-12 13:30:00+00:00,CPI,Surprise + Adaptive state,-0.15652048446517022,-10.827394362813436,2.126700910155898,,0.0,False,,,,,,23,-0.0,0.0,-0.0
2018-01-29 13:30:00+00:00,PCE,Surprise + Adaptive state,-0.4402926559951366,-8.721437845693458,2.0573620434138262,,0.0,False,,,,,,24,-0.0,0.0,-0.0
2018-02-02 13:30:00+00:00,NFP,Surprise + Adaptive state,0.4228435414864092,16.048505584276285,2.1020753540571833,,0.0,False,,,,,,25,0.0,0.0,0.0
2018-02-14 13:30:00+00:00,CPI,Surprise + Adaptive state,-2.0674616228090885,-21.746332968355375,2.205401364358471,,0.0,False,,,,,,24,-0.0,0.0,-0.0
2018-03-01 13:30:00+00:00,PCE,Surprise + Adaptive state,-0.4366213148929902,29.495827449625978,2.1789308466438926,,0.0,False,,,,,,25,0.0,0.0,0.0
2018-03-09 13:30:00+00:00,NFP,Surprise + Adaptive state,1.9022467250921624,37.264301244963605,2.1580102414045355,,0.0,False,,,,,,26,0.0,0.0,0.0
2018-03-13 12:30:00+00:00,CPI,Surprise + Adaptive state,-0.1324165031997715,-0.894494387644329,2.116591928251121,,0.0,False,,,,,,25,-0.0,0.0,-0.0
2018-03-29 12:30:00+00:00,PCE,Surprise + Adaptive state,-0.4330405906855374,-0.9551554522779782,2.2553516819571864,,0.0,False,,,,,,26,-0.0,0.0,-0.0
2018-04-06 12:30:00+00:00,NFP,Surprise + Adaptive state,-1.2995829002724142,7.568590711333201,2.2331566994700984,,0.0,False,,,,,,27,0.0,0.0,0.0
2018-04-11 12:30:00+00:00,CPI,Surprise + Adaptive state,0.8133579879158452,-1.8989745594666374,2.240789973414356,,0.0,False,,,,,,26,-0.0,0.0,-0.0
2018-04-30 12:30:00+00:00,PCE,Surprise + Adaptive state,-0.4295466448744693,-0.9336632283662993,2.202519832011199,,0.0,False,,,,,,27,-0.0,0.0,-0.0
2018-05-04 12:30:00+00:00,NFP,Surprise + Adaptive state,-0.4042211205062629,-2.8572789374869956,2.250190694126621,,0.0,False,,,,,,28,-0.0,0.0,-0.0
2018-05-10 12:30:00+00:00,CPI,Surprise + Adaptive state,0.8066313627379722,4.623849899747512,2.185387535882952,,0.0,False,,,,,,27,0.0,0.0,0.0
2018-05-31 12:30:00+00:00,PCE,Surprise + Adaptive state,-0.4261361668922612,-2.752419853155885,2.164144887666208,,0.0,False,,,,,,28,-0.0,0.0,-0.0
2018-06-01 12:30:00+00:00,NFP,Surprise + Adaptive state,0.6295443548080089,21.14651640770404,2.1701149425287354,,0.0,False,,,,,,29,0.0,0.0,0.0
2018-06-12 12:30:00+00:00,CPI,Surprise + Adaptive state,-0.14836969090721452,9.876544012730193,2.120395327942498,,0.0,False,,,,,,28,0.0,0.0,0.0
2018-06-29 12:30:00+00:00,PCE,Surprise + Adaptive state,-0.4228058320342103,-11.912945280592169,2.161370088835974,,0.0,False,,,,,,29,-0.0,0.0,-0.0
2018-07-06 12:30:00+00:00,NFP,Surprise + Adaptive state,0.3749571567850948,-3.6519675380652927,2.158602396414525,,0.0,False,,,,,,30,-0.0,0.0,-0.0
2018-07-12 12:30:00+00:00,CPI,Surprise + Adaptive state,0.8054339632504349,7.169743988786337,2.1162123385939737,,0.0,False,,,,,,29,0.0,0.0,0.0
2018-07-31 12:30:00+00:00,PCE,Surprise + Adaptive state,-0.4195525615380417,-5.338553378866351,2.0998309458136846,,0.0,False,,,,,,30,-0.0,0.0,-0.0
2018-08-03 12:30:00+00:00,NFP,Surprise + Adaptive state,-0.5320078037025123,-8.83626460252529,2.083701218435458,,0.0,False,,,,,,31,-0.0,0.0,-0.0
2018-08-10 12:30:00+00:00,CPI,Surprise + Adaptive state,-0.15572468844210885,-3.5211267969437188,2.077099102270727,,0.0,False,,,,,,30,-0.0,0.0,-0.0
2018-08-30 12:30:00+00:00,PCE,Surprise + Adaptive state,0.016880010255722527,-4.295348203999794,2.026968994245469,,0.0,False,,,,,,31,-0.0,0.0,-0.0
2018-09-07 12:30:00+00:00,NFP,Surprise + Adaptive state,0.2616225928660689,-8.713078881790182,2.052173913043478,,0.0,False,,,,,,32,-0.0,0.0,-0.0
2018-09-13 12:30:00+00:00,CPI,Surprise + Adaptive state,0.8043331512490195,-1.7253278165441088,2.0379965457685665,,0.0,False,,,,,,31,-0.0,0.0,-0.0
2018-09-28 12:30:00+00:00,PCE,Surprise + Adaptive state,-0.41932078998489236,3.43436081337245,2.026968994245469,,0.0,False,,,,,,32,0.0,0.0,0.0
2018-10-05 12:30:00+00:00,NFP,Surprise + Adaptive state,-0.7870138858905067,-11.176547610585175,2.0301075268817206,,0.0,False,,,,,,33,-0.0,0.0,-0.0
2018-10-11 12:30:00+00:00,CPI,Surprise + Adaptive state,0.7980522394154973,-16.172510263494644,2.1270842721946823,,0.0,False,,,,,,32,-0.0,0.0,-0.0
2018-10-29 12:30:00+00:00,PCE,Surprise + Adaptive state,-0.4162236927774103,1.8535681239484347,2.188427299703264,,0.0,False,,,,,,33,0.0,0.0,0.0
2018-11-02 12:30:00+00:00,NFP,Surprise + Adaptive state,0.9282289143639069,-3.62811795362461,2.140201324022853,,0.0,False,,,,,,34,-0.0,0.0,-0.0
2018-11-14 13:30:00+00:00,CPI,Surprise + Adaptive state,-0.17073431842246337,14.60653902196185,2.159787681888899,,0.0,False,,,,,,33,0.0,0.0,0.0
2018-11-29 13:30:00+00:00,PCE,Surprise + Adaptive state,-0.413194375549636,-1.8279864779913169,2.157615651855915,,0.0,False,,,,,,34,-0.0,0.0,-0.0
2018-12-07 13:30:00+00:00,NFP,Surprise + Adaptive state,-0.6547686526365027,9.29800159966021,2.197188343729634,,0.0,False,,,,,,35,0.0,0.0,0.0
2018-12-12 13:30:00+00:00,CPI,Surprise + Adaptive state,-0.1699188197561624,38.40934039562427,2.214299118033402,,0.0,False,,,,,,34,0.0,0.0,0.0
2019-01-04 13:30:00+00:00,NFP,Surprise + Adaptive state,2.261740690734558,32.32326046582301,2.378552711146946,9.067467079911548,1.0,True,4.009065724049319,,,none,,36,32.32326046582301,2.378552711146946,29.944707754676067
2019-01-11 13:30:00+00:00,CPI,Surprise + Adaptive state,-0.16911489877107314,-11.596445056802906,2.2812953117448043,,0.0,False,,,,,,35,-0.0,0.0,-0.0
2019-02-01 13:30:00+00:00,NFP,Surprise + Adaptive state,2.3749676396538355,16.634325986970566,2.1863998517695014,12.705579938329175,1.0,True,5.349790761856899,,,none,,37,16.634325986970566,2.1863998517695014,14.447926135201065
2019-02-13 13:30:00+00:00,CPI,Surprise + Adaptive state,0.8075888422190041,12.718024970066466,2.144674663758633,3.1001697765908687,1.0,True,3.838797188025236,,,none,,36,12.718024970066466,2.144674663758633,10.573350306307834
2019-03-01 13:30:00+00:00,PCE,Surprise + Adaptive state,-2.108137244454332,3.570790968137061,2.106954736184269,,0.0,False,,,,,,35,0.0,0.0,0.0
2019-03-08 13:30:00+00:00,NFP,Surprise + Adaptive state,-2.577157761426142,-9.160026288554945,2.1552511415525113,-14.104757782357972,-1.0,True,5.4729896607310184,,,none,,38,9.160026288554945,2.1552511415525113,7.004775147002434
2019-03-12 12:30:00+00:00,CPI,Surprise + Adaptive state,-0.17594973086669394,16.14350126384778,2.1196335548769536,-0.7116508462749418,0.0,True,4.044625943839124,,,none,,37,0.0,0.0,0.0
2019-03-29 12:30:00+00:00,PCE,Surprise + Adaptive state,1.3555304283976177,7.9438637833106895,2.0838852097130243,2.044066128661409,0.0,True,1.5079455878225576,,,none,,36,0.0,0.0,0.0
2019-04-05 12:30:00+00:00,NFP,Surprise + Adaptive state,0.36000953458674323,-4.323950428428702,2.044529151866932,1.9061224069759737,0.0,True,5.294644235364547,,,none,,39,-0.0,0.0,-0.0
2019-04-10 12:30:00+00:00,CPI,Surprise + Adaptive state,-0.6660549897418855,2.59684052531739,2.0431131503765907,-2.6594268958235867,-1.0,True,3.9928038026622805,,,none,,38,-2.59684052531739,2.0431131503765907,-4.639953675693981
2019-05-03 12:30:00+00:00,NFP,Surprise + Adaptive state,1.2218354880047635,11.086948387397655,2.015371477369769,6.412847689390461,1.0,True,5.248536118280974,,,none,,40,11.086948387397655,2.015371477369769,9.071576910027886
2019-05-10 12:30:00+00:00,CPI,Surprise + Adaptive state,0.8147019300586259,22.787038782112745,2.0663689694422556,3.217949064287129,1.0,True,3.949848337852306,,,none,,39,22.787038782112745,2.0663689694422556,20.72066981267049
2019-05-31 12:30:00+00:00,PCE,Surprise + Adaptive state,-0.36868440449756795,11.778030806617323,2.1392313270485857,-0.6403141020960653,0.0,True,1.7367539670376515,,,none,,37,0.0,0.0,0.0
2019-06-07 12:30:00+00:00,NFP,Surprise + Adaptive state,-1.5524750423548752,7.014467626511589,2.0669118935014885,-8.255058895684437,-1.0,True,5.317353690377356,,,none,,41,-7.014467626511589,2.0669118935014885,-9.081379520013078
2019-06-12 12:30:00+00:00,CPI,Surprise + Adaptive state,-0.17710016798500505,-6.074016413055716,2.0486111111111107,-0.7804154092924366,0.0,True,4.406632800927178,,,none,,40,-0.0,0.0,-0.0
2019-06-28 12:30:00+00:00,PCE,Surprise + Adaptive state,-0.366294583792779,5.105948540844452,2.0083397157688707,-0.5947836223756017,0.0,True,1.6237849225531655,,,none,,38,0.0,0.0,0.0
2019-07-05 12:30:00+00:00,NFP,Surprise + Adaptive state,1.0718570086511612,-11.70666577380075,1.9707724425887263,5.246078394163545,1.0,True,4.894382694539898,,,none,,42,-11.70666577380075,1.9707724425887263,-13.677438216389477
2019-07-11 12:30:00+00:00,CPI,Surprise + Adaptive state,-1.1663865052088653,4.164064186760186,1.9633943427620633,-5.1775001327074985,-1.0,True,4.438923212490667,,,none,,41,-4.164064186760186,1.9633943427620633,-6.127458529522249
2019-07-30 12:30:00+00:00,PCE,Surprise + Adaptive state,-0.36395092463953677,-14.96010917310997,1.9611101878012298,-0.5741643171363826,0.0,True,1.5775871917485709,,,none,,39,-0.0,0.0,-0.0
2019-08-02 12:30:00+00:00,NFP,Surprise + Adaptive state,0.031497609119124026,4.246825561757817,2.0042462845010616,0.14317358325587684,0.0,True,4.545538130033744,,,none,,43,0.0,0.0,0.0
2019-08-13 12:30:00+00:00,CPI,Surprise + Adaptive state,-0.1659081562956267,6.961364708555351,2.051638702947057,-0.7033363071519005,0.0,True,4.2393112120337655,,,none,,42,0.0,0.0,0.0
2019-08-30 12:30:00+00:00,PCE,Surprise + Adaptive state,-0.3616517148149259,-3.397027633518235,2.0040760869565215,-0.6173694751635258,0.0,True,1.7070829471373103,,,none,,40,-0.0,0.0,-0.0
2019-09-06 12:30:00+00:00,NFP,Surprise + Adaptive state,-0.4303607562946714,-3.3537352540236043,1.9768805495057797,-1.954980047644666,0.0,True,4.542654085090592,,,none,,44,-0.0,0.0,-0.0
2019-09-12 12:30:00+00:00,CPI,Surprise + Adaptive state,-0.16517796464621493,2.492833117742066,1.961436170212766,-0.6985945510817736,0.0,True,4.229344710585656,,,none,,43,0.0,0.0,0.0
2019-09-27 12:30:00+00:00,PCE,Surprise + Adaptive state,1.3657033853241398,-3.3461603123186023,1.9745649263721552,2.3661688559432403,1.0,True,1.7325642459190707,,,none,,41,-3.3461603123186023,1.9745649263721552,-5.320725238690757
2019-10-04 12:30:00+00:00,NFP,Surprise + Adaptive state,-0.09265768712922037,17.99871923651608,2.0343073872941986,-0.4236423205003489,0.0,True,4.572122763106934,,,none,,45,0.0,0.0,0.0
2019-10-10 12:30:00+00:00,CPI,Surprise + Adaptive state,0.8325119977114724,5.145356429459014,2.0254033642293168,3.521571262607606,1.0,True,4.230054668627242,,,none,,44,5.145356429459014,2.0254033642293168,3.119953065229697
2019-10-31 12:30:00+00:00,PCE,Surprise + Adaptive state,-0.3726587275846903,5.753503631353851,1.9404703173820095,-0.564401766726005,0.0,True,1.5145271664078743,,,none,,42,0.0,0.0,0.0
2019-11-01 12:30:00+00:00,NFP,Surprise + Adaptive state,0.742125242156633,5.742647518260924,1.941428101349128,3.353297959949112,1.0,True,4.518506809180013,,,none,,46,5.742647518260924,1.941428101349128,3.801219416911796
2019-11-13 13:30:00+00:00,CPI,Surprise + Adaptive state,-1.1700469441557593,0.8108655994831793,1.914030819140308,-4.890462539896551,-1.0,True,4.179714809156855,,,none,,45,-0.8108655994831793,1.914030819140308,-2.724896418623487
2019-11-27 15:00:00+00:00,PCE,Surprise + Adaptive state,0.9149489511371186,0.0,1.875993640699523,1.3351871821935855,0.0,True,1.4593023802411988,,,none,,43,0.0,0.0,0.0
2019-12-06 13:30:00+00:00,NFP,Surprise + Adaptive state,1.42861497447116,27.130562444348527,1.8893603394443998,6.462324619188274,1.0,True,4.523489347842287,,,none,,47,27.130562444348527,1.8893603394443998,25.241202104904126
2019-12-11 13:30:00+00:00,CPI,Surprise + Adaptive state,-1.158461044632005,4.777830955688955,1.8795794839120739,-4.761498305056272,-1.0,True,4.11019285207713,,,none,,46,-4.777830955688955,1.8795794839120739,-6.657410439601029
2020-01-10 13:30:00+00:00,NFP,Surprise + Adaptive state,-0.20617197687041738,1.5236934358142662,1.797958250799939,-1.0232052053069793,0.0,True,4.962872359467559,,,none,,48,0.0,0.0,0.0
2020-01-14 13:30:00+00:00,CPI,Surprise + Adaptive state,0.8436125672345851,10.648818226925982,1.795359452263218,3.319492914997019,1.0,True,3.934854747219479,,,none,,47,10.648818226925982,1.795359452263218,8.853458774662764
2020-01-31 13:30:00+00:00,PCE,Surprise + Adaptive state,-2.1131396664751882,3.052270149623837,1.8015267175572518,-3.005749193541296,-1.0,True,1.4224091484473531,,,none,,44,-3.052270149623837,1.8015267175572518,-4.853796867181089
2020-02-07 13:30:00+00:00,NFP,Surprise + Adaptive state,1.0001447762026143,-29.955837573361066,1.7667315466387181,4.962297949767685,1.0,True,4.961579631109725,,,none,,49,-29.955837573361066,1.7667315466387181,-31.722569119999783
2020-02-13 13:30:00+00:00,CPI,Surprise + Adaptive state,0.8376680323617207,7.4338391767270195,1.7552993677947193,3.375864532510574,1.0,True,4.03007444726363,,,none,,48,7.4338391767270195,1.7552993677947193,5.6785398089323005
2020-02-28 13:30:00+00:00,PCE,Surprise + Adaptive state,1.354456856955525,-116.55942728360458,2.012621524816647,1.547992628590165,0.0,True,1.1428881035529321,,,none,,45,-0.0,0.0,-0.0
2020-03-06 13:30:00+00:00,NFP,Surprise + Adaptive state,1.6027523818647151,3.413843167070496,2.017094017094017,7.034279830636283,1.0,True,4.388874981706333,,,none,,50,3.413843167070496,2.017094017094017,1.396749149976479
2020-03-11 12:30:00+00:00,CPI,Surprise + Adaptive state,-1.1639324823814878,-68.45640136681652,2.1196335548769536,-4.701149312988176,-1.0,True,4.039022352369867,,,none,,49,68.45640136681652,2.1196335548769536,66.33676781193957
2020-03-27 12:30:00+00:00,PCE,Surprise + Adaptive state,-0.36227118384366613,-87.70689384210328,2.3139523482694377,0.9020764170620063,0.0,True,-2.490058434930024,,,none,,46,-0.0,0.0,-0.0
2020-04-03 12:30:00+00:00,NFP,Surprise + Adaptive state,-9.584675105229561,48.938924141364026,2.362598858744619,-40.821719665947114,-1.0,True,4.259061388911774,,,none,,51,-48.938924141364026,2.362598858744619,-51.301523000108645
2020-04-30 12:30:00+00:00,PCE,Surprise + Adaptive state,-0.36017238707897786,-58.25924634551782,2.017783857729138,0.6746176245437489,0.0,True,-1.8730409346894772,,,none,,47,-0.0,0.0,-0.0
2020-05-08 12:30:00+00:00,NFP,Surprise + Adaptive state,17.82134084487857,-19.73656623849962,2.0313306937510758,-23.05662748195861,-1.0,True,-1.2937650249018462,,,none,,52,19.73656623849962,2.0313306937510758,17.705235544748543
2020-05-12 12:30:00+00:00,CPI,Surprise + Adaptive state,-0.1633338468717922,10.227564174591919,2.012621524816647,-0.9617866990474456,0.0,True,5.888471480148224,,,none,,50,0.0,0.0,0.0
2020-05-29 12:30:00+00:00,PCE,Surprise + Adaptive state,-2.070466433747151,-11.569293084541243,1.9491245457548727,3.0909491274493,1.0,True,-1.492875748705218,,,none,,48,-11.569293084541243,1.9491245457548727,-13.518417630296117
2020-06-05 12:30:00+00:00,NFP,Surprise + Adaptive state,64.57555252744505,56.32030117411091,1.8825781748564134,39.43523823806508,1.0,True,2.316315971546994,-11.939425804237846,-3.5660229202847358,rv_20d,0.6428571428571429,53,56.32030117411091,1.8825781748564134,54.4377229992545
2020-06-10 12:30:00+00:00,CPI,Surprise + Adaptive state,0.8389770540647904,5.441330928306343,1.8355759508438982,4.92860151236444,1.0,True,5.874536721219823,,,none,,51,5.441330928306343,1.8355759508438982,3.6057549774624444
2020-06-26 12:30:00+00:00,PCE,Surprise + Adaptive state,-2.0164547174799274,-24.47781901032897,1.9238607646531343,2.254906542272685,1.0,True,-1.118253002522548,,,none,,49,-24.47781901032897,1.9238607646531343,-26.401679774982107
2020-07-02 12:30:00+00:00,NFP,Surprise + Adaptive state,1.641547953530035,19.09004715923146,1.8875469887227065,-2.445864972823279,-1.0,True,2.5891035475402657,-12.492177232392802,-4.122773738127996,rv_20d,0.826530612244898,54,-19.09004715923146,1.8875469887227065,-20.977594147954168
2020-07-14 12:30:00+00:00,CPI,Surprise + Adaptive state,-1.1723852919766982,-48.503255745799834,1.8688628444726005,-6.82762527685418,-1.0,True,5.823704309137549,,,none,,52,48.503255745799834,1.8688628444726005,46.63439290132723
2020-07-31 12:30:00+00:00,PCE,Surprise + Adaptive state,0.29050201998543845,-8.444973823458213,1.8109269490484958,-0.10480550854241014,0.0,True,-0.3607737686218621,,,none,,50,-0.0,0.0,-0.0
2020-08-07 12:30:00+00:00,NFP,Surprise + Adaptive state,0.2042193271067664,-17.98696430384439,1.7708411495460343,1.0686881000779938,0.0,True,2.5563847939359583,-12.30761518955694,-4.1602397063032095,rv_20d,0.28252032520325204,55,-0.0,0.0,-0.0
2020-08-12 12:30:00+00:00,CPI,Surprise + Adaptive state,-3.1643008322851895,11.183598556137042,1.7600119322842867,-22.09867711065641,-1.0,True,6.983747210500597,,,none,,53,-11.183598556137042,1.7600119322842867,-12.943610488421328
2020-08-28 12:30:00+00:00,PCE,Surprise + Adaptive state,1.3559572550269576,-11.445741288191869,1.6870398169990706,-0.5153122271063046,0.0,True,-0.38003574610916463,,,none,,51,-0.0,0.0,-0.0
2020-09-04 12:30:00+00:00,NFP,Surprise + Adaptive state,-0.08549110617815014,33.25144020784876,1.7072994284887506,-0.16257770770851543,0.0,True,2.5444142294101697,-12.211732355749387,-4.004164096332043,rv_20d,0.5526315789473685,56,0.0,0.0,0.0
2020-09-11 12:30:00+00:00,CPI,Surprise + Adaptive state,-1.0987651213117418,-16.378800564496032,1.7558217394539097,3.8857118821161993,1.0,True,6.656756725327404,20.41812547561575,2.031701107894522,prev_x,0.0007772801008745778,54,-16.378800564496032,1.7558217394539097,-18.134622303949943
2020-10-01 12:30:00+00:00,PCE,Surprise + Adaptive state,-0.3232204397783153,-13.316566294285792,1.7447878160579624,0.16548592962881156,0.0,True,-0.5119909178463841,,,none,,52,-0.0,0.0,-0.0
2020-10-02 12:30:00+00:00,NFP,Surprise + Adaptive state,-0.32757294004979853,-21.095464765892302,1.773769259676813,-0.18733009580991203,0.0,True,2.53465052781604,-12.223880758676827,-4.219590062633677,rv_20d,0.6605691056910569,57,-0.0,0.0,-0.0
2020-10-13 12:30:00+00:00,CPI,Surprise + Adaptive state,-0.1222113648828133,-11.349128753970206,1.6732841747022122,-0.6523014721234115,0.0,True,5.33748618836631,,,none,,55,-0.0,0.0,-0.0
2020-10-30 12:30:00+00:00,PCE,Surprise + Adaptive state,-0.3214984227491263,29.007653928054822,1.803867614461515,0.15458028888925346,0.0,True,-0.4808119665640678,,,none,,53,0.0,0.0,0.0
2020-11-06 13:30:00+00:00,NFP,Surprise + Adaptive state,-0.041828857834390075,47.96859027862865,1.6973532796317605,-0.05352531646063263,0.0,True,2.5453982518589475,-12.210974198857368,-4.003667052745717,rv_20d,0.6036585365853658,58,0.0,0.0,0.0
2020-11-12 13:30:00+00:00,CPI,Surprise + Adaptive state,0.8491717707533857,17.576550382223388,1.6602180794934926,4.521011752883071,1.0,True,5.324025018957032,,,none,,56,17.576550382223388,1.6602180794934926,15.916332302729895
2020-11-25 15:00:00+00:00,PCE,Surprise + Adaptive state,-0.3198036664251847,0.0,1.6289342904472666,0.1990353917085933,0.0,True,-0.622367447920288,,,none,,54,0.0,0.0,0.0
2020-12-04 13:30:00+00:00,NFP,Surprise + Adaptive state,-0.3460798058020594,-2.041302357973507,1.6053329705462211,-1.6248490726568052,-1.0,True,2.5316370466272016,-12.234262139188889,-4.379276414569498,rv_20d,0.3231707317073171,59,2.041302357973507,1.6053329705462211,0.43596938742728564
2020-12-10 13:30:00+00:00,CPI,Surprise + Adaptive state,-1.1003323497938022,-35.52644304996022,1.6092737811114899,-6.098454986517196,-1.0,True,5.542375435621811,,,none,,57,35.52644304996022,1.6092737811114899,33.91716926884873
2020-12-23 13:30:00+00:00,PCE,Surprise + Adaptive state,1.364273206507212,6.782880270925773,1.6011941108623378,-0.8775151469453615,0.0,True,-0.6432107167097125,,,none,,55,0.0,0.0,0.0
2021-01-08 13:30:00+00:00,NFP,Surprise + Adaptive state,-0.3166483412835174,6.572029679219327,1.5500821018062396,-2.0082337598906372,-1.0,True,2.5342718983289543,-12.244966554447062,-4.397738558810062,rv_20d,0.18902439024390244,60,-6.572029679219327,1.5500821018062396,-8.122111781025566
2021-01-13 13:30:00+00:00,CPI,Surprise + Adaptive state,-0.11993165974022327,3.961442016660044,1.559299636603898,-0.7308340474826572,0.0,True,6.093754135193933,,,none,,58,0.0,0.0,0.0
2021-01-29 13:30:00+00:00,PCE,Surprise + Adaptive state,-2.0053740825460937,37.25390152109043,1.574172892209178,0.6356401288060487,0.0,True,-0.31696835734458956,,,none,,56,0.0,0.0,0.0
2021-02-05 13:30:00+00:00,NFP,Surprise + Adaptive state,-0.1649085855030971,-0.6443091397301259,1.5201288244766504,-0.6668734639142413,0.0,True,2.528953735849872,-12.218892999831786,-4.3416882431586465,rv_20d,0.37601626016260165,61,-0.0,0.0,-0.0
2021-02-10 13:30:00+00:00,CPI,Surprise + Adaptive state,-0.11947685719106668,14.661357207970127,1.50587034201123,-0.7284391862922708,0.0,True,6.096906157544429,,,none,,59,0.0,0.0,0.0
2021-02-26 13:30:00+00:00,PCE,Surprise + Adaptive state,-0.3066559924982575,29.307390152446544,1.5416775542200156,0.49362709402755195,0.0,True,-1.6097095967572097,,,none,,57,0.0,0.0,0.0
2021-03-05 13:30:00+00:00,NFP,Surprise + Adaptive state,0.10051546581221242,65.4872523946537,1.561156314083482,0.4715204180302692,0.0,True,2.5300780230146827,-12.220519575011238,-4.338480608495864,rv_20d,0.3231707317073171,62,0.0,0.0,0.0
2021-03-10 13:30:00+00:00,CPI,Surprise + Adaptive state,-0.11902719013235194,24.442026704889486,1.5233668990446683,-0.7273420084270902,0.0,True,6.110721488244193,,,none,,60,0.0,0.0,0.0
2021-03-26 12:30:00+00:00,PCE,Surprise + Adaptive state,1.354526371517124,10.874781177285797,1.5108834827144686,-2.3236818903325216,-1.0,True,-1.7154940200462132,,,none,,58,-10.874781177285797,1.5108834827144686,-12.385664660000266
2021-04-13 12:30:00+00:00,CPI,Surprise + Adaptive state,-1.1007080946219612,26.110468123761166,1.435261205376148,-6.751672667149528,-1.0,True,6.133935691159238,,,none,,61,-26.110468123761166,1.435261205376148,-27.545729329137313
2021-04-30 12:30:00+00:00,PCE,Surprise + Adaptive state,-0.31634349588250377,-3.5857288377982854,1.4100495907271313,0.41909394506802494,0.0,True,-1.324806580577477,,,none,,59,-0.0,0.0,-0.0
2021-05-07 12:30:00+00:00,NFP,Surprise + Adaptive state,-0.9371711013313,-2.9704441032052387,1.4026745913818721,-7.414624439532722,-1.0,True,2.5470458742056934,-12.391614761783954,-4.718445543273115,rv_20d,0.06707317073170732,63,2.9704441032052387,1.4026745913818721,1.5677695118233665
2021-05-12 12:30:00+00:00,CPI,Surprise + Adaptive state,-5.998741616835394,36.47863967323417,1.4281391830559758,-33.66912139130294,-1.0,True,5.612697385866889,,,none,,62,-36.47863967323417,1.4281391830559758,-37.906778856290146
2021-05-28 12:30:00+00:00,PCE,Surprise + Adaptive state,-0.3147710660260314,-6.531484957399414,1.4010923771075754,0.4166222955627373,0.0,True,-1.3235724008009138,,,none,,60,-0.0,0.0,-0.0
2021-06-04 12:30:00+00:00,NFP,Surprise + Adaptive state,-0.22898401033391952,7.132667920117797,1.4063524223824562,-0.9449756299337123,0.0,True,2.543070601360028,-12.36832305765796,-4.73910405923668,rv_20d,0.3719512195121951,64,0.0,0.0,0.0
2021-06-10 12:30:00+00:00,CPI,Surprise + Adaptive state,-1.2857519574681133,46.79687478692074,1.39835278781774,8.66057181839541,1.0,True,6.230288833697202,25.932183603893616,2.5172794605476145,prev_x,9.94262394637957e-10,63,46.79687478692074,1.39835278781774,45.398521999103
2021-06-25 12:30:00+00:00,PCE,Surprise + Adaptive state,1.353890520300208,5.278437705058536,1.3854643653868732,-1.7765727685506587,-1.0,True,-1.3121982478736363,,,none,,61,-5.278437705058536,1.3854643653868732,-6.66390207044541
2021-07-02 12:30:00+00:00,NFP,Surprise + Adaptive state,0.052207519745368525,9.838248428053475,1.367402514630048,0.4384179891949278,0.0,True,2.5416496780734787,-12.36535923723585,-4.74191373058061,rv_20d,0.026422764227642278,65,0.0,0.0,0.0
2021-07-13 12:30:00+00:00,CPI,Surprise + Adaptive state,-3.5455463257141377,-17.7706487191287,1.3483402845226533,16.83203127977939,1.0,True,6.250635487837141,27.44457978623797,3.0815161915184097,prev_x,0.09926482090542532,64,-17.7706487191287,1.3483402845226533,-19.118989003651354
2021-07-30 12:30:00+00:00,PCE,Surprise + Adaptive state,1.3368933041672204,7.414378529979615,1.3469550824724614,-1.441283500719321,-1.0,True,-1.0780841644031776,,,none,,62,-7.414378529979615,1.3469550824724614,-8.761333612452077
2021-08-06 12:30:00+00:00,NFP,Surprise + Adaptive state,-0.013168586432633885,-11.299436230487458,1.3341624738538074,-0.05840272991545022,0.0,True,2.5460397966966566,-12.391603386474937,-4.755892860063829,rv_20d,0.3475609756097561,66,-0.0,0.0,-0.0
2021-08-11 12:30:00+00:00,CPI,Surprise + Adaptive state,-0.023558568354873046,8.455230063226793,1.3331073829294469,0.11510431481961349,0.0,True,6.63554098946214,23.051871740904545,2.1305120016085555,prev_x,0.00019590005631819896,65,0.0,0.0,0.0
2021-08-27 12:30:00+00:00,PCE,Surprise + Adaptive state,-0.3347998796911022,3.3495227243207637,1.317993968502178,0.27586317298944096,0.0,True,-0.8239643731173433,,,none,,63,0.0,0.0,0.0
2021-09-03 12:30:00+00:00,NFP,Surprise + Adaptive state,-0.6679411690796805,-3.304874720235773,1.2987012987012987,-5.007609753383077,-1.0,True,2.5452097178061655,-12.367112642373751,-4.681971879367508,rv_20d,0.09959349593495935,67,3.304874720235773,1.2987012987012987,2.0061734215344744
2021-09-14 12:30:00+00:00,CPI,Surprise + Adaptive state,0.8192117877682124,1.6735934880429681,1.3207230399015053,5.259011537920191,1.0,True,6.635938553165046,23.020579174295293,2.130565436981429,prev_x,0.490602360316846,66,1.6735934880429681,1.3207230399015053,0.35287044814146284
2021-10-01 12:30:00+00:00,PCE,Surprise + Adaptive state,-1.9950474862945664,-19.705581895266278,1.365977889679921,1.6968594334053553,1.0,True,-0.8505358619593358,,,none,,64,-19.705581895266278,1.365977889679921,-21.0715597849462
2021-10-08 12:30:00+00:00,NFP,Surprise + Adaptive state,-0.44428519767740043,15.919948779696824,1.341518872214643,-0.18154655278628265,0.0,True,2.5485166131378247,-12.386189465750817,-4.751171416926124,rv_20d,0.6727642276422764,68,0.0,0.0,0.0
2021-10-13 12:30:00+00:00,CPI,Surprise + Adaptive state,-0.8730123949613188,-32.21355753947108,1.3567896975968723,-11.5508660725444,-1.0,True,6.5263501554386645,22.830927309880202,2.122408495558536,prev_x,0.7936672046718949,67,32.21355753947108,1.3567896975968723,30.85676784187421
2021-10-29 12:30:00+00:00,PCE,Surprise + Adaptive state,-0.3118249463231859,-10.952303816438302,1.2916643861857586,0.11323502181194094,0.0,True,-0.3631365070278256,,,none,,65,-0.0,0.0,-0.0
2021-11-05 12:30:00+00:00,NFP,Surprise + Adaptive state,0.0039393692891312405,17.592029485662408,1.2593383137673424,0.026398103737379552,0.0,True,2.5444935265455717,-12.394241876328836,-4.8781913641098695,rv_20d,0.16463414634146342,69,0.0,0.0,0.0
2021-11-10 13:30:00+00:00,CPI,Surprise + Adaptive state,-2.556455404982467,-1.6085359676409894,1.2637892256613472,1.2172974658543647,0.0,True,6.905886402659126,23.915536153746384,2.2810197674067534,prev_x,0.19132816086763288,68,-0.0,0.0,-0.0
2021-11-24 15:00:00+00:00,PCE,Surprise + Adaptive state,1.3369344843085225,12.83422636060294,1.2642631381582472,-0.45344035818603196,0.0,True,-0.33916423243473776,,,none,,66,0.0,0.0,0.0
2021-12-03 13:30:00+00:00,NFP,Surprise + Adaptive state,-0.4833671251658682,18.524577597709424,1.286945141236776,-0.633982608505601,0.0,True,2.5497969530695146,-12.43254376252342,-4.915334723906292,rv_20d,0.5995934959349594,70,0.0,0.0,0.0
2021-12-10 13:30:00+00:00,CPI,Surprise + Adaptive state,-0.8337716263587658,19.163212507642413,1.2598761477685243,3.9117664346939276,1.0,True,7.01970294233306,23.67303983415923,2.2961621250189546,prev_x,0.005287231216746957,69,19.163212507642413,1.2598761477685243,17.90333635987389
2021-12-23 13:30:00+00:00,PCE,Surprise + Adaptive state,-0.320719690291463,-3.725088513917285,1.255786729101261,0.005415743977660775,0.0,True,-0.016886222273222656,,,none,,67,-0.0,0.0,-0.0
2022-01-07 13:30:00+00:00,NFP,Surprise + Adaptive state,-0.3780124387835242,-39.47303359687737,1.2578616352201257,0.6205445274008383,0.0,True,2.543039994196354,-12.428625922100393,-5.014176618263734,rv_20d,0.8366935483870968,71,-0.0,0.0,-0.0
2022-01-12 13:30:00+00:00,CPI,Surprise + Adaptive state,-0.828879460574073,31.77295619362752,1.251259212130852,0.034295709787839926,0.0,True,7.027609720347967,23.737745757030165,2.325525126715515,prev_x,0.20220484352085966,70,0.0,0.0,0.0
2022-01-28 13:30:00+00:00,PCE,Surprise + Adaptive state,-0.31922917712759896,41.81433585358718,1.3784241574674376,0.00491702037386044,0.0,True,-0.015402791242653426,,,none,,68,0.0,0.0,0.0
2022-02-04 13:30:00+00:00,NFP,Surprise + Adaptive state,0.3137581071235987,-23.580944058245734,1.3192464643076751,-1.0930058256326833,0.0,True,2.551995901003938,-12.319557767384751,-4.245855333799935,rv_20d,0.9899193548387096,72,-0.0,0.0,-0.0
2022-02-10 13:30:00+00:00,CPI,Surprise + Adaptive state,-1.6544445730650783,-56.62000119091459,1.2891947995192832,0.08706196851172801,0.0,True,6.9338613992086255,23.57004652958035,2.333760451855499,prev_x,0.20358630942579825,71,-0.0,0.0,-0.0
2022-02-25 13:30:00+00:00,PCE,Surprise + Adaptive state,-0.3177592719112605,8.71561020861833,1.371056759426015,0.05290432741157754,0.0,True,-0.16649184489053065,,,none,,69,0.0,0.0,0.0
2022-03-04 13:30:00+00:00,NFP,Surprise + Adaptive state,0.21157723178032842,-30.626125466781673,1.3648718986756114,-0.7327025402121741,0.0,True,2.5857197283995372,-12.448920345752125,-3.9989043904761705,rv_20d,0.9858870967741935,73,-0.0,0.0,-0.0
2022-03-10 13:30:00+00:00,CPI,Surprise + Adaptive state,0.01752763028449497,-36.053113906753254,1.3947166243129838,-0.05136836815320248,0.0,True,7.475243109665178,23.074014591210197,2.1395250147675675,prev_x,0.04901860816199188,72,-0.0,0.0,-0.0
2022-03-31 12:30:00+00:00,PCE,Surprise + Adaptive state,-0.3163095037297847,-3.806106127548503,1.2830270740458845,0.06440695118092078,0.0,True,-0.20362003171407086,,,none,,70,-0.0,0.0,-0.0
2022-04-01 12:30:00+00:00,NFP,Surprise + Adaptive state,-0.1576196468748535,-20.892904015248348,1.2959912136188907,0.43709126059897946,0.0,True,2.618269046989147,-12.554493641211925,-3.6794706561898805,rv_20d,0.9294354838709677,74,-0.0,0.0,-0.0
2022-04-12 12:30:00+00:00,CPI,Surprise + Adaptive state,0.01746830212922925,45.53767531881192,1.3360507246376812,0.1329994762322751,0.0,True,7.4425812718429345,24.48167436206983,2.296450371665144,prev_x,0.5069921547748015,73,0.0,0.0,0.0
2022-04-29 12:30:00+00:00,PCE,Surprise + Adaptive state,-0.314879416609685,-20.607031343651272,1.3868484456719752,0.06273167589952566,0.0,True,-0.19922444145431695,,,none,,71,-0.0,0.0,-0.0
2022-05-06 12:30:00+00:00,NFP,Surprise + Adaptive state,-0.03130413075081324,-83.53053834177615,1.4283984989710687,0.11305443672051756,0.0,True,2.6250171980704105,-12.523504832141118,-3.427282840326577,rv_20d,0.9979838709677419,75,-0.0,0.0,-0.0
2022-05-11 12:30:00+00:00,CPI,Surprise + Adaptive state,-0.8137570479692707,-97.4942464658568,1.463475133325065,-6.34908202520499,-1.0,True,7.6303084308750995,24.664645145507613,2.28700879847732,prev_x,0.5069684898883721,74,97.4942464658568,1.463475133325065,96.03077133253174
2022-05-27 12:30:00+00:00,PCE,Surprise + Adaptive state,-0.3134685689124132,47.85285205102241,1.4522183250261522,0.044559150748089575,0.0,True,-0.14214870378452496,,,none,,72,0.0,0.0,0.0
2022-06-03 12:30:00+00:00,NFP,Surprise + Adaptive state,-0.00230345274077212,-57.248039685298124,1.4222007954682416,0.00625655783216317,0.0,True,2.6679198037299408,-12.537587268411581,-2.7326967370332906,rv_20d,0.9294354838709677,76,-0.0,0.0,-0.0
2022-06-10 12:30:00+00:00,CPI,Surprise + Adaptive state,-2.473490408348257,-68.14766403902439,1.4687577794373912,-1.5610483502814725,-1.0,True,8.588952418416511,27.242810393713203,2.4512346015693773,prev_x,0.20789207282319133,75,68.14766403902439,1.4687577794373912,66.678906259587
2022-06-30 12:30:00+00:00,PCE,Surprise + Adaptive state,1.3674428037700574,-27.82195753322725,1.5650905232442467,-0.4074366774050064,0.0,True,-0.297955187801419,,,none,,73,-0.0,0.0,-0.0
2022-07-08 12:30:00+00:00,NFP,Surprise + Adaptive state,0.038531795866142235,-23.79192840137989,1.5121419875696802,-0.07441228092314271,0.0,True,2.693561052147064,-12.552900084958223,-2.4495505146842182,rv_20d,0.868421052631579,77,-0.0,0.0,-0.0
2022-07-13 12:30:00+00:00,CPI,Surprise + Adaptive state,-1.6387895948837974,-49.60491669063316,1.5291906952633967,-26.75723970437444,-1.0,True,8.187189676885694,24.520024008124583,2.779598248435756,rv_20d,0.8319838056680162,76,49.60491669063316,1.5291906952633967,48.075725995369766
2022-07-29 12:30:00+00:00,PCE,Surprise + Adaptive state,-1.9957008241117162,1.2215978514973358,1.4403417760146475,1.5509144412458291,1.0,True,-0.777127725011658,,,none,,74,1.2215978514973358,1.4403417760146475,-0.21874392451731173
2022-08-05 12:30:00+00:00,NFP,Surprise + Adaptive state,0.24144452119551107,-44.316357245683946,1.4184397163120568,0.49281330011910923,0.0,True,2.7021709447051294,-12.560278077312562,-2.375621542299173,rv_20d,0.5526315789473685,78,-0.0,0.0,-0.0
2022-08-10 12:30:00+00:00,CPI,Surprise + Adaptive state,1.6768964978331644,35.84661503701625,1.4256373082034552,13.715635132342323,1.0,True,8.5947283378865,25.660226405191953,3.0060932869317796,rv_20d,0.48380566801619435,77,35.84661503701625,1.4256373082034552,34.420977728812794
2022-08-26 12:30:00+00:00,PCE,Surprise + Adaptive state,1.3517023197616702,5.952735457661618,1.4085347657415697,-1.1195039201178876,0.0,True,-0.8282177989568565,,,none,,75,0.0,0.0,0.0
2022-09-02 12:30:00+00:00,NFP,Surprise + Adaptive state,-0.06967087212902896,3.1286174894518126,1.4851173620288212,-0.12100776645622381,0.0,True,2.695756469799506,-12.465800490338232,-2.2721427460330297,rv_20d,0.5769230769230769,79,0.0,0.0,0.0
2022-09-13 12:30:00+00:00,CPI,Surprise + Adaptive state,-1.579948474762284,-79.88895252552197,1.424432641236118,-17.771558493079375,-1.0,True,9.02606069395945,26.136457325728088,3.027519508907023,rv_20d,0.5850202429149798,78,79.88895252552197,1.424432641236118,78.46451988428585
2022-09-30 12:30:00+00:00,PCE,Surprise + Adaptive state,-3.6097507213276065,25.296564270824717,1.6057698850105464,2.3895245833008856,1.0,True,-0.6619638772236488,,,none,,76,25.296564270824717,1.6057698850105464,23.690794385814172
2022-10-07 12:30:00+00:00,NFP,Surprise + Adaptive state,-0.08079578102720068,-51.69010938459451,1.5647792070017237,0.10853561325828219,0.0,True,2.695186006502372,-12.468926452154586,-2.282899648612881,rv_20d,0.8238866396761133,80,-0.0,0.0,-0.0
2022-10-13 12:30:00+00:00,CPI,Surprise + Adaptive state,-1.5620361853588192,-48.87906873292991,1.6279230185555633,-22.742476874296038,-1.0,True,9.920884920074787,27.94486998647009,3.1191642392673327,rv_20d,0.6659919028340081,79,48.87906873292991,1.6279230185555633,47.251145714374346
2022-10-28 12:30:00+00:00,PCE,Surprise + Adaptive state,-0.27118989507824,-28.858156054134554,1.5546772068511199,0.4337028985475991,0.0,True,-1.5992590668707367,,,none,,77,-0.0,0.0,-0.0
2022-11-04 12:30:00+00:00,NFP,Surprise + Adaptive state,-0.00859864988766689,101.90237701539928,1.5736480629459224,0.0035675737721155183,0.0,True,2.7082713234206746,-12.442308752071257,-2.1284943247370327,rv_20d,0.7510121457489879,81,0.0,0.0,0.0
2022-11-10 13:30:00+00:00,CPI,Surprise + Adaptive state,1.6607633563681254,86.7600133036106,1.5670650730411684,27.752433513793292,1.0,True,10.293487622591305,28.818888349960275,3.206048426317182,rv_20d,0.7226720647773279,80,86.7600133036106,1.5670650730411684,85.19294823056944
2022-12-01 13:30:00+00:00,PCE,Surprise + Adaptive state,1.3116164878816416,1.2211503251080558,1.4424546176884052,-2.0406591327064274,-1.0,True,-1.5558352243667233,,,none,,78,-1.2211503251080558,1.4424546176884052,-2.6636049427964608
2022-12-02 13:30:00+00:00,NFP,Surprise + Adaptive state,-0.014585134531113096,23.002092762922643,1.4475863338035944,0.005850784060782456,0.0,True,2.680835589804824,-12.479503578588876,-2.446166032379467,rv_20d,0.7469635627530364,82,0.0,0.0,0.0
2022-12-13 13:30:00+00:00,CPI,Surprise + Adaptive state,1.640803512240514,17.04718829884655,1.4514145141451413,2.2212629471910925,1.0,True,11.804336263269555,33.093474546795385,3.2878773543977915,rv_20d,0.18421052631578946,81,17.04718829884655,1.4514145141451413,15.595773784701407
2022-12-23 13:30:00+00:00,PCE,Surprise + Adaptive state,-0.2794555225126812,-17.52166319977988,1.5331644253881636,0.411328301928224,0.0,True,-1.4718918353440615,,,none,,79,-0.0,0.0,-0.0
2023-01-06 13:30:00+00:00,NFP,Surprise + Adaptive state,-0.06884081561522244,69.95753366027202,1.543694400837258,-0.4934228745359931,0.0,True,2.674588792080132,-12.489025674643724,-2.5353765910550994,rv_20d,0.1402439024390244,83,0.0,0.0,0.0
2023-01-12 13:30:00+00:00,CPI,Surprise + Adaptive state,0.03632795161555792,116.52806960771755,1.4792528519493544,0.17865722255307237,0.0,True,11.899170164762285,32.71223872320671,3.3190174426489296,rv_20d,0.2865853658536585,82,0.0,0.0,0.0
2023-01-27 13:30:00+00:00,PCE,Surprise + Adaptive state,-1.8612980836883501,0.0,1.4513252567492774,2.687008451539953,1.0,True,-1.4436207048660226,,,none,,80,0.0,1.4513252567492774,-1.4513252567492774
2023-02-03 13:30:00+00:00,NFP,Surprise + Adaptive state,0.30665937768946433,-7.238072576072341,1.4148681055155876,2.600941165231215,1.0,True,2.6824723422773324,-12.568885882430088,-2.498611868542702,rv_20d,0.03861788617886179,84,-7.238072576072341,1.4148681055155876,-8.652940681587928
2023-02-14 13:30:00+00:00,CPI,Surprise + Adaptive state,0.036212663530961496,16.900052308237434,1.418524974454529,-0.03162870775515098,0.0,True,12.171767285673196,31.616896619943105,3.1580356756465857,rv_20d,0.08739837398373984,83,0.0,0.0,0.0
2023-02-24 13:30:00+00:00,PCE,Surprise + Adaptive state,-1.830009657188023,-20.143529409750727,1.4796238244514106,2.637150026399708,1.0,True,-1.4410579835146498,,,none,,81,-20.143529409750727,1.4796238244514106,-21.62315323420214
2023-03-10 13:30:00+00:00,NFP,Surprise + Adaptive state,0.011791312539496484,8.274194533761658,1.5076018908905071,0.09975390719790085,0.0,True,2.650487453137167,-12.373399426836857,-2.461650755428357,rv_20d,0.03048780487804878,85,0.0,0.0,0.0
2023-03-14 12:30:00+00:00,CPI,Surprise + Adaptive state,0.03609846609086587,14.112517577338224,1.5165145868140342,-0.07089262489241535,0.0,True,12.180172232968724,31.488089721825453,3.149334593314098,rv_20d,0.0508130081300813,84,0.0,0.0,0.0
2023-03-31 12:30:00+00:00,PCE,Surprise + Adaptive state,-0.24561985495403924,-10.993710262567902,1.4424546176884052,0.2718623044770483,0.0,True,-1.1068417271393616,,,none,,82,-0.0,0.0,-0.0
2023-04-12 12:30:00+00:00,CPI,Surprise + Adaptive state,0.8362188016428281,-7.808980724206549,1.4255511929930536,-2.9001322352443952,-1.0,True,12.18307650228207,31.43074174236795,3.150277890253592,rv_20d,0.0020408163265306124,85,7.808980724206549,1.4255511929930536,6.383429531213496
2023-04-28 12:30:00+00:00,PCE,Surprise + Adaptive state,-0.2446458487409858,15.097077054484487,1.42486264565598,0.26880612671238485,0.0,True,-1.0987561329805284,,,none,,83,0.0,0.0,0.0
2023-05-05 12:30:00+00:00,NFP,Surprise + Adaptive state,-0.009663468391275397,19.508632658045144,1.4373591570741213,-0.078819972622108,0.0,True,2.650058487844249,-12.370610778065402,-2.4627530259076176,rv_20d,0.054878048780487805,86,0.0,0.0,0.0
2023-05-10 12:30:00+00:00,CPI,Surprise + Adaptive state,0.030788529266230838,44.503320984858874,1.42909046869323,-0.04033362381203031,0.0,True,12.128876782249653,32.25335498251176,3.322787834622768,rv_20d,0.08333333333333333,86,0.0,0.0,0.0
2023-05-26 12:30:00+00:00,PCE,Surprise + Adaptive state,-1.809426281392467,6.001680650697949,1.4156319356967189,2.017772679702521,1.0,True,-1.1151450050508376,,,none,,84,6.001680650697949,1.4156319356967189,4.586048715001231
2023-06-02 12:30:00+00:00,NFP,Surprise + Adaptive state,0.0835127359455142,-2.353356485507163,1.389543099387659,0.6823259893941696,0.0,True,2.6534754254695656,-12.394012709685382,-2.4568727119276614,rv_20d,0.054878048780487805,87,-0.0,0.0,-0.0
2023-06-13 12:30:00+00:00,CPI,Surprise + Adaptive state,0.111044762907337,22.355344496993723,1.3565557279990803,-0.2295291456672084,0.0,True,12.164800896463335,31.683458645625684,3.247801999201262,rv_20d,0.0508130081300813,87,0.0,0.0,0.0
2023-06-30 12:30:00+00:00,PCE,Surprise + Adaptive state,-0.22837106669327886,14.009921314226403,1.324800718535983,0.2783556816187687,0.0,True,-1.2188745520579598,,,none,,85,0.0,0.0,0.0
2023-07-07 12:30:00+00:00,NFP,Surprise + Adaptive state,-0.1195977821158257,-23.624715679169128,1.327334083239595,-1.033404441883081,0.0,True,2.6454647399876405,-12.343060596184232,-2.4542306353523884,rv_20d,0.014285714285714285,88,-0.0,0.0,-0.0
2023-07-12 12:30:00+00:00,CPI,Surprise + Adaptive state,0.7957918434964811,7.216809928216605,1.3158628380262056,-2.4764348703428993,-1.0,True,12.176545482024483,31.47623775958456,3.2277360770749013,rv_20d,0.014285714285714285,88,-7.216809928216605,1.3158628380262056,-8.532672766242811
2023-07-28 12:30:00+00:00,PCE,Surprise + Adaptive state,-0.22749221991958832,3.8083839311298107,1.2846333895814055,0.2793417874394241,0.0,True,-1.2279179812749776,,,none,,86,0.0,0.0,0.0
2023-08-04 12:30:00+00:00,NFP,Surprise + Adaptive state,-0.1093620433557646,7.717325778529016,1.3029315960912051,-0.9077937844178199,0.0,True,2.6495813328319606,-12.362067536198978,-2.5147358547347443,rv_20d,0.04285714285714286,89,0.0,0.0,0.0
2023-08-10 12:30:00+00:00,CPI,Surprise + Adaptive state,0.025247022731454967,-9.957956122725875,1.3087118061332002,-0.012068848850278056,0.0,True,12.16677810523815,31.612021706231936,3.3025032621073045,rv_20d,0.1,89,-0.0,0.0,-0.0
2023-08-31 12:30:00+00:00,PCE,Surprise + Adaptive state,-0.22662344597528022,-4.410143401152311,1.3004187789288075,0.2789986831169893,0.0,True,-1.231111290874211,,,none,,87,-0.0,0.0,-0.0
2023-09-01 12:30:00+00:00,NFP,Surprise + Adaptive state,-0.07191857716894035,5.505395426439463,1.3014945127667787,-0.3937596208324284,0.0,True,2.649511888418811,-12.361839643624219,-2.514287343341231,rv_20d,0.2714285714285714,90,0.0,0.0,0.0
2023-09-13 12:30:00+00:00,CPI,Surprise + Adaptive state,0.025170356873976597,31.398960475712556,1.3213885778275476,0.12884686397021983,0.0,True,12.146984609214075,31.886261232742,3.3383972487972327,rv_20d,0.2795918367346939,90,0.0,0.0,0.0
2023-09-29 12:30:00+00:00,PCE,Surprise + Adaptive state,1.3433872606317534,6.297770225032195,1.3533662117215275,-1.6521846503373245,-1.0,True,-1.229864759593115,,,none,,88,-6.297770225032195,1.3533662117215275,-7.651136436753723
2023-10-06 12:30:00+00:00,NFP,Surprise + Adaptive state,0.1131620651823218,-24.085780479303764,1.3739302555743145,0.6481342161238048,0.0,True,2.6494777712139963,-12.362494624052436,-2.514834467781574,rv_20d,0.2510204081632653,91,-0.0,0.0,-0.0
2023-10-12 12:30:00+00:00,CPI,Surprise + Adaptive state,-0.7867827476260195,-20.36660581804739,1.3325052227429282,-7.144586876615549,-1.0,True,12.19310650063748,31.771850114338335,3.321733131119163,rv_20d,0.4020408163265306,91,20.36660581804739,1.3325052227429282,19.034100595304462
2023-10-27 12:30:00+00:00,PCE,Surprise + Adaptive state,-1.799426751444557,9.589452338083504,1.4148681055155876,1.9534361446605883,1.0,True,-1.085588031350759,,,none,,89,9.589452338083504,1.4148681055155876,8.174584232567916
2023-11-03 12:30:00+00:00,NFP,Surprise + Adaptive state,-0.13108733580921772,17.23247023029728,1.3617217702383013,-0.15523564400577572,0.0,True,2.635369413090074,-12.259749279436639,-2.4734023799956493,rv_20d,0.6183673469387755,92,0.0,0.0,0.0
2023-11-14 13:30:00+00:00,CPI,Surprise + Adaptive state,0.8426941285268533,48.58037864913456,1.331828442437923,14.499214809193983,1.0,True,12.268601163502796,31.831849376534308,3.319704889988785,rv_20d,0.6551020408163265,92,48.58037864913456,1.331828442437923,47.248550206696635
2023-11-30 13:30:00+00:00,PCE,Surprise + Adaptive state,1.3321946861111806,-7.655293462214274,1.2896879610907699,-1.6408766732783397,-1.0,True,-1.2317093667955057,,,none,,90,7.655293462214274,1.2896879610907699,6.365605501123504
2023-12-08 13:30:00+00:00,NFP,Surprise + Adaptive state,-0.07577269969724261,16.931105385431522,1.2881392937066753,-0.49916549346865163,0.0,True,2.631869482327881,-12.267987017598955,-2.5206227813985533,rv_20d,0.17755102040816326,93,0.0,0.0,0.0
2023-12-12 13:30:00+00:00,CPI,Surprise + Adaptive state,-0.7887014604517996,-37.250022827706175,1.2727174675079542,1.0980002034999317,0.0,True,12.692862954246763,32.86505822928108,3.4207187386262476,rv_20d,0.07142857142857142,93,-0.0,0.0,-0.0
2023-12-22 13:30:00+00:00,PCE,Surprise + Adaptive state,1.319160634839701,20.30246148841286,1.2297431087488926,-1.6931859337570168,-1.0,True,-1.2835327927767992,,,none,,91,-20.30246148841286,1.2297431087488926,-21.53220459716175
2024-01-05 13:30:00+00:00,NFP,Surprise + Adaptive state,-0.041746958090400695,23.333520689021725,1.2499337958794554,-0.24580148195567664,0.0,True,2.631728823281572,-12.273221532146174,-2.5170489237121716,rv_20d,0.23469387755102042,94,0.0,0.0,0.0
2024-01-11 13:30:00+00:00,CPI,Surprise + Adaptive state,-0.7849042105335153,-18.703247347460206,1.2215953206687715,-4.628655044734229,-1.0,True,12.808951557833764,32.56547591602162,3.377501397362218,rv_20d,0.28775510204081634,94,18.703247347460206,1.2215953206687715,17.481652026791433
2024-01-26 13:30:00+00:00,PCE,Surprise + Adaptive state,-0.23765961104637265,20.826462204794893,1.1996746644977634,0.23147703709401055,0.0,True,-0.9739855925660177,,,none,,92,0.0,0.0,0.0
2024-02-02 13:30:00+00:00,NFP,Surprise + Adaptive state,0.1178356155064509,-20.772648381495173,1.189995966115369,0.46395286391524404,0.0,True,2.63287069577817,-12.291633314711671,-2.522718010605887,rv_20d,0.39387755102040817,95,-0.0,0.0,-0.0
2024-02-13 13:30:00+00:00,CPI,Surprise + Adaptive state,-0.7811613847490155,-44.5970723874467,1.1744799442619687,-6.322738015510833,-1.0,True,12.879524526155876,32.5679982342899,3.368397998018456,rv_20d,0.35306122448979593,95,44.5970723874467,1.1744799442619687,43.42259244318473
2024-02-29 13:30:00+00:00,PCE,Surprise + Adaptive state,-0.23678595848151593,30.957495056256334,1.1648568608094767,0.2351204389692199,0.0,True,-0.9929661390270909,,,none,,93,0.0,0.0,0.0
2024-03-08 13:30:00+00:00,NFP,Surprise + Adaptive state,0.0003740759023637736,13.05704177575251,1.1442979053529867,0.0006089692863314334,0.0,True,2.626440559640079,-12.231757545302987,-2.4771684123260513,rv_20d,0.5816326530612245,96,0.0,0.0,0.0
2024-03-12 12:30:00+00:00,CPI,Surprise + Adaptive state,0.038897596673548446,43.33754013366331,1.1489776046738072,0.6626308539808844,0.0,True,13.036910020338853,32.65322955913297,3.3525007601201486,rv_20d,0.6224489795918368,96,0.0,0.0,0.0
2024-04-05 12:30:00+00:00,NFP,Surprise + Adaptive state,0.01805478474136971,4.798694847139018,1.1310265503690213,0.12393221555009327,0.0,True,2.625074026764841,-12.24087969597856,-2.5084751259081757,rv_20d,0.15368852459016394,97,0.0,0.0,0.0
2024-04-10 12:30:00+00:00,CPI,Surprise + Adaptive state,-0.7799931857072275,-47.55394796145396,1.1192791083708797,0.5408625797907068,0.0,True,13.195460202059174,33.0366558915545,3.3923798568763925,rv_20d,0.07959183673469387,97,-0.0,0.0,-0.0
2024-04-26 12:30:00+00:00,PCE,Surprise + Adaptive state,-0.24439946298316922,-30.232127570890555,1.1525125750842407,0.24922985173201045,0.0,True,-1.01976431817763,,,none,,94,-0.0,0.0,-0.0
2024-05-03 12:30:00+00:00,NFP,Surprise + Adaptive state,-0.17706829493247359,3.8857587432872265,1.1551639745472344,0.3400988982487745,0.0,True,2.6245934553782044,-12.23738667990562,-2.508331378411832,rv_20d,0.8714285714285714,98,0.0,0.0,0.0
2024-05-15 12:30:00+00:00,CPI,Surprise + Adaptive state,0.8630942134153134,-2.8319252561104236,1.119491485223661,14.493313959628622,1.0,True,13.319353239926867,32.72559335753477,3.335414389440114,rv_20d,0.6061224489795919,98,-2.8319252561104236,1.119491485223661,-3.951416741334085
2024-05-31 12:30:00+00:00,PCE,Surprise + Adaptive state,-0.24351667860145637,16.147419921956896,1.1237560116184944,0.24203326472856193,0.0,True,-0.9939083684887053,,,none,,95,0.0,0.0,0.0
2024-06-07 12:30:00+00:00,NFP,Surprise + Adaptive state,0.022890670339214506,-8.423811804760817,1.0993106018259735,0.18134116156720098,0.0,True,2.62359078638381,-12.246451532178694,-2.5451682850872124,rv_20d,0.0673469387755102,99,-0.0,0.0,-0.0
2024-06-12 12:30:00+00:00,CPI,Surprise + Adaptive state,0.8587529694109373,13.357593934699707,1.093605189990732,-0.7377357775492449,0.0,True,13.071212009929775,32.19736840328042,3.3071941800745432,rv_20d,0.0673469387755102,99,0.0,0.0,0.0
2024-06-28 12:30:00+00:00,PCE,Surprise + Adaptive state,-0.2426433957445556,-23.36869659540497,1.059864373287825,0.24485335486867968,0.0,True,-1.0091078478247586,,,none,,96,-0.0,0.0,-0.0
2024-07-05 12:30:00+00:00,NFP,Surprise + Adaptive state,-0.07399593365510283,-12.512290487549649,1.055173030492712,-0.6434567767852174,0.0,True,2.617446892062885,-12.206608487893114,-2.545869209778426,rv_20d,0.0020408163265306124,100,-0.0,0.0,-0.0
2024-07-11 12:30:00+00:00,CPI,Surprise + Adaptive state,1.6754537637453566,-23.720634886927883,1.0383210875973425,-3.8746661272562224,-1.0,True,13.09510970543508,31.990598275368775,3.327812179597284,rv_20d,0.018367346938775512,100,23.720634886927883,1.0383210875973425,22.68231379933054
2024-07-26 12:30:00+00:00,PCE,Surprise + Adaptive state,-0.5783982211069412,-14.129124293944528,1.0756608933454876,0.5727237623983904,0.0,True,-0.9901893565687477,,,none,,97,-0.0,0.0,-0.0
2024-08-02 12:30:00+00:00,NFP,Surprise + Adaptive state,-0.1721608664320203,2.3180880513606894,1.0880590133702166,0.5526459955145583,0.0,True,2.616772874772201,-12.201478942433871,-2.5747181793572373,rv_20d,0.9775510204081632,101,0.0,0.0,0.0
2024-08-14 12:30:00+00:00,CPI,Surprise + Adaptive state,0.023803419256880783,-2.7434842422024985,1.0799926780157423,0.7064198944693492,0.0,True,12.949393197437558,33.59281624558677,3.6650181782399134,rv_20d,0.9979591836734694,101,-0.0,0.0,-0.0
2024-08-30 12:30:00+00:00,PCE,Surprise + Adaptive state,-0.238436036952374,-17.31064148732031,1.0469346109484519,0.22440780167674027,0.0,True,-0.9411656247313162,,,none,,98,-0.0,0.0,-0.0
2024-09-06 12:30:00+00:00,NFP,Surprise + Adaptive state,-0.12297466673639144,40.4353019074577,1.0767405785199378,0.21152489019623258,0.0,True,2.6160930367743576,-12.211030522914989,-2.6138970211033676,rv_20d,0.8551020408163266,102,0.0,0.0,0.0
2024-09-11 12:30:00+00:00,CPI,Surprise + Adaptive state,-0.09913290389855092,38.75178662404721,1.073117497271735,-2.4760701135010037,-1.0,True,12.933587717161553,33.53072901815805,3.667356897932436,rv_20d,0.8591836734693877,102,-38.75178662404721,1.073117497271735,-39.82490412131895
2024-09-27 12:30:00+00:00,PCE,Surprise + Adaptive state,-0.2375999467930136,5.161956496095854,1.0159714150415429,0.22074556440004103,0.0,True,-0.9290640312825686,,,none,,99,0.0,0.0,0.0
2024-10-04 12:30:00+00:00,NFP,Surprise + Adaptive state,0.040543022944561934,39.737439988591916,1.022884882108183,0.09964110339055317,0.0,True,2.607627014092655,-12.247028938778946,-2.805497419094161,rv_20d,0.5122448979591837,103,0.0,0.0,0.0
2024-10-10 12:30:00+00:00,CPI,Surprise + Adaptive state,-0.7970756838786801,-11.160715444233915,1.0107932156929929,-5.649973346395178,-1.0,True,13.050006552718285,33.96742132549271,3.722668478392895,rv_20d,0.32448979591836735,103,11.160715444233915,1.0107932156929929,10.149922228540923
2024-10-31 12:30:00+00:00,PCE,Surprise + Adaptive state,-0.2367725943128565,-6.018916776717731,1.0138763586372814,0.22119924191373058,0.0,True,-0.9342265415289227,,,none,,100,-0.0,0.0,-0.0
2024-11-01 12:30:00+00:00,NFP,Surprise + Adaptive state,-0.20694615809024963,17.356595522741713,1.0242610997786554,-0.39429138386139334,0.0,True,2.6073527978140785,-12.28618874119332,-2.897946485510543,rv_20d,0.5571428571428572,104,0.0,0.0,0.0
2024-11-13 13:30:00+00:00,CPI,Surprise + Adaptive state,0.028872763033326438,-12.46364930768351,0.9825554769141096,0.5980948435751687,0.0,True,13.088429485614297,33.97221959646221,3.719428843425189,rv_20d,0.7244897959183674,104,-0.0,0.0,-0.0
2024-11-27 15:00:00+00:00,PCE,Surprise + Adaptive state,-0.23595382831701026,-13.690391899530141,0.9780356402818069,0.2196707359914833,0.0,True,-0.9309903448413213,,,none,,101,-0.0,0.0,-0.0
2024-12-06 13:30:00+00:00,NFP,Surprise + Adaptive state,-0.08361582857707964,1.6409583233212288,0.9699958898479243,-0.17574835891776558,0.0,True,2.6032559816671914,-12.284320668409421,-2.932672125621742,rv_20d,0.5408163265306123,105,0.0,0.0,0.0
2024-12-11 13:30:00+00:00,CPI,Surprise + Adaptive state,-0.13613039922014264,14.423772874216922,0.9741599933955255,0.2920482675431044,0.0,True,13.028170001672985,33.7955822564862,3.7021655798502118,rv_20d,0.05102040816326531,105,0.0,0.0,0.0
2024-12-20 13:30:00+00:00,PCE,Surprise + Adaptive state,1.35394468555584,11.5678768710481,1.0137892521156406,-1.2487441467836664,-1.0,True,-0.9223007114733162,,,none,,102,-11.5678768710481,1.0137892521156406,-12.58166612316374
2025-01-10 13:30:00+00:00,NFP,Surprise + Adaptive state,0.02543842745033338,-11.427847094758192,0.9921802741108215,-0.05079841259057795,0.0,True,2.6033243893064464,-12.284159430959877,-2.9329127977110145,rv_20d,0.8744855967078189,106,-0.0,0.0,-0.0
2025-01-15 13:30:00+00:00,CPI,Surprise + Adaptive state,0.029630018694912632,42.38094588064456,0.9993648105017997,0.7937820054496847,0.0,True,13.028925575859745,33.74523759947731,3.69473354328088,rv_20d,0.9077868852459017,106,0.0,0.0,0.0
2025-01-31 13:30:00+00:00,PCE,Surprise + Adaptive state,-0.24328328434500773,1.6321867257573786,0.9628722970216238,0.17814344882700361,0.0,True,-0.732246974166843,,,none,,103,0.0,0.0,0.0
2025-02-07 13:30:00+00:00,NFP,Surprise + Adaptive state,-0.13442132024142522,28.686192935971633,0.9669357151636825,-0.2688740625598052,0.0,True,2.6070426612439976,-12.287880287982672,-2.8930351303870343,rv_20d,0.5493827160493827,107,0.0,0.0,0.0
2025-02-12 13:30:00+00:00,CPI,Surprise + Adaptive state,-1.6288289771507536,-8.701237367638726,0.9684037751333606,-21.525574262932476,-1.0,True,13.21536795138942,34.426471061988956,3.770194150985775,rv_20d,0.5,107,8.701237367638726,0.9684037751333606,7.732833592505365
2025-02-28 13:30:00+00:00,PCE,Surprise + Adaptive state,-0.24245575341235073,-11.88404706734758,1.0025062656641603,0.17824808891683183,0.0,True,-0.7351778062930959,,,none,,104,-0.0,0.0,-0.0
2025-03-07 13:30:00+00:00,NFP,Surprise + Adaptive state,-0.10408611006653506,-68.64518418304044,1.0267565803785077,0.21356128115659043,0.0,True,2.60191280381686,-12.291805897523467,-2.951138111848878,rv_20d,0.8786008230452675,108,-0.0,0.0,-0.0
2025-03-12 12:30:00+00:00,CPI,Surprise + Adaptive state,0.863785844188717,-32.72601540974307,1.0488422736767256,23.15102862276496,1.0,True,13.115221500902331,34.28703385769708,3.777371825277769,rv_20d,0.8991769547325102,108,-32.72601540974307,1.0488422736767256,-33.774857683419796
2025-03-28 12:30:00+00:00,PCE,Surprise + Adaptive state,-0.2416366134206346,-18.365478073008035,1.030027932960894,0.17548185535793934,0.0,True,-0.7262221269939136,,,none,,105,-0.0,0.0,-0.0
2025-04-04 12:30:00+00:00,NFP,Surprise + Adaptive state,0.022901267949125444,29.741553848410263,1.11531190926276,-0.07971970453673892,0.0,True,2.6155246712477007,-12.243260770358674,-2.6566788825472174,rv_20d,0.9979508196721312,109,0.0,0.0,0.0
2025-04-10 12:30:00+00:00,CPI,Surprise + Adaptive state,1.6857215992659478,-51.856769601279495,1.0961449140733859,46.99259998409669,1.0,True,12.24672700196421,31.388879238251832,3.3839674568740774,rv_20d,0.9979508196721312,109,-51.856769601279495,1.0961449140733859,-52.95291451535288
2025-04-30 14:00:00+00:00,PCE,Surprise + Adaptive state,-0.24082572346498407,58.768762114631556,1.080685044417987,0.17145469277629588,0.0,True,-0.7119450958536218,,,none,,106,0.0,0.0,0.0
2025-05-02 12:30:00+00:00,NFP,Surprise + Adaptive state,-0.04068498955260628,36.530926829740906,1.0443864229765012,0.13760768137028037,0.0,True,2.600937901720666,-12.217814193029046,-2.7939032282150396,rv_20d,0.9897119341563786,110,0.0,0.0,0.0
2025-05-13 12:30:00+00:00,CPI,Surprise + Adaptive state,0.8463013350782487,-14.899008779529765,1.0058818515045604,6.291386170466158,1.0,True,8.212652829115967,29.11042965909689,2.114407663579333,overnight_ret,0.4732510288065844,110,-14.899008779529765,1.0058818515045604,-15.904890631034325
2025-05-30 12:30:00+00:00,PCE,Surprise + Adaptive state,-0.2400229459321998,4.662894046028043,1.0014427565136212,0.18316168723026874,0.0,True,-0.7631007382186165,,,none,,107,0.0,0.0,0.0
2025-06-06 12:30:00+00:00,NFP,Surprise + Adaptive state,-0.07537897167229662,15.027553337318977,0.9879437374413931,-0.04353039390184825,0.0,True,2.5891522288415576,-12.220864839709439,-2.9801301953254655,rv_20d,0.6646090534979424,111,0.0,0.0,0.0
2025-06-11 12:30:00+00:00,CPI,Surprise + Adaptive state,0.842385437586005,-13.194789973063337,0.9765786642390134,3.9999470538387594,1.0,True,8.032781767308316,29.022368804861152,2.1308005490483244,overnight_ret,0.3868312757201646,111,-13.194789973063337,0.9765786642390134,-14.17136863730235
2025-06-27 12:30:00+00:00,PCE,Surprise + Adaptive state,-0.23922814640251422,-4.427717583972424,0.9491634491634491,0.18374102231281841,0.0,True,-0.768057710080921,,,none,,108,-0.0,0.0,-0.0
2025-07-03 12:30:00+00:00,NFP,Surprise + Adaptive state,-0.03830309080058547,-6.362082205946251,0.9393034825870646,-0.23207109239146745,0.0,True,2.587046572746785,-12.226639855826024,-3.022176658302325,rv_20d,0.21604938271604937,112,-0.0,0.0,-0.0
2025-07-15 12:30:00+00:00,CPI,Surprise + Adaptive state,0.015270024971998773,-7.494921555561973,0.9322167799020382,0.20940258326695244,0.0,True,7.902491389559064,29.113997453142435,2.1571767708909273,overnight_ret,0.6995884773662552,112,-0.0,0.0,-0.0
2025-07-31 12:30:00+00:00,PCE,Surprise + Adaptive state,-0.23844119355490775,-1.9359959791742654,0.9141263508540883,0.18252240026195646,0.0,True,-0.7654818261087322,,,none,,109,-0.0,0.0,-0.0
2025-08-01 12:30:00+00:00,NFP,Surprise + Adaptive state,-0.13459299863347782,-0.7927699385845699,0.9339137316976652,-1.1329859373065494,-1.0,True,2.586270223069238,-12.216189421409869,-3.019289531245127,rv_20d,0.02263374485596708,113,0.7927699385845699,0.9339137316976652,-0.14114379311309533
2025-08-12 12:30:00+00:00,CPI,Surprise + Adaptive state,0.015229351855953272,12.056394265478332,0.9213711251659248,0.11176210792856095,0.0,True,7.8762838780016535,29.03497764021117,2.153707333115826,overnight_ret,0.48148148148148145,113,0.0,0.0,0.0
2025-08-29 12:30:00+00:00,PCE,Surprise + Adaptive state,-0.23766195907583582,-3.460274165121291,0.9084959772106093,0.1818038200287518,0.0,True,-0.7649681115804479,,,none,,110,-0.0,0.0,-0.0
2025-09-05 12:30:00+00:00,NFP,Surprise + Adaptive state,-0.16203229557152443,38.70997302591661,0.9056372078744387,-1.2099154971123218,-1.0,True,2.5877103765603175,-12.223689603428124,-3.0356772741868263,rv_20d,0.10082304526748971,114,-38.70997302591661,0.9056372078744387,-39.61561023379105
2025-09-11 12:30:00+00:00,CPI,Surprise + Adaptive state,-0.8125014898375039,-3.811411411760446,0.9001792729908075,-10.832981556027791,-1.0,True,7.8931991805789785,29.051460435943138,2.1545371216095055,overnight_ret,0.6872427983539094,114,3.811411411760446,0.9001792729908075,2.9112321387696385
2025-09-26 12:30:00+00:00,PCE,Surprise + Adaptive state,-0.23689031757122087,6.362870992262515,0.8845577211394302,0.1808112949675347,0.0,True,-0.7632700940306433,,,none,,111,0.0,0.0,0.0
2025-10-24 12:30:00+00:00,CPI,Surprise + Adaptive state,0.847953082809842,-20.894818723995456,0.8682216172467073,12.806669159650541,1.0,True,7.879473885134068,29.013661450005205,2.159352766084035,overnight_ret,0.7489711934156379,115,-20.894818723995456,0.8682216172467073,-21.763040341242164
2025-11-20 13:30:00+00:00,NFP,Surprise + Adaptive state,-0.0023105936820798033,17.006806820170084,0.8753384518378398,-0.006185859833417422,0.0,True,2.5770018804132473,-12.170833821653646,-2.9640373534841316,rv_20d,0.49176954732510286,115,0.0,0.0,0.0
2025-12-05 15:00:00+00:00,PCE,Surprise + Adaptive state,-0.2361261464815725,14.866656109440157,0.8563445698319968,0.18162957796168244,0.0,True,-0.769205700715812,,,none,,112,0.0,0.0,0.0
2025-12-16 13:30:00+00:00,NFP,Surprise + Adaptive state,,-25.661719485974288,0.8660868288744541,,0.0,False,,,,,,116,-0.0,0.0,-0.0
2026-01-09 13:30:00+00:00,NFP,Surprise + Adaptive state,-0.11728348610816007,12.531105630060324,0.8458781362007167,-0.8196508769949971,0.0,True,2.5767934339037124,-12.182684768302964,-2.9933810385286987,rv_20d,0.13786008230452676,116,0.0,0.0,0.0
2026-01-13 13:30:00+00:00,CPI,Surprise + Adaptive state,0.01505420514787327,-14.946090110150578,0.8419250115943063,0.02758169211113878,0.0,True,7.545403065635168,27.88063277080027,2.1101030770745335,overnight_ret,0.29508196721311475,116,-0.0,0.0,-0.0
2026-02-11 13:30:00+00:00,NFP,Surprise + Adaptive state,-0.002974276950318473,33.246969582805264,0.8462117680806052,-0.0044691319796560935,0.0,True,2.575748035336419,-12.179045564371247,-2.9853167810416585,rv_20d,0.5881147540983607,117,0.0,0.0,0.0
2026-02-13 13:30:00+00:00,CPI,Surprise + Adaptive state,0.8462769813651695,-7.2912872351338365,0.8626992250328995,0.8474659953922911,0.0,True,7.524402148153654,27.92300536191353,2.113065551994446,overnight_ret,0.26639344262295084,117,-0.0,0.0,-0.0
2026-02-20 13:30:00+00:00,PCE,Surprise + Adaptive state,-1.874584816789142,-9.104649462656766,0.8580570098894706,1.4648791487966715,1.0,True,-0.7814419148586569,,,none,,113,-9.104649462656766,0.8580570098894706,-9.962706472546238
2026-03-06 13:30:00+00:00,NFP,Surprise + Adaptive state,-0.288041446580229,-37.365242045162006,0.8678065820922964,-0.5611953231375533,0.0,True,2.5731830852355175,-12.19743504373391,-3.0647700842101426,rv_20d,0.5512295081967213,118,-0.0,0.0,-0.0
2026-03-11 12:30:00+00:00,CPI,Surprise + Adaptive state,-0.07257360225559249,-22.86305295641,0.8689568835376854,-0.46721391741546087,0.0,True,7.473068105505871,28.067425232110992,2.139726845835432,overnight_ret,0.46311475409836067,118,-0.0,0.0,-0.0
2026-03-13 12:30:00+00:00,PCE,Surprise + Adaptive state,-0.21994435368833912,1.8629953292759183,0.880071599045346,0.14264978127144243,0.0,True,-0.6485721450871024,,,none,,114,0.0,0.0,0.0
2026-04-09 12:30:00+00:00,PCE,Surprise + Adaptive state,-0.21926095603584936,1.4691838710234606,0.866786645609138,0.14252593926330417,0.0,True,-0.6500288142499984,,,none,,115,0.0,0.0,0.0
2026-04-10 12:30:00+00:00,CPI,Surprise + Adaptive state,0.3863432136330373,-9.81836112256218,0.8584627696336983,4.059307231030361,1.0,True,7.4491548523276165,28.039841344032357,2.136511225140279,overnight_ret,0.6090534979423868,119,-9.81836112256218,0.8584627696336983,-10.676823892195879
2026-04-30 12:30:00+00:00,PCE,Surprise + Adaptive state,-0.21858389123884375,-6.244579561140995,0.8183930367236536,0.1423550318662773,0.0,True,-0.6512603973671958,,,none,,116,-0.0,0.0,-0.0
2026-05-08 12:30:00+00:00,NFP,Surprise + Adaptive state,-0.02209025678682834,-5.405222928125397,0.7971895689771653,-0.122919477437807,0.0,True,2.585321345393391,-12.216809927116755,-3.004320616518611,rv_20d,0.25614754098360654,119,-0.0,0.0,-0.0
2026-05-12 12:30:00+00:00,CPI,Surprise + Adaptive state,0.009048380436151223,19.22461341855808,0.7964900438744515,-0.025285172726969552,0.0,True,7.375827937513171,27.882537322706803,2.1324338036292088,overnight_ret,0.13524590163934427,120,0.0,0.0,0.0
2026-05-28 12:30:00+00:00,PCE,Surprise + Adaptive state,1.4256193886011588,13.606573077424855,0.7840531561461794,-0.9251543592105926,-1.0,True,-0.6489490579378058,,,none,,117,-13.606573077424855,0.7840531561461794,-14.390626233571034
2026-06-05 12:30:00+00:00,NFP,Surprise + Adaptive state,0.024028750728270636,-9.598359086666619,0.7805523400033073,0.17086573726006926,0.0,True,2.5842027234902014,-12.204541715021882,-2.9973237296301236,rv_20d,0.1290983606557377,120,-0.0,0.0,-0.0
2026-06-10 12:30:00+00:00,CPI,Surprise + Adaptive state,0.009025267637695652,3.74206940804811,0.8039790147850377,-0.04321186193857023,0.0,True,7.391194963941175,27.77283462612204,2.1262717580956436,overnight_ret,0.06147540983606557,121,0.0,0.0,0.0
2026-06-25 12:30:00+00:00,PCE,Surprise + Adaptive state,1.4130475363822363,-8.67794854364945,0.7893504582246305,-0.627157723610102,0.0,True,-0.4438334220629169,,,none,,118,-0.0,0.0,-0.0
