timestamp_utc,event_type,strategy,x,ret_bps,cost_bps,pred_bps,position,eligible,b,d,t_d,used_state,state_pct,n_train,gross_bps,tc_bps,net_bps
2016-01-08 13:30:00+00:00,NFP,Naive sign,1.6142593236792937,-31.072008427486253,1.6722408026755853,,0.0,False,,,,,,0,-0.0,0.0,-0.0
2016-01-20 13:30:00+00:00,CPI,Naive sign,0.8034072020471136,24.557969120273526,1.7826407671502336,,0.0,False,,,,,,0,0.0,0.0,0.0
2016-02-01 13:30:00+00:00,PCE,Naive sign,1.3212240511473,8.84407946564636,1.7110153991385924,,0.0,False,,,,,,0,0.0,0.0,0.0
2016-02-05 13:30:00+00:00,NFP,Naive sign,-0.5662977961971637,-17.51578377945151,1.74446583253128,,0.0,False,,,,,,1,-0.0,0.0,-0.0
2016-02-19 13:30:00+00:00,CPI,Naive sign,-1.1647750851392003,-15.728029374919572,1.749728490406661,,0.0,False,,,,,,1,-0.0,0.0,-0.0
2016-02-26 15:00:00+00:00,PCE,Naive sign,-2.1146814105422513,-31.75165835685334,1.7022775299366049,,0.0,False,,,,,,1,-0.0,0.0,-0.0
2016-03-04 13:30:00+00:00,NFP,Naive sign,0.8511296176546844,-46.15481567977753,1.672723077810463,,0.0,False,,,,,,2,-0.0,0.0,-0.0
2016-03-28 12:30:00+00:00,PCE,Naive sign,-0.3589718295271186,-3.4013605770155664,1.6440841317535009,,0.0,False,,,,,,2,-0.0,0.0,-0.0
2016-04-01 12:30:00+00:00,NFP,Naive sign,0.23256549524665046,-36.470793686653735,1.625651662088682,,0.0,False,,,,,,3,-0.0,0.0,-0.0
2016-04-14 12:30:00+00:00,CPI,Naive sign,0.8159070832843519,6.046447896181917,1.5953350203542742,,0.0,False,,,,,,2,0.0,0.0,0.0
2016-04-29 12:30:00+00:00,PCE,Naive sign,-0.3548908737688326,-16.036658648737045,1.6595135908440628,,0.0,False,,,,,,3,-0.0,0.0,-0.0
2016-05-06 12:30:00+00:00,NFP,Naive sign,-0.5970295853454834,-17.510072763116113,1.688697373784429,,0.0,False,,,,,,4,-0.0,0.0,-0.0
2016-05-17 12:30:00+00:00,CPI,Naive sign,-1.165117912908518,-8.007779413183869,1.6574269874835685,,0.0,False,,,,,,3,-0.0,0.0,-0.0
2016-05-31 12:30:00+00:00,PCE,Naive sign,-0.3509464824958188,1.1067456156510502,1.604514772601527,,0.0,False,,,,,,4,0.0,0.0,0.0
2016-06-03 12:30:00+00:00,NFP,Naive sign,-1.9555484666489378,-10.517867503416767,1.5997352162400706,,0.0,False,,,,,,5,-0.0,0.0,-0.0
2016-06-29 12:30:00+00:00,PCE,Naive sign,-0.3471306674377593,15.077711044817477,1.6827202042474179,,0.0,False,,,,,,5,0.0,0.0,0.0
2016-07-08 12:30:00+00:00,NFP,Naive sign,1.8450710388339822,8.38012284020806,1.6265634640192945,,0.0,False,,,,,,6,0.0,0.0,0.0
2016-07-15 12:30:00+00:00,CPI,Naive sign,0.8115726727885837,-5.986557636141754,1.5790046825656103,,0.0,False,,,,,,4,-0.0,0.0,-0.0
2016-08-02 12:30:00+00:00,PCE,Naive sign,1.357394389268374,-1.0554646692995107,1.5303430079155673,,0.0,False,,,,,,6,-0.0,0.0,-0.0
2016-08-05 12:30:00+00:00,NFP,Naive sign,1.2796377681502662,20.48589028987635,1.5258339471745763,,0.0,False,,,,,,7,0.0,0.0,0.0
2016-08-16 12:30:00+00:00,CPI,Naive sign,-0.18513874292076055,-2.0770588920981936,1.5055549787145677,,0.0,False,,,,,,5,-0.0,0.0,-0.0
2016-08-29 12:30:00+00:00,PCE,Naive sign,-0.36621496105815404,3.65468456308804,1.514360313315927,,0.0,False,,,,,,7,0.0,0.0,0.0
2016-09-02 12:30:00+00:00,NFP,Naive sign,-0.40888888651079935,24.51556922501652,1.5163398692810457,,0.0,False,,,,,,8,0.0,0.0,0.0
2016-09-30 12:30:00+00:00,PCE,Naive sign,1.3393576888346368,2.0638770002534557,1.4963880288957687,,0.0,False,,,,,,8,0.0,0.0,0.0
2016-10-07 12:30:00+00:00,NFP,Naive sign,-0.1964152932718881,10.260620641631135,1.4905427631578947,,0.0,False,,,,,,9,0.0,0.0,0.0
2016-10-18 12:30:00+00:00,CPI,Naive sign,-0.16901430640024803,11.874952992130261,1.498475688523743,,0.0,False,,,,,,6,0.0,0.0,0.0
2016-10-31 12:30:00+00:00,PCE,Naive sign,-0.3840686609153908,5.702880108948705,1.5041493775933608,,0.0,False,,,,,,9,0.0,0.0,0.0
2016-11-04 12:30:00+00:00,NFP,Naive sign,-0.1303193272493761,12.835599152332122,1.5514658677509094,,0.0,False,,,,,,10,0.0,0.0,0.0
2016-11-17 13:30:00+00:00,CPI,Naive sign,-0.16796381350875023,4.699370892957688,1.5139650221874184,,0.0,False,,,,,,7,0.0,0.0,0.0
2016-11-30 13:30:00+00:00,PCE,Naive sign,1.3230170925284488,2.5640368335899666,1.4874083192285994,,0.0,False,,,,,,10,0.0,0.0,0.0
2016-12-02 13:30:00+00:00,NFP,Naive sign,0.033610480884534014,1.0573059853413724,1.5329315995348345,,0.0,False,,,,,,11,0.0,0.0,0.0
2016-12-22 15:00:00+00:00,PCE,Naive sign,2.9838886430672513,-1.0118385114310513,1.4676856116200212,,0.0,False,,,,,,11,-0.0,0.0,-0.0
2017-01-06 13:30:00+00:00,NFP,Naive sign,-0.24560763540543862,4.529783402809073,1.4607364126328513,,0.0,False,,,,,,12,0.0,0.0,0.0
2017-01-18 13:30:00+00:00,CPI,Naive sign,-0.1659201234598231,-0.49498824413518605,1.4347912131407083,,0.0,False,,,,,,8,-0.0,0.0,-0.0
2017-01-30 13:30:00+00:00,PCE,Naive sign,-0.4243384371886906,10.693628589173443,1.4101628981278873,,0.0,False,,,,,,12,0.0,0.0,0.0
2017-02-03 13:30:00+00:00,NFP,Naive sign,0.8452794369339985,18.470816508902033,1.4118792599805257,,0.0,False,,,,,,13,0.0,0.0,0.0
2017-02-15 13:30:00+00:00,CPI,Naive sign,-3.2124696574381035,-8.0658557738289,1.3748636988574408,,0.0,False,,,,,,9,-0.0,0.0,-0.0
2017-03-01 13:30:00+00:00,PCE,Naive sign,1.1790960725118012,-4.659181000299384,1.350407450523865,,0.0,False,,,,,,13,-0.0,0.0,-0.0
2017-03-10 13:30:00+00:00,NFP,Naive sign,0.6384882035084962,1.856062369007816,1.3465199424246643,,0.0,False,,,,,,14,0.0,0.0,0.0
2017-03-31 12:30:00+00:00,PCE,Naive sign,-0.4384274479644154,-1.8400110452532203,1.3337012509197939,,0.0,False,,,,,,14,-0.0,0.0,-0.0
2017-04-07 12:30:00+00:00,NFP,Naive sign,-1.3078965412877368,11.083915603862238,1.3375149893921225,,0.0,False,,,,,,15,0.0,0.0,0.0
2017-05-01 12:30:00+00:00,PCE,Naive sign,-0.4341842117614949,4.018126267872901,1.2948740846579747,,0.0,False,,,,,,15,0.0,0.0,0.0
2017-05-05 12:30:00+00:00,NFP,Naive sign,0.4142854976008267,7.1016425532377525,1.2880874122768056,,0.0,False,,,,,,16,0.0,0.0,0.0
2017-05-12 12:30:00+00:00,CPI,Naive sign,-0.13514617301327977,8.37687150809785,1.2792800741100179,,0.0,False,,,,,,10,0.0,0.0,0.0
2017-05-30 12:30:00+00:00,PCE,Naive sign,-0.4300621707383414,6.048038891819374,1.2533494684069497,,0.0,False,,,,,,16,0.0,0.0,0.0
2017-06-02 12:30:00+00:00,NFP,Naive sign,-0.6677396065852849,-2.5700334245826184,1.241332077733071,,0.0,False,,,,,,17,-0.0,0.0,-0.0
2017-06-30 12:30:00+00:00,PCE,Naive sign,-0.4260556508599551,-8.396862718527132,1.2814847547503314,,0.0,False,,,,,,17,-0.0,0.0,-0.0
2017-07-07 12:30:00+00:00,NFP,Naive sign,0.8034356423152486,-5.339978767011644,1.2925655197004813,,0.0,False,,,,,,18,-0.0,0.0,-0.0
2017-07-14 12:30:00+00:00,CPI,Naive sign,0.7927260050565855,26.214587736248518,1.2495691140985867,,0.0,False,,,,,,11,0.0,0.0,0.0
2017-08-01 12:30:00+00:00,PCE,Naive sign,-0.422159343805065,4.660918285246396,1.2290739563466837,,0.0,False,,,,,,18,0.0,0.0,0.0
2017-08-04 12:30:00+00:00,NFP,Naive sign,0.5458452330557173,-13.145342717706399,1.2293344637558288,,0.0,False,,,,,,19,-0.0,0.0,-0.0
2017-08-11 12:30:00+00:00,CPI,Naive sign,0.7856685090657263,23.32412944053175,1.2545423083578473,,0.0,False,,,,,,12,0.0,0.0,0.0
2017-08-31 12:30:00+00:00,PCE,Naive sign,-0.4183682771652557,1.681378734517125,1.2193070972082072,,0.0,False,,,,,,19,0.0,0.0,0.0
2017-09-01 12:30:00+00:00,NFP,Naive sign,-0.34604558050796347,2.4980224119275363,1.2066239494050095,,0.0,False,,,,,,20,0.0,0.0,0.0
2017-09-29 12:30:00+00:00,PCE,Naive sign,1.24403333303221,-4.204507293685822,1.2192558335085137,,0.0,False,,,,,,20,-0.0,0.0,-0.0
2017-10-06 12:30:00+00:00,NFP,Naive sign,-1.8424473560997108,-26.439741090307223,1.195925605179595,,0.0,False,,,,,,21,-0.0,0.0,-0.0
2017-10-13 12:30:00+00:00,CPI,Naive sign,0.7897822256401897,9.438802383314737,1.1912586263555702,,0.0,False,,,,,,13,0.0,0.0,0.0
2017-10-30 12:30:00+00:00,PCE,Naive sign,-0.43153418183276016,0.8047318235426815,1.1668611435239207,,0.0,False,,,,,,21,0.0,0.0,0.0
2017-11-03 12:30:00+00:00,NFP,Naive sign,-0.7859021766829931,-1.9952513085286228,1.158054468492932,,0.0,False,,,,,,22,-0.0,0.0,-0.0
2017-11-15 13:30:00+00:00,CPI,Naive sign,-0.15820077948038003,-4.781638599204996,1.1549183592194345,,0.0,False,,,,,,14,-0.0,0.0,-0.0
2017-11-30 13:30:00+00:00,PCE,Naive sign,-0.42780275982372784,0.7900766378554636,1.145656382096156,,0.0,False,,,,,,22,0.0,0.0,0.0
2017-12-08 13:30:00+00:00,NFP,Naive sign,0.6370043888724991,14.546600823450717,1.141732283464567,,0.0,False,,,,,,23,0.0,0.0,0.0
2017-12-13 13:30:00+00:00,CPI,Naive sign,-0.1573539546812662,18.361890573075357,1.1341415721548689,,0.0,False,,,,,,15,0.0,0.0,0.0
2017-12-22 13:30:00+00:00,PCE,Naive sign,1.2482623178131573,-4.621072170962748,1.1166300874051827,,0.0,False,,,,,,23,-0.0,0.0,-0.0
2018-01-05 13:30:00+00:00,NFP,Naive sign,-0.621220884870033,6.789634752166762,1.092731451825615,,0.0,False,,,,,,24,0.0,0.0,0.0
2018-01-12 13:30:00+00:00,CPI,Naive sign,-0.15652048446517022,-34.972875887184784,1.075787365062878,,0.0,False,,,,,,16,-0.0,0.0,-0.0
2018-01-29 13:30:00+00:00,PCE,Naive sign,-0.4402926559951366,-3.5660794900493897,1.0339786786465575,,0.0,False,,,,,,24,-0.0,0.0,-0.0
2018-02-02 13:30:00+00:00,NFP,Naive sign,0.4228435414864092,13.104730498341155,1.0542387669041733,,0.0,False,,,,,,25,0.0,0.0,0.0
2018-02-14 13:30:00+00:00,CPI,Naive sign,-2.0674616228090885,-22.24183146466885,1.0995260663507107,,0.0,False,,,,,,17,-0.0,0.0,-0.0
2018-03-01 13:30:00+00:00,PCE,Naive sign,-0.4366213148929902,36.04525939415737,1.058085230589609,,0.0,False,,,,,,25,0.0,0.0,0.0
2018-03-09 13:30:00+00:00,NFP,Naive sign,1.9022467250921624,43.88084314108198,1.040508054967529,,0.0,False,,,,,,26,0.0,0.0,0.0
2018-03-13 12:30:00+00:00,CPI,Naive sign,-0.1324165031997715,11.16967549545933,1.014731096259491,,0.0,False,,,,,,18,0.0,0.0,0.0
2018-03-29 12:30:00+00:00,PCE,Naive sign,-0.4330405906855374,-6.519780092482108,1.1131155721030208,,0.0,False,,,,,,26,-0.0,0.0,-0.0
2018-04-06 12:30:00+00:00,NFP,Naive sign,-1.2995829002724142,10.697231201532986,1.1080544092923734,,0.0,False,,,,,,27,0.0,0.0,0.0
2018-04-11 12:30:00+00:00,CPI,Naive sign,0.8133579879158452,3.0436767850261504,1.1035847476976939,,0.0,False,,,,,,19,0.0,0.0,0.0
2018-04-30 12:30:00+00:00,PCE,Naive sign,-0.4295466448744693,-8.219383261831581,1.0826955385476944,,0.0,False,,,,,,27,-0.0,0.0,-0.0
2018-05-04 12:30:00+00:00,NFP,Naive sign,-0.4042211205062629,-5.268307489956214,1.0924844603503485,,0.0,False,,,,,,28,-0.0,0.0,-0.0
2018-05-10 12:30:00+00:00,CPI,Naive sign,0.8066313627379722,9.761212611429926,1.050496268927045,,0.0,False,,,,,,20,0.0,0.0,0.0
2018-05-31 12:30:00+00:00,PCE,Naive sign,-0.4261361668922612,0.35750674797441206,1.0363064608347627,,0.0,False,,,,,,28,0.0,0.0,0.0
2018-06-01 12:30:00+00:00,NFP,Naive sign,0.6295443548080089,19.2664537975773,1.0348642186775148,,0.0,False,,,,,,29,0.0,0.0,0.0
2018-06-12 12:30:00+00:00,CPI,Naive sign,-0.14836969090721452,16.031788189572183,1.0118279194724538,,0.0,False,,,,,,21,0.0,0.0,0.0
2018-06-29 12:30:00+00:00,PCE,Naive sign,-0.4228058320342103,-8.115594736288756,1.0229998588965712,,0.0,False,,,,,,29,-0.0,0.0,-0.0
2018-07-06 12:30:00+00:00,NFP,Naive sign,0.3749571567850948,-3.856739700331957,1.0189023961773591,,0.0,False,,,,,,30,-0.0,0.0,-0.0
2018-07-12 12:30:00+00:00,CPI,Naive sign,0.8054339632504349,7.538894195704415,0.9941380137808097,,0.0,False,,,,,,22,0.0,0.0,0.0
2018-07-31 12:30:00+00:00,PCE,Naive sign,-0.4195525615380417,-10.730171846944359,1.0036685817124662,,0.0,False,,,,,,30,-0.0,0.0,-0.0
2018-08-03 12:30:00+00:00,NFP,Naive sign,-0.5320078037025123,-12.179857377425662,0.980226466114585,,0.0,False,,,,,,31,-0.0,0.0,-0.0
2018-08-10 12:30:00+00:00,CPI,Naive sign,-0.15572468844210885,-2.691156204228662,0.9753800618861832,,0.0,False,,,,,,23,-0.0,0.0,-0.0
2018-08-30 12:30:00+00:00,PCE,Naive sign,0.016880010255722527,-5.551655025612945,0.9468460232467023,,0.0,False,,,,,,31,-0.0,0.0,-0.0
2018-09-07 12:30:00+00:00,NFP,Naive sign,0.2616225928660689,-27.304461520465395,0.9741023143327399,,0.0,False,,,,,,32,-0.0,0.0,-0.0
2018-09-13 12:30:00+00:00,CPI,Naive sign,0.8043331512490195,-1.661433156066039,0.9648655842427468,,0.0,False,,,,,,24,-0.0,0.0,-0.0
2018-09-28 12:30:00+00:00,PCE,Naive sign,-0.41932078998489236,2.9486444639914566,0.9504768771918324,,0.0,False,,,,,,32,0.0,0.0,0.0
2018-10-05 12:30:00+00:00,NFP,Naive sign,-0.7870138858905067,-17.650491635912147,0.9669245132035209,,0.0,False,,,,,,33,-0.0,0.0,-0.0
2018-10-11 12:30:00+00:00,CPI,Naive sign,0.7980522394154973,-23.09100654766638,1.0347534432312853,,0.0,False,,,,,,25,-0.0,0.0,-0.0
2018-10-29 12:30:00+00:00,PCE,Naive sign,-0.4162236927774103,-1.4333321413673161,1.03961283384119,,0.0,False,,,,,,33,-0.0,0.0,-0.0
2018-11-02 12:30:00+00:00,NFP,Naive sign,0.9282289143639069,-11.664282113521551,1.0248798416737348,,0.0,False,,,,,,34,-0.0,0.0,-0.0
2018-11-14 13:30:00+00:00,CPI,Naive sign,-0.17073431842246337,22.166109477375073,1.056889828346514,,0.0,False,,,,,,26,0.0,0.0,0.0
2018-11-29 13:30:00+00:00,PCE,Naive sign,-0.413194375549636,0.36294347157905804,1.0529373320746496,,0.0,False,,,,,,34,0.0,0.0,0.0
2018-12-07 13:30:00+00:00,NFP,Naive sign,-0.6547686526365027,-7.337026632363575,1.0655105265091669,,0.0,False,,,,,,35,-0.0,0.0,-0.0
2018-12-12 13:30:00+00:00,CPI,Naive sign,-0.1699188197561624,49.62971788305737,1.0681006224448455,,0.0,False,,,,,,27,0.0,0.0,0.0
2019-01-04 13:30:00+00:00,NFP,Naive sign,2.261740690734558,30.44874147352772,1.1591654009113437,,1.0,True,,,,,,36,30.44874147352772,1.1591654009113437,29.289576072616374
2019-01-11 13:30:00+00:00,CPI,Naive sign,-0.16911489877107314,-10.603250131921982,1.0986929342678537,,0.0,False,,,,,,28,-0.0,0.0,-0.0
2019-02-01 13:30:00+00:00,NFP,Naive sign,2.3749676396538355,13.073796167830665,1.055543422872534,,1.0,True,,,,,,37,13.073796167830665,1.055543422872534,12.018252744958131
2019-02-13 13:30:00+00:00,CPI,Naive sign,0.8075888422190041,12.056311520289853,1.0286971019119577,,0.0,False,,,,,,29,0.0,0.0,0.0
2019-03-01 13:30:00+00:00,PCE,Naive sign,-2.108137244454332,1.7485880196232984,1.014127850048958,,0.0,False,,,,,,35,0.0,0.0,0.0
2019-03-08 13:30:00+00:00,NFP,Naive sign,-2.577157761426142,-16.160603973212062,1.0380127425012526,,-1.0,True,,,,,,38,16.160603973212062,1.0380127425012526,15.12259123071081
2019-03-12 12:30:00+00:00,CPI,Naive sign,-0.17594973086669394,15.313938674275107,1.0108051585918438,,0.0,False,,,,,,30,0.0,0.0,0.0
2019-03-29 12:30:00+00:00,PCE,Naive sign,1.3555304283976177,9.13968548637456,0.9821851927115085,,1.0,True,,,,,,36,9.13968548637456,0.9821851927115085,8.157500293663052
2019-04-05 12:30:00+00:00,NFP,Naive sign,0.36000953458674323,-2.9641828129811643,0.9574116870254209,,1.0,True,,,,,,39,-2.9641828129811643,0.9574116870254209,-3.9215945000065853
2019-04-10 12:30:00+00:00,CPI,Naive sign,-0.6660549897418855,2.300701724173848,0.9535396047742741,,0.0,False,,,,,,31,0.0,0.0,0.0
2019-05-03 12:30:00+00:00,NFP,Naive sign,1.2218354880047635,11.230007757774274,0.9315772566655959,,1.0,True,,,,,,40,11.230007757774274,0.9315772566655959,10.298430501108678
2019-05-10 12:30:00+00:00,CPI,Naive sign,0.8147019300586259,28.19753398451752,0.9609012591119948,,0.0,False,,,,,,32,0.0,0.0,0.0
2019-05-31 12:30:00+00:00,PCE,Naive sign,-0.36868440449756795,13.272792727399008,1.013631597343586,,-1.0,True,,,,,,37,-13.272792727399008,1.013631597343586,-14.286424324742594
2019-06-07 12:30:00+00:00,NFP,Naive sign,-1.5524750423548752,11.294215482600123,0.991690319050713,,-1.0,True,,,,,,41,-11.294215482600123,0.991690319050713,-12.285905801650836
2019-06-12 12:30:00+00:00,CPI,Naive sign,-0.17710016798500505,-9.343611985528355,0.968086526906129,,0.0,False,,,,,,33,-0.0,0.0,-0.0
2019-06-28 12:30:00+00:00,PCE,Naive sign,-0.366294583792779,6.81984275843206,0.941772480758614,,-1.0,True,,,,,,38,-6.81984275843206,0.941772480758614,-7.761615239190673
2019-07-05 12:30:00+00:00,NFP,Naive sign,1.0718570086511612,-22.932137322975166,0.9208980343590232,,1.0,True,,,,,,42,-22.932137322975166,0.9208980343590232,-23.85303535733419
2019-07-11 12:30:00+00:00,CPI,Naive sign,-1.1663865052088653,3.779289538563546,0.9115483749292764,,0.0,False,,,,,,34,0.0,0.0,0.0
2019-07-30 12:30:00+00:00,PCE,Naive sign,-0.36395092463953677,-21.39980675686104,0.912380053484348,,-1.0,True,,,,,,39,21.39980675686104,0.912380053484348,20.48742670337669
2019-08-02 12:30:00+00:00,NFP,Naive sign,0.031497609119124026,2.2559904699548383,0.9339774557165861,,1.0,True,,,,,,43,2.2559904699548383,0.9339774557165861,1.3220130142382522
2019-08-13 12:30:00+00:00,CPI,Naive sign,-0.1659081562956267,10.273576273540641,0.9599470374048328,,0.0,False,,,,,,35,0.0,0.0,0.0
2019-08-30 12:30:00+00:00,PCE,Naive sign,-0.3616517148149259,-3.22289547714405,0.9344288706299338,,-1.0,True,,,,,,40,3.22289547714405,0.9344288706299338,2.288466606514116
2019-09-06 12:30:00+00:00,NFP,Naive sign,-0.4303607562946714,-2.2234574855417577,0.920313541303037,,-1.0,True,,,,,,44,2.2234574855417577,0.920313541303037,1.3031439442387207
2019-09-12 12:30:00+00:00,CPI,Naive sign,-0.16517796464621493,6.300800410095064,0.9139615505830444,,-1.0,True,,,,,,36,-6.300800410095064,0.9139615505830444,-7.214761960678109
2019-09-27 12:30:00+00:00,PCE,Naive sign,1.3657033853241398,-3.5238904114365255,0.9290405253884351,,1.0,True,,,,,,41,-3.5238904114365255,0.9290405253884351,-4.452930936824961
2019-10-04 12:30:00+00:00,NFP,Naive sign,-0.09265768712922037,15.942999033313754,0.9498853586636095,,-1.0,True,,,,,,45,-15.942999033313754,0.9498853586636095,-16.892884391977365
2019-10-10 12:30:00+00:00,CPI,Naive sign,0.8325119977114724,0.9750231575722523,0.9431201014667143,,1.0,True,,,,,,37,0.9750231575722523,0.9431201014667143,0.03190305610553801
2019-10-31 12:30:00+00:00,PCE,Naive sign,-0.3726587275846903,10.488648543010015,0.8951446121554465,,-1.0,True,,,,,,42,-10.488648543010015,0.8951446121554465,-11.383793155165462
2019-11-01 12:30:00+00:00,NFP,Naive sign,0.742125242156633,4.617302653855404,0.8951169825297858,,1.0,True,,,,,,46,4.617302653855404,0.8951169825297858,3.7221856713256183
2019-11-13 13:30:00+00:00,CPI,Naive sign,-1.1700469441557593,4.546212325813315,0.8793741282066833,,-1.0,True,,,,,,38,-4.546212325813315,0.8793741282066833,-5.425586454019998
2019-11-27 15:00:00+00:00,PCE,Naive sign,0.9149489511371186,8.313786517639699,0.861479963164305,,1.0,True,,,,,,43,8.313786517639699,0.861479963164305,7.452306554475394
2019-12-06 13:30:00+00:00,NFP,Naive sign,1.42861497447116,33.48884842530708,0.8704003841767213,,1.0,True,,,,,,47,33.48884842530708,0.8704003841767213,32.618448041130364
2019-12-11 13:30:00+00:00,CPI,Naive sign,-1.158461044632005,6.860040534490963,0.8651551312649165,,-1.0,True,,,,,,39,-6.860040534490963,0.8651551312649165,-7.72519566575588
2020-01-10 13:30:00+00:00,NFP,Naive sign,-0.20617197687041738,-2.4887659997219203,0.8016807651904683,,-1.0,True,,,,,,48,2.4887659997219203,0.8016807651904683,1.687085234531452
2020-01-14 13:30:00+00:00,CPI,Naive sign,0.8436125672345851,10.735374085228955,0.7985021201608018,,1.0,True,,,,,,40,10.735374085228955,0.7985021201608018,9.936871965068153
2020-01-31 13:30:00+00:00,PCE,Naive sign,-2.1131396664751882,1.6329196639830457,0.7896528250510552,,-1.0,True,,,,,,44,-1.6329196639830457,0.7896528250510552,-2.422572489034101
2020-02-07 13:30:00+00:00,NFP,Naive sign,1.0001447762026143,-35.26311768585089,0.7681915710842097,,1.0,True,,,,,,49,-35.26311768585089,0.7681915710842097,-36.031309256935096
2020-02-13 13:30:00+00:00,CPI,Naive sign,0.8376680323617207,4.968944201628744,0.7587650444793301,,1.0,True,,,,,,41,4.968944201628744,0.7587650444793301,4.2101791571494145
2020-02-28 13:30:00+00:00,PCE,Naive sign,1.354456856955525,-145.1931132445239,0.8718920056522654,,1.0,True,,,,,,45,-145.1931132445239,0.8718920056522654,-146.06500525017614
2020-03-06 13:30:00+00:00,NFP,Naive sign,1.6027523818647151,18.188599870860855,0.8671211577562492,,1.0,True,,,,,,50,18.188599870860855,0.8671211577562492,17.321478713104607
2020-03-11 12:30:00+00:00,CPI,Naive sign,-1.1639324823814878,-42.927136224122364,0.8940407559268736,,-1.0,True,,,,,,42,42.927136224122364,0.8940407559268736,42.03309546819549
2020-03-27 12:30:00+00:00,PCE,Naive sign,-0.36227118384366613,-38.51556806228729,0.9443178117876913,,-1.0,True,,,,,,46,38.51556806228729,0.9443178117876913,37.571250250499595
2020-04-03 12:30:00+00:00,NFP,Naive sign,-9.584675105229561,36.59565925850927,0.9576329954099659,,-1.0,True,,,,,,51,-36.59565925850927,0.9576329954099659,-37.55329225391924
2020-04-30 12:30:00+00:00,PCE,Naive sign,-0.36017238707897786,-61.52501185741954,0.8017915894827062,,-1.0,True,,,,,,47,61.52501185741954,0.8017915894827062,60.72322026793684
2020-05-08 12:30:00+00:00,NFP,Naive sign,17.82134084487857,-29.080453710683685,0.7897818568043792,,1.0,True,,,,,,52,-29.080453710683685,0.7897818568043792,-29.870235567488063
2020-05-12 12:30:00+00:00,CPI,Naive sign,-0.1633338468717922,12.88417840292766,0.7788161993769471,,-1.0,True,,,,,,43,-12.88417840292766,0.7788161993769471,-13.662994602304607
2020-05-29 12:30:00+00:00,PCE,Naive sign,-2.070466433747151,-5.81318552502097,0.765939464370609,,-1.0,True,,,,,,48,5.81318552502097,0.765939464370609,5.047246060650361
2020-06-05 12:30:00+00:00,NFP,Naive sign,64.57555252744505,-15.281216146583176,0.7522307532683129,,1.0,True,,,,,,53,-15.281216146583176,0.7522307532683129,-16.03344689985149
2020-06-10 12:30:00+00:00,CPI,Naive sign,0.8389770540647904,18.18567321070219,0.7229936925033033,,1.0,True,,,,,,44,18.18567321070219,0.7229936925033033,17.46267951819889
2020-06-26 12:30:00+00:00,PCE,Naive sign,-2.0164547174799274,-18.842669332634898,0.7185688091580356,,-1.0,True,,,,,,49,18.842669332634898,0.7185688091580356,18.124100523476862
2020-07-02 12:30:00+00:00,NFP,Naive sign,1.641547953530035,13.50373969369656,0.7017883503133847,,1.0,True,,,,,,54,13.50373969369656,0.7017883503133847,12.801951343383175
2020-07-14 12:30:00+00:00,CPI,Naive sign,-1.1723852919766982,-98.69552203461751,0.6821763778786667,,-1.0,True,,,,,,45,98.69552203461751,0.6821763778786667,98.01334565673885
2020-07-31 12:30:00+00:00,PCE,Naive sign,0.29050201998543845,-17.638506903843165,0.6639042146471005,,1.0,True,,,,,,50,-17.638506903843165,0.6639042146471005,-18.302411118490266
2020-08-07 12:30:00+00:00,NFP,Naive sign,0.2042193271067664,-18.47709255546448,0.6459660533701609,,1.0,True,,,,,,55,-18.47709255546448,0.6459660533701609,-19.12305860883464
2020-08-12 12:30:00+00:00,CPI,Naive sign,-3.1643008322851895,-4.5657931575959765,0.6611193434401003,,-1.0,True,,,,,,46,4.5657931575959765,0.6611193434401003,3.9046738141558763
2020-08-28 12:30:00+00:00,PCE,Naive sign,1.3559572550269576,2.7170221604322364,0.6061366106512833,,1.0,True,,,,,,51,2.7170221604322364,0.6061366106512833,2.110885549780953
2020-09-04 12:30:00+00:00,NFP,Naive sign,-0.08549110617815014,29.987599047522906,0.6217705452284471,,-1.0,True,,,,,,56,-29.987599047522906,0.6217705452284471,-30.609369592751353
2020-09-11 12:30:00+00:00,CPI,Naive sign,-1.0987651213117418,-28.94809182830471,0.6446163421356806,,-1.0,True,,,,,,47,28.94809182830471,0.6446163421356806,28.30347548616903
2020-10-01 12:30:00+00:00,PCE,Naive sign,-0.3232204397783153,0.0,0.6272304531199308,,-1.0,True,,,,,,52,-0.0,0.6272304531199308,-0.6272304531199308
2020-10-02 12:30:00+00:00,NFP,Naive sign,-0.32757294004979853,-22.285729813589228,0.6384290243043326,,-1.0,True,,,,,,57,22.285729813589228,0.6384290243043326,21.647300789284895
2020-10-13 12:30:00+00:00,CPI,Naive sign,-0.1222113648828133,-41.26934580561681,0.5944937578155429,,-1.0,True,,,,,,48,41.26934580561681,0.5944937578155429,40.67485204780127
2020-10-30 12:30:00+00:00,PCE,Naive sign,-0.3214984227491263,34.975586185161944,0.6469604015616285,,-1.0,True,,,,,,53,-34.975586185161944,0.6469604015616285,-35.62254658672357
2020-11-06 13:30:00+00:00,NFP,Naive sign,-0.041828857834390075,45.22961178341944,0.6064154573208983,,-1.0,True,,,,,,58,-45.22961178341944,0.6064154573208983,-45.83602724074034
2020-11-12 13:30:00+00:00,CPI,Naive sign,0.8491717707533857,9.235549122124098,0.6088471793579812,,1.0,True,,,,,,49,9.235549122124098,0.6088471793579812,8.626701942766116
2020-11-25 15:00:00+00:00,PCE,Naive sign,-0.3198036664251847,-17.141858202620597,0.5979381443298969,,-1.0,True,,,,,,54,17.141858202620597,0.5979381443298969,16.5439200582907
2020-12-04 13:30:00+00:00,NFP,Naive sign,-0.3460798058020594,-10.612842534385436,0.5802088751950703,,-1.0,True,,,,,,59,10.612842534385436,0.5802088751950703,10.032633659190365
2020-12-10 13:30:00+00:00,CPI,Naive sign,-1.1003323497938022,-47.00241630150259,0.5886651510230595,,-1.0,True,,,,,,50,47.00241630150259,0.5886651510230595,46.413751150479534
2020-12-23 13:30:00+00:00,PCE,Naive sign,1.364273206507212,8.059522958703269,0.5702038970487033,,1.0,True,,,,,,55,8.059522958703269,0.5702038970487033,7.489319061654566
2021-01-08 13:30:00+00:00,NFP,Naive sign,-0.3166483412835174,7.504690783726176,0.5579390884429651,,-1.0,True,,,,,,60,-7.504690783726176,0.5579390884429651,-8.06262987216914
2021-01-13 13:30:00+00:00,CPI,Naive sign,-0.11993165974022327,9.523532589632566,0.5644329395278226,,-1.0,True,,,,,,51,-9.523532589632566,0.5644329395278226,-10.087965529160389
2021-01-29 13:30:00+00:00,PCE,Naive sign,-2.0053740825460937,40.063391817177774,0.5547054322876817,,-1.0,True,,,,,,56,-40.063391817177774,0.5547054322876817,-40.61809724946546
2021-02-05 13:30:00+00:00,NFP,Naive sign,-0.1649085855030971,-3.496085340088939,0.5338831716342348,,-1.0,True,,,,,,61,3.496085340088939,0.5338831716342348,2.9622021684547044
2021-02-10 13:30:00+00:00,CPI,Naive sign,-0.11947685719106668,10.191640098113908,0.5284738041002277,,-1.0,True,,,,,,52,-10.191640098113908,0.5284738041002277,-10.720113902214136
2021-02-26 13:30:00+00:00,PCE,Naive sign,-0.3066559924982575,53.00844294687579,0.5632270970498553,,-1.0,True,,,,,,57,-53.00844294687579,0.5632270970498553,-53.57167004392564
2021-03-05 13:30:00+00:00,NFP,Naive sign,0.10051546581221242,41.48593526334565,0.579895618788618,,1.0,True,,,,,,62,41.48593526334565,0.579895618788618,40.90603964455703
2021-03-10 13:30:00+00:00,CPI,Naive sign,-0.11902719013235194,49.21853779137564,0.5688505296194586,,-1.0,True,,,,,,53,-49.21853779137564,0.5688505296194586,-49.7873883209951
2021-03-26 12:30:00+00:00,PCE,Naive sign,1.354526371517124,34.980874817662766,0.5710459987397606,,1.0,True,,,,,,58,34.980874817662766,0.5710459987397606,34.409828818923
2021-04-13 12:30:00+00:00,CPI,Naive sign,-1.1007080946219612,44.3923854534134,0.5247064357958349,,-1.0,True,,,,,,54,-44.3923854534134,0.5247064357958349,-44.91709188920923
2021-04-30 12:30:00+00:00,PCE,Naive sign,-0.31634349588250377,-0.9021606754089362,0.5230219849586091,,-1.0,True,,,,,,59,0.9021606754089362,0.5230219849586091,0.3791386904503271
2021-05-07 12:30:00+00:00,NFP,Naive sign,-0.9371711013313,44.769675126730135,0.5314177860035549,,-1.0,True,,,,,,63,-44.769675126730135,0.5314177860035549,-45.301092912733694
2021-05-12 12:30:00+00:00,CPI,Naive sign,-5.998741616835394,22.826282951413646,0.5464686816914147,,-1.0,True,,,,,,55,-22.826282951413646,0.5464686816914147,-23.37275163310506
2021-05-28 12:30:00+00:00,PCE,Naive sign,-0.3147710660260314,-8.581262337230555,0.5293323111743876,,-1.0,True,,,,,,60,8.581262337230555,0.5293323111743876,8.051930026056167
2021-06-04 12:30:00+00:00,NFP,Naive sign,-0.22898401033391952,-0.9191936839414439,0.5349566500645637,,-1.0,True,,,,,,64,0.9191936839414439,0.5349566500645637,0.38423703387688013
2021-06-10 12:30:00+00:00,CPI,Naive sign,-1.2857519574681133,64.38471572781879,0.5258672275917095,,-1.0,True,,,,,,56,-64.38471572781879,0.5258672275917095,-64.91058295541049
2021-06-25 12:30:00+00:00,PCE,Naive sign,1.353890520300208,3.8266194024316746,0.5051296789813798,,1.0,True,,,,,,61,3.8266194024316746,0.5051296789813798,3.321489723450295
2021-07-02 12:30:00+00:00,NFP,Naive sign,0.052207519745368525,18.48081430871673,0.49660935680526064,,1.0,True,,,,,,65,18.48081430871673,0.49660935680526064,17.98420495191147
2021-07-13 12:30:00+00:00,CPI,Naive sign,-3.5455463257141377,-34.90287234182432,0.4862100762846843,,-1.0,True,,,,,,57,34.90287234182432,0.4862100762846843,34.416662265539635
2021-07-30 12:30:00+00:00,PCE,Naive sign,1.3368933041672204,1.3448090391676715,0.4878048780487804,,1.0,True,,,,,,62,1.3448090391676715,0.4878048780487804,0.857004161118891
2021-08-06 12:30:00+00:00,NFP,Naive sign,-0.013168586432633885,-17.193497159802007,0.4787769724785788,,-1.0,True,,,,,,66,17.193497159802007,0.4787769724785788,16.71472018732343
2021-08-11 12:30:00+00:00,CPI,Naive sign,-0.023558568354873046,13.76029130305767,0.48289068354008824,,-1.0,True,,,,,,58,-13.76029130305767,0.48289068354008824,-14.243181986597758
2021-08-27 12:30:00+00:00,PCE,Naive sign,-0.3347998796911022,7.342323930501493,0.47341528315131326,,-1.0,True,,,,,,63,-7.342323930501493,0.47341528315131326,-7.815739213652806
2021-09-03 12:30:00+00:00,NFP,Naive sign,-0.6679411690796805,-24.956818482380072,0.46400742411878587,,-1.0,True,,,,,,67,24.956818482380072,0.46400742411878587,24.492811058261285
2021-09-14 12:30:00+00:00,CPI,Naive sign,0.8192117877682124,14.536999216510083,0.47038214494258096,,1.0,True,,,,,,59,14.536999216510083,0.47038214494258096,14.066617071567501
2021-10-01 12:30:00+00:00,PCE,Naive sign,-1.9950474862945664,-19.025299186878897,0.49203413698909043,,-1.0,True,,,,,,64,19.025299186878897,0.49203413698909043,18.533265049889806
2021-10-08 12:30:00+00:00,NFP,Naive sign,-0.44428519767740043,36.14219850184952,0.4861856223175966,,-1.0,True,,,,,,68,-36.14219850184952,0.4861856223175966,-36.62838412416712
2021-10-13 12:30:00+00:00,CPI,Naive sign,-0.8730123949613188,-35.524619861142526,0.49273638603347203,,-1.0,True,,,,,,60,35.524619861142526,0.49273638603347203,35.031883475109055
2021-10-29 12:30:00+00:00,PCE,Naive sign,-0.3118249463231859,-10.554090689431916,0.4632735870155596,,-1.0,True,,,,,,65,10.554090689431916,0.4632735870155596,10.090817102416358
2021-11-05 12:30:00+00:00,NFP,Naive sign,0.0039393692891312405,19.554231012683942,0.44318789638572625,,1.0,True,,,,,,69,19.554231012683942,0.44318789638572625,19.111043116298216
2021-11-10 13:30:00+00:00,CPI,Naive sign,-2.556455404982467,-9.465069173195673,0.448972008917513,,-1.0,True,,,,,,61,9.465069173195673,0.448972008917513,9.01609716427816
2021-11-24 15:00:00+00:00,PCE,Naive sign,1.3369344843085225,26.652098259383195,0.44804943993820007,,1.0,True,,,,,,66,26.652098259383195,0.44804943993820007,26.204048819444996
2021-12-03 13:30:00+00:00,NFP,Naive sign,-0.4833671251658682,-6.85240873398385,0.4523122514232239,,-1.0,True,,,,,,70,6.85240873398385,0.4523122514232239,6.400096482560627
2021-12-10 13:30:00+00:00,CPI,Naive sign,-0.8337716263587658,28.908420482807173,0.44775888955795384,,-1.0,True,,,,,,62,-28.908420482807173,0.44775888955795384,-29.356179372365126
2021-12-23 13:30:00+00:00,PCE,Naive sign,-0.320719690291463,-2.3155116226547534,0.4475584912648929,,-1.0,True,,,,,,67,2.3155116226547534,0.4475584912648929,1.8679531313898605
2022-01-07 13:30:00+00:00,NFP,Naive sign,-0.3780124387835242,-77.9932314505416,0.46011296566605314,,-1.0,True,,,,,,71,77.9932314505416,0.46011296566605314,77.53311848487554
2022-01-12 13:30:00+00:00,CPI,Naive sign,-0.828879460574073,63.443420139321915,0.45643414756988165,,-1.0,True,,,,,,63,-63.443420139321915,0.45643414756988165,-63.899854286891795
2022-01-28 13:30:00+00:00,PCE,Naive sign,-0.31922917712759896,58.51370827326008,0.5222966645054391,,-1.0,True,,,,,,68,-58.51370827326008,0.5222966645054391,-59.03600493776552
2022-02-04 13:30:00+00:00,NFP,Naive sign,0.3137581071235987,-67.5684084482242,0.4964138379636762,,1.0,True,,,,,,72,-67.5684084482242,0.4964138379636762,-68.06482228618788
2022-02-10 13:30:00+00:00,CPI,Naive sign,-1.6544445730650783,-77.72321350952183,0.4824247666894016,,-1.0,True,,,,,,64,77.72321350952183,0.4824247666894016,77.24078874283242
2022-02-25 13:30:00+00:00,PCE,Naive sign,-0.3177592719112605,-3.738816975058512,0.5160509644814577,,-1.0,True,,,,,,69,3.738816975058512,0.5160509644814577,3.2227660105770544
2022-03-04 13:30:00+00:00,NFP,Naive sign,0.21157723178032842,-30.501503866240398,0.5205995871106723,,1.0,True,,,,,,73,-30.501503866240398,0.5205995871106723,-31.022103453351072
2022-03-10 13:30:00+00:00,CPI,Naive sign,0.01752763028449497,-43.540897539280365,0.535282499953855,,1.0,True,,,,,,65,-43.540897539280365,0.535282499953855,-44.076180039234224
2022-03-31 12:30:00+00:00,PCE,Naive sign,-0.3163095037297847,-6.286603125360557,0.47956078846408257,,-1.0,True,,,,,,70,6.286603125360557,0.47956078846408257,5.807042336896474
2022-04-01 12:30:00+00:00,NFP,Naive sign,-0.1576196468748535,-30.830607018543787,0.48496605237633367,,-1.0,True,,,,,,74,30.830607018543787,0.48496605237633367,30.345640966167455
2022-04-12 12:30:00+00:00,CPI,Naive sign,0.01746830212922925,70.01770244134065,0.5162530708156798,,1.0,True,,,,,,66,70.01770244134065,0.5162530708156798,69.50144937052497
2022-04-29 12:30:00+00:00,PCE,Naive sign,-0.314879416609685,-21.433817219183027,0.543967587034814,,-1.0,True,,,,,,71,21.433817219183027,0.543967587034814,20.889849632148213
2022-05-06 12:30:00+00:00,NFP,Naive sign,-0.03130413075081324,-115.64661715819824,0.5664173128381413,,-1.0,True,,,,,,75,115.64661715819824,0.5664173128381413,115.0801998453601
2022-05-11 12:30:00+00:00,CPI,Naive sign,-0.8137570479692707,-133.76894566938802,0.5818619582664527,,-1.0,True,,,,,,67,133.76894566938802,0.5818619582664527,133.18708371112157
2022-05-27 12:30:00+00:00,PCE,Naive sign,-0.3134685689124132,70.71450823115555,0.5885934645829104,,-1.0,True,,,,,,72,-70.71450823115555,0.5885934645829104,-71.30310169573846
2022-06-03 12:30:00+00:00,NFP,Naive sign,-0.00230345274077212,-59.007630463554506,0.5681929504888418,,-1.0,True,,,,,,76,59.007630463554506,0.5681929504888418,58.43943751306566
2022-06-10 12:30:00+00:00,CPI,Naive sign,-2.473490408348257,-70.38200785096649,0.5893230913044362,,-1.0,True,,,,,,68,70.38200785096649,0.5893230913044362,69.79268475966205
2022-06-30 12:30:00+00:00,PCE,Naive sign,1.3674428037700574,-45.06171103429324,0.6300102105103083,,1.0,True,,,,,,73,-45.06171103429324,0.6300102105103083,-45.691721244803546
2022-07-08 12:30:00+00:00,NFP,Naive sign,0.038531795866142235,-30.756466473071953,0.5991611743559017,,1.0,True,,,,,,77,-30.756466473071953,0.5991611743559017,-31.355627647427855
2022-07-13 12:30:00+00:00,CPI,Naive sign,-1.6387895948837974,-41.650092040583786,0.6081449482028268,,-1.0,True,,,,,,69,41.650092040583786,0.6081449482028268,41.04194709238096
2022-07-29 12:30:00+00:00,PCE,Naive sign,-1.9957008241117162,6.624581334904178,0.5641364821227094,,-1.0,True,,,,,,74,-6.624581334904178,0.5641364821227094,-7.1887178170268875
2022-08-05 12:30:00+00:00,NFP,Naive sign,0.24144452119551107,-55.79079693145417,0.5431423594853257,,1.0,True,,,,,,78,-55.79079693145417,0.5431423594853257,-56.33393929093949
2022-08-10 12:30:00+00:00,CPI,Naive sign,1.6768964978331644,48.702158109605875,0.5537838715221418,,1.0,True,,,,,,70,48.702158109605875,0.5537838715221418,48.14837423808373
2022-08-26 12:30:00+00:00,PCE,Naive sign,1.3517023197616702,3.610760104244548,0.5533823108482014,,1.0,True,,,,,,75,3.610760104244548,0.5533823108482014,3.0573777933963466
2022-09-02 12:30:00+00:00,NFP,Naive sign,-0.06967087212902896,-10.306258427235093,0.5899104963384866,,-1.0,True,,,,,,79,10.306258427235093,0.5899104963384866,9.716347930896607
2022-09-13 12:30:00+00:00,CPI,Naive sign,-1.579948474762284,-145.1945691576384,0.5649277282113219,,-1.0,True,,,,,,71,145.1945691576384,0.5649277282113219,144.62964142942707
2022-09-30 12:30:00+00:00,PCE,Naive sign,-3.6097507213276065,36.990037051545244,0.6419764018329532,,-1.0,True,,,,,,76,-36.990037051545244,0.6419764018329532,-37.6320134533782
2022-10-07 12:30:00+00:00,NFP,Naive sign,-0.08079578102720068,-49.42512285587952,0.6280454791553871,,-1.0,True,,,,,,80,49.42512285587952,0.6280454791553871,48.79707737672413
2022-10-13 12:30:00+00:00,CPI,Naive sign,-1.5620361853588192,-9.954494564929917,0.6631603018522754,,-1.0,True,,,,,,72,9.954494564929917,0.6631603018522754,9.29133426307764
2022-10-28 12:30:00+00:00,PCE,Naive sign,-0.27118989507824,-28.43232452125477,0.6526974409758952,,-1.0,True,,,,,,77,28.43232452125477,0.6526974409758952,27.779627080278875
2022-11-04 12:30:00+00:00,NFP,Naive sign,-0.00859864988766689,144.74713980558107,0.6717783594709166,,-1.0,True,,,,,,81,-144.74713980558107,0.6717783594709166,-145.418918165052
2022-11-10 13:30:00+00:00,CPI,Naive sign,1.6607633563681254,125.51069360650757,0.666421546097987,,1.0,True,,,,,,73,125.51069360650757,0.666421546097987,124.84427206040958
2022-12-01 13:30:00+00:00,PCE,Naive sign,1.3116164878816416,-5.793862806164896,0.6007374570161992,,1.0,True,,,,,,78,-5.793862806164896,0.6007374570161992,-6.394600263181095
2022-12-02 13:30:00+00:00,NFP,Naive sign,-0.014585134531113096,20.317897315393907,0.6025598404255319,,-1.0,True,,,,,,82,-20.317897315393907,0.6025598404255319,-20.920457155819438
2022-12-13 13:30:00+00:00,CPI,Naive sign,1.640803512240514,-30.368964941764887,0.6041666666666666,,1.0,True,,,,,,74,-30.368964941764887,0.6041666666666666,-30.973131608431554
2022-12-23 13:30:00+00:00,PCE,Naive sign,-0.2794555225126812,-24.8565229438924,0.6568516421291053,,-1.0,True,,,,,,79,24.8565229438924,0.6568516421291053,24.199671301763296
2023-01-06 13:30:00+00:00,NFP,Naive sign,-0.06884081561522244,80.27750169436132,0.6733850369200761,,-1.0,True,,,,,,83,-80.27750169436132,0.6733850369200761,-80.9508867312814
2023-01-12 13:30:00+00:00,CPI,Naive sign,0.03632795161555792,159.54592712823512,0.6363556569823575,,1.0,True,,,,,,75,159.54592712823512,0.6363556569823575,158.90957147125278
2023-01-27 13:30:00+00:00,PCE,Naive sign,-1.8612980836883501,2.9067353414546915,0.6006130395161958,,-1.0,True,,,,,,80,-2.9067353414546915,0.6006130395161958,-3.507348380970887
2023-02-03 13:30:00+00:00,NFP,Naive sign,0.30665937768946433,-38.647199609762595,0.5689509721214023,,1.0,True,,,,,,84,-38.647199609762595,0.5689509721214023,-39.216150581883994
2023-02-14 13:30:00+00:00,CPI,Naive sign,0.036212663530961496,28.599161518734206,0.5762887007670602,,1.0,True,,,,,,76,28.599161518734206,0.5762887007670602,28.022872817967148
2023-02-24 13:30:00+00:00,PCE,Naive sign,-1.830009657188023,-38.88668510082738,0.5995203836930456,,-1.0,True,,,,,,81,38.88668510082738,0.5995203836930456,38.28716471713433
2023-03-10 13:30:00+00:00,NFP,Naive sign,0.011791312539496484,2.278730135714113,0.6030861373372707,,1.0,True,,,,,,85,2.278730135714113,0.6030861373372707,1.6756439983768425
2023-03-14 12:30:00+00:00,CPI,Naive sign,0.03609846609086587,0.6221807436901372,0.6021594684385382,,1.0,True,,,,,,77,0.6221807436901372,0.6021594684385382,0.020021275251599024
2023-03-31 12:30:00+00:00,PCE,Naive sign,-0.24561985495403924,-8.967840401048477,0.554270751705816,,-1.0,True,,,,,,82,8.967840401048477,0.554270751705816,8.41356964934266
2023-04-12 12:30:00+00:00,CPI,Naive sign,0.8362188016428281,-5.122416374732097,0.5554385091264292,,1.0,True,,,,,,78,-5.122416374732097,0.5554385091264292,-5.677854883858527
2023-04-28 12:30:00+00:00,PCE,Naive sign,-0.2446458487409858,24.63428821002367,0.5495963309707008,,-1.0,True,,,,,,83,-24.63428821002367,0.5495963309707008,-25.18388454099437
2023-05-05 12:30:00+00:00,NFP,Naive sign,-0.009663468391275397,11.063003016644757,0.5519078884765439,,-1.0,True,,,,,,86,-11.063003016644757,0.5519078884765439,-11.6149109051213
2023-05-10 12:30:00+00:00,CPI,Naive sign,0.030788529266230838,43.2427034999705,0.5467468562055768,,1.0,True,,,,,,79,43.2427034999705,0.5467468562055768,42.69595664376492
2023-05-26 12:30:00+00:00,PCE,Naive sign,-1.809426281392467,9.453566749684228,0.5168971909311278,,-1.0,True,,,,,,84,-9.453566749684228,0.5168971909311278,-9.970463940615355
2023-06-02 12:30:00+00:00,NFP,Naive sign,0.0835127359455142,-19.619998032780472,0.49866735448370736,,1.0,True,,,,,,87,-19.619998032780472,0.49866735448370736,-20.11866538726418
2023-06-13 12:30:00+00:00,CPI,Naive sign,0.111044762907337,19.612944120730447,0.48788694481830414,,1.0,True,,,,,,80,19.612944120730447,0.48788694481830414,19.125057175912143
2023-06-30 12:30:00+00:00,PCE,Naive sign,-0.22837106669327886,17.40873175297253,0.4774998765086526,,-1.0,True,,,,,,85,-17.40873175297253,0.4774998765086526,-17.88623162948118
2023-07-07 12:30:00+00:00,NFP,Naive sign,-0.1195977821158257,-32.310735747174135,0.4761592013660843,,-1.0,True,,,,,,88,32.310735747174135,0.4761592013660843,31.83457654580805
2023-07-12 12:30:00+00:00,CPI,Naive sign,0.7957918434964811,13.31947438810488,0.473469387755102,,1.0,True,,,,,,81,13.31947438810488,0.473469387755102,12.846005000349777
2023-07-28 12:30:00+00:00,PCE,Naive sign,-0.22749221991958832,3.1765696492058737,0.4606464935271225,,-1.0,True,,,,,,86,-3.1765696492058737,0.4606464935271225,-3.637216142732996
2023-08-04 12:30:00+00:00,NFP,Naive sign,-0.1093620433557646,20.64749979417968,0.46870201865110794,,-1.0,True,,,,,,89,-20.64749979417968,0.46870201865110794,-21.116201812830788
2023-08-10 12:30:00+00:00,CPI,Naive sign,0.025247022731454967,-12.714145382517472,0.47421264349020503,,1.0,True,,,,,,82,-12.714145382517472,0.47421264349020503,-13.188358026007677
2023-08-31 12:30:00+00:00,PCE,Naive sign,-0.22662344597528022,-8.378988566271062,0.46687595588827174,,-1.0,True,,,,,,87,8.378988566271062,0.46687595588827174,7.91211261038279
2023-09-01 12:30:00+00:00,NFP,Naive sign,-0.07191857716894035,16.480399259606315,0.46544474047443263,,-1.0,True,,,,,,90,-16.480399259606315,0.46544474047443263,-16.945844000080747
2023-09-13 12:30:00+00:00,CPI,Naive sign,0.025170356873976597,47.16603624444815,0.4738329820433639,,1.0,True,,,,,,83,47.16603624444815,0.4738329820433639,46.69220326240479
2023-09-29 12:30:00+00:00,PCE,Naive sign,1.3433872606317534,4.3336223093248805,0.4846256684491978,,1.0,True,,,,,,88,4.3336223093248805,0.4846256684491978,3.848996640875683
2023-10-06 12:30:00+00:00,NFP,Naive sign,0.1131620651823218,-29.579784929545383,0.48716570353447114,,1.0,True,,,,,,91,-29.579784929545383,0.48716570353447114,-30.066950633079855
2023-10-12 12:30:00+00:00,CPI,Naive sign,-0.7867827476260195,-15.095077489526432,0.46944556859571024,,-1.0,True,,,,,,84,15.095077489526432,0.46944556859571024,14.625631920930722
2023-10-27 12:30:00+00:00,PCE,Naive sign,-1.799426751444557,15.032077082040018,0.5070373284378005,,-1.0,True,,,,,,89,-15.032077082040018,0.5070373284378005,-15.539114410477818
2023-11-03 12:30:00+00:00,NFP,Naive sign,-0.13108733580921772,5.651126220378444,0.48453659922139974,,-1.0,True,,,,,,92,-5.651126220378444,0.48453659922139974,-6.135662819599844
2023-11-14 13:30:00+00:00,CPI,Naive sign,0.8426941285268533,48.15545747067773,0.46496713163379827,,1.0,True,,,,,,85,48.15545747067773,0.46496713163379827,47.69049033904393
2023-11-30 13:30:00+00:00,PCE,Naive sign,1.3321946861111806,-17.27425243775116,0.450821583471948,,1.0,True,,,,,,90,-17.27425243775116,0.450821583471948,-17.725074021223108
2023-12-08 13:30:00+00:00,NFP,Naive sign,-0.07577269969724261,22.41749188918618,0.4539264639128461,,-1.0,True,,,,,,93,-22.41749188918618,0.4539264639128461,-22.871418353099028
2023-12-12 13:30:00+00:00,CPI,Naive sign,-0.7887014604517996,-43.008176394288,0.4442197815664109,,-1.0,True,,,,,,86,43.008176394288,0.4442197815664109,42.56395661272159
2023-12-22 13:30:00+00:00,PCE,Naive sign,1.319160634839701,22.819463854801825,0.42741341193809873,,1.0,True,,,,,,91,22.819463854801825,0.42741341193809873,22.392050442863727
2024-01-05 13:30:00+00:00,NFP,Naive sign,-0.041746958090400695,22.43402364765501,0.4418239712357359,,-1.0,True,,,,,,94,-22.43402364765501,0.4418239712357359,-22.875847618890745
2024-01-11 13:30:00+00:00,CPI,Naive sign,-0.7849042105335153,-28.64443023430141,0.4258255877127292,,-1.0,True,,,,,,87,28.64443023430141,0.4258255877127292,28.21860464658868
2024-01-26 13:30:00+00:00,PCE,Naive sign,-0.23765961104637265,17.773737945034895,0.4126586601400194,,-1.0,True,,,,,,92,-17.773737945034895,0.4126586601400194,-18.186396605174913
2024-02-02 13:30:00+00:00,NFP,Naive sign,0.1178356155064509,-17.559517699368143,0.411814825333712,,1.0,True,,,,,,95,-17.559517699368143,0.411814825333712,-17.971332524701854
2024-02-13 13:30:00+00:00,CPI,Naive sign,-0.7811613847490155,-39.55645477144998,0.406344580204013,,-1.0,True,,,,,,88,39.55645477144998,0.406344580204013,39.150110191245965
2024-02-29 13:30:00+00:00,PCE,Naive sign,-0.23678595848151593,37.97604981336633,0.40578168945107534,,-1.0,True,,,,,,93,-37.97604981336633,0.40578168945107534,-38.381831502817406
2024-03-08 13:30:00+00:00,NFP,Naive sign,0.0003740759023637736,14.31366244670329,0.3964998632759092,,1.0,True,,,,,,96,14.31366244670329,0.3964998632759092,13.91716258342738
2024-03-12 12:30:00+00:00,CPI,Naive sign,0.038897596673548446,37.70659896193962,0.40166204986149584,,1.0,True,,,,,,89,37.70659896193962,0.40166204986149584,37.30493691207813
2024-04-05 12:30:00+00:00,NFP,Naive sign,0.01805478474136971,19.031863419449735,0.3993445241603437,,1.0,True,,,,,,97,19.031863419449735,0.3993445241603437,18.63251889528939
2024-04-10 12:30:00+00:00,CPI,Naive sign,-0.7799931857072275,-34.04481486544597,0.393866547148542,,-1.0,True,,,,,,90,34.04481486544597,0.393866547148542,33.65094831829743
2024-04-26 12:30:00+00:00,PCE,Naive sign,-0.24439946298316922,-37.86363777319224,0.4090960388218034,,-1.0,True,,,,,,94,37.86363777319224,0.4090960388218034,37.45454173437044
2024-05-03 12:30:00+00:00,NFP,Naive sign,-0.17706829493247359,14.516019019055193,0.4085888187556357,,-1.0,True,,,,,,98,-14.516019019055193,0.4085888187556357,-14.924607837810829
2024-05-15 12:30:00+00:00,CPI,Naive sign,0.8630942134153134,-7.425859884477859,0.3938451509513397,,1.0,True,,,,,,91,-7.425859884477859,0.3938451509513397,-7.819705035429199
2024-05-31 12:30:00+00:00,PCE,Naive sign,-0.24351667860145637,15.832766392911424,0.39036734913648047,,-1.0,True,,,,,,95,-15.832766392911424,0.39036734913648047,-16.223133742047903
2024-06-07 12:30:00+00:00,NFP,Naive sign,0.022890670339214506,-13.687634571404317,0.37978993687629325,,1.0,True,,,,,,99,-13.687634571404317,0.37978993687629325,-14.06742450828061
2024-06-12 12:30:00+00:00,CPI,Naive sign,0.8587529694109373,0.0,0.37605684942165046,,1.0,True,,,,,,92,0.0,0.37605684942165046,-0.37605684942165046
2024-06-28 12:30:00+00:00,PCE,Naive sign,-0.2426433957445556,-37.77293540768056,0.35982381041007505,,-1.0,True,,,,,,96,37.77293540768056,0.35982381041007505,37.413111597270486
2024-07-05 12:30:00+00:00,NFP,Naive sign,-0.07399593365510283,-21.64039895038883,0.3545665729306761,,-1.0,True,,,,,,100,21.64039895038883,0.3545665729306761,21.285832377458153
2024-07-11 12:30:00+00:00,CPI,Naive sign,1.6754537637453566,-30.347949118798567,0.34704354798176223,,1.0,True,,,,,,93,-30.347949118798567,0.34704354798176223,-30.69499266678033
2024-07-26 12:30:00+00:00,PCE,Naive sign,-0.5783982211069412,-23.17709370849741,0.3774272476443334,,-1.0,True,,,,,,97,23.17709370849741,0.3774272476443334,22.799666460853075
2024-08-02 12:30:00+00:00,NFP,Naive sign,-0.1721608664320203,-9.008706784250364,0.38766943828035183,,-1.0,True,,,,,,101,9.008706784250364,0.38766943828035183,8.621037345970013
2024-08-14 12:30:00+00:00,CPI,Naive sign,0.023803419256880783,-2.3520188269898767,0.3794768453697282,,1.0,True,,,,,,94,-2.3520188269898767,0.3794768453697282,-2.731495672359605
2024-08-30 12:30:00+00:00,PCE,Naive sign,-0.238436036952374,-19.44207005273313,0.3708297635640576,,-1.0,True,,,,,,98,19.44207005273313,0.3708297635640576,19.071240289169072
2024-09-06 12:30:00+00:00,NFP,Naive sign,-0.12297466673639144,61.051301724752705,0.3861980796633418,,-1.0,True,,,,,,102,-61.051301724752705,0.3861980796633418,-61.43749980441605
2024-09-11 12:30:00+00:00,CPI,Naive sign,-0.09913290389855092,55.82819461057653,0.3845286871660235,,-1.0,True,,,,,,95,-55.82819461057653,0.3845286871660235,-56.212723297742556
2024-09-27 12:30:00+00:00,PCE,Naive sign,-0.2375999467930136,0.49076743767528797,0.35606851249309346,,-1.0,True,,,,,,99,-0.49076743767528797,0.35606851249309346,-0.8468359501683814
2024-10-04 12:30:00+00:00,NFP,Naive sign,0.040543022944561934,62.43207277027096,0.3611322117480044,,1.0,True,,,,,,103,62.43207277027096,0.3611322117480044,62.070940558522956
2024-10-10 12:30:00+00:00,CPI,Naive sign,-0.7970756838786801,-18.522726295806535,0.3546532958297664,,-1.0,True,,,,,,96,18.522726295806535,0.3546532958297664,18.16807299997677
2024-10-31 12:30:00+00:00,PCE,Naive sign,-0.2367725943128565,-8.949643531117601,0.35521367940128123,,-1.0,True,,,,,,100,8.949643531117601,0.35521367940128123,8.59442985171632
2024-11-01 12:30:00+00:00,NFP,Naive sign,-0.20694615809024963,9.948517248012934,0.36068305908983495,,-1.0,True,,,,,,104,-9.948517248012934,0.36068305908983495,-10.309200307102769
2024-11-13 13:30:00+00:00,CPI,Naive sign,0.028872763033326438,-14.983927529890195,0.342850387184489,,1.0,True,,,,,,97,-14.983927529890195,0.342850387184489,-15.326777917074685
2024-11-27 15:00:00+00:00,PCE,Naive sign,-0.23595382831701026,-34.35686431782159,0.3475467989741377,,-1.0,True,,,,,,101,34.35686431782159,0.3475467989741377,34.00931751884745
2024-12-06 13:30:00+00:00,NFP,Naive sign,-0.08361582857707964,-7.442206957755104,0.33772767503610196,,-1.0,True,,,,,,105,7.442206957755104,0.33772767503610196,7.104479282719002
2024-12-11 13:30:00+00:00,CPI,Naive sign,-0.13613039922014264,18.829551678329892,0.3377709447103905,,-1.0,True,,,,,,98,-18.829551678329892,0.3377709447103905,-19.16732262304028
2025-01-10 13:30:00+00:00,NFP,Naive sign,0.02543842745033338,-18.097625634645453,0.34061545689452666,,1.0,True,,,,,,106,-18.097625634645453,0.34061545689452666,-18.43824109153998
2025-01-15 13:30:00+00:00,CPI,Naive sign,0.029630018694912632,46.982441545075915,0.3453367628846337,,1.0,True,,,,,,99,46.982441545075915,0.3453367628846337,46.63710478219128
2025-01-31 13:30:00+00:00,PCE,Naive sign,-0.24328328434500773,3.6718302191118823,0.33278633969452504,,-1.0,True,,,,,,102,-3.6718302191118823,0.33278633969452504,-4.004616558806408
2025-02-07 13:30:00+00:00,NFP,Naive sign,-0.13442132024142522,31.817272246321693,0.33173566387169834,,-1.0,True,,,,,,107,-31.817272246321693,0.33173566387169834,-32.14900791019339
2025-02-12 13:30:00+00:00,CPI,Naive sign,-1.6288289771507536,-22.023121578520488,0.33217644296301385,,-1.0,True,,,,,,100,22.023121578520488,0.33217644296301385,21.690945135557474
2025-02-28 13:30:00+00:00,PCE,Naive sign,-0.24245575341235073,-15.279397617540269,0.3522367030644593,,-1.0,True,,,,,,103,15.279397617540269,0.3522367030644593,14.92716091447581
2025-03-07 13:30:00+00:00,NFP,Naive sign,-0.10408611006653506,-75.46362563040532,0.3605126738852078,,-1.0,True,,,,,,108,75.46362563040532,0.3605126738852078,75.1031129565201
2025-03-12 12:30:00+00:00,CPI,Naive sign,0.863785844188717,-14.313855847269963,0.3699970655405147,,1.0,True,,,,,,101,-14.313855847269963,0.3699970655405147,-14.683852912810478
2025-03-28 12:30:00+00:00,PCE,Naive sign,-0.2416366134206346,-20.744939075711955,0.3637275805844726,,-1.0,True,,,,,,104,20.744939075711955,0.3637275805844726,20.38121149512748
2025-04-04 12:30:00+00:00,NFP,Naive sign,0.022901267949125444,39.20413844255677,0.3996692392502756,,1.0,True,,,,,,109,39.20413844255677,0.3996692392502756,38.804469203306496
2025-04-10 12:30:00+00:00,CPI,Naive sign,1.6857215992659478,-61.833617511624084,0.38479910832758346,,1.0,True,,,,,,102,-61.833617511624084,0.38479910832758346,-62.21841661995167
2025-04-30 14:00:00+00:00,PCE,Naive sign,-0.24082572346498407,73.4203377380993,0.37915931228345423,,-1.0,True,,,,,,105,-73.4203377380993,0.37915931228345423,-73.79949705038275
2025-05-02 12:30:00+00:00,NFP,Naive sign,-0.04068498955260628,34.270722133555864,0.36349962396590624,,-1.0,True,,,,,,110,-34.270722133555864,0.36349962396590624,-34.63422175752177
2025-05-13 12:30:00+00:00,CPI,Naive sign,0.8463013350782487,-11.17943101341723,0.3454396016724041,,1.0,True,,,,,,103,-11.17943101341723,0.3454396016724041,-11.524870615089633
2025-05-30 12:30:00+00:00,PCE,Naive sign,-0.2400229459321998,5.977882015208991,0.340467497094286,,-1.0,True,,,,,,106,-5.977882015208991,0.340467497094286,-6.318349512303277
2025-06-06 12:30:00+00:00,NFP,Naive sign,-0.07537897167229662,12.070007500355473,0.33440188187541803,,-1.0,True,,,,,,111,-12.070007500355473,0.33440188187541803,-12.404409382230892
2025-06-11 12:30:00+00:00,CPI,Naive sign,0.842385437586005,-17.12202979796018,0.3301983467310363,,1.0,True,,,,,,104,-17.12202979796018,0.3301983467310363,-17.45222814469122
2025-06-27 12:30:00+00:00,PCE,Naive sign,-0.23922814640251422,-9.89348100354448,0.3184118932331983,,-1.0,True,,,,,,107,9.89348100354448,0.3184118932331983,9.575069110311281
2025-07-15 12:30:00+00:00,CPI,Naive sign,0.015270024971998773,0.64669806768336,0.31316141851323914,,1.0,True,,,,,,105,0.64669806768336,0.31316141851323914,0.3335366491701209
2025-07-31 12:30:00+00:00,PCE,Naive sign,-0.23844119355490775,-0.5251576786946544,0.3046794561997016,,-1.0,True,,,,,,108,0.5251576786946544,0.3046794561997016,0.22047822249495275
2025-08-01 12:30:00+00:00,NFP,Naive sign,-0.13459299863347782,-8.55788813233005,0.31354063054101977,,-1.0,True,,,,,,112,8.55788813233005,0.31354063054101977,8.24434750178903
2025-08-12 12:30:00+00:00,CPI,Naive sign,0.015229351855953272,13.785485332746816,0.3063110641668867,,1.0,True,,,,,,106,13.785485332746816,0.3063110641668867,13.47917426857993
2025-08-29 12:30:00+00:00,PCE,Naive sign,-0.23766195907583582,-1.6900099328154283,0.30681337283114685,,-1.0,True,,,,,,109,1.6900099328154283,0.30681337283114685,1.3831965599842815
2025-09-05 12:30:00+00:00,NFP,Naive sign,-0.16203229557152443,53.33849963573556,0.3048492047640572,,-1.0,True,,,,,,113,-53.33849963573556,0.3048492047640572,-53.64334884049961
2025-09-11 12:30:00+00:00,CPI,Naive sign,-0.8125014898375039,-3.338375702597318,0.30273926841489895,,-1.0,True,,,,,,107,3.338375702597318,0.30273926841489895,3.035636434182419
2025-09-26 12:30:00+00:00,PCE,Naive sign,-0.23689031757122087,6.886424901253463,0.2942191019215551,,-1.0,True,,,,,,110,-6.886424901253463,0.2942191019215551,-7.180644003175018
2025-10-24 12:30:00+00:00,CPI,Naive sign,0.847953082809842,-18.738998777685367,0.2858015748652298,,1.0,True,,,,,,108,-18.738998777685367,0.2858015748652298,-19.024800352550596
2025-11-20 13:30:00+00:00,NFP,Naive sign,-0.0023105936820798033,11.997126095053545,0.28835923594745894,,-1.0,True,,,,,,114,-11.997126095053545,0.28835923594745894,-12.285485331001004
2025-12-05 15:00:00+00:00,PCE,Naive sign,-0.2361261464815725,23.6370087189286,0.28110308728735517,,-1.0,True,,,,,,111,-23.6370087189286,0.28110308728735517,-23.918111806215954
2025-12-16 13:30:00+00:00,NFP,Naive sign,,-37.12060462220279,0.2892479553161779,,0.0,False,,,,,,115,-0.0,0.0,-0.0
2026-01-09 13:30:00+00:00,NFP,Naive sign,-0.11728348610816007,19.200936853316364,0.2816436333971078,,-1.0,True,,,,,,115,-19.200936853316364,0.2816436333971078,-19.48258048671347
2026-01-13 13:30:00+00:00,CPI,Naive sign,0.01505420514787327,-12.698292247037557,0.27979584551410075,,1.0,True,,,,,,109,-12.698292247037557,0.27979584551410075,-12.978088092551658
2026-02-11 13:30:00+00:00,NFP,Naive sign,-0.002974276950318473,58.33620863690214,0.2872652349631508,,-1.0,True,,,,,,116,-58.33620863690214,0.2872652349631508,-58.62347387186529
2026-02-13 13:30:00+00:00,CPI,Naive sign,0.8462769813651695,-8.16808140889691,0.2934480141664559,,1.0,True,,,,,,110,-8.16808140889691,0.2934480141664559,-8.461529423063366
2026-02-20 13:30:00+00:00,PCE,Naive sign,-1.874584816789142,-18.55419060252217,0.29166247611384893,,-1.0,True,,,,,,112,18.55419060252217,0.29166247611384893,18.26252812640832
2026-03-06 13:30:00+00:00,NFP,Naive sign,-0.288041446580229,-46.55266318607687,0.2915920928268345,,-1.0,True,,,,,,117,46.55266318607687,0.2915920928268345,46.26107109325004
2026-03-11 12:30:00+00:00,CPI,Naive sign,-0.07257360225559249,-20.22387105274248,0.29,,-1.0,True,,,,,,111,20.22387105274248,0.29,19.933871052742482
2026-03-13 12:30:00+00:00,PCE,Naive sign,-0.21994435368833912,3.140560362560052,0.29408185616355004,,-1.0,True,,,,,,113,-3.140560362560052,0.29408185616355004,-3.434642218723602
2026-04-09 12:30:00+00:00,PCE,Naive sign,-0.21926095603584936,-2.596676268993292,0.2895627602320496,,-1.0,True,,,,,,114,2.596676268993292,0.2895627602320496,2.3071135087612427
2026-04-10 12:30:00+00:00,CPI,Naive sign,0.3863432136330373,-10.960420160444073,0.28615126547930336,,1.0,True,,,,,,112,-10.960420160444073,0.28615126547930336,-11.246571425923376
2026-04-30 12:30:00+00:00,PCE,Naive sign,-0.21858389123884375,-4.6311221310091355,0.26325583928684904,,-1.0,True,,,,,,115,4.6311221310091355,0.26325583928684904,4.367866291722287
2026-05-08 12:30:00+00:00,NFP,Naive sign,-0.02209025678682834,2.3349231094726974,0.2508108108108108,,-1.0,True,,,,,,118,-2.3349231094726974,0.2508108108108108,-2.5857339202835083
2026-05-12 12:30:00+00:00,CPI,Naive sign,0.009048380436151223,27.240737439306884,0.2487626204139753,,1.0,True,,,,,,113,27.240737439306884,0.2487626204139753,26.99197481889291
2026-05-28 12:30:00+00:00,PCE,Naive sign,1.4256193886011588,25.73510929430256,0.2420579937565731,,1.0,True,,,,,,116,25.73510929430256,0.2420579937565731,25.493051300545986
2026-06-05 12:30:00+00:00,NFP,Naive sign,0.024028750728270636,-13.79872372957891,0.24074181685358748,,1.0,True,,,,,,119,-13.79872372957891,0.24074181685358748,-14.039465546432497
2026-06-10 12:30:00+00:00,CPI,Naive sign,0.009025267637695652,-3.901153490524223,0.25214102508368474,,1.0,True,,,,,,114,-3.901153490524223,0.25214102508368474,-4.153294515607907
2026-06-25 12:30:00+00:00,PCE,Naive sign,1.4130475363822363,-13.731720773293432,0.2406159769008662,,1.0,True,,,,,,117,-13.731720773293432,0.2406159769008662,-13.972336750194298
2016-01-08 13:30:00+00:00,NFP,Surprise only,1.6142593236792937,-31.072008427486253,1.6722408026755853,,0.0,False,,,,,,0,-0.0,0.0,-0.0
2016-01-20 13:30:00+00:00,CPI,Surprise only,0.8034072020471136,24.557969120273526,1.7826407671502336,,0.0,False,,,,,,0,0.0,0.0,0.0
2016-02-01 13:30:00+00:00,PCE,Surprise only,1.3212240511473,8.84407946564636,1.7110153991385924,,0.0,False,,,,,,0,0.0,0.0,0.0
2016-02-05 13:30:00+00:00,NFP,Surprise only,-0.5662977961971637,-17.51578377945151,1.74446583253128,,0.0,False,,,,,,1,-0.0,0.0,-0.0
2016-02-19 13:30:00+00:00,CPI,Surprise only,-1.1647750851392003,-15.728029374919572,1.749728490406661,,0.0,False,,,,,,1,-0.0,0.0,-0.0
2016-02-26 15:00:00+00:00,PCE,Surprise only,-2.1146814105422513,-31.75165835685334,1.7022775299366049,,0.0,False,,,,,,1,-0.0,0.0,-0.0
2016-03-04 13:30:00+00:00,NFP,Surprise only,0.8511296176546844,-46.15481567977753,1.672723077810463,,0.0,False,,,,,,2,-0.0,0.0,-0.0
2016-03-28 12:30:00+00:00,PCE,Surprise only,-0.3589718295271186,-3.4013605770155664,1.6440841317535009,,0.0,False,,,,,,2,-0.0,0.0,-0.0
2016-04-01 12:30:00+00:00,NFP,Surprise only,0.23256549524665046,-36.470793686653735,1.625651662088682,,0.0,False,,,,,,3,-0.0,0.0,-0.0
2016-04-14 12:30:00+00:00,CPI,Surprise only,0.8159070832843519,6.046447896181917,1.5953350203542742,,0.0,False,,,,,,2,0.0,0.0,0.0
2016-04-29 12:30:00+00:00,PCE,Surprise only,-0.3548908737688326,-16.036658648737045,1.6595135908440628,,0.0,False,,,,,,3,-0.0,0.0,-0.0
2016-05-06 12:30:00+00:00,NFP,Surprise only,-0.5970295853454834,-17.510072763116113,1.688697373784429,,0.0,False,,,,,,4,-0.0,0.0,-0.0
2016-05-17 12:30:00+00:00,CPI,Surprise only,-1.165117912908518,-8.007779413183869,1.6574269874835685,,0.0,False,,,,,,3,-0.0,0.0,-0.0
2016-05-31 12:30:00+00:00,PCE,Surprise only,-0.3509464824958188,1.1067456156510502,1.604514772601527,,0.0,False,,,,,,4,0.0,0.0,0.0
2016-06-03 12:30:00+00:00,NFP,Surprise only,-1.9555484666489378,-10.517867503416767,1.5997352162400706,,0.0,False,,,,,,5,-0.0,0.0,-0.0
2016-06-29 12:30:00+00:00,PCE,Surprise only,-0.3471306674377593,15.077711044817477,1.6827202042474179,,0.0,False,,,,,,5,0.0,0.0,0.0
2016-07-08 12:30:00+00:00,NFP,Surprise only,1.8450710388339822,8.38012284020806,1.6265634640192945,,0.0,False,,,,,,6,0.0,0.0,0.0
2016-07-15 12:30:00+00:00,CPI,Surprise only,0.8115726727885837,-5.986557636141754,1.5790046825656103,,0.0,False,,,,,,4,-0.0,0.0,-0.0
2016-08-02 12:30:00+00:00,PCE,Surprise only,1.357394389268374,-1.0554646692995107,1.5303430079155673,,0.0,False,,,,,,6,-0.0,0.0,-0.0
2016-08-05 12:30:00+00:00,NFP,Surprise only,1.2796377681502662,20.48589028987635,1.5258339471745763,,0.0,False,,,,,,7,0.0,0.0,0.0
2016-08-16 12:30:00+00:00,CPI,Surprise only,-0.18513874292076055,-2.0770588920981936,1.5055549787145677,,0.0,False,,,,,,5,-0.0,0.0,-0.0
2016-08-29 12:30:00+00:00,PCE,Surprise only,-0.36621496105815404,3.65468456308804,1.514360313315927,,0.0,False,,,,,,7,0.0,0.0,0.0
2016-09-02 12:30:00+00:00,NFP,Surprise only,-0.40888888651079935,24.51556922501652,1.5163398692810457,,0.0,False,,,,,,8,0.0,0.0,0.0
2016-09-30 12:30:00+00:00,PCE,Surprise only,1.3393576888346368,2.0638770002534557,1.4963880288957687,,0.0,False,,,,,,8,0.0,0.0,0.0
2016-10-07 12:30:00+00:00,NFP,Surprise only,-0.1964152932718881,10.260620641631135,1.4905427631578947,,0.0,False,,,,,,9,0.0,0.0,0.0
2016-10-18 12:30:00+00:00,CPI,Surprise only,-0.16901430640024803,11.874952992130261,1.498475688523743,,0.0,False,,,,,,6,0.0,0.0,0.0
2016-10-31 12:30:00+00:00,PCE,Surprise only,-0.3840686609153908,5.702880108948705,1.5041493775933608,,0.0,False,,,,,,9,0.0,0.0,0.0
2016-11-04 12:30:00+00:00,NFP,Surprise only,-0.1303193272493761,12.835599152332122,1.5514658677509094,,0.0,False,,,,,,10,0.0,0.0,0.0
2016-11-17 13:30:00+00:00,CPI,Surprise only,-0.16796381350875023,4.699370892957688,1.5139650221874184,,0.0,False,,,,,,7,0.0,0.0,0.0
2016-11-30 13:30:00+00:00,PCE,Surprise only,1.3230170925284488,2.5640368335899666,1.4874083192285994,,0.0,False,,,,,,10,0.0,0.0,0.0
2016-12-02 13:30:00+00:00,NFP,Surprise only,0.033610480884534014,1.0573059853413724,1.5329315995348345,,0.0,False,,,,,,11,0.0,0.0,0.0
2016-12-22 15:00:00+00:00,PCE,Surprise only,2.9838886430672513,-1.0118385114310513,1.4676856116200212,,0.0,False,,,,,,11,-0.0,0.0,-0.0
2017-01-06 13:30:00+00:00,NFP,Surprise only,-0.24560763540543862,4.529783402809073,1.4607364126328513,,0.0,False,,,,,,12,0.0,0.0,0.0
2017-01-18 13:30:00+00:00,CPI,Surprise only,-0.1659201234598231,-0.49498824413518605,1.4347912131407083,,0.0,False,,,,,,8,-0.0,0.0,-0.0
2017-01-30 13:30:00+00:00,PCE,Surprise only,-0.4243384371886906,10.693628589173443,1.4101628981278873,,0.0,False,,,,,,12,0.0,0.0,0.0
2017-02-03 13:30:00+00:00,NFP,Surprise only,0.8452794369339985,18.470816508902033,1.4118792599805257,,0.0,False,,,,,,13,0.0,0.0,0.0
2017-02-15 13:30:00+00:00,CPI,Surprise only,-3.2124696574381035,-8.0658557738289,1.3748636988574408,,0.0,False,,,,,,9,-0.0,0.0,-0.0
2017-03-01 13:30:00+00:00,PCE,Surprise only,1.1790960725118012,-4.659181000299384,1.350407450523865,,0.0,False,,,,,,13,-0.0,0.0,-0.0
2017-03-10 13:30:00+00:00,NFP,Surprise only,0.6384882035084962,1.856062369007816,1.3465199424246643,,0.0,False,,,,,,14,0.0,0.0,0.0
2017-03-31 12:30:00+00:00,PCE,Surprise only,-0.4384274479644154,-1.8400110452532203,1.3337012509197939,,0.0,False,,,,,,14,-0.0,0.0,-0.0
2017-04-07 12:30:00+00:00,NFP,Surprise only,-1.3078965412877368,11.083915603862238,1.3375149893921225,,0.0,False,,,,,,15,0.0,0.0,0.0
2017-05-01 12:30:00+00:00,PCE,Surprise only,-0.4341842117614949,4.018126267872901,1.2948740846579747,,0.0,False,,,,,,15,0.0,0.0,0.0
2017-05-05 12:30:00+00:00,NFP,Surprise only,0.4142854976008267,7.1016425532377525,1.2880874122768056,,0.0,False,,,,,,16,0.0,0.0,0.0
2017-05-12 12:30:00+00:00,CPI,Surprise only,-0.13514617301327977,8.37687150809785,1.2792800741100179,,0.0,False,,,,,,10,0.0,0.0,0.0
2017-05-30 12:30:00+00:00,PCE,Surprise only,-0.4300621707383414,6.048038891819374,1.2533494684069497,,0.0,False,,,,,,16,0.0,0.0,0.0
2017-06-02 12:30:00+00:00,NFP,Surprise only,-0.6677396065852849,-2.5700334245826184,1.241332077733071,,0.0,False,,,,,,17,-0.0,0.0,-0.0
2017-06-30 12:30:00+00:00,PCE,Surprise only,-0.4260556508599551,-8.396862718527132,1.2814847547503314,,0.0,False,,,,,,17,-0.0,0.0,-0.0
2017-07-07 12:30:00+00:00,NFP,Surprise only,0.8034356423152486,-5.339978767011644,1.2925655197004813,,0.0,False,,,,,,18,-0.0,0.0,-0.0
2017-07-14 12:30:00+00:00,CPI,Surprise only,0.7927260050565855,26.214587736248518,1.2495691140985867,,0.0,False,,,,,,11,0.0,0.0,0.0
2017-08-01 12:30:00+00:00,PCE,Surprise only,-0.422159343805065,4.660918285246396,1.2290739563466837,,0.0,False,,,,,,18,0.0,0.0,0.0
2017-08-04 12:30:00+00:00,NFP,Surprise only,0.5458452330557173,-13.145342717706399,1.2293344637558288,,0.0,False,,,,,,19,-0.0,0.0,-0.0
2017-08-11 12:30:00+00:00,CPI,Surprise only,0.7856685090657263,23.32412944053175,1.2545423083578473,,0.0,False,,,,,,12,0.0,0.0,0.0
2017-08-31 12:30:00+00:00,PCE,Surprise only,-0.4183682771652557,1.681378734517125,1.2193070972082072,,0.0,False,,,,,,19,0.0,0.0,0.0
2017-09-01 12:30:00+00:00,NFP,Surprise only,-0.34604558050796347,2.4980224119275363,1.2066239494050095,,0.0,False,,,,,,20,0.0,0.0,0.0
2017-09-29 12:30:00+00:00,PCE,Surprise only,1.24403333303221,-4.204507293685822,1.2192558335085137,,0.0,False,,,,,,20,-0.0,0.0,-0.0
2017-10-06 12:30:00+00:00,NFP,Surprise only,-1.8424473560997108,-26.439741090307223,1.195925605179595,,0.0,False,,,,,,21,-0.0,0.0,-0.0
2017-10-13 12:30:00+00:00,CPI,Surprise only,0.7897822256401897,9.438802383314737,1.1912586263555702,,0.0,False,,,,,,13,0.0,0.0,0.0
2017-10-30 12:30:00+00:00,PCE,Surprise only,-0.43153418183276016,0.8047318235426815,1.1668611435239207,,0.0,False,,,,,,21,0.0,0.0,0.0
2017-11-03 12:30:00+00:00,NFP,Surprise only,-0.7859021766829931,-1.9952513085286228,1.158054468492932,,0.0,False,,,,,,22,-0.0,0.0,-0.0
2017-11-15 13:30:00+00:00,CPI,Surprise only,-0.15820077948038003,-4.781638599204996,1.1549183592194345,,0.0,False,,,,,,14,-0.0,0.0,-0.0
2017-11-30 13:30:00+00:00,PCE,Surprise only,-0.42780275982372784,0.7900766378554636,1.145656382096156,,0.0,False,,,,,,22,0.0,0.0,0.0
2017-12-08 13:30:00+00:00,NFP,Surprise only,0.6370043888724991,14.546600823450717,1.141732283464567,,0.0,False,,,,,,23,0.0,0.0,0.0
2017-12-13 13:30:00+00:00,CPI,Surprise only,-0.1573539546812662,18.361890573075357,1.1341415721548689,,0.0,False,,,,,,15,0.0,0.0,0.0
2017-12-22 13:30:00+00:00,PCE,Surprise only,1.2482623178131573,-4.621072170962748,1.1166300874051827,,0.0,False,,,,,,23,-0.0,0.0,-0.0
2018-01-05 13:30:00+00:00,NFP,Surprise only,-0.621220884870033,6.789634752166762,1.092731451825615,,0.0,False,,,,,,24,0.0,0.0,0.0
2018-01-12 13:30:00+00:00,CPI,Surprise only,-0.15652048446517022,-34.972875887184784,1.075787365062878,,0.0,False,,,,,,16,-0.0,0.0,-0.0
2018-01-29 13:30:00+00:00,PCE,Surprise only,-0.4402926559951366,-3.5660794900493897,1.0339786786465575,,0.0,False,,,,,,24,-0.0,0.0,-0.0
2018-02-02 13:30:00+00:00,NFP,Surprise only,0.4228435414864092,13.104730498341155,1.0542387669041733,,0.0,False,,,,,,25,0.0,0.0,0.0
2018-02-14 13:30:00+00:00,CPI,Surprise only,-2.0674616228090885,-22.24183146466885,1.0995260663507107,,0.0,False,,,,,,17,-0.0,0.0,-0.0
2018-03-01 13:30:00+00:00,PCE,Surprise only,-0.4366213148929902,36.04525939415737,1.058085230589609,,0.0,False,,,,,,25,0.0,0.0,0.0
2018-03-09 13:30:00+00:00,NFP,Surprise only,1.9022467250921624,43.88084314108198,1.040508054967529,,0.0,False,,,,,,26,0.0,0.0,0.0
2018-03-13 12:30:00+00:00,CPI,Surprise only,-0.1324165031997715,11.16967549545933,1.014731096259491,,0.0,False,,,,,,18,0.0,0.0,0.0
2018-03-29 12:30:00+00:00,PCE,Surprise only,-0.4330405906855374,-6.519780092482108,1.1131155721030208,,0.0,False,,,,,,26,-0.0,0.0,-0.0
2018-04-06 12:30:00+00:00,NFP,Surprise only,-1.2995829002724142,10.697231201532986,1.1080544092923734,,0.0,False,,,,,,27,0.0,0.0,0.0
2018-04-11 12:30:00+00:00,CPI,Surprise only,0.8133579879158452,3.0436767850261504,1.1035847476976939,,0.0,False,,,,,,19,0.0,0.0,0.0
2018-04-30 12:30:00+00:00,PCE,Surprise only,-0.4295466448744693,-8.219383261831581,1.0826955385476944,,0.0,False,,,,,,27,-0.0,0.0,-0.0
2018-05-04 12:30:00+00:00,NFP,Surprise only,-0.4042211205062629,-5.268307489956214,1.0924844603503485,,0.0,False,,,,,,28,-0.0,0.0,-0.0
2018-05-10 12:30:00+00:00,CPI,Surprise only,0.8066313627379722,9.761212611429926,1.050496268927045,,0.0,False,,,,,,20,0.0,0.0,0.0
2018-05-31 12:30:00+00:00,PCE,Surprise only,-0.4261361668922612,0.35750674797441206,1.0363064608347627,,0.0,False,,,,,,28,0.0,0.0,0.0
2018-06-01 12:30:00+00:00,NFP,Surprise only,0.6295443548080089,19.2664537975773,1.0348642186775148,,0.0,False,,,,,,29,0.0,0.0,0.0
2018-06-12 12:30:00+00:00,CPI,Surprise only,-0.14836969090721452,16.031788189572183,1.0118279194724538,,0.0,False,,,,,,21,0.0,0.0,0.0
2018-06-29 12:30:00+00:00,PCE,Surprise only,-0.4228058320342103,-8.115594736288756,1.0229998588965712,,0.0,False,,,,,,29,-0.0,0.0,-0.0
2018-07-06 12:30:00+00:00,NFP,Surprise only,0.3749571567850948,-3.856739700331957,1.0189023961773591,,0.0,False,,,,,,30,-0.0,0.0,-0.0
2018-07-12 12:30:00+00:00,CPI,Surprise only,0.8054339632504349,7.538894195704415,0.9941380137808097,,0.0,False,,,,,,22,0.0,0.0,0.0
2018-07-31 12:30:00+00:00,PCE,Surprise only,-0.4195525615380417,-10.730171846944359,1.0036685817124662,,0.0,False,,,,,,30,-0.0,0.0,-0.0
2018-08-03 12:30:00+00:00,NFP,Surprise only,-0.5320078037025123,-12.179857377425662,0.980226466114585,,0.0,False,,,,,,31,-0.0,0.0,-0.0
2018-08-10 12:30:00+00:00,CPI,Surprise only,-0.15572468844210885,-2.691156204228662,0.9753800618861832,,0.0,False,,,,,,23,-0.0,0.0,-0.0
2018-08-30 12:30:00+00:00,PCE,Surprise only,0.016880010255722527,-5.551655025612945,0.9468460232467023,,0.0,False,,,,,,31,-0.0,0.0,-0.0
2018-09-07 12:30:00+00:00,NFP,Surprise only,0.2616225928660689,-27.304461520465395,0.9741023143327399,,0.0,False,,,,,,32,-0.0,0.0,-0.0
2018-09-13 12:30:00+00:00,CPI,Surprise only,0.8043331512490195,-1.661433156066039,0.9648655842427468,,0.0,False,,,,,,24,-0.0,0.0,-0.0
2018-09-28 12:30:00+00:00,PCE,Surprise only,-0.41932078998489236,2.9486444639914566,0.9504768771918324,,0.0,False,,,,,,32,0.0,0.0,0.0
2018-10-05 12:30:00+00:00,NFP,Surprise only,-0.7870138858905067,-17.650491635912147,0.9669245132035209,,0.0,False,,,,,,33,-0.0,0.0,-0.0
2018-10-11 12:30:00+00:00,CPI,Surprise only,0.7980522394154973,-23.09100654766638,1.0347534432312853,,0.0,False,,,,,,25,-0.0,0.0,-0.0
2018-10-29 12:30:00+00:00,PCE,Surprise only,-0.4162236927774103,-1.4333321413673161,1.03961283384119,,0.0,False,,,,,,33,-0.0,0.0,-0.0
2018-11-02 12:30:00+00:00,NFP,Surprise only,0.9282289143639069,-11.664282113521551,1.0248798416737348,,0.0,False,,,,,,34,-0.0,0.0,-0.0
2018-11-14 13:30:00+00:00,CPI,Surprise only,-0.17073431842246337,22.166109477375073,1.056889828346514,,0.0,False,,,,,,26,0.0,0.0,0.0
2018-11-29 13:30:00+00:00,PCE,Surprise only,-0.413194375549636,0.36294347157905804,1.0529373320746496,,0.0,False,,,,,,34,0.0,0.0,0.0
2018-12-07 13:30:00+00:00,NFP,Surprise only,-0.6547686526365027,-7.337026632363575,1.0655105265091669,,0.0,False,,,,,,35,-0.0,0.0,-0.0
2018-12-12 13:30:00+00:00,CPI,Surprise only,-0.1699188197561624,49.62971788305737,1.0681006224448455,,0.0,False,,,,,,27,0.0,0.0,0.0
2019-01-04 13:30:00+00:00,NFP,Surprise only,2.261740690734558,30.44874147352772,1.1591654009113437,8.518185103940109,1.0,True,3.766207655384937,,,,,36,30.44874147352772,1.1591654009113437,29.289576072616374
2019-01-11 13:30:00+00:00,CPI,Surprise only,-0.16911489877107314,-10.603250131921982,1.0986929342678537,,0.0,False,,,,,,28,-0.0,0.0,-0.0
2019-02-01 13:30:00+00:00,NFP,Surprise only,2.3749676396538355,13.073796167830665,1.055543422872534,12.373373300130968,1.0,True,5.209912376715354,,,,,37,13.073796167830665,1.055543422872534,12.018252744958131
2019-02-13 13:30:00+00:00,CPI,Surprise only,0.8075888422190041,12.056311520289853,1.0286971019119577,,0.0,False,,,,,,29,0.0,0.0,0.0
2019-03-01 13:30:00+00:00,PCE,Surprise only,-2.108137244454332,1.7485880196232984,1.014127850048958,,0.0,False,,,,,,35,0.0,0.0,0.0
2019-03-08 13:30:00+00:00,NFP,Surprise only,-2.577157761426142,-16.160603973212062,1.0380127425012526,-13.70989703302323,-1.0,True,5.319774069801795,,,,,38,16.160603973212062,1.0380127425012526,15.12259123071081
2019-03-12 12:30:00+00:00,CPI,Surprise only,-0.17594973086669394,15.313938674275107,1.0108051585918438,,0.0,False,,,,,,30,0.0,0.0,0.0
2019-03-29 12:30:00+00:00,PCE,Surprise only,1.3555304283976177,9.13968548637456,0.9821851927115085,1.962183246251906,1.0,True,1.4475390630451703,,,,,36,9.13968548637456,0.9821851927115085,8.157500293663052
2019-04-05 12:30:00+00:00,NFP,Surprise only,0.36000953458674323,-2.9641828129811643,0.9574116870254209,1.938404415632731,1.0,True,5.384314106730076,,,,,39,-2.9641828129811643,0.9574116870254209,-3.9215945000065853
2019-04-10 12:30:00+00:00,CPI,Surprise only,-0.6660549897418855,2.300701724173848,0.9535396047742741,,0.0,False,,,,,,31,0.0,0.0,0.0
2019-05-03 12:30:00+00:00,NFP,Surprise only,1.2218354880047635,11.230007757774274,0.9315772566655959,6.553588649103811,1.0,True,5.363724260297685,,,,,40,11.230007757774274,0.9315772566655959,10.298430501108678
2019-05-10 12:30:00+00:00,CPI,Surprise only,0.8147019300586259,28.19753398451752,0.9609012591119948,,0.0,False,,,,,,32,0.0,0.0,0.0
2019-05-31 12:30:00+00:00,PCE,Surprise only,-0.36868440449756795,13.272792727399008,1.013631597343586,-0.6403526867501053,0.0,True,1.736858622004255,,,,,37,0.0,0.0,0.0
2019-06-07 12:30:00+00:00,NFP,Surprise only,-1.5524750423548752,11.294215482600123,0.991690319050713,-8.53886186129417,-1.0,True,5.500160471721322,,,,,41,-11.294215482600123,0.991690319050713,-12.285905801650836
2019-06-12 12:30:00+00:00,CPI,Surprise only,-0.17710016798500505,-9.343611985528355,0.968086526906129,,0.0,False,,,,,,33,-0.0,0.0,-0.0
2019-06-28 12:30:00+00:00,PCE,Surprise only,-0.366294583792779,6.81984275843206,0.941772480758614,-0.5889839155042801,0.0,True,1.6079514728437299,,,,,38,0.0,0.0,0.0
2019-07-05 12:30:00+00:00,NFP,Surprise only,1.0718570086511612,-22.932137322975166,0.9208980343590232,5.191635005405783,1.0,True,4.843589176077697,,,,,42,-22.932137322975166,0.9208980343590232,-23.85303535733419
2019-07-11 12:30:00+00:00,CPI,Surprise only,-1.1663865052088653,3.779289538563546,0.9115483749292764,,0.0,False,,,,,,34,0.0,0.0,0.0
2019-07-30 12:30:00+00:00,PCE,Surprise only,-0.36395092463953677,-21.39980675686104,0.912380053484348,-0.5622597891172605,0.0,True,1.5448780345155935,,,,,39,-0.0,0.0,-0.0
2019-08-02 12:30:00+00:00,NFP,Surprise only,0.031497609119124026,2.2559904699548383,0.9339774557165861,0.13669852816143063,0.0,True,4.339965222262951,,,,,43,0.0,0.0,0.0
2019-08-13 12:30:00+00:00,CPI,Surprise only,-0.1659081562956267,10.273576273540641,0.9599470374048328,,0.0,False,,,,,,35,0.0,0.0,0.0
2019-08-30 12:30:00+00:00,PCE,Surprise only,-0.3616517148149259,-3.22289547714405,0.9344288706299338,-0.6252080087065833,0.0,True,1.7287572078194942,,,,,40,-0.0,0.0,-0.0
2019-09-06 12:30:00+00:00,NFP,Surprise only,-0.4303607562946714,-2.2234574855417577,0.920313541303037,-1.8660367506627196,-1.0,True,4.3359825991778616,,,,,44,2.2234574855417577,0.920313541303037,1.3031439442387207
2019-09-12 12:30:00+00:00,CPI,Surprise only,-0.16517796464621493,6.300800410095064,0.9139615505830444,-1.0730248479420272,-1.0,True,6.496174294436166,,,,,36,-6.300800410095064,0.9139615505830444,-7.214761960678109
2019-09-27 12:30:00+00:00,PCE,Surprise only,1.3657033853241398,-3.5238904114365255,0.9290405253884351,2.390400672654894,1.0,True,1.7503073495622548,,,,,41,-3.5238904114365255,0.9290405253884351,-4.452930936824961
2019-10-04 12:30:00+00:00,NFP,Surprise only,-0.09265768712922037,15.942999033313754,0.9498853586636095,-0.4009863801507147,0.0,True,4.327610504582305,,,,,45,0.0,0.0,0.0
2019-10-10 12:30:00+00:00,CPI,Surprise only,0.8325119977114724,0.9750231575722523,0.9431201014667143,5.400659079767679,1.0,True,6.487184682759864,,,,,37,0.9750231575722523,0.9431201014667143,0.03190305610553801
2019-10-31 12:30:00+00:00,PCE,Surprise only,-0.3726587275846903,10.488648543010015,0.8951446121554465,-0.5720764481095645,0.0,True,1.5351215623403174,,,,,42,0.0,0.0,0.0
2019-11-01 12:30:00+00:00,NFP,Surprise only,0.742125242156633,4.617302653855404,0.8951169825297858,3.17008975595205,1.0,True,4.271637152160054,,,,,46,4.617302653855404,0.8951169825297858,3.7221856713256183
2019-11-13 13:30:00+00:00,CPI,Surprise only,-1.1700469441557593,4.546212325813315,0.8793741282066833,-7.251127461024708,-1.0,True,6.197296183066157,,,,,38,-4.546212325813315,0.8793741282066833,-5.425586454019998
2019-11-27 15:00:00+00:00,PCE,Surprise only,0.9149489511371186,8.313786517639699,0.861479963164305,1.313470987214247,1.0,True,1.4355675096209863,,,,,43,8.313786517639699,0.861479963164305,7.452306554475394
2019-12-06 13:30:00+00:00,NFP,Surprise only,1.42861497447116,33.48884842530708,0.8704003841767213,6.141681466662421,1.0,True,4.2990459825859855,,,,,47,33.48884842530708,0.8704003841767213,32.618448041130364
2019-12-11 13:30:00+00:00,CPI,Surprise only,-1.158461044632005,6.860040534490963,0.8651551312649165,-6.88485072629383,-1.0,True,5.94310076993643,,,,,39,-6.860040534490963,0.8651551312649165,-7.72519566575588
2020-01-10 13:30:00+00:00,NFP,Surprise only,-0.20617197687041738,-2.4887659997219203,0.8016807651904683,-1.0227156238054593,-1.0,True,4.960497732668362,,,,,48,2.4887659997219203,0.8016807651904683,1.687085234531452
2020-01-14 13:30:00+00:00,CPI,Surprise only,0.8436125672345851,10.735374085228955,0.7985021201608018,4.762620118674969,1.0,True,5.645506365898669,,,,,40,10.735374085228955,0.7985021201608018,9.936871965068153
2020-01-31 13:30:00+00:00,PCE,Surprise only,-2.1131396664751882,1.6329196639830457,0.7896528250510552,-3.385160039765101,-1.0,True,1.6019575485096542,,,,,44,-1.6329196639830457,0.7896528250510552,-2.422572489034101
2020-02-07 13:30:00+00:00,NFP,Surprise only,1.0001447762026143,-35.26311768585089,0.7681915710842097,4.968051517879135,1.0,True,4.96733236636201,,,,,49,-35.26311768585089,0.7681915710842097,-36.031309256935096
2020-02-13 13:30:00+00:00,CPI,Surprise only,0.8376680323617207,4.968944201628744,0.7587650444793301,4.744828147105935,1.0,True,5.664329977745921,,,,,41,4.968944201628744,0.7587650444793301,4.2101791571494145
2020-02-28 13:30:00+00:00,PCE,Surprise only,1.354456856955525,-145.1931132445239,0.8718920056522654,1.8602468545788522,1.0,True,1.3734264366014688,,,,,45,-145.1931132445239,0.8718920056522654,-146.06500525017614
2020-03-06 13:30:00+00:00,NFP,Surprise only,1.6027523818647151,18.188599870860855,0.8671211577562492,6.977220806495154,1.0,True,4.353274333230151,,,,,50,18.188599870860855,0.8671211577562492,17.321478713104607
2020-03-11 12:30:00+00:00,CPI,Surprise only,-1.1639324823814878,-42.927136224122364,0.8940407559268736,-6.433445758647931,-1.0,True,5.527335868730674,,,,,42,42.927136224122364,0.8940407559268736,42.03309546819549
2020-03-27 12:30:00+00:00,PCE,Surprise only,-0.36227118384366613,-38.51556806228729,0.9443178117876913,1.1404839516717338,1.0,True,-3.148149790914356,,,,,46,-38.51556806228729,0.9443178117876913,-39.45988587407498
2020-04-03 12:30:00+00:00,NFP,Surprise only,-9.584675105229561,36.59565925850927,0.9576329954099659,-44.60803469318992,-1.0,True,4.65409982116671,,,,,51,-36.59565925850927,0.9576329954099659,-37.55329225391924
2020-04-30 12:30:00+00:00,PCE,Surprise only,-0.36017238707897786,-61.52501185741954,0.8017915894827062,1.0395005296211892,1.0,True,-2.8861194442239393,,,,,47,-61.52501185741954,0.8017915894827062,-62.32680344690225
2020-05-08 12:30:00+00:00,NFP,Surprise only,17.82134084487857,-29.080453710683685,0.7897818568043792,-9.104956432609715,-1.0,True,-0.5109018738747855,,,,,52,29.080453710683685,0.7897818568043792,28.290671853879306
2020-05-12 12:30:00+00:00,CPI,Surprise only,-0.1633338468717922,12.88417840292766,0.7788161993769471,-1.122635628926815,-1.0,True,6.873257750477279,,,,,43,-12.88417840292766,0.7788161993769471,-13.662994602304607
2020-05-29 12:30:00+00:00,PCE,Surprise only,-2.070466433747151,-5.81318552502097,0.765939464370609,5.130551825945149,1.0,True,-2.477969090597535,,,,,48,-5.81318552502097,0.765939464370609,-6.579124989391579
2020-06-05 12:30:00+00:00,NFP,Surprise only,64.57555252744505,-15.281216146583176,0.7522307532683129,-83.12516567901413,-1.0,True,-1.2872544240900667,,,,,53,15.281216146583176,0.7522307532683129,14.528985393314864
2020-06-10 12:30:00+00:00,CPI,Surprise only,0.8389770540647904,18.18567321070219,0.7229936925033033,5.74407776421657,1.0,True,6.846525463821542,,,,,44,18.18567321070219,0.7229936925033033,17.46267951819889
2020-06-26 12:30:00+00:00,PCE,Surprise only,-2.0164547174799274,-18.842669332634898,0.7185688091580356,4.516882582154385,1.0,True,-2.2400119095158146,,,,,49,-18.842669332634898,0.7185688091580356,-19.561238141792934
2020-07-02 12:30:00+00:00,NFP,Surprise only,1.641547953530035,13.50373969369656,0.7017883503133847,-0.5688546177866346,0.0,True,-0.3465354859499244,,,,,54,0.0,0.0,0.0
2020-07-14 12:30:00+00:00,CPI,Surprise only,-1.1723852919766982,-98.69552203461751,0.6821763778786667,-8.263383887860611,-1.0,True,7.048351718851869,,,,,45,98.69552203461751,0.6821763778786667,98.01334565673885
2020-07-31 12:30:00+00:00,PCE,Surprise only,0.29050201998543845,-17.638506903843165,0.6639042146471005,-0.461767675098365,0.0,True,-1.5895506513913789,,,,,50,-0.0,0.0,-0.0
2020-08-07 12:30:00+00:00,NFP,Surprise only,0.2042193271067664,-18.47709255546448,0.6459660533701609,-0.07068227175349594,0.0,True,-0.34610961046083094,,,,,55,-0.0,0.0,-0.0
2020-08-12 12:30:00+00:00,CPI,Surprise only,-3.1643008322851895,-4.5657931575959765,0.6611193434401003,-31.487161563858432,-1.0,True,9.950748437884487,,,,,46,4.5657931575959765,0.6611193434401003,3.9046738141558763
2020-08-28 12:30:00+00:00,PCE,Surprise only,1.3559572550269576,2.7170221604322364,0.6061366106512833,-2.277554270846944,-1.0,True,-1.6796652419560705,,,,,51,-2.7170221604322364,0.6061366106512833,-3.32315877108352
2020-09-04 12:30:00+00:00,NFP,Surprise only,-0.08549110617815014,29.987599047522906,0.6217705452284471,0.029132340815588374,0.0,True,-0.34076457912336655,,,,,56,0.0,0.0,0.0
2020-09-11 12:30:00+00:00,CPI,Surprise only,-1.0987651213117418,-28.94809182830471,0.6446163421356806,-9.171544422205212,-1.0,True,8.347138295813323,,,,,47,28.94809182830471,0.6446163421356806,28.30347548616903
2020-10-01 12:30:00+00:00,PCE,Surprise only,-0.3232204397783153,0.0,0.6272304531199308,0.45312201002954827,0.0,True,-1.4018977585091077,,,,,52,0.0,0.0,0.0
2020-10-02 12:30:00+00:00,NFP,Surprise only,-0.32757294004979853,-22.285729813589228,0.6384290243043326,0.11493757631487218,0.0,True,-0.35087628513331737,,,,,57,-0.0,0.0,-0.0
2020-10-13 12:30:00+00:00,CPI,Surprise only,-0.1222113648828133,-41.26934580561681,0.5944937578155429,-1.0770140932369665,-1.0,True,8.8127163481866,,,,,48,41.26934580561681,0.5944937578155429,40.67485204780127
2020-10-30 12:30:00+00:00,PCE,Surprise only,-0.3214984227491263,34.975586185161944,0.6469604015616285,0.4573442489877909,0.0,True,-1.4225396351156243,,,,,53,0.0,0.0,0.0
2020-11-06 13:30:00+00:00,NFP,Surprise only,-0.041828857834390075,45.22961178341944,0.6064154573208983,0.014302835945394348,0.0,True,-0.3419370426518103,,,,,58,0.0,0.0,0.0
2020-11-12 13:30:00+00:00,CPI,Surprise only,0.8491717707533857,9.235549122124098,0.6088471793579812,7.454698793249309,1.0,True,8.778787814196292,,,,,49,9.235549122124098,0.6088471793579812,8.626701942766116
2020-11-25 15:00:00+00:00,PCE,Surprise only,-0.3198036664251847,-17.141858202620597,0.5979381443298969,0.5065032890280379,0.0,True,-1.5837945033270278,,,,,54,-0.0,0.0,-0.0
2020-12-04 13:30:00+00:00,NFP,Surprise only,-0.3460798058020594,-10.612842534385436,0.5802088751950703,0.12327037651887056,0.0,True,-0.35619060821299453,,,,,59,-0.0,0.0,-0.0
2020-12-10 13:30:00+00:00,CPI,Surprise only,-1.1003323497938022,-47.00241630150259,0.5886651510230595,-9.65747556688997,-1.0,True,8.776871432253847,,,,,50,47.00241630150259,0.5886651510230595,46.413751150479534
2020-12-23 13:30:00+00:00,PCE,Surprise only,1.364273206507212,8.059522958703269,0.5702038970487033,-2.090603755663397,-1.0,True,-1.5323937651870503,,,,,55,-8.059522958703269,0.5702038970487033,-8.629726855751972
2021-01-08 13:30:00+00:00,NFP,Surprise only,-0.3166483412835174,7.504690783726176,0.5579390884429651,0.11136914353548315,0.0,True,-0.35171238568329205,,,,,60,0.0,0.0,0.0
2021-01-13 13:30:00+00:00,CPI,Surprise only,-0.11993165974022327,9.523532589632566,0.5644329395278226,-1.1446818387117694,-1.0,True,9.5444509080521,,,,,51,-9.523532589632566,0.5644329395278226,-10.087965529160389
2021-01-29 13:30:00+00:00,PCE,Surprise only,-2.0053740825460937,40.063391817177774,0.5547054322876817,2.3220775239087867,1.0,True,-1.1579273633379141,,,,,56,40.063391817177774,0.5547054322876817,39.50868638489009
2021-02-05 13:30:00+00:00,NFP,Surprise only,-0.1649085855030971,-3.496085340088939,0.5338831716342348,0.0583912242703675,0.0,True,-0.3540823789873019,,,,,61,-0.0,0.0,-0.0
2021-02-10 13:30:00+00:00,CPI,Surprise only,-0.11947685719106668,10.191640098113908,0.5284738041002277,-1.1412033520186253,-1.0,True,9.551668656580242,,,,,52,-10.191640098113908,0.5284738041002277,-10.720113902214136
2021-02-26 13:30:00+00:00,PCE,Surprise only,-0.3066559924982575,53.00844294687579,0.5632270970498553,0.756496907568358,1.0,True,-2.4669236084556756,,,,,57,53.00844294687579,0.5632270970498553,52.445215849825935
2021-03-05 13:30:00+00:00,NFP,Surprise only,0.10051546581221242,41.48593526334565,0.579895618788618,-0.03544090887749101,0.0,True,-0.35259159962212516,,,,,62,0.0,0.0,0.0
2021-03-10 13:30:00+00:00,CPI,Surprise only,-0.11902719013235194,49.21853779137564,0.5688505296194586,-1.1378050980551877,-1.0,True,9.559203210543815,,,,,53,-49.21853779137564,0.5688505296194586,-49.7873883209951
2021-03-26 12:30:00+00:00,PCE,Surprise only,1.354526371517124,34.980874817662766,0.5710459987397606,-3.582874063394136,-1.0,True,-2.645112076615513,,,,,58,-34.980874817662766,0.5710459987397606,-35.55192081640253
2021-04-13 12:30:00+00:00,CPI,Surprise only,-1.1007080946219612,44.3923854534134,0.5247064357958349,-10.562363775595985,-1.0,True,9.595971745100716,,,,,54,-44.3923854534134,0.5247064357958349,-44.91709188920923
2021-04-30 12:30:00+00:00,PCE,Surprise only,-0.31634349588250377,-0.9021606754089362,0.5230219849586091,0.5378331497093274,1.0,True,-1.7001555483508004,,,,,59,-0.9021606754089362,0.5230219849586091,-1.4251826603675453
2021-05-07 12:30:00+00:00,NFP,Surprise only,-0.9371711013313,44.769675126730135,0.5314177860035549,0.34045743475789725,0.0,True,-0.3632820455883241,,,,,63,0.0,0.0,0.0
2021-05-12 12:30:00+00:00,CPI,Surprise only,-5.998741616835394,22.826282951413646,0.5464686816914147,-51.610000883192605,-1.0,True,8.603471224423098,,,,,55,-22.826282951413646,0.5464686816914147,-23.37275163310506
2021-05-28 12:30:00+00:00,PCE,Surprise only,-0.3147710660260314,-8.581262337230555,0.5293323111743876,0.5360131438979572,1.0,True,-1.7028666283248195,,,,,60,-8.581262337230555,0.5293323111743876,-9.110594648404943
2021-06-04 12:30:00+00:00,NFP,Surprise only,-0.22898401033391952,-0.9191936839414439,0.5349566500645637,0.0879322171346679,0.0,True,-0.3840102940220121,,,,,64,-0.0,0.0,-0.0
2021-06-10 12:30:00+00:00,CPI,Surprise only,-1.2857519574681133,64.38471572781879,0.5258672275917095,-4.708299646194635,-1.0,True,3.661903541229025,,,,,56,-64.38471572781879,0.5258672275917095,-64.91058295541049
2021-06-25 12:30:00+00:00,PCE,Surprise only,1.353890520300208,3.8266194024316746,0.5051296789813798,-2.2730352871449298,-1.0,True,-1.6788915005039793,,,,,61,-3.8266194024316746,0.5051296789813798,-4.331749081413054
2021-07-02 12:30:00+00:00,NFP,Surprise only,0.052207519745368525,18.48081430871673,0.49660935680526064,-0.019992620717085637,0.0,True,-0.38294523115818463,,,,,65,0.0,0.0,0.0
2021-07-13 12:30:00+00:00,CPI,Surprise only,-3.5455463257141377,-34.90287234182432,0.4862100762846843,-10.205308549987446,-1.0,True,2.8783458492625704,,,,,57,34.90287234182432,0.4862100762846843,34.416662265539635
2021-07-30 12:30:00+00:00,PCE,Surprise only,1.3368933041672204,1.3448090391676715,0.4878048780487804,-2.000316424138687,-1.0,True,-1.4962423836692988,,,,,62,-1.3448090391676715,0.4878048780487804,-1.832613917216452
2021-08-06 12:30:00+00:00,NFP,Surprise only,-0.013168586432633885,-17.193497159802007,0.4787769724785788,0.00509785547863782,0.0,True,-0.3871224527185781,,,,,66,-0.0,0.0,-0.0
2021-08-11 12:30:00+00:00,CPI,Surprise only,-0.023558568354873046,13.76029130305767,0.48289068354008824,-0.09093614052869296,0.0,True,3.860002830345291,,,,,58,0.0,0.0,0.0
2021-08-27 12:30:00+00:00,PCE,Surprise only,-0.3347998796911022,7.342323930501493,0.47341528315131326,0.46314842731519,0.0,True,-1.38335900162959,,,,,63,0.0,0.0,0.0
2021-09-03 12:30:00+00:00,NFP,Surprise only,-0.6679411690796805,-24.956818482380072,0.46400742411878587,0.25506164327298636,0.0,True,-0.38186243801145214,,,,,67,-0.0,0.0,-0.0
2021-09-14 12:30:00+00:00,CPI,Surprise only,0.8192117877682124,14.536999216510083,0.47038214494258096,3.189881728345918,1.0,True,3.893842564248432,,,,,59,14.536999216510083,0.47038214494258096,14.066617071567501
2021-10-01 12:30:00+00:00,PCE,Surprise only,-1.9950474862945664,-19.025299186878897,0.49203413698909043,2.834045189251567,1.0,True,-1.42054021707287,,,,,64,-19.025299186878897,0.49203413698909043,-19.517333323867987
2021-10-08 12:30:00+00:00,NFP,Surprise only,-0.44428519767740043,36.14219850184952,0.4861856223175966,0.16472750450058957,0.0,True,-0.3707697338595551,,,,,68,0.0,0.0,0.0
2021-10-13 12:30:00+00:00,CPI,Surprise only,-0.8730123949613188,-35.524619861142526,0.49273638603347203,-3.4750007959325036,-1.0,True,3.980471315171273,,,,,60,35.524619861142526,0.49273638603347203,35.031883475109055
2021-10-29 12:30:00+00:00,PCE,Surprise only,-0.3118249463231859,-10.554090689431916,0.4632735870155596,0.27634708988962914,0.0,True,-0.8862250860558593,,,,,65,-0.0,0.0,-0.0
2021-11-05 12:30:00+00:00,NFP,Surprise only,0.0039393692891312405,19.554231012683942,0.44318789638572625,-0.0015077948061378572,0.0,True,-0.3827503073392683,,,,,69,0.0,0.0,0.0
2021-11-10 13:30:00+00:00,CPI,Surprise only,-2.556455404982467,-9.465069173195673,0.448972008917513,-10.699788325057977,-1.0,True,4.1853999503391925,,,,,61,9.465069173195673,0.448972008917513,9.01609716427816
2021-11-24 15:00:00+00:00,PCE,Surprise only,1.3369344843085225,26.652098259383195,0.44804943993820007,-1.1484142916253277,-1.0,True,-0.8589907023150057,,,,,66,-26.652098259383195,0.44804943993820007,-27.100147699321393
2021-12-03 13:30:00+00:00,NFP,Surprise only,-0.4833671251658682,-6.85240873398385,0.4523122514232239,0.18708067111830595,0.0,True,-0.3870363981706636,,,,,70,-0.0,0.0,-0.0
2021-12-10 13:30:00+00:00,CPI,Surprise only,-0.8337716263587658,28.908420482807173,0.44775888955795384,-3.5355623593959686,-1.0,True,4.2404445625433675,,,,,62,-28.908420482807173,0.44775888955795384,-29.356179372365126
2021-12-23 13:30:00+00:00,PCE,Surprise only,-0.320719690291463,-2.3155116226547534,0.4475584912648929,0.09084475398207474,0.0,True,-0.28325281151125153,,,,,67,-0.0,0.0,-0.0
2022-01-07 13:30:00+00:00,NFP,Surprise only,-0.3780124387835242,-77.9932314505416,0.46011296566605314,0.14503772798442674,0.0,True,-0.38368506721940243,,,,,71,-0.0,0.0,-0.0
2022-01-12 13:30:00+00:00,CPI,Surprise only,-0.828879460574073,63.443420139321915,0.45643414756988165,-3.4069120772970787,-1.0,True,4.110262395617196,,,,,63,-63.443420139321915,0.45643414756988165,-63.899854286891795
2022-01-28 13:30:00+00:00,PCE,Surprise only,-0.31922917712759896,58.51370827326008,0.5222966645054391,0.08979007966820474,0.0,True,-0.28127153186976633,,,,,68,0.0,0.0,0.0
2022-02-04 13:30:00+00:00,NFP,Surprise only,0.3137581071235987,-67.5684084482242,0.4964138379636762,-0.11224373986503347,0.0,True,-0.35773972788794683,,,,,72,-0.0,0.0,-0.0
2022-02-10 13:30:00+00:00,CPI,Surprise only,-1.6544445730650783,-77.72321350952183,0.4824247666894016,-6.342922455516515,-1.0,True,3.8338682109884217,,,,,64,77.72321350952183,0.4824247666894016,77.24078874283242
2022-02-25 13:30:00+00:00,PCE,Surprise only,-0.3177592719112605,-3.738816975058512,0.5160509644814577,0.15350633319353424,0.0,True,-0.4830900205373186,,,,,69,-0.0,0.0,-0.0
2022-03-04 13:30:00+00:00,NFP,Surprise only,0.21157723178032842,-30.501503866240398,0.5205995871106723,-0.0732465337593443,0.0,True,-0.3461928920376132,,,,,73,-0.0,0.0,-0.0
2022-03-10 13:30:00+00:00,CPI,Surprise only,0.01752763028449497,-43.540897539280365,0.535282499953855,0.0835540251778701,0.0,True,4.7669892519231425,,,,,65,-0.0,0.0,-0.0
2022-03-31 12:30:00+00:00,PCE,Surprise only,-0.3163095037297847,-6.286603125360557,0.47956078846408257,0.14978239188726888,0.0,True,-0.47353111468703835,,,,,70,-0.0,0.0,-0.0
2022-04-01 12:30:00+00:00,NFP,Surprise only,-0.1576196468748535,-30.830607018543787,0.48496605237633367,0.0536569788707806,0.0,True,-0.3404206260745087,,,,,74,-0.0,0.0,-0.0
2022-04-12 12:30:00+00:00,CPI,Surprise only,0.01746830212922925,70.01770244134065,0.5162530708156798,0.07988619280995639,0.0,True,4.573208788064464,,,,,66,0.0,0.0,0.0
2022-04-29 12:30:00+00:00,PCE,Surprise only,-0.314879416609685,-21.433817219183027,0.543967587034814,0.14362702512241038,0.0,True,-0.4561334197987482,,,,,71,-0.0,0.0,-0.0
2022-05-06 12:30:00+00:00,NFP,Surprise only,-0.03130413075081324,-115.64661715819824,0.5664173128381413,0.010401247601215833,0.0,True,-0.3322643801871299,,,,,75,-0.0,0.0,-0.0
2022-05-11 12:30:00+00:00,CPI,Surprise only,-0.8137570479692707,-133.76894566938802,0.5818619582664527,-3.937039630871728,-1.0,True,4.838102036346847,,,,,67,133.76894566938802,0.5818619582664527,133.18708371112157
2022-05-27 12:30:00+00:00,PCE,Surprise only,-0.3134685689124132,70.71450823115555,0.5885934645829104,0.12278999938268434,0.0,True,-0.39171391188822285,,,,,72,0.0,0.0,0.0
2022-06-03 12:30:00+00:00,NFP,Surprise only,-0.00230345274077212,-59.007630463554506,0.5681929504888418,0.0007032333507200368,0.0,True,-0.30529532395976666,,,,,76,-0.0,0.0,-0.0
2022-06-10 12:30:00+00:00,CPI,Surprise only,-2.473490408348257,-70.38200785096649,0.5893230913044362,-13.31048831735223,-1.0,True,5.381257300383341,,,,,68,70.38200785096649,0.5893230913044362,69.79268475966205
2022-06-30 12:30:00+00:00,PCE,Surprise only,1.3674428037700574,-45.06171103429324,0.6300102105103083,-0.8388005438621468,-1.0,True,-0.613408137839157,,,,,73,45.06171103429324,0.6300102105103083,44.43170082378293
2022-07-08 12:30:00+00:00,NFP,Surprise only,0.038531795866142235,-30.756466473071953,0.5991611743559017,-0.011270267441456575,0.0,True,-0.29249265932501534,,,,,77,-0.0,0.0,-0.0
2022-07-13 12:30:00+00:00,CPI,Surprise only,-1.6387895948837974,-41.650092040583786,0.6081449482028268,-10.690832990690643,-1.0,True,6.523615370799754,,,,,69,41.650092040583786,0.6081449482028268,41.04194709238096
2022-07-29 12:30:00+00:00,PCE,Surprise only,-1.9957008241117162,6.624581334904178,0.5641364821227094,2.8786786220105616,1.0,True,-1.442439962558946,,,,,74,6.624581334904178,0.5641364821227094,6.060444852781469
2022-08-05 12:30:00+00:00,NFP,Surprise only,0.24144452119551107,-55.79079693145417,0.5431423594853257,-0.06918451649623904,0.0,True,-0.28654415579062353,,,,,78,-0.0,0.0,-0.0
2022-08-10 12:30:00+00:00,CPI,Surprise only,1.6768964978331644,48.702158109605875,0.5537838715221418,11.553989402444364,1.0,True,6.890102887908755,,,,,70,48.702158109605875,0.5537838715221418,48.14837423808373
2022-08-26 12:30:00+00:00,PCE,Surprise only,1.3517023197616702,3.610760104244548,0.5533823108482014,-2.105091707264305,-1.0,True,-1.557363390214105,,,,,75,-3.610760104244548,0.5533823108482014,-4.1641424150927495
2022-09-02 12:30:00+00:00,NFP,Surprise only,-0.06967087212902896,-10.306258427235093,0.5899104963384866,0.019354380137314168,0.0,True,-0.2777972995869819,,,,,79,-0.0,0.0,-0.0
2022-09-13 12:30:00+00:00,CPI,Surprise only,-1.579948474762284,-145.1945691576384,0.5649277282113219,-11.912040510180711,-1.0,True,7.5395120160313915,,,,,71,145.1945691576384,0.5649277282113219,144.62964142942707
2022-09-30 12:30:00+00:00,PCE,Surprise only,-3.6097507213276065,36.990037051545244,0.6419764018329532,5.197967721666521,1.0,True,-1.4399796891666787,,,,,76,36.990037051545244,0.6419764018329532,36.34806064971229
2022-10-07 12:30:00+00:00,NFP,Surprise only,-0.08079578102720068,-49.42512285587952,0.6280454791553871,0.022324095330501413,0.0,True,-0.27630273569588726,,,,,80,-0.0,0.0,-0.0
2022-10-13 12:30:00+00:00,CPI,Surprise only,-1.5620361853588192,-9.954494564929917,0.6631603018522754,-13.912232564884183,-1.0,True,8.906472651072658,,,,,72,9.954494564929917,0.6631603018522754,9.29133426307764
2022-10-28 12:30:00+00:00,PCE,Surprise only,-0.27118989507824,-28.43232452125477,0.6526974409758952,0.7201761427715105,1.0,True,-2.655615698968928,,,,,77,-28.43232452125477,0.6526974409758952,-29.085021962230666
2022-11-04 12:30:00+00:00,NFP,Surprise only,-0.00859864988766689,144.74713980558107,0.6717783594709166,0.0022854009307265656,0.0,True,-0.2657860199662896,,,,,81,0.0,0.0,0.0
2022-11-10 13:30:00+00:00,CPI,Surprise only,1.6607633563681254,125.51069360650757,0.666421546097987,14.752650162081634,1.0,True,8.88305375086296,,,,,73,125.51069360650757,0.666421546097987,124.84427206040958
2022-12-01 13:30:00+00:00,PCE,Surprise only,1.3116164878816416,-5.793862806164896,0.6007374570161992,-3.4234227935115014,-1.0,True,-2.610079108597197,,,,,78,5.793862806164896,0.6007374570161992,5.193125349148696
2022-12-02 13:30:00+00:00,NFP,Surprise only,-0.014585134531113096,20.317897315393907,0.6025598404255319,0.004339631226909609,0.0,True,-0.29753796357875767,,,,,82,0.0,0.0,0.0
2022-12-13 13:30:00+00:00,CPI,Surprise only,1.640803512240514,-30.368964941764887,0.6041666666666666,17.680003218660133,1.0,True,10.77521049093692,,,,,74,-30.368964941764887,0.6041666666666666,-30.973131608431554
2022-12-23 13:30:00+00:00,PCE,Surprise only,-0.2794555225126812,-24.8565229438924,0.6568516421291053,0.7351185246819891,1.0,True,-2.630538548933599,,,,,79,-24.8565229438924,0.6568516421291053,-25.513374586021506
2023-01-06 13:30:00+00:00,NFP,Surprise only,-0.06884081561522244,80.27750169436132,0.6733850369200761,0.020817348226154206,0.0,True,-0.30239833796435966,,,,,83,0.0,0.0,0.0
2023-01-12 13:30:00+00:00,CPI,Surprise only,0.03632795161555792,159.54592712823512,0.6363556569823575,0.36061256442859996,0.0,True,9.926586784875669,,,,,75,0.0,0.0,0.0
2023-01-27 13:30:00+00:00,PCE,Surprise only,-1.8612980836883501,2.9067353414546915,0.6006130395161958,4.8131906061144445,1.0,True,-2.5859321772773876,,,,,80,2.9067353414546915,0.6006130395161958,2.3061223019384958
2023-02-03 13:30:00+00:00,NFP,Surprise only,0.30665937768946433,-38.647199609762595,0.5689509721214023,-0.09832375263236044,0.0,True,-0.3206285533257915,,,,,84,-0.0,0.0,-0.0
2023-02-14 13:30:00+00:00,CPI,Surprise only,0.036212663530961496,28.599161518734206,0.5762887007670602,0.378671420842043,0.0,True,10.45687844856489,,,,,76,0.0,0.0,0.0
2023-02-24 13:30:00+00:00,PCE,Surprise only,-1.830009657188023,-38.88668510082738,0.5995203836930456,4.713019278729058,1.0,True,-2.5754067800773477,,,,,81,-38.88668510082738,0.5995203836930456,-39.486205484520426
2023-03-10 13:30:00+00:00,NFP,Surprise only,0.011791312539496484,2.278730135714113,0.6030861373372707,-0.003720715183665347,0.0,True,-0.31554715992832383,,,,,85,0.0,0.0,0.0
2023-03-14 12:30:00+00:00,CPI,Surprise only,0.03609846609086587,0.6221807436901372,0.6021594684385382,0.38027087176221064,0.0,True,10.53426676925843,,,,,77,0.0,0.0,0.0
2023-03-31 12:30:00+00:00,PCE,Surprise only,-0.24561985495403924,-8.967840401048477,0.554270751705816,0.46104488075894495,0.0,True,-1.8770668228153475,,,,,82,-0.0,0.0,-0.0
2023-04-12 12:30:00+00:00,CPI,Surprise only,0.8362188016428281,-5.122416374732097,0.5554385091264292,8.794779464520671,1.0,True,10.517318490378981,,,,,78,-5.122416374732097,0.5554385091264292,-5.677854883858527
2023-04-28 12:30:00+00:00,PCE,Surprise only,-0.2446458487409858,24.63428821002367,0.5495963309707008,0.4574290364746592,0.0,True,-1.8697600585855583,,,,,83,0.0,0.0,0.0
2023-05-05 12:30:00+00:00,NFP,Surprise only,-0.009663468391275397,11.063003016644757,0.5519078884765439,0.0030571982231566573,0.0,True,-0.3163665569514182,,,,,86,0.0,0.0,0.0
2023-05-10 12:30:00+00:00,CPI,Surprise only,0.030788529266230838,43.2427034999705,0.5467468562055768,0.318201454652684,0.0,True,10.335065111463136,,,,,79,0.0,0.0,0.0
2023-05-26 12:30:00+00:00,PCE,Surprise only,-1.809426281392467,9.453566749684228,0.5168971909311278,3.426816523678349,1.0,True,-1.8938691003433412,,,,,84,9.453566749684228,0.5168971909311278,8.9366695587531
2023-06-02 12:30:00+00:00,NFP,Surprise only,0.0835127359455142,-19.619998032780472,0.49866735448370736,-0.026636541964578403,0.0,True,-0.3189518540256752,,,,,87,-0.0,0.0,-0.0
2023-06-13 12:30:00+00:00,CPI,Surprise only,0.111044762907337,19.612944120730447,0.48788694481830414,1.1604938882732543,1.0,True,10.450685452331022,,,,,80,19.612944120730447,0.48788694481830414,19.125057175912143
2023-06-30 12:30:00+00:00,PCE,Surprise only,-0.22837106669327886,17.40873175297253,0.4774998765086526,0.45948617607784337,0.0,True,-2.0120157195524735,,,,,85,0.0,0.0,0.0
2023-07-07 12:30:00+00:00,NFP,Surprise only,-0.1195977821158257,-32.310735747174135,0.4761592013660843,0.03776208117656291,0.0,True,-0.3157423198700444,,,,,88,-0.0,0.0,-0.0
2023-07-12 12:30:00+00:00,CPI,Surprise only,0.7957918434964811,13.31947438810488,0.473469387755102,8.353952818700066,1.0,True,10.497660772690498,,,,,81,13.31947438810488,0.473469387755102,12.846005000349777
2023-07-28 12:30:00+00:00,PCE,Surprise only,-0.22749221991958832,3.1765696492058737,0.4606464935271225,0.4600384643856196,0.0,True,-2.0222162522666904,,,,,86,0.0,0.0,0.0
2023-08-04 12:30:00+00:00,NFP,Surprise only,-0.1093620433557646,20.64749979417968,0.46870201865110794,0.03379429722493871,0.0,True,-0.3090130376862364,,,,,89,0.0,0.0,0.0
2023-08-10 12:30:00+00:00,CPI,Surprise only,0.025247022731454967,-12.714145382517472,0.47421264349020503,0.2648710235838518,0.0,True,10.491178559991239,,,,,82,-0.0,0.0,-0.0
2023-08-31 12:30:00+00:00,PCE,Surprise only,-0.22662344597528022,-8.378988566271062,0.46687595588827174,0.4587644637868085,0.0,True,-2.024346871139052,,,,,87,-0.0,0.0,-0.0
2023-09-01 12:30:00+00:00,NFP,Surprise only,-0.07191857716894035,16.480399259606315,0.46544474047443263,0.022577920069683847,0.0,True,-0.31393724623677105,,,,,90,0.0,0.0,0.0
2023-09-13 12:30:00+00:00,CPI,Surprise only,0.025170356873976597,47.16603624444815,0.4738329820433639,0.26276096566617324,0.0,True,10.439302350052868,,,,,83,0.0,0.0,0.0
2023-09-29 12:30:00+00:00,PCE,Surprise only,1.3433872606317534,4.3336223093248805,0.4846256684491978,-2.714077873222306,-1.0,True,-2.020324259994813,,,,,88,-4.3336223093248805,0.4846256684491978,-4.818247977774078
2023-10-06 12:30:00+00:00,NFP,Surprise only,0.1131620651823218,-29.579784929545383,0.48716570353447114,-0.03595331924624856,0.0,True,-0.31771529786348573,,,,,91,-0.0,0.0,-0.0
2023-10-12 12:30:00+00:00,CPI,Surprise only,-0.7867827476260195,-15.095077489526432,0.46944556859571024,-8.302927947904342,-1.0,True,10.553012217104387,,,,,84,15.095077489526432,0.46944556859571024,14.625631920930722
2023-10-27 12:30:00+00:00,PCE,Surprise only,-1.799426751444557,15.032077082040018,0.5070373284378005,3.425640299207125,1.0,True,-1.9037397862719692,,,,,89,15.032077082040018,0.5070373284378005,14.525039753602218
2023-11-03 12:30:00+00:00,NFP,Surprise only,-0.13108733580921772,5.651126220378444,0.48453659922139974,0.04105366945325974,0.0,True,-0.31317799846820105,,,,,92,0.0,0.0,0.0
2023-11-14 13:30:00+00:00,CPI,Surprise only,0.8426941285268533,48.15545747067773,0.46496713163379827,8.931146816235026,1.0,True,10.598325672267249,,,,,85,48.15545747067773,0.46496713163379827,47.69049033904393
2023-11-30 13:30:00+00:00,PCE,Surprise only,1.3321946861111806,-17.27425243775116,0.450821583471948,-2.788631673795625,-1.0,True,-2.0932613700298868,,,,,90,17.27425243775116,0.450821583471948,16.82343085427921
2023-12-08 13:30:00+00:00,NFP,Surprise only,-0.07577269969724261,22.41749188918618,0.4539264639128461,0.02385442102806581,0.0,True,-0.3148155090603678,,,,,93,0.0,0.0,0.0
2023-12-12 13:30:00+00:00,CPI,Surprise only,-0.7887014604517996,-43.008176394288,0.4442197815664109,-8.59461638480742,-1.0,True,10.897173158376152,,,,,86,43.008176394288,0.4442197815664109,42.56395661272159
2023-12-22 13:30:00+00:00,PCE,Surprise only,1.319160634839701,22.819463854801825,0.42741341193809873,-2.9973298080643285,-1.0,True,-2.272149220423449,,,,,91,-22.819463854801825,0.42741341193809873,-23.246877266739922
2024-01-05 13:30:00+00:00,NFP,Surprise only,-0.041746958090400695,22.43402364765501,0.4418239712357359,0.013345732217378586,0.0,True,-0.31968154873653676,,,,,94,0.0,0.0,0.0
2024-01-11 13:30:00+00:00,CPI,Surprise only,-0.7849042105335153,-28.64443023430141,0.4258255877127292,-8.667834657892545,-1.0,True,11.043175130887425,,,,,87,28.64443023430141,0.4258255877127292,28.21860464658868
2024-01-26 13:30:00+00:00,PCE,Surprise only,-0.23765961104637265,17.773737945034895,0.4126586601400194,0.4576837210887271,1.0,True,-1.9257951280557424,,,,,92,17.773737945034895,0.4126586601400194,17.361079284894878
2024-02-02 13:30:00+00:00,NFP,Surprise only,0.1178356155064509,-17.559517699368143,0.411814825333712,-0.03821074627253452,0.0,True,-0.3242716228731599,,,,,95,-0.0,0.0,-0.0
2024-02-13 13:30:00+00:00,CPI,Surprise only,-0.7811613847490155,-39.55645477144998,0.406344580204013,-8.697432874938427,-1.0,True,11.133976979331718,,,,,88,39.55645477144998,0.406344580204013,39.150110191245965
2024-02-29 13:30:00+00:00,PCE,Surprise only,-0.23678595848151593,37.97604981336633,0.40578168945107534,0.45964266508304397,1.0,True,-1.9411736575542116,,,,,93,37.97604981336633,0.40578168945107534,37.570268123915255
2024-03-08 13:30:00+00:00,NFP,Surprise only,0.0003740759023637736,14.31366244670329,0.3964998632759092,-0.00012037606468674079,0.0,True,-0.3217958278683238,,,,,96,0.0,0.0,0.0
2024-03-12 12:30:00+00:00,CPI,Surprise only,0.038897596673548446,37.70659896193962,0.40166204986149584,0.43796210956780857,1.0,True,11.25936168353651,,,,,89,37.70659896193962,0.40166204986149584,37.30493691207813
2024-04-05 12:30:00+00:00,NFP,Surprise only,0.01805478474136971,19.031863419449735,0.3993445241603437,-0.005861006808480564,0.0,True,-0.32462346643496587,,,,,97,0.0,0.0,0.0
2024-04-10 12:30:00+00:00,CPI,Surprise only,-0.7799931857072275,-34.04481486544597,0.393866547148542,-8.852723564634939,-1.0,True,11.349744750151999,,,,,90,34.04481486544597,0.393866547148542,33.65094831829743
2024-04-26 12:30:00+00:00,PCE,Surprise only,-0.24439946298316922,-37.86363777319224,0.4090960388218034,0.48215674767587424,1.0,True,-1.9728224513696184,,,,,94,-37.86363777319224,0.4090960388218034,-38.27273381201404
2024-05-03 12:30:00+00:00,NFP,Surprise only,-0.17706829493247359,14.516019019055193,0.4085888187556357,0.05810406987164629,0.0,True,-0.3281449674195188,,,,,98,0.0,0.0,0.0
2024-05-15 12:30:00+00:00,CPI,Surprise only,0.8630942134153134,-7.425859884477859,0.3938451509513397,9.886725166304387,1.0,True,11.454977930140496,,,,,91,-7.425859884477859,0.3938451509513397,-7.819705035429199
2024-05-31 12:30:00+00:00,PCE,Surprise only,-0.24351667860145637,15.832766392911424,0.39036734913648047,0.4722069658486882,1.0,True,-1.9391154994418691,,,,,95,15.832766392911424,0.39036734913648047,15.442399043774943
2024-06-07 12:30:00+00:00,NFP,Surprise only,0.022890670339214506,-13.687634571404317,0.37978993687629325,-0.007587697910806657,0.0,True,-0.331475566174574,,,,,99,-0.0,0.0,-0.0
2024-06-12 12:30:00+00:00,CPI,Surprise only,0.8587529694109373,0.0,0.37605684942165046,9.662386648381924,1.0,True,11.251648602752256,,,,,92,0.0,0.37605684942165046,-0.37605684942165046
2024-06-28 12:30:00+00:00,PCE,Surprise only,-0.2426433957445556,-37.77293540768056,0.35982381041007505,0.473895419753108,1.0,True,-1.9530530319976418,,,,,96,-37.77293540768056,0.35982381041007505,-38.13275921809064
2024-07-05 12:30:00+00:00,NFP,Surprise only,-0.07399593365510283,-21.64039895038883,0.3545665729306761,0.02437190453550051,0.0,True,-0.329368160270788,,,,,100,-0.0,0.0,-0.0
2024-07-11 12:30:00+00:00,CPI,Surprise only,1.6754537637453566,-30.347949118798567,0.34704354798176223,18.636050234393064,1.0,True,11.122986881317162,,,,,93,-30.347949118798567,0.34704354798176223,-30.69499266678033
2024-07-26 12:30:00+00:00,PCE,Surprise only,-0.5783982211069412,-23.17709370849741,0.3774272476443334,1.111047885290318,1.0,True,-1.9209047413112534,,,,,97,-23.17709370849741,0.3774272476443334,-23.554520956141744
2024-08-02 12:30:00+00:00,NFP,Surprise only,-0.1721608664320203,-9.008706784250364,0.38766943828035183,0.056047712707974165,0.0,True,-0.32555431364598325,,,,,101,-0.0,0.0,-0.0
2024-08-14 12:30:00+00:00,CPI,Surprise only,0.023803419256880783,-2.3520188269898767,0.3794768453697282,0.24644698191424438,0.0,True,10.353427768281849,,,,,94,-0.0,0.0,-0.0
2024-08-30 12:30:00+00:00,PCE,Surprise only,-0.238436036952374,-19.44207005273313,0.3708297635640576,0.4370894402681888,1.0,True,-1.8331517578254939,,,,,98,-19.44207005273313,0.3708297635640576,-19.812899816297186
2024-09-06 12:30:00+00:00,NFP,Surprise only,-0.12297466673639144,61.051301724752705,0.3861980796633418,0.039841040293861436,0.0,True,-0.3239776236130382,,,,,102,0.0,0.0,0.0
2024-09-11 12:30:00+00:00,CPI,Surprise only,-0.09913290389855092,55.82819461057653,0.3845286871660235,-1.0248876733587373,-1.0,True,10.338521651777404,,,,,95,-55.82819461057653,0.3845286871660235,-56.212723297742556
2024-09-27 12:30:00+00:00,PCE,Surprise only,-0.2375999467930136,0.49076743767528797,0.35606851249309346,0.43213825508963655,1.0,True,-1.8187641071573806,,,,,99,0.49076743767528797,0.35606851249309346,0.1346989251821945
2024-10-04 12:30:00+00:00,NFP,Surprise only,0.040543022944561934,62.43207277027096,0.3611322117480044,-0.013623878554420949,0.0,True,-0.3360350946955802,,,,,103,0.0,0.0,0.0
2024-10-10 12:30:00+00:00,CPI,Surprise only,-0.7970756838786801,-18.522726295806535,0.3546532958297664,-8.296788235637058,-1.0,True,10.409034428529726,,,,,96,18.522726295806535,0.3546532958297664,18.16807299997677
2024-10-31 12:30:00+00:00,PCE,Surprise only,-0.2367725943128565,-8.949643531117601,0.35521367940128123,0.4308782420072232,1.0,True,-1.8197977821617632,,,,,100,-8.949643531117601,0.35521367940128123,-9.304857210518882
2024-11-01 12:30:00+00:00,NFP,Surprise only,-0.20694615809024963,9.948517248012934,0.36068305908983495,0.0715818741313814,0.0,True,-0.3458961248276201,,,,,104,0.0,0.0,0.0
2024-11-13 13:30:00+00:00,CPI,Surprise only,0.028872763033326438,-14.983927529890195,0.342850387184489,0.3021152083326009,0.0,True,10.463674986141227,,,,,97,-0.0,0.0,-0.0
2024-11-27 15:00:00+00:00,PCE,Surprise only,-0.23595382831701026,-34.35686431782159,0.3475467989741377,0.42798211536235764,1.0,True,-1.8138384039582196,,,,,101,-34.35686431782159,0.3475467989741377,-34.704411116795725
2024-12-06 13:30:00+00:00,NFP,Surprise only,-0.08361582857707964,-7.442206957755104,0.33772767503610196,0.029098118107142242,0.0,True,-0.3479977248604157,,,,,105,-0.0,0.0,-0.0
2024-12-11 13:30:00+00:00,CPI,Surprise only,-0.13613039922014264,18.829551678329892,0.3377709447103905,-1.4183276591982599,-1.0,True,10.418890029879497,,,,,98,-18.829551678329892,0.3377709447103905,-19.16732262304028
2025-01-10 13:30:00+00:00,NFP,Surprise only,0.02543842745033338,-18.097625634645453,0.34061545689452666,-0.008819131436713012,0.0,True,-0.3466854016008538,,,,,106,-0.0,0.0,-0.0
2025-01-15 13:30:00+00:00,CPI,Surprise only,0.029630018694912632,46.982441545075915,0.3453367628846337,0.3092187212857992,0.0,True,10.435994808835234,,,,,99,0.0,0.0,0.0
2025-01-31 13:30:00+00:00,PCE,Surprise only,-0.24328328434500773,3.6718302191118823,0.33278633969452504,0.43539868761202005,1.0,True,-1.7896777774282568,,,,,102,3.6718302191118823,0.33278633969452504,3.3390438794173574
2025-02-07 13:30:00+00:00,NFP,Surprise only,-0.13442132024142522,31.817272246321693,0.33173566387169834,0.04623225151792898,0.0,True,-0.3439354072322329,,,,,107,0.0,0.0,0.0
2025-02-12 13:30:00+00:00,CPI,Surprise only,-1.6288289771507536,-22.023121578520488,0.33217644296301385,-17.153103058462914,-1.0,True,10.530941737338294,,,,,100,22.023121578520488,0.33217644296301385,21.690945135557474
2025-02-28 13:30:00+00:00,PCE,Surprise only,-0.24245575341235073,-15.279397617540269,0.3522367030644593,0.43485181321630784,1.0,True,-1.7935306013412855,,,,,103,-15.279397617540269,0.3522367030644593,-15.631634320604729
2025-03-07 13:30:00+00:00,NFP,Surprise only,-0.10408611006653506,-75.46362563040532,0.3605126738852078,0.036424435221920154,0.0,True,-0.34994520593224715,,,,,108,-0.0,0.0,-0.0
2025-03-12 12:30:00+00:00,CPI,Surprise only,0.863785844188717,-14.313855847269963,0.3699970655405147,9.176421145549694,1.0,True,10.623491004495857,,,,,101,-14.313855847269963,0.3699970655405147,-14.683852912810478
2025-03-28 12:30:00+00:00,PCE,Surprise only,-0.2416366134206346,-20.744939075711955,0.3637275805844726,0.4307840822596165,1.0,True,-1.7827765261290058,,,,,104,-20.744939075711955,0.3637275805844726,-21.10866665629643
2025-04-04 12:30:00+00:00,NFP,Surprise only,0.022901267949125444,39.20413844255677,0.3996692392502756,-0.007705679197828738,0.0,True,-0.3364739111802324,,,,,109,0.0,0.0,0.0
2025-04-10 12:30:00+00:00,CPI,Surprise only,1.6857215992659478,-61.833617511624084,0.38479910832758346,17.521663631202326,1.0,True,10.394162143281656,,,,,102,-61.833617511624084,0.38479910832758346,-62.21841661995167
2025-04-30 14:00:00+00:00,PCE,Surprise only,-0.24082572346498407,73.4203377380993,0.37915931228345423,0.42583436363701777,1.0,True,-1.7682262405782156,,,,,105,73.4203377380993,0.37915931228345423,73.04117842581586
2025-05-02 12:30:00+00:00,NFP,Surprise only,-0.04068498955260628,34.270722133555864,0.36349962396590624,0.013932793242145546,0.0,True,-0.34245537224804357,,,,,110,0.0,0.0,0.0
2025-05-13 12:30:00+00:00,CPI,Surprise only,0.8463013350782487,-11.17943101341723,0.3454396016724041,7.8432622213717975,1.0,True,9.26769449163945,,,,,103,-11.17943101341723,0.3454396016724041,-11.524870615089633
2025-05-30 12:30:00+00:00,PCE,Surprise only,-0.2400229459321998,5.977882015208991,0.340467497094286,0.4376662819834753,1.0,True,-1.823435173181753,,,,,106,5.977882015208991,0.340467497094286,5.637414518114705
2025-06-06 12:30:00+00:00,NFP,Surprise only,-0.07537897167229662,12.070007500355473,0.33440188187541803,0.02623710997562225,0.0,True,-0.3480693540061246,,,,,111,0.0,0.0,0.0
2025-06-11 12:30:00+00:00,CPI,Surprise only,0.842385437586005,-17.12202979796018,0.3301983467310363,7.6656423717815505,1.0,True,9.09992270729266,,,,,104,-17.12202979796018,0.3301983467310363,-17.45222814469122
2025-06-27 12:30:00+00:00,PCE,Surprise only,-0.23922814640251422,-9.89348100354448,0.3184118932331983,0.43739496960655105,1.0,True,-1.828359146630725,,,,,107,-9.89348100354448,0.3184118932331983,-10.211892896777679
2025-07-15 12:30:00+00:00,CPI,Surprise only,0.015270024971998773,0.64669806768336,0.31316141851323914,0.13582889679620128,0.0,True,8.895132591156589,,,,,105,0.0,0.0,0.0
2025-07-31 12:30:00+00:00,PCE,Surprise only,-0.23844119355490775,-0.5251576786946544,0.3046794561997016,0.4344146370444656,1.0,True,-1.8218942396982654,,,,,108,-0.5251576786946544,0.3046794561997016,-0.829837134894356
2025-08-01 12:30:00+00:00,NFP,Surprise only,-0.13459299863347782,-8.55788813233005,0.31354063054101977,0.04712214999867711,0.0,True,-0.3501084787255512,,,,,112,-0.0,0.0,-0.0
2025-08-12 12:30:00+00:00,CPI,Surprise only,0.015229351855953272,13.785485332746816,0.3063110641668867,0.13540897055158552,0.0,True,8.891315390986458,,,,,106,0.0,0.0,0.0
2025-08-29 12:30:00+00:00,PCE,Surprise only,-0.23766195907583582,-1.6900099328154283,0.30681337283114685,0.4330504033618668,1.0,True,-1.8221275506009116,,,,,109,-1.6900099328154283,0.30681337283114685,-1.9968233056465752
2025-09-05 12:30:00+00:00,NFP,Surprise only,-0.16203229557152443,53.33849963573556,0.3048492047640572,0.05647865465204312,0.0,True,-0.34856418254663474,,,,,113,0.0,0.0,0.0
2025-09-11 12:30:00+00:00,CPI,Surprise only,-0.8125014898375039,-3.338375702597318,0.30273926841489895,-7.2394239775535185,-1.0,True,8.91004394219802,,,,,107,3.338375702597318,0.30273926841489895,3.035636434182419
2025-09-26 12:30:00+00:00,PCE,Surprise only,-0.23689031757122087,6.886424901253463,0.2942191019215551,0.43151001534417754,1.0,True,-1.821560373460365,,,,,110,6.886424901253463,0.2942191019215551,6.592205799331908
2025-10-24 12:30:00+00:00,CPI,Surprise only,0.847953082809842,-18.738998777685367,0.2858015748652298,7.551713990883601,1.0,True,8.905815833418124,,,,,108,-18.738998777685367,0.2858015748652298,-19.024800352550596
2025-11-20 13:30:00+00:00,NFP,Surprise only,-0.0023105936820798033,11.997126095053545,0.28835923594745894,0.0008280139366520785,0.0,True,-0.35835549238876546,,,,,114,0.0,0.0,0.0
2025-12-05 15:00:00+00:00,PCE,Surprise only,-0.2361261464815725,23.6370087189286,0.28110308728735517,0.4313440115047961,1.0,True,-1.8267524284459475,,,,,111,23.6370087189286,0.28110308728735517,23.355905631641242
2025-12-16 13:30:00+00:00,NFP,Surprise only,,-37.12060462220279,0.2892479553161779,,0.0,False,,,,,,115,-0.0,0.0,-0.0
2026-01-09 13:30:00+00:00,NFP,Surprise only,-0.11728348610816007,19.200936853316364,0.2816436333971078,0.042229561115332735,0.0,True,-0.36006399977221165,,,,,115,0.0,0.0,0.0
2026-01-13 13:30:00+00:00,CPI,Surprise only,0.01505420514787327,-12.698292247037557,0.27979584551410075,0.13089180422927033,0.0,True,8.69470044705493,,,,,109,-0.0,0.0,-0.0
2026-02-11 13:30:00+00:00,NFP,Surprise only,-0.002974276950318473,58.33620863690214,0.2872652349631508,0.001080412739868897,0.0,True,-0.3632522316905327,,,,,116,0.0,0.0,0.0
2026-02-13 13:30:00+00:00,CPI,Surprise only,0.8462769813651695,-8.16808140889691,0.2934480141664559,7.336791629786196,1.0,True,8.669492130048097,,,,,110,-8.16808140889691,0.2934480141664559,-8.461529423063366
2026-02-20 13:30:00+00:00,PCE,Surprise only,-1.874584816789142,-18.55419060252217,0.29166247611384893,3.454494638530508,1.0,True,-1.8428051948310848,,,,,112,-18.55419060252217,0.29166247611384893,-18.84585307863602
2026-03-06 13:30:00+00:00,NFP,Surprise only,-0.288041446580229,-46.55266318607687,0.2915920928268345,0.10703706440640395,0.0,True,-0.37160299560081056,,,,,117,-0.0,0.0,-0.0
2026-03-11 12:30:00+00:00,CPI,Surprise only,-0.07257360225559249,-20.22387105274248,0.29,-0.6199686461979593,-1.0,True,8.542619174593677,,,,,111,20.22387105274248,0.29,19.933871052742482
2026-03-13 12:30:00+00:00,PCE,Surprise only,-0.21994435368833912,3.140560362560052,0.29408185616355004,0.33839775491515506,1.0,True,-1.5385607733975488,,,,,113,3.140560362560052,0.29408185616355004,2.846478506396502
2026-04-09 12:30:00+00:00,PCE,Surprise only,-0.21926095603584936,-2.596676268993292,0.2895627602320496,0.337666570067647,1.0,True,-1.5400214254855216,,,,,114,-2.596676268993292,0.2895627602320496,-2.8862390292253415
2026-04-10 12:30:00+00:00,CPI,Surprise only,0.3863432136330373,-10.960420160444073,0.28615126547930336,3.2921846032028856,1.0,True,8.52139881595001,,,,,112,-10.960420160444073,0.28615126547930336,-11.246571425923376
2026-04-30 12:30:00+00:00,PCE,Surprise only,-0.21858389123884375,-4.6311221310091355,0.26325583928684904,0.3364801784449262,1.0,True,-1.5393640242100857,,,,,115,-4.6311221310091355,0.26325583928684904,-4.894377970295984
2026-05-08 12:30:00+00:00,NFP,Surprise only,-0.02209025678682834,2.3349231094726974,0.2508108108108108,0.007992106571702831,0.0,True,-0.3617932851042388,,,,,118,0.0,0.0,0.0
2026-05-12 12:30:00+00:00,CPI,Surprise only,0.009048380436151223,27.240737439306884,0.2487626204139753,0.0765199158107861,0.0,True,8.456752714006603,,,,,113,0.0,0.0,0.0
2026-05-28 12:30:00+00:00,PCE,Surprise only,1.4256193886011588,25.73510929430256,0.2420579937565731,-2.1926204700750116,-1.0,True,-1.5380125211585731,,,,,116,-25.73510929430256,0.2420579937565731,-25.977167288059135
2026-06-05 12:30:00+00:00,NFP,Surprise only,0.024028750728270636,-13.79872372957891,0.24074181685358748,-0.008698933749216365,0.0,True,-0.36202188984306105,,,,,119,-0.0,0.0,-0.0
2026-06-10 12:30:00+00:00,CPI,Surprise only,0.009025267637695652,-3.901153490524223,0.25214102508368474,0.0766598751318621,0.0,True,8.493917101325435,,,,,114,-0.0,0.0,-0.0
2026-06-25 12:30:00+00:00,PCE,Surprise only,1.4130475363822363,-13.731720773293432,0.2406159769008662,-1.627760572379164,-1.0,True,-1.1519503275499479,,,,,117,13.731720773293432,0.2406159769008662,13.491104796392566
2016-01-08 13:30:00+00:00,NFP,Surprise + State,1.6142593236792937,-31.072008427486253,1.6722408026755853,,0.0,False,,,,,,0,-0.0,0.0,-0.0
2016-01-20 13:30:00+00:00,CPI,Surprise + State,0.8034072020471136,24.557969120273526,1.7826407671502336,,0.0,False,,,,,,0,0.0,0.0,0.0
2016-02-01 13:30:00+00:00,PCE,Surprise + State,1.3212240511473,8.84407946564636,1.7110153991385924,,0.0,False,,,,,,0,0.0,0.0,0.0
2016-02-05 13:30:00+00:00,NFP,Surprise + State,-0.5662977961971637,-17.51578377945151,1.74446583253128,,0.0,False,,,,,,1,-0.0,0.0,-0.0
2016-02-19 13:30:00+00:00,CPI,Surprise + State,-1.1647750851392003,-15.728029374919572,1.749728490406661,,0.0,False,,,,,,1,-0.0,0.0,-0.0
2016-02-26 15:00:00+00:00,PCE,Surprise + State,-2.1146814105422513,-31.75165835685334,1.7022775299366049,,0.0,False,,,,,,1,-0.0,0.0,-0.0
2016-03-04 13:30:00+00:00,NFP,Surprise + State,0.8511296176546844,-46.15481567977753,1.672723077810463,,0.0,False,,,,,,2,-0.0,0.0,-0.0
2016-03-28 12:30:00+00:00,PCE,Surprise + State,-0.3589718295271186,-3.4013605770155664,1.6440841317535009,,0.0,False,,,,,,2,-0.0,0.0,-0.0
2016-04-01 12:30:00+00:00,NFP,Surprise + State,0.23256549524665046,-36.470793686653735,1.625651662088682,,0.0,False,,,,,,3,-0.0,0.0,-0.0
2016-04-14 12:30:00+00:00,CPI,Surprise + State,0.8159070832843519,6.046447896181917,1.5953350203542742,,0.0,False,,,,,,2,0.0,0.0,0.0
2016-04-29 12:30:00+00:00,PCE,Surprise + State,-0.3548908737688326,-16.036658648737045,1.6595135908440628,,0.0,False,,,,,,3,-0.0,0.0,-0.0
2016-05-06 12:30:00+00:00,NFP,Surprise + State,-0.5970295853454834,-17.510072763116113,1.688697373784429,,0.0,False,,,,,,4,-0.0,0.0,-0.0
2016-05-17 12:30:00+00:00,CPI,Surprise + State,-1.165117912908518,-8.007779413183869,1.6574269874835685,,0.0,False,,,,,,3,-0.0,0.0,-0.0
2016-05-31 12:30:00+00:00,PCE,Surprise + State,-0.3509464824958188,1.1067456156510502,1.604514772601527,,0.0,False,,,,,,4,0.0,0.0,0.0
2016-06-03 12:30:00+00:00,NFP,Surprise + State,-1.9555484666489378,-10.517867503416767,1.5997352162400706,,0.0,False,,,,,,5,-0.0,0.0,-0.0
2016-06-29 12:30:00+00:00,PCE,Surprise + State,-0.3471306674377593,15.077711044817477,1.6827202042474179,,0.0,False,,,,,,5,0.0,0.0,0.0
2016-07-08 12:30:00+00:00,NFP,Surprise + State,1.8450710388339822,8.38012284020806,1.6265634640192945,,0.0,False,,,,,,6,0.0,0.0,0.0
2016-07-15 12:30:00+00:00,CPI,Surprise + State,0.8115726727885837,-5.986557636141754,1.5790046825656103,,0.0,False,,,,,,4,-0.0,0.0,-0.0
2016-08-02 12:30:00+00:00,PCE,Surprise + State,1.357394389268374,-1.0554646692995107,1.5303430079155673,,0.0,False,,,,,,6,-0.0,0.0,-0.0
2016-08-05 12:30:00+00:00,NFP,Surprise + State,1.2796377681502662,20.48589028987635,1.5258339471745763,,0.0,False,,,,,,7,0.0,0.0,0.0
2016-08-16 12:30:00+00:00,CPI,Surprise + State,-0.18513874292076055,-2.0770588920981936,1.5055549787145677,,0.0,False,,,,,,5,-0.0,0.0,-0.0
2016-08-29 12:30:00+00:00,PCE,Surprise + State,-0.36621496105815404,3.65468456308804,1.514360313315927,,0.0,False,,,,,,7,0.0,0.0,0.0
2016-09-02 12:30:00+00:00,NFP,Surprise + State,-0.40888888651079935,24.51556922501652,1.5163398692810457,,0.0,False,,,,,,8,0.0,0.0,0.0
2016-09-30 12:30:00+00:00,PCE,Surprise + State,1.3393576888346368,2.0638770002534557,1.4963880288957687,,0.0,False,,,,,,8,0.0,0.0,0.0
2016-10-07 12:30:00+00:00,NFP,Surprise + State,-0.1964152932718881,10.260620641631135,1.4905427631578947,,0.0,False,,,,,,9,0.0,0.0,0.0
2016-10-18 12:30:00+00:00,CPI,Surprise + State,-0.16901430640024803,11.874952992130261,1.498475688523743,,0.0,False,,,,,,6,0.0,0.0,0.0
2016-10-31 12:30:00+00:00,PCE,Surprise + State,-0.3840686609153908,5.702880108948705,1.5041493775933608,,0.0,False,,,,,,9,0.0,0.0,0.0
2016-11-04 12:30:00+00:00,NFP,Surprise + State,-0.1303193272493761,12.835599152332122,1.5514658677509094,,0.0,False,,,,,,10,0.0,0.0,0.0
2016-11-17 13:30:00+00:00,CPI,Surprise + State,-0.16796381350875023,4.699370892957688,1.5139650221874184,,0.0,False,,,,,,7,0.0,0.0,0.0
2016-11-30 13:30:00+00:00,PCE,Surprise + State,1.3230170925284488,2.5640368335899666,1.4874083192285994,,0.0,False,,,,,,10,0.0,0.0,0.0
2016-12-02 13:30:00+00:00,NFP,Surprise + State,0.033610480884534014,1.0573059853413724,1.5329315995348345,,0.0,False,,,,,,11,0.0,0.0,0.0
2016-12-22 15:00:00+00:00,PCE,Surprise + State,2.9838886430672513,-1.0118385114310513,1.4676856116200212,,0.0,False,,,,,,11,-0.0,0.0,-0.0
2017-01-06 13:30:00+00:00,NFP,Surprise + State,-0.24560763540543862,4.529783402809073,1.4607364126328513,,0.0,False,,,,,,12,0.0,0.0,0.0
2017-01-18 13:30:00+00:00,CPI,Surprise + State,-0.1659201234598231,-0.49498824413518605,1.4347912131407083,,0.0,False,,,,,,8,-0.0,0.0,-0.0
2017-01-30 13:30:00+00:00,PCE,Surprise + State,-0.4243384371886906,10.693628589173443,1.4101628981278873,,0.0,False,,,,,,12,0.0,0.0,0.0
2017-02-03 13:30:00+00:00,NFP,Surprise + State,0.8452794369339985,18.470816508902033,1.4118792599805257,,0.0,False,,,,,,13,0.0,0.0,0.0
2017-02-15 13:30:00+00:00,CPI,Surprise + State,-3.2124696574381035,-8.0658557738289,1.3748636988574408,,0.0,False,,,,,,9,-0.0,0.0,-0.0
2017-03-01 13:30:00+00:00,PCE,Surprise + State,1.1790960725118012,-4.659181000299384,1.350407450523865,,0.0,False,,,,,,13,-0.0,0.0,-0.0
2017-03-10 13:30:00+00:00,NFP,Surprise + State,0.6384882035084962,1.856062369007816,1.3465199424246643,,0.0,False,,,,,,14,0.0,0.0,0.0
2017-03-31 12:30:00+00:00,PCE,Surprise + State,-0.4384274479644154,-1.8400110452532203,1.3337012509197939,,0.0,False,,,,,,14,-0.0,0.0,-0.0
2017-04-07 12:30:00+00:00,NFP,Surprise + State,-1.3078965412877368,11.083915603862238,1.3375149893921225,,0.0,False,,,,,,15,0.0,0.0,0.0
2017-05-01 12:30:00+00:00,PCE,Surprise + State,-0.4341842117614949,4.018126267872901,1.2948740846579747,,0.0,False,,,,,,15,0.0,0.0,0.0
2017-05-05 12:30:00+00:00,NFP,Surprise + State,0.4142854976008267,7.1016425532377525,1.2880874122768056,,0.0,False,,,,,,16,0.0,0.0,0.0
2017-05-12 12:30:00+00:00,CPI,Surprise + State,-0.13514617301327977,8.37687150809785,1.2792800741100179,,0.0,False,,,,,,10,0.0,0.0,0.0
2017-05-30 12:30:00+00:00,PCE,Surprise + State,-0.4300621707383414,6.048038891819374,1.2533494684069497,,0.0,False,,,,,,16,0.0,0.0,0.0
2017-06-02 12:30:00+00:00,NFP,Surprise + State,-0.6677396065852849,-2.5700334245826184,1.241332077733071,,0.0,False,,,,,,17,-0.0,0.0,-0.0
2017-06-30 12:30:00+00:00,PCE,Surprise + State,-0.4260556508599551,-8.396862718527132,1.2814847547503314,,0.0,False,,,,,,17,-0.0,0.0,-0.0
2017-07-07 12:30:00+00:00,NFP,Surprise + State,0.8034356423152486,-5.339978767011644,1.2925655197004813,,0.0,False,,,,,,18,-0.0,0.0,-0.0
2017-07-14 12:30:00+00:00,CPI,Surprise + State,0.7927260050565855,26.214587736248518,1.2495691140985867,,0.0,False,,,,,,11,0.0,0.0,0.0
2017-08-01 12:30:00+00:00,PCE,Surprise + State,-0.422159343805065,4.660918285246396,1.2290739563466837,,0.0,False,,,,,,18,0.0,0.0,0.0
2017-08-04 12:30:00+00:00,NFP,Surprise + State,0.5458452330557173,-13.145342717706399,1.2293344637558288,,0.0,False,,,,,,19,-0.0,0.0,-0.0
2017-08-11 12:30:00+00:00,CPI,Surprise + State,0.7856685090657263,23.32412944053175,1.2545423083578473,,0.0,False,,,,,,12,0.0,0.0,0.0
2017-08-31 12:30:00+00:00,PCE,Surprise + State,-0.4183682771652557,1.681378734517125,1.2193070972082072,,0.0,False,,,,,,19,0.0,0.0,0.0
2017-09-01 12:30:00+00:00,NFP,Surprise + State,-0.34604558050796347,2.4980224119275363,1.2066239494050095,,0.0,False,,,,,,20,0.0,0.0,0.0
2017-09-29 12:30:00+00:00,PCE,Surprise + State,1.24403333303221,-4.204507293685822,1.2192558335085137,,0.0,False,,,,,,20,-0.0,0.0,-0.0
2017-10-06 12:30:00+00:00,NFP,Surprise + State,-1.8424473560997108,-26.439741090307223,1.195925605179595,,0.0,False,,,,,,21,-0.0,0.0,-0.0
2017-10-13 12:30:00+00:00,CPI,Surprise + State,0.7897822256401897,9.438802383314737,1.1912586263555702,,0.0,False,,,,,,13,0.0,0.0,0.0
2017-10-30 12:30:00+00:00,PCE,Surprise + State,-0.43153418183276016,0.8047318235426815,1.1668611435239207,,0.0,False,,,,,,21,0.0,0.0,0.0
2017-11-03 12:30:00+00:00,NFP,Surprise + State,-0.7859021766829931,-1.9952513085286228,1.158054468492932,,0.0,False,,,,,,22,-0.0,0.0,-0.0
2017-11-15 13:30:00+00:00,CPI,Surprise + State,-0.15820077948038003,-4.781638599204996,1.1549183592194345,,0.0,False,,,,,,14,-0.0,0.0,-0.0
2017-11-30 13:30:00+00:00,PCE,Surprise + State,-0.42780275982372784,0.7900766378554636,1.145656382096156,,0.0,False,,,,,,22,0.0,0.0,0.0
2017-12-08 13:30:00+00:00,NFP,Surprise + State,0.6370043888724991,14.546600823450717,1.141732283464567,,0.0,False,,,,,,23,0.0,0.0,0.0
2017-12-13 13:30:00+00:00,CPI,Surprise + State,-0.1573539546812662,18.361890573075357,1.1341415721548689,,0.0,False,,,,,,15,0.0,0.0,0.0
2017-12-22 13:30:00+00:00,PCE,Surprise + State,1.2482623178131573,-4.621072170962748,1.1166300874051827,,0.0,False,,,,,,23,-0.0,0.0,-0.0
2018-01-05 13:30:00+00:00,NFP,Surprise + State,-0.621220884870033,6.789634752166762,1.092731451825615,,0.0,False,,,,,,24,0.0,0.0,0.0
2018-01-12 13:30:00+00:00,CPI,Surprise + State,-0.15652048446517022,-34.972875887184784,1.075787365062878,,0.0,False,,,,,,16,-0.0,0.0,-0.0
2018-01-29 13:30:00+00:00,PCE,Surprise + State,-0.4402926559951366,-3.5660794900493897,1.0339786786465575,,0.0,False,,,,,,24,-0.0,0.0,-0.0
2018-02-02 13:30:00+00:00,NFP,Surprise + State,0.4228435414864092,13.104730498341155,1.0542387669041733,,0.0,False,,,,,,25,0.0,0.0,0.0
2018-02-14 13:30:00+00:00,CPI,Surprise + State,-2.0674616228090885,-22.24183146466885,1.0995260663507107,,0.0,False,,,,,,17,-0.0,0.0,-0.0
2018-03-01 13:30:00+00:00,PCE,Surprise + State,-0.4366213148929902,36.04525939415737,1.058085230589609,,0.0,False,,,,,,25,0.0,0.0,0.0
2018-03-09 13:30:00+00:00,NFP,Surprise + State,1.9022467250921624,43.88084314108198,1.040508054967529,,0.0,False,,,,,,26,0.0,0.0,0.0
2018-03-13 12:30:00+00:00,CPI,Surprise + State,-0.1324165031997715,11.16967549545933,1.014731096259491,,0.0,False,,,,,,18,0.0,0.0,0.0
2018-03-29 12:30:00+00:00,PCE,Surprise + State,-0.4330405906855374,-6.519780092482108,1.1131155721030208,,0.0,False,,,,,,26,-0.0,0.0,-0.0
2018-04-06 12:30:00+00:00,NFP,Surprise + State,-1.2995829002724142,10.697231201532986,1.1080544092923734,,0.0,False,,,,,,27,0.0,0.0,0.0
2018-04-11 12:30:00+00:00,CPI,Surprise + State,0.8133579879158452,3.0436767850261504,1.1035847476976939,,0.0,False,,,,,,19,0.0,0.0,0.0
2018-04-30 12:30:00+00:00,PCE,Surprise + State,-0.4295466448744693,-8.219383261831581,1.0826955385476944,,0.0,False,,,,,,27,-0.0,0.0,-0.0
2018-05-04 12:30:00+00:00,NFP,Surprise + State,-0.4042211205062629,-5.268307489956214,1.0924844603503485,,0.0,False,,,,,,28,-0.0,0.0,-0.0
2018-05-10 12:30:00+00:00,CPI,Surprise + State,0.8066313627379722,9.761212611429926,1.050496268927045,,0.0,False,,,,,,20,0.0,0.0,0.0
2018-05-31 12:30:00+00:00,PCE,Surprise + State,-0.4261361668922612,0.35750674797441206,1.0363064608347627,,0.0,False,,,,,,28,0.0,0.0,0.0
2018-06-01 12:30:00+00:00,NFP,Surprise + State,0.6295443548080089,19.2664537975773,1.0348642186775148,,0.0,False,,,,,,29,0.0,0.0,0.0
2018-06-12 12:30:00+00:00,CPI,Surprise + State,-0.14836969090721452,16.031788189572183,1.0118279194724538,,0.0,False,,,,,,21,0.0,0.0,0.0
2018-06-29 12:30:00+00:00,PCE,Surprise + State,-0.4228058320342103,-8.115594736288756,1.0229998588965712,,0.0,False,,,,,,29,-0.0,0.0,-0.0
2018-07-06 12:30:00+00:00,NFP,Surprise + State,0.3749571567850948,-3.856739700331957,1.0189023961773591,,0.0,False,,,,,,30,-0.0,0.0,-0.0
2018-07-12 12:30:00+00:00,CPI,Surprise + State,0.8054339632504349,7.538894195704415,0.9941380137808097,,0.0,False,,,,,,22,0.0,0.0,0.0
2018-07-31 12:30:00+00:00,PCE,Surprise + State,-0.4195525615380417,-10.730171846944359,1.0036685817124662,,0.0,False,,,,,,30,-0.0,0.0,-0.0
2018-08-03 12:30:00+00:00,NFP,Surprise + State,-0.5320078037025123,-12.179857377425662,0.980226466114585,,0.0,False,,,,,,31,-0.0,0.0,-0.0
2018-08-10 12:30:00+00:00,CPI,Surprise + State,-0.15572468844210885,-2.691156204228662,0.9753800618861832,,0.0,False,,,,,,23,-0.0,0.0,-0.0
2018-08-30 12:30:00+00:00,PCE,Surprise + State,0.016880010255722527,-5.551655025612945,0.9468460232467023,,0.0,False,,,,,,31,-0.0,0.0,-0.0
2018-09-07 12:30:00+00:00,NFP,Surprise + State,0.2616225928660689,-27.304461520465395,0.9741023143327399,,0.0,False,,,,,,32,-0.0,0.0,-0.0
2018-09-13 12:30:00+00:00,CPI,Surprise + State,0.8043331512490195,-1.661433156066039,0.9648655842427468,,0.0,False,,,,,,24,-0.0,0.0,-0.0
2018-09-28 12:30:00+00:00,PCE,Surprise + State,-0.41932078998489236,2.9486444639914566,0.9504768771918324,,0.0,False,,,,,,32,0.0,0.0,0.0
2018-10-05 12:30:00+00:00,NFP,Surprise + State,-0.7870138858905067,-17.650491635912147,0.9669245132035209,,0.0,False,,,,,,33,-0.0,0.0,-0.0
2018-10-11 12:30:00+00:00,CPI,Surprise + State,0.7980522394154973,-23.09100654766638,1.0347534432312853,,0.0,False,,,,,,25,-0.0,0.0,-0.0
2018-10-29 12:30:00+00:00,PCE,Surprise + State,-0.4162236927774103,-1.4333321413673161,1.03961283384119,,0.0,False,,,,,,33,-0.0,0.0,-0.0
2018-11-02 12:30:00+00:00,NFP,Surprise + State,0.9282289143639069,-11.664282113521551,1.0248798416737348,,0.0,False,,,,,,34,-0.0,0.0,-0.0
2018-11-14 13:30:00+00:00,CPI,Surprise + State,-0.17073431842246337,22.166109477375073,1.056889828346514,,0.0,False,,,,,,26,0.0,0.0,0.0
2018-11-29 13:30:00+00:00,PCE,Surprise + State,-0.413194375549636,0.36294347157905804,1.0529373320746496,,0.0,False,,,,,,34,0.0,0.0,0.0
2018-12-07 13:30:00+00:00,NFP,Surprise + State,-0.6547686526365027,-7.337026632363575,1.0655105265091669,,0.0,False,,,,,,35,-0.0,0.0,-0.0
2018-12-12 13:30:00+00:00,CPI,Surprise + State,-0.1699188197561624,49.62971788305737,1.0681006224448455,,0.0,False,,,,,,27,0.0,0.0,0.0
2019-01-04 13:30:00+00:00,NFP,Surprise + State,2.261740690734558,30.44874147352772,1.1591654009113437,4.837481837911762,1.0,True,4.802962319606711,-5.440672580117103,-0.35914449931425557,rv_20d,0.9896694214876033,36,30.44874147352772,1.1591654009113437,29.289576072616374
2019-01-11 13:30:00+00:00,CPI,Surprise + State,-0.16911489877107314,-10.603250131921982,1.0986929342678537,,0.0,False,,,,,,28,-0.0,0.0,-0.0
2019-02-01 13:30:00+00:00,NFP,Surprise + State,2.3749676396538355,13.073796167830665,1.055543422872534,14.516212594798654,1.0,True,6.028605843825247,0.7930667471348689,0.06698911252170765,rv_20d,0.6053719008264463,37,13.073796167830665,1.055543422872534,12.018252744958131
2019-02-13 13:30:00+00:00,CPI,Surprise + State,0.8075888422190041,12.056311520289853,1.0286971019119577,,0.0,False,,,,,,29,0.0,0.0,0.0
2019-03-01 13:30:00+00:00,PCE,Surprise + State,-2.108137244454332,1.7485880196232984,1.014127850048958,,0.0,False,,,,,,35,0.0,0.0,0.0
2019-03-08 13:30:00+00:00,NFP,Surprise + State,-2.577157761426142,-16.160603973212062,1.0380127425012526,-14.812903511368264,-1.0,True,6.084861873179037,0.7806397018039749,0.06656206532151233,rv_20d,0.06818181818181818,38,16.160603973212062,1.0380127425012526,15.12259123071081
2019-03-12 12:30:00+00:00,CPI,Surprise + State,-0.17594973086669394,15.313938674275107,1.0108051585918438,,0.0,False,,,,,,30,0.0,0.0,0.0
2019-03-29 12:30:00+00:00,PCE,Surprise + State,1.3555304283976177,9.13968548637456,0.9821851927115085,2.877592162205883,1.0,True,3.0788202991921647,12.905555295474931,1.3285573230467673,rv_20d,0.42592592592592593,36,9.13968548637456,0.9821851927115085,8.157500293663052
2019-04-05 12:30:00+00:00,NFP,Surprise + State,0.36000953458674323,-2.9641828129811643,0.9574116870254209,2.300219606587265,1.0,True,6.37478653154757,-0.3085677993556257,-0.031644146440874384,rv_20d,0.45286885245901637,39,-2.9641828129811643,0.9574116870254209,-3.9215945000065853
2019-04-10 12:30:00+00:00,CPI,Surprise + State,-0.6660549897418855,2.300701724173848,0.9535396047742741,,0.0,False,,,,,,31,0.0,0.0,0.0
2019-05-03 12:30:00+00:00,NFP,Surprise + State,1.2218354880047635,11.230007757774274,0.9315772566655959,7.862646067052962,1.0,True,6.336343421404345,-0.2086985933129042,-0.021342135263574515,rv_20d,0.026748971193415638,40,11.230007757774274,0.9315772566655959,10.298430501108678
2019-05-10 12:30:00+00:00,CPI,Surprise + State,0.8147019300586259,28.19753398451752,0.9609012591119948,,0.0,False,,,,,,32,0.0,0.0,0.0
2019-05-31 12:30:00+00:00,PCE,Surprise + State,-0.36868440449756795,13.272792727399008,1.013631597343586,-2.188145860537849,-1.0,True,3.3400005801691113,13.137238387286692,1.3994755154042653,rv_20d,0.6975308641975309,37,-13.272792727399008,1.013631597343586,-14.286424324742594
2019-06-07 12:30:00+00:00,NFP,Surprise + State,-1.5524750423548752,11.294215482600123,0.991690319050713,-9.755800152891792,-1.0,True,6.313599603953398,-0.14370698394323858,-0.015291731966225523,rv_20d,0.7057613168724279,41,-11.294215482600123,0.991690319050713,-12.285905801650836
2019-06-12 12:30:00+00:00,CPI,Surprise + State,-0.17710016798500505,-9.343611985528355,0.968086526906129,,0.0,False,,,,,,33,-0.0,0.0,-0.0
2019-06-28 12:30:00+00:00,PCE,Surprise + State,-0.366294583792779,6.81984275843206,0.941772480758614,-1.5005626800933447,-1.0,True,3.241386359691998,12.98856910868711,1.3338927238586449,rv_20d,0.565843621399177,38,-6.81984275843206,0.941772480758614,-7.761615239190673
2019-07-05 12:30:00+00:00,NFP,Surprise + State,1.0718570086511612,-22.932137322975166,0.9208980343590232,5.9601222165364565,1.0,True,5.449554490769751,-1.7982440362983372,-0.19885060598388254,rv_20d,0.4382716049382716,42,-22.932137322975166,0.9208980343590232,-23.85303535733419
2019-07-11 12:30:00+00:00,CPI,Surprise + State,-1.1663865052088653,3.779289538563546,0.9115483749292764,,0.0,False,,,,,,34,0.0,0.0,0.0
2019-07-30 12:30:00+00:00,PCE,Surprise + State,-0.36395092463953677,-21.39980675686104,0.912380053484348,0.5334676969360539,0.0,True,3.1866306926992483,12.994631430157884,1.3175542880431386,rv_20d,0.1419753086419753,39,-0.0,0.0,-0.0
2019-08-02 12:30:00+00:00,NFP,Surprise + State,0.031497609119124026,2.2559904699548383,0.9339774557165861,0.1625049317676336,0.0,True,4.8530929143610155,-1.1273189826767958,-0.12075279759183526,rv_20d,0.22839506172839505,43,0.0,0.0,0.0
2019-08-13 12:30:00+00:00,CPI,Surprise + State,-0.1659081562956267,10.273576273540641,0.9599470374048328,,0.0,False,,,,,,35,0.0,0.0,0.0
2019-08-30 12:30:00+00:00,PCE,Surprise + State,-0.3616517148149259,-3.22289547714405,0.9344288706299338,-2.422981127057,-1.0,True,3.4207992254476816,12.25828356747043,1.2282297893727543,rv_20d,0.7674897119341564,40,3.22289547714405,0.9344288706299338,2.288466606514116
2019-09-06 12:30:00+00:00,NFP,Surprise + State,-0.4303607562946714,-2.2234574855417577,0.920313541303037,-1.9997935007234993,-1.0,True,4.856533462931228,-1.132646796859994,-0.12135453391264064,rv_20d,0.6851851851851852,44,2.2234574855417577,0.920313541303037,1.3031439442387207
2019-09-12 12:30:00+00:00,CPI,Surprise + State,-0.16517796464621493,6.300800410095064,0.9139615505830444,-1.2406781810899778,-1.0,True,6.960268758316478,5.5777775095767455,0.8358292362627774,rv_20d,0.5987654320987654,36,-6.300800410095064,0.9139615505830444,-7.214761960678109
2019-09-27 12:30:00+00:00,PCE,Surprise + State,1.3657033853241398,-3.5238904114365255,0.9290405253884351,1.081335139114803,1.0,True,3.440510208849667,12.310294032135976,1.2597268276107298,rv_20d,0.2848360655737705,41,-3.5238904114365255,0.9290405253884351,-4.452930936824961
2019-10-04 12:30:00+00:00,NFP,Surprise + State,-0.09265768712922037,15.942999033313754,0.9498853586636095,-0.46655614456604594,0.0,True,4.825565524418277,-1.203930096003105,-0.12977477823379707,rv_20d,0.32581967213114754,45,0.0,0.0,0.0
2019-10-10 12:30:00+00:00,CPI,Surprise + State,0.8325119977114724,0.9750231575722523,0.9431201014667143,5.108788098853152,1.0,True,6.942656309968089,5.540259515090046,0.8262736525140284,rv_20d,0.35450819672131145,37,0.9750231575722523,0.9431201014667143,0.03190305610553801
2019-10-31 12:30:00+00:00,PCE,Surprise + State,-0.3726587275846903,10.488648543010015,0.8951446121554465,-0.18419474515002612,0.0,True,3.3293757521594975,12.464240266845163,1.2663067995888013,rv_20d,0.2725409836065574,42,0.0,0.0,0.0
2019-11-01 12:30:00+00:00,NFP,Surprise + State,0.742125242156633,4.617302653855404,0.8951169825297858,3.802667768605612,1.0,True,4.813932009430621,-1.2506201153069876,-0.13461053018405655,rv_20d,0.2520491803278688,46,4.617302653855404,0.8951169825297858,3.7221856713256183
2019-11-13 13:30:00+00:00,CPI,Surprise + State,-1.1700469441557593,4.546212325813315,0.8793741282066833,-4.735208344990683,-1.0,True,6.653771623632407,5.91671034041826,0.8725456959851676,rv_20d,0.05942622950819672,38,-4.546212325813315,0.8793741282066833,-5.425586454019998
2019-11-27 15:00:00+00:00,PCE,Surprise + State,0.9149489511371186,8.313786517639699,0.861479963164305,-2.8703003877267133,-1.0,True,3.210073012691646,12.746190483020222,1.290575612896594,rv_20d,0.0020325203252032522,43,-8.313786517639699,0.861479963164305,-9.175266480804003
2019-12-06 13:30:00+00:00,NFP,Surprise + State,1.42861497447116,33.48884842530708,0.8704003841767213,7.568603582221978,1.0,True,4.804995986162396,-1.2321625782643206,-0.13287397787793942,rv_20d,0.1,47,33.48884842530708,0.8704003841767213,32.618448041130364
2019-12-11 13:30:00+00:00,CPI,Surprise + State,-1.158461044632005,6.860040534490963,0.8651551312649165,-4.93089880529542,-1.0,True,6.532818021426257,6.19685647343225,0.91348665756048,rv_20d,0.1326530612244898,39,-6.860040534490963,0.8651551312649165,-7.72519566575588
2020-01-10 13:30:00+00:00,NFP,Surprise + State,-0.20617197687041738,-2.4887659997219203,0.8016807651904683,-1.3612743690627729,-1.0,True,5.453094717371122,-3.09486467602253,-0.3345995533098943,rv_20d,0.12857142857142856,48,2.4887659997219203,0.8016807651904683,1.687085234531452
2020-01-14 13:30:00+00:00,CPI,Surprise + State,0.8436125672345851,10.735374085228955,0.7985021201608018,3.4049101488638516,1.0,True,6.357027601353936,6.461655395870252,0.9292142001493342,rv_20d,0.14081632653061224,40,10.735374085228955,0.7985021201608018,9.936871965068153
2020-01-31 13:30:00+00:00,PCE,Surprise + State,-2.1131396664751882,1.6329196639830457,0.7896528250510552,-6.796959514567702,-1.0,True,3.2165216631919726,11.083078137283383,1.1339619248101445,rv_20d,0.5,44,-1.6329196639830457,0.7896528250510552,-2.422572489034101
2020-02-07 13:30:00+00:00,NFP,Surprise + State,1.0001447762026143,-35.26311768585089,0.7681915710842097,4.958063003360126,1.0,True,5.463057703797049,-3.1769112688646985,-0.3442044267092854,rv_20d,0.6591836734693878,49,-35.26311768585089,0.7681915710842097,-36.031309256935096
2020-02-13 13:30:00+00:00,CPI,Surprise + State,0.8376680323617207,4.968944201628744,0.7587650444793301,6.299786166736666,1.0,True,6.423408856983462,6.2515736897777305,0.9257541839780452,rv_20d,0.6755102040816326,41,4.968944201628744,0.7587650444793301,4.2101791571494145
2020-02-28 13:30:00+00:00,PCE,Surprise + State,1.354456856955525,-145.1931132445239,0.8718920056522654,10.947619216488656,1.0,True,2.7962342967813583,10.61619011426958,1.1305881088843777,rv_20d,0.9979591836734694,45,-145.1931132445239,0.8718920056522654,-146.06500525017614
2020-03-06 13:30:00+00:00,NFP,Surprise + State,1.6027523818647151,18.188599870860855,0.8671211577562492,5.063664210328285,1.0,True,4.933246976381072,-3.5623234759147184,-0.3692405112539472,rv_20d,0.9979591836734694,50,18.188599870860855,0.8671211577562492,17.321478713104607
2020-03-11 12:30:00+00:00,CPI,Surprise + State,-1.1639324823814878,-42.927136224122364,0.8940407559268736,-10.711886539891893,-1.0,True,6.243504749173561,5.943721005481238,0.8802032357803493,rv_20d,0.9979508196721312,42,42.927136224122364,0.8940407559268736,42.03309546819549
2020-03-27 12:30:00+00:00,PCE,Surprise + State,-0.36227118384366613,-38.51556806228729,0.9443178117876913,6.905489610394207,1.0,True,-6.063598990235391,-26.10443629063201,-0.6325758306589442,rv_20d,0.9979253112033195,46,-38.51556806228729,0.9443178117876913,-39.45988587407498
2020-04-03 12:30:00+00:00,NFP,Surprise + State,-9.584675105229561,36.59565925850927,0.9576329954099659,-41.929874779465656,-1.0,True,5.29861319870762,-1.9195534079770504,-0.2323241253794281,rv_20d,0.9813278008298755,51,-36.59565925850927,0.9576329954099659,-37.55329225391924
2020-04-30 12:30:00+00:00,PCE,Surprise + State,-0.36017238707897786,-61.52501185741954,0.8017915894827062,5.549041372714718,1.0,True,-5.90067499634167,-24.633701775538643,-0.6041237001286893,rv_20d,0.8858921161825726,47,-61.52501185741954,0.8017915894827062,-62.32680344690225
2020-05-08 12:30:00+00:00,NFP,Surprise + State,17.82134084487857,-29.080453710683685,0.7897818568043792,-13.417382117308428,-1.0,True,2.9309791318545044,-11.382188984018072,-1.1349551542591032,rv_20d,0.8236514522821576,52,29.080453710683685,0.7897818568043792,28.290671853879306
2020-05-12 12:30:00+00:00,CPI,Surprise + State,-0.1633338468717922,12.88417840292766,0.7788161993769471,-1.8341004295413612,-1.0,True,7.990717333272428,10.135876793528068,1.5517023125544092,rv_20d,0.8195020746887967,43,-12.88417840292766,0.7788161993769471,-13.662994602304607
2020-05-29 12:30:00+00:00,PCE,Surprise + State,-2.070466433747151,-5.81318552502097,0.765939464370609,17.555447969536015,1.0,True,-5.6266105530700905,-22.91405196687365,-0.5711550012742177,rv_20d,0.6244813278008299,48,-5.81318552502097,0.765939464370609,-6.579124989391579
2020-06-05 12:30:00+00:00,NFP,Surprise + State,64.57555252744505,-15.281216146583176,0.7522307532683129,149.76407121717523,1.0,True,2.4146804819937526,-11.504558747735137,-3.1601577020530423,rv_20d,0.508298755186722,53,-15.281216146583176,0.7522307532683129,-16.03344689985149
2020-06-10 12:30:00+00:00,CPI,Surprise + State,0.8389770540647904,18.18567321070219,0.7229936925033033,6.773276642199939,1.0,True,7.904817679490482,10.148416466682438,1.5440147364570915,rv_20d,0.516597510373444,44,18.18567321070219,0.7229936925033033,17.46267951819889
2020-06-26 12:30:00+00:00,PCE,Surprise + State,-2.0164547174799274,-18.842669332634898,0.7185688091580356,20.3811480496951,1.0,True,-4.985240350691077,-21.65692097920143,-0.5774468419009628,rv_20d,0.7365145228215768,49,-18.842669332634898,0.7185688091580356,-19.561238141792934
2020-07-02 12:30:00+00:00,NFP,Surprise + State,1.641547953530035,13.50373969369656,0.7017883503133847,-2.630338554247487,-1.0,True,-0.13033883698655505,-5.457773931763534,-0.8463816490926055,rv_20d,0.7697095435684648,54,-13.50373969369656,0.7017883503133847,-14.205528044009943
2020-07-14 12:30:00+00:00,CPI,Surprise + State,-1.1723852919766982,-98.69552203461751,0.6821763778786667,-10.406873651253571,-1.0,True,8.097933186006316,10.186678138308222,1.5663690467661628,rv_20d,0.5764462809917356,45,98.69552203461751,0.6821763778786667,98.01334565673885
2020-07-31 12:30:00+00:00,PCE,Surprise + State,0.29050201998543845,-17.638506903843165,0.6639042146471005,-1.4135749564186004,-1.0,True,-3.920531740127921,-18.3037408400753,-0.5356718931789375,rv_20d,0.5516528925619835,50,17.638506903843165,0.6639042146471005,16.974602689196065
2020-08-07 12:30:00+00:00,NFP,Surprise + State,0.2042193271067664,-18.47709255546448,0.6459660533701609,-0.03417136801442846,0.0,True,-0.1340341348610517,-5.371217836502422,-0.8223803821239308,rv_20d,0.506198347107438,55,-0.0,0.0,-0.0
2020-08-12 12:30:00+00:00,CPI,Surprise + State,-3.1643008322851895,-4.5657931575959765,0.6611193434401003,-36.232701290410304,-1.0,True,11.25302147750052,13.651489391366344,1.5524006817268339,rv_20d,0.5144628099173554,46,4.5657931575959765,0.6611193434401003,3.9046738141558763
2020-08-28 12:30:00+00:00,PCE,Surprise + State,1.3559572550269576,2.7170221604322364,0.6061366106512833,-4.542836029324536,-1.0,True,-4.000128760374264,-18.501585774347824,-0.548978520315251,rv_20d,0.46487603305785125,51,-2.7170221604322364,0.6061366106512833,-3.32315877108352
2020-09-04 12:30:00+00:00,NFP,Surprise + State,-0.08549110617815014,29.987599047522906,0.6217705452284471,0.12220101114001101,0.0,True,-0.12926443198516419,-5.35479679927133,-0.8230547368254904,rv_20d,0.742798353909465,56,0.0,0.0,0.0
2020-09-11 12:30:00+00:00,CPI,Surprise + State,-1.0987651213117418,-28.94809182830471,0.6446163421356806,-14.590650942075463,-1.0,True,9.214666427159024,12.372346145930745,1.7764360198413653,rv_20d,0.8285123966942148,47,28.94809182830471,0.6446163421356806,28.30347548616903
2020-10-01 12:30:00+00:00,PCE,Surprise + State,-0.3232204397783153,0.0,0.6272304531199308,3.1431510607676882,1.0,True,-3.6482534235311923,-18.266423601974083,-0.5468757801352114,rv_20d,0.8326446280991735,52,0.0,0.6272304531199308,-0.6272304531199308
2020-10-02 12:30:00+00:00,NFP,Surprise + State,-0.32757294004979853,-22.285729813589228,0.6384290243043326,0.6275255716671596,0.0,True,-0.1385963451131758,-5.409493316688364,-0.8567878868754291,rv_20d,0.8285123966942148,57,-0.0,0.0,-0.0
2020-10-13 12:30:00+00:00,CPI,Surprise + State,-0.1222113648828133,-41.26934580561681,0.5944937578155429,-1.4954582411246808,-1.0,True,9.611168449697985,13.376160220437649,1.934190874022103,rv_20d,0.6962809917355371,48,41.26934580561681,0.5944937578155429,40.67485204780127
2020-10-30 12:30:00+00:00,PCE,Surprise + State,-0.3214984227491263,34.975586185161944,0.6469604015616285,1.9716061617526544,1.0,True,-3.6585339805997252,-18.4219272749987,-0.5494568331816204,rv_20d,0.6342975206611571,53,34.975586185161944,0.6469604015616285,34.328625783600316
2020-11-06 13:30:00+00:00,NFP,Surprise + State,-0.041828857834390075,45.22961178341944,0.6064154573208983,0.05662971132030053,0.0,True,-0.13150139682210452,-5.329850388611311,-0.8208412871184528,rv_20d,0.7293388429752066,58,0.0,0.0,0.0
2020-11-12 13:30:00+00:00,CPI,Surprise + State,0.8491717707533857,9.235549122124098,0.6088471793579812,10.762522934781888,1.0,True,9.632683352636269,13.261852282589448,1.8884894756705424,rv_20d,0.7293388429752066,49,9.235549122124098,0.6088471793579812,8.626701942766116
2020-11-25 15:00:00+00:00,PCE,Surprise + State,-0.3198036664251847,-17.141858202620597,0.5979381443298969,2.3320125427511664,1.0,True,-3.772068299856499,-18.318852797138224,-0.5421524774954429,rv_20d,0.6921487603305785,54,-17.141858202620597,0.5979381443298969,-17.739796346950495
2020-12-04 13:30:00+00:00,NFP,Surprise + State,-0.3460798058020594,-10.612842534385436,0.5802088751950703,-0.12357346120106842,0.0,True,-0.14460146164216967,-5.395716271361055,-0.8631578836457272,rv_20d,0.40702479338842973,59,-0.0,0.0,-0.0
2020-12-10 13:30:00+00:00,CPI,Surprise + State,-1.1003323497938022,-47.00241630150259,0.5886651510230595,-6.63762895950136,-1.0,True,9.59572479691102,13.165314494996522,1.9316305857211558,rv_20d,0.22933884297520662,50,47.00241630150259,0.5886651510230595,46.413751150479534
2020-12-23 13:30:00+00:00,PCE,Surprise + State,1.364273206507212,8.059522958703269,0.5702038970487033,5.248558181655595,1.0,True,-3.7534167955056525,-18.301852652785097,-0.5434307866629938,rv_20d,0.08471074380165289,55,8.059522958703269,0.5702038970487033,7.489319061654566
2021-01-08 13:30:00+00:00,NFP,Surprise + State,-0.3166483412835174,7.504690783726176,0.5579390884429651,-0.510496560103915,0.0,True,-0.14006675907682972,-5.401854501644973,-0.8504283401262092,rv_20d,0.1756198347107438,60,0.0,0.0,0.0
2021-01-13 13:30:00+00:00,CPI,Surprise + State,-0.11993165974022327,9.523532589632566,0.5644329395278226,-0.7000294544221883,-1.0,True,10.314456875780282,12.106905679776036,1.69137664725085,rv_20d,0.13016528925619836,51,-9.523532589632566,0.5644329395278226,-10.087965529160389
2021-01-29 13:30:00+00:00,PCE,Surprise + State,-2.0053740825460937,40.063391817177774,0.5547054322876817,-0.11472790465502601,0.0,True,-3.788108447755139,-18.069264447965562,-0.5615022316575987,rv_20d,0.2871900826446281,56,0.0,0.0,0.0
2021-02-05 13:30:00+00:00,NFP,Surprise + State,-0.1649085855030971,-3.496085340088939,0.5338831716342348,-0.10674536231984609,0.0,True,-0.14275760410872967,-5.385746237862544,-0.858188203682237,rv_20d,0.35330578512396693,61,-0.0,0.0,-0.0
2021-02-10 13:30:00+00:00,CPI,Surprise + State,-0.11947685719106668,10.191640098113908,0.5284738041002277,-0.8746595439586232,-1.0,True,10.342237882063486,11.889453673012866,1.6716591331616026,rv_20d,0.24586776859504134,52,-10.191640098113908,0.5284738041002277,-10.720113902214136
2021-02-26 13:30:00+00:00,PCE,Surprise + State,-0.3066559924982575,53.00844294687579,0.5632270970498553,0.8451065519591416,1.0,True,-4.974016038449599,-14.706557997271528,-0.4546954206125587,rv_20d,0.34917355371900827,57,53.00844294687579,0.5632270970498553,52.445215849825935
2021-03-05 13:30:00+00:00,NFP,Surprise + State,0.10051546581221242,41.48593526334565,0.579895618788618,-0.01084359461754754,0.0,True,-0.14127250337486139,-5.3873460826479285,-0.8559162778486064,rv_20d,0.493801652892562,62,0.0,0.0,0.0
2021-03-10 13:30:00+00:00,CPI,Surprise + State,-0.11902719013235194,49.21853779137564,0.5688505296194586,-1.514571394700953,-1.0,True,10.365089159878842,11.701164771375769,1.6548086616582667,rv_20d,0.7016460905349794,53,-49.21853779137564,0.5688505296194586,-49.7873883209951
2021-03-26 12:30:00+00:00,PCE,Surprise + State,1.354526371517124,34.980874817662766,0.5710459987397606,-12.97109676629363,-1.0,True,-5.175053203044328,-13.61837181790893,-0.4196052232784033,rv_20d,0.823170731707317,58,-34.980874817662766,0.5710459987397606,-35.55192081640253
2021-04-13 12:30:00+00:00,CPI,Surprise + State,-1.1007080946219612,44.3923854534134,0.5247064357958349,-7.9025763698498315,-1.0,True,10.318045650975561,11.787369593150519,1.71598600023083,rv_20d,0.23373983739837398,54,-44.3923854534134,0.5247064357958349,-44.91709188920923
2021-04-30 12:30:00+00:00,PCE,Surprise + State,-0.31634349588250377,-0.9021606754089362,0.5230219849586091,0.1510545070181305,0.0,True,-3.195048812188277,-6.336650507286793,-0.2139049667314161,rv_20d,0.07113821138211382,59,-0.0,0.0,-0.0
2021-05-07 12:30:00+00:00,NFP,Surprise + State,-0.9371711013313,44.769675126730135,0.5314177860035549,-2.0561649487311136,-1.0,True,-0.1506542814722476,-5.415849630595948,-0.8585457763535032,rv_20d,0.06707317073170732,63,-44.769675126730135,0.5314177860035549,-45.301092912733694
2021-05-12 12:30:00+00:00,CPI,Surprise + State,-5.998741616835394,22.826282951413646,0.5464686816914147,-31.817020124390226,-1.0,True,9.544588708429105,12.95897325172448,1.883406358844599,rv_20d,0.17276422764227642,55,-22.826282951413646,0.5464686816914147,-23.37275163310506
2021-05-28 12:30:00+00:00,PCE,Surprise + State,-0.3147710660260314,-8.581262337230555,0.5293323111743876,0.715107110690257,1.0,True,-3.140784559208335,-6.707224373205825,-0.22622571049578313,rv_20d,0.37044534412955465,60,-8.581262337230555,0.5293323111743876,-9.110594648404943
2021-06-04 12:30:00+00:00,NFP,Surprise + State,-0.22898401033391952,-0.9191936839414439,0.5349566500645637,-0.17684918696434623,0.0,True,-0.18228612883209946,-5.05018027585361,-1.0560764264742424,rv_20d,0.31097560975609756,64,-0.0,0.0,-0.0
2021-06-10 12:30:00+00:00,CPI,Surprise + State,-1.2857519574681133,64.38471572781879,0.5258672275917095,-1.8231480003566878,-1.0,True,7.150159783271388,20.289504217187503,1.8763052537677045,rv_20d,0.21747967479674796,56,-64.38471572781879,0.5258672275917095,-64.91058295541049
2021-06-25 12:30:00+00:00,PCE,Surprise + State,1.353890520300208,3.8266194024316746,0.5051296789813798,0.39563932725481155,0.0,True,-3.1017491188695643,-6.871748078810978,-0.23214955863559666,rv_20d,0.006097560975609756,61,0.0,0.0,0.0
2021-07-02 12:30:00+00:00,NFP,Surprise + State,0.052207519745368525,18.48081430871673,0.49660935680526064,0.1176143457211586,0.0,True,-0.18103385548831388,-5.052565366848892,-1.0530339750960054,rv_20d,0.018292682926829267,65,0.0,0.0,0.0
2021-07-13 12:30:00+00:00,CPI,Surprise + State,-3.5455463257141377,-34.90287234182432,0.4862100762846843,12.302734839248412,1.0,True,6.610522619887734,20.579145166905114,2.0983620351103367,rv_20d,0.01016260162601626,57,-34.90287234182432,0.4862100762846843,-35.389082418109005
2021-07-30 12:30:00+00:00,PCE,Surprise + State,1.3368933041672204,1.3448090391676715,0.4878048780487804,-0.6147062873497204,-1.0,True,-3.170572346169011,-6.261497576079392,-0.22411168163793269,rv_20d,0.06707317073170732,62,-1.3448090391676715,0.4878048780487804,-1.832613917216452
2021-08-06 12:30:00+00:00,NFP,Surprise + State,-0.013168586432633885,-17.193497159802007,0.4787769724785788,-0.026681062595561248,0.0,True,-0.18294754895482193,-5.055155715184244,-1.0319413187256052,rv_20d,0.06300813008130081,66,-0.0,0.0,-0.0
2021-08-11 12:30:00+00:00,CPI,Surprise + State,-0.023558568354873046,13.76029130305767,0.48289068354008824,-0.03165248540282161,0.0,True,7.147388176489151,14.206371328997944,1.3104199961465146,rv_20d,0.09146341463414634,58,0.0,0.0,0.0
2021-08-27 12:30:00+00:00,PCE,Surprise + State,-0.3347998796911022,7.342323930501493,0.47341528315131326,0.2632399256225357,0.0,True,-3.2372921390827076,-5.825640383335408,-0.21443605240367145,rv_20d,0.07926829268292683,63,0.0,0.0,0.0
2021-09-03 12:30:00+00:00,NFP,Surprise + State,-0.6679411690796805,-24.956818482380072,0.46400742411878587,-1.1104891478505081,-1.0,True,-0.17905819878178156,-5.061865106161477,-1.0542629503065242,rv_20d,0.13617886178861788,67,24.956818482380072,0.46400742411878587,24.492811058261285
2021-09-14 12:30:00+00:00,CPI,Surprise + State,0.8192117877682124,14.536999216510083,0.47038214494258096,2.2697873133047195,1.0,True,7.175513635887597,13.981741823899727,1.293381167057796,rv_20d,0.18495934959349594,59,14.536999216510083,0.47038214494258096,14.066617071567501
2021-10-01 12:30:00+00:00,PCE,Surprise + State,-1.9950474862945664,-19.025299186878897,0.49203413698909043,4.872015630889867,1.0,True,-3.236309782465553,-5.832438318491274,-0.21479843361452827,rv_20d,0.3638211382113821,64,-19.025299186878897,0.49203413698909043,-19.517333323867987
2021-10-08 12:30:00+00:00,NFP,Surprise + State,-0.44428519767740043,36.14219850184952,0.4861856223175966,0.0969028619486805,0.0,True,-0.1653434741483904,-5.19218572010874,-0.9877185087277901,rv_20d,0.5101626016260162,68,0.0,0.0,0.0
2021-10-13 12:30:00+00:00,CPI,Surprise + State,-0.8730123949613188,-35.524619861142526,0.49273638603347203,-6.537236669334194,-1.0,True,7.2367664454507254,13.741606168201177,1.2930084588109787,rv_20d,0.5182926829268293,60,35.524619861142526,0.49273638603347203,35.031883475109055
2021-10-29 12:30:00+00:00,PCE,Surprise + State,-0.3118249463231859,-10.554090689431916,0.4632735870155596,0.5254392779371589,1.0,True,-2.599643268883733,-6.716149477059667,-0.24629444934160394,rv_20d,0.3638211382113821,65,-10.554090689431916,0.4632735870155596,-11.017364276447475
2021-11-05 12:30:00+00:00,NFP,Surprise + State,0.0039393692891312405,19.554231012683942,0.44318789638572625,0.0046060945180093574,0.0,True,-0.17668510710057486,-5.21416099348344,-1.0565272930671592,rv_20d,0.241869918699187,69,0.0,0.0,0.0
2021-11-10 13:30:00+00:00,CPI,Surprise + State,-2.556455404982467,-9.465069173195673,0.448972008917513,-6.29996391369314,-1.0,True,7.601405612150203,14.609470953554045,1.3580607778463563,rv_20d,0.1483739837398374,61,9.465069173195673,0.448972008917513,9.01609716427816
2021-11-24 15:00:00+00:00,PCE,Surprise + State,1.3369344843085225,26.652098259383195,0.44804943993820007,-1.8363538883699928,-1.0,True,-2.5654045527416516,-6.8987019976748165,-0.2534922331131327,rv_20d,0.32723577235772355,66,-26.652098259383195,0.44804943993820007,-27.100147699321393
2021-12-03 13:30:00+00:00,NFP,Surprise + State,-0.4833671251658682,-6.85240873398385,0.4523122514232239,0.009837379162590672,0.0,True,-0.17949939097259196,-5.220041791088321,-1.0478210495409326,rv_20d,0.4695121951219512,70,-0.0,0.0,-0.0
2021-12-10 13:30:00+00:00,CPI,Surprise + State,-0.8337716263587658,28.908420482807173,0.44775888955795384,-8.986114103941496,-1.0,True,7.723918041877269,14.309001642756687,1.3914166345409953,rv_20d,0.7134146341463414,62,-28.908420482807173,0.44775888955795384,-29.356179372365126
2021-12-23 13:30:00+00:00,PCE,Surprise + State,-0.320719690291463,-2.3155116226547534,0.4475584912648929,1.619189392614467,1.0,True,-2.0767169395453373,-7.202820428758544,-0.2636139820938104,rv_20d,0.9126016260162602,67,-2.3155116226547534,0.4475584912648929,-2.763070113919646
2022-01-07 13:30:00+00:00,NFP,Surprise + State,-0.3780124387835242,-77.9932314505416,0.46011296566605314,0.7784883547632544,1.0,True,-0.17620962493982165,-5.21829576271035,-1.0293751463491059,rv_20d,0.8608870967741935,71,-77.9932314505416,0.46011296566605314,-78.45334441620766
2022-01-12 13:30:00+00:00,CPI,Surprise + State,-0.828879460574073,63.443420139321915,0.45643414756988165,-9.745552300806594,-1.0,True,7.214949972399754,13.023734313764669,1.2902981436870085,rv_20d,0.8487903225806451,63,-63.443420139321915,0.45643414756988165,-63.899854286891795
2022-01-28 13:30:00+00:00,PCE,Surprise + State,-0.31922917712759896,58.51370827326008,0.5222966645054391,1.2599978623587673,1.0,True,-2.086507632954918,-7.382437444352473,-0.26902006717578447,rv_20d,0.7520161290322581,68,58.51370827326008,0.5222966645054391,57.99141160875464
2022-02-04 13:30:00+00:00,NFP,Surprise + State,0.3137581071235987,-67.5684084482242,0.4964138379636762,-0.7434414423934921,-1.0,True,-0.15425002501055113,-4.927133275932635,-0.868428443467873,rv_20d,0.9495967741935484,72,67.5684084482242,0.4964138379636762,67.07199461026053
2022-02-10 13:30:00+00:00,CPI,Surprise + State,-1.6544445730650783,-77.72321350952183,0.4824247666894016,-18.030321422795648,-1.0,True,6.080045581378516,10.169194443089488,0.9929882929850524,rv_20d,0.9737903225806451,64,77.72321350952183,0.4824247666894016,77.24078874283242
2022-02-25 13:30:00+00:00,PCE,Surprise + State,-0.3177592719112605,-3.738816975058512,0.5160509644814577,1.9718675877490044,1.0,True,-2.2015468360461807,-8.040405527480534,-0.2892535487483097,rv_20d,0.9979838709677419,69,-3.738816975058512,0.5160509644814577,-4.25486793953997
2022-03-04 13:30:00+00:00,NFP,Surprise + State,0.21157723178032842,-30.501503866240398,0.5205995871106723,-0.4846637597384356,0.0,True,-0.13493580790712023,-4.973339235587452,-0.8043662514644644,rv_20d,0.9334677419354839,73,-0.0,0.0,-0.0
2022-03-10 13:30:00+00:00,CPI,Surprise + State,0.01752763028449497,-43.540897539280365,0.535282499953855,0.2838717773880616,0.0,True,8.186389146326741,16.348168894856116,1.414125924752044,rv_20d,0.9899193548387096,65,-0.0,0.0,-0.0
2022-03-31 12:30:00+00:00,PCE,Surprise + State,-0.3163095037297847,-6.286603125360557,0.47956078846408257,1.788495277221,1.0,True,-2.20530260859062,-8.185078751373483,-0.2931803931937404,rv_20d,0.9213709677419355,70,-6.286603125360557,0.47956078846408257,-6.76616391382464
2022-04-01 12:30:00+00:00,NFP,Surprise + State,-0.1576196468748535,-30.830607018543787,0.48496605237633367,0.3566835536082798,0.0,True,-0.1280133579342699,-4.971468673592604,-0.7809536340438625,rv_20d,0.9294354838709677,74,-0.0,0.0,-0.0
2022-04-12 12:30:00+00:00,CPI,Surprise + State,0.01746830212922925,70.01770244134065,0.5162530708156798,0.22497698763975083,0.0,True,7.985980599346471,15.041983544417146,1.2981080543054468,rv_20d,0.8253012048192772,66,0.0,0.0,0.0
2022-04-29 12:30:00+00:00,PCE,Surprise + State,-0.314879416609685,-21.433817219183027,0.543967587034814,1.597159793608734,1.0,True,-2.2067494684719104,-8.215654484215777,-0.2936497048295508,rv_20d,0.8487903225806451,71,-21.433817219183027,0.543967587034814,-21.97778480621784
2022-05-06 12:30:00+00:00,NFP,Surprise + State,-0.03130413075081324,-115.64661715819824,0.5664173128381413,0.0802921605178464,0.0,True,-0.12183222018411097,-4.905930029440711,-0.7499400001848894,rv_20d,0.9979838709677419,75,-0.0,0.0,-0.0
2022-05-11 12:30:00+00:00,CPI,Surprise + State,-0.8137570479692707,-133.76894566938802,0.5818619582664527,-13.32029467825108,-1.0,True,8.269217088112063,16.26491806231602,1.3831587086471706,rv_20d,0.9979838709677419,67,133.76894566938802,0.5818619582664527,133.18708371112157
2022-05-27 12:30:00+00:00,PCE,Surprise + State,-0.3134685689124132,70.71450823115555,0.5885934645829104,1.8758725611389933,1.0,True,-2.1896236969051803,-8.009072004374978,-0.2867814828226798,rv_20d,0.9737903225806451,72,70.71450823115555,0.5885934645829104,70.12591476657263
2022-06-03 12:30:00+00:00,NFP,Surprise + State,-0.00230345274077212,-59.007630463554506,0.5681929504888418,0.005060429518800348,0.0,True,-0.09539503665216804,-4.716474682083437,-0.6374833754477791,rv_20d,0.9455645161290323,76,-0.0,0.0,-0.0
2022-06-10 12:30:00+00:00,CPI,Surprise + State,-2.473490408348257,-70.38200785096649,0.5893230913044362,-44.11233579215386,-1.0,True,9.969081252367761,20.42419542160381,1.635171959263204,rv_20d,0.8850806451612904,68,70.38200785096649,0.5893230913044362,69.79268475966205
2022-06-30 12:30:00+00:00,PCE,Surprise + State,1.3674428037700574,-45.06171103429324,0.6300102105103083,-7.871873250069227,-1.0,True,-2.2333267459913237,-9.669532083533642,-0.33894834686609715,rv_20d,0.8643724696356275,73,45.06171103429324,0.6300102105103083,44.43170082378293
2022-07-08 12:30:00+00:00,NFP,Surprise + State,0.038531795866142235,-30.756466473071953,0.5991611743559017,-0.06637534180608269,0.0,True,-0.08434062778923121,-4.651184820187349,-0.6014419762350987,rv_20d,0.8522267206477733,77,-0.0,0.0,-0.0
2022-07-13 12:30:00+00:00,CPI,Surprise + State,-1.6387895948837974,-41.650092040583786,0.6081449482028268,-29.770288631504187,-1.0,True,10.87456743720187,23.08960765650281,2.0523180878176306,rv_20d,0.8157894736842105,69,41.650092040583786,0.6081449482028268,41.04194709238096
2022-07-29 12:30:00+00:00,PCE,Surprise + State,-1.9957008241117162,6.624581334904178,0.5641364821227094,7.63862218915752,1.0,True,-3.139225168588767,-13.077957584718511,-0.5453908938016719,rv_20d,0.5526315789473685,74,6.624581334904178,0.5641364821227094,6.060444852781469
2022-08-05 12:30:00+00:00,NFP,Surprise + State,0.24144452119551107,-55.79079693145417,0.5431423594853257,-0.0736616316641645,0.0,True,-0.0800519982312284,-4.631974462093144,-0.5908897758370221,rv_20d,0.548582995951417,78,-0.0,0.0,-0.0
2022-08-10 12:30:00+00:00,CPI,Surprise + State,1.6768964978331644,48.702158109605875,0.5537838715221418,17.794254096442703,1.0,True,11.090475701308252,23.665320376477304,2.1708152407835253,rv_20d,0.4797570850202429,70,48.702158109605875,0.5537838715221418,48.14837423808373
2022-08-26 12:30:00+00:00,PCE,Surprise + State,1.3517023197616702,3.610760104244548,0.5533823108482014,-1.4933696994584256,-1.0,True,-3.1760975557310567,-13.118175793621738,-0.5551142259598884,rv_20d,0.34210526315789475,75,-3.610760104244548,0.5533823108482014,-4.1641424150927495
2022-09-02 12:30:00+00:00,NFP,Surprise + State,-0.06967087212902896,-10.306258427235093,0.5899104963384866,-0.028631242135917355,0.0,True,-0.0726676893014681,-4.594367671272106,-0.5929483514041826,rv_20d,0.39473684210526316,79,-0.0,0.0,-0.0
2022-09-13 12:30:00+00:00,CPI,Surprise + State,-1.579948474762284,-145.1945691576384,0.5649277282113219,-13.980569341805484,-1.0,True,11.673575537021021,24.059719466710597,2.1824313299094147,rv_20d,0.3825910931174089,71,145.1945691576384,0.5649277282113219,144.62964142942707
2022-09-30 12:30:00+00:00,PCE,Surprise + State,-3.6097507213276065,36.990037051545244,0.6419764018329532,13.915297008658184,1.0,True,-3.1088957968536204,-13.161982595760412,-0.5561278054954998,rv_20d,0.5566801619433198,76,36.990037051545244,0.6419764018329532,36.34806064971229
2022-10-07 12:30:00+00:00,NFP,Surprise + State,-0.08079578102720068,-49.42512285587952,0.6280454791553871,0.06277467218201851,0.0,True,-0.0706840836013278,-4.590759841077599,-0.5917964827094693,rv_20d,0.6538461538461539,80,-0.0,0.0,-0.0
2022-10-13 12:30:00+00:00,CPI,Surprise + State,-1.5620361853588192,-9.954494564929917,0.6631603018522754,-18.749981304233465,-1.0,True,13.135506643778339,25.41754529509349,2.1975164175943704,rv_20d,0.45546558704453444,72,9.954494564929917,0.6631603018522754,9.29133426307764
2022-10-28 12:30:00+00:00,PCE,Surprise + State,-0.27118989507824,-28.43232452125477,0.6526974409758952,1.7443523802667338,1.0,True,-4.1415195568983245,-14.507753436963057,-0.6515010826450622,rv_20d,0.6578947368421053,77,-28.43232452125477,0.6526974409758952,-29.085021962230666
2022-11-04 12:30:00+00:00,NFP,Surprise + State,-0.00859864988766689,144.74713980558107,0.6717783594709166,0.010344473731510151,0.0,True,-0.06192967654934816,-4.546014962564943,-0.5739001880100207,rv_20d,0.7510121457489879,81,0.0,0.0,0.0
2022-11-10 13:30:00+00:00,CPI,Surprise + State,1.6607633563681254,125.51069360650757,0.666421546097987,28.505686640310085,1.0,True,13.064174233256077,25.31770461608593,2.198220025186251,rv_20d,0.6619433198380567,73,125.51069360650757,0.666421546097987,124.84427206040958
2022-12-01 13:30:00+00:00,PCE,Surprise + State,1.3116164878816416,-5.793862806164896,0.6007374570161992,-12.421627050298751,-1.0,True,-4.12407850020477,-14.51163914159451,-0.6543814530345012,rv_20d,0.868421052631579,78,5.793862806164896,0.6007374570161992,5.193125349148696
2022-12-02 13:30:00+00:00,NFP,Surprise + State,-0.014585134531113096,20.317897315393907,0.6025598404255319,0.026096574357744852,0.0,True,-0.09306447823877202,-4.707414569557142,-0.6507273483718921,rv_20d,0.8603238866396761,82,0.0,0.0,0.0
2022-12-13 13:30:00+00:00,CPI,Surprise + State,1.640803512240514,-30.368964941764887,0.6041666666666666,8.160461748828086,1.0,True,15.255085063736846,30.232889625958038,2.329993987931691,rv_20d,0.15991902834008098,74,-30.368964941764887,0.6041666666666666,-30.973131608431554
2022-12-23 13:30:00+00:00,PCE,Surprise + State,-0.2794555225126812,-24.8565229438924,0.6568516421291053,0.48685683402376556,0.0,True,-3.8277888348824716,-13.208969002132132,-0.6620283725390211,rv_20d,0.34210526315789475,79,-0.0,0.0,-0.0
2023-01-06 13:30:00+00:00,NFP,Surprise + State,-0.06884081561522244,80.27750169436132,0.6733850369200761,-0.13588249206323605,0.0,True,-0.09918125509131477,-4.743901714565954,-0.6720189452434068,rv_20d,0.06300813008130081,83,0.0,0.0,0.0
2023-01-12 13:30:00+00:00,CPI,Surprise + State,0.03632795161555792,159.54592712823512,0.6363556569823575,0.10859637501407181,0.0,True,14.72028304984322,32.60806221716021,2.625574863798363,rv_20d,0.1402439024390244,75,0.0,0.0,0.0
2023-01-27 13:30:00+00:00,PCE,Surprise + State,-1.8612980836883501,2.9067353414546915,0.6006130395161958,-5.445908802067049,-1.0,True,-3.767454204596598,-13.664371563392828,-0.6862490087527886,rv_20d,0.01016260162601626,80,-2.9067353414546915,0.6006130395161958,-3.507348380970887
2023-02-03 13:30:00+00:00,NFP,Surprise + State,0.30665937768946433,-38.647199609762595,0.5689509721214023,0.5788731314622902,1.0,True,-0.1125265552464312,-4.708607606667513,-0.6491797041830215,rv_20d,0.07520325203252033,84,-38.647199609762595,0.5689509721214023,-39.216150581883994
2023-02-14 13:30:00+00:00,CPI,Surprise + State,0.036212663530961496,28.599161518734206,0.5762887007670602,0.33811733719541204,0.0,True,15.117112478347355,29.31772623779893,2.2401933028154066,rv_20d,0.30284552845528456,76,0.0,0.0,0.0
2023-02-24 13:30:00+00:00,PCE,Surprise + State,-1.830009657188023,-38.88668510082738,0.5995203836930456,2.145747074169403,1.0,True,-3.801922655148208,-13.33669704466047,-0.7180488118175182,rv_20d,0.30284552845528456,81,-38.88668510082738,0.5995203836930456,-39.486205484520426
2023-03-10 13:30:00+00:00,NFP,Surprise + State,0.011791312539496484,2.278730135714113,0.6030861373372707,0.02534020259157624,0.0,True,-0.11353023996995124,-4.581040803964578,-0.7001886277884883,rv_20d,0.006097560975609756,85,0.0,0.0,0.0
2023-03-14 12:30:00+00:00,CPI,Surprise + State,0.03609846609086587,0.6221807436901372,0.6021594684385382,0.03779629595460638,0.0,True,15.175655491390168,29.08486242602203,2.2220551022375403,rv_20d,0.014227642276422764,77,0.0,0.0,0.0
2023-03-31 12:30:00+00:00,PCE,Surprise + State,-0.24561985495403924,-8.967840401048477,0.554270751705816,-0.9778866743993005,-1.0,True,-3.171425554554235,-15.103612298939305,-0.8092314854365448,rv_20d,0.026422764227642278,82,8.967840401048477,0.554270751705816,8.41356964934266
2023-04-12 12:30:00+00:00,CPI,Surprise + State,0.8362188016428281,-5.122416374732097,0.5554385091264292,0.42922986602521457,0.0,True,15.151872574286552,29.397136437914654,2.267923392423217,rv_20d,0.0020408163265306124,78,-0.0,0.0,-0.0
2023-04-28 12:30:00+00:00,PCE,Surprise + State,-0.2446458487409858,24.63428821002367,0.5495963309707008,-0.9767788175240198,-1.0,True,-3.154641164080087,-15.355695723305809,-0.8218856619793775,rv_20d,0.034552845528455285,83,-24.63428821002367,0.5495963309707008,-25.18388454099437
2023-05-05 12:30:00+00:00,NFP,Surprise + State,-0.009663468391275397,11.063003016644757,0.5519078884765439,-0.019695607168670675,0.0,True,-0.11256002645392449,-4.580735041760731,-0.7046613402452732,rv_20d,0.03048780487804878,86,0.0,0.0,0.0
2023-05-10 12:30:00+00:00,CPI,Surprise + State,0.030788529266230838,43.2427034999705,0.5467468562055768,0.05689690610374351,0.0,True,15.071179436793141,30.259576803069443,2.4217387700663195,rv_20d,0.06300813008130081,79,0.0,0.0,0.0
2023-05-26 12:30:00+00:00,PCE,Surprise + State,-1.809426281392467,9.453566749684228,0.5168971909311278,-7.040863304851868,-1.0,True,-3.182638529991269,-14.93706015866393,-0.8005815191850283,rv_20d,0.026422764227642278,84,-9.453566749684228,0.5168971909311278,-9.970463940615355
2023-06-02 12:30:00+00:00,NFP,Surprise + State,0.0835127359455142,-19.619998032780472,0.49866735448370736,0.14685152648917402,0.0,True,-0.11285761964888248,-4.580471848775847,-0.7038733935583438,rv_20d,0.09146341463414634,87,-0.0,0.0,-0.0
2023-06-13 12:30:00+00:00,CPI,Surprise + State,0.111044762907337,19.612944120730447,0.48788694481830414,0.5505995568599692,1.0,True,15.129303443717607,29.610093145838288,2.366712867937663,rv_20d,0.1565040650406504,80,19.612944120730447,0.48788694481830414,19.125057175912143
2023-06-30 12:30:00+00:00,PCE,Surprise + State,-0.22837106669327886,17.40873175297253,0.4774998765086526,-0.5883584933377753,-1.0,True,-3.2963806074968676,-13.824746561171503,-0.7709055886801307,rv_20d,0.07520325203252033,85,-17.40873175297253,0.4774998765086526,-17.88623162948118
2023-07-07 12:30:00+00:00,NFP,Surprise + State,-0.1195977821158257,-32.310735747174135,0.4761592013660843,-0.2027743152671538,0.0,True,-0.11037529525141329,-4.5611527625185175,-0.7192546030740561,rv_20d,0.10408163265306122,88,-0.0,0.0,-0.0
2023-07-12 12:30:00+00:00,CPI,Surprise + State,0.7957918434964811,13.31947438810488,0.473469387755102,0.6663486912172325,1.0,True,15.150673409524806,29.468626704975616,2.360008717600962,rv_20d,0.014285714285714285,81,13.31947438810488,0.473469387755102,12.846005000349777
2023-07-28 12:30:00+00:00,PCE,Surprise + State,-0.22749221991958832,3.1765696492058737,0.4606464935271225,-0.7969672070140676,-1.0,True,-3.3041271643523635,-13.6705974130069,-0.7627575245565692,rv_20d,0.0020408163265306124,86,-3.1765696492058737,0.4606464935271225,-3.637216142732996
2023-08-04 12:30:00+00:00,NFP,Surprise + State,-0.1093620433557646,20.64749979417968,0.46870201865110794,-0.1630733844290749,0.0,True,-0.10290412101345896,-4.594578444197792,-0.7237066068725222,rv_20d,0.15306122448979592,89,0.0,0.0,0.0
2023-08-10 12:30:00+00:00,CPI,Surprise + State,0.025247022731454967,-12.714145382517472,0.47421264349020503,0.15786771095189361,0.0,True,15.151405263684888,29.461188415327868,2.416108382157892,rv_20d,0.19795918367346937,82,-0.0,0.0,-0.0
2023-08-31 12:30:00+00:00,PCE,Surprise + State,-0.22662344597528022,-8.378988566271062,0.46687595588827174,0.29242613780594945,0.0,True,-3.3029235008582227,-13.696603463141004,-0.763781853354117,rv_20d,0.35306122448979593,87,-0.0,0.0,-0.0
2023-09-01 12:30:00+00:00,NFP,Surprise + State,-0.07191857716894035,16.480399259606315,0.46544474047443263,-0.040832975596258085,0.0,True,-0.10590950820169467,-4.5847410854866615,-0.7227653644974981,rv_20d,0.35306122448979593,90,0.0,0.0,0.0
2023-09-13 12:30:00+00:00,CPI,Surprise + State,0.025170356873976597,47.16603624444815,0.4738329820433639,0.28261933602619965,0.0,True,15.108132559938786,29.70526675791333,2.4424621631899126,rv_20d,0.3693877551020408,83,0.0,0.0,0.0
2023-09-29 12:30:00+00:00,PCE,Surprise + State,1.3433872606317534,4.3336223093248805,0.4846256684491978,4.760352987347277,1.0,True,-3.29912234773757,-13.74142179920299,-0.7667556597601107,rv_20d,0.0020408163265306124,88,4.3336223093248805,0.4846256684491978,3.848996640875683
2023-10-06 12:30:00+00:00,NFP,Surprise + State,0.1131620651823218,-29.579784929545383,0.48716570353447114,0.189010092396905,0.0,True,-0.10863900807557642,-4.587687403391177,-0.7251240551997804,rv_20d,0.11224489795918367,91,-0.0,0.0,-0.0
2023-10-12 12:30:00+00:00,CPI,Surprise + State,-0.7867827476260195,-15.095077489526432,0.46944556859571024,-4.462336335154592,-1.0,True,15.207599076529025,29.573591932573674,2.4271991332735094,rv_20d,0.17755102040816326,84,15.095077489526432,0.46944556859571024,14.625631920930722
2023-10-27 12:30:00+00:00,PCE,Surprise + State,-1.799426751444557,15.032077082040018,0.5070373284378005,7.290973614292817,1.0,True,-3.3448844798359874,-13.323228332062985,-0.7695319589690345,rv_20d,0.5530612244897959,89,15.032077082040018,0.5070373284378005,14.525039753602218
2023-11-03 12:30:00+00:00,NFP,Surprise + State,-0.13108733580921772,5.651126220378444,0.48453659922139974,0.07729657880565469,0.0,True,-0.10637936150033885,-4.5539633428798565,-0.7468308539375955,rv_20d,0.6061224489795919,92,0.0,0.0,0.0
2023-11-14 13:30:00+00:00,CPI,Surprise + State,0.8426941285268533,48.15545747067773,0.46496713163379827,16.421562858242243,1.0,True,15.265545038377835,29.550038331232418,2.426042398594468,rv_20d,0.6428571428571429,85,48.15545747067773,0.46496713163379827,47.69049033904393
2023-11-30 13:30:00+00:00,PCE,Surprise + State,1.3321946861111806,-17.27425243775116,0.450821583471948,3.8746398947382676,1.0,True,-3.521685388014491,-13.580918346476832,-0.7921777064163643,rv_20d,0.026530612244897958,90,-17.27425243775116,0.450821583471948,-17.725074021223108
2023-12-08 13:30:00+00:00,NFP,Surprise + State,-0.07577269969724261,22.41749188918618,0.4539264639128461,-0.15408121642871717,0.0,True,-0.1082970460338881,-4.562886710542604,-0.7534251760642903,rv_20d,0.030612244897959183,93,0.0,0.0,0.0
2023-12-12 13:30:00+00:00,CPI,Surprise + State,-0.7887014604517996,-43.008176394288,0.4442197815664109,-0.7010403478591332,-1.0,True,15.607057714434946,30.302184379174825,2.4880276888831183,rv_20d,0.014285714285714285,86,43.008176394288,0.4442197815664109,42.56395661272159
2023-12-22 13:30:00+00:00,PCE,Surprise + State,1.319160634839701,22.819463854801825,0.42741341193809873,2.770490093839039,1.0,True,-3.7088665340454297,-12.061180039026645,-0.7163017239444378,rv_20d,0.018367346938775512,91,22.819463854801825,0.42741341193809873,22.392050442863727
2024-01-05 13:30:00+00:00,NFP,Surprise + State,-0.041746958090400695,22.43402364765501,0.4418239712357359,-0.07370851413653821,0.0,True,-0.1106936517511024,-4.551410327915184,-0.7486050715028039,rv_20d,0.08775510204081632,94,0.0,0.0,0.0
2024-01-11 13:30:00+00:00,CPI,Surprise + State,-0.7849042105335153,-28.64443023430141,0.4258255877127292,-4.247490679910951,-1.0,True,15.701067420696615,30.0113068897198,2.4658834160277645,rv_20d,0.15714285714285714,87,28.64443023430141,0.4258255877127292,28.21860464658868
2024-01-26 13:30:00+00:00,PCE,Surprise + State,-0.23765961104637265,17.773737945034895,0.4126586601400194,-0.2304100146042367,0.0,True,-3.610135487572773,-12.89666305671301,-0.784585301834724,rv_20d,0.14489795918367346,92,0.0,0.0,0.0
2024-02-02 13:30:00+00:00,NFP,Surprise + State,0.1178356155064509,-17.559517699368143,0.411814825333712,0.1288452478136496,0.0,True,-0.11286979086424445,-4.546830309444996,-0.743893600015573,rv_20d,0.23469387755102042,95,-0.0,0.0,-0.0
2024-02-13 13:30:00+00:00,CPI,Surprise + State,-0.7811613847490155,-39.55645477144998,0.406344580204013,-6.21664394642416,-1.0,True,15.78593666151019,29.965527874192837,2.4589537631397316,rv_20d,0.23877551020408164,88,39.55645477144998,0.406344580204013,39.150110191245965
2024-02-29 13:30:00+00:00,PCE,Surprise + State,-0.23678595848151593,37.97604981336633,0.40578168945107534,1.5450983624561447,1.0,True,-3.6227168776226932,-12.69878171519405,-0.7730656886189426,rv_20d,0.7285714285714285,93,37.97604981336633,0.40578168945107534,37.570268123915255
2024-03-08 13:30:00+00:00,NFP,Surprise + State,0.0003740759023637736,14.31366244670329,0.3964998632759092,-0.00039419911892688545,0.0,True,-0.11126129888394415,-4.527855451133673,-0.752445711008347,rv_20d,0.7081632653061225,96,0.0,0.0,0.0
2024-03-12 12:30:00+00:00,CPI,Surprise + State,0.038897596673548446,37.70659896193962,0.40166204986149584,0.9760067331724902,1.0,True,15.908056379826062,29.99989465870274,2.4541717271138337,rv_20d,0.8061224489795918,89,37.70659896193962,0.40166204986149584,37.30493691207813
2024-04-05 12:30:00+00:00,NFP,Surprise + State,0.01805478474136971,19.031863419449735,0.3993445241603437,0.034083738490924956,0.0,True,-0.11497562990479332,-4.545824339920111,-0.7652802551354293,rv_20d,0.05942622950819672,97,0.0,0.0,0.0
2024-04-10 12:30:00+00:00,CPI,Surprise + State,-0.7799931857072275,-34.04481486544597,0.393866547148542,-1.5414038581211538,-1.0,True,16.04103387531933,30.49460323467775,2.4968230834109164,rv_20d,0.03877551020408163,90,34.04481486544597,0.393866547148542,33.65094831829743
2024-04-26 12:30:00+00:00,PCE,Surprise + State,-0.24439946298316922,-37.86363777319224,0.4090960388218034,1.500976127722564,1.0,True,-3.6286043034093587,-12.826172159927884,-0.7761029075780086,rv_20d,0.6959183673469388,94,-37.86363777319224,0.4090960388218034,-38.27273381201404
2024-05-03 12:30:00+00:00,NFP,Surprise + State,-0.17706829493247359,14.516019019055193,0.4085888187556357,0.3656727671553819,0.0,True,-0.11611462067613407,-4.547751562393811,-0.759668634002883,rv_20d,0.9285714285714286,98,0.0,0.0,0.0
2024-05-15 12:30:00+00:00,CPI,Surprise + State,0.8630942134153134,-7.425859884477859,0.3938451509513397,19.66969434686134,1.0,True,16.107533269336543,30.317427982096255,2.478647262199008,rv_20d,0.7204081632653061,91,-7.425859884477859,0.3938451509513397,-7.819705035429199
2024-05-31 12:30:00+00:00,PCE,Surprise + State,-0.24351667860145637,15.832766392911424,0.39036734913648047,-0.49931262433949797,-1.0,True,-3.6192353996679216,-12.743731524429862,-0.7748281156560013,rv_20d,0.05510204081632653,95,-15.832766392911424,0.39036734913648047,-16.223133742047903
2024-06-07 12:30:00+00:00,NFP,Surprise + State,0.022890670339214506,-13.687634571404317,0.37978993687629325,0.04756825746348878,0.0,True,-0.12080272219272281,-4.604462628022667,-0.7888009016764196,rv_20d,0.022448979591836733,99,-0.0,0.0,-0.0
2024-06-12 12:30:00+00:00,CPI,Surprise + State,0.8587529694109373,0.0,0.37605684942165046,1.905643917299556,1.0,True,15.699154889662205,29.226705040242116,2.41691404037255,rv_20d,0.03877551020408163,92,0.0,0.37605684942165046,-0.37605684942165046
2024-06-28 12:30:00+00:00,PCE,Surprise + State,-0.2426433957445556,-37.77293540768056,0.35982381041007505,-0.251465187745468,0.0,True,-3.630230933165189,-12.563890656551349,-0.7643513522900358,rv_20d,0.12857142857142856,96,-0.0,0.0,-0.0
2024-07-05 12:30:00+00:00,NFP,Surprise + State,-0.07399593365510283,-21.64039895038883,0.3545665729306761,-0.12180507472168521,0.0,True,-0.1190394448909608,-4.6006423781163335,-0.8007031718136217,rv_20d,0.11632653061224489,100,-0.0,0.0,-0.0
2024-07-11 12:30:00+00:00,CPI,Surprise + State,1.6754537637453566,-30.347949118798567,0.34704354798176223,6.620811088664839,1.0,True,15.657599730320909,29.566567694638202,2.50441925014436,rv_20d,0.10408163265306122,93,-30.347949118798567,0.34704354798176223,-30.69499266678033
2024-07-26 12:30:00+00:00,PCE,Surprise + State,-0.5783982211069412,-23.17709370849741,0.3774272476443334,5.82497516530367,1.0,True,-3.5949897179150447,-13.11232613378722,-0.7966340842900792,rv_20d,0.9938775510204082,97,-23.17709370849741,0.3774272476443334,-23.554520956141744
2024-08-02 12:30:00+00:00,NFP,Surprise + State,-0.1721608664320203,-9.008706784250364,0.38766943828035183,0.41531385052976616,1.0,True,-0.11522809057432393,-4.613091168349496,-0.8046063666411519,rv_20d,0.9979591836734694,101,-9.008706784250364,0.38766943828035183,-9.396376222530716
2024-08-14 12:30:00+00:00,CPI,Surprise + State,0.023803419256880783,-2.3520188269898767,0.3794768453697282,0.7371831454108885,1.0,True,15.289992781674849,31.487800970916926,2.757392107144874,rv_20d,0.9979591836734694,94,-2.3520188269898767,0.3794768453697282,-2.731495672359605
2024-08-30 12:30:00+00:00,PCE,Surprise + State,-0.238436036952374,-19.44207005273313,0.3708297635640576,2.0609444974666395,1.0,True,-3.4997673542577417,-12.477601314541902,-0.7604136164125662,rv_20d,0.9122448979591836,98,-19.44207005273313,0.3708297635640576,-19.812899816297186
2024-09-06 12:30:00+00:00,NFP,Surprise + State,-0.12297466673639144,61.051301724752705,0.3861980796633418,0.23653212989438321,0.0,True,-0.11532699342541787,-4.614408103074565,-0.8065222566712681,rv_20d,0.8918367346938776,102,0.0,0.0,0.0
2024-09-11 12:30:00+00:00,CPI,Surprise + State,-0.09913290389855092,55.82819461057653,0.3845286871660235,-2.7826836186876944,-1.0,True,15.265298697190005,31.372086775305725,2.75420233085029,rv_20d,0.9081632653061225,95,-55.82819461057653,0.3845286871660235,-56.212723297742556
2024-09-27 12:30:00+00:00,PCE,Surprise + State,-0.2375999467930136,0.49076743767528797,0.35606851249309346,1.8176466117645844,1.0,True,-3.502587846029516,-12.391746525870099,-0.7565962662634914,rv_20d,0.8346938775510204,99,0.49076743767528797,0.35606851249309346,0.1346989251821945
2024-10-04 12:30:00+00:00,NFP,Surprise + State,0.040543022944561934,62.43207277027096,0.3611322117480044,-0.0286986714607156,0.0,True,-0.12824944519316442,-4.733463483938828,-0.8826089267942044,rv_20d,0.6224489795918368,103,0.0,0.0,0.0
2024-10-10 12:30:00+00:00,CPI,Surprise + State,-0.7970756838786801,-18.522726295806535,0.3546532958297664,-11.316283545843108,-1.0,True,15.369160990069316,31.901994316838717,2.802838131223785,rv_20d,0.463265306122449,96,18.522726295806535,0.3546532958297664,18.16807299997677
2024-10-31 12:30:00+00:00,PCE,Surprise + State,-0.2367725943128565,-8.949643531117601,0.35521367940128123,-0.071131069884044,0.0,True,-3.5018411548085058,-12.420717662875866,-0.7574871406480944,rv_20d,0.19387755102040816,100,-0.0,0.0,-0.0
2024-11-01 12:30:00+00:00,NFP,Surprise + State,-0.20694615809024963,9.948517248012934,0.36068305908983495,0.08101101878888074,0.0,True,-0.13825256852377005,-4.771974892753659,-0.909996684361277,rv_20d,0.5530612244897959,104,0.0,0.0,0.0
2024-11-13 13:30:00+00:00,CPI,Surprise + State,0.028872763033326438,-14.983927529890195,0.342850387184489,0.5509080179117832,1.0,True,15.425388085705109,31.982611962880267,2.8092639153104417,rv_20d,0.6142857142857143,97,-14.983927529890195,0.342850387184489,-15.326777917074685
2024-11-27 15:00:00+00:00,PCE,Surprise + State,-0.23595382831701026,-34.35686431782159,0.3475467989741377,1.5191544966261807,1.0,True,-3.493345524816544,-12.541678035202354,-0.7651129791957658,rv_20d,0.7348178137651822,101,-34.35686431782159,0.3475467989741377,-34.704411116795725
2024-12-06 13:30:00+00:00,NFP,Surprise + State,-0.08361582857707964,-7.442206957755104,0.33772767503610196,0.03130826155178526,0.0,True,-0.14036649925869665,-4.778793264475563,-0.9200336368312607,rv_20d,0.5489795918367347,105,-0.0,0.0,-0.0
2024-12-11 13:30:00+00:00,CPI,Surprise + State,-0.13613039922014264,18.829551678329892,0.3377709447103905,-1.2244084689168802,-1.0,True,15.368877662859575,31.872490930200964,2.801840695455358,rv_20d,0.3,98,-18.829551678329892,0.3377709447103905,-19.16732262304028
2025-01-10 13:30:00+00:00,NFP,Surprise + State,0.02543842745033338,-18.097625634645453,0.34061545689452666,-0.04353232425782435,0.0,True,-0.13927063807277637,-4.774984661560717,-0.9163791243467586,rv_20d,0.8292181069958847,106,-0.0,0.0,-0.0
2025-01-15 13:30:00+00:00,CPI,Surprise + State,0.029630018694912632,46.982441545075915,0.3453367628846337,0.7666693069500108,1.0,True,15.381158823998579,31.806659480833417,2.795373935828985,rv_20d,0.8299180327868853,99,46.982441545075915,0.3453367628846337,46.63710478219128
2025-01-31 13:30:00+00:00,PCE,Surprise + State,-0.24328328434500773,3.6718302191118823,0.33278633969452504,1.54958129601835,1.0,True,-3.493343773778832,-12.48025701504969,-0.7644261058843265,rv_20d,0.7304526748971193,102,3.6718302191118823,0.33278633969452504,3.3390438794173574
2025-02-07 13:30:00+00:00,NFP,Surprise + State,-0.13442132024142522,31.817272246321693,0.33173566387169834,0.09748982304460328,0.0,True,-0.13692833761891107,-4.7654512941033875,-0.905780042263576,rv_20d,0.6234567901234568,107,0.0,0.0,0.0
2025-02-12 13:30:00+00:00,CPI,Surprise + State,-1.6288289771507536,-22.023121578520488,0.33217644296301385,-30.69566069101573,-1.0,True,15.520133866533858,32.31995820332753,2.8391583636126185,rv_20d,0.602880658436214,100,22.023121578520488,0.33217644296301385,21.690945135557474
2025-02-28 13:30:00+00:00,PCE,Surprise + State,-0.24245575341235073,-15.279397617540269,0.3522367030644593,0.6476409189659676,1.0,True,-3.4941544564734817,-12.4990523710816,-0.7648499478879791,rv_20d,0.43415637860082307,103,-15.279397617540269,0.3522367030644593,-15.631634320604729
2025-03-07 13:30:00+00:00,NFP,Surprise + State,-0.10408611006653506,-75.46362563040532,0.3605126738852078,0.1462653637779983,0.0,True,-0.14278538793650875,-4.793360412371509,-0.9328571208343533,rv_20d,0.7633744855967078,108,-0.0,0.0,-0.0
2025-03-12 12:30:00+00:00,CPI,Surprise + State,0.863785844188717,-14.313855847269963,0.3699970655405147,24.591196685885862,1.0,True,15.472441691655545,32.22638232387868,2.8607624222801187,rv_20d,0.9032921810699589,101,-14.313855847269963,0.3699970655405147,-14.683852912810478
2025-03-28 12:30:00+00:00,PCE,Surprise + State,-0.2416366134206346,-20.744939075711955,0.3637275805844726,2.1552088491716517,1.0,True,-3.4874239440755748,-12.570715890139457,-0.7702055015314442,rv_20d,0.9320987654320988,104,-20.744939075711955,0.3637275805844726,-21.10866665629643
2025-04-04 12:30:00+00:00,NFP,Surprise + State,0.022901267949125444,39.20413844255677,0.3996692392502756,-0.056696728622832614,0.0,True,-0.13061500004802254,-4.709476333982293,-0.8685874234230985,rv_20d,0.9979508196721312,109,0.0,0.0,0.0
2025-04-10 12:30:00+00:00,CPI,Surprise + State,1.6857215992659478,-61.833617511624084,0.38479910832758346,50.31849277493118,1.0,True,14.855321943954237,30.11241532265797,2.706453269066132,rv_20d,0.9979508196721312,102,-61.833617511624084,0.38479910832758346,-62.21841661995167
2025-04-30 14:00:00+00:00,PCE,Surprise + State,-0.24082572346498407,73.4203377380993,0.37915931228345423,2.3122033625253615,1.0,True,-3.489994973953206,-12.479076758007448,-0.7658789791251186,rv_20d,0.9897119341563786,105,73.4203377380993,0.37915931228345423,73.04117842581586
2025-05-02 12:30:00+00:00,NFP,Surprise + State,-0.04068498955260628,34.270722133555864,0.36349962396590624,0.100210695085468,0.0,True,-0.13918069869553648,-4.745457040684252,-0.9186653246267023,rv_20d,0.9897119341563786,110,0.0,0.0,0.0
2025-05-13 12:30:00+00:00,CPI,Surprise + State,0.8463013350782487,-11.17943101341723,0.3454396016724041,15.424355755912666,1.0,True,12.271614297443683,20.668861280868732,1.496304840494531,rv_20d,0.7880658436213992,103,-11.17943101341723,0.3454396016724041,-11.524870615089633
2025-05-30 12:30:00+00:00,PCE,Surprise + State,-0.2400229459321998,5.977882015208991,0.340467497094286,0.7674791021185737,1.0,True,-3.4676828727252422,-13.129726894097095,-0.7927183649173286,rv_20d,0.4794238683127572,106,5.977882015208991,0.340467497094286,5.637414518114705
2025-06-06 12:30:00+00:00,NFP,Surprise + State,-0.07537897167229662,12.070007500355473,0.33440188187541803,-0.03659575650435282,0.0,True,-0.14603577072942195,-4.795650790677179,-0.9660615658535833,rv_20d,0.3683127572016461,111,0.0,0.0,0.0
2025-06-11 12:30:00+00:00,CPI,Surprise + State,0.842385437586005,-17.12202979796018,0.3301983467310363,3.4127009655146523,1.0,True,11.99814598922745,19.908242129429773,1.4788166090964203,rv_20d,0.10082304526748971,104,-17.12202979796018,0.3301983467310363,-17.45222814469122
2025-06-27 12:30:00+00:00,PCE,Surprise + State,-0.23922814640251422,-9.89348100354448,0.3184118932331983,-0.523995464971797,-1.0,True,-3.470472948260667,-13.10078194237965,-0.7910422400085982,rv_20d,0.06790123456790123,107,9.89348100354448,0.3184118932331983,9.575069110311281
2025-07-15 12:30:00+00:00,CPI,Surprise + State,0.015270024971998773,0.64669806768336,0.31316141851323914,0.035026503341760766,0.0,True,11.848902628322287,20.547681664496935,1.5407342645267401,rv_20d,0.03497942386831276,105,0.0,0.0,0.0
2025-07-31 12:30:00+00:00,PCE,Surprise + State,-0.23844119355490775,-0.5251576786946544,0.3046794561997016,-0.7505258370749891,-1.0,True,-3.459063158104102,-13.267997049943661,-0.8008322370262565,rv_20d,0.00205761316872428,108,0.5251576786946544,0.3046794561997016,0.22047822249495275
2025-08-01 12:30:00+00:00,NFP,Surprise + State,-0.13459299863347782,-8.55788813233005,0.31354063054101977,-0.30161589857762794,0.0,True,-0.1476223562274691,-4.796880776461032,-0.9688231895901045,rv_20d,0.00205761316872428,112,-0.0,0.0,-0.0
2025-08-12 12:30:00+00:00,CPI,Surprise + State,0.015229351855953272,13.785485332746816,0.3063110641668867,0.052478687005591836,0.0,True,11.839282939963336,20.601961952365848,1.5468788934209166,rv_20d,0.09259259259259259,106,0.0,0.0,0.0
2025-08-29 12:30:00+00:00,PCE,Surprise + State,-0.23766195907583582,-1.6900099328154283,0.30681337283114685,0.17006888656114735,0.0,True,-3.4557635747596636,-13.317236103928332,-0.8036944896847088,rv_20d,0.294238683127572,109,-0.0,0.0,-0.0
2025-09-05 12:30:00+00:00,NFP,Surprise + State,-0.16203229557152443,53.33849963573556,0.3048492047640572,-0.3038866527397006,0.0,True,-0.14526961949842193,-4.814114143150095,-0.969549291650626,rv_20d,0.08024691358024691,113,0.0,0.0,0.0
2025-09-11 12:30:00+00:00,CPI,Surprise + State,-0.8125014898375039,-3.338375702597318,0.30273926841489895,-2.076399833995189,-1.0,True,11.85227194367067,20.537272250740337,1.5438485731963196,rv_20d,0.047325102880658436,107,3.338375702597318,0.30273926841489895,3.035636434182419
2025-09-26 12:30:00+00:00,PCE,Surprise + State,-0.23689031757122087,6.886424901253463,0.2942191019215551,-0.6243616050747358,-1.0,True,-3.45461044416321,-13.332747475551495,-0.8050321343289093,rv_20d,0.043209876543209874,110,-6.886424901253463,0.2942191019215551,-7.180644003175018
2025-10-24 12:30:00+00:00,CPI,Surprise + State,0.847953082809842,-18.738998777685367,0.2858015748652298,10.418521232378607,1.0,True,11.865478454725135,20.46999670048128,1.5405290984288058,rv_20d,0.5205761316872428,108,-18.738998777685367,0.2858015748652298,-19.024800352550596
2025-11-20 13:30:00+00:00,NFP,Surprise + State,-0.0023105936820798033,11.997126095053545,0.28835923594745894,0.0015318186207049778,0.0,True,-0.1541270169975351,-4.755580509642018,-0.9791735397544329,rv_20d,0.6069958847736625,114,0.0,0.0,0.0
2025-12-05 15:00:00+00:00,PCE,Surprise + State,-0.2361261464815725,23.6370087189286,0.28110308728735517,1.242333434141747,1.0,True,-3.4584649047353055,-13.275513738902363,-0.8018466789789896,rv_20d,0.6358024691358025,111,23.6370087189286,0.28110308728735517,23.355905631641242
2025-12-16 13:30:00+00:00,NFP,Surprise + State,,-37.12060462220279,0.2892479553161779,,0.0,False,,,,,,115,-0.0,0.0,-0.0
2026-01-09 13:30:00+00:00,NFP,Surprise + State,-0.11728348610816007,19.200936853316364,0.2816436333971078,-0.11964147450548865,0.0,True,-0.15592242505454912,-4.762911206459684,-0.9851911731513227,rv_20d,0.25308641975308643,115,0.0,0.0,0.0
2026-01-13 13:30:00+00:00,CPI,Surprise + State,0.01505420514787327,-12.698292247037557,0.27979584551410075,0.11675453782089266,0.0,True,11.609133526950275,20.22064173150673,1.5359409003960258,rv_20d,0.3094262295081967,109,-0.0,0.0,-0.0
2026-02-11 13:30:00+00:00,NFP,Surprise + State,-0.002974276950318473,58.33620863690214,0.2872652349631508,0.0009639955062503128,0.0,True,-0.15836333814303946,-4.7579293067236295,-0.9889926594525248,rv_20d,0.5348360655737705,116,0.0,0.0,0.0
2026-02-13 13:30:00+00:00,CPI,Surprise + State,0.8462769813651695,-8.16808140889691,0.2934480141664559,12.230685064872533,1.0,True,11.58377799873165,20.28782084437512,1.5421407506823552,rv_20d,0.6413934426229508,110,-8.16808140889691,0.2934480141664559,-8.461529423063366
2026-02-20 13:30:00+00:00,PCE,Surprise + State,-1.874584816789142,-18.55419060252217,0.29166247611384893,5.826752394016218,1.0,True,-3.461732715929359,-13.267712742298874,-0.7995806266979214,rv_20d,0.4733606557377049,112,-18.55419060252217,0.29166247611384893,-18.84585307863602
2026-03-06 13:30:00+00:00,NFP,Surprise + State,-0.288041446580229,-46.55266318607687,0.2915920928268345,0.0280226760283153,0.0,True,-0.16595820271583883,-4.787366795627643,-1.0076329834015096,rv_20d,0.48565573770491804,117,-0.0,0.0,-0.0
2026-03-11 12:30:00+00:00,CPI,Surprise + State,-0.07257360225559249,-20.22387105274248,0.29,-0.7649976617017333,-1.0,True,11.398984074542433,19.938133269010745,1.5344695239686303,rv_20d,0.4569672131147541,111,20.22387105274248,0.29,19.933871052742482
2026-03-13 12:30:00+00:00,PCE,Surprise + State,-0.21994435368833912,3.140560362560052,0.29408185616355004,0.6313226527808617,1.0,True,-3.111602558888619,-13.079924241757599,-0.7889968040631006,rv_20d,0.48155737704918034,113,3.140560362560052,0.29408185616355004,2.846478506396502
2026-04-09 12:30:00+00:00,PCE,Surprise + State,-0.21926095603584936,-2.596676268993292,0.2895627602320496,1.8256214917022513,1.0,True,-3.1116601757614912,-13.063353392680304,-0.7881822480285117,rv_20d,0.8991769547325102,114,-2.596676268993292,0.2895627602320496,-2.8862390292253415
2026-04-10 12:30:00+00:00,CPI,Surprise + State,0.3863432136330373,-10.960420160444073,0.28615126547930336,7.510121651906357,1.0,True,11.382079473496344,19.97784819430258,1.5394883881761885,rv_20d,0.9032921810699589,112,-10.960420160444073,0.28615126547930336,-11.246571425923376
2026-04-30 12:30:00+00:00,PCE,Surprise + State,-0.21858389123884375,-4.6311221310091355,0.26325583928684904,0.49837597324208066,1.0,True,-3.110452555321658,-13.072591976849198,-0.7883887684312441,rv_20d,0.4364754098360656,115,-4.6311221310091355,0.26325583928684904,-4.894377970295984
2026-05-08 12:30:00+00:00,NFP,Surprise + State,-0.02209025678682834,2.3349231094726974,0.2508108108108108,-0.007141479124250806,0.0,True,-0.1565016745090589,-4.778297347635703,-0.9554507459586679,rv_20d,0.39959016393442626,118,0.0,0.0,0.0
2026-05-12 12:30:00+00:00,CPI,Surprise + State,0.009048380436151223,27.240737439306884,0.2487626204139753,0.09455571195761447,0.0,True,11.29604792370045,19.66019192421723,1.5353524995161327,rv_20d,0.4569672131147541,113,0.0,0.0,0.0
2026-05-28 12:30:00+00:00,PCE,Surprise + State,1.4256193886011588,25.73510929430256,0.2420579937565731,-4.625173655584002,-1.0,True,-3.1102077503218077,-13.08991426605144,-0.7899710914108123,rv_20d,0.5102459016393442,116,-25.73510929430256,0.2420579937565731,-25.977167288059135
2026-06-05 12:30:00+00:00,NFP,Surprise + State,0.024028750728270636,-13.79872372957891,0.24074181685358748,0.0068262217371864225,0.0,True,-0.15654806419608394,-4.778427142475648,-0.9555210267933889,rv_20d,0.4077868852459016,119,-0.0,0.0,-0.0
2026-06-10 12:30:00+00:00,CPI,Surprise + State,0.009025267637695652,-3.901153490524223,0.25214102508368474,0.18462568701315654,0.0,True,11.330043156728953,19.619943339536583,1.5296320834993578,rv_20d,0.9651639344262295,114,-0.0,0.0,-0.0
2026-06-25 12:30:00+00:00,PCE,Surprise + State,1.4130475363822363,-13.731720773293432,0.2406159769008662,-12.329830513201438,-1.0,True,-2.6072777095992032,-12.389172775563711,-0.7516312442459147,rv_20d,0.9938524590163934,117,13.731720773293432,0.2406159769008662,13.491104796392566
2016-01-08 13:30:00+00:00,NFP,Surprise + State filter,1.6142593236792937,-31.072008427486253,1.6722408026755853,,0.0,False,,,,,,0,-0.0,0.0,-0.0
2016-01-20 13:30:00+00:00,CPI,Surprise + State filter,0.8034072020471136,24.557969120273526,1.7826407671502336,,0.0,False,,,,,,0,0.0,0.0,0.0
2016-02-01 13:30:00+00:00,PCE,Surprise + State filter,1.3212240511473,8.84407946564636,1.7110153991385924,,0.0,False,,,,,,0,0.0,0.0,0.0
2016-02-05 13:30:00+00:00,NFP,Surprise + State filter,-0.5662977961971637,-17.51578377945151,1.74446583253128,,0.0,False,,,,,,1,-0.0,0.0,-0.0
2016-02-19 13:30:00+00:00,CPI,Surprise + State filter,-1.1647750851392003,-15.728029374919572,1.749728490406661,,0.0,False,,,,,,1,-0.0,0.0,-0.0
2016-02-26 15:00:00+00:00,PCE,Surprise + State filter,-2.1146814105422513,-31.75165835685334,1.7022775299366049,,0.0,False,,,,,,1,-0.0,0.0,-0.0
2016-03-04 13:30:00+00:00,NFP,Surprise + State filter,0.8511296176546844,-46.15481567977753,1.672723077810463,,0.0,False,,,,,,2,-0.0,0.0,-0.0
2016-03-28 12:30:00+00:00,PCE,Surprise + State filter,-0.3589718295271186,-3.4013605770155664,1.6440841317535009,,0.0,False,,,,,,2,-0.0,0.0,-0.0
2016-04-01 12:30:00+00:00,NFP,Surprise + State filter,0.23256549524665046,-36.470793686653735,1.625651662088682,,0.0,False,,,,,,3,-0.0,0.0,-0.0
2016-04-14 12:30:00+00:00,CPI,Surprise + State filter,0.8159070832843519,6.046447896181917,1.5953350203542742,,0.0,False,,,,,,2,0.0,0.0,0.0
2016-04-29 12:30:00+00:00,PCE,Surprise + State filter,-0.3548908737688326,-16.036658648737045,1.6595135908440628,,0.0,False,,,,,,3,-0.0,0.0,-0.0
2016-05-06 12:30:00+00:00,NFP,Surprise + State filter,-0.5970295853454834,-17.510072763116113,1.688697373784429,,0.0,False,,,,,,4,-0.0,0.0,-0.0
2016-05-17 12:30:00+00:00,CPI,Surprise + State filter,-1.165117912908518,-8.007779413183869,1.6574269874835685,,0.0,False,,,,,,3,-0.0,0.0,-0.0
2016-05-31 12:30:00+00:00,PCE,Surprise + State filter,-0.3509464824958188,1.1067456156510502,1.604514772601527,,0.0,False,,,,,,4,0.0,0.0,0.0
2016-06-03 12:30:00+00:00,NFP,Surprise + State filter,-1.9555484666489378,-10.517867503416767,1.5997352162400706,,0.0,False,,,,,,5,-0.0,0.0,-0.0
2016-06-29 12:30:00+00:00,PCE,Surprise + State filter,-0.3471306674377593,15.077711044817477,1.6827202042474179,,0.0,False,,,,,,5,0.0,0.0,0.0
2016-07-08 12:30:00+00:00,NFP,Surprise + State filter,1.8450710388339822,8.38012284020806,1.6265634640192945,,0.0,False,,,,,,6,0.0,0.0,0.0
2016-07-15 12:30:00+00:00,CPI,Surprise + State filter,0.8115726727885837,-5.986557636141754,1.5790046825656103,,0.0,False,,,,,,4,-0.0,0.0,-0.0
2016-08-02 12:30:00+00:00,PCE,Surprise + State filter,1.357394389268374,-1.0554646692995107,1.5303430079155673,,0.0,False,,,,,,6,-0.0,0.0,-0.0
2016-08-05 12:30:00+00:00,NFP,Surprise + State filter,1.2796377681502662,20.48589028987635,1.5258339471745763,,0.0,False,,,,,,7,0.0,0.0,0.0
2016-08-16 12:30:00+00:00,CPI,Surprise + State filter,-0.18513874292076055,-2.0770588920981936,1.5055549787145677,,0.0,False,,,,,,5,-0.0,0.0,-0.0
2016-08-29 12:30:00+00:00,PCE,Surprise + State filter,-0.36621496105815404,3.65468456308804,1.514360313315927,,0.0,False,,,,,,7,0.0,0.0,0.0
2016-09-02 12:30:00+00:00,NFP,Surprise + State filter,-0.40888888651079935,24.51556922501652,1.5163398692810457,,0.0,False,,,,,,8,0.0,0.0,0.0
2016-09-30 12:30:00+00:00,PCE,Surprise + State filter,1.3393576888346368,2.0638770002534557,1.4963880288957687,,0.0,False,,,,,,8,0.0,0.0,0.0
2016-10-07 12:30:00+00:00,NFP,Surprise + State filter,-0.1964152932718881,10.260620641631135,1.4905427631578947,,0.0,False,,,,,,9,0.0,0.0,0.0
2016-10-18 12:30:00+00:00,CPI,Surprise + State filter,-0.16901430640024803,11.874952992130261,1.498475688523743,,0.0,False,,,,,,6,0.0,0.0,0.0
2016-10-31 12:30:00+00:00,PCE,Surprise + State filter,-0.3840686609153908,5.702880108948705,1.5041493775933608,,0.0,False,,,,,,9,0.0,0.0,0.0
2016-11-04 12:30:00+00:00,NFP,Surprise + State filter,-0.1303193272493761,12.835599152332122,1.5514658677509094,,0.0,False,,,,,,10,0.0,0.0,0.0
2016-11-17 13:30:00+00:00,CPI,Surprise + State filter,-0.16796381350875023,4.699370892957688,1.5139650221874184,,0.0,False,,,,,,7,0.0,0.0,0.0
2016-11-30 13:30:00+00:00,PCE,Surprise + State filter,1.3230170925284488,2.5640368335899666,1.4874083192285994,,0.0,False,,,,,,10,0.0,0.0,0.0
2016-12-02 13:30:00+00:00,NFP,Surprise + State filter,0.033610480884534014,1.0573059853413724,1.5329315995348345,,0.0,False,,,,,,11,0.0,0.0,0.0
2016-12-22 15:00:00+00:00,PCE,Surprise + State filter,2.9838886430672513,-1.0118385114310513,1.4676856116200212,,0.0,False,,,,,,11,-0.0,0.0,-0.0
2017-01-06 13:30:00+00:00,NFP,Surprise + State filter,-0.24560763540543862,4.529783402809073,1.4607364126328513,,0.0,False,,,,,,12,0.0,0.0,0.0
2017-01-18 13:30:00+00:00,CPI,Surprise + State filter,-0.1659201234598231,-0.49498824413518605,1.4347912131407083,,0.0,False,,,,,,8,-0.0,0.0,-0.0
2017-01-30 13:30:00+00:00,PCE,Surprise + State filter,-0.4243384371886906,10.693628589173443,1.4101628981278873,,0.0,False,,,,,,12,0.0,0.0,0.0
2017-02-03 13:30:00+00:00,NFP,Surprise + State filter,0.8452794369339985,18.470816508902033,1.4118792599805257,,0.0,False,,,,,,13,0.0,0.0,0.0
2017-02-15 13:30:00+00:00,CPI,Surprise + State filter,-3.2124696574381035,-8.0658557738289,1.3748636988574408,,0.0,False,,,,,,9,-0.0,0.0,-0.0
2017-03-01 13:30:00+00:00,PCE,Surprise + State filter,1.1790960725118012,-4.659181000299384,1.350407450523865,,0.0,False,,,,,,13,-0.0,0.0,-0.0
2017-03-10 13:30:00+00:00,NFP,Surprise + State filter,0.6384882035084962,1.856062369007816,1.3465199424246643,,0.0,False,,,,,,14,0.0,0.0,0.0
2017-03-31 12:30:00+00:00,PCE,Surprise + State filter,-0.4384274479644154,-1.8400110452532203,1.3337012509197939,,0.0,False,,,,,,14,-0.0,0.0,-0.0
2017-04-07 12:30:00+00:00,NFP,Surprise + State filter,-1.3078965412877368,11.083915603862238,1.3375149893921225,,0.0,False,,,,,,15,0.0,0.0,0.0
2017-05-01 12:30:00+00:00,PCE,Surprise + State filter,-0.4341842117614949,4.018126267872901,1.2948740846579747,,0.0,False,,,,,,15,0.0,0.0,0.0
2017-05-05 12:30:00+00:00,NFP,Surprise + State filter,0.4142854976008267,7.1016425532377525,1.2880874122768056,,0.0,False,,,,,,16,0.0,0.0,0.0
2017-05-12 12:30:00+00:00,CPI,Surprise + State filter,-0.13514617301327977,8.37687150809785,1.2792800741100179,,0.0,False,,,,,,10,0.0,0.0,0.0
2017-05-30 12:30:00+00:00,PCE,Surprise + State filter,-0.4300621707383414,6.048038891819374,1.2533494684069497,,0.0,False,,,,,,16,0.0,0.0,0.0
2017-06-02 12:30:00+00:00,NFP,Surprise + State filter,-0.6677396065852849,-2.5700334245826184,1.241332077733071,,0.0,False,,,,,,17,-0.0,0.0,-0.0
2017-06-30 12:30:00+00:00,PCE,Surprise + State filter,-0.4260556508599551,-8.396862718527132,1.2814847547503314,,0.0,False,,,,,,17,-0.0,0.0,-0.0
2017-07-07 12:30:00+00:00,NFP,Surprise + State filter,0.8034356423152486,-5.339978767011644,1.2925655197004813,,0.0,False,,,,,,18,-0.0,0.0,-0.0
2017-07-14 12:30:00+00:00,CPI,Surprise + State filter,0.7927260050565855,26.214587736248518,1.2495691140985867,,0.0,False,,,,,,11,0.0,0.0,0.0
2017-08-01 12:30:00+00:00,PCE,Surprise + State filter,-0.422159343805065,4.660918285246396,1.2290739563466837,,0.0,False,,,,,,18,0.0,0.0,0.0
2017-08-04 12:30:00+00:00,NFP,Surprise + State filter,0.5458452330557173,-13.145342717706399,1.2293344637558288,,0.0,False,,,,,,19,-0.0,0.0,-0.0
2017-08-11 12:30:00+00:00,CPI,Surprise + State filter,0.7856685090657263,23.32412944053175,1.2545423083578473,,0.0,False,,,,,,12,0.0,0.0,0.0
2017-08-31 12:30:00+00:00,PCE,Surprise + State filter,-0.4183682771652557,1.681378734517125,1.2193070972082072,,0.0,False,,,,,,19,0.0,0.0,0.0
2017-09-01 12:30:00+00:00,NFP,Surprise + State filter,-0.34604558050796347,2.4980224119275363,1.2066239494050095,,0.0,False,,,,,,20,0.0,0.0,0.0
2017-09-29 12:30:00+00:00,PCE,Surprise + State filter,1.24403333303221,-4.204507293685822,1.2192558335085137,,0.0,False,,,,,,20,-0.0,0.0,-0.0
2017-10-06 12:30:00+00:00,NFP,Surprise + State filter,-1.8424473560997108,-26.439741090307223,1.195925605179595,,0.0,False,,,,,,21,-0.0,0.0,-0.0
2017-10-13 12:30:00+00:00,CPI,Surprise + State filter,0.7897822256401897,9.438802383314737,1.1912586263555702,,0.0,False,,,,,,13,0.0,0.0,0.0
2017-10-30 12:30:00+00:00,PCE,Surprise + State filter,-0.43153418183276016,0.8047318235426815,1.1668611435239207,,0.0,False,,,,,,21,0.0,0.0,0.0
2017-11-03 12:30:00+00:00,NFP,Surprise + State filter,-0.7859021766829931,-1.9952513085286228,1.158054468492932,,0.0,False,,,,,,22,-0.0,0.0,-0.0
2017-11-15 13:30:00+00:00,CPI,Surprise + State filter,-0.15820077948038003,-4.781638599204996,1.1549183592194345,,0.0,False,,,,,,14,-0.0,0.0,-0.0
2017-11-30 13:30:00+00:00,PCE,Surprise + State filter,-0.42780275982372784,0.7900766378554636,1.145656382096156,,0.0,False,,,,,,22,0.0,0.0,0.0
2017-12-08 13:30:00+00:00,NFP,Surprise + State filter,0.6370043888724991,14.546600823450717,1.141732283464567,,0.0,False,,,,,,23,0.0,0.0,0.0
2017-12-13 13:30:00+00:00,CPI,Surprise + State filter,-0.1573539546812662,18.361890573075357,1.1341415721548689,,0.0,False,,,,,,15,0.0,0.0,0.0
2017-12-22 13:30:00+00:00,PCE,Surprise + State filter,1.2482623178131573,-4.621072170962748,1.1166300874051827,,0.0,False,,,,,,23,-0.0,0.0,-0.0
2018-01-05 13:30:00+00:00,NFP,Surprise + State filter,-0.621220884870033,6.789634752166762,1.092731451825615,,0.0,False,,,,,,24,0.0,0.0,0.0
2018-01-12 13:30:00+00:00,CPI,Surprise + State filter,-0.15652048446517022,-34.972875887184784,1.075787365062878,,0.0,False,,,,,,16,-0.0,0.0,-0.0
2018-01-29 13:30:00+00:00,PCE,Surprise + State filter,-0.4402926559951366,-3.5660794900493897,1.0339786786465575,,0.0,False,,,,,,24,-0.0,0.0,-0.0
2018-02-02 13:30:00+00:00,NFP,Surprise + State filter,0.4228435414864092,13.104730498341155,1.0542387669041733,,0.0,False,,,,,,25,0.0,0.0,0.0
2018-02-14 13:30:00+00:00,CPI,Surprise + State filter,-2.0674616228090885,-22.24183146466885,1.0995260663507107,,0.0,False,,,,,,17,-0.0,0.0,-0.0
2018-03-01 13:30:00+00:00,PCE,Surprise + State filter,-0.4366213148929902,36.04525939415737,1.058085230589609,,0.0,False,,,,,,25,0.0,0.0,0.0
2018-03-09 13:30:00+00:00,NFP,Surprise + State filter,1.9022467250921624,43.88084314108198,1.040508054967529,,0.0,False,,,,,,26,0.0,0.0,0.0
2018-03-13 12:30:00+00:00,CPI,Surprise + State filter,-0.1324165031997715,11.16967549545933,1.014731096259491,,0.0,False,,,,,,18,0.0,0.0,0.0
2018-03-29 12:30:00+00:00,PCE,Surprise + State filter,-0.4330405906855374,-6.519780092482108,1.1131155721030208,,0.0,False,,,,,,26,-0.0,0.0,-0.0
2018-04-06 12:30:00+00:00,NFP,Surprise + State filter,-1.2995829002724142,10.697231201532986,1.1080544092923734,,0.0,False,,,,,,27,0.0,0.0,0.0
2018-04-11 12:30:00+00:00,CPI,Surprise + State filter,0.8133579879158452,3.0436767850261504,1.1035847476976939,,0.0,False,,,,,,19,0.0,0.0,0.0
2018-04-30 12:30:00+00:00,PCE,Surprise + State filter,-0.4295466448744693,-8.219383261831581,1.0826955385476944,,0.0,False,,,,,,27,-0.0,0.0,-0.0
2018-05-04 12:30:00+00:00,NFP,Surprise + State filter,-0.4042211205062629,-5.268307489956214,1.0924844603503485,,0.0,False,,,,,,28,-0.0,0.0,-0.0
2018-05-10 12:30:00+00:00,CPI,Surprise + State filter,0.8066313627379722,9.761212611429926,1.050496268927045,,0.0,False,,,,,,20,0.0,0.0,0.0
2018-05-31 12:30:00+00:00,PCE,Surprise + State filter,-0.4261361668922612,0.35750674797441206,1.0363064608347627,,0.0,False,,,,,,28,0.0,0.0,0.0
2018-06-01 12:30:00+00:00,NFP,Surprise + State filter,0.6295443548080089,19.2664537975773,1.0348642186775148,,0.0,False,,,,,,29,0.0,0.0,0.0
2018-06-12 12:30:00+00:00,CPI,Surprise + State filter,-0.14836969090721452,16.031788189572183,1.0118279194724538,,0.0,False,,,,,,21,0.0,0.0,0.0
2018-06-29 12:30:00+00:00,PCE,Surprise + State filter,-0.4228058320342103,-8.115594736288756,1.0229998588965712,,0.0,False,,,,,,29,-0.0,0.0,-0.0
2018-07-06 12:30:00+00:00,NFP,Surprise + State filter,0.3749571567850948,-3.856739700331957,1.0189023961773591,,0.0,False,,,,,,30,-0.0,0.0,-0.0
2018-07-12 12:30:00+00:00,CPI,Surprise + State filter,0.8054339632504349,7.538894195704415,0.9941380137808097,,0.0,False,,,,,,22,0.0,0.0,0.0
2018-07-31 12:30:00+00:00,PCE,Surprise + State filter,-0.4195525615380417,-10.730171846944359,1.0036685817124662,,0.0,False,,,,,,30,-0.0,0.0,-0.0
2018-08-03 12:30:00+00:00,NFP,Surprise + State filter,-0.5320078037025123,-12.179857377425662,0.980226466114585,,0.0,False,,,,,,31,-0.0,0.0,-0.0
2018-08-10 12:30:00+00:00,CPI,Surprise + State filter,-0.15572468844210885,-2.691156204228662,0.9753800618861832,,0.0,False,,,,,,23,-0.0,0.0,-0.0
2018-08-30 12:30:00+00:00,PCE,Surprise + State filter,0.016880010255722527,-5.551655025612945,0.9468460232467023,,0.0,False,,,,,,31,-0.0,0.0,-0.0
2018-09-07 12:30:00+00:00,NFP,Surprise + State filter,0.2616225928660689,-27.304461520465395,0.9741023143327399,,0.0,False,,,,,,32,-0.0,0.0,-0.0
2018-09-13 12:30:00+00:00,CPI,Surprise + State filter,0.8043331512490195,-1.661433156066039,0.9648655842427468,,0.0,False,,,,,,24,-0.0,0.0,-0.0
2018-09-28 12:30:00+00:00,PCE,Surprise + State filter,-0.41932078998489236,2.9486444639914566,0.9504768771918324,,0.0,False,,,,,,32,0.0,0.0,0.0
2018-10-05 12:30:00+00:00,NFP,Surprise + State filter,-0.7870138858905067,-17.650491635912147,0.9669245132035209,,0.0,False,,,,,,33,-0.0,0.0,-0.0
2018-10-11 12:30:00+00:00,CPI,Surprise + State filter,0.7980522394154973,-23.09100654766638,1.0347534432312853,,0.0,False,,,,,,25,-0.0,0.0,-0.0
2018-10-29 12:30:00+00:00,PCE,Surprise + State filter,-0.4162236927774103,-1.4333321413673161,1.03961283384119,,0.0,False,,,,,,33,-0.0,0.0,-0.0
2018-11-02 12:30:00+00:00,NFP,Surprise + State filter,0.9282289143639069,-11.664282113521551,1.0248798416737348,,0.0,False,,,,,,34,-0.0,0.0,-0.0
2018-11-14 13:30:00+00:00,CPI,Surprise + State filter,-0.17073431842246337,22.166109477375073,1.056889828346514,,0.0,False,,,,,,26,0.0,0.0,0.0
2018-11-29 13:30:00+00:00,PCE,Surprise + State filter,-0.413194375549636,0.36294347157905804,1.0529373320746496,,0.0,False,,,,,,34,0.0,0.0,0.0
2018-12-07 13:30:00+00:00,NFP,Surprise + State filter,-0.6547686526365027,-7.337026632363575,1.0655105265091669,,0.0,False,,,,,,35,-0.0,0.0,-0.0
2018-12-12 13:30:00+00:00,CPI,Surprise + State filter,-0.1699188197561624,49.62971788305737,1.0681006224448455,,0.0,False,,,,,,27,0.0,0.0,0.0
2019-01-04 13:30:00+00:00,NFP,Surprise + State filter,2.261740690734558,30.44874147352772,1.1591654009113437,8.518185103940109,1.0,True,3.766207655384937,,,rv_20d,0.9896694214876033,36,30.44874147352772,1.1591654009113437,29.289576072616374
2019-01-11 13:30:00+00:00,CPI,Surprise + State filter,-0.16911489877107314,-10.603250131921982,1.0986929342678537,,0.0,False,,,,,,28,-0.0,0.0,-0.0
2019-02-01 13:30:00+00:00,NFP,Surprise + State filter,2.3749676396538355,13.073796167830665,1.055543422872534,12.373373300130968,1.0,True,5.209912376715354,,,rv_20d,0.6053719008264463,37,13.073796167830665,1.055543422872534,12.018252744958131
2019-02-13 13:30:00+00:00,CPI,Surprise + State filter,0.8075888422190041,12.056311520289853,1.0286971019119577,,0.0,False,,,,,,29,0.0,0.0,0.0
2019-03-01 13:30:00+00:00,PCE,Surprise + State filter,-2.108137244454332,1.7485880196232984,1.014127850048958,,0.0,False,,,,,,35,0.0,0.0,0.0
2019-03-08 13:30:00+00:00,NFP,Surprise + State filter,-2.577157761426142,-16.160603973212062,1.0380127425012526,0.0,0.0,True,5.319774069801795,,,rv_20d,0.06818181818181818,38,-0.0,0.0,-0.0
2019-03-12 12:30:00+00:00,CPI,Surprise + State filter,-0.17594973086669394,15.313938674275107,1.0108051585918438,,0.0,False,,,,,,30,0.0,0.0,0.0
2019-03-29 12:30:00+00:00,PCE,Surprise + State filter,1.3555304283976177,9.13968548637456,0.9821851927115085,1.962183246251906,1.0,True,1.4475390630451703,,,rv_20d,0.42592592592592593,36,9.13968548637456,0.9821851927115085,8.157500293663052
2019-04-05 12:30:00+00:00,NFP,Surprise + State filter,0.36000953458674323,-2.9641828129811643,0.9574116870254209,1.938404415632731,1.0,True,5.384314106730076,,,rv_20d,0.45286885245901637,39,-2.9641828129811643,0.9574116870254209,-3.9215945000065853
2019-04-10 12:30:00+00:00,CPI,Surprise + State filter,-0.6660549897418855,2.300701724173848,0.9535396047742741,,0.0,False,,,,,,31,0.0,0.0,0.0
2019-05-03 12:30:00+00:00,NFP,Surprise + State filter,1.2218354880047635,11.230007757774274,0.9315772566655959,0.0,0.0,True,5.363724260297685,,,rv_20d,0.026748971193415638,40,0.0,0.0,0.0
2019-05-10 12:30:00+00:00,CPI,Surprise + State filter,0.8147019300586259,28.19753398451752,0.9609012591119948,,0.0,False,,,,,,32,0.0,0.0,0.0
2019-05-31 12:30:00+00:00,PCE,Surprise + State filter,-0.36868440449756795,13.272792727399008,1.013631597343586,-0.6403526867501053,0.0,True,1.736858622004255,,,rv_20d,0.6975308641975309,37,0.0,0.0,0.0
2019-06-07 12:30:00+00:00,NFP,Surprise + State filter,-1.5524750423548752,11.294215482600123,0.991690319050713,-8.53886186129417,-1.0,True,5.500160471721322,,,rv_20d,0.7057613168724279,41,-11.294215482600123,0.991690319050713,-12.285905801650836
2019-06-12 12:30:00+00:00,CPI,Surprise + State filter,-0.17710016798500505,-9.343611985528355,0.968086526906129,,0.0,False,,,,,,33,-0.0,0.0,-0.0
2019-06-28 12:30:00+00:00,PCE,Surprise + State filter,-0.366294583792779,6.81984275843206,0.941772480758614,-0.5889839155042801,0.0,True,1.6079514728437299,,,rv_20d,0.565843621399177,38,0.0,0.0,0.0
2019-07-05 12:30:00+00:00,NFP,Surprise + State filter,1.0718570086511612,-22.932137322975166,0.9208980343590232,5.191635005405783,1.0,True,4.843589176077697,,,rv_20d,0.4382716049382716,42,-22.932137322975166,0.9208980343590232,-23.85303535733419
2019-07-11 12:30:00+00:00,CPI,Surprise + State filter,-1.1663865052088653,3.779289538563546,0.9115483749292764,,0.0,False,,,,,,34,0.0,0.0,0.0
2019-07-30 12:30:00+00:00,PCE,Surprise + State filter,-0.36395092463953677,-21.39980675686104,0.912380053484348,0.0,0.0,True,1.5448780345155935,,,rv_20d,0.1419753086419753,39,-0.0,0.0,-0.0
2019-08-02 12:30:00+00:00,NFP,Surprise + State filter,0.031497609119124026,2.2559904699548383,0.9339774557165861,0.0,0.0,True,4.339965222262951,,,rv_20d,0.22839506172839505,43,0.0,0.0,0.0
2019-08-13 12:30:00+00:00,CPI,Surprise + State filter,-0.1659081562956267,10.273576273540641,0.9599470374048328,,0.0,False,,,,,,35,0.0,0.0,0.0
2019-08-30 12:30:00+00:00,PCE,Surprise + State filter,-0.3616517148149259,-3.22289547714405,0.9344288706299338,-0.6252080087065833,0.0,True,1.7287572078194942,,,rv_20d,0.7674897119341564,40,-0.0,0.0,-0.0
2019-09-06 12:30:00+00:00,NFP,Surprise + State filter,-0.4303607562946714,-2.2234574855417577,0.920313541303037,-1.8660367506627196,-1.0,True,4.3359825991778616,,,rv_20d,0.6851851851851852,44,2.2234574855417577,0.920313541303037,1.3031439442387207
2019-09-12 12:30:00+00:00,CPI,Surprise + State filter,-0.16517796464621493,6.300800410095064,0.9139615505830444,-1.0730248479420272,-1.0,True,6.496174294436166,,,rv_20d,0.5987654320987654,36,-6.300800410095064,0.9139615505830444,-7.214761960678109
2019-09-27 12:30:00+00:00,PCE,Surprise + State filter,1.3657033853241398,-3.5238904114365255,0.9290405253884351,0.0,0.0,True,1.7503073495622548,,,rv_20d,0.2848360655737705,41,-0.0,0.0,-0.0
2019-10-04 12:30:00+00:00,NFP,Surprise + State filter,-0.09265768712922037,15.942999033313754,0.9498853586636095,0.0,0.0,True,4.327610504582305,,,rv_20d,0.32581967213114754,45,0.0,0.0,0.0
2019-10-10 12:30:00+00:00,CPI,Surprise + State filter,0.8325119977114724,0.9750231575722523,0.9431201014667143,5.400659079767679,1.0,True,6.487184682759864,,,rv_20d,0.35450819672131145,37,0.9750231575722523,0.9431201014667143,0.03190305610553801
2019-10-31 12:30:00+00:00,PCE,Surprise + State filter,-0.3726587275846903,10.488648543010015,0.8951446121554465,0.0,0.0,True,1.5351215623403174,,,rv_20d,0.2725409836065574,42,0.0,0.0,0.0
2019-11-01 12:30:00+00:00,NFP,Surprise + State filter,0.742125242156633,4.617302653855404,0.8951169825297858,0.0,0.0,True,4.271637152160054,,,rv_20d,0.2520491803278688,46,0.0,0.0,0.0
2019-11-13 13:30:00+00:00,CPI,Surprise + State filter,-1.1700469441557593,4.546212325813315,0.8793741282066833,0.0,0.0,True,6.197296183066157,,,rv_20d,0.05942622950819672,38,0.0,0.0,0.0
2019-11-27 15:00:00+00:00,PCE,Surprise + State filter,0.9149489511371186,8.313786517639699,0.861479963164305,0.0,0.0,True,1.4355675096209863,,,rv_20d,0.0020325203252032522,43,0.0,0.0,0.0
2019-12-06 13:30:00+00:00,NFP,Surprise + State filter,1.42861497447116,33.48884842530708,0.8704003841767213,0.0,0.0,True,4.2990459825859855,,,rv_20d,0.1,47,0.0,0.0,0.0
2019-12-11 13:30:00+00:00,CPI,Surprise + State filter,-1.158461044632005,6.860040534490963,0.8651551312649165,0.0,0.0,True,5.94310076993643,,,rv_20d,0.1326530612244898,39,0.0,0.0,0.0
2020-01-10 13:30:00+00:00,NFP,Surprise + State filter,-0.20617197687041738,-2.4887659997219203,0.8016807651904683,0.0,0.0,True,4.960497732668362,,,rv_20d,0.12857142857142856,48,-0.0,0.0,-0.0
2020-01-14 13:30:00+00:00,CPI,Surprise + State filter,0.8436125672345851,10.735374085228955,0.7985021201608018,0.0,0.0,True,5.645506365898669,,,rv_20d,0.14081632653061224,40,0.0,0.0,0.0
2020-01-31 13:30:00+00:00,PCE,Surprise + State filter,-2.1131396664751882,1.6329196639830457,0.7896528250510552,-3.385160039765101,-1.0,True,1.6019575485096542,,,rv_20d,0.5,44,-1.6329196639830457,0.7896528250510552,-2.422572489034101
2020-02-07 13:30:00+00:00,NFP,Surprise + State filter,1.0001447762026143,-35.26311768585089,0.7681915710842097,4.968051517879135,1.0,True,4.96733236636201,,,rv_20d,0.6591836734693878,49,-35.26311768585089,0.7681915710842097,-36.031309256935096
2020-02-13 13:30:00+00:00,CPI,Surprise + State filter,0.8376680323617207,4.968944201628744,0.7587650444793301,4.744828147105935,1.0,True,5.664329977745921,,,rv_20d,0.6755102040816326,41,4.968944201628744,0.7587650444793301,4.2101791571494145
2020-02-28 13:30:00+00:00,PCE,Surprise + State filter,1.354456856955525,-145.1931132445239,0.8718920056522654,1.8602468545788522,1.0,True,1.3734264366014688,,,rv_20d,0.9979591836734694,45,-145.1931132445239,0.8718920056522654,-146.06500525017614
2020-03-06 13:30:00+00:00,NFP,Surprise + State filter,1.6027523818647151,18.188599870860855,0.8671211577562492,6.977220806495154,1.0,True,4.353274333230151,,,rv_20d,0.9979591836734694,50,18.188599870860855,0.8671211577562492,17.321478713104607
2020-03-11 12:30:00+00:00,CPI,Surprise + State filter,-1.1639324823814878,-42.927136224122364,0.8940407559268736,-6.433445758647931,-1.0,True,5.527335868730674,,,rv_20d,0.9979508196721312,42,42.927136224122364,0.8940407559268736,42.03309546819549
2020-03-27 12:30:00+00:00,PCE,Surprise + State filter,-0.36227118384366613,-38.51556806228729,0.9443178117876913,1.1404839516717338,1.0,True,-3.148149790914356,,,rv_20d,0.9979253112033195,46,-38.51556806228729,0.9443178117876913,-39.45988587407498
2020-04-03 12:30:00+00:00,NFP,Surprise + State filter,-9.584675105229561,36.59565925850927,0.9576329954099659,-44.60803469318992,-1.0,True,4.65409982116671,,,rv_20d,0.9813278008298755,51,-36.59565925850927,0.9576329954099659,-37.55329225391924
2020-04-30 12:30:00+00:00,PCE,Surprise + State filter,-0.36017238707897786,-61.52501185741954,0.8017915894827062,1.0395005296211892,1.0,True,-2.8861194442239393,,,rv_20d,0.8858921161825726,47,-61.52501185741954,0.8017915894827062,-62.32680344690225
2020-05-08 12:30:00+00:00,NFP,Surprise + State filter,17.82134084487857,-29.080453710683685,0.7897818568043792,-9.104956432609715,-1.0,True,-0.5109018738747855,,,rv_20d,0.8236514522821576,52,29.080453710683685,0.7897818568043792,28.290671853879306
2020-05-12 12:30:00+00:00,CPI,Surprise + State filter,-0.1633338468717922,12.88417840292766,0.7788161993769471,-1.122635628926815,-1.0,True,6.873257750477279,,,rv_20d,0.8195020746887967,43,-12.88417840292766,0.7788161993769471,-13.662994602304607
2020-05-29 12:30:00+00:00,PCE,Surprise + State filter,-2.070466433747151,-5.81318552502097,0.765939464370609,5.130551825945149,1.0,True,-2.477969090597535,,,rv_20d,0.6244813278008299,48,-5.81318552502097,0.765939464370609,-6.579124989391579
2020-06-05 12:30:00+00:00,NFP,Surprise + State filter,64.57555252744505,-15.281216146583176,0.7522307532683129,-83.12516567901413,-1.0,True,-1.2872544240900667,,,rv_20d,0.508298755186722,53,15.281216146583176,0.7522307532683129,14.528985393314864
2020-06-10 12:30:00+00:00,CPI,Surprise + State filter,0.8389770540647904,18.18567321070219,0.7229936925033033,5.74407776421657,1.0,True,6.846525463821542,,,rv_20d,0.516597510373444,44,18.18567321070219,0.7229936925033033,17.46267951819889
2020-06-26 12:30:00+00:00,PCE,Surprise + State filter,-2.0164547174799274,-18.842669332634898,0.7185688091580356,4.516882582154385,1.0,True,-2.2400119095158146,,,rv_20d,0.7365145228215768,49,-18.842669332634898,0.7185688091580356,-19.561238141792934
2020-07-02 12:30:00+00:00,NFP,Surprise + State filter,1.641547953530035,13.50373969369656,0.7017883503133847,-0.5688546177866346,0.0,True,-0.3465354859499244,,,rv_20d,0.7697095435684648,54,0.0,0.0,0.0
2020-07-14 12:30:00+00:00,CPI,Surprise + State filter,-1.1723852919766982,-98.69552203461751,0.6821763778786667,-8.263383887860611,-1.0,True,7.048351718851869,,,rv_20d,0.5764462809917356,45,98.69552203461751,0.6821763778786667,98.01334565673885
2020-07-31 12:30:00+00:00,PCE,Surprise + State filter,0.29050201998543845,-17.638506903843165,0.6639042146471005,-0.461767675098365,0.0,True,-1.5895506513913789,,,rv_20d,0.5516528925619835,50,-0.0,0.0,-0.0
2020-08-07 12:30:00+00:00,NFP,Surprise + State filter,0.2042193271067664,-18.47709255546448,0.6459660533701609,-0.07068227175349594,0.0,True,-0.34610961046083094,,,rv_20d,0.506198347107438,55,-0.0,0.0,-0.0
2020-08-12 12:30:00+00:00,CPI,Surprise + State filter,-3.1643008322851895,-4.5657931575959765,0.6611193434401003,-31.487161563858432,-1.0,True,9.950748437884487,,,rv_20d,0.5144628099173554,46,4.5657931575959765,0.6611193434401003,3.9046738141558763
2020-08-28 12:30:00+00:00,PCE,Surprise + State filter,1.3559572550269576,2.7170221604322364,0.6061366106512833,-2.277554270846944,-1.0,True,-1.6796652419560705,,,rv_20d,0.46487603305785125,51,-2.7170221604322364,0.6061366106512833,-3.32315877108352
2020-09-04 12:30:00+00:00,NFP,Surprise + State filter,-0.08549110617815014,29.987599047522906,0.6217705452284471,0.029132340815588374,0.0,True,-0.34076457912336655,,,rv_20d,0.742798353909465,56,0.0,0.0,0.0
2020-09-11 12:30:00+00:00,CPI,Surprise + State filter,-1.0987651213117418,-28.94809182830471,0.6446163421356806,-9.171544422205212,-1.0,True,8.347138295813323,,,rv_20d,0.8285123966942148,47,28.94809182830471,0.6446163421356806,28.30347548616903
2020-10-01 12:30:00+00:00,PCE,Surprise + State filter,-0.3232204397783153,0.0,0.6272304531199308,0.45312201002954827,0.0,True,-1.4018977585091077,,,rv_20d,0.8326446280991735,52,0.0,0.0,0.0
2020-10-02 12:30:00+00:00,NFP,Surprise + State filter,-0.32757294004979853,-22.285729813589228,0.6384290243043326,0.11493757631487218,0.0,True,-0.35087628513331737,,,rv_20d,0.8285123966942148,57,-0.0,0.0,-0.0
2020-10-13 12:30:00+00:00,CPI,Surprise + State filter,-0.1222113648828133,-41.26934580561681,0.5944937578155429,-1.0770140932369665,-1.0,True,8.8127163481866,,,rv_20d,0.6962809917355371,48,41.26934580561681,0.5944937578155429,40.67485204780127
2020-10-30 12:30:00+00:00,PCE,Surprise + State filter,-0.3214984227491263,34.975586185161944,0.6469604015616285,0.4573442489877909,0.0,True,-1.4225396351156243,,,rv_20d,0.6342975206611571,53,0.0,0.0,0.0
2020-11-06 13:30:00+00:00,NFP,Surprise + State filter,-0.041828857834390075,45.22961178341944,0.6064154573208983,0.014302835945394348,0.0,True,-0.3419370426518103,,,rv_20d,0.7293388429752066,58,0.0,0.0,0.0
2020-11-12 13:30:00+00:00,CPI,Surprise + State filter,0.8491717707533857,9.235549122124098,0.6088471793579812,7.454698793249309,1.0,True,8.778787814196292,,,rv_20d,0.7293388429752066,49,9.235549122124098,0.6088471793579812,8.626701942766116
2020-11-25 15:00:00+00:00,PCE,Surprise + State filter,-0.3198036664251847,-17.141858202620597,0.5979381443298969,0.5065032890280379,0.0,True,-1.5837945033270278,,,rv_20d,0.6921487603305785,54,-0.0,0.0,-0.0
2020-12-04 13:30:00+00:00,NFP,Surprise + State filter,-0.3460798058020594,-10.612842534385436,0.5802088751950703,0.12327037651887056,0.0,True,-0.35619060821299453,,,rv_20d,0.40702479338842973,59,-0.0,0.0,-0.0
2020-12-10 13:30:00+00:00,CPI,Surprise + State filter,-1.1003323497938022,-47.00241630150259,0.5886651510230595,0.0,0.0,True,8.776871432253847,,,rv_20d,0.22933884297520662,50,-0.0,0.0,-0.0
2020-12-23 13:30:00+00:00,PCE,Surprise + State filter,1.364273206507212,8.059522958703269,0.5702038970487033,0.0,0.0,True,-1.5323937651870503,,,rv_20d,0.08471074380165289,55,0.0,0.0,0.0
2021-01-08 13:30:00+00:00,NFP,Surprise + State filter,-0.3166483412835174,7.504690783726176,0.5579390884429651,0.0,0.0,True,-0.35171238568329205,,,rv_20d,0.1756198347107438,60,0.0,0.0,0.0
2021-01-13 13:30:00+00:00,CPI,Surprise + State filter,-0.11993165974022327,9.523532589632566,0.5644329395278226,0.0,0.0,True,9.5444509080521,,,rv_20d,0.13016528925619836,51,0.0,0.0,0.0
2021-01-29 13:30:00+00:00,PCE,Surprise + State filter,-2.0053740825460937,40.063391817177774,0.5547054322876817,0.0,0.0,True,-1.1579273633379141,,,rv_20d,0.2871900826446281,56,0.0,0.0,0.0
2021-02-05 13:30:00+00:00,NFP,Surprise + State filter,-0.1649085855030971,-3.496085340088939,0.5338831716342348,0.0583912242703675,0.0,True,-0.3540823789873019,,,rv_20d,0.35330578512396693,61,-0.0,0.0,-0.0
2021-02-10 13:30:00+00:00,CPI,Surprise + State filter,-0.11947685719106668,10.191640098113908,0.5284738041002277,0.0,0.0,True,9.551668656580242,,,rv_20d,0.24586776859504134,52,0.0,0.0,0.0
2021-02-26 13:30:00+00:00,PCE,Surprise + State filter,-0.3066559924982575,53.00844294687579,0.5632270970498553,0.756496907568358,1.0,True,-2.4669236084556756,,,rv_20d,0.34917355371900827,57,53.00844294687579,0.5632270970498553,52.445215849825935
2021-03-05 13:30:00+00:00,NFP,Surprise + State filter,0.10051546581221242,41.48593526334565,0.579895618788618,-0.03544090887749101,0.0,True,-0.35259159962212516,,,rv_20d,0.493801652892562,62,0.0,0.0,0.0
2021-03-10 13:30:00+00:00,CPI,Surprise + State filter,-0.11902719013235194,49.21853779137564,0.5688505296194586,-1.1378050980551877,-1.0,True,9.559203210543815,,,rv_20d,0.7016460905349794,53,-49.21853779137564,0.5688505296194586,-49.7873883209951
2021-03-26 12:30:00+00:00,PCE,Surprise + State filter,1.354526371517124,34.980874817662766,0.5710459987397606,-3.582874063394136,-1.0,True,-2.645112076615513,,,rv_20d,0.823170731707317,58,-34.980874817662766,0.5710459987397606,-35.55192081640253
2021-04-13 12:30:00+00:00,CPI,Surprise + State filter,-1.1007080946219612,44.3923854534134,0.5247064357958349,0.0,0.0,True,9.595971745100716,,,rv_20d,0.23373983739837398,54,0.0,0.0,0.0
2021-04-30 12:30:00+00:00,PCE,Surprise + State filter,-0.31634349588250377,-0.9021606754089362,0.5230219849586091,0.0,0.0,True,-1.7001555483508004,,,rv_20d,0.07113821138211382,59,-0.0,0.0,-0.0
2021-05-07 12:30:00+00:00,NFP,Surprise + State filter,-0.9371711013313,44.769675126730135,0.5314177860035549,0.0,0.0,True,-0.3632820455883241,,,rv_20d,0.06707317073170732,63,0.0,0.0,0.0
2021-05-12 12:30:00+00:00,CPI,Surprise + State filter,-5.998741616835394,22.826282951413646,0.5464686816914147,0.0,0.0,True,8.603471224423098,,,rv_20d,0.17276422764227642,55,0.0,0.0,0.0
2021-05-28 12:30:00+00:00,PCE,Surprise + State filter,-0.3147710660260314,-8.581262337230555,0.5293323111743876,0.5360131438979572,1.0,True,-1.7028666283248195,,,rv_20d,0.37044534412955465,60,-8.581262337230555,0.5293323111743876,-9.110594648404943
2021-06-04 12:30:00+00:00,NFP,Surprise + State filter,-0.22898401033391952,-0.9191936839414439,0.5349566500645637,0.0,0.0,True,-0.3840102940220121,,,rv_20d,0.31097560975609756,64,-0.0,0.0,-0.0
2021-06-10 12:30:00+00:00,CPI,Surprise + State filter,-1.2857519574681133,64.38471572781879,0.5258672275917095,0.0,0.0,True,3.661903541229025,,,rv_20d,0.21747967479674796,56,0.0,0.0,0.0
2021-06-25 12:30:00+00:00,PCE,Surprise + State filter,1.353890520300208,3.8266194024316746,0.5051296789813798,0.0,0.0,True,-1.6788915005039793,,,rv_20d,0.006097560975609756,61,0.0,0.0,0.0
2021-07-02 12:30:00+00:00,NFP,Surprise + State filter,0.052207519745368525,18.48081430871673,0.49660935680526064,0.0,0.0,True,-0.38294523115818463,,,rv_20d,0.018292682926829267,65,0.0,0.0,0.0
2021-07-13 12:30:00+00:00,CPI,Surprise + State filter,-3.5455463257141377,-34.90287234182432,0.4862100762846843,0.0,0.0,True,2.8783458492625704,,,rv_20d,0.01016260162601626,57,-0.0,0.0,-0.0
2021-07-30 12:30:00+00:00,PCE,Surprise + State filter,1.3368933041672204,1.3448090391676715,0.4878048780487804,0.0,0.0,True,-1.4962423836692988,,,rv_20d,0.06707317073170732,62,0.0,0.0,0.0
2021-08-06 12:30:00+00:00,NFP,Surprise + State filter,-0.013168586432633885,-17.193497159802007,0.4787769724785788,0.0,0.0,True,-0.3871224527185781,,,rv_20d,0.06300813008130081,66,-0.0,0.0,-0.0
2021-08-11 12:30:00+00:00,CPI,Surprise + State filter,-0.023558568354873046,13.76029130305767,0.48289068354008824,0.0,0.0,True,3.860002830345291,,,rv_20d,0.09146341463414634,58,0.0,0.0,0.0
2021-08-27 12:30:00+00:00,PCE,Surprise + State filter,-0.3347998796911022,7.342323930501493,0.47341528315131326,0.0,0.0,True,-1.38335900162959,,,rv_20d,0.07926829268292683,63,0.0,0.0,0.0
2021-09-03 12:30:00+00:00,NFP,Surprise + State filter,-0.6679411690796805,-24.956818482380072,0.46400742411878587,0.0,0.0,True,-0.38186243801145214,,,rv_20d,0.13617886178861788,67,-0.0,0.0,-0.0
2021-09-14 12:30:00+00:00,CPI,Surprise + State filter,0.8192117877682124,14.536999216510083,0.47038214494258096,0.0,0.0,True,3.893842564248432,,,rv_20d,0.18495934959349594,59,0.0,0.0,0.0
2021-10-01 12:30:00+00:00,PCE,Surprise + State filter,-1.9950474862945664,-19.025299186878897,0.49203413698909043,2.834045189251567,1.0,True,-1.42054021707287,,,rv_20d,0.3638211382113821,64,-19.025299186878897,0.49203413698909043,-19.517333323867987
2021-10-08 12:30:00+00:00,NFP,Surprise + State filter,-0.44428519767740043,36.14219850184952,0.4861856223175966,0.16472750450058957,0.0,True,-0.3707697338595551,,,rv_20d,0.5101626016260162,68,0.0,0.0,0.0
2021-10-13 12:30:00+00:00,CPI,Surprise + State filter,-0.8730123949613188,-35.524619861142526,0.49273638603347203,-3.4750007959325036,-1.0,True,3.980471315171273,,,rv_20d,0.5182926829268293,60,35.524619861142526,0.49273638603347203,35.031883475109055
2021-10-29 12:30:00+00:00,PCE,Surprise + State filter,-0.3118249463231859,-10.554090689431916,0.4632735870155596,0.27634708988962914,0.0,True,-0.8862250860558593,,,rv_20d,0.3638211382113821,65,-0.0,0.0,-0.0
2021-11-05 12:30:00+00:00,NFP,Surprise + State filter,0.0039393692891312405,19.554231012683942,0.44318789638572625,0.0,0.0,True,-0.3827503073392683,,,rv_20d,0.241869918699187,69,0.0,0.0,0.0
2021-11-10 13:30:00+00:00,CPI,Surprise + State filter,-2.556455404982467,-9.465069173195673,0.448972008917513,0.0,0.0,True,4.1853999503391925,,,rv_20d,0.1483739837398374,61,-0.0,0.0,-0.0
2021-11-24 15:00:00+00:00,PCE,Surprise + State filter,1.3369344843085225,26.652098259383195,0.44804943993820007,0.0,0.0,True,-0.8589907023150057,,,rv_20d,0.32723577235772355,66,0.0,0.0,0.0
2021-12-03 13:30:00+00:00,NFP,Surprise + State filter,-0.4833671251658682,-6.85240873398385,0.4523122514232239,0.18708067111830595,0.0,True,-0.3870363981706636,,,rv_20d,0.4695121951219512,70,-0.0,0.0,-0.0
2021-12-10 13:30:00+00:00,CPI,Surprise + State filter,-0.8337716263587658,28.908420482807173,0.44775888955795384,-3.5355623593959686,-1.0,True,4.2404445625433675,,,rv_20d,0.7134146341463414,62,-28.908420482807173,0.44775888955795384,-29.356179372365126
2021-12-23 13:30:00+00:00,PCE,Surprise + State filter,-0.320719690291463,-2.3155116226547534,0.4475584912648929,0.09084475398207474,0.0,True,-0.28325281151125153,,,rv_20d,0.9126016260162602,67,-0.0,0.0,-0.0
2022-01-07 13:30:00+00:00,NFP,Surprise + State filter,-0.3780124387835242,-77.9932314505416,0.46011296566605314,0.14503772798442674,0.0,True,-0.38368506721940243,,,rv_20d,0.8608870967741935,71,-0.0,0.0,-0.0
2022-01-12 13:30:00+00:00,CPI,Surprise + State filter,-0.828879460574073,63.443420139321915,0.45643414756988165,-3.4069120772970787,-1.0,True,4.110262395617196,,,rv_20d,0.8487903225806451,63,-63.443420139321915,0.45643414756988165,-63.899854286891795
2022-01-28 13:30:00+00:00,PCE,Surprise + State filter,-0.31922917712759896,58.51370827326008,0.5222966645054391,0.08979007966820474,0.0,True,-0.28127153186976633,,,rv_20d,0.7520161290322581,68,0.0,0.0,0.0
2022-02-04 13:30:00+00:00,NFP,Surprise + State filter,0.3137581071235987,-67.5684084482242,0.4964138379636762,-0.11224373986503347,0.0,True,-0.35773972788794683,,,rv_20d,0.9495967741935484,72,-0.0,0.0,-0.0
2022-02-10 13:30:00+00:00,CPI,Surprise + State filter,-1.6544445730650783,-77.72321350952183,0.4824247666894016,-6.342922455516515,-1.0,True,3.8338682109884217,,,rv_20d,0.9737903225806451,64,77.72321350952183,0.4824247666894016,77.24078874283242
2022-02-25 13:30:00+00:00,PCE,Surprise + State filter,-0.3177592719112605,-3.738816975058512,0.5160509644814577,0.15350633319353424,0.0,True,-0.4830900205373186,,,rv_20d,0.9979838709677419,69,-0.0,0.0,-0.0
2022-03-04 13:30:00+00:00,NFP,Surprise + State filter,0.21157723178032842,-30.501503866240398,0.5205995871106723,-0.0732465337593443,0.0,True,-0.3461928920376132,,,rv_20d,0.9334677419354839,73,-0.0,0.0,-0.0
2022-03-10 13:30:00+00:00,CPI,Surprise + State filter,0.01752763028449497,-43.540897539280365,0.535282499953855,0.0835540251778701,0.0,True,4.7669892519231425,,,rv_20d,0.9899193548387096,65,-0.0,0.0,-0.0
2022-03-31 12:30:00+00:00,PCE,Surprise + State filter,-0.3163095037297847,-6.286603125360557,0.47956078846408257,0.14978239188726888,0.0,True,-0.47353111468703835,,,rv_20d,0.9213709677419355,70,-0.0,0.0,-0.0
2022-04-01 12:30:00+00:00,NFP,Surprise + State filter,-0.1576196468748535,-30.830607018543787,0.48496605237633367,0.0536569788707806,0.0,True,-0.3404206260745087,,,rv_20d,0.9294354838709677,74,-0.0,0.0,-0.0
2022-04-12 12:30:00+00:00,CPI,Surprise + State filter,0.01746830212922925,70.01770244134065,0.5162530708156798,0.07988619280995639,0.0,True,4.573208788064464,,,rv_20d,0.8253012048192772,66,0.0,0.0,0.0
2022-04-29 12:30:00+00:00,PCE,Surprise + State filter,-0.314879416609685,-21.433817219183027,0.543967587034814,0.14362702512241038,0.0,True,-0.4561334197987482,,,rv_20d,0.8487903225806451,71,-0.0,0.0,-0.0
2022-05-06 12:30:00+00:00,NFP,Surprise + State filter,-0.03130413075081324,-115.64661715819824,0.5664173128381413,0.010401247601215833,0.0,True,-0.3322643801871299,,,rv_20d,0.9979838709677419,75,-0.0,0.0,-0.0
2022-05-11 12:30:00+00:00,CPI,Surprise + State filter,-0.8137570479692707,-133.76894566938802,0.5818619582664527,-3.937039630871728,-1.0,True,4.838102036346847,,,rv_20d,0.9979838709677419,67,133.76894566938802,0.5818619582664527,133.18708371112157
2022-05-27 12:30:00+00:00,PCE,Surprise + State filter,-0.3134685689124132,70.71450823115555,0.5885934645829104,0.12278999938268434,0.0,True,-0.39171391188822285,,,rv_20d,0.9737903225806451,72,0.0,0.0,0.0
2022-06-03 12:30:00+00:00,NFP,Surprise + State filter,-0.00230345274077212,-59.007630463554506,0.5681929504888418,0.0007032333507200368,0.0,True,-0.30529532395976666,,,rv_20d,0.9455645161290323,76,-0.0,0.0,-0.0
2022-06-10 12:30:00+00:00,CPI,Surprise + State filter,-2.473490408348257,-70.38200785096649,0.5893230913044362,-13.31048831735223,-1.0,True,5.381257300383341,,,rv_20d,0.8850806451612904,68,70.38200785096649,0.5893230913044362,69.79268475966205
2022-06-30 12:30:00+00:00,PCE,Surprise + State filter,1.3674428037700574,-45.06171103429324,0.6300102105103083,-0.8388005438621468,-1.0,True,-0.613408137839157,,,rv_20d,0.8643724696356275,73,45.06171103429324,0.6300102105103083,44.43170082378293
2022-07-08 12:30:00+00:00,NFP,Surprise + State filter,0.038531795866142235,-30.756466473071953,0.5991611743559017,-0.011270267441456575,0.0,True,-0.29249265932501534,,,rv_20d,0.8522267206477733,77,-0.0,0.0,-0.0
2022-07-13 12:30:00+00:00,CPI,Surprise + State filter,-1.6387895948837974,-41.650092040583786,0.6081449482028268,-10.690832990690643,-1.0,True,6.523615370799754,,,rv_20d,0.8157894736842105,69,41.650092040583786,0.6081449482028268,41.04194709238096
2022-07-29 12:30:00+00:00,PCE,Surprise + State filter,-1.9957008241117162,6.624581334904178,0.5641364821227094,2.8786786220105616,1.0,True,-1.442439962558946,,,rv_20d,0.5526315789473685,74,6.624581334904178,0.5641364821227094,6.060444852781469
2022-08-05 12:30:00+00:00,NFP,Surprise + State filter,0.24144452119551107,-55.79079693145417,0.5431423594853257,-0.06918451649623904,0.0,True,-0.28654415579062353,,,rv_20d,0.548582995951417,78,-0.0,0.0,-0.0
2022-08-10 12:30:00+00:00,CPI,Surprise + State filter,1.6768964978331644,48.702158109605875,0.5537838715221418,11.553989402444364,1.0,True,6.890102887908755,,,rv_20d,0.4797570850202429,70,48.702158109605875,0.5537838715221418,48.14837423808373
2022-08-26 12:30:00+00:00,PCE,Surprise + State filter,1.3517023197616702,3.610760104244548,0.5533823108482014,-2.105091707264305,-1.0,True,-1.557363390214105,,,rv_20d,0.34210526315789475,75,-3.610760104244548,0.5533823108482014,-4.1641424150927495
2022-09-02 12:30:00+00:00,NFP,Surprise + State filter,-0.06967087212902896,-10.306258427235093,0.5899104963384866,0.019354380137314168,0.0,True,-0.2777972995869819,,,rv_20d,0.39473684210526316,79,-0.0,0.0,-0.0
2022-09-13 12:30:00+00:00,CPI,Surprise + State filter,-1.579948474762284,-145.1945691576384,0.5649277282113219,-11.912040510180711,-1.0,True,7.5395120160313915,,,rv_20d,0.3825910931174089,71,145.1945691576384,0.5649277282113219,144.62964142942707
2022-09-30 12:30:00+00:00,PCE,Surprise + State filter,-3.6097507213276065,36.990037051545244,0.6419764018329532,5.197967721666521,1.0,True,-1.4399796891666787,,,rv_20d,0.5566801619433198,76,36.990037051545244,0.6419764018329532,36.34806064971229
2022-10-07 12:30:00+00:00,NFP,Surprise + State filter,-0.08079578102720068,-49.42512285587952,0.6280454791553871,0.022324095330501413,0.0,True,-0.27630273569588726,,,rv_20d,0.6538461538461539,80,-0.0,0.0,-0.0
2022-10-13 12:30:00+00:00,CPI,Surprise + State filter,-1.5620361853588192,-9.954494564929917,0.6631603018522754,-13.912232564884183,-1.0,True,8.906472651072658,,,rv_20d,0.45546558704453444,72,9.954494564929917,0.6631603018522754,9.29133426307764
2022-10-28 12:30:00+00:00,PCE,Surprise + State filter,-0.27118989507824,-28.43232452125477,0.6526974409758952,0.7201761427715105,1.0,True,-2.655615698968928,,,rv_20d,0.6578947368421053,77,-28.43232452125477,0.6526974409758952,-29.085021962230666
2022-11-04 12:30:00+00:00,NFP,Surprise + State filter,-0.00859864988766689,144.74713980558107,0.6717783594709166,0.0022854009307265656,0.0,True,-0.2657860199662896,,,rv_20d,0.7510121457489879,81,0.0,0.0,0.0
2022-11-10 13:30:00+00:00,CPI,Surprise + State filter,1.6607633563681254,125.51069360650757,0.666421546097987,14.752650162081634,1.0,True,8.88305375086296,,,rv_20d,0.6619433198380567,73,125.51069360650757,0.666421546097987,124.84427206040958
2022-12-01 13:30:00+00:00,PCE,Surprise + State filter,1.3116164878816416,-5.793862806164896,0.6007374570161992,-3.4234227935115014,-1.0,True,-2.610079108597197,,,rv_20d,0.868421052631579,78,5.793862806164896,0.6007374570161992,5.193125349148696
2022-12-02 13:30:00+00:00,NFP,Surprise + State filter,-0.014585134531113096,20.317897315393907,0.6025598404255319,0.004339631226909609,0.0,True,-0.29753796357875767,,,rv_20d,0.8603238866396761,82,0.0,0.0,0.0
2022-12-13 13:30:00+00:00,CPI,Surprise + State filter,1.640803512240514,-30.368964941764887,0.6041666666666666,0.0,0.0,True,10.77521049093692,,,rv_20d,0.15991902834008098,74,-0.0,0.0,-0.0
2022-12-23 13:30:00+00:00,PCE,Surprise + State filter,-0.2794555225126812,-24.8565229438924,0.6568516421291053,0.7351185246819891,1.0,True,-2.630538548933599,,,rv_20d,0.34210526315789475,79,-24.8565229438924,0.6568516421291053,-25.513374586021506
2023-01-06 13:30:00+00:00,NFP,Surprise + State filter,-0.06884081561522244,80.27750169436132,0.6733850369200761,0.0,0.0,True,-0.30239833796435966,,,rv_20d,0.06300813008130081,83,0.0,0.0,0.0
2023-01-12 13:30:00+00:00,CPI,Surprise + State filter,0.03632795161555792,159.54592712823512,0.6363556569823575,0.0,0.0,True,9.926586784875669,,,rv_20d,0.1402439024390244,75,0.0,0.0,0.0
2023-01-27 13:30:00+00:00,PCE,Surprise + State filter,-1.8612980836883501,2.9067353414546915,0.6006130395161958,0.0,0.0,True,-2.5859321772773876,,,rv_20d,0.01016260162601626,80,0.0,0.0,0.0
2023-02-03 13:30:00+00:00,NFP,Surprise + State filter,0.30665937768946433,-38.647199609762595,0.5689509721214023,0.0,0.0,True,-0.3206285533257915,,,rv_20d,0.07520325203252033,84,-0.0,0.0,-0.0
2023-02-14 13:30:00+00:00,CPI,Surprise + State filter,0.036212663530961496,28.599161518734206,0.5762887007670602,0.0,0.0,True,10.45687844856489,,,rv_20d,0.30284552845528456,76,0.0,0.0,0.0
2023-02-24 13:30:00+00:00,PCE,Surprise + State filter,-1.830009657188023,-38.88668510082738,0.5995203836930456,0.0,0.0,True,-2.5754067800773477,,,rv_20d,0.30284552845528456,81,-0.0,0.0,-0.0
2023-03-10 13:30:00+00:00,NFP,Surprise + State filter,0.011791312539496484,2.278730135714113,0.6030861373372707,0.0,0.0,True,-0.31554715992832383,,,rv_20d,0.006097560975609756,85,0.0,0.0,0.0
2023-03-14 12:30:00+00:00,CPI,Surprise + State filter,0.03609846609086587,0.6221807436901372,0.6021594684385382,0.0,0.0,True,10.53426676925843,,,rv_20d,0.014227642276422764,77,0.0,0.0,0.0
2023-03-31 12:30:00+00:00,PCE,Surprise + State filter,-0.24561985495403924,-8.967840401048477,0.554270751705816,0.0,0.0,True,-1.8770668228153475,,,rv_20d,0.026422764227642278,82,-0.0,0.0,-0.0
2023-04-12 12:30:00+00:00,CPI,Surprise + State filter,0.8362188016428281,-5.122416374732097,0.5554385091264292,0.0,0.0,True,10.517318490378981,,,rv_20d,0.0020408163265306124,78,-0.0,0.0,-0.0
2023-04-28 12:30:00+00:00,PCE,Surprise + State filter,-0.2446458487409858,24.63428821002367,0.5495963309707008,0.0,0.0,True,-1.8697600585855583,,,rv_20d,0.034552845528455285,83,0.0,0.0,0.0
2023-05-05 12:30:00+00:00,NFP,Surprise + State filter,-0.009663468391275397,11.063003016644757,0.5519078884765439,0.0,0.0,True,-0.3163665569514182,,,rv_20d,0.03048780487804878,86,0.0,0.0,0.0
2023-05-10 12:30:00+00:00,CPI,Surprise + State filter,0.030788529266230838,43.2427034999705,0.5467468562055768,0.0,0.0,True,10.335065111463136,,,rv_20d,0.06300813008130081,79,0.0,0.0,0.0
2023-05-26 12:30:00+00:00,PCE,Surprise + State filter,-1.809426281392467,9.453566749684228,0.5168971909311278,0.0,0.0,True,-1.8938691003433412,,,rv_20d,0.026422764227642278,84,0.0,0.0,0.0
2023-06-02 12:30:00+00:00,NFP,Surprise + State filter,0.0835127359455142,-19.619998032780472,0.49866735448370736,0.0,0.0,True,-0.3189518540256752,,,rv_20d,0.09146341463414634,87,-0.0,0.0,-0.0
2023-06-13 12:30:00+00:00,CPI,Surprise + State filter,0.111044762907337,19.612944120730447,0.48788694481830414,0.0,0.0,True,10.450685452331022,,,rv_20d,0.1565040650406504,80,0.0,0.0,0.0
2023-06-30 12:30:00+00:00,PCE,Surprise + State filter,-0.22837106669327886,17.40873175297253,0.4774998765086526,0.0,0.0,True,-2.0120157195524735,,,rv_20d,0.07520325203252033,85,0.0,0.0,0.0
2023-07-07 12:30:00+00:00,NFP,Surprise + State filter,-0.1195977821158257,-32.310735747174135,0.4761592013660843,0.0,0.0,True,-0.3157423198700444,,,rv_20d,0.10408163265306122,88,-0.0,0.0,-0.0
2023-07-12 12:30:00+00:00,CPI,Surprise + State filter,0.7957918434964811,13.31947438810488,0.473469387755102,0.0,0.0,True,10.497660772690498,,,rv_20d,0.014285714285714285,81,0.0,0.0,0.0
2023-07-28 12:30:00+00:00,PCE,Surprise + State filter,-0.22749221991958832,3.1765696492058737,0.4606464935271225,0.0,0.0,True,-2.0222162522666904,,,rv_20d,0.0020408163265306124,86,0.0,0.0,0.0
2023-08-04 12:30:00+00:00,NFP,Surprise + State filter,-0.1093620433557646,20.64749979417968,0.46870201865110794,0.0,0.0,True,-0.3090130376862364,,,rv_20d,0.15306122448979592,89,0.0,0.0,0.0
2023-08-10 12:30:00+00:00,CPI,Surprise + State filter,0.025247022731454967,-12.714145382517472,0.47421264349020503,0.0,0.0,True,10.491178559991239,,,rv_20d,0.19795918367346937,82,-0.0,0.0,-0.0
2023-08-31 12:30:00+00:00,PCE,Surprise + State filter,-0.22662344597528022,-8.378988566271062,0.46687595588827174,0.4587644637868085,0.0,True,-2.024346871139052,,,rv_20d,0.35306122448979593,87,-0.0,0.0,-0.0
2023-09-01 12:30:00+00:00,NFP,Surprise + State filter,-0.07191857716894035,16.480399259606315,0.46544474047443263,0.022577920069683847,0.0,True,-0.31393724623677105,,,rv_20d,0.35306122448979593,90,0.0,0.0,0.0
2023-09-13 12:30:00+00:00,CPI,Surprise + State filter,0.025170356873976597,47.16603624444815,0.4738329820433639,0.26276096566617324,0.0,True,10.439302350052868,,,rv_20d,0.3693877551020408,83,0.0,0.0,0.0
2023-09-29 12:30:00+00:00,PCE,Surprise + State filter,1.3433872606317534,4.3336223093248805,0.4846256684491978,0.0,0.0,True,-2.020324259994813,,,rv_20d,0.0020408163265306124,88,0.0,0.0,0.0
2023-10-06 12:30:00+00:00,NFP,Surprise + State filter,0.1131620651823218,-29.579784929545383,0.48716570353447114,0.0,0.0,True,-0.31771529786348573,,,rv_20d,0.11224489795918367,91,-0.0,0.0,-0.0
2023-10-12 12:30:00+00:00,CPI,Surprise + State filter,-0.7867827476260195,-15.095077489526432,0.46944556859571024,0.0,0.0,True,10.553012217104387,,,rv_20d,0.17755102040816326,84,-0.0,0.0,-0.0
2023-10-27 12:30:00+00:00,PCE,Surprise + State filter,-1.799426751444557,15.032077082040018,0.5070373284378005,3.425640299207125,1.0,True,-1.9037397862719692,,,rv_20d,0.5530612244897959,89,15.032077082040018,0.5070373284378005,14.525039753602218
2023-11-03 12:30:00+00:00,NFP,Surprise + State filter,-0.13108733580921772,5.651126220378444,0.48453659922139974,0.04105366945325974,0.0,True,-0.31317799846820105,,,rv_20d,0.6061224489795919,92,0.0,0.0,0.0
2023-11-14 13:30:00+00:00,CPI,Surprise + State filter,0.8426941285268533,48.15545747067773,0.46496713163379827,8.931146816235026,1.0,True,10.598325672267249,,,rv_20d,0.6428571428571429,85,48.15545747067773,0.46496713163379827,47.69049033904393
2023-11-30 13:30:00+00:00,PCE,Surprise + State filter,1.3321946861111806,-17.27425243775116,0.450821583471948,0.0,0.0,True,-2.0932613700298868,,,rv_20d,0.026530612244897958,90,-0.0,0.0,-0.0
2023-12-08 13:30:00+00:00,NFP,Surprise + State filter,-0.07577269969724261,22.41749188918618,0.4539264639128461,0.0,0.0,True,-0.3148155090603678,,,rv_20d,0.030612244897959183,93,0.0,0.0,0.0
2023-12-12 13:30:00+00:00,CPI,Surprise + State filter,-0.7887014604517996,-43.008176394288,0.4442197815664109,0.0,0.0,True,10.897173158376152,,,rv_20d,0.014285714285714285,86,-0.0,0.0,-0.0
2023-12-22 13:30:00+00:00,PCE,Surprise + State filter,1.319160634839701,22.819463854801825,0.42741341193809873,0.0,0.0,True,-2.272149220423449,,,rv_20d,0.018367346938775512,91,0.0,0.0,0.0
2024-01-05 13:30:00+00:00,NFP,Surprise + State filter,-0.041746958090400695,22.43402364765501,0.4418239712357359,0.0,0.0,True,-0.31968154873653676,,,rv_20d,0.08775510204081632,94,0.0,0.0,0.0
2024-01-11 13:30:00+00:00,CPI,Surprise + State filter,-0.7849042105335153,-28.64443023430141,0.4258255877127292,0.0,0.0,True,11.043175130887425,,,rv_20d,0.15714285714285714,87,-0.0,0.0,-0.0
2024-01-26 13:30:00+00:00,PCE,Surprise + State filter,-0.23765961104637265,17.773737945034895,0.4126586601400194,0.0,0.0,True,-1.9257951280557424,,,rv_20d,0.14489795918367346,92,0.0,0.0,0.0
2024-02-02 13:30:00+00:00,NFP,Surprise + State filter,0.1178356155064509,-17.559517699368143,0.411814825333712,0.0,0.0,True,-0.3242716228731599,,,rv_20d,0.23469387755102042,95,-0.0,0.0,-0.0
2024-02-13 13:30:00+00:00,CPI,Surprise + State filter,-0.7811613847490155,-39.55645477144998,0.406344580204013,0.0,0.0,True,11.133976979331718,,,rv_20d,0.23877551020408164,88,-0.0,0.0,-0.0
2024-02-29 13:30:00+00:00,PCE,Surprise + State filter,-0.23678595848151593,37.97604981336633,0.40578168945107534,0.45964266508304397,1.0,True,-1.9411736575542116,,,rv_20d,0.7285714285714285,93,37.97604981336633,0.40578168945107534,37.570268123915255
2024-03-08 13:30:00+00:00,NFP,Surprise + State filter,0.0003740759023637736,14.31366244670329,0.3964998632759092,-0.00012037606468674079,0.0,True,-0.3217958278683238,,,rv_20d,0.7081632653061225,96,0.0,0.0,0.0
2024-03-12 12:30:00+00:00,CPI,Surprise + State filter,0.038897596673548446,37.70659896193962,0.40166204986149584,0.43796210956780857,1.0,True,11.25936168353651,,,rv_20d,0.8061224489795918,89,37.70659896193962,0.40166204986149584,37.30493691207813
2024-04-05 12:30:00+00:00,NFP,Surprise + State filter,0.01805478474136971,19.031863419449735,0.3993445241603437,0.0,0.0,True,-0.32462346643496587,,,rv_20d,0.05942622950819672,97,0.0,0.0,0.0
2024-04-10 12:30:00+00:00,CPI,Surprise + State filter,-0.7799931857072275,-34.04481486544597,0.393866547148542,0.0,0.0,True,11.349744750151999,,,rv_20d,0.03877551020408163,90,-0.0,0.0,-0.0
2024-04-26 12:30:00+00:00,PCE,Surprise + State filter,-0.24439946298316922,-37.86363777319224,0.4090960388218034,0.48215674767587424,1.0,True,-1.9728224513696184,,,rv_20d,0.6959183673469388,94,-37.86363777319224,0.4090960388218034,-38.27273381201404
2024-05-03 12:30:00+00:00,NFP,Surprise + State filter,-0.17706829493247359,14.516019019055193,0.4085888187556357,0.05810406987164629,0.0,True,-0.3281449674195188,,,rv_20d,0.9285714285714286,98,0.0,0.0,0.0
2024-05-15 12:30:00+00:00,CPI,Surprise + State filter,0.8630942134153134,-7.425859884477859,0.3938451509513397,9.886725166304387,1.0,True,11.454977930140496,,,rv_20d,0.7204081632653061,91,-7.425859884477859,0.3938451509513397,-7.819705035429199
2024-05-31 12:30:00+00:00,PCE,Surprise + State filter,-0.24351667860145637,15.832766392911424,0.39036734913648047,0.0,0.0,True,-1.9391154994418691,,,rv_20d,0.05510204081632653,95,0.0,0.0,0.0
2024-06-07 12:30:00+00:00,NFP,Surprise + State filter,0.022890670339214506,-13.687634571404317,0.37978993687629325,0.0,0.0,True,-0.331475566174574,,,rv_20d,0.022448979591836733,99,-0.0,0.0,-0.0
2024-06-12 12:30:00+00:00,CPI,Surprise + State filter,0.8587529694109373,0.0,0.37605684942165046,0.0,0.0,True,11.251648602752256,,,rv_20d,0.03877551020408163,92,0.0,0.0,0.0
2024-06-28 12:30:00+00:00,PCE,Surprise + State filter,-0.2426433957445556,-37.77293540768056,0.35982381041007505,0.0,0.0,True,-1.9530530319976418,,,rv_20d,0.12857142857142856,96,-0.0,0.0,-0.0
2024-07-05 12:30:00+00:00,NFP,Surprise + State filter,-0.07399593365510283,-21.64039895038883,0.3545665729306761,0.0,0.0,True,-0.329368160270788,,,rv_20d,0.11632653061224489,100,-0.0,0.0,-0.0
2024-07-11 12:30:00+00:00,CPI,Surprise + State filter,1.6754537637453566,-30.347949118798567,0.34704354798176223,0.0,0.0,True,11.122986881317162,,,rv_20d,0.10408163265306122,93,-0.0,0.0,-0.0
2024-07-26 12:30:00+00:00,PCE,Surprise + State filter,-0.5783982211069412,-23.17709370849741,0.3774272476443334,1.111047885290318,1.0,True,-1.9209047413112534,,,rv_20d,0.9938775510204082,97,-23.17709370849741,0.3774272476443334,-23.554520956141744
2024-08-02 12:30:00+00:00,NFP,Surprise + State filter,-0.1721608664320203,-9.008706784250364,0.38766943828035183,0.056047712707974165,0.0,True,-0.32555431364598325,,,rv_20d,0.9979591836734694,101,-0.0,0.0,-0.0
2024-08-14 12:30:00+00:00,CPI,Surprise + State filter,0.023803419256880783,-2.3520188269898767,0.3794768453697282,0.24644698191424438,0.0,True,10.353427768281849,,,rv_20d,0.9979591836734694,94,-0.0,0.0,-0.0
2024-08-30 12:30:00+00:00,PCE,Surprise + State filter,-0.238436036952374,-19.44207005273313,0.3708297635640576,0.4370894402681888,1.0,True,-1.8331517578254939,,,rv_20d,0.9122448979591836,98,-19.44207005273313,0.3708297635640576,-19.812899816297186
2024-09-06 12:30:00+00:00,NFP,Surprise + State filter,-0.12297466673639144,61.051301724752705,0.3861980796633418,0.039841040293861436,0.0,True,-0.3239776236130382,,,rv_20d,0.8918367346938776,102,0.0,0.0,0.0
2024-09-11 12:30:00+00:00,CPI,Surprise + State filter,-0.09913290389855092,55.82819461057653,0.3845286871660235,-1.0248876733587373,-1.0,True,10.338521651777404,,,rv_20d,0.9081632653061225,95,-55.82819461057653,0.3845286871660235,-56.212723297742556
2024-09-27 12:30:00+00:00,PCE,Surprise + State filter,-0.2375999467930136,0.49076743767528797,0.35606851249309346,0.43213825508963655,1.0,True,-1.8187641071573806,,,rv_20d,0.8346938775510204,99,0.49076743767528797,0.35606851249309346,0.1346989251821945
2024-10-04 12:30:00+00:00,NFP,Surprise + State filter,0.040543022944561934,62.43207277027096,0.3611322117480044,-0.013623878554420949,0.0,True,-0.3360350946955802,,,rv_20d,0.6224489795918368,103,0.0,0.0,0.0
2024-10-10 12:30:00+00:00,CPI,Surprise + State filter,-0.7970756838786801,-18.522726295806535,0.3546532958297664,-8.296788235637058,-1.0,True,10.409034428529726,,,rv_20d,0.463265306122449,96,18.522726295806535,0.3546532958297664,18.16807299997677
2024-10-31 12:30:00+00:00,PCE,Surprise + State filter,-0.2367725943128565,-8.949643531117601,0.35521367940128123,0.0,0.0,True,-1.8197977821617632,,,rv_20d,0.19387755102040816,100,-0.0,0.0,-0.0
2024-11-01 12:30:00+00:00,NFP,Surprise + State filter,-0.20694615809024963,9.948517248012934,0.36068305908983495,0.0715818741313814,0.0,True,-0.3458961248276201,,,rv_20d,0.5530612244897959,104,0.0,0.0,0.0
2024-11-13 13:30:00+00:00,CPI,Surprise + State filter,0.028872763033326438,-14.983927529890195,0.342850387184489,0.3021152083326009,0.0,True,10.463674986141227,,,rv_20d,0.6142857142857143,97,-0.0,0.0,-0.0
2024-11-27 15:00:00+00:00,PCE,Surprise + State filter,-0.23595382831701026,-34.35686431782159,0.3475467989741377,0.42798211536235764,1.0,True,-1.8138384039582196,,,rv_20d,0.7348178137651822,101,-34.35686431782159,0.3475467989741377,-34.704411116795725
2024-12-06 13:30:00+00:00,NFP,Surprise + State filter,-0.08361582857707964,-7.442206957755104,0.33772767503610196,0.029098118107142242,0.0,True,-0.3479977248604157,,,rv_20d,0.5489795918367347,105,-0.0,0.0,-0.0
2024-12-11 13:30:00+00:00,CPI,Surprise + State filter,-0.13613039922014264,18.829551678329892,0.3377709447103905,0.0,0.0,True,10.418890029879497,,,rv_20d,0.3,98,0.0,0.0,0.0
2025-01-10 13:30:00+00:00,NFP,Surprise + State filter,0.02543842745033338,-18.097625634645453,0.34061545689452666,-0.008819131436713012,0.0,True,-0.3466854016008538,,,rv_20d,0.8292181069958847,106,-0.0,0.0,-0.0
2025-01-15 13:30:00+00:00,CPI,Surprise + State filter,0.029630018694912632,46.982441545075915,0.3453367628846337,0.3092187212857992,0.0,True,10.435994808835234,,,rv_20d,0.8299180327868853,99,0.0,0.0,0.0
2025-01-31 13:30:00+00:00,PCE,Surprise + State filter,-0.24328328434500773,3.6718302191118823,0.33278633969452504,0.43539868761202005,1.0,True,-1.7896777774282568,,,rv_20d,0.7304526748971193,102,3.6718302191118823,0.33278633969452504,3.3390438794173574
2025-02-07 13:30:00+00:00,NFP,Surprise + State filter,-0.13442132024142522,31.817272246321693,0.33173566387169834,0.04623225151792898,0.0,True,-0.3439354072322329,,,rv_20d,0.6234567901234568,107,0.0,0.0,0.0
2025-02-12 13:30:00+00:00,CPI,Surprise + State filter,-1.6288289771507536,-22.023121578520488,0.33217644296301385,-17.153103058462914,-1.0,True,10.530941737338294,,,rv_20d,0.602880658436214,100,22.023121578520488,0.33217644296301385,21.690945135557474
2025-02-28 13:30:00+00:00,PCE,Surprise + State filter,-0.24245575341235073,-15.279397617540269,0.3522367030644593,0.43485181321630784,1.0,True,-1.7935306013412855,,,rv_20d,0.43415637860082307,103,-15.279397617540269,0.3522367030644593,-15.631634320604729
2025-03-07 13:30:00+00:00,NFP,Surprise + State filter,-0.10408611006653506,-75.46362563040532,0.3605126738852078,0.036424435221920154,0.0,True,-0.34994520593224715,,,rv_20d,0.7633744855967078,108,-0.0,0.0,-0.0
2025-03-12 12:30:00+00:00,CPI,Surprise + State filter,0.863785844188717,-14.313855847269963,0.3699970655405147,9.176421145549694,1.0,True,10.623491004495857,,,rv_20d,0.9032921810699589,101,-14.313855847269963,0.3699970655405147,-14.683852912810478
2025-03-28 12:30:00+00:00,PCE,Surprise + State filter,-0.2416366134206346,-20.744939075711955,0.3637275805844726,0.4307840822596165,1.0,True,-1.7827765261290058,,,rv_20d,0.9320987654320988,104,-20.744939075711955,0.3637275805844726,-21.10866665629643
2025-04-04 12:30:00+00:00,NFP,Surprise + State filter,0.022901267949125444,39.20413844255677,0.3996692392502756,-0.007705679197828738,0.0,True,-0.3364739111802324,,,rv_20d,0.9979508196721312,109,0.0,0.0,0.0
2025-04-10 12:30:00+00:00,CPI,Surprise + State filter,1.6857215992659478,-61.833617511624084,0.38479910832758346,17.521663631202326,1.0,True,10.394162143281656,,,rv_20d,0.9979508196721312,102,-61.833617511624084,0.38479910832758346,-62.21841661995167
2025-04-30 14:00:00+00:00,PCE,Surprise + State filter,-0.24082572346498407,73.4203377380993,0.37915931228345423,0.42583436363701777,1.0,True,-1.7682262405782156,,,rv_20d,0.9897119341563786,105,73.4203377380993,0.37915931228345423,73.04117842581586
2025-05-02 12:30:00+00:00,NFP,Surprise + State filter,-0.04068498955260628,34.270722133555864,0.36349962396590624,0.013932793242145546,0.0,True,-0.34245537224804357,,,rv_20d,0.9897119341563786,110,0.0,0.0,0.0
2025-05-13 12:30:00+00:00,CPI,Surprise + State filter,0.8463013350782487,-11.17943101341723,0.3454396016724041,7.8432622213717975,1.0,True,9.26769449163945,,,rv_20d,0.7880658436213992,103,-11.17943101341723,0.3454396016724041,-11.524870615089633
2025-05-30 12:30:00+00:00,PCE,Surprise + State filter,-0.2400229459321998,5.977882015208991,0.340467497094286,0.4376662819834753,1.0,True,-1.823435173181753,,,rv_20d,0.4794238683127572,106,5.977882015208991,0.340467497094286,5.637414518114705
2025-06-06 12:30:00+00:00,NFP,Surprise + State filter,-0.07537897167229662,12.070007500355473,0.33440188187541803,0.02623710997562225,0.0,True,-0.3480693540061246,,,rv_20d,0.3683127572016461,111,0.0,0.0,0.0
2025-06-11 12:30:00+00:00,CPI,Surprise + State filter,0.842385437586005,-17.12202979796018,0.3301983467310363,0.0,0.0,True,9.09992270729266,,,rv_20d,0.10082304526748971,104,-0.0,0.0,-0.0
2025-06-27 12:30:00+00:00,PCE,Surprise + State filter,-0.23922814640251422,-9.89348100354448,0.3184118932331983,0.0,0.0,True,-1.828359146630725,,,rv_20d,0.06790123456790123,107,-0.0,0.0,-0.0
2025-07-15 12:30:00+00:00,CPI,Surprise + State filter,0.015270024971998773,0.64669806768336,0.31316141851323914,0.0,0.0,True,8.895132591156589,,,rv_20d,0.03497942386831276,105,0.0,0.0,0.0
2025-07-31 12:30:00+00:00,PCE,Surprise + State filter,-0.23844119355490775,-0.5251576786946544,0.3046794561997016,0.0,0.0,True,-1.8218942396982654,,,rv_20d,0.00205761316872428,108,-0.0,0.0,-0.0
2025-08-01 12:30:00+00:00,NFP,Surprise + State filter,-0.13459299863347782,-8.55788813233005,0.31354063054101977,0.0,0.0,True,-0.3501084787255512,,,rv_20d,0.00205761316872428,112,-0.0,0.0,-0.0
2025-08-12 12:30:00+00:00,CPI,Surprise + State filter,0.015229351855953272,13.785485332746816,0.3063110641668867,0.0,0.0,True,8.891315390986458,,,rv_20d,0.09259259259259259,106,0.0,0.0,0.0
2025-08-29 12:30:00+00:00,PCE,Surprise + State filter,-0.23766195907583582,-1.6900099328154283,0.30681337283114685,0.0,0.0,True,-1.8221275506009116,,,rv_20d,0.294238683127572,109,-0.0,0.0,-0.0
2025-09-05 12:30:00+00:00,NFP,Surprise + State filter,-0.16203229557152443,53.33849963573556,0.3048492047640572,0.0,0.0,True,-0.34856418254663474,,,rv_20d,0.08024691358024691,113,0.0,0.0,0.0
2025-09-11 12:30:00+00:00,CPI,Surprise + State filter,-0.8125014898375039,-3.338375702597318,0.30273926841489895,0.0,0.0,True,8.91004394219802,,,rv_20d,0.047325102880658436,107,-0.0,0.0,-0.0
2025-09-26 12:30:00+00:00,PCE,Surprise + State filter,-0.23689031757122087,6.886424901253463,0.2942191019215551,0.0,0.0,True,-1.821560373460365,,,rv_20d,0.043209876543209874,110,0.0,0.0,0.0
2025-10-24 12:30:00+00:00,CPI,Surprise + State filter,0.847953082809842,-18.738998777685367,0.2858015748652298,7.551713990883601,1.0,True,8.905815833418124,,,rv_20d,0.5205761316872428,108,-18.738998777685367,0.2858015748652298,-19.024800352550596
2025-11-20 13:30:00+00:00,NFP,Surprise + State filter,-0.0023105936820798033,11.997126095053545,0.28835923594745894,0.0008280139366520785,0.0,True,-0.35835549238876546,,,rv_20d,0.6069958847736625,114,0.0,0.0,0.0
2025-12-05 15:00:00+00:00,PCE,Surprise + State filter,-0.2361261464815725,23.6370087189286,0.28110308728735517,0.4313440115047961,1.0,True,-1.8267524284459475,,,rv_20d,0.6358024691358025,111,23.6370087189286,0.28110308728735517,23.355905631641242
2025-12-16 13:30:00+00:00,NFP,Surprise + State filter,,-37.12060462220279,0.2892479553161779,,0.0,False,,,,,,115,-0.0,0.0,-0.0
2026-01-09 13:30:00+00:00,NFP,Surprise + State filter,-0.11728348610816007,19.200936853316364,0.2816436333971078,0.0,0.0,True,-0.36006399977221165,,,rv_20d,0.25308641975308643,115,0.0,0.0,0.0
2026-01-13 13:30:00+00:00,CPI,Surprise + State filter,0.01505420514787327,-12.698292247037557,0.27979584551410075,0.0,0.0,True,8.69470044705493,,,rv_20d,0.3094262295081967,109,-0.0,0.0,-0.0
2026-02-11 13:30:00+00:00,NFP,Surprise + State filter,-0.002974276950318473,58.33620863690214,0.2872652349631508,0.001080412739868897,0.0,True,-0.3632522316905327,,,rv_20d,0.5348360655737705,116,0.0,0.0,0.0
2026-02-13 13:30:00+00:00,CPI,Surprise + State filter,0.8462769813651695,-8.16808140889691,0.2934480141664559,7.336791629786196,1.0,True,8.669492130048097,,,rv_20d,0.6413934426229508,110,-8.16808140889691,0.2934480141664559,-8.461529423063366
2026-02-20 13:30:00+00:00,PCE,Surprise + State filter,-1.874584816789142,-18.55419060252217,0.29166247611384893,3.454494638530508,1.0,True,-1.8428051948310848,,,rv_20d,0.4733606557377049,112,-18.55419060252217,0.29166247611384893,-18.84585307863602
2026-03-06 13:30:00+00:00,NFP,Surprise + State filter,-0.288041446580229,-46.55266318607687,0.2915920928268345,0.10703706440640395,0.0,True,-0.37160299560081056,,,rv_20d,0.48565573770491804,117,-0.0,0.0,-0.0
2026-03-11 12:30:00+00:00,CPI,Surprise + State filter,-0.07257360225559249,-20.22387105274248,0.29,-0.6199686461979593,-1.0,True,8.542619174593677,,,rv_20d,0.4569672131147541,111,20.22387105274248,0.29,19.933871052742482
2026-03-13 12:30:00+00:00,PCE,Surprise + State filter,-0.21994435368833912,3.140560362560052,0.29408185616355004,0.33839775491515506,1.0,True,-1.5385607733975488,,,rv_20d,0.48155737704918034,113,3.140560362560052,0.29408185616355004,2.846478506396502
2026-04-09 12:30:00+00:00,PCE,Surprise + State filter,-0.21926095603584936,-2.596676268993292,0.2895627602320496,0.337666570067647,1.0,True,-1.5400214254855216,,,rv_20d,0.8991769547325102,114,-2.596676268993292,0.2895627602320496,-2.8862390292253415
2026-04-10 12:30:00+00:00,CPI,Surprise + State filter,0.3863432136330373,-10.960420160444073,0.28615126547930336,3.2921846032028856,1.0,True,8.52139881595001,,,rv_20d,0.9032921810699589,112,-10.960420160444073,0.28615126547930336,-11.246571425923376
2026-04-30 12:30:00+00:00,PCE,Surprise + State filter,-0.21858389123884375,-4.6311221310091355,0.26325583928684904,0.3364801784449262,1.0,True,-1.5393640242100857,,,rv_20d,0.4364754098360656,115,-4.6311221310091355,0.26325583928684904,-4.894377970295984
2026-05-08 12:30:00+00:00,NFP,Surprise + State filter,-0.02209025678682834,2.3349231094726974,0.2508108108108108,0.007992106571702831,0.0,True,-0.3617932851042388,,,rv_20d,0.39959016393442626,118,0.0,0.0,0.0
2026-05-12 12:30:00+00:00,CPI,Surprise + State filter,0.009048380436151223,27.240737439306884,0.2487626204139753,0.0765199158107861,0.0,True,8.456752714006603,,,rv_20d,0.4569672131147541,113,0.0,0.0,0.0
2026-05-28 12:30:00+00:00,PCE,Surprise + State filter,1.4256193886011588,25.73510929430256,0.2420579937565731,-2.1926204700750116,-1.0,True,-1.5380125211585731,,,rv_20d,0.5102459016393442,116,-25.73510929430256,0.2420579937565731,-25.977167288059135
2026-06-05 12:30:00+00:00,NFP,Surprise + State filter,0.024028750728270636,-13.79872372957891,0.24074181685358748,-0.008698933749216365,0.0,True,-0.36202188984306105,,,rv_20d,0.4077868852459016,119,-0.0,0.0,-0.0
2026-06-10 12:30:00+00:00,CPI,Surprise + State filter,0.009025267637695652,-3.901153490524223,0.25214102508368474,0.0766598751318621,0.0,True,8.493917101325435,,,rv_20d,0.9651639344262295,114,-0.0,0.0,-0.0
2026-06-25 12:30:00+00:00,PCE,Surprise + State filter,1.4130475363822363,-13.731720773293432,0.2406159769008662,-1.627760572379164,-1.0,True,-1.1519503275499479,,,rv_20d,0.9938524590163934,117,13.731720773293432,0.2406159769008662,13.491104796392566
2016-01-08 13:30:00+00:00,NFP,Surprise + Adaptive state,1.6142593236792937,-31.072008427486253,1.6722408026755853,,0.0,False,,,,,,0,-0.0,0.0,-0.0
2016-01-20 13:30:00+00:00,CPI,Surprise + Adaptive state,0.8034072020471136,24.557969120273526,1.7826407671502336,,0.0,False,,,,,,0,0.0,0.0,0.0
2016-02-01 13:30:00+00:00,PCE,Surprise + Adaptive state,1.3212240511473,8.84407946564636,1.7110153991385924,,0.0,False,,,,,,0,0.0,0.0,0.0
2016-02-05 13:30:00+00:00,NFP,Surprise + Adaptive state,-0.5662977961971637,-17.51578377945151,1.74446583253128,,0.0,False,,,,,,1,-0.0,0.0,-0.0
2016-02-19 13:30:00+00:00,CPI,Surprise + Adaptive state,-1.1647750851392003,-15.728029374919572,1.749728490406661,,0.0,False,,,,,,1,-0.0,0.0,-0.0
2016-02-26 15:00:00+00:00,PCE,Surprise + Adaptive state,-2.1146814105422513,-31.75165835685334,1.7022775299366049,,0.0,False,,,,,,1,-0.0,0.0,-0.0
2016-03-04 13:30:00+00:00,NFP,Surprise + Adaptive state,0.8511296176546844,-46.15481567977753,1.672723077810463,,0.0,False,,,,,,2,-0.0,0.0,-0.0
2016-03-28 12:30:00+00:00,PCE,Surprise + Adaptive state,-0.3589718295271186,-3.4013605770155664,1.6440841317535009,,0.0,False,,,,,,2,-0.0,0.0,-0.0
2016-04-01 12:30:00+00:00,NFP,Surprise + Adaptive state,0.23256549524665046,-36.470793686653735,1.625651662088682,,0.0,False,,,,,,3,-0.0,0.0,-0.0
2016-04-14 12:30:00+00:00,CPI,Surprise + Adaptive state,0.8159070832843519,6.046447896181917,1.5953350203542742,,0.0,False,,,,,,2,0.0,0.0,0.0
2016-04-29 12:30:00+00:00,PCE,Surprise + Adaptive state,-0.3548908737688326,-16.036658648737045,1.6595135908440628,,0.0,False,,,,,,3,-0.0,0.0,-0.0
2016-05-06 12:30:00+00:00,NFP,Surprise + Adaptive state,-0.5970295853454834,-17.510072763116113,1.688697373784429,,0.0,False,,,,,,4,-0.0,0.0,-0.0
2016-05-17 12:30:00+00:00,CPI,Surprise + Adaptive state,-1.165117912908518,-8.007779413183869,1.6574269874835685,,0.0,False,,,,,,3,-0.0,0.0,-0.0
2016-05-31 12:30:00+00:00,PCE,Surprise + Adaptive state,-0.3509464824958188,1.1067456156510502,1.604514772601527,,0.0,False,,,,,,4,0.0,0.0,0.0
2016-06-03 12:30:00+00:00,NFP,Surprise + Adaptive state,-1.9555484666489378,-10.517867503416767,1.5997352162400706,,0.0,False,,,,,,5,-0.0,0.0,-0.0
2016-06-29 12:30:00+00:00,PCE,Surprise + Adaptive state,-0.3471306674377593,15.077711044817477,1.6827202042474179,,0.0,False,,,,,,5,0.0,0.0,0.0
2016-07-08 12:30:00+00:00,NFP,Surprise + Adaptive state,1.8450710388339822,8.38012284020806,1.6265634640192945,,0.0,False,,,,,,6,0.0,0.0,0.0
2016-07-15 12:30:00+00:00,CPI,Surprise + Adaptive state,0.8115726727885837,-5.986557636141754,1.5790046825656103,,0.0,False,,,,,,4,-0.0,0.0,-0.0
2016-08-02 12:30:00+00:00,PCE,Surprise + Adaptive state,1.357394389268374,-1.0554646692995107,1.5303430079155673,,0.0,False,,,,,,6,-0.0,0.0,-0.0
2016-08-05 12:30:00+00:00,NFP,Surprise + Adaptive state,1.2796377681502662,20.48589028987635,1.5258339471745763,,0.0,False,,,,,,7,0.0,0.0,0.0
2016-08-16 12:30:00+00:00,CPI,Surprise + Adaptive state,-0.18513874292076055,-2.0770588920981936,1.5055549787145677,,0.0,False,,,,,,5,-0.0,0.0,-0.0
2016-08-29 12:30:00+00:00,PCE,Surprise + Adaptive state,-0.36621496105815404,3.65468456308804,1.514360313315927,,0.0,False,,,,,,7,0.0,0.0,0.0
2016-09-02 12:30:00+00:00,NFP,Surprise + Adaptive state,-0.40888888651079935,24.51556922501652,1.5163398692810457,,0.0,False,,,,,,8,0.0,0.0,0.0
2016-09-30 12:30:00+00:00,PCE,Surprise + Adaptive state,1.3393576888346368,2.0638770002534557,1.4963880288957687,,0.0,False,,,,,,8,0.0,0.0,0.0
2016-10-07 12:30:00+00:00,NFP,Surprise + Adaptive state,-0.1964152932718881,10.260620641631135,1.4905427631578947,,0.0,False,,,,,,9,0.0,0.0,0.0
2016-10-18 12:30:00+00:00,CPI,Surprise + Adaptive state,-0.16901430640024803,11.874952992130261,1.498475688523743,,0.0,False,,,,,,6,0.0,0.0,0.0
2016-10-31 12:30:00+00:00,PCE,Surprise + Adaptive state,-0.3840686609153908,5.702880108948705,1.5041493775933608,,0.0,False,,,,,,9,0.0,0.0,0.0
2016-11-04 12:30:00+00:00,NFP,Surprise + Adaptive state,-0.1303193272493761,12.835599152332122,1.5514658677509094,,0.0,False,,,,,,10,0.0,0.0,0.0
2016-11-17 13:30:00+00:00,CPI,Surprise + Adaptive state,-0.16796381350875023,4.699370892957688,1.5139650221874184,,0.0,False,,,,,,7,0.0,0.0,0.0
2016-11-30 13:30:00+00:00,PCE,Surprise + Adaptive state,1.3230170925284488,2.5640368335899666,1.4874083192285994,,0.0,False,,,,,,10,0.0,0.0,0.0
2016-12-02 13:30:00+00:00,NFP,Surprise + Adaptive state,0.033610480884534014,1.0573059853413724,1.5329315995348345,,0.0,False,,,,,,11,0.0,0.0,0.0
2016-12-22 15:00:00+00:00,PCE,Surprise + Adaptive state,2.9838886430672513,-1.0118385114310513,1.4676856116200212,,0.0,False,,,,,,11,-0.0,0.0,-0.0
2017-01-06 13:30:00+00:00,NFP,Surprise + Adaptive state,-0.24560763540543862,4.529783402809073,1.4607364126328513,,0.0,False,,,,,,12,0.0,0.0,0.0
2017-01-18 13:30:00+00:00,CPI,Surprise + Adaptive state,-0.1659201234598231,-0.49498824413518605,1.4347912131407083,,0.0,False,,,,,,8,-0.0,0.0,-0.0
2017-01-30 13:30:00+00:00,PCE,Surprise + Adaptive state,-0.4243384371886906,10.693628589173443,1.4101628981278873,,0.0,False,,,,,,12,0.0,0.0,0.0
2017-02-03 13:30:00+00:00,NFP,Surprise + Adaptive state,0.8452794369339985,18.470816508902033,1.4118792599805257,,0.0,False,,,,,,13,0.0,0.0,0.0
2017-02-15 13:30:00+00:00,CPI,Surprise + Adaptive state,-3.2124696574381035,-8.0658557738289,1.3748636988574408,,0.0,False,,,,,,9,-0.0,0.0,-0.0
2017-03-01 13:30:00+00:00,PCE,Surprise + Adaptive state,1.1790960725118012,-4.659181000299384,1.350407450523865,,0.0,False,,,,,,13,-0.0,0.0,-0.0
2017-03-10 13:30:00+00:00,NFP,Surprise + Adaptive state,0.6384882035084962,1.856062369007816,1.3465199424246643,,0.0,False,,,,,,14,0.0,0.0,0.0
2017-03-31 12:30:00+00:00,PCE,Surprise + Adaptive state,-0.4384274479644154,-1.8400110452532203,1.3337012509197939,,0.0,False,,,,,,14,-0.0,0.0,-0.0
2017-04-07 12:30:00+00:00,NFP,Surprise + Adaptive state,-1.3078965412877368,11.083915603862238,1.3375149893921225,,0.0,False,,,,,,15,0.0,0.0,0.0
2017-05-01 12:30:00+00:00,PCE,Surprise + Adaptive state,-0.4341842117614949,4.018126267872901,1.2948740846579747,,0.0,False,,,,,,15,0.0,0.0,0.0
2017-05-05 12:30:00+00:00,NFP,Surprise + Adaptive state,0.4142854976008267,7.1016425532377525,1.2880874122768056,,0.0,False,,,,,,16,0.0,0.0,0.0
2017-05-12 12:30:00+00:00,CPI,Surprise + Adaptive state,-0.13514617301327977,8.37687150809785,1.2792800741100179,,0.0,False,,,,,,10,0.0,0.0,0.0
2017-05-30 12:30:00+00:00,PCE,Surprise + Adaptive state,-0.4300621707383414,6.048038891819374,1.2533494684069497,,0.0,False,,,,,,16,0.0,0.0,0.0
2017-06-02 12:30:00+00:00,NFP,Surprise + Adaptive state,-0.6677396065852849,-2.5700334245826184,1.241332077733071,,0.0,False,,,,,,17,-0.0,0.0,-0.0
2017-06-30 12:30:00+00:00,PCE,Surprise + Adaptive state,-0.4260556508599551,-8.396862718527132,1.2814847547503314,,0.0,False,,,,,,17,-0.0,0.0,-0.0
2017-07-07 12:30:00+00:00,NFP,Surprise + Adaptive state,0.8034356423152486,-5.339978767011644,1.2925655197004813,,0.0,False,,,,,,18,-0.0,0.0,-0.0
2017-07-14 12:30:00+00:00,CPI,Surprise + Adaptive state,0.7927260050565855,26.214587736248518,1.2495691140985867,,0.0,False,,,,,,11,0.0,0.0,0.0
2017-08-01 12:30:00+00:00,PCE,Surprise + Adaptive state,-0.422159343805065,4.660918285246396,1.2290739563466837,,0.0,False,,,,,,18,0.0,0.0,0.0
2017-08-04 12:30:00+00:00,NFP,Surprise + Adaptive state,0.5458452330557173,-13.145342717706399,1.2293344637558288,,0.0,False,,,,,,19,-0.0,0.0,-0.0
2017-08-11 12:30:00+00:00,CPI,Surprise + Adaptive state,0.7856685090657263,23.32412944053175,1.2545423083578473,,0.0,False,,,,,,12,0.0,0.0,0.0
2017-08-31 12:30:00+00:00,PCE,Surprise + Adaptive state,-0.4183682771652557,1.681378734517125,1.2193070972082072,,0.0,False,,,,,,19,0.0,0.0,0.0
2017-09-01 12:30:00+00:00,NFP,Surprise + Adaptive state,-0.34604558050796347,2.4980224119275363,1.2066239494050095,,0.0,False,,,,,,20,0.0,0.0,0.0
2017-09-29 12:30:00+00:00,PCE,Surprise + Adaptive state,1.24403333303221,-4.204507293685822,1.2192558335085137,,0.0,False,,,,,,20,-0.0,0.0,-0.0
2017-10-06 12:30:00+00:00,NFP,Surprise + Adaptive state,-1.8424473560997108,-26.439741090307223,1.195925605179595,,0.0,False,,,,,,21,-0.0,0.0,-0.0
2017-10-13 12:30:00+00:00,CPI,Surprise + Adaptive state,0.7897822256401897,9.438802383314737,1.1912586263555702,,0.0,False,,,,,,13,0.0,0.0,0.0
2017-10-30 12:30:00+00:00,PCE,Surprise + Adaptive state,-0.43153418183276016,0.8047318235426815,1.1668611435239207,,0.0,False,,,,,,21,0.0,0.0,0.0
2017-11-03 12:30:00+00:00,NFP,Surprise + Adaptive state,-0.7859021766829931,-1.9952513085286228,1.158054468492932,,0.0,False,,,,,,22,-0.0,0.0,-0.0
2017-11-15 13:30:00+00:00,CPI,Surprise + Adaptive state,-0.15820077948038003,-4.781638599204996,1.1549183592194345,,0.0,False,,,,,,14,-0.0,0.0,-0.0
2017-11-30 13:30:00+00:00,PCE,Surprise + Adaptive state,-0.42780275982372784,0.7900766378554636,1.145656382096156,,0.0,False,,,,,,22,0.0,0.0,0.0
2017-12-08 13:30:00+00:00,NFP,Surprise + Adaptive state,0.6370043888724991,14.546600823450717,1.141732283464567,,0.0,False,,,,,,23,0.0,0.0,0.0
2017-12-13 13:30:00+00:00,CPI,Surprise + Adaptive state,-0.1573539546812662,18.361890573075357,1.1341415721548689,,0.0,False,,,,,,15,0.0,0.0,0.0
2017-12-22 13:30:00+00:00,PCE,Surprise + Adaptive state,1.2482623178131573,-4.621072170962748,1.1166300874051827,,0.0,False,,,,,,23,-0.0,0.0,-0.0
2018-01-05 13:30:00+00:00,NFP,Surprise + Adaptive state,-0.621220884870033,6.789634752166762,1.092731451825615,,0.0,False,,,,,,24,0.0,0.0,0.0
2018-01-12 13:30:00+00:00,CPI,Surprise + Adaptive state,-0.15652048446517022,-34.972875887184784,1.075787365062878,,0.0,False,,,,,,16,-0.0,0.0,-0.0
2018-01-29 13:30:00+00:00,PCE,Surprise + Adaptive state,-0.4402926559951366,-3.5660794900493897,1.0339786786465575,,0.0,False,,,,,,24,-0.0,0.0,-0.0
2018-02-02 13:30:00+00:00,NFP,Surprise + Adaptive state,0.4228435414864092,13.104730498341155,1.0542387669041733,,0.0,False,,,,,,25,0.0,0.0,0.0
2018-02-14 13:30:00+00:00,CPI,Surprise + Adaptive state,-2.0674616228090885,-22.24183146466885,1.0995260663507107,,0.0,False,,,,,,17,-0.0,0.0,-0.0
2018-03-01 13:30:00+00:00,PCE,Surprise + Adaptive state,-0.4366213148929902,36.04525939415737,1.058085230589609,,0.0,False,,,,,,25,0.0,0.0,0.0
2018-03-09 13:30:00+00:00,NFP,Surprise + Adaptive state,1.9022467250921624,43.88084314108198,1.040508054967529,,0.0,False,,,,,,26,0.0,0.0,0.0
2018-03-13 12:30:00+00:00,CPI,Surprise + Adaptive state,-0.1324165031997715,11.16967549545933,1.014731096259491,,0.0,False,,,,,,18,0.0,0.0,0.0
2018-03-29 12:30:00+00:00,PCE,Surprise + Adaptive state,-0.4330405906855374,-6.519780092482108,1.1131155721030208,,0.0,False,,,,,,26,-0.0,0.0,-0.0
2018-04-06 12:30:00+00:00,NFP,Surprise + Adaptive state,-1.2995829002724142,10.697231201532986,1.1080544092923734,,0.0,False,,,,,,27,0.0,0.0,0.0
2018-04-11 12:30:00+00:00,CPI,Surprise + Adaptive state,0.8133579879158452,3.0436767850261504,1.1035847476976939,,0.0,False,,,,,,19,0.0,0.0,0.0
2018-04-30 12:30:00+00:00,PCE,Surprise + Adaptive state,-0.4295466448744693,-8.219383261831581,1.0826955385476944,,0.0,False,,,,,,27,-0.0,0.0,-0.0
2018-05-04 12:30:00+00:00,NFP,Surprise + Adaptive state,-0.4042211205062629,-5.268307489956214,1.0924844603503485,,0.0,False,,,,,,28,-0.0,0.0,-0.0
2018-05-10 12:30:00+00:00,CPI,Surprise + Adaptive state,0.8066313627379722,9.761212611429926,1.050496268927045,,0.0,False,,,,,,20,0.0,0.0,0.0
2018-05-31 12:30:00+00:00,PCE,Surprise + Adaptive state,-0.4261361668922612,0.35750674797441206,1.0363064608347627,,0.0,False,,,,,,28,0.0,0.0,0.0
2018-06-01 12:30:00+00:00,NFP,Surprise + Adaptive state,0.6295443548080089,19.2664537975773,1.0348642186775148,,0.0,False,,,,,,29,0.0,0.0,0.0
2018-06-12 12:30:00+00:00,CPI,Surprise + Adaptive state,-0.14836969090721452,16.031788189572183,1.0118279194724538,,0.0,False,,,,,,21,0.0,0.0,0.0
2018-06-29 12:30:00+00:00,PCE,Surprise + Adaptive state,-0.4228058320342103,-8.115594736288756,1.0229998588965712,,0.0,False,,,,,,29,-0.0,0.0,-0.0
2018-07-06 12:30:00+00:00,NFP,Surprise + Adaptive state,0.3749571567850948,-3.856739700331957,1.0189023961773591,,0.0,False,,,,,,30,-0.0,0.0,-0.0
2018-07-12 12:30:00+00:00,CPI,Surprise + Adaptive state,0.8054339632504349,7.538894195704415,0.9941380137808097,,0.0,False,,,,,,22,0.0,0.0,0.0
2018-07-31 12:30:00+00:00,PCE,Surprise + Adaptive state,-0.4195525615380417,-10.730171846944359,1.0036685817124662,,0.0,False,,,,,,30,-0.0,0.0,-0.0
2018-08-03 12:30:00+00:00,NFP,Surprise + Adaptive state,-0.5320078037025123,-12.179857377425662,0.980226466114585,,0.0,False,,,,,,31,-0.0,0.0,-0.0
2018-08-10 12:30:00+00:00,CPI,Surprise + Adaptive state,-0.15572468844210885,-2.691156204228662,0.9753800618861832,,0.0,False,,,,,,23,-0.0,0.0,-0.0
2018-08-30 12:30:00+00:00,PCE,Surprise + Adaptive state,0.016880010255722527,-5.551655025612945,0.9468460232467023,,0.0,False,,,,,,31,-0.0,0.0,-0.0
2018-09-07 12:30:00+00:00,NFP,Surprise + Adaptive state,0.2616225928660689,-27.304461520465395,0.9741023143327399,,0.0,False,,,,,,32,-0.0,0.0,-0.0
2018-09-13 12:30:00+00:00,CPI,Surprise + Adaptive state,0.8043331512490195,-1.661433156066039,0.9648655842427468,,0.0,False,,,,,,24,-0.0,0.0,-0.0
2018-09-28 12:30:00+00:00,PCE,Surprise + Adaptive state,-0.41932078998489236,2.9486444639914566,0.9504768771918324,,0.0,False,,,,,,32,0.0,0.0,0.0
2018-10-05 12:30:00+00:00,NFP,Surprise + Adaptive state,-0.7870138858905067,-17.650491635912147,0.9669245132035209,,0.0,False,,,,,,33,-0.0,0.0,-0.0
2018-10-11 12:30:00+00:00,CPI,Surprise + Adaptive state,0.7980522394154973,-23.09100654766638,1.0347534432312853,,0.0,False,,,,,,25,-0.0,0.0,-0.0
2018-10-29 12:30:00+00:00,PCE,Surprise + Adaptive state,-0.4162236927774103,-1.4333321413673161,1.03961283384119,,0.0,False,,,,,,33,-0.0,0.0,-0.0
2018-11-02 12:30:00+00:00,NFP,Surprise + Adaptive state,0.9282289143639069,-11.664282113521551,1.0248798416737348,,0.0,False,,,,,,34,-0.0,0.0,-0.0
2018-11-14 13:30:00+00:00,CPI,Surprise + Adaptive state,-0.17073431842246337,22.166109477375073,1.056889828346514,,0.0,False,,,,,,26,0.0,0.0,0.0
2018-11-29 13:30:00+00:00,PCE,Surprise + Adaptive state,-0.413194375549636,0.36294347157905804,1.0529373320746496,,0.0,False,,,,,,34,0.0,0.0,0.0
2018-12-07 13:30:00+00:00,NFP,Surprise + Adaptive state,-0.6547686526365027,-7.337026632363575,1.0655105265091669,,0.0,False,,,,,,35,-0.0,0.0,-0.0
2018-12-12 13:30:00+00:00,CPI,Surprise + Adaptive state,-0.1699188197561624,49.62971788305737,1.0681006224448455,,0.0,False,,,,,,27,0.0,0.0,0.0
2019-01-04 13:30:00+00:00,NFP,Surprise + Adaptive state,2.261740690734558,30.44874147352772,1.1591654009113437,8.518185103940109,1.0,True,3.766207655384937,,,none,,36,30.44874147352772,1.1591654009113437,29.289576072616374
2019-01-11 13:30:00+00:00,CPI,Surprise + Adaptive state,-0.16911489877107314,-10.603250131921982,1.0986929342678537,,0.0,False,,,,,,28,-0.0,0.0,-0.0
2019-02-01 13:30:00+00:00,NFP,Surprise + Adaptive state,2.3749676396538355,13.073796167830665,1.055543422872534,12.373373300130968,1.0,True,5.209912376715354,,,none,,37,13.073796167830665,1.055543422872534,12.018252744958131
2019-02-13 13:30:00+00:00,CPI,Surprise + Adaptive state,0.8075888422190041,12.056311520289853,1.0286971019119577,,0.0,False,,,,,,29,0.0,0.0,0.0
2019-03-01 13:30:00+00:00,PCE,Surprise + Adaptive state,-2.108137244454332,1.7485880196232984,1.014127850048958,,0.0,False,,,,,,35,0.0,0.0,0.0
2019-03-08 13:30:00+00:00,NFP,Surprise + Adaptive state,-2.577157761426142,-16.160603973212062,1.0380127425012526,-13.70989703302323,-1.0,True,5.319774069801795,,,none,,38,16.160603973212062,1.0380127425012526,15.12259123071081
2019-03-12 12:30:00+00:00,CPI,Surprise + Adaptive state,-0.17594973086669394,15.313938674275107,1.0108051585918438,,0.0,False,,,,,,30,0.0,0.0,0.0
2019-03-29 12:30:00+00:00,PCE,Surprise + Adaptive state,1.3555304283976177,9.13968548637456,0.9821851927115085,1.962183246251906,1.0,True,1.4475390630451703,,,none,,36,9.13968548637456,0.9821851927115085,8.157500293663052
2019-04-05 12:30:00+00:00,NFP,Surprise + Adaptive state,0.36000953458674323,-2.9641828129811643,0.9574116870254209,1.938404415632731,1.0,True,5.384314106730076,,,none,,39,-2.9641828129811643,0.9574116870254209,-3.9215945000065853
2019-04-10 12:30:00+00:00,CPI,Surprise + Adaptive state,-0.6660549897418855,2.300701724173848,0.9535396047742741,,0.0,False,,,,,,31,0.0,0.0,0.0
2019-05-03 12:30:00+00:00,NFP,Surprise + Adaptive state,1.2218354880047635,11.230007757774274,0.9315772566655959,6.553588649103811,1.0,True,5.363724260297685,,,none,,40,11.230007757774274,0.9315772566655959,10.298430501108678
2019-05-10 12:30:00+00:00,CPI,Surprise + Adaptive state,0.8147019300586259,28.19753398451752,0.9609012591119948,,0.0,False,,,,,,32,0.0,0.0,0.0
2019-05-31 12:30:00+00:00,PCE,Surprise + Adaptive state,-0.36868440449756795,13.272792727399008,1.013631597343586,-0.6403526867501053,0.0,True,1.736858622004255,,,none,,37,0.0,0.0,0.0
2019-06-07 12:30:00+00:00,NFP,Surprise + Adaptive state,-1.5524750423548752,11.294215482600123,0.991690319050713,-8.53886186129417,-1.0,True,5.500160471721322,,,none,,41,-11.294215482600123,0.991690319050713,-12.285905801650836
2019-06-12 12:30:00+00:00,CPI,Surprise + Adaptive state,-0.17710016798500505,-9.343611985528355,0.968086526906129,,0.0,False,,,,,,33,-0.0,0.0,-0.0
2019-06-28 12:30:00+00:00,PCE,Surprise + Adaptive state,-0.366294583792779,6.81984275843206,0.941772480758614,-0.5889839155042801,0.0,True,1.6079514728437299,,,none,,38,0.0,0.0,0.0
2019-07-05 12:30:00+00:00,NFP,Surprise + Adaptive state,1.0718570086511612,-22.932137322975166,0.9208980343590232,5.191635005405783,1.0,True,4.843589176077697,,,none,,42,-22.932137322975166,0.9208980343590232,-23.85303535733419
2019-07-11 12:30:00+00:00,CPI,Surprise + Adaptive state,-1.1663865052088653,3.779289538563546,0.9115483749292764,,0.0,False,,,,,,34,0.0,0.0,0.0
2019-07-30 12:30:00+00:00,PCE,Surprise + Adaptive state,-0.36395092463953677,-21.39980675686104,0.912380053484348,-0.5622597891172605,0.0,True,1.5448780345155935,,,none,,39,-0.0,0.0,-0.0
2019-08-02 12:30:00+00:00,NFP,Surprise + Adaptive state,0.031497609119124026,2.2559904699548383,0.9339774557165861,0.13669852816143063,0.0,True,4.339965222262951,,,none,,43,0.0,0.0,0.0
2019-08-13 12:30:00+00:00,CPI,Surprise + Adaptive state,-0.1659081562956267,10.273576273540641,0.9599470374048328,,0.0,False,,,,,,35,0.0,0.0,0.0
2019-08-30 12:30:00+00:00,PCE,Surprise + Adaptive state,-0.3616517148149259,-3.22289547714405,0.9344288706299338,-0.6252080087065833,0.0,True,1.7287572078194942,,,none,,40,-0.0,0.0,-0.0
2019-09-06 12:30:00+00:00,NFP,Surprise + Adaptive state,-0.4303607562946714,-2.2234574855417577,0.920313541303037,-1.8660367506627196,-1.0,True,4.3359825991778616,,,none,,44,2.2234574855417577,0.920313541303037,1.3031439442387207
2019-09-12 12:30:00+00:00,CPI,Surprise + Adaptive state,-0.16517796464621493,6.300800410095064,0.9139615505830444,-1.0730248479420272,-1.0,True,6.496174294436166,,,none,,36,-6.300800410095064,0.9139615505830444,-7.214761960678109
2019-09-27 12:30:00+00:00,PCE,Surprise + Adaptive state,1.3657033853241398,-3.5238904114365255,0.9290405253884351,2.390400672654894,1.0,True,1.7503073495622548,,,none,,41,-3.5238904114365255,0.9290405253884351,-4.452930936824961
2019-10-04 12:30:00+00:00,NFP,Surprise + Adaptive state,-0.09265768712922037,15.942999033313754,0.9498853586636095,-0.4009863801507147,0.0,True,4.327610504582305,,,none,,45,0.0,0.0,0.0
2019-10-10 12:30:00+00:00,CPI,Surprise + Adaptive state,0.8325119977114724,0.9750231575722523,0.9431201014667143,5.400659079767679,1.0,True,6.487184682759864,,,none,,37,0.9750231575722523,0.9431201014667143,0.03190305610553801
2019-10-31 12:30:00+00:00,PCE,Surprise + Adaptive state,-0.3726587275846903,10.488648543010015,0.8951446121554465,-0.5720764481095645,0.0,True,1.5351215623403174,,,none,,42,0.0,0.0,0.0
2019-11-01 12:30:00+00:00,NFP,Surprise + Adaptive state,0.742125242156633,4.617302653855404,0.8951169825297858,3.17008975595205,1.0,True,4.271637152160054,,,none,,46,4.617302653855404,0.8951169825297858,3.7221856713256183
2019-11-13 13:30:00+00:00,CPI,Surprise + Adaptive state,-1.1700469441557593,4.546212325813315,0.8793741282066833,-7.251127461024708,-1.0,True,6.197296183066157,,,none,,38,-4.546212325813315,0.8793741282066833,-5.425586454019998
2019-11-27 15:00:00+00:00,PCE,Surprise + Adaptive state,0.9149489511371186,8.313786517639699,0.861479963164305,1.313470987214247,1.0,True,1.4355675096209863,,,none,,43,8.313786517639699,0.861479963164305,7.452306554475394
2019-12-06 13:30:00+00:00,NFP,Surprise + Adaptive state,1.42861497447116,33.48884842530708,0.8704003841767213,6.141681466662421,1.0,True,4.2990459825859855,,,none,,47,33.48884842530708,0.8704003841767213,32.618448041130364
2019-12-11 13:30:00+00:00,CPI,Surprise + Adaptive state,-1.158461044632005,6.860040534490963,0.8651551312649165,-6.88485072629383,-1.0,True,5.94310076993643,,,none,,39,-6.860040534490963,0.8651551312649165,-7.72519566575588
2020-01-10 13:30:00+00:00,NFP,Surprise + Adaptive state,-0.20617197687041738,-2.4887659997219203,0.8016807651904683,-1.0227156238054593,-1.0,True,4.960497732668362,,,none,,48,2.4887659997219203,0.8016807651904683,1.687085234531452
2020-01-14 13:30:00+00:00,CPI,Surprise + Adaptive state,0.8436125672345851,10.735374085228955,0.7985021201608018,4.762620118674969,1.0,True,5.645506365898669,,,none,,40,10.735374085228955,0.7985021201608018,9.936871965068153
2020-01-31 13:30:00+00:00,PCE,Surprise + Adaptive state,-2.1131396664751882,1.6329196639830457,0.7896528250510552,-3.385160039765101,-1.0,True,1.6019575485096542,,,none,,44,-1.6329196639830457,0.7896528250510552,-2.422572489034101
2020-02-07 13:30:00+00:00,NFP,Surprise + Adaptive state,1.0001447762026143,-35.26311768585089,0.7681915710842097,4.968051517879135,1.0,True,4.96733236636201,,,none,,49,-35.26311768585089,0.7681915710842097,-36.031309256935096
2020-02-13 13:30:00+00:00,CPI,Surprise + Adaptive state,0.8376680323617207,4.968944201628744,0.7587650444793301,4.744828147105935,1.0,True,5.664329977745921,,,none,,41,4.968944201628744,0.7587650444793301,4.2101791571494145
2020-02-28 13:30:00+00:00,PCE,Surprise + Adaptive state,1.354456856955525,-145.1931132445239,0.8718920056522654,1.8602468545788522,1.0,True,1.3734264366014688,,,none,,45,-145.1931132445239,0.8718920056522654,-146.06500525017614
2020-03-06 13:30:00+00:00,NFP,Surprise + Adaptive state,1.6027523818647151,18.188599870860855,0.8671211577562492,6.977220806495154,1.0,True,4.353274333230151,,,none,,50,18.188599870860855,0.8671211577562492,17.321478713104607
2020-03-11 12:30:00+00:00,CPI,Surprise + Adaptive state,-1.1639324823814878,-42.927136224122364,0.8940407559268736,-6.433445758647931,-1.0,True,5.527335868730674,,,none,,42,42.927136224122364,0.8940407559268736,42.03309546819549
2020-03-27 12:30:00+00:00,PCE,Surprise + Adaptive state,-0.36227118384366613,-38.51556806228729,0.9443178117876913,1.1404839516717338,1.0,True,-3.148149790914356,,,none,,46,-38.51556806228729,0.9443178117876913,-39.45988587407498
2020-04-03 12:30:00+00:00,NFP,Surprise + Adaptive state,-9.584675105229561,36.59565925850927,0.9576329954099659,-44.60803469318992,-1.0,True,4.65409982116671,,,none,,51,-36.59565925850927,0.9576329954099659,-37.55329225391924
2020-04-30 12:30:00+00:00,PCE,Surprise + Adaptive state,-0.36017238707897786,-61.52501185741954,0.8017915894827062,1.0395005296211892,1.0,True,-2.8861194442239393,,,none,,47,-61.52501185741954,0.8017915894827062,-62.32680344690225
2020-05-08 12:30:00+00:00,NFP,Surprise + Adaptive state,17.82134084487857,-29.080453710683685,0.7897818568043792,-9.104956432609715,-1.0,True,-0.5109018738747855,,,none,,52,29.080453710683685,0.7897818568043792,28.290671853879306
2020-05-12 12:30:00+00:00,CPI,Surprise + Adaptive state,-0.1633338468717922,12.88417840292766,0.7788161993769471,-1.122635628926815,-1.0,True,6.873257750477279,,,none,,43,-12.88417840292766,0.7788161993769471,-13.662994602304607
2020-05-29 12:30:00+00:00,PCE,Surprise + Adaptive state,-2.070466433747151,-5.81318552502097,0.765939464370609,5.130551825945149,1.0,True,-2.477969090597535,,,none,,48,-5.81318552502097,0.765939464370609,-6.579124989391579
2020-06-05 12:30:00+00:00,NFP,Surprise + Adaptive state,64.57555252744505,-15.281216146583176,0.7522307532683129,149.76407121717523,1.0,True,2.4146804819937526,-11.504558747735137,-3.1601577020530423,rv_20d,0.508298755186722,53,-15.281216146583176,0.7522307532683129,-16.03344689985149
2020-06-10 12:30:00+00:00,CPI,Surprise + Adaptive state,0.8389770540647904,18.18567321070219,0.7229936925033033,5.74407776421657,1.0,True,6.846525463821542,,,none,,44,18.18567321070219,0.7229936925033033,17.46267951819889
2020-06-26 12:30:00+00:00,PCE,Surprise + Adaptive state,-2.0164547174799274,-18.842669332634898,0.7185688091580356,4.516882582154385,1.0,True,-2.2400119095158146,,,none,,49,-18.842669332634898,0.7185688091580356,-19.561238141792934
2020-07-02 12:30:00+00:00,NFP,Surprise + Adaptive state,1.641547953530035,13.50373969369656,0.7017883503133847,-0.5688546177866346,0.0,True,-0.3465354859499244,,,none,,54,0.0,0.0,0.0
2020-07-14 12:30:00+00:00,CPI,Surprise + Adaptive state,-1.1723852919766982,-98.69552203461751,0.6821763778786667,-8.263383887860611,-1.0,True,7.048351718851869,,,none,,45,98.69552203461751,0.6821763778786667,98.01334565673885
2020-07-31 12:30:00+00:00,PCE,Surprise + Adaptive state,0.29050201998543845,-17.638506903843165,0.6639042146471005,-0.461767675098365,0.0,True,-1.5895506513913789,,,none,,50,-0.0,0.0,-0.0
2020-08-07 12:30:00+00:00,NFP,Surprise + Adaptive state,0.2042193271067664,-18.47709255546448,0.6459660533701609,-0.07068227175349594,0.0,True,-0.34610961046083094,,,none,,55,-0.0,0.0,-0.0
2020-08-12 12:30:00+00:00,CPI,Surprise + Adaptive state,-3.1643008322851895,-4.5657931575959765,0.6611193434401003,-31.487161563858432,-1.0,True,9.950748437884487,,,none,,46,4.5657931575959765,0.6611193434401003,3.9046738141558763
2020-08-28 12:30:00+00:00,PCE,Surprise + Adaptive state,1.3559572550269576,2.7170221604322364,0.6061366106512833,-2.277554270846944,-1.0,True,-1.6796652419560705,,,none,,51,-2.7170221604322364,0.6061366106512833,-3.32315877108352
2020-09-04 12:30:00+00:00,NFP,Surprise + Adaptive state,-0.08549110617815014,29.987599047522906,0.6217705452284471,0.029132340815588374,0.0,True,-0.34076457912336655,,,none,,56,0.0,0.0,0.0
2020-09-11 12:30:00+00:00,CPI,Surprise + Adaptive state,-1.0987651213117418,-28.94809182830471,0.6446163421356806,-9.171544422205212,-1.0,True,8.347138295813323,,,none,,47,28.94809182830471,0.6446163421356806,28.30347548616903
2020-10-01 12:30:00+00:00,PCE,Surprise + Adaptive state,-0.3232204397783153,0.0,0.6272304531199308,0.45312201002954827,0.0,True,-1.4018977585091077,,,none,,52,0.0,0.0,0.0
2020-10-02 12:30:00+00:00,NFP,Surprise + Adaptive state,-0.32757294004979853,-22.285729813589228,0.6384290243043326,0.11493757631487218,0.0,True,-0.35087628513331737,,,none,,57,-0.0,0.0,-0.0
2020-10-13 12:30:00+00:00,CPI,Surprise + Adaptive state,-0.1222113648828133,-41.26934580561681,0.5944937578155429,-1.0770140932369665,-1.0,True,8.8127163481866,,,none,,48,41.26934580561681,0.5944937578155429,40.67485204780127
2020-10-30 12:30:00+00:00,PCE,Surprise + Adaptive state,-0.3214984227491263,34.975586185161944,0.6469604015616285,0.4573442489877909,0.0,True,-1.4225396351156243,,,none,,53,0.0,0.0,0.0
2020-11-06 13:30:00+00:00,NFP,Surprise + Adaptive state,-0.041828857834390075,45.22961178341944,0.6064154573208983,0.014302835945394348,0.0,True,-0.3419370426518103,,,none,,58,0.0,0.0,0.0
2020-11-12 13:30:00+00:00,CPI,Surprise + Adaptive state,0.8491717707533857,9.235549122124098,0.6088471793579812,7.454698793249309,1.0,True,8.778787814196292,,,none,,49,9.235549122124098,0.6088471793579812,8.626701942766116
2020-11-25 15:00:00+00:00,PCE,Surprise + Adaptive state,-0.3198036664251847,-17.141858202620597,0.5979381443298969,0.5065032890280379,0.0,True,-1.5837945033270278,,,none,,54,-0.0,0.0,-0.0
2020-12-04 13:30:00+00:00,NFP,Surprise + Adaptive state,-0.3460798058020594,-10.612842534385436,0.5802088751950703,0.12327037651887056,0.0,True,-0.35619060821299453,,,none,,59,-0.0,0.0,-0.0
2020-12-10 13:30:00+00:00,CPI,Surprise + Adaptive state,-1.1003323497938022,-47.00241630150259,0.5886651510230595,-9.65747556688997,-1.0,True,8.776871432253847,,,none,,50,47.00241630150259,0.5886651510230595,46.413751150479534
2020-12-23 13:30:00+00:00,PCE,Surprise + Adaptive state,1.364273206507212,8.059522958703269,0.5702038970487033,-2.090603755663397,-1.0,True,-1.5323937651870503,,,none,,55,-8.059522958703269,0.5702038970487033,-8.629726855751972
2021-01-08 13:30:00+00:00,NFP,Surprise + Adaptive state,-0.3166483412835174,7.504690783726176,0.5579390884429651,0.11136914353548315,0.0,True,-0.35171238568329205,,,none,,60,0.0,0.0,0.0
2021-01-13 13:30:00+00:00,CPI,Surprise + Adaptive state,-0.11993165974022327,9.523532589632566,0.5644329395278226,-1.1446818387117694,-1.0,True,9.5444509080521,,,none,,51,-9.523532589632566,0.5644329395278226,-10.087965529160389
2021-01-29 13:30:00+00:00,PCE,Surprise + Adaptive state,-2.0053740825460937,40.063391817177774,0.5547054322876817,2.3220775239087867,1.0,True,-1.1579273633379141,,,none,,56,40.063391817177774,0.5547054322876817,39.50868638489009
2021-02-05 13:30:00+00:00,NFP,Surprise + Adaptive state,-0.1649085855030971,-3.496085340088939,0.5338831716342348,0.0583912242703675,0.0,True,-0.3540823789873019,,,none,,61,-0.0,0.0,-0.0
2021-02-10 13:30:00+00:00,CPI,Surprise + Adaptive state,-0.11947685719106668,10.191640098113908,0.5284738041002277,-1.1412033520186253,-1.0,True,9.551668656580242,,,none,,52,-10.191640098113908,0.5284738041002277,-10.720113902214136
2021-02-26 13:30:00+00:00,PCE,Surprise + Adaptive state,-0.3066559924982575,53.00844294687579,0.5632270970498553,0.756496907568358,1.0,True,-2.4669236084556756,,,none,,57,53.00844294687579,0.5632270970498553,52.445215849825935
2021-03-05 13:30:00+00:00,NFP,Surprise + Adaptive state,0.10051546581221242,41.48593526334565,0.579895618788618,-0.03544090887749101,0.0,True,-0.35259159962212516,,,none,,62,0.0,0.0,0.0
2021-03-10 13:30:00+00:00,CPI,Surprise + Adaptive state,-0.11902719013235194,49.21853779137564,0.5688505296194586,-1.1378050980551877,-1.0,True,9.559203210543815,,,none,,53,-49.21853779137564,0.5688505296194586,-49.7873883209951
2021-03-26 12:30:00+00:00,PCE,Surprise + Adaptive state,1.354526371517124,34.980874817662766,0.5710459987397606,-3.582874063394136,-1.0,True,-2.645112076615513,,,none,,58,-34.980874817662766,0.5710459987397606,-35.55192081640253
2021-04-13 12:30:00+00:00,CPI,Surprise + Adaptive state,-1.1007080946219612,44.3923854534134,0.5247064357958349,-10.562363775595985,-1.0,True,9.595971745100716,,,none,,54,-44.3923854534134,0.5247064357958349,-44.91709188920923
2021-04-30 12:30:00+00:00,PCE,Surprise + Adaptive state,-0.31634349588250377,-0.9021606754089362,0.5230219849586091,0.5378331497093274,1.0,True,-1.7001555483508004,,,none,,59,-0.9021606754089362,0.5230219849586091,-1.4251826603675453
2021-05-07 12:30:00+00:00,NFP,Surprise + Adaptive state,-0.9371711013313,44.769675126730135,0.5314177860035549,0.34045743475789725,0.0,True,-0.3632820455883241,,,none,,63,0.0,0.0,0.0
2021-05-12 12:30:00+00:00,CPI,Surprise + Adaptive state,-5.998741616835394,22.826282951413646,0.5464686816914147,-51.610000883192605,-1.0,True,8.603471224423098,,,none,,55,-22.826282951413646,0.5464686816914147,-23.37275163310506
2021-05-28 12:30:00+00:00,PCE,Surprise + Adaptive state,-0.3147710660260314,-8.581262337230555,0.5293323111743876,0.5360131438979572,1.0,True,-1.7028666283248195,,,none,,60,-8.581262337230555,0.5293323111743876,-9.110594648404943
2021-06-04 12:30:00+00:00,NFP,Surprise + Adaptive state,-0.22898401033391952,-0.9191936839414439,0.5349566500645637,0.0879322171346679,0.0,True,-0.3840102940220121,,,none,,64,-0.0,0.0,-0.0
2021-06-10 12:30:00+00:00,CPI,Surprise + Adaptive state,-1.2857519574681133,64.38471572781879,0.5258672275917095,-4.708299646194635,-1.0,True,3.661903541229025,,,none,,56,-64.38471572781879,0.5258672275917095,-64.91058295541049
2021-06-25 12:30:00+00:00,PCE,Surprise + Adaptive state,1.353890520300208,3.8266194024316746,0.5051296789813798,-2.2730352871449298,-1.0,True,-1.6788915005039793,,,none,,61,-3.8266194024316746,0.5051296789813798,-4.331749081413054
2021-07-02 12:30:00+00:00,NFP,Surprise + Adaptive state,0.052207519745368525,18.48081430871673,0.49660935680526064,-0.019992620717085637,0.0,True,-0.38294523115818463,,,none,,65,0.0,0.0,0.0
2021-07-13 12:30:00+00:00,CPI,Surprise + Adaptive state,-3.5455463257141377,-34.90287234182432,0.4862100762846843,10.235826932520592,1.0,True,9.374859269335229,30.59829354737731,2.4079848984343846,prev_x,0.09926482090542532,57,-34.90287234182432,0.4862100762846843,-35.389082418109005
2021-07-30 12:30:00+00:00,PCE,Surprise + Adaptive state,1.3368933041672204,1.3448090391676715,0.4878048780487804,-2.000316424138687,-1.0,True,-1.4962423836692988,,,none,,62,-1.3448090391676715,0.4878048780487804,-1.832613917216452
2021-08-06 12:30:00+00:00,NFP,Surprise + Adaptive state,-0.013168586432633885,-17.193497159802007,0.4787769724785788,0.00509785547863782,0.0,True,-0.3871224527185781,,,none,,66,-0.0,0.0,-0.0
2021-08-11 12:30:00+00:00,CPI,Surprise + Adaptive state,-0.023558568354873046,13.76029130305767,0.48289068354008824,-0.09093614052869296,0.0,True,3.860002830345291,,,none,,58,0.0,0.0,0.0
2021-08-27 12:30:00+00:00,PCE,Surprise + Adaptive state,-0.3347998796911022,7.342323930501493,0.47341528315131326,0.46314842731519,0.0,True,-1.38335900162959,,,none,,63,0.0,0.0,0.0
2021-09-03 12:30:00+00:00,NFP,Surprise + Adaptive state,-0.6679411690796805,-24.956818482380072,0.46400742411878587,0.25506164327298636,0.0,True,-0.38186243801145214,,,none,,67,-0.0,0.0,-0.0
2021-09-14 12:30:00+00:00,CPI,Surprise + Adaptive state,0.8192117877682124,14.536999216510083,0.47038214494258096,3.189881728345918,1.0,True,3.893842564248432,,,none,,59,14.536999216510083,0.47038214494258096,14.066617071567501
2021-10-01 12:30:00+00:00,PCE,Surprise + Adaptive state,-1.9950474862945664,-19.025299186878897,0.49203413698909043,2.834045189251567,1.0,True,-1.42054021707287,,,none,,64,-19.025299186878897,0.49203413698909043,-19.517333323867987
2021-10-08 12:30:00+00:00,NFP,Surprise + Adaptive state,-0.44428519767740043,36.14219850184952,0.4861856223175966,-0.8189810431974828,-1.0,True,0.5446511617596989,-8.407481624888518,-2.1942839021130163,rv_pre_1d,0.34552845528455284,68,-36.14219850184952,0.4861856223175966,-36.62838412416712
2021-10-13 12:30:00+00:00,CPI,Surprise + Adaptive state,-0.8730123949613188,-35.524619861142526,0.49273638603347203,-3.4750007959325036,-1.0,True,3.980471315171273,,,none,,60,35.524619861142526,0.49273638603347203,35.031883475109055
2021-10-29 12:30:00+00:00,PCE,Surprise + Adaptive state,-0.3118249463231859,-10.554090689431916,0.4632735870155596,0.27634708988962914,0.0,True,-0.8862250860558593,,,none,,65,-0.0,0.0,-0.0
2021-11-05 12:30:00+00:00,NFP,Surprise + Adaptive state,0.0039393692891312405,19.554231012683942,0.44318789638572625,0.006268793611092925,0.0,True,0.501584720974503,-8.123474498433277,-2.078084411789542,rv_pre_1d,0.36585365853658536,69,0.0,0.0,0.0
2021-11-10 13:30:00+00:00,CPI,Surprise + Adaptive state,-2.556455404982467,-9.465069173195673,0.448972008917513,-10.699788325057977,-1.0,True,4.1853999503391925,,,none,,61,9.465069173195673,0.448972008917513,9.01609716427816
2021-11-24 15:00:00+00:00,PCE,Surprise + Adaptive state,1.3369344843085225,26.652098259383195,0.44804943993820007,-1.1484142916253277,-1.0,True,-0.8589907023150057,,,none,,66,-26.652098259383195,0.44804943993820007,-27.100147699321393
2021-12-03 13:30:00+00:00,NFP,Surprise + Adaptive state,-0.4833671251658682,-6.85240873398385,0.4523122514232239,1.530418904665788,1.0,True,0.49691711807022404,-8.118176630738978,-2.0879964408966916,rv_pre_1d,0.9512195121951219,70,-6.85240873398385,0.4523122514232239,-7.304720985407074
2021-12-10 13:30:00+00:00,CPI,Surprise + Adaptive state,-0.8337716263587658,28.908420482807173,0.44775888955795384,-3.5355623593959686,-1.0,True,4.2404445625433675,,,none,,62,-28.908420482807173,0.44775888955795384,-29.356179372365126
2021-12-23 13:30:00+00:00,PCE,Surprise + Adaptive state,-0.320719690291463,-2.3155116226547534,0.4475584912648929,0.09084475398207474,0.0,True,-0.28325281151125153,,,none,,67,-0.0,0.0,-0.0
2022-01-07 13:30:00+00:00,NFP,Surprise + Adaptive state,-0.3780124387835242,-77.9932314505416,0.46011296566605314,1.0657606316517563,1.0,True,0.49698510566688175,-8.063318578712787,-2.002957419702466,rv_pre_1d,0.9112903225806451,71,-77.9932314505416,0.46011296566605314,-78.45334441620766
2022-01-12 13:30:00+00:00,CPI,Surprise + Adaptive state,-0.828879460574073,63.443420139321915,0.45643414756988165,-3.4069120772970787,-1.0,True,4.110262395617196,,,none,,63,-63.443420139321915,0.45643414756988165,-63.899854286891795
2022-01-28 13:30:00+00:00,PCE,Surprise + Adaptive state,-0.31922917712759896,58.51370827326008,0.5222966645054391,0.08979007966820474,0.0,True,-0.28127153186976633,,,none,,68,0.0,0.0,0.0
2022-02-04 13:30:00+00:00,NFP,Surprise + Adaptive state,0.3137581071235987,-67.5684084482242,0.4964138379636762,-0.11224373986503347,0.0,True,-0.35773972788794683,,,none,,72,-0.0,0.0,-0.0
2022-02-10 13:30:00+00:00,CPI,Surprise + Adaptive state,-1.6544445730650783,-77.72321350952183,0.4824247666894016,-6.342922455516515,-1.0,True,3.8338682109884217,,,none,,64,77.72321350952183,0.4824247666894016,77.24078874283242
2022-02-25 13:30:00+00:00,PCE,Surprise + Adaptive state,-0.3177592719112605,-3.738816975058512,0.5160509644814577,0.15350633319353424,0.0,True,-0.4830900205373186,,,none,,69,-0.0,0.0,-0.0
2022-03-04 13:30:00+00:00,NFP,Surprise + Adaptive state,0.21157723178032842,-30.501503866240398,0.5205995871106723,-0.0732465337593443,0.0,True,-0.3461928920376132,,,none,,73,-0.0,0.0,-0.0
2022-03-10 13:30:00+00:00,CPI,Surprise + Adaptive state,0.01752763028449497,-43.540897539280365,0.535282499953855,0.0835540251778701,0.0,True,4.7669892519231425,,,none,,65,-0.0,0.0,-0.0
2022-03-31 12:30:00+00:00,PCE,Surprise + Adaptive state,-0.3163095037297847,-6.286603125360557,0.47956078846408257,0.14978239188726888,0.0,True,-0.47353111468703835,,,none,,70,-0.0,0.0,-0.0
2022-04-01 12:30:00+00:00,NFP,Surprise + Adaptive state,-0.1576196468748535,-30.830607018543787,0.48496605237633367,0.0536569788707806,0.0,True,-0.3404206260745087,,,none,,74,-0.0,0.0,-0.0
2022-04-12 12:30:00+00:00,CPI,Surprise + Adaptive state,0.01746830212922925,70.01770244134065,0.5162530708156798,0.07988619280995639,0.0,True,4.573208788064464,,,none,,66,0.0,0.0,0.0
2022-04-29 12:30:00+00:00,PCE,Surprise + Adaptive state,-0.314879416609685,-21.433817219183027,0.543967587034814,0.14362702512241038,0.0,True,-0.4561334197987482,,,none,,71,-0.0,0.0,-0.0
2022-05-06 12:30:00+00:00,NFP,Surprise + Adaptive state,-0.03130413075081324,-115.64661715819824,0.5664173128381413,0.010401247601215833,0.0,True,-0.3322643801871299,,,none,,75,-0.0,0.0,-0.0
2022-05-11 12:30:00+00:00,CPI,Surprise + Adaptive state,-0.8137570479692707,-133.76894566938802,0.5818619582664527,-3.937039630871728,-1.0,True,4.838102036346847,,,none,,67,133.76894566938802,0.5818619582664527,133.18708371112157
2022-05-27 12:30:00+00:00,PCE,Surprise + Adaptive state,-0.3134685689124132,70.71450823115555,0.5885934645829104,0.12278999938268434,0.0,True,-0.39171391188822285,,,none,,72,0.0,0.0,0.0
2022-06-03 12:30:00+00:00,NFP,Surprise + Adaptive state,-0.00230345274077212,-59.007630463554506,0.5681929504888418,0.0007032333507200368,0.0,True,-0.30529532395976666,,,none,,76,-0.0,0.0,-0.0
2022-06-10 12:30:00+00:00,CPI,Surprise + Adaptive state,-2.473490408348257,-70.38200785096649,0.5893230913044362,-9.332664775861153,-1.0,True,12.815886944835292,30.95709195939978,2.038414217349212,prev_x,0.20789207282319133,68,70.38200785096649,0.5893230913044362,69.79268475966205
2022-06-30 12:30:00+00:00,PCE,Surprise + Adaptive state,1.3674428037700574,-45.06171103429324,0.6300102105103083,-0.8388005438621468,-1.0,True,-0.613408137839157,,,none,,73,45.06171103429324,0.6300102105103083,44.43170082378293
2022-07-08 12:30:00+00:00,NFP,Surprise + Adaptive state,0.038531795866142235,-30.756466473071953,0.5991611743559017,-0.011270267441456575,0.0,True,-0.29249265932501534,,,none,,77,-0.0,0.0,-0.0
2022-07-13 12:30:00+00:00,CPI,Surprise + Adaptive state,-1.6387895948837974,-41.650092040583786,0.6081449482028268,-29.770288631504187,-1.0,True,10.87456743720187,23.08960765650281,2.0523180878176306,rv_20d,0.8157894736842105,69,41.650092040583786,0.6081449482028268,41.04194709238096
2022-07-29 12:30:00+00:00,PCE,Surprise + Adaptive state,-1.9957008241117162,6.624581334904178,0.5641364821227094,2.8786786220105616,1.0,True,-1.442439962558946,,,none,,74,6.624581334904178,0.5641364821227094,6.060444852781469
2022-08-05 12:30:00+00:00,NFP,Surprise + Adaptive state,0.24144452119551107,-55.79079693145417,0.5431423594853257,-0.06918451649623904,0.0,True,-0.28654415579062353,,,none,,78,-0.0,0.0,-0.0
2022-08-10 12:30:00+00:00,CPI,Surprise + Adaptive state,1.6768964978331644,48.702158109605875,0.5537838715221418,17.794254096442703,1.0,True,11.090475701308252,23.665320376477304,2.1708152407835253,rv_20d,0.4797570850202429,70,48.702158109605875,0.5537838715221418,48.14837423808373
2022-08-26 12:30:00+00:00,PCE,Surprise + Adaptive state,1.3517023197616702,3.610760104244548,0.5533823108482014,-2.105091707264305,-1.0,True,-1.557363390214105,,,none,,75,-3.610760104244548,0.5533823108482014,-4.1641424150927495
2022-09-02 12:30:00+00:00,NFP,Surprise + Adaptive state,-0.06967087212902896,-10.306258427235093,0.5899104963384866,0.019354380137314168,0.0,True,-0.2777972995869819,,,none,,79,-0.0,0.0,-0.0
2022-09-13 12:30:00+00:00,CPI,Surprise + Adaptive state,-1.579948474762284,-145.1945691576384,0.5649277282113219,-13.980569341805484,-1.0,True,11.673575537021021,24.059719466710597,2.1824313299094147,rv_20d,0.3825910931174089,71,145.1945691576384,0.5649277282113219,144.62964142942707
2022-09-30 12:30:00+00:00,PCE,Surprise + Adaptive state,-3.6097507213276065,36.990037051545244,0.6419764018329532,5.197967721666521,1.0,True,-1.4399796891666787,,,none,,76,36.990037051545244,0.6419764018329532,36.34806064971229
2022-10-07 12:30:00+00:00,NFP,Surprise + Adaptive state,-0.08079578102720068,-49.42512285587952,0.6280454791553871,0.022324095330501413,0.0,True,-0.27630273569588726,,,none,,80,-0.0,0.0,-0.0
2022-10-13 12:30:00+00:00,CPI,Surprise + Adaptive state,-1.5620361853588192,-9.954494564929917,0.6631603018522754,-18.749981304233465,-1.0,True,13.135506643778339,25.41754529509349,2.1975164175943704,rv_20d,0.45546558704453444,72,9.954494564929917,0.6631603018522754,9.29133426307764
2022-10-28 12:30:00+00:00,PCE,Surprise + Adaptive state,-0.27118989507824,-28.43232452125477,0.6526974409758952,0.7201761427715105,1.0,True,-2.655615698968928,,,none,,77,-28.43232452125477,0.6526974409758952,-29.085021962230666
2022-11-04 12:30:00+00:00,NFP,Surprise + Adaptive state,-0.00859864988766689,144.74713980558107,0.6717783594709166,0.0022854009307265656,0.0,True,-0.2657860199662896,,,none,,81,0.0,0.0,0.0
2022-11-10 13:30:00+00:00,CPI,Surprise + Adaptive state,1.6607633563681254,125.51069360650757,0.666421546097987,28.505686640310085,1.0,True,13.064174233256077,25.31770461608593,2.198220025186251,rv_20d,0.6619433198380567,73,125.51069360650757,0.666421546097987,124.84427206040958
2022-12-01 13:30:00+00:00,PCE,Surprise + Adaptive state,1.3116164878816416,-5.793862806164896,0.6007374570161992,-3.4234227935115014,-1.0,True,-2.610079108597197,,,none,,78,5.793862806164896,0.6007374570161992,5.193125349148696
2022-12-02 13:30:00+00:00,NFP,Surprise + Adaptive state,-0.014585134531113096,20.317897315393907,0.6025598404255319,0.004339631226909609,0.0,True,-0.29753796357875767,,,none,,82,0.0,0.0,0.0
2022-12-13 13:30:00+00:00,CPI,Surprise + Adaptive state,1.640803512240514,-30.368964941764887,0.6041666666666666,8.160461748828086,1.0,True,15.255085063736846,30.232889625958038,2.329993987931691,rv_20d,0.15991902834008098,74,-30.368964941764887,0.6041666666666666,-30.973131608431554
2022-12-23 13:30:00+00:00,PCE,Surprise + Adaptive state,-0.2794555225126812,-24.8565229438924,0.6568516421291053,0.7351185246819891,1.0,True,-2.630538548933599,,,none,,79,-24.8565229438924,0.6568516421291053,-25.513374586021506
2023-01-06 13:30:00+00:00,NFP,Surprise + Adaptive state,-0.06884081561522244,80.27750169436132,0.6733850369200761,0.020817348226154206,0.0,True,-0.30239833796435966,,,none,,83,0.0,0.0,0.0
2023-01-12 13:30:00+00:00,CPI,Surprise + Adaptive state,0.03632795161555792,159.54592712823512,0.6363556569823575,0.10859637501407181,0.0,True,14.72028304984322,32.60806221716021,2.625574863798363,rv_20d,0.1402439024390244,75,0.0,0.0,0.0
2023-01-27 13:30:00+00:00,PCE,Surprise + Adaptive state,-1.8612980836883501,2.9067353414546915,0.6006130395161958,4.8131906061144445,1.0,True,-2.5859321772773876,,,none,,80,2.9067353414546915,0.6006130395161958,2.3061223019384958
2023-02-03 13:30:00+00:00,NFP,Surprise + Adaptive state,0.30665937768946433,-38.647199609762595,0.5689509721214023,-0.09832375263236044,0.0,True,-0.3206285533257915,,,none,,84,-0.0,0.0,-0.0
2023-02-14 13:30:00+00:00,CPI,Surprise + Adaptive state,0.036212663530961496,28.599161518734206,0.5762887007670602,0.33811733719541204,0.0,True,15.117112478347355,29.31772623779893,2.2401933028154066,rv_20d,0.30284552845528456,76,0.0,0.0,0.0
2023-02-24 13:30:00+00:00,PCE,Surprise + Adaptive state,-1.830009657188023,-38.88668510082738,0.5995203836930456,4.713019278729058,1.0,True,-2.5754067800773477,,,none,,81,-38.88668510082738,0.5995203836930456,-39.486205484520426
2023-03-10 13:30:00+00:00,NFP,Surprise + Adaptive state,0.011791312539496484,2.278730135714113,0.6030861373372707,-0.003720715183665347,0.0,True,-0.31554715992832383,,,none,,85,0.0,0.0,0.0
2023-03-14 12:30:00+00:00,CPI,Surprise + Adaptive state,0.03609846609086587,0.6221807436901372,0.6021594684385382,0.03779629595460638,0.0,True,15.175655491390168,29.08486242602203,2.2220551022375403,rv_20d,0.014227642276422764,77,0.0,0.0,0.0
2023-03-31 12:30:00+00:00,PCE,Surprise + Adaptive state,-0.24561985495403924,-8.967840401048477,0.554270751705816,0.46104488075894495,0.0,True,-1.8770668228153475,,,none,,82,-0.0,0.0,-0.0
2023-04-12 12:30:00+00:00,CPI,Surprise + Adaptive state,0.8362188016428281,-5.122416374732097,0.5554385091264292,0.42922986602521457,0.0,True,15.151872574286552,29.397136437914654,2.267923392423217,rv_20d,0.0020408163265306124,78,-0.0,0.0,-0.0
2023-04-28 12:30:00+00:00,PCE,Surprise + Adaptive state,-0.2446458487409858,24.63428821002367,0.5495963309707008,0.4574290364746592,0.0,True,-1.8697600585855583,,,none,,83,0.0,0.0,0.0
2023-05-05 12:30:00+00:00,NFP,Surprise + Adaptive state,-0.009663468391275397,11.063003016644757,0.5519078884765439,0.0030571982231566573,0.0,True,-0.3163665569514182,,,none,,86,0.0,0.0,0.0
2023-05-10 12:30:00+00:00,CPI,Surprise + Adaptive state,0.030788529266230838,43.2427034999705,0.5467468562055768,0.05689690610374351,0.0,True,15.071179436793141,30.259576803069443,2.4217387700663195,rv_20d,0.06300813008130081,79,0.0,0.0,0.0
2023-05-26 12:30:00+00:00,PCE,Surprise + Adaptive state,-1.809426281392467,9.453566749684228,0.5168971909311278,3.426816523678349,1.0,True,-1.8938691003433412,,,none,,84,9.453566749684228,0.5168971909311278,8.9366695587531
2023-06-02 12:30:00+00:00,NFP,Surprise + Adaptive state,0.0835127359455142,-19.619998032780472,0.49866735448370736,-0.026636541964578403,0.0,True,-0.3189518540256752,,,none,,87,-0.0,0.0,-0.0
2023-06-13 12:30:00+00:00,CPI,Surprise + Adaptive state,0.111044762907337,19.612944120730447,0.48788694481830414,0.5505995568599692,1.0,True,15.129303443717607,29.610093145838288,2.366712867937663,rv_20d,0.1565040650406504,80,19.612944120730447,0.48788694481830414,19.125057175912143
2023-06-30 12:30:00+00:00,PCE,Surprise + Adaptive state,-0.22837106669327886,17.40873175297253,0.4774998765086526,0.45948617607784337,0.0,True,-2.0120157195524735,,,none,,85,0.0,0.0,0.0
2023-07-07 12:30:00+00:00,NFP,Surprise + Adaptive state,-0.1195977821158257,-32.310735747174135,0.4761592013660843,0.03776208117656291,0.0,True,-0.3157423198700444,,,none,,88,-0.0,0.0,-0.0
2023-07-12 12:30:00+00:00,CPI,Surprise + Adaptive state,0.7957918434964811,13.31947438810488,0.473469387755102,0.6663486912172325,1.0,True,15.150673409524806,29.468626704975616,2.360008717600962,rv_20d,0.014285714285714285,81,13.31947438810488,0.473469387755102,12.846005000349777
2023-07-28 12:30:00+00:00,PCE,Surprise + Adaptive state,-0.22749221991958832,3.1765696492058737,0.4606464935271225,0.4600384643856196,0.0,True,-2.0222162522666904,,,none,,86,0.0,0.0,0.0
2023-08-04 12:30:00+00:00,NFP,Surprise + Adaptive state,-0.1093620433557646,20.64749979417968,0.46870201865110794,0.03379429722493871,0.0,True,-0.3090130376862364,,,none,,89,0.0,0.0,0.0
2023-08-10 12:30:00+00:00,CPI,Surprise + Adaptive state,0.025247022731454967,-12.714145382517472,0.47421264349020503,0.15786771095189361,0.0,True,15.151405263684888,29.461188415327868,2.416108382157892,rv_20d,0.19795918367346937,82,-0.0,0.0,-0.0
2023-08-31 12:30:00+00:00,PCE,Surprise + Adaptive state,-0.22662344597528022,-8.378988566271062,0.46687595588827174,0.4587644637868085,0.0,True,-2.024346871139052,,,none,,87,-0.0,0.0,-0.0
2023-09-01 12:30:00+00:00,NFP,Surprise + Adaptive state,-0.07191857716894035,16.480399259606315,0.46544474047443263,0.022577920069683847,0.0,True,-0.31393724623677105,,,none,,90,0.0,0.0,0.0
2023-09-13 12:30:00+00:00,CPI,Surprise + Adaptive state,0.025170356873976597,47.16603624444815,0.4738329820433639,0.28261933602619965,0.0,True,15.108132559938786,29.70526675791333,2.4424621631899126,rv_20d,0.3693877551020408,83,0.0,0.0,0.0
2023-09-29 12:30:00+00:00,PCE,Surprise + Adaptive state,1.3433872606317534,4.3336223093248805,0.4846256684491978,-2.714077873222306,-1.0,True,-2.020324259994813,,,none,,88,-4.3336223093248805,0.4846256684491978,-4.818247977774078
2023-10-06 12:30:00+00:00,NFP,Surprise + Adaptive state,0.1131620651823218,-29.579784929545383,0.48716570353447114,-0.03595331924624856,0.0,True,-0.31771529786348573,,,none,,91,-0.0,0.0,-0.0
2023-10-12 12:30:00+00:00,CPI,Surprise + Adaptive state,-0.7867827476260195,-15.095077489526432,0.46944556859571024,-4.462336335154592,-1.0,True,15.207599076529025,29.573591932573674,2.4271991332735094,rv_20d,0.17755102040816326,84,15.095077489526432,0.46944556859571024,14.625631920930722
2023-10-27 12:30:00+00:00,PCE,Surprise + Adaptive state,-1.799426751444557,15.032077082040018,0.5070373284378005,3.425640299207125,1.0,True,-1.9037397862719692,,,none,,89,15.032077082040018,0.5070373284378005,14.525039753602218
2023-11-03 12:30:00+00:00,NFP,Surprise + Adaptive state,-0.13108733580921772,5.651126220378444,0.48453659922139974,0.04105366945325974,0.0,True,-0.31317799846820105,,,none,,92,0.0,0.0,0.0
2023-11-14 13:30:00+00:00,CPI,Surprise + Adaptive state,0.8426941285268533,48.15545747067773,0.46496713163379827,16.421562858242243,1.0,True,15.265545038377835,29.550038331232418,2.426042398594468,rv_20d,0.6428571428571429,85,48.15545747067773,0.46496713163379827,47.69049033904393
2023-11-30 13:30:00+00:00,PCE,Surprise + Adaptive state,1.3321946861111806,-17.27425243775116,0.450821583471948,-2.788631673795625,-1.0,True,-2.0932613700298868,,,none,,90,17.27425243775116,0.450821583471948,16.82343085427921
2023-12-08 13:30:00+00:00,NFP,Surprise + Adaptive state,-0.07577269969724261,22.41749188918618,0.4539264639128461,0.02385442102806581,0.0,True,-0.3148155090603678,,,none,,93,0.0,0.0,0.0
2023-12-12 13:30:00+00:00,CPI,Surprise + Adaptive state,-0.7887014604517996,-43.008176394288,0.4442197815664109,-0.7010403478591332,-1.0,True,15.607057714434946,30.302184379174825,2.4880276888831183,rv_20d,0.014285714285714285,86,43.008176394288,0.4442197815664109,42.56395661272159
2023-12-22 13:30:00+00:00,PCE,Surprise + Adaptive state,1.319160634839701,22.819463854801825,0.42741341193809873,-2.9973298080643285,-1.0,True,-2.272149220423449,,,none,,91,-22.819463854801825,0.42741341193809873,-23.246877266739922
2024-01-05 13:30:00+00:00,NFP,Surprise + Adaptive state,-0.041746958090400695,22.43402364765501,0.4418239712357359,0.013345732217378586,0.0,True,-0.31968154873653676,,,none,,94,0.0,0.0,0.0
2024-01-11 13:30:00+00:00,CPI,Surprise + Adaptive state,-0.7849042105335153,-28.64443023430141,0.4258255877127292,-4.247490679910951,-1.0,True,15.701067420696615,30.0113068897198,2.4658834160277645,rv_20d,0.15714285714285714,87,28.64443023430141,0.4258255877127292,28.21860464658868
2024-01-26 13:30:00+00:00,PCE,Surprise + Adaptive state,-0.23765961104637265,17.773737945034895,0.4126586601400194,0.4576837210887271,1.0,True,-1.9257951280557424,,,none,,92,17.773737945034895,0.4126586601400194,17.361079284894878
2024-02-02 13:30:00+00:00,NFP,Surprise + Adaptive state,0.1178356155064509,-17.559517699368143,0.411814825333712,-0.03821074627253452,0.0,True,-0.3242716228731599,,,none,,95,-0.0,0.0,-0.0
2024-02-13 13:30:00+00:00,CPI,Surprise + Adaptive state,-0.7811613847490155,-39.55645477144998,0.406344580204013,-6.21664394642416,-1.0,True,15.78593666151019,29.965527874192837,2.4589537631397316,rv_20d,0.23877551020408164,88,39.55645477144998,0.406344580204013,39.150110191245965
2024-02-29 13:30:00+00:00,PCE,Surprise + Adaptive state,-0.23678595848151593,37.97604981336633,0.40578168945107534,0.45964266508304397,1.0,True,-1.9411736575542116,,,none,,93,37.97604981336633,0.40578168945107534,37.570268123915255
2024-03-08 13:30:00+00:00,NFP,Surprise + Adaptive state,0.0003740759023637736,14.31366244670329,0.3964998632759092,-0.00012037606468674079,0.0,True,-0.3217958278683238,,,none,,96,0.0,0.0,0.0
2024-03-12 12:30:00+00:00,CPI,Surprise + Adaptive state,0.038897596673548446,37.70659896193962,0.40166204986149584,0.9760067331724902,1.0,True,15.908056379826062,29.99989465870274,2.4541717271138337,rv_20d,0.8061224489795918,89,37.70659896193962,0.40166204986149584,37.30493691207813
2024-04-05 12:30:00+00:00,NFP,Surprise + Adaptive state,0.01805478474136971,19.031863419449735,0.3993445241603437,-0.005861006808480564,0.0,True,-0.32462346643496587,,,none,,97,0.0,0.0,0.0
2024-04-10 12:30:00+00:00,CPI,Surprise + Adaptive state,-0.7799931857072275,-34.04481486544597,0.393866547148542,-1.5414038581211538,-1.0,True,16.04103387531933,30.49460323467775,2.4968230834109164,rv_20d,0.03877551020408163,90,34.04481486544597,0.393866547148542,33.65094831829743
2024-04-26 12:30:00+00:00,PCE,Surprise + Adaptive state,-0.24439946298316922,-37.86363777319224,0.4090960388218034,0.48215674767587424,1.0,True,-1.9728224513696184,,,none,,94,-37.86363777319224,0.4090960388218034,-38.27273381201404
2024-05-03 12:30:00+00:00,NFP,Surprise + Adaptive state,-0.17706829493247359,14.516019019055193,0.4085888187556357,0.05810406987164629,0.0,True,-0.3281449674195188,,,none,,98,0.0,0.0,0.0
2024-05-15 12:30:00+00:00,CPI,Surprise + Adaptive state,0.8630942134153134,-7.425859884477859,0.3938451509513397,19.66969434686134,1.0,True,16.107533269336543,30.317427982096255,2.478647262199008,rv_20d,0.7204081632653061,91,-7.425859884477859,0.3938451509513397,-7.819705035429199
2024-05-31 12:30:00+00:00,PCE,Surprise + Adaptive state,-0.24351667860145637,15.832766392911424,0.39036734913648047,0.4722069658486882,1.0,True,-1.9391154994418691,,,none,,95,15.832766392911424,0.39036734913648047,15.442399043774943
2024-06-07 12:30:00+00:00,NFP,Surprise + Adaptive state,0.022890670339214506,-13.687634571404317,0.37978993687629325,-0.007587697910806657,0.0,True,-0.331475566174574,,,none,,99,-0.0,0.0,-0.0
2024-06-12 12:30:00+00:00,CPI,Surprise + Adaptive state,0.8587529694109373,0.0,0.37605684942165046,1.905643917299556,1.0,True,15.699154889662205,29.226705040242116,2.41691404037255,rv_20d,0.03877551020408163,92,0.0,0.37605684942165046,-0.37605684942165046
2024-06-28 12:30:00+00:00,PCE,Surprise + Adaptive state,-0.2426433957445556,-37.77293540768056,0.35982381041007505,0.473895419753108,1.0,True,-1.9530530319976418,,,none,,96,-37.77293540768056,0.35982381041007505,-38.13275921809064
2024-07-05 12:30:00+00:00,NFP,Surprise + Adaptive state,-0.07399593365510283,-21.64039895038883,0.3545665729306761,0.02437190453550051,0.0,True,-0.329368160270788,,,none,,100,-0.0,0.0,-0.0
2024-07-11 12:30:00+00:00,CPI,Surprise + Adaptive state,1.6754537637453566,-30.347949118798567,0.34704354798176223,6.620811088664839,1.0,True,15.657599730320909,29.566567694638202,2.50441925014436,rv_20d,0.10408163265306122,93,-30.347949118798567,0.34704354798176223,-30.69499266678033
2024-07-26 12:30:00+00:00,PCE,Surprise + Adaptive state,-0.5783982211069412,-23.17709370849741,0.3774272476443334,1.111047885290318,1.0,True,-1.9209047413112534,,,none,,97,-23.17709370849741,0.3774272476443334,-23.554520956141744
2024-08-02 12:30:00+00:00,NFP,Surprise + Adaptive state,-0.1721608664320203,-9.008706784250364,0.38766943828035183,0.056047712707974165,0.0,True,-0.32555431364598325,,,none,,101,-0.0,0.0,-0.0
2024-08-14 12:30:00+00:00,CPI,Surprise + Adaptive state,0.023803419256880783,-2.3520188269898767,0.3794768453697282,0.7371831454108885,1.0,True,15.289992781674849,31.487800970916926,2.757392107144874,rv_20d,0.9979591836734694,94,-2.3520188269898767,0.3794768453697282,-2.731495672359605
2024-08-30 12:30:00+00:00,PCE,Surprise + Adaptive state,-0.238436036952374,-19.44207005273313,0.3708297635640576,0.4370894402681888,1.0,True,-1.8331517578254939,,,none,,98,-19.44207005273313,0.3708297635640576,-19.812899816297186
2024-09-06 12:30:00+00:00,NFP,Surprise + Adaptive state,-0.12297466673639144,61.051301724752705,0.3861980796633418,0.039841040293861436,0.0,True,-0.3239776236130382,,,none,,102,0.0,0.0,0.0
2024-09-11 12:30:00+00:00,CPI,Surprise + Adaptive state,-0.09913290389855092,55.82819461057653,0.3845286871660235,-2.7826836186876944,-1.0,True,15.265298697190005,31.372086775305725,2.75420233085029,rv_20d,0.9081632653061225,95,-55.82819461057653,0.3845286871660235,-56.212723297742556
2024-09-27 12:30:00+00:00,PCE,Surprise + Adaptive state,-0.2375999467930136,0.49076743767528797,0.35606851249309346,0.43213825508963655,1.0,True,-1.8187641071573806,,,none,,99,0.49076743767528797,0.35606851249309346,0.1346989251821945
2024-10-04 12:30:00+00:00,NFP,Surprise + Adaptive state,0.040543022944561934,62.43207277027096,0.3611322117480044,-0.013623878554420949,0.0,True,-0.3360350946955802,,,none,,103,0.0,0.0,0.0
2024-10-10 12:30:00+00:00,CPI,Surprise + Adaptive state,-0.7970756838786801,-18.522726295806535,0.3546532958297664,-11.316283545843108,-1.0,True,15.369160990069316,31.901994316838717,2.802838131223785,rv_20d,0.463265306122449,96,18.522726295806535,0.3546532958297664,18.16807299997677
2024-10-31 12:30:00+00:00,PCE,Surprise + Adaptive state,-0.2367725943128565,-8.949643531117601,0.35521367940128123,0.4308782420072232,1.0,True,-1.8197977821617632,,,none,,100,-8.949643531117601,0.35521367940128123,-9.304857210518882
2024-11-01 12:30:00+00:00,NFP,Surprise + Adaptive state,-0.20694615809024963,9.948517248012934,0.36068305908983495,0.0715818741313814,0.0,True,-0.3458961248276201,,,none,,104,0.0,0.0,0.0
2024-11-13 13:30:00+00:00,CPI,Surprise + Adaptive state,0.028872763033326438,-14.983927529890195,0.342850387184489,0.5509080179117832,1.0,True,15.425388085705109,31.982611962880267,2.8092639153104417,rv_20d,0.6142857142857143,97,-14.983927529890195,0.342850387184489,-15.326777917074685
2024-11-27 15:00:00+00:00,PCE,Surprise + Adaptive state,-0.23595382831701026,-34.35686431782159,0.3475467989741377,0.42798211536235764,1.0,True,-1.8138384039582196,,,none,,101,-34.35686431782159,0.3475467989741377,-34.704411116795725
2024-12-06 13:30:00+00:00,NFP,Surprise + Adaptive state,-0.08361582857707964,-7.442206957755104,0.33772767503610196,0.029098118107142242,0.0,True,-0.3479977248604157,,,none,,105,-0.0,0.0,-0.0
2024-12-11 13:30:00+00:00,CPI,Surprise + Adaptive state,-0.13613039922014264,18.829551678329892,0.3377709447103905,-1.2244084689168802,-1.0,True,15.368877662859575,31.872490930200964,2.801840695455358,rv_20d,0.3,98,-18.829551678329892,0.3377709447103905,-19.16732262304028
2025-01-10 13:30:00+00:00,NFP,Surprise + Adaptive state,0.02543842745033338,-18.097625634645453,0.34061545689452666,-0.008819131436713012,0.0,True,-0.3466854016008538,,,none,,106,-0.0,0.0,-0.0
2025-01-15 13:30:00+00:00,CPI,Surprise + Adaptive state,0.029630018694912632,46.982441545075915,0.3453367628846337,0.7666693069500108,1.0,True,15.381158823998579,31.806659480833417,2.795373935828985,rv_20d,0.8299180327868853,99,46.982441545075915,0.3453367628846337,46.63710478219128
2025-01-31 13:30:00+00:00,PCE,Surprise + Adaptive state,-0.24328328434500773,3.6718302191118823,0.33278633969452504,0.43539868761202005,1.0,True,-1.7896777774282568,,,none,,102,3.6718302191118823,0.33278633969452504,3.3390438794173574
2025-02-07 13:30:00+00:00,NFP,Surprise + Adaptive state,-0.13442132024142522,31.817272246321693,0.33173566387169834,0.04623225151792898,0.0,True,-0.3439354072322329,,,none,,107,0.0,0.0,0.0
2025-02-12 13:30:00+00:00,CPI,Surprise + Adaptive state,-1.6288289771507536,-22.023121578520488,0.33217644296301385,-30.69566069101573,-1.0,True,15.520133866533858,32.31995820332753,2.8391583636126185,rv_20d,0.602880658436214,100,22.023121578520488,0.33217644296301385,21.690945135557474
2025-02-28 13:30:00+00:00,PCE,Surprise + Adaptive state,-0.24245575341235073,-15.279397617540269,0.3522367030644593,0.43485181321630784,1.0,True,-1.7935306013412855,,,none,,103,-15.279397617540269,0.3522367030644593,-15.631634320604729
2025-03-07 13:30:00+00:00,NFP,Surprise + Adaptive state,-0.10408611006653506,-75.46362563040532,0.3605126738852078,0.036424435221920154,0.0,True,-0.34994520593224715,,,none,,108,-0.0,0.0,-0.0
2025-03-12 12:30:00+00:00,CPI,Surprise + Adaptive state,0.863785844188717,-14.313855847269963,0.3699970655405147,24.591196685885862,1.0,True,15.472441691655545,32.22638232387868,2.8607624222801187,rv_20d,0.9032921810699589,101,-14.313855847269963,0.3699970655405147,-14.683852912810478
2025-03-28 12:30:00+00:00,PCE,Surprise + Adaptive state,-0.2416366134206346,-20.744939075711955,0.3637275805844726,0.4307840822596165,1.0,True,-1.7827765261290058,,,none,,104,-20.744939075711955,0.3637275805844726,-21.10866665629643
2025-04-04 12:30:00+00:00,NFP,Surprise + Adaptive state,0.022901267949125444,39.20413844255677,0.3996692392502756,-0.007705679197828738,0.0,True,-0.3364739111802324,,,none,,109,0.0,0.0,0.0
2025-04-10 12:30:00+00:00,CPI,Surprise + Adaptive state,1.6857215992659478,-61.833617511624084,0.38479910832758346,50.31849277493118,1.0,True,14.855321943954237,30.11241532265797,2.706453269066132,rv_20d,0.9979508196721312,102,-61.833617511624084,0.38479910832758346,-62.21841661995167
2025-04-30 14:00:00+00:00,PCE,Surprise + Adaptive state,-0.24082572346498407,73.4203377380993,0.37915931228345423,0.42583436363701777,1.0,True,-1.7682262405782156,,,none,,105,73.4203377380993,0.37915931228345423,73.04117842581586
2025-05-02 12:30:00+00:00,NFP,Surprise + Adaptive state,-0.04068498955260628,34.270722133555864,0.36349962396590624,0.013932793242145546,0.0,True,-0.34245537224804357,,,none,,110,0.0,0.0,0.0
2025-05-13 12:30:00+00:00,CPI,Surprise + Adaptive state,0.8463013350782487,-11.17943101341723,0.3454396016724041,10.441810120474534,1.0,True,10.224678677847702,31.12596966949432,2.0441792183005876,overnight_ret,0.5679012345679012,103,-11.17943101341723,0.3454396016724041,-11.524870615089633
2025-05-30 12:30:00+00:00,PCE,Surprise + Adaptive state,-0.2400229459321998,5.977882015208991,0.340467497094286,0.4376662819834753,1.0,True,-1.823435173181753,,,none,,106,5.977882015208991,0.340467497094286,5.637414518114705
2025-06-06 12:30:00+00:00,NFP,Surprise + Adaptive state,-0.07537897167229662,12.070007500355473,0.33440188187541803,0.02623710997562225,0.0,True,-0.3480693540061246,,,none,,111,0.0,0.0,0.0
2025-06-11 12:30:00+00:00,CPI,Surprise + Adaptive state,0.842385437586005,-17.12202979796018,0.3301983467310363,5.928679538957391,1.0,True,10.023396937363085,30.870632790243693,2.049123389598267,overnight_ret,0.40329218106995884,104,-17.12202979796018,0.3301983467310363,-17.45222814469122
2025-06-27 12:30:00+00:00,PCE,Surprise + Adaptive state,-0.23922814640251422,-9.89348100354448,0.3184118932331983,0.43739496960655105,1.0,True,-1.828359146630725,,,none,,107,-9.89348100354448,0.3184118932331983,-10.211892896777679
2025-07-15 12:30:00+00:00,CPI,Surprise + Adaptive state,0.015270024971998773,0.64669806768336,0.31316141851323914,0.2854749362481648,0.0,True,9.829724713955672,30.99699061196904,2.0774160990784347,overnight_ret,0.7860082304526749,105,0.0,0.0,0.0
2025-07-31 12:30:00+00:00,PCE,Surprise + Adaptive state,-0.23844119355490775,-0.5251576786946544,0.3046794561997016,0.4344146370444656,1.0,True,-1.8218942396982654,,,none,,108,-0.5251576786946544,0.3046794561997016,-0.829837134894356
2025-08-01 12:30:00+00:00,NFP,Surprise + Adaptive state,-0.13459299863347782,-8.55788813233005,0.31354063054101977,0.04712214999867711,0.0,True,-0.3501084787255512,,,none,,112,-0.0,0.0,-0.0
2025-08-12 12:30:00+00:00,CPI,Surprise + Adaptive state,0.015229351855953272,13.785485332746816,0.3063110641668867,0.16613602133912067,0.0,True,9.825193488537629,30.98227957301781,2.079144450941154,overnight_ret,0.5349794238683128,106,0.0,0.0,0.0
2025-08-29 12:30:00+00:00,PCE,Surprise + Adaptive state,-0.23766195907583582,-1.6900099328154283,0.30681337283114685,0.4330504033618668,1.0,True,-1.8221275506009116,,,none,,109,-1.6900099328154283,0.30681337283114685,-1.9968233056465752
2025-09-05 12:30:00+00:00,NFP,Surprise + Adaptive state,-0.16203229557152443,53.33849963573556,0.3048492047640572,0.05647865465204312,0.0,True,-0.34856418254663474,,,none,,113,0.0,0.0,0.0
2025-09-11 12:30:00+00:00,CPI,Surprise + Adaptive state,-0.8125014898375039,-3.338375702597318,0.30273926841489895,-12.715090090511321,-1.0,True,9.84366609992162,31.00598210278065,2.0801962824827678,overnight_ret,0.6872427983539094,107,3.338375702597318,0.30273926841489895,3.035636434182419
2025-09-26 12:30:00+00:00,PCE,Surprise + Adaptive state,-0.23689031757122087,6.886424901253463,0.2942191019215551,0.43151001534417754,1.0,True,-1.821560373460365,,,none,,110,6.886424901253463,0.2942191019215551,6.592205799331908
2025-10-24 12:30:00+00:00,CPI,Surprise + Adaptive state,0.847953082809842,-18.738998777685367,0.2858015748652298,15.720991209743042,1.0,True,9.817554470520996,30.942151408639152,2.083062243839902,overnight_ret,0.7818930041152263,108,-18.738998777685367,0.2858015748652298,-19.024800352550596
2025-11-20 13:30:00+00:00,NFP,Surprise + Adaptive state,-0.0023105936820798033,11.997126095053545,0.28835923594745894,0.0008280139366520785,0.0,True,-0.35835549238876546,,,none,,114,0.0,0.0,0.0
2025-12-05 15:00:00+00:00,PCE,Surprise + Adaptive state,-0.2361261464815725,23.6370087189286,0.28110308728735517,0.4313440115047961,1.0,True,-1.8267524284459475,,,none,,111,23.6370087189286,0.28110308728735517,23.355905631641242
2025-12-16 13:30:00+00:00,NFP,Surprise + Adaptive state,,-37.12060462220279,0.2892479553161779,,0.0,False,,,,,,115,-0.0,0.0,-0.0
2026-01-09 13:30:00+00:00,NFP,Surprise + Adaptive state,-0.11728348610816007,19.200936853316364,0.2816436333971078,0.042229561115332735,0.0,True,-0.36006399977221165,,,none,,115,0.0,0.0,0.0
2026-01-13 13:30:00+00:00,CPI,Surprise + Adaptive state,0.01505420514787327,-12.698292247037557,0.27979584551410075,0.050923217659922526,0.0,True,9.509819758955407,29.90055256605574,2.0544300677750855,overnight_ret,0.29508196721311475,109,-0.0,0.0,-0.0
2026-02-11 13:30:00+00:00,NFP,Surprise + Adaptive state,-0.002974276950318473,58.33620863690214,0.2872652349631508,0.001080412739868897,0.0,True,-0.3632522316905327,,,none,,116,0.0,0.0,0.0
2026-02-13 13:30:00+00:00,CPI,Surprise + Adaptive state,0.8462769813651695,-8.16808140889691,0.2934480141664559,2.316419212374478,1.0,True,9.486328273956383,29.941640413104878,2.058029593958069,overnight_ret,0.27459016393442626,110,-8.16808140889691,0.2934480141664559,-8.461529423063366
2026-02-20 13:30:00+00:00,PCE,Surprise + Adaptive state,-1.874584816789142,-18.55419060252217,0.29166247611384893,3.454494638530508,1.0,True,-1.8428051948310848,,,none,,112,-18.55419060252217,0.29166247611384893,-18.84585307863602
2026-03-06 13:30:00+00:00,NFP,Surprise + Adaptive state,-0.288041446580229,-46.55266318607687,0.2915920928268345,0.10703706440640395,0.0,True,-0.37160299560081056,,,none,,117,-0.0,0.0,-0.0
2026-03-11 12:30:00+00:00,CPI,Surprise + Adaptive state,-0.07257360225559249,-20.22387105274248,0.29,-0.6727132628162797,-1.0,True,9.39305613927071,30.173731735007287,2.089950923541865,overnight_ret,0.4959016393442623,111,20.22387105274248,0.29,19.933871052742482
2026-03-13 12:30:00+00:00,PCE,Surprise + Adaptive state,-0.21994435368833912,3.140560362560052,0.29408185616355004,0.33839775491515506,1.0,True,-1.5385607733975488,,,none,,113,3.140560362560052,0.29408185616355004,2.846478506396502
2026-04-09 12:30:00+00:00,PCE,Surprise + Adaptive state,-0.21926095603584936,-2.596676268993292,0.2895627602320496,0.337666570067647,1.0,True,-1.5400214254855216,,,none,,114,-2.596676268993292,0.2895627602320496,-2.8862390292253415
2026-04-10 12:30:00+00:00,CPI,Surprise + Adaptive state,0.3863432136330373,-10.960420160444073,0.28615126547930336,5.944756523966847,1.0,True,9.370795375493238,30.144258355032502,2.0882409726863336,overnight_ret,0.6995884773662552,112,-10.960420160444073,0.28615126547930336,-11.246571425923376
2026-04-30 12:30:00+00:00,PCE,Surprise + Adaptive state,-0.21858389123884375,-4.6311221310091355,0.26325583928684904,0.3364801784449262,1.0,True,-1.5393640242100857,,,none,,115,-4.6311221310091355,0.26325583928684904,-4.894377970295984
2026-05-08 12:30:00+00:00,NFP,Surprise + Adaptive state,-0.02209025678682834,2.3349231094726974,0.2508108108108108,0.007992106571702831,0.0,True,-0.3617932851042388,,,none,,118,0.0,0.0,0.0
2026-05-12 12:30:00+00:00,CPI,Surprise + Adaptive state,0.009048380436151223,27.240737439306884,0.2487626204139753,-0.03580326043643291,0.0,True,9.285647363485447,29.91827880582629,2.0836823438581002,overnight_ret,0.05737704918032787,113,0.0,0.0,0.0
2026-05-28 12:30:00+00:00,PCE,Surprise + Adaptive state,1.4256193886011588,25.73510929430256,0.2420579937565731,-2.1926204700750116,-1.0,True,-1.5380125211585731,,,none,,116,-25.73510929430256,0.2420579937565731,-25.977167288059135
2026-06-05 12:30:00+00:00,NFP,Surprise + Adaptive state,0.024028750728270636,-13.79872372957891,0.24074181685358748,-0.008698933749216365,0.0,True,-0.36202188984306105,,,none,,119,-0.0,0.0,-0.0
2026-06-10 12:30:00+00:00,CPI,Surprise + Adaptive state,0.009025267637695652,-3.901153490524223,0.25214102508368474,-0.04052072392166408,0.0,True,9.303559310007264,29.783670139520368,2.0771964525410973,overnight_ret,0.036885245901639344,114,-0.0,0.0,-0.0
2026-06-25 12:30:00+00:00,PCE,Surprise + Adaptive state,1.4130475363822363,-13.731720773293432,0.2406159769008662,-1.627760572379164,-1.0,True,-1.1519503275499479,,,none,,117,13.731720773293432,0.2406159769008662,13.491104796392566
