ts_utc,clock,dtw_dir,dtw_disp,pool,nn_dist,dtw_score
2016-01-04 14:45:00+00:00,09:45,,,0,,
2016-01-04 15:00:00+00:00,10:00,,,0,,
2016-01-05 14:45:00+00:00,09:45,,,0,,
2016-01-06 12:00:00+00:00,07:00,,,0,,
2016-01-06 13:15:00+00:00,08:15,,,0,,
2016-01-06 13:30:00+00:00,08:30,,,0,,
2016-01-06 14:45:00+00:00,09:45,,,0,,
2016-01-06 15:00:00+00:00,10:00,,,0,,
2016-01-06 19:00:00+00:00,14:00,,,0,,
2016-01-07 12:30:00+00:00,07:30,,,0,,
2016-01-07 13:30:00+00:00,08:30,,,0,,
2016-01-07 14:45:00+00:00,09:45,,,0,,
2016-01-08 13:30:00+00:00,08:30,,,0,,
2016-01-08 15:00:00+00:00,10:00,,,0,,
2016-01-08 20:00:00+00:00,15:00,,,0,,
2016-01-11 15:00:00+00:00,10:00,,,0,,
2016-01-12 11:00:00+00:00,06:00,,,0,,
2016-01-12 15:00:00+00:00,10:00,,,0,,
2016-01-13 12:00:00+00:00,07:00,,,0,,
2016-01-13 19:00:00+00:00,14:00,,,0,,
2016-01-14 13:30:00+00:00,08:30,,,0,,
2016-01-14 14:45:00+00:00,09:45,,,0,,
2016-01-15 13:30:00+00:00,08:30,,,0,,
2016-01-15 14:15:00+00:00,09:15,,,0,,
2016-01-15 15:00:00+00:00,10:00,,,0,,
2016-01-19 15:00:00+00:00,10:00,,,0,,
2016-01-19 21:00:00+00:00,16:00,,,0,,
2016-01-20 12:00:00+00:00,07:00,,,0,,
2016-01-20 13:30:00+00:00,08:30,,,0,,
2016-01-21 13:30:00+00:00,08:30,,,0,,
2016-01-21 14:45:00+00:00,09:45,,,0,,
2016-01-22 13:30:00+00:00,08:30,,,0,,
2016-01-22 14:45:00+00:00,09:45,,,0,,
2016-01-22 15:00:00+00:00,10:00,,,0,,
2016-01-25 15:30:00+00:00,10:30,,,0,,
2016-01-26 14:00:00+00:00,09:00,,,0,,
2016-01-26 14:45:00+00:00,09:45,,,0,,
2016-01-26 15:00:00+00:00,10:00,,,0,,
2016-01-27 12:00:00+00:00,07:00,,,0,,
2016-01-27 15:00:00+00:00,10:00,,,0,,
2016-01-27 19:00:00+00:00,14:00,,,0,,
2016-01-28 13:30:00+00:00,08:30,,,0,,
2016-01-28 14:45:00+00:00,09:45,,,0,,
2016-01-28 15:00:00+00:00,10:00,,,0,,
2016-01-28 16:00:00+00:00,11:00,,,0,,
2016-01-29 13:30:00+00:00,08:30,,,0,,
2016-01-29 14:00:00+00:00,09:00,,,0,,
2016-01-29 14:45:00+00:00,09:45,,,0,,
2016-01-29 15:00:00+00:00,10:00,,,0,,
2016-02-01 13:30:00+00:00,08:30,,,0,,
2016-02-01 14:45:00+00:00,09:45,,,0,,
2016-02-01 15:00:00+00:00,10:00,,,0,,
2016-02-02 14:45:00+00:00,09:45,,,0,,
2016-02-02 15:00:00+00:00,10:00,,,0,,
2016-02-02 20:04:00+00:00,15:04,,,0,,
2016-02-03 12:00:00+00:00,07:00,,,0,,
2016-02-03 13:15:00+00:00,08:15,,,0,,
2016-02-03 14:45:00+00:00,09:45,,,0,,
2016-02-03 15:00:00+00:00,10:00,,,0,,
2016-02-04 12:30:00+00:00,07:30,,,0,,
2016-02-04 13:30:00+00:00,08:30,,,0,,
2016-02-04 14:45:00+00:00,09:45,,,0,,
2016-02-04 15:00:00+00:00,10:00,,,0,,
2016-02-05 13:30:00+00:00,08:30,,,0,,
2016-02-05 20:00:00+00:00,15:00,,,0,,
2016-02-08 15:00:00+00:00,10:00,,,0,,
2016-02-09 11:00:00+00:00,06:00,,,0,,
2016-02-09 15:00:00+00:00,10:00,,,0,,
2016-02-10 12:00:00+00:00,07:00,,,0,,
2016-02-10 19:00:00+00:00,14:00,,,0,,
2016-02-11 13:30:00+00:00,08:30,,,0,,
2016-02-11 14:45:00+00:00,09:45,,,0,,
2016-02-12 13:30:00+00:00,08:30,,,0,,
2016-02-12 15:00:00+00:00,10:00,,,0,,
2016-02-16 13:30:00+00:00,08:30,,,0,,
2016-02-16 15:00:00+00:00,10:00,,,0,,
2016-02-16 21:00:00+00:00,16:00,,,0,,
2016-02-17 12:00:00+00:00,07:00,,,0,,
2016-02-17 13:30:00+00:00,08:30,,,0,,
2016-02-17 14:15:00+00:00,09:15,,,0,,
2016-02-17 19:00:00+00:00,14:00,,,0,,
2016-02-18 13:30:00+00:00,08:30,,,0,,
2016-02-18 14:45:00+00:00,09:45,,,0,,
2016-02-18 15:00:00+00:00,10:00,,,0,,
2016-02-19 13:30:00+00:00,08:30,,,0,,
2016-02-22 13:30:00+00:00,08:30,,,0,,
2016-02-22 14:45:00+00:00,09:45,,,0,,
2016-02-23 14:00:00+00:00,09:00,,,0,,
2016-02-23 15:00:00+00:00,10:00,,,0,,
2016-02-24 12:00:00+00:00,07:00,,,0,,
2016-02-24 14:45:00+00:00,09:45,,,0,,
2016-02-24 15:00:00+00:00,10:00,,,0,,
2016-02-25 13:30:00+00:00,08:30,,,0,,
2016-02-25 14:00:00+00:00,09:00,,,0,,
2016-02-25 14:45:00+00:00,09:45,,,0,,
2016-02-25 16:00:00+00:00,11:00,,,0,,
2016-02-26 13:30:00+00:00,08:30,,,0,,
2016-02-26 15:00:00+00:00,10:00,,,0,,
2016-02-29 14:00:00+00:00,09:00,,,0,,
2016-02-29 14:45:00+00:00,09:45,,,0,,
2016-02-29 15:00:00+00:00,10:00,,,0,,
2016-02-29 15:30:00+00:00,10:30,,,0,,
2016-03-01 14:45:00+00:00,09:45,,,0,,
2016-03-01 15:00:00+00:00,10:00,,,0,,
2016-03-02 12:00:00+00:00,07:00,,,0,,
2016-03-02 13:15:00+00:00,08:15,,,0,,
2016-03-02 14:45:00+00:00,09:45,,,0,,
2016-03-03 12:30:00+00:00,07:30,,,0,,
2016-03-03 13:30:00+00:00,08:30,,,0,,
2016-03-03 14:45:00+00:00,09:45,,,0,,
2016-03-03 15:00:00+00:00,10:00,,,0,,
2016-03-04 13:30:00+00:00,08:30,,,0,,
2016-03-07 15:00:00+00:00,10:00,,,0,,
2016-03-07 20:00:00+00:00,15:00,,,0,,
2016-03-08 11:00:00+00:00,06:00,,,0,,
2016-03-09 12:00:00+00:00,07:00,,,0,,
2016-03-09 15:00:00+00:00,10:00,,,0,,
2016-03-10 13:30:00+00:00,08:30,,,0,,
2016-03-10 14:45:00+00:00,09:45,,,0,,
2016-03-10 17:00:00+00:00,12:00,,,0,,
2016-03-10 19:00:00+00:00,14:00,,,0,,
2016-03-11 13:30:00+00:00,08:30,,,0,,
2016-03-15 12:30:00+00:00,08:30,,,0,,
2016-03-15 14:00:00+00:00,10:00,,,0,,
2016-03-15 20:00:00+00:00,16:00,,,0,,
2016-03-16 11:00:00+00:00,07:00,,,0,,
2016-03-16 12:30:00+00:00,08:30,,,0,,
2016-03-16 13:15:00+00:00,09:15,,,0,,
2016-03-16 18:00:00+00:00,14:00,,,0,,
2016-03-17 12:30:00+00:00,08:30,,,0,,
2016-03-17 13:45:00+00:00,09:45,,,0,,
2016-03-17 14:00:00+00:00,10:00,,,0,,
2016-03-18 14:00:00+00:00,10:00,,,0,,
2016-03-21 12:30:00+00:00,08:30,,,0,,
2016-03-21 14:00:00+00:00,10:00,,,0,,
2016-03-22 13:00:00+00:00,09:00,,,0,,
2016-03-22 13:45:00+00:00,09:45,,,0,,
2016-03-22 14:00:00+00:00,10:00,,,0,,
2016-03-23 11:00:00+00:00,07:00,,,0,,
2016-03-23 14:00:00+00:00,10:00,,,0,,
2016-03-24 12:30:00+00:00,08:30,,,0,,
2016-03-24 13:45:00+00:00,09:45,,,0,,
2016-03-24 15:00:00+00:00,11:00,,,0,,
2016-03-25 12:30:00+00:00,08:30,,,0,,
2016-03-28 12:30:00+00:00,08:30,,,0,,
2016-03-28 14:00:00+00:00,10:00,,,0,,
2016-03-28 14:30:00+00:00,10:30,,,0,,
2016-03-29 13:00:00+00:00,09:00,,,0,,
2016-03-29 14:00:00+00:00,10:00,,,0,,
2016-03-30 11:00:00+00:00,07:00,,,0,,
2016-03-30 12:15:00+00:00,08:15,,,0,,
2016-03-31 11:30:00+00:00,07:30,,,0,,
2016-03-31 12:30:00+00:00,08:30,,,0,,
2016-03-31 13:00:00+00:00,09:00,,,0,,
2016-03-31 13:45:00+00:00,09:45,,,0,,
2016-04-01 12:30:00+00:00,08:30,,,0,,
2016-04-01 13:45:00+00:00,09:45,,,0,,
2016-04-01 14:00:00+00:00,10:00,,,0,,
2016-04-04 13:45:00+00:00,09:45,,,0,,
2016-04-04 14:00:00+00:00,10:00,,,0,,
2016-04-05 12:30:00+00:00,08:30,,,0,,
2016-04-05 13:45:00+00:00,09:45,,,0,,
2016-04-05 14:00:00+00:00,10:00,,,0,,
2016-04-06 11:00:00+00:00,07:00,,,0,,
2016-04-06 18:00:00+00:00,14:00,,,0,,
2016-04-07 12:30:00+00:00,08:30,,,0,,
2016-04-07 13:45:00+00:00,09:45,,,0,,
2016-04-07 19:00:00+00:00,15:00,,,0,,
2016-04-08 14:00:00+00:00,10:00,,,0,,
2016-04-12 10:00:00+00:00,06:00,,,0,,
2016-04-12 12:30:00+00:00,08:30,,,0,,
2016-04-12 18:00:00+00:00,14:00,,,0,,
2016-04-13 11:00:00+00:00,07:00,,,0,,
2016-04-13 12:30:00+00:00,08:30,,,0,,
2016-04-13 14:00:00+00:00,10:00,,,0,,
2016-04-14 12:30:00+00:00,08:30,,,0,,
2016-04-14 13:45:00+00:00,09:45,,,0,,
2016-04-15 12:30:00+00:00,08:30,,,0,,
2016-04-15 13:15:00+00:00,09:15,,,0,,
2016-04-15 14:00:00+00:00,10:00,,,0,,
2016-04-15 20:00:00+00:00,16:00,,,0,,
2016-04-18 14:00:00+00:00,10:00,,,0,,
2016-04-19 12:30:00+00:00,08:30,,,0,,
2016-04-20 11:00:00+00:00,07:00,,,0,,
2016-04-20 14:00:00+00:00,10:00,,,0,,
2016-04-21 12:30:00+00:00,08:30,,,0,,
2016-04-21 13:00:00+00:00,09:00,,,0,,
2016-04-21 13:45:00+00:00,09:45,,,0,,
2016-04-21 14:00:00+00:00,10:00,,,0,,
2016-04-22 13:45:00+00:00,09:45,,,0,,
2016-04-25 14:00:00+00:00,10:00,,,0,,
2016-04-25 14:30:00+00:00,10:30,,,0,,
2016-04-26 12:30:00+00:00,08:30,,,0,,
2016-04-26 13:00:00+00:00,09:00,,,0,,
2016-04-26 13:45:00+00:00,09:45,,,0,,
2016-04-26 14:00:00+00:00,10:00,,,0,,
2016-04-27 11:00:00+00:00,07:00,,,0,,
2016-04-27 12:30:00+00:00,08:30,,,0,,
2016-04-27 14:00:00+00:00,10:00,,,0,,
2016-04-27 18:00:00+00:00,14:00,,,0,,
2016-04-28 12:30:00+00:00,08:30,,,0,,
2016-04-28 13:45:00+00:00,09:45,,,0,,
2016-04-28 15:00:00+00:00,11:00,,,0,,
2016-04-29 12:30:00+00:00,08:30,,,0,,
2016-04-29 13:00:00+00:00,09:00,,,0,,
2016-04-29 13:45:00+00:00,09:45,,,0,,
2016-04-29 14:00:00+00:00,10:00,,,0,,
2016-05-02 13:45:00+00:00,09:45,,,0,,
2016-05-02 14:00:00+00:00,10:00,,,0,,
2016-05-03 13:45:00+00:00,09:45,,,0,,
2016-05-03 14:00:00+00:00,10:00,,,0,,
2016-05-04 11:00:00+00:00,07:00,,,0,,
2016-05-04 12:15:00+00:00,08:15,,,0,,
2016-05-04 12:30:00+00:00,08:30,,,0,,
2016-05-04 13:45:00+00:00,09:45,,,0,,
2016-05-04 14:00:00+00:00,10:00,,,0,,
2016-05-05 11:30:00+00:00,07:30,,,0,,
2016-05-05 12:30:00+00:00,08:30,,,0,,
2016-05-05 13:45:00+00:00,09:45,,,0,,
2016-05-06 12:30:00+00:00,08:30,,,0,,
2016-05-06 19:00:00+00:00,15:00,,,0,,
2016-05-09 14:00:00+00:00,10:00,,,0,,
2016-05-10 10:00:00+00:00,06:00,,,0,,
2016-05-10 14:00:00+00:00,10:00,,,0,,
2016-05-11 11:00:00+00:00,07:00,,,0,,
2016-05-11 18:00:00+00:00,14:00,,,0,,
2016-05-12 12:30:00+00:00,08:30,,,0,,
2016-05-12 13:45:00+00:00,09:45,,,0,,
2016-05-12 14:00:00+00:00,10:00,,,0,,
2016-05-13 12:30:00+00:00,08:30,,,0,,
2016-05-13 14:00:00+00:00,10:00,,,0,,
2016-05-16 12:30:00+00:00,08:30,,,0,,
2016-05-16 14:00:00+00:00,10:00,,,0,,
2016-05-16 20:00:00+00:00,16:00,,,0,,
2016-05-17 12:30:00+00:00,08:30,,,0,,
2016-05-17 13:15:00+00:00,09:15,,,0,,
2016-05-18 11:00:00+00:00,07:00,,,0,,
2016-05-18 18:00:00+00:00,14:00,,,0,,
2016-05-19 12:30:00+00:00,08:30,,,0,,
2016-05-19 13:45:00+00:00,09:45,,,0,,
2016-05-19 14:00:00+00:00,10:00,,,0,,
2016-05-20 14:00:00+00:00,10:00,,,0,,
2016-05-23 13:45:00+00:00,09:45,,,0,,
2016-05-24 14:00:00+00:00,10:00,,,0,,
2016-05-25 11:00:00+00:00,07:00,,,0,,
2016-05-25 12:30:00+00:00,08:30,,,0,,
2016-05-25 13:00:00+00:00,09:00,,,0,,
2016-05-25 13:45:00+00:00,09:45,,,0,,
2016-05-26 12:30:00+00:00,08:30,,,0,,
2016-05-26 13:45:00+00:00,09:45,,,0,,
2016-05-26 14:00:00+00:00,10:00,,,0,,
2016-05-26 15:00:00+00:00,11:00,,,0,,
2016-05-27 12:30:00+00:00,08:30,,,0,,
2016-05-27 14:00:00+00:00,10:00,,,0,,
2016-05-31 12:30:00+00:00,08:30,,,0,,
2016-05-31 13:00:00+00:00,09:00,,,0,,
2016-05-31 13:45:00+00:00,09:45,,,0,,
2016-05-31 14:00:00+00:00,10:00,,,0,,
2016-05-31 14:30:00+00:00,10:30,,,0,,
2016-06-01 11:00:00+00:00,07:00,,,0,,
2016-06-01 13:45:00+00:00,09:45,,,0,,
2016-06-01 14:00:00+00:00,10:00,,,0,,
2016-06-02 11:30:00+00:00,07:30,,,0,,
2016-06-02 12:15:00+00:00,08:15,,,0,,
2016-06-02 12:30:00+00:00,08:30,,,0,,
2016-06-02 13:45:00+00:00,09:45,,,0,,
2016-06-03 12:30:00+00:00,08:30,,,0,,
2016-06-03 13:45:00+00:00,09:45,,,0,,
2016-06-03 14:00:00+00:00,10:00,,,0,,
2016-06-06 14:00:00+00:00,10:00,,,0,,
2016-06-07 12:30:00+00:00,08:30,,,0,,
2016-06-07 14:00:00+00:00,10:00,,,0,,
2016-06-07 19:00:00+00:00,15:00,,,0,,
2016-06-08 11:00:00+00:00,07:00,,,0,,
2016-06-08 14:00:00+00:00,10:00,,,0,,
2016-06-09 12:30:00+00:00,08:30,,,0,,
2016-06-09 13:45:00+00:00,09:45,,,0,,
2016-06-09 14:00:00+00:00,10:00,,,0,,
2016-06-09 16:00:00+00:00,12:00,,,0,,
2016-06-10 14:00:00+00:00,10:00,,,0,,
2016-06-10 18:00:00+00:00,14:00,,,0,,
2016-06-14 10:00:00+00:00,06:00,,,0,,
2016-06-14 12:30:00+00:00,08:30,,,0,,
2016-06-14 14:00:00+00:00,10:00,,,0,,
2016-06-15 11:00:00+00:00,07:00,,,0,,
2016-06-15 12:30:00+00:00,08:30,,,0,,
2016-06-15 13:15:00+00:00,09:15,,,0,,
2016-06-15 18:00:00+00:00,14:00,,,0,,
2016-06-15 20:00:00+00:00,16:00,,,0,,
2016-06-16 12:30:00+00:00,08:30,,,0,,
2016-06-16 13:45:00+00:00,09:45,,,0,,
2016-06-16 14:00:00+00:00,10:00,,,0,,
2016-06-17 12:30:00+00:00,08:30,,,0,,
2016-06-22 11:00:00+00:00,07:00,,,0,,
2016-06-22 13:00:00+00:00,09:00,,,0,,
2016-06-22 14:00:00+00:00,10:00,,,0,,
2016-06-23 12:30:00+00:00,08:30,,,0,,
2016-06-23 13:45:00+00:00,09:45,,,0,,
2016-06-23 14:00:00+00:00,10:00,,,0,,
2016-06-23 15:00:00+00:00,11:00,,,0,,
2016-06-24 12:30:00+00:00,08:30,,,0,,
2016-06-24 14:00:00+00:00,10:00,,,0,,
2016-06-27 12:30:00+00:00,08:30,,,0,,
2016-06-27 13:45:00+00:00,09:45,,,0,,
2016-06-27 14:30:00+00:00,10:30,,,0,,
2016-06-28 12:30:00+00:00,08:30,,,0,,
2016-06-28 13:00:00+00:00,09:00,,,0,,
2016-06-28 14:00:00+00:00,10:00,,,0,,
2016-06-29 11:00:00+00:00,07:00,,,0,,
2016-06-29 12:30:00+00:00,08:30,,,0,,
2016-06-29 14:00:00+00:00,10:00,,,0,,
2016-06-30 12:30:00+00:00,08:30,,,0,,
2016-06-30 13:45:00+00:00,09:45,,,0,,
2016-07-01 13:45:00+00:00,09:45,,,0,,
2016-07-01 14:00:00+00:00,10:00,,,0,,
2016-07-05 13:45:00+00:00,09:45,,,0,,
2016-07-05 14:00:00+00:00,10:00,,,0,,
2016-07-06 11:00:00+00:00,07:00,,,0,,
2016-07-06 12:30:00+00:00,08:30,,,0,,
2016-07-06 13:45:00+00:00,09:45,,,0,,
2016-07-06 14:00:00+00:00,10:00,,,0,,
2016-07-06 18:00:00+00:00,14:00,,,0,,
2016-07-07 11:30:00+00:00,07:30,,,0,,
2016-07-07 12:15:00+00:00,08:15,,,0,,
2016-07-07 12:30:00+00:00,08:30,,,0,,
2016-07-07 13:45:00+00:00,09:45,,,0,,
2016-07-08 12:30:00+00:00,08:30,,,0,,
2016-07-08 19:00:00+00:00,15:00,,,0,,
2016-07-11 14:00:00+00:00,10:00,,,0,,
2016-07-12 10:00:00+00:00,06:00,,,0,,
2016-07-12 14:00:00+00:00,10:00,,,0,,
2016-07-13 11:00:00+00:00,07:00,,,0,,
2016-07-13 12:30:00+00:00,08:30,,,0,,
2016-07-13 18:00:00+00:00,14:00,,,0,,
2016-07-14 12:30:00+00:00,08:30,,,0,,
2016-07-14 13:45:00+00:00,09:45,,,0,,
2016-07-15 12:30:00+00:00,08:30,,,0,,
2016-07-15 13:15:00+00:00,09:15,,,0,,
2016-07-15 14:00:00+00:00,10:00,,,0,,
2016-07-18 14:00:00+00:00,10:00,,,0,,
2016-07-18 20:00:00+00:00,16:00,,,0,,
2016-07-19 12:30:00+00:00,08:30,,,0,,
2016-07-20 11:00:00+00:00,07:00,,,0,,
2016-07-21 12:30:00+00:00,08:30,,,0,,
2016-07-21 13:00:00+00:00,09:00,,,0,,
2016-07-21 13:45:00+00:00,09:45,,,0,,
2016-07-21 14:00:00+00:00,10:00,,,0,,
2016-07-22 13:45:00+00:00,09:45,,,0,,
2016-07-25 14:30:00+00:00,10:30,,,0,,
2016-07-26 13:00:00+00:00,09:00,,,0,,
2016-07-26 13:45:00+00:00,09:45,,,0,,
2016-07-26 14:00:00+00:00,10:00,,,0,,
2016-07-27 11:00:00+00:00,07:00,,,0,,
2016-07-27 12:30:00+00:00,08:30,,,0,,
2016-07-27 14:00:00+00:00,10:00,,,0,,
2016-07-27 18:00:00+00:00,14:00,,,0,,
2016-07-28 12:30:00+00:00,08:30,,,0,,
2016-07-28 13:45:00+00:00,09:45,,,0,,
2016-07-28 15:00:00+00:00,11:00,,,0,,
2016-07-29 12:30:00+00:00,08:30,,,0,,
2016-07-29 13:45:00+00:00,09:45,,,0,,
2016-07-29 14:00:00+00:00,10:00,,,0,,
2016-08-01 13:45:00+00:00,09:45,,,0,,
2016-08-01 14:00:00+00:00,10:00,,,0,,
2016-08-02 12:30:00+00:00,08:30,,,0,,
2016-08-02 13:45:00+00:00,09:45,,,0,,
2016-08-03 11:00:00+00:00,07:00,,,0,,
2016-08-03 12:15:00+00:00,08:15,,,0,,
2016-08-03 13:45:00+00:00,09:45,,,0,,
2016-08-03 14:00:00+00:00,10:00,,,0,,
2016-08-04 11:30:00+00:00,07:30,,,0,,
2016-08-04 12:30:00+00:00,08:30,,,0,,
2016-08-04 13:45:00+00:00,09:45,,,0,,
2016-08-04 14:00:00+00:00,10:00,,,0,,
2016-08-05 12:30:00+00:00,08:30,,,0,,
2016-08-05 19:00:00+00:00,15:00,,,0,,
2016-08-08 14:00:00+00:00,10:00,,,0,,
2016-08-09 10:00:00+00:00,06:00,,,0,,
2016-08-09 12:30:00+00:00,08:30,,,0,,
2016-08-09 14:00:00+00:00,10:00,,,0,,
2016-08-10 11:00:00+00:00,07:00,,,0,,
2016-08-10 14:00:00+00:00,10:00,,,0,,
2016-08-10 18:00:00+00:00,14:00,,,0,,
2016-08-11 12:30:00+00:00,08:30,,,0,,
2016-08-11 13:45:00+00:00,09:45,,,0,,
2016-08-11 14:00:00+00:00,10:00,,,0,,
2016-08-12 12:30:00+00:00,08:30,,,0,,
2016-08-12 14:00:00+00:00,10:00,,,0,,
2016-08-15 12:30:00+00:00,08:30,,,0,,
2016-08-15 14:00:00+00:00,10:00,,,0,,
2016-08-15 20:00:00+00:00,16:00,,,0,,
2016-08-16 12:30:00+00:00,08:30,,,0,,
2016-08-16 13:15:00+00:00,09:15,,,0,,
2016-08-17 11:00:00+00:00,07:00,,,0,,
2016-08-17 18:00:00+00:00,14:00,,,0,,
2016-08-18 12:30:00+00:00,08:30,,,0,,
2016-08-18 13:45:00+00:00,09:45,,,0,,
2016-08-18 14:00:00+00:00,10:00,,,0,,
2016-08-22 12:30:00+00:00,08:30,,,0,,
2016-08-23 13:45:00+00:00,09:45,,,0,,
2016-08-23 14:00:00+00:00,10:00,,,0,,
2016-08-24 11:00:00+00:00,07:00,,,0,,
2016-08-24 13:00:00+00:00,09:00,,,0,,
2016-08-24 14:00:00+00:00,10:00,,,0,,
2016-08-25 12:30:00+00:00,08:30,,,0,,
2016-08-25 13:45:00+00:00,09:45,,,0,,
2016-08-25 15:00:00+00:00,11:00,,,0,,
2016-08-26 12:30:00+00:00,08:30,,,0,,
2016-08-26 14:00:00+00:00,10:00,,,0,,
2016-08-29 12:30:00+00:00,08:30,,,0,,
2016-08-29 14:30:00+00:00,10:30,,,0,,
2016-08-30 13:00:00+00:00,09:00,,,0,,
2016-08-30 14:00:00+00:00,10:00,,,0,,
2016-08-31 11:00:00+00:00,07:00,,,0,,
2016-08-31 12:15:00+00:00,08:15,,,0,,
2016-08-31 13:45:00+00:00,09:45,,,0,,
2016-08-31 14:00:00+00:00,10:00,,,0,,
2016-09-01 11:30:00+00:00,07:30,,,0,,
2016-09-01 12:30:00+00:00,08:30,,,0,,
2016-09-01 13:45:00+00:00,09:45,,,0,,
2016-09-01 14:00:00+00:00,10:00,,,0,,
2016-09-01 20:28:00+00:00,16:28,,,0,,
2016-09-02 12:30:00+00:00,08:30,,,0,,
2016-09-02 13:45:00+00:00,09:45,,,0,,
2016-09-02 14:00:00+00:00,10:00,,,0,,
2016-09-02 18:20:00+00:00,14:20,,,0,,
2016-09-06 14:00:00+00:00,10:00,,,0,,
2016-09-07 11:00:00+00:00,07:00,,,0,,
2016-09-07 14:00:00+00:00,10:00,,,0,,
2016-09-08 12:30:00+00:00,08:30,,,0,,
2016-09-08 13:45:00+00:00,09:45,,,0,,
2016-09-08 19:00:00+00:00,15:00,,,0,,
2016-09-09 14:00:00+00:00,10:00,,,0,,
2016-09-13 10:00:00+00:00,06:00,,,0,,
2016-09-13 18:00:00+00:00,14:00,,,0,,
2016-09-14 11:00:00+00:00,07:00,,,0,,
2016-09-14 12:30:00+00:00,08:30,,,0,,
2016-09-15 12:30:00+00:00,08:30,,,0,,
2016-09-15 13:15:00+00:00,09:15,,,0,,
2016-09-15 13:45:00+00:00,09:45,,,0,,
2016-09-15 14:00:00+00:00,10:00,,,0,,
2016-09-16 12:30:00+00:00,08:30,,,0,,
2016-09-16 14:00:00+00:00,10:00,,,0,,
2016-09-16 16:00:00+00:00,12:00,,,0,,
2016-09-16 20:00:00+00:00,16:00,,,0,,
2016-09-19 14:00:00+00:00,10:00,,,0,,
2016-09-20 12:30:00+00:00,08:30,,,0,,
2016-09-21 11:00:00+00:00,07:00,,,0,,
2016-09-21 18:00:00+00:00,14:00,,,0,,
2016-09-22 12:30:00+00:00,08:30,,,0,,
2016-09-22 13:00:00+00:00,09:00,,,0,,
2016-09-22 13:45:00+00:00,09:45,,,0,,
2016-09-22 14:00:00+00:00,10:00,,,0,,
2016-09-22 15:00:00+00:00,11:00,,,0,,
2016-09-23 13:45:00+00:00,09:45,,,0,,
2016-09-26 14:00:00+00:00,10:00,,,0,,
2016-09-26 14:30:00+00:00,10:30,,,0,,
2016-09-27 13:00:00+00:00,09:00,,,0,,
2016-09-27 13:45:00+00:00,09:45,,,0,,
2016-09-27 14:00:00+00:00,10:00,,,0,,
2016-09-28 11:00:00+00:00,07:00,,,0,,
2016-09-28 12:30:00+00:00,08:30,,,0,,
2016-09-29 12:30:00+00:00,08:30,,,0,,
2016-09-29 13:45:00+00:00,09:45,,,0,,
2016-09-29 14:00:00+00:00,10:00,,,0,,
2016-09-30 12:30:00+00:00,08:30,,,0,,
2016-09-30 13:45:00+00:00,09:45,,,0,,
2016-09-30 14:00:00+00:00,10:00,,,0,,
2016-10-03 13:45:00+00:00,09:45,,,0,,
2016-10-03 14:00:00+00:00,10:00,,,0,,
2016-10-04 13:45:00+00:00,09:45,,,0,,
2016-10-05 11:00:00+00:00,07:00,,,0,,
2016-10-05 12:15:00+00:00,08:15,,,0,,
2016-10-05 12:30:00+00:00,08:30,,,0,,
2016-10-05 13:45:00+00:00,09:45,,,0,,
2016-10-05 14:00:00+00:00,10:00,,,0,,
2016-10-06 11:30:00+00:00,07:30,,,0,,
2016-10-06 12:30:00+00:00,08:30,,,0,,
2016-10-06 13:45:00+00:00,09:45,,,0,,
2016-10-07 12:30:00+00:00,08:30,,,0,,
2016-10-07 14:00:00+00:00,10:00,,,0,,
2016-10-07 19:00:00+00:00,15:00,,,0,,
2016-10-11 10:00:00+00:00,06:00,,,0,,
2016-10-11 14:16:00+00:00,10:16,,,0,,
2016-10-12 11:00:00+00:00,07:00,,,0,,
2016-10-12 14:00:00+00:00,10:00,,,0,,
2016-10-12 18:00:00+00:00,14:00,,,0,,
2016-10-13 12:30:00+00:00,08:30,,,0,,
2016-10-13 13:45:00+00:00,09:45,,,0,,
2016-10-14 12:30:00+00:00,08:30,,,0,,
2016-10-14 14:00:00+00:00,10:00,,,0,,
2016-10-14 20:00:00+00:00,16:00,,,0,,
2016-10-17 12:30:00+00:00,08:30,,,0,,
2016-10-17 13:15:00+00:00,09:15,,,0,,
2016-10-18 12:30:00+00:00,08:30,,,0,,
2016-10-18 14:00:00+00:00,10:00,,,0,,
2016-10-18 20:00:00+00:00,16:00,,,0,,
2016-10-19 11:00:00+00:00,07:00,,,0,,
2016-10-19 12:30:00+00:00,08:30,,,0,,
2016-10-20 12:30:00+00:00,08:30,,,0,,
2016-10-20 13:45:00+00:00,09:45,,,0,,
2016-10-20 14:00:00+00:00,10:00,,,0,,
2016-10-24 12:30:00+00:00,08:30,,,0,,
2016-10-24 13:45:00+00:00,09:45,,,0,,
2016-10-25 13:00:00+00:00,09:00,,,0,,
2016-10-25 14:00:00+00:00,10:00,,,0,,
2016-10-26 11:00:00+00:00,07:00,,,0,,
2016-10-26 12:30:00+00:00,08:30,,,0,,
2016-10-26 13:45:00+00:00,09:45,,,0,,
2016-10-26 14:00:00+00:00,10:00,,,0,,
2016-10-27 12:30:00+00:00,08:30,,,0,,
2016-10-27 13:45:00+00:00,09:45,,,0,,
2016-10-27 14:00:00+00:00,10:00,,,0,,
2016-10-27 15:00:00+00:00,11:00,,,0,,
2016-10-28 12:30:00+00:00,08:30,,,0,,
2016-10-28 14:00:00+00:00,10:00,,,0,,
2016-10-31 12:30:00+00:00,08:30,,,0,,
2016-10-31 13:45:00+00:00,09:45,,,0,,
2016-10-31 14:30:00+00:00,10:30,,,0,,
2016-11-01 13:45:00+00:00,09:45,,,0,,
2016-11-01 14:00:00+00:00,10:00,,,0,,
2016-11-01 18:28:00+00:00,14:28,,,0,,
2016-11-02 11:00:00+00:00,07:00,,,0,,
2016-11-02 12:15:00+00:00,08:15,,,0,,
2016-11-02 13:45:00+00:00,09:45,,,0,,
2016-11-02 18:00:00+00:00,14:00,,,0,,
2016-11-03 11:30:00+00:00,07:30,,,0,,
2016-11-03 12:30:00+00:00,08:30,,,0,,
2016-11-03 13:45:00+00:00,09:45,,,0,,
2016-11-03 14:00:00+00:00,10:00,,,0,,
2016-11-04 12:30:00+00:00,08:30,,,0,,
2016-11-07 15:00:00+00:00,10:00,,,0,,
2016-11-07 20:00:00+00:00,15:00,,,0,,
2016-11-08 11:00:00+00:00,06:00,,,0,,
2016-11-08 15:00:00+00:00,10:00,,,0,,
2016-11-09 12:00:00+00:00,07:00,,,0,,
2016-11-09 15:00:00+00:00,10:00,,,0,,
2016-11-10 13:30:00+00:00,08:30,,,0,,
2016-11-10 14:45:00+00:00,09:45,,,0,,
2016-11-10 15:00:00+00:00,10:00,,,0,,
2016-11-10 19:00:00+00:00,14:00,,,0,,
2016-11-11 15:00:00+00:00,10:00,,,0,,
2016-11-15 13:30:00+00:00,08:30,,,0,,
2016-11-15 15:00:00+00:00,10:00,,,0,,
2016-11-16 12:00:00+00:00,07:00,,,0,,
2016-11-16 13:30:00+00:00,08:30,,,0,,
2016-11-16 14:15:00+00:00,09:15,,,0,,
2016-11-16 15:00:00+00:00,10:00,,,0,,
2016-11-16 21:00:00+00:00,16:00,,,0,,
2016-11-17 13:30:00+00:00,08:30,,,0,,
2016-11-17 14:45:00+00:00,09:45,,,0,,
2016-11-18 15:00:00+00:00,10:00,,,0,,
2016-11-18 16:00:00+00:00,11:00,,,0,,
2016-11-21 13:30:00+00:00,08:30,,,0,,
2016-11-22 15:00:00+00:00,10:00,,,0,,
2016-11-23 12:00:00+00:00,07:00,,,0,,
2016-11-23 13:30:00+00:00,08:30,,,0,,
2016-11-23 14:00:00+00:00,09:00,,,0,,
2016-11-23 14:45:00+00:00,09:45,,,0,,
2016-11-23 15:00:00+00:00,10:00,,,0,,
2016-11-23 19:00:00+00:00,14:00,,,0,,
2016-11-25 13:30:00+00:00,08:30,,,0,,
2016-11-25 14:45:00+00:00,09:45,,,0,,
2016-11-28 15:30:00+00:00,10:30,,,0,,
2016-11-29 13:30:00+00:00,08:30,,,0,,
2016-11-29 14:00:00+00:00,09:00,,,0,,
2016-11-29 15:00:00+00:00,10:00,,,0,,
2016-11-30 12:00:00+00:00,07:00,,,0,,
2016-11-30 13:15:00+00:00,08:15,,,0,,
2016-11-30 13:30:00+00:00,08:30,,,0,,
2016-11-30 14:45:00+00:00,09:45,,,0,,
2016-11-30 15:00:00+00:00,10:00,,,0,,
2016-12-01 12:30:00+00:00,07:30,,,0,,
2016-12-01 13:30:00+00:00,08:30,,,0,,
2016-12-01 14:45:00+00:00,09:45,,,0,,
2016-12-01 15:00:00+00:00,10:00,,,0,,
2016-12-02 13:30:00+00:00,08:30,,,0,,
2016-12-02 14:45:00+00:00,09:45,,,0,,
2016-12-05 14:45:00+00:00,09:45,,,0,,
2016-12-05 15:00:00+00:00,10:00,,,0,,
2016-12-06 13:30:00+00:00,08:30,,,0,,
2016-12-06 15:00:00+00:00,10:00,,,0,,
2016-12-07 12:00:00+00:00,07:00,,,0,,
2016-12-07 15:00:00+00:00,10:00,,,0,,
2016-12-07 20:00:00+00:00,15:00,,,0,,
2016-12-08 13:30:00+00:00,08:30,,,0,,
2016-12-08 14:45:00+00:00,09:45,,,0,,
2016-12-08 17:00:00+00:00,12:00,,,0,,
2016-12-09 15:00:00+00:00,10:00,,,0,,
2016-12-12 19:00:00+00:00,14:00,,,0,,
2016-12-13 11:00:00+00:00,06:00,,,0,,
2016-12-13 13:30:00+00:00,08:30,,,0,,
2016-12-14 12:00:00+00:00,07:00,,,0,,
2016-12-14 13:30:00+00:00,08:30,,,0,,
2016-12-14 14:15:00+00:00,09:15,,,0,,
2016-12-14 15:00:00+00:00,10:00,,,0,,
2016-12-14 19:00:00+00:00,14:00,,,0,,
2016-12-15 13:30:00+00:00,08:30,,,0,,
2016-12-15 14:45:00+00:00,09:45,,,0,,
2016-12-15 15:00:00+00:00,10:00,,,0,,
2016-12-15 21:00:00+00:00,16:00,,,0,,
2016-12-16 13:30:00+00:00,08:30,,,0,,
2016-12-19 14:45:00+00:00,09:45,,,0,,
2016-12-21 12:00:00+00:00,07:00,,,0,,
2016-12-21 15:00:00+00:00,10:00,,,0,,
2016-12-22 13:30:00+00:00,08:30,,,0,,
2016-12-22 14:00:00+00:00,09:00,,,0,,
2016-12-22 14:45:00+00:00,09:45,,,0,,
2016-12-22 15:00:00+00:00,10:00,,,0,,
2016-12-22 16:00:00+00:00,11:00,,,0,,
2016-12-23 15:00:00+00:00,10:00,,,0,,
2016-12-27 14:00:00+00:00,09:00,,,0,,
2016-12-27 15:00:00+00:00,10:00,,,0,,
2016-12-27 15:40:00+00:00,10:40,,,0,,
2016-12-28 15:00:00+00:00,10:00,,,0,,
2016-12-29 13:30:00+00:00,08:30,,,0,,
2016-12-29 14:45:00+00:00,09:45,,,0,,
2016-12-30 14:45:00+00:00,09:45,,,0,,
2017-01-03 14:45:00+00:00,09:45,21.010050719758837,34.64166319924581,102,2.764675416770922,0.6064965933915162
2017-01-03 15:00:00+00:00,10:00,-6.995530152585511,23.081035087180076,141,1.487084791392151,-0.30308563399182414
2017-01-04 12:00:00+00:00,07:00,1.9717546897994471,6.990530449778713,46,3.0891928170583194,0.28206081125958954
2017-01-04 19:00:00+00:00,14:00,,,24,,
2017-01-05 12:30:00+00:00,07:30,,,12,,
2017-01-05 13:15:00+00:00,08:15,,,12,,
2017-01-05 13:30:00+00:00,08:30,-2.329224136963889,9.387690084660498,126,1.9450289882592149,-0.24811472427811027
2017-01-05 14:45:00+00:00,09:45,8.829916457732844,23.978730805292955,102,2.052915319078331,0.3682395256626247
2017-01-05 15:00:00+00:00,10:00,1.868422961688276,12.435211667161296,141,1.881312135784794,0.15025260620391181
2017-01-06 13:30:00+00:00,08:30,-1.988722656481578,12.792668481479659,126,1.5322327694141384,-0.15545799997558862
2017-01-06 15:00:00+00:00,10:00,3.0858571785587947,16.016726354518696,141,2.161023486708893,0.1926646625693397
2017-01-09 15:00:00+00:00,10:00,1.329485214806025,12.988804003966713,141,3.0268350111716873,0.10235624576365977
2017-01-09 20:00:00+00:00,15:00,,,12,,
2017-01-10 11:00:00+00:00,06:00,,,11,,
2017-01-10 15:00:00+00:00,10:00,-6.505410010746936,23.414987905589246,141,3.4351920339377244,-0.27783102160791934
2017-01-11 12:00:00+00:00,07:00,0.8713385515347154,5.187112962506559,47,1.2152241080423738,0.1679814104363866
2017-01-11 14:45:00+00:00,09:45,-1.9504825172572104,24.10335379917249,103,2.871994773188085,-0.0809216233354287
2017-01-12 13:30:00+00:00,08:30,1.6790137291445166,17.76812132198575,127,3.4640250860023802,0.09449585010807837
2017-01-12 14:45:00+00:00,09:45,-3.7562682929704856,25.112858263516042,104,0.8868005677513189,-0.1495754984779089
2017-01-12 19:00:00+00:00,14:00,,,24,,
2017-01-13 13:30:00+00:00,08:30,-0.3896425628556756,10.628517609317957,127,0.9985780688972671,-0.03666010418179844
2017-01-13 15:00:00+00:00,10:00,-0.4411624692594213,19.08200356473723,144,2.1644355991892046,-0.023119294981931125
2017-01-17 13:30:00+00:00,08:30,1.6000645754722471,10.864441493112436,127,2.1914252903610842,0.1472753639923981
2017-01-18 12:00:00+00:00,07:00,0.6304922873450411,5.761894583058913,47,3.1769647016243434,0.10942447458147025
2017-01-18 13:30:00+00:00,08:30,1.2743042198412677,9.66326897594182,127,2.3781033919314667,0.13187092515108936
2017-01-18 14:15:00+00:00,09:15,,,8,,
2017-01-18 15:00:00+00:00,10:00,2.982829949972267,13.348717694378541,146,2.3454808911858183,0.2234544184890813
2017-01-18 21:00:00+00:00,16:00,,,9,,
2017-01-19 13:30:00+00:00,08:30,1.4337388462480019,11.163980074833505,128,2.364376205472531,0.12842542145699629
2017-01-19 14:45:00+00:00,09:45,8.896992993863261,26.990819031674768,105,1.3887984447538777,0.32963034517115974
2017-01-24 14:45:00+00:00,09:45,10.83411509841977,24.83109951046479,107,2.6807792005928115,0.4363123386402545
2017-01-24 15:00:00+00:00,10:00,-3.3650784800211113,31.767348122938635,147,2.58749519215378,-0.10592884451665162
2017-01-25 12:00:00+00:00,07:00,0.4927812617401688,6.675962706670133,48,2.008955278019899,0.07381426221087452
2017-01-25 14:00:00+00:00,09:00,,,26,,
2017-01-26 13:30:00+00:00,08:30,0.5208104199188819,7.532783051371097,129,4.153980826284537,0.06913917689745297
2017-01-26 14:45:00+00:00,09:45,17.13811029424118,32.45020779949814,108,2.284805557360142,0.5281356101055917
2017-01-26 15:00:00+00:00,10:00,2.1860680384419156,23.264606667836507,148,1.9197144747362147,0.09396539858394301
2017-01-26 16:00:00+00:00,11:00,,,12,,
2017-01-27 13:30:00+00:00,08:30,-5.062619105334727,8.309946990078135,130,1.3488924472357202,-0.6092239952167403
2017-01-27 15:00:00+00:00,10:00,-6.231486601073758,11.150649598383673,149,2.516787547993003,-0.5588451637810442
2017-01-30 13:30:00+00:00,08:30,-0.35540313944112967,9.59788074080263,130,1.1283443187187032,-0.03702933481244827
2017-01-30 15:00:00+00:00,10:00,-5.257381301680251,22.482553209861184,150,1.1776892935693855,-0.23384271584306915
2017-01-30 15:30:00+00:00,10:30,,,11,,
2017-01-31 13:30:00+00:00,08:30,1.2596544235572058,9.32599868534605,130,1.6786238863572107,0.13506911871395627
2017-01-31 14:00:00+00:00,09:00,,,26,,
2017-01-31 14:45:00+00:00,09:45,-3.82078288819738,23.830979852253932,108,1.8964757918502813,-0.1603284007575547
2017-01-31 15:00:00+00:00,10:00,-0.9722730254931764,17.23470417629161,151,1.6656877155694947,-0.056413676472071614
2017-02-01 12:00:00+00:00,07:00,0.874038790243443,6.066754678473592,49,1.7568464232487826,0.14407023797167168
2017-02-01 13:15:00+00:00,08:15,,,13,,
2017-02-01 14:45:00+00:00,09:45,-6.211997375987464,18.211079759532968,109,1.3165889298368818,-0.3411108763463443
2017-02-01 15:00:00+00:00,10:00,-6.982192488860018,13.517840109500781,151,2.0113281128874303,-0.5165168719485522
2017-02-01 19:00:00+00:00,14:00,,,25,,
2017-02-02 12:30:00+00:00,07:30,,,13,,
2017-02-02 13:30:00+00:00,08:30,0.5394518178151614,11.728319487199114,131,1.961958414783577,0.04599566190228247
2017-02-02 14:45:00+00:00,09:45,4.343551283833768,19.76153540194806,110,2.0078499664411416,0.21979826949102282
2017-02-03 13:30:00+00:00,08:30,1.1202386053360498,11.56879294368565,132,1.742920325640152,0.09683279930664555
2017-02-03 14:45:00+00:00,09:45,22.01917753251793,30.652273301875535,110,2.866858264569425,0.7183538172084167
2017-02-03 15:00:00+00:00,10:00,3.7883921336298023,26.44261828722837,152,2.3858270652531597,0.143268419657957
2017-02-06 15:00:00+00:00,10:00,-1.1290555707551706,11.42966399161025,152,1.2094733999017782,-0.09878291886655063
2017-02-07 13:30:00+00:00,08:30,0.6913961324726894,7.811136832198105,133,2.998584390165169,0.08851414939022723
2017-02-07 15:00:00+00:00,10:00,-7.334755119826863,21.766537724087474,152,1.5149075238828589,-0.3369739006176445
2017-02-07 20:00:00+00:00,15:00,,,13,,
2017-02-08 12:00:00+00:00,07:00,1.2984443144922795,6.505440811309329,50,1.7702665839645757,0.19959359437027077
2017-02-09 13:30:00+00:00,08:30,5.806984193737985,9.804522282852048,135,2.213875135975146,0.5922760973162666
2017-02-09 14:45:00+00:00,09:45,3.442638270802477,21.06729633296766,111,1.6161143235106898,0.16341148937157077
2017-02-09 15:00:00+00:00,10:00,0.9011765421186215,15.032817289085875,153,3.1008264227506155,0.05994728232165063
2017-02-10 13:30:00+00:00,08:30,-3.8390063866335353,7.074612309219441,135,2.541665282888401,-0.5426454791919335
2017-02-10 15:00:00+00:00,10:00,-4.4840135180353755,21.73987995359367,153,2.286812957256164,-0.20625751051096092
2017-02-10 19:00:00+00:00,14:00,,,26,,
2017-02-14 11:00:00+00:00,06:00,,,12,,
2017-02-14 13:30:00+00:00,08:30,1.8129622731256225,6.2890762090051515,135,1.5042215429290653,0.2882716336828122
2017-02-15 12:00:00+00:00,07:00,1.4449551114281158,7.607477370758256,51,2.7807192112683037,0.18993879850136097
2017-02-15 13:30:00+00:00,08:30,-0.8908053427094431,7.355781503652638,135,3.0595710713156508,-0.12110274649499833
2017-02-15 14:15:00+00:00,09:15,,,9,,
2017-02-15 15:00:00+00:00,10:00,-2.3690880136044106,14.160835770909296,154,1.437657884113867,-0.16729860100992378
2017-02-15 21:00:00+00:00,16:00,,,10,,
2017-02-16 13:30:00+00:00,08:30,-2.485839345134967,7.373905072258264,136,1.6815933465874342,-0.3371130114607886
2017-02-16 14:45:00+00:00,09:45,11.299461182981025,24.829082363222916,113,2.3119034229455875,0.45508976198483675
2017-02-17 15:00:00+00:00,10:00,-2.9716965569537415,9.526958111590424,156,2.2878576815745393,-0.31192501553443364
2017-02-21 14:45:00+00:00,09:45,0.8877646306522101,20.739694624769903,114,1.7019945272462405,0.04280509654138938
2017-02-22 12:00:00+00:00,07:00,-0.2119733867818609,4.806955797701427,52,1.9276002515898436,-0.04409721988357404
2017-02-22 15:00:00+00:00,10:00,-5.882614810774106,17.464797079535078,159,1.5792157531334614,-0.33682697737537665
2017-02-22 19:00:00+00:00,14:00,,,27,,
2017-02-23 13:30:00+00:00,08:30,0.10288230555742828,8.9778900535463,140,2.746062853865721,0.011459519435392215
2017-02-23 14:00:00+00:00,09:00,,,28,,
2017-02-23 14:45:00+00:00,09:45,1.3277305433902726,30.968366504593668,116,1.9393573838269194,0.04287376743598423
2017-02-23 16:00:00+00:00,11:00,,,13,,
2017-02-24 15:00:00+00:00,10:00,2.9933650555236113,12.07041456004742,160,1.9250631000529639,0.24799190124186188
2017-02-27 13:30:00+00:00,08:30,0.06259849817649218,11.724195742234045,141,2.1845081524951424,0.005339257340355872
2017-02-27 15:00:00+00:00,10:00,1.6682808883992992,20.77223895637324,161,2.2008659906868964,0.08031300294123783
2017-02-27 15:30:00+00:00,10:30,,,12,,
2017-02-28 13:30:00+00:00,08:30,-1.8979915201836703,9.324223010432714,142,2.0757658066664195,-0.20355492549460047
2017-02-28 14:00:00+00:00,09:00,,,28,,
2017-02-28 14:45:00+00:00,09:45,-5.755294970765991,22.57068569836216,117,2.578966098567927,-0.2549898150052049
2017-02-28 15:00:00+00:00,10:00,-2.3349460329214344,13.118622767864638,162,2.9498526281895754,-0.17798713128950666
2017-03-01 12:00:00+00:00,07:00,-0.24112363966943856,5.994793159441111,53,2.9961590224803047,-0.04022217835651202
2017-03-01 13:30:00+00:00,08:30,2.8422317364621534,6.378379623521294,142,0.8281928024718388,0.44560404118641195
2017-03-01 14:45:00+00:00,09:45,-6.005081594023044,17.861872258350033,117,1.9665787098737877,-0.3361955290669935
2017-03-01 15:00:00+00:00,10:00,-3.489946738511547,14.473141293996932,162,1.1269062489572939,-0.24113263787171638
2017-03-02 13:30:00+00:00,08:30,1.4399966583229613,7.529229941436982,143,1.4238207247775665,0.1912541746663846
2017-03-02 14:45:00+00:00,09:45,3.4492682672992285,12.789294824414926,118,1.593790064880302,0.26969964448036116
2017-03-03 14:45:00+00:00,09:45,12.34786722874017,29.64933487435518,118,3.362258579495021,0.416463549049807
2017-03-03 15:00:00+00:00,10:00,-6.341961377897914,13.934439254903902,164,1.5505496416722058,-0.45512856756442555
2017-03-06 15:00:00+00:00,10:00,-2.923012681835662,14.530225287080302,164,1.086499907554109,-0.20116774682321606
2017-03-07 13:30:00+00:00,08:30,-0.8588378465615519,6.6202116652904905,145,1.9959780532245346,-0.12972966575440556
2017-03-07 20:00:00+00:00,15:00,,,14,,
2017-03-08 12:00:00+00:00,07:00,0.1991899335737907,3.752327101300555,54,2.7645654530431463,0.05308437356240919
2017-03-08 13:15:00+00:00,08:15,,,14,,
2017-03-08 13:30:00+00:00,08:30,-1.2580191166173469,8.50445291938154,146,2.414624882552485,-0.14792475524796395
2017-03-08 15:00:00+00:00,10:00,-6.941848911701733,21.386603338788653,165,1.7678732469883915,-0.3245886596265325
2017-03-09 12:30:00+00:00,07:30,,,14,,
2017-03-09 13:30:00+00:00,08:30,1.2715895981405558,8.404359972795815,147,2.1641107397787915,0.15130118203606
2017-03-09 14:45:00+00:00,09:45,2.5092052197153896,25.846804884322324,119,2.7651089388077845,0.09707989946708565
2017-03-09 17:00:00+00:00,12:00,,,3,,
2017-03-10 13:30:00+00:00,08:30,1.2563815074551263,12.195393356558563,147,1.5114546681529566,0.10302099085467027
2017-03-10 19:00:00+00:00,14:00,,,28,,
2017-03-14 10:00:00+00:00,06:00,,,13,,
2017-03-14 12:30:00+00:00,08:30,-0.6005504801925926,10.65341129001272,147,5.656854249492379,-0.056371660104364146
2017-03-15 11:00:00+00:00,07:00,4.2412947969568915,6.924523156078899,55,5.656854249492379,0.6125035184890016
2017-03-15 12:30:00+00:00,08:30,-0.6005504801925928,10.65341129001272,147,5.656854249492379,-0.05637166010436417
2017-03-15 14:00:00+00:00,10:00,-4.788796806502646,17.043205520829584,167,5.656854249492379,-0.2809798192394003
2017-03-15 18:00:00+00:00,14:00,,,29,,
2017-03-15 20:00:00+00:00,16:00,,,11,,
2017-03-16 12:30:00+00:00,08:30,1.234571569725663,8.76846126950978,148,5.656854249492379,0.14079683216696062
2017-03-16 13:45:00+00:00,09:45,-5.083269356727235,17.22345129039698,121,5.656854249492379,-0.2951365130612026
2017-03-16 14:00:00+00:00,10:00,-4.788796806502646,17.043205520829584,167,5.656854249492379,-0.2809798192394003
2017-03-17 13:15:00+00:00,09:15,,,10,,
2017-03-17 14:00:00+00:00,10:00,-1.7441628477060291,13.950832414999576,168,5.656854249492379,-0.1250221345810699
2017-03-17 14:01:00+00:00,10:01,,,0,,
2017-03-20 12:30:00+00:00,08:30,-0.5873240425193349,8.532461350358616,149,2.8138917467419504,-0.06883407007693623
2017-03-21 12:30:00+00:00,08:30,-1.1394251973393528,10.831501524843722,150,1.7024762049959683,-0.10519549803191229
2017-03-22 11:00:00+00:00,07:00,2.8798119143293714,7.118946388883021,56,2.414743719729833,0.40452782715522323
2017-03-22 13:00:00+00:00,09:00,-4.314305240055177,5.292417364365682,30,3.4037773491883954,-0.8151861319751119
2017-03-22 14:00:00+00:00,10:00,-3.9689143983117714,13.282184665221067,171,1.6264441597747694,-0.2988148786023307
2017-03-23 12:30:00+00:00,08:30,3.0476143911581417,9.809011568091517,152,2.158972808121236,0.3106953610975401
2017-03-23 13:45:00+00:00,09:45,9.466572139910172,24.717899838099598,124,1.4615464169631147,0.3829844850054217
2017-03-23 14:00:00+00:00,10:00,5.876701046041273,12.853388648195724,171,2.0143679911633554,0.4572102506887323
2017-03-23 15:00:00+00:00,11:00,,,14,,
2017-03-24 12:30:00+00:00,08:30,1.245349079945752,6.022627139354161,152,1.3963424244696558,0.2067783794563941
2017-03-24 13:45:00+00:00,09:45,4.075871056493079,20.739426072194195,125,2.2661175411842844,0.19652766871681607
2017-03-27 14:30:00+00:00,10:30,,,13,,
2017-03-28 12:30:00+00:00,08:30,-3.4390239616816283,6.2053367760990294,153,2.629635539284008,-0.5542042415695547
2017-03-28 13:00:00+00:00,09:00,-0.13118309290142757,7.386576123031301,30,4.066269162784107,-0.01775966167767492
2017-03-28 14:00:00+00:00,10:00,-5.292705728218109,11.888037199582914,173,1.7680198950827395,-0.44521274953646683
2017-03-29 11:00:00+00:00,07:00,-0.23048953552189239,5.389841836074894,57,1.5312155087931774,-0.04276369187295937
2017-03-29 14:00:00+00:00,10:00,0.7287566047420981,9.482368696992978,174,2.206077044194057,0.07685385667119222
2017-03-30 12:30:00+00:00,08:30,1.79079174175515,12.574342531900708,155,2.0288416554901745,0.1424163320835239
2017-03-30 13:45:00+00:00,09:45,0.2091708616326884,28.300661548695114,126,2.736730976216407,0.007391023749490154
2017-03-31 12:30:00+00:00,08:30,-0.8300627973056963,8.78765046720921,156,1.6046045601843961,-0.09445787590244341
2017-03-31 13:45:00+00:00,09:45,-6.899572360752437,23.785098607902547,126,1.712245268416452,-0.290079619785981
2017-03-31 14:00:00+00:00,10:00,3.4706583956915873,19.856862256924984,174,3.0012233168540243,0.17478382791728397
2017-04-03 13:45:00+00:00,09:45,-2.2631022087649946,17.95954019840093,126,2.964260578598611,-0.12601114414758208
2017-04-03 14:00:00+00:00,10:00,-4.203789753901898,16.375831078245078,174,2.19210906357829,-0.2567069563563426
2017-04-04 12:30:00+00:00,08:30,-0.6812332307259323,8.84847539019893,156,1.600700335370956,-0.07698876932861277
2017-04-04 14:00:00+00:00,10:00,0.7339037194562514,18.80230041470067,174,2.7639708832358836,0.03903265575325268
2017-04-05 11:00:00+00:00,07:00,0.9576414623288542,6.2967880183425,57,1.9013631073002115,0.15208411963992613
2017-04-05 12:15:00+00:00,08:15,,,15,,
2017-04-05 13:45:00+00:00,09:45,1.2697716938233765,18.45879891744678,126,1.644144672827841,0.06878950789280341
2017-04-05 14:00:00+00:00,10:00,-4.532500265734614,15.141529500046556,174,0.983808917496418,-0.2993422999783924
2017-04-05 18:00:00+00:00,14:00,0.46828816408951013,23.927646552737823,30,2.9695263031394665,0.019571008082946133
2017-04-06 11:30:00+00:00,07:30,,,15,,
2017-04-06 12:30:00+00:00,08:30,-1.4157263812217742,13.261863277163767,156,2.0427968308348947,-0.1067516948134717
2017-04-06 13:45:00+00:00,09:45,10.469935685304186,25.85939129600678,126,2.2463567838411045,0.4048794329865359
2017-04-07 12:30:00+00:00,08:30,-1.3860262990640058,21.205388000980086,156,2.3353745944826967,-0.06536198719872258
2017-04-07 14:00:00+00:00,10:00,-9.167644728413894,12.753924921044716,174,1.6685041358119805,-0.7188096829146884
2017-04-07 19:00:00+00:00,15:00,,,15,,
2017-04-10 14:00:00+00:00,10:00,-4.413652120810579,14.951188277580748,174,1.2052759841962433,-0.29520410276879694
2017-04-11 10:00:00+00:00,06:00,,,13,,
2017-04-11 14:00:00+00:00,10:00,-0.09841949392663646,16.836080565232084,174,1.672342919549481,-0.005845748572258614
2017-04-12 11:00:00+00:00,07:00,-0.09526222598602974,6.016916580962898,58,2.559263495243404,-0.015832399320182156
2017-04-12 12:30:00+00:00,08:30,4.066920872740925,9.966038753542314,158,1.6908749778669405,0.40807797092855824
2017-04-12 18:00:00+00:00,14:00,-0.11434703786378236,18.355429527374476,30,2.585547877776762,-0.006229602946269944
2017-04-13 12:30:00+00:00,08:30,0.7428477071764552,6.766062786020364,159,2.753190904062104,0.10979024739635625
2017-04-13 13:45:00+00:00,09:45,2.769044615196366,28.45689694336893,127,2.0913145107452937,0.09730662555045774
2017-04-13 14:00:00+00:00,10:00,-0.4135286693136971,11.924406500599387,176,1.3067004041148267,-0.034679182506308456
2017-04-14 12:30:00+00:00,08:30,-0.85251393009752,10.115221541857338,160,5.656854249492379,-0.08428030237101292
2017-04-14 14:00:00+00:00,10:00,1.0582208459471643,10.165412294001042,176,5.656854249492379,0.10410014029353798
2017-04-17 12:30:00+00:00,08:30,1.6074430051622342,7.283728348595285,160,2.2457692707767642,0.22068958756160093
2017-04-17 14:00:00+00:00,10:00,6.501748265607232,21.091049508627563,176,2.390106099067446,0.30827049469243384
2017-04-17 20:00:00+00:00,16:00,,,11,,
2017-04-18 12:30:00+00:00,08:30,-0.8997769316275575,9.31328792786451,161,2.81079264936591,-0.09661216732444261
2017-04-18 13:15:00+00:00,09:15,,,10,,
2017-04-19 11:00:00+00:00,07:00,0.1632058741715879,6.16470461335826,59,3.0578602856820507,0.02647424076377287
2017-04-20 12:30:00+00:00,08:30,-0.1683876713902331,6.273130904351888,162,1.8850959980569257,-0.026842684132960905
2017-04-20 13:45:00+00:00,09:45,9.874086116130808,25.526622435167678,129,1.5827107140988796,0.38681522168508337
2017-04-20 14:00:00+00:00,10:00,-4.373519022496678,17.108093759074727,178,2.3932084112195615,-0.2556403468490937
2017-04-21 13:45:00+00:00,09:45,-0.28903679638624685,26.129544333984917,130,2.4934751215171604,-0.011061685297371083
2017-04-21 14:00:00+00:00,10:00,-4.346525887173166,11.357532488209008,179,1.7695885885505835,-0.38269984186138817
2017-04-24 12:30:00+00:00,08:30,1.5920210319412456,7.540732654435618,163,1.4895474693875053,0.21112285833456584
2017-04-24 14:30:00+00:00,10:30,,,14,,
2017-04-25 13:00:00+00:00,09:00,-2.2830182521628886,5.5195880504203165,32,2.786493834021545,-0.4136211310170216
2017-04-25 14:00:00+00:00,10:00,-1.7118498508185653,15.007131362304115,181,1.0990988459480462,-0.11406909218629889
2017-04-26 11:00:00+00:00,07:00,0.39772790631042054,5.341419860609826,60,1.8547694597100082,0.07446108276255449
2017-04-27 12:30:00+00:00,08:30,2.0989278732381385,7.036500051772075,165,2.499577876667466,0.29829145992964834
2017-04-27 13:45:00+00:00,09:45,-2.3370337003823853,12.847945981142841,133,1.5509065471607018,-0.18189940273818797
2017-04-27 14:00:00+00:00,10:00,-4.798948610484772,22.77119289353115,182,2.4754379113349674,-0.21074647397361687
2017-04-27 15:00:00+00:00,11:00,,,15,,
2017-04-28 12:30:00+00:00,08:30,-0.9280199817497239,10.860120682953964,166,1.91875087409932,-0.08545208739773429
2017-04-28 13:45:00+00:00,09:45,0.6355181653899364,14.298930928460575,133,1.1651934144465785,0.04444515247814799
2017-04-28 14:00:00+00:00,10:00,-4.401390842105591,25.686593410920725,183,3.0260589109717952,-0.17134972986469774
2017-05-01 12:30:00+00:00,08:30,1.735777323643498,7.343061230466182,166,1.2864726746672928,0.2363833378430511
2017-05-01 13:45:00+00:00,09:45,0.5363243847902903,14.880893757992116,133,0.9480367340718192,0.036041140640645015
2017-05-01 14:00:00+00:00,10:00,-1.3054716440925527,14.665065409586882,184,1.538840420623066,-0.08901914908876823
2017-05-03 11:00:00+00:00,07:00,0.5971922866228897,7.544430803247446,61,2.0941972876453896,0.07915670541584563
2017-05-03 12:15:00+00:00,08:15,,,16,,
2017-05-03 13:45:00+00:00,09:45,-1.2691307182521554,20.48208792823086,133,3.108322626825438,-0.06196295625227191
2017-05-03 14:00:00+00:00,10:00,3.144344907693931,11.98926550000291,185,2.5036139574443856,0.2622633478000106
2017-05-03 18:00:00+00:00,14:00,-5.60058935343447,18.354496892839993,32,2.3440387586840328,-0.30513445212542084
2017-05-04 11:30:00+00:00,07:30,,,16,,
2017-05-04 12:30:00+00:00,08:30,-1.801474129056498,7.263679999685282,168,1.7471597362861335,-0.24801121871207868
2017-05-04 13:45:00+00:00,09:45,-3.463470077015196,23.480909425570324,134,0.9921521654556648,-0.14750153046642794
2017-05-04 14:00:00+00:00,10:00,-5.131841091794621,22.572080588192346,186,1.2842297172974393,-0.22735348085187737
2017-05-05 12:30:00+00:00,08:30,-0.10222997902161074,12.181710942445669,168,3.002409612648543,-0.008392087080756692
2017-05-05 19:00:00+00:00,15:00,,,16,,
2017-05-08 14:00:00+00:00,10:00,-2.7920293628917627,13.412588833887853,187,1.5733011130578485,-0.20816483659273172
2017-05-09 10:00:00+00:00,06:00,,,14,,
2017-05-09 14:00:00+00:00,10:00,-0.36999800551822076,18.8610839590483,187,1.938160617570715,-0.019617006441494587
2017-05-10 11:00:00+00:00,07:00,0.19788658942295367,5.01932542632556,62,2.2916550029279894,0.03942493714096921
2017-05-10 12:30:00+00:00,08:30,2.2199749445628942,5.644658493973109,170,1.6048137681859065,0.39328773333819866
2017-05-10 18:00:00+00:00,14:00,-0.05859640005728847,19.103396923565253,32,3.393401363656449,-0.003067328825953781
2017-05-11 12:30:00+00:00,08:30,-0.6199206890005506,6.027177213013291,171,2.402392449426007,-0.10285423293379836
2017-05-11 13:45:00+00:00,09:45,14.439616383459882,27.35106904288628,135,2.208144738125346,0.5279360876468363
2017-05-12 12:30:00+00:00,08:30,2.4738348860828143,9.849047566179737,171,2.297764934531754,0.25117503692211013
2017-05-12 14:00:00+00:00,10:00,-4.267778797798389,31.244959940284822,189,3.1771400449600287,-0.1365909511791643
2017-05-15 12:30:00+00:00,08:30,1.6522451083479024,5.6468087479927,172,1.3612235638147892,0.29259802874238205
2017-05-15 14:00:00+00:00,10:00,-1.4946847238132523,8.672831072540596,189,1.5247458556100844,-0.17234103965723888
2017-05-15 20:00:00+00:00,16:00,,,12,,
2017-05-16 12:30:00+00:00,08:30,-0.6070155637355752,11.837939445834662,172,2.675634626266178,-0.05127713032432868
2017-05-16 13:15:00+00:00,09:15,,,11,,
2017-05-16 14:00:00+00:00,10:00,-0.2396211578493357,14.450340903921115,190,2.155605176646246,-0.016582387878774144
2017-05-17 11:00:00+00:00,07:00,2.798277176242136,7.395047878309042,63,2.9832268525746506,0.37839879095982165
2017-05-18 12:30:00+00:00,08:30,2.418236377582386,12.362998089637419,173,1.0624962419599668,0.19560274619870202
2017-05-18 13:45:00+00:00,09:45,1.1699032182856013,18.47651398531714,137,1.7479863991335594,0.06331839540810005
2017-05-18 14:00:00+00:00,10:00,-1.6484942719625857,12.779711426177899,191,2.5624751853680636,-0.12899307480338076
2017-05-22 12:30:00+00:00,08:30,1.1521761700351238,7.550994680340771,175,2.527245784027789,0.15258601267920996
2017-05-23 13:45:00+00:00,09:45,2.631517040312207,16.304500094727793,139,1.2930043387585806,0.16139820448485456
2017-05-23 14:00:00+00:00,10:00,-6.711705193550819,11.655272554013342,193,1.4012825693786228,-0.5758514150953707
2017-05-24 11:00:00+00:00,07:00,-0.6707436444898186,4.760469376449343,64,1.992158795292032,-0.1408986365521169
2017-05-24 13:00:00+00:00,09:00,-5.440386913856885,5.048738606030082,33,2.630223171290563,-1.0775734967461037
2017-05-24 14:00:00+00:00,10:00,-3.4669076248429076,13.968439296181966,194,1.5678382213614963,-0.24819577558607622
2017-05-24 18:00:00+00:00,14:00,9.270909646040401,14.255434717545734,33,2.1018366827907413,0.6503421207232405
2017-05-25 12:30:00+00:00,08:30,-0.9651940214118107,4.807395395612826,176,2.3276944528442995,-0.20077275571978867
2017-05-25 13:45:00+00:00,09:45,-0.5244905697343424,9.811272140194923,141,1.9510681849984823,-0.05345795756552343
2017-05-25 15:00:00+00:00,11:00,,,16,,
2017-05-26 12:30:00+00:00,08:30,0.9274485283149082,8.66653533839536,177,1.8233320727248583,0.10701491335367112
2017-05-26 14:00:00+00:00,10:00,-1.7736506694770688,32.60857238827157,195,2.3826324683295184,-0.054392159471385
2017-05-30 12:30:00+00:00,08:30,0.5698230621376722,7.412772228651034,177,1.1501165292748057,0.07687043990576894
2017-05-30 13:00:00+00:00,09:00,-1.5265818907244677,5.968679599567135,33,2.3447419856384135,-0.25576542772293887
2017-05-30 14:00:00+00:00,10:00,-5.952260625411547,18.448855436076688,197,2.651714118129351,-0.3226357670824347
2017-05-30 14:30:00+00:00,10:30,,,15,,
2017-05-31 11:00:00+00:00,07:00,1.2918591155102794,6.922940141131362,65,2.234141605084718,0.1866055590795793
2017-05-31 13:45:00+00:00,09:45,-1.3537330482282273,12.20767328762699,141,0.6843893920602677,-0.11089197886711916
2017-05-31 14:00:00+00:00,10:00,-6.887860039317925,21.11352404295279,197,1.236452921475371,-0.32622976748483323
2017-06-01 11:30:00+00:00,07:30,,,17,,
2017-06-01 12:15:00+00:00,08:15,,,17,,
2017-06-01 12:30:00+00:00,08:30,3.028801011625892,5.492159699426137,179,1.171708961135708,0.5514772288836329
2017-06-01 13:45:00+00:00,09:45,-0.1243349285565657,12.470623638888426,142,1.2272262813635588,-0.009970225399862066
2017-06-01 14:00:00+00:00,10:00,0.7199060594613154,23.37280772701762,197,2.3566493628484246,0.03080100892753015
2017-06-02 12:30:00+00:00,08:30,-2.363961632464235,19.738770836552163,180,2.055559766020479,-0.11976235258208996
2017-06-05 12:30:00+00:00,08:30,-0.044969570740824194,8.937814162455549,181,2.0966371265892096,-0.005031383504226875
2017-06-05 13:45:00+00:00,09:45,-2.2537695502358566,12.901679860300115,142,1.2053840409570826,-0.1746880696653273
2017-06-05 14:00:00+00:00,10:00,1.0794997648388396,17.145345708591694,199,1.466757886869473,0.06296167969934208
2017-06-06 14:00:00+00:00,10:00,-1.8516461354343359,14.74059601713608,200,1.3133187568366496,-0.125615418350912
2017-06-07 11:00:00+00:00,07:00,-0.7444574276963613,4.5579300744817965,66,1.6535285727038393,-0.16333234945053443
2017-06-07 19:00:00+00:00,15:00,,,17,,
2017-06-08 12:30:00+00:00,08:30,-1.755921660380601,7.356390417667902,183,2.127207962065323,-0.238693375512451
2017-06-08 13:45:00+00:00,09:45,4.97493711102387,16.988413658174338,143,1.1368362261044327,0.29284294644132786
2017-06-08 16:00:00+00:00,12:00,,,4,,
2017-06-09 14:00:00+00:00,10:00,-3.829588307227373,12.482482868665153,201,2.2072455096025636,-0.30679700084674744
2017-06-12 18:00:00+00:00,14:00,-2.8643971661376786,19.27088412468926,34,1.8857690809368877,-0.1486385963199219
2017-06-13 10:00:00+00:00,06:00,,,15,,
2017-06-13 12:30:00+00:00,08:30,1.012054935578971,8.495797372641695,184,5.656854249492379,0.11912418472196698
2017-06-14 11:00:00+00:00,07:00,3.415245935109675,6.676661029418068,67,5.656854249492378,0.5115200427371921
2017-06-14 12:30:00+00:00,08:30,1.0120549355789707,8.495797372641697,184,5.656854249492379,0.11912418472196692
2017-06-14 14:00:00+00:00,10:00,-0.6832427079033427,12.975023131285337,203,5.656854249492379,-0.05265830364925593
2017-06-14 18:00:00+00:00,14:00,8.300663979186792,14.160882398321382,35,5.656854249492379,0.5861685554404961
2017-06-15 12:30:00+00:00,08:30,-2.046925114043592,4.842474386694983,185,3.5829006930306684,-0.4227023109647525
2017-06-15 13:15:00+00:00,09:15,,,12,,
2017-06-15 13:45:00+00:00,09:45,4.961533791816844,19.367204900239138,145,1.337186805102052,0.2561822326646413
2017-06-15 14:00:00+00:00,10:00,1.7498383224496503,14.151764830225071,203,1.7751517621145596,0.12364806392997563
2017-06-15 20:00:00+00:00,16:00,,,13,,
2017-06-16 12:30:00+00:00,08:30,-1.5721465314285168,10.35014155237653,186,5.656854249492379,-0.1518961381805963
2017-06-16 14:00:00+00:00,10:00,1.1008047802200087,12.453233619273412,204,5.656854249492379,0.08839509591439236
2017-06-20 12:30:00+00:00,08:30,-0.21759376470955305,7.265323241168826,187,2.4469187021775625,-0.029949633001400657
2017-06-21 11:00:00+00:00,07:00,1.3473079309350544,6.577784382988261,68,1.8319407143060773,0.2048270135487442
2017-06-21 14:00:00+00:00,10:00,-3.0535279173680356,10.292385036446364,206,1.5426893987544157,-0.2966783604145383
2017-06-22 12:30:00+00:00,08:30,-1.70782977144611,7.480214699652979,188,1.74049322274595,-0.22831293485805151
2017-06-22 13:00:00+00:00,09:00,-1.7880101106061246,6.821550925902553,35,3.8153170373571514,-0.2621119639841367
2017-06-22 13:45:00+00:00,09:45,0.39595272332828013,12.189794483185368,147,1.1912154629302247,0.03248231328874808
2017-06-22 14:00:00+00:00,10:00,-0.2675187412094354,23.305273911744436,207,2.0722773288600496,-0.01147889281295348
2017-06-22 15:00:00+00:00,11:00,,,17,,
2017-06-23 13:45:00+00:00,09:45,-3.627771536482241,15.324483565053058,147,1.0013406961217308,-0.2367304269068646
2017-06-23 14:00:00+00:00,10:00,-1.498702493865566,17.726333059511195,207,1.6657317577947284,-0.08454667351866246
2017-06-26 12:30:00+00:00,08:30,0.7871401407794049,7.117143482041139,190,2.755609167750124,0.1105977619765029
2017-06-26 14:30:00+00:00,10:30,,,16,,
2017-06-27 13:00:00+00:00,09:00,-2.2667182268560224,5.365454025745226,35,2.4806238497980027,-0.42246531532644904
2017-06-27 14:00:00+00:00,10:00,2.252354923342624,12.71053184534394,209,2.274105273760526,0.1772038299221677
2017-06-28 11:00:00+00:00,07:00,-0.8607621714549787,5.642937973212325,69,2.317020927294167,-0.15253794664075976
2017-06-28 12:30:00+00:00,08:30,0.20393896491338642,5.600110967268779,190,1.426648707197708,0.036416950682827125
2017-06-28 14:00:00+00:00,10:00,0.3579148832720111,15.901677151872073,209,2.4024292468799606,0.022507995845574974
2017-06-29 12:30:00+00:00,08:30,0.19661460143261866,6.591032786562973,191,1.6422263250547462,0.0298306210573635
2017-06-29 13:45:00+00:00,09:45,-1.1525855874041595,31.553224175036593,149,1.4156430955889034,-0.03652829837643122
2017-06-30 12:30:00+00:00,08:30,-2.219472205374632,6.841294868754936,191,1.8991926691963312,-0.32442282461924626
2017-06-30 13:45:00+00:00,09:45,-8.332009054358446,16.437089039342798,149,1.0709157441764188,-0.5069029579638746
2017-06-30 14:00:00+00:00,10:00,-0.18730969289474417,10.187342245490488,210,1.7716273744404332,-0.018386512240487294
2017-07-03 13:45:00+00:00,09:45,0.6281239373078252,15.158120824188378,149,5.656854249492379,0.04143811390561714
2017-07-03 14:00:00+00:00,10:00,-2.719167468548065,14.697346963657086,210,5.656854249492379,-0.18501076930903892
2017-07-05 14:00:00+00:00,10:00,-1.0811653615012005,10.556656053076916,210,1.2087199141441565,-0.10241551454033368
2017-07-05 18:00:00+00:00,14:00,2.2808819806329548,11.368799970187156,36,2.313424821941249,0.20062645016309547
2017-07-06 11:00:00+00:00,07:00,0.03753985479071503,4.820991512961652,69,1.6326735587448415,0.007786749818950291
2017-07-06 11:30:00+00:00,07:30,,,18,,
2017-07-06 12:15:00+00:00,08:15,,,18,,
2017-07-06 12:30:00+00:00,08:30,-3.348999181999618,6.709199911354609,192,1.8379951972387707,-0.49916520989809715
2017-07-06 13:45:00+00:00,09:45,-2.15227215852706,30.30114975258061,150,1.4487905225057713,-0.0710293891849355
2017-07-06 14:00:00+00:00,10:00,-2.679721354408478,13.591884477866607,211,1.3508488834676364,-0.1971559836880757
2017-07-07 12:30:00+00:00,08:30,2.6587614026363364,11.636245995072203,192,1.341152761237353,0.22848961802305373
2017-07-10 14:00:00+00:00,10:00,-6.483605108165507,19.68097136029692,211,2.1898002225045503,-0.32943521889600935
2017-07-10 19:00:00+00:00,15:00,,,18,,
2017-07-11 10:00:00+00:00,06:00,,,15,,
2017-07-11 14:00:00+00:00,10:00,4.827343671109127,20.53654789964227,211,2.2627614430611946,0.2350611064088924
2017-07-12 11:00:00+00:00,07:00,2.0107885045585117,6.837741224142406,70,3.0000309079726537,0.2940720390907607
2017-07-13 12:30:00+00:00,08:30,0.5580557808567567,7.212395760378975,194,1.3385046991092948,0.07737453675551405
2017-07-13 13:45:00+00:00,09:45,2.285331525472139,17.62913130360979,151,1.8992895950530928,0.12963381383427489
2017-07-13 18:00:00+00:00,14:00,-4.522001894545262,17.652564783750854,36,3.94567650800784,-0.25616684883704577
2017-07-14 12:30:00+00:00,08:30,3.072897939452129,5.301423920573029,194,2.022747558290943,0.5796363364807054
2017-07-14 13:15:00+00:00,09:15,,,13,,
2017-07-14 14:00:00+00:00,10:00,0.5934891412901535,11.739972848710204,214,1.2414842302931222,0.05055285467336974
2017-07-17 12:30:00+00:00,08:30,0.6480812371107376,6.8225333332962785,195,2.5827606349824057,0.0949912892250568
2017-07-18 12:30:00+00:00,08:30,1.510960423067749,10.605677206762444,195,1.3792926895390754,0.14246713280169634
2017-07-18 14:00:00+00:00,10:00,-8.590696544112165,18.10761228143149,215,2.6805543498540554,-0.47442459064144654
2017-07-18 20:00:00+00:00,16:00,,,14,,
2017-07-19 11:00:00+00:00,07:00,0.2512486294702635,5.3020429012403385,71,1.99667752481441,0.04738713626996255
2017-07-19 12:30:00+00:00,08:30,3.5493704484355106,8.871793779415363,196,0.9092953546149349,0.4000735969168806
2017-07-20 12:30:00+00:00,08:30,-1.5337572651403,8.222087139116073,197,1.4845543133099344,-0.1865411104491394
2017-07-20 13:45:00+00:00,09:45,4.355734770292805,21.164780680834845,153,1.170580867944961,0.20580108227802305
2017-07-20 14:00:00+00:00,10:00,2.5351637855371765,11.889973519241506,216,0.9926887663730178,0.2132186233581201
2017-07-24 13:45:00+00:00,09:45,4.541029118963787,19.230238282083814,154,1.464856334559005,0.2361400338546255
2017-07-24 14:00:00+00:00,10:00,-0.7427291951807505,11.872623056853165,217,1.14451434664918,-0.06255813830053582
2017-07-25 13:00:00+00:00,09:00,-1.8850454888187216,7.654315921707503,37,2.671866716083896,-0.24627223491948724
2017-07-25 14:00:00+00:00,10:00,0.06856585342362212,11.026039035203963,217,1.5181663305182551,0.006218538969860791
2017-07-26 11:00:00+00:00,07:00,1.2255838604047264,7.709464139073508,71,1.5934212516671193,0.15897134201496035
2017-07-26 14:00:00+00:00,10:00,-1.8103583964137084,10.643745911388937,218,1.818511484022414,-0.1700865852572263
2017-07-26 18:00:00+00:00,14:00,-4.394419415383803,19.244337103300936,37,3.175938242271877,-0.22834870288309586
2017-07-27 12:30:00+00:00,08:30,1.34090274468347,9.713364527006886,199,2.62070995014965,0.13804719682405053
2017-07-27 13:45:00+00:00,09:45,-5.083133789736603,16.93081745910943,155,0.9635059202361798,-0.30022967302158715
2017-07-27 15:00:00+00:00,11:00,,,18,,
2017-07-28 12:30:00+00:00,08:30,-0.41447547817093877,9.739596858366195,200,2.4698476924435884,-0.04255571192506899
2017-07-28 14:00:00+00:00,10:00,-3.707424410305186,14.67061280957168,219,2.5916069294486235,-0.25271094387320464
2017-07-31 13:45:00+00:00,09:45,12.509104928531787,21.127692624256973,155,1.5259193096360855,0.5920715125403673
2017-07-31 14:00:00+00:00,10:00,-7.463796020207376,20.774030852174157,220,1.61794190805388,-0.35928492035652454
2017-07-31 14:30:00+00:00,10:30,,,17,,
2017-08-01 12:30:00+00:00,08:30,2.4157340577194186,10.179450108978864,200,2.2689260207272053,0.23731478929186964
2017-08-01 13:45:00+00:00,09:45,-1.4405098445609201,15.97881063193551,155,0.7115420731274816,-0.09015125579383823
2017-08-01 14:00:00+00:00,10:00,-3.482093764811226,8.833531110581594,221,1.422358415398038,-0.39419046825341025
2017-08-02 11:00:00+00:00,07:00,-0.7520637275081689,3.894330920829206,73,1.8207353428227004,-0.19311757084784018
2017-08-02 12:15:00+00:00,08:15,,,19,,
2017-08-03 11:30:00+00:00,07:30,,,19,,
2017-08-03 12:30:00+00:00,08:30,2.0493211803222366,5.376934414189489,201,1.3368139566573016,0.3811318908622299
2017-08-03 13:45:00+00:00,09:45,0.832723078582752,15.146087534585925,156,1.3198025138473743,0.05497941806299732
2017-08-03 14:00:00+00:00,10:00,0.19494743225281563,12.591237318509672,221,1.5072235465539225,0.015482785950371562
2017-08-04 12:30:00+00:00,08:30,-1.4153715563148492,6.483904789342199,202,1.9432628216065677,-0.21828999689220308
2017-08-07 19:00:00+00:00,15:00,,,19,,
2017-08-08 10:00:00+00:00,06:00,,,16,,
2017-08-08 14:00:00+00:00,10:00,-5.1678104373352065,14.964773810601818,223,1.2463831737427726,-0.34533167709317886
2017-08-09 11:00:00+00:00,07:00,1.619418111910161,7.737996797214122,74,2.0489819751491085,0.20928131069958483
2017-08-09 12:30:00+00:00,08:30,-1.4112943104907036,8.652364151715478,205,2.285979178434568,-0.1631108314148903
2017-08-09 14:00:00+00:00,10:00,-1.5324621392127553,22.658661188511143,223,2.251323081479191,-0.06763251043224812
2017-08-10 12:30:00+00:00,08:30,-0.5486107037655337,5.227314769808932,206,2.575000246722251,-0.10495076878364193
2017-08-10 13:45:00+00:00,09:45,-7.81319511715354,25.29019487656773,157,1.8552969343296775,-0.3089416730589429
2017-08-10 18:00:00+00:00,14:00,-0.04113104621914815,18.114578405414292,38,1.8041657011004717,-0.002270604664299249
2017-08-11 12:30:00+00:00,08:30,1.5538258779935004,5.897601920451456,206,1.330279898449334,0.2634674057272683
2017-08-15 12:30:00+00:00,08:30,1.1000324144259026,10.922916411546971,206,1.7973790517104469,0.10070867275547604
2017-08-15 14:00:00+00:00,10:00,-2.8913788940225555,15.09471899446841,226,1.7524974223780663,-0.19154903745357077
2017-08-15 20:00:00+00:00,16:00,,,15,,
2017-08-16 11:00:00+00:00,07:00,-0.5990787891951286,5.6330059080523025,75,2.6106614940588635,-0.10635152864632254
2017-08-16 12:30:00+00:00,08:30,-0.034170219999911766,10.423541102970745,206,2.9045970025097354,-0.003278177700107417
2017-08-16 18:00:00+00:00,14:00,4.598939679318445,12.063031149041144,39,4.027903636928072,0.3812424607461949
2017-08-17 12:30:00+00:00,08:30,-2.1138986625685487,6.791732978651109,207,1.531564884704301,-0.3112458439124892
2017-08-17 12:51:00+00:00,08:51,,,0,,
2017-08-17 13:45:00+00:00,09:45,0.2560371946871958,12.29796478810014,159,2.6083149444729923,0.020819476970282486
2017-08-17 14:00:00+00:00,10:00,-7.9984496861950545,24.823230810411605,227,2.6617793260659317,-0.32221630404533264
2017-08-18 14:00:00+00:00,10:00,-6.2616422492793395,21.894234330879854,228,1.4506619005500543,-0.2859950320549851
2017-08-21 12:30:00+00:00,08:30,3.100817912057314,8.65752205033983,208,2.5637601445431804,0.35816459883409696
2017-08-22 13:00:00+00:00,09:00,-2.4890538339211723,7.13900159721251,38,3.0542233442346935,-0.3486557328818986
2017-08-22 14:00:00+00:00,10:00,2.5847053700837836,10.746902506241808,230,0.7321791725504487,0.24050700828285965
2017-08-23 11:00:00+00:00,07:00,-0.6849862925475507,4.700083169427862,76,1.661972063840643,-0.14573918542614506
2017-08-23 13:45:00+00:00,09:45,-1.2284371326291619,21.138183227472062,161,2.8439939830353347,-0.0581146032944134
2017-08-23 14:00:00+00:00,10:00,1.0552857472976083,12.235494076338945,230,1.7088616546617625,0.08624790635453984
2017-08-24 12:30:00+00:00,08:30,-2.590347155017827,8.220503768497991,210,1.6115586660492551,-0.3151080795004759
2017-08-24 13:45:00+00:00,09:45,-6.921617023918359,25.53264979882425,162,1.3041474659198515,-0.27108886380594516
2017-08-24 14:00:00+00:00,10:00,-3.9371012463819635,18.754389514067423,231,0.77753336308393,-0.2099295870670061
2017-08-24 15:00:00+00:00,11:00,,,19,,
2017-08-25 12:30:00+00:00,08:30,0.9377456018663802,10.631571395525743,211,1.9706850519004184,0.08820385688808213
2017-08-28 12:30:00+00:00,08:30,0.5049116897110142,7.431939337469946,211,1.5715298006081637,0.06793808006012347
2017-08-28 14:30:00+00:00,10:30,,,18,,
2017-08-29 13:00:00+00:00,09:00,-3.7296030353628673,5.867413508073899,38,1.930454291152889,-0.6356468706749095
2017-08-29 14:00:00+00:00,10:00,-0.38351854911257843,9.483490305744175,232,1.2748867164676443,-0.040440653888819844
2017-08-30 11:00:00+00:00,07:00,-0.577503898282641,4.803179054518583,77,1.7793096941102007,-0.12023368101161151
2017-08-30 12:15:00+00:00,08:15,,,20,,
2017-08-30 12:30:00+00:00,08:30,-2.635364805940481,7.592538924536329,212,2.3496809134522323,-0.3470992815623163
2017-08-31 11:30:00+00:00,07:30,,,20,,
2017-08-31 12:30:00+00:00,08:30,1.3258708214491854,7.313869043324635,213,1.5150458313828539,0.181281728397818
2017-08-31 13:45:00+00:00,09:45,1.9805670507167723,18.968130803413988,163,1.141323233400553,0.10441550995421747
2017-08-31 14:00:00+00:00,10:00,-4.416236566232808,15.619902030273122,233,2.0724830883158845,-0.28273138702622114
2017-09-01 12:30:00+00:00,08:30,-1.3927455875919919,21.006106278726083,214,2.481745895312448,-0.06630193949853971
2017-09-01 13:45:00+00:00,09:45,0.9314917571480802,12.763633830619147,163,2.0347204043171123,0.07298013790661172
2017-09-01 14:00:00+00:00,10:00,-5.505922092472613,16.997556485150643,233,2.2232510456482717,-0.3239243297872068
2017-09-05 14:00:00+00:00,10:00,-0.6472897597162643,11.528254021679519,234,1.3617681508816126,-0.056148117355759176
2017-09-06 11:00:00+00:00,07:00,0.4161588075702594,5.39843831138569,78,2.3562325620120332,0.0770887400329371
2017-09-06 12:30:00+00:00,08:30,0.7608684928739855,5.3792175943363825,216,1.5577774191288758,0.1414459407024325
2017-09-06 13:45:00+00:00,09:45,-0.1290898033458428,12.1346924031751,163,1.6048739745238902,-0.010638077922112459
2017-09-06 14:00:00+00:00,10:00,-1.6042888112867997,8.317355942559528,234,2.6570559436142003,-0.19288447222484822
2017-09-07 12:30:00+00:00,08:30,0.8405266758436969,5.804071512398103,217,3.362030631412122,0.14481673322739808
2017-09-07 13:45:00+00:00,09:45,-3.741159943481617,18.819454115618374,164,1.822109360359149,-0.19879216052163845
2017-09-08 14:00:00+00:00,10:00,-3.211090916517884,14.157866935854086,236,1.3100423143772921,-0.22680612348361304
2017-09-08 19:00:00+00:00,15:00,,,20,,
2017-09-12 10:00:00+00:00,06:00,,,17,,
2017-09-12 14:00:00+00:00,10:00,5.651635524861597,11.251349749567325,237,2.567269946745006,0.5023073365112424
2017-09-13 11:00:00+00:00,07:00,3.798480035057736,6.37730639615992,79,5.656854249492378,0.5956245159155253
2017-09-13 12:30:00+00:00,08:30,0.9634359110260965,7.584937218798325,218,5.656854249492379,0.12701962893487637
2017-09-13 18:00:00+00:00,14:00,8.25640162611259,14.087782729689089,41,5.656854249492379,0.5860682113383789
2017-09-14 12:30:00+00:00,08:30,-1.1293656903919493,7.971071334430261,219,5.656854249492379,-0.1416830489916412
2017-09-14 13:45:00+00:00,09:45,0.14052520178602895,17.83057469419554,166,5.656854249492379,0.007881136990597094
2017-09-15 12:30:00+00:00,08:30,2.5031210258261605,7.415432693228848,220,5.656854249492379,0.3375556261351817
2017-09-15 13:15:00+00:00,09:15,,,14,,
2017-09-15 14:00:00+00:00,10:00,2.280892883536526,12.053622862910489,239,5.656854249492378,0.1892288243524634
2017-09-18 14:00:00+00:00,10:00,-1.9192944232146685,13.437833032861237,239,1.349641805900397,-0.1428276730720775
2017-09-18 20:00:00+00:00,16:00,,,16,,
2017-09-19 12:30:00+00:00,08:30,-2.411435948751867,8.146196606807461,221,2.4559339178609876,-0.29601985627706595
2017-09-20 11:00:00+00:00,07:00,-0.07327509443303973,4.835201586840807,80,2.428014211067821,-0.015154506615083187
2017-09-20 14:00:00+00:00,10:00,-1.7939115417528315,10.662246020851837,240,2.677395499389089,-0.16824893537858085
2017-09-20 18:00:00+00:00,14:00,0.2279647467104322,9.785885254548743,41,2.199140780965688,0.023295260549316993
2017-09-21 12:30:00+00:00,08:30,-2.792141025904488,6.0235964299624785,223,2.6607872996137294,-0.4635338801942082
2017-09-21 13:00:00+00:00,09:00,-1.5390574922862936,5.1108011758538,40,2.5577371508024824,-0.3011382050152209
2017-09-21 13:45:00+00:00,09:45,3.8031225019246495,19.388503654820457,167,3.098075030345017,0.19615348196193058
2017-09-21 14:00:00+00:00,10:00,-3.5788741559060724,13.783886104555393,241,1.0136675378383178,-0.25964188391859255
2017-09-21 16:00:00+00:00,12:00,,,5,,
2017-09-22 13:45:00+00:00,09:45,-1.8191890556233161,18.473333438525163,168,1.3244914236779735,-0.09847649108251862
2017-09-25 12:30:00+00:00,08:30,-2.046337072147201,9.218073783301987,224,3.3290844046101236,-0.22199183042492276
2017-09-25 14:30:00+00:00,10:30,,,19,,
2017-09-26 13:00:00+00:00,09:00,-0.4319884212458929,5.917981351536595,40,1.0325814814464693,-0.07299590782484094
2017-09-26 14:00:00+00:00,10:00,3.893683135974983,9.965626882975661,243,1.9397236056278082,0.3907113101561714
2017-09-27 11:00:00+00:00,07:00,0.003933573542435537,5.482431006423192,81,1.528932088986578,0.0007174871034085024
2017-09-27 12:30:00+00:00,08:30,2.3136375841689865,4.72915772901953,225,1.6211309628397936,0.48922825516514545
2017-09-27 14:00:00+00:00,10:00,-2.3811489106036543,14.871770205545138,244,1.6441332085775464,-0.16011200265290618
2017-09-28 12:30:00+00:00,08:30,-1.3466528586872135,7.126449159087485,226,1.3600501273388113,-0.18896547616143342
2017-09-28 13:45:00+00:00,09:45,6.850451920869363,15.563627073517281,170,2.2490169349456055,0.440157804380056
2017-09-28 15:00:00+00:00,11:00,,,20,,
2017-09-29 12:30:00+00:00,08:30,2.261660002189988,7.336923766984344,226,2.933487939072193,0.3082572579488019
2017-09-29 13:45:00+00:00,09:45,2.4528141967183625,10.405030359948418,170,1.4444820298886398,0.23573349734373308
2017-09-29 14:00:00+00:00,10:00,-3.7285595141297403,18.520348873555328,245,3.194100296823794,-0.20132231523206578
2017-10-02 13:45:00+00:00,09:45,-3.101014277203698,18.174718110794714,170,2.034742420882907,-0.1706224139653576
2017-10-02 14:00:00+00:00,10:00,-1.8846696837506705,13.964970915339212,245,1.0083398152869505,-0.13495693583439816
2017-10-04 11:00:00+00:00,07:00,-0.12465139064174204,5.583206397660362,81,1.6053233532454583,-0.02232612978341211
2017-10-04 12:15:00+00:00,08:15,,,21,,
2017-10-04 13:45:00+00:00,09:45,3.7051965536691993,13.640724828070224,170,1.9582241973071148,0.2716275418183463
2017-10-04 14:00:00+00:00,10:00,0.7200106419059951,12.994601881735958,246,2.314759659207958,0.05540844178673739
2017-10-05 11:30:00+00:00,07:30,,,21,,
2017-10-05 12:30:00+00:00,08:30,1.636188153972451,4.696023404339287,226,1.5073724376804059,0.34841993173640423
2017-10-05 13:45:00+00:00,09:45,8.073542220095563,14.78158762186097,170,2.069770299249811,0.5461891122003254
2017-10-05 14:00:00+00:00,10:00,2.2701317600326556,10.92303591655655,246,1.6241718555091895,0.207829744164048
2017-10-06 12:30:00+00:00,08:30,-0.6736790311715763,6.634938406903179,226,2.186071537601012,-0.10153508440570624
2017-10-06 14:00:00+00:00,10:00,0.5188421930872276,11.321093365768833,246,2.8179592914937843,0.045829689441130424
2017-10-06 19:00:00+00:00,15:00,,,21,,
2017-10-10 10:00:00+00:00,06:00,,,18,,
2017-10-11 11:00:00+00:00,07:00,2.715177648522678,6.90874392739059,82,2.936535610950266,0.3930059757690558
2017-10-11 14:00:00+00:00,10:00,0.8455862968405619,13.038688149141457,248,2.241543031961491,0.06485209916583826
2017-10-11 18:00:00+00:00,14:00,-4.391308003232303,18.067214610450073,42,2.9605370609512156,-0.2430539570107487
2017-10-12 12:30:00+00:00,08:30,-1.4028371925404404,9.15302358177305,228,2.2163180292585065,-0.15326489438244123
2017-10-12 13:45:00+00:00,09:45,8.483082585736604,14.159969531672491,171,2.628902251700352,0.5990890423006887
2017-10-13 12:30:00+00:00,08:30,-1.4154131958239478,11.848825817200268,228,1.9508590993312742,-0.11945598810046416
2017-10-13 14:00:00+00:00,10:00,-0.7201453926517984,30.10381144143181,249,2.6250065275882806,-0.02392206694666789
2017-10-16 12:30:00+00:00,08:30,3.5977277889013926,5.7559949366152745,229,1.7013181804717799,0.6250401239958321
2017-10-17 12:30:00+00:00,08:30,-0.08512513999689827,10.995720255217341,229,1.1564007300390904,-0.007741661120971806
2017-10-17 13:15:00+00:00,09:15,,,14,,
2017-10-17 14:00:00+00:00,10:00,-1.9677965766223315,14.180207082984243,250,3.33748114047554,-0.13877065159250174
2017-10-17 20:00:00+00:00,16:00,,,17,,
2017-10-18 11:00:00+00:00,07:00,0.10137904168741739,5.537211521382594,83,1.2622238489573303,0.018308681417701003
2017-10-18 12:30:00+00:00,08:30,2.6128204687768726,5.302625713072664,230,0.7856759385931845,0.4927408816231243
2017-10-19 12:30:00+00:00,08:30,0.7773586617175089,5.2167651012410055,231,1.400202601364522,0.14901162820855873
2017-10-19 13:45:00+00:00,09:45,11.310116626776876,26.03430501102181,173,1.964803822218223,0.4344312867959662
2017-10-19 14:00:00+00:00,10:00,1.0873712484001719,12.861626635873725,251,2.0553423640281947,0.08454383564262934
2017-10-20 14:00:00+00:00,10:00,6.738277889417097,6.74984083248604,252,2.0462325877534746,0.9982869310023887
2017-10-20 18:00:00+00:00,14:00,8.652033337783825,13.504356103106822,42,2.247854399135005,0.6406846258884814
2017-10-23 12:30:00+00:00,08:30,-1.3780862169992512,10.090935895079593,232,2.7121068684167593,-0.13656673982749362
2017-10-24 13:45:00+00:00,09:45,1.5001460160351974,19.72619163490389,175,1.6003833501026543,0.07604843569403488
2017-10-24 14:00:00+00:00,10:00,-0.5400882108242485,15.628244839657029,253,2.3630400709707926,-0.03455846874460031
2017-10-25 11:00:00+00:00,07:00,-1.3654915507039083,5.897489064323566,84,2.6995597361590034,-0.2315377842689613
2017-10-25 12:30:00+00:00,08:30,-2.1842309106590285,6.820952890832238,232,2.332852687584856,-0.3202237202949698
2017-10-25 13:00:00+00:00,09:00,-2.9257441313991586,4.161059322962403,42,2.078748668421824,-0.7031248305578637
2017-10-25 14:00:00+00:00,10:00,0.2037744106273962,10.497734153210887,254,1.4919262004585696,0.019411275581318544
2017-10-26 12:30:00+00:00,08:30,-1.33188654002576,12.367679042676558,233,4.225837541768406,-0.10769090428607363
2017-10-26 13:45:00+00:00,09:45,-4.06093116236503,15.783432516503732,177,1.1993437244317706,-0.25729074826523146
2017-10-26 14:00:00+00:00,10:00,-3.2876208068033215,13.479192021658921,255,1.3704134529689977,-0.24390340322481027
2017-10-26 15:00:00+00:00,11:00,,,21,,
2017-10-27 12:30:00+00:00,08:30,1.7473713823354684,10.657071233235316,234,2.035968610571483,0.1639635641062516
2017-10-27 14:00:00+00:00,10:00,-1.1609692885645333,16.493201024068636,256,2.2450244757372175,-0.07039078022940018
2017-10-30 12:30:00+00:00,08:30,-1.2868832086561741,6.673651256555748,234,1.745537345251534,-0.19283045505142726
2017-10-30 14:30:00+00:00,10:30,,,20,,
2017-10-31 12:30:00+00:00,08:30,-2.477017147568448,6.704189761369618,234,1.999358045530247,-0.36947300654306225
2017-10-31 13:00:00+00:00,09:00,-2.069840632346462,5.147047041105446,42,2.2253584095299557,-0.40214138627765805
2017-10-31 13:45:00+00:00,09:45,-5.006432817693389,13.749367490789904,177,0.967646941181915,-0.36412095473097056
2017-10-31 14:00:00+00:00,10:00,-4.11674153476025,7.974676898197328,256,1.6866919117678263,-0.5162267496619001
2017-11-01 11:00:00+00:00,07:00,-0.22777904950730032,4.328472524352295,85,2.173503051975793,-0.05262342505948673
2017-11-01 12:15:00+00:00,08:15,,,22,,
2017-11-01 13:45:00+00:00,09:45,-1.7231021218606624,14.728611050914616,177,1.0243032270278865,-0.11699013002001037
2017-11-01 14:00:00+00:00,10:00,-2.679838692956115,14.931242433396308,257,1.1239769029606486,-0.17947861371282753
2017-11-01 18:00:00+00:00,14:00,-0.5640340827281403,17.840277176889145,43,2.841253905446466,-0.03161576903406006
2017-11-02 11:30:00+00:00,07:30,,,22,,
2017-11-02 12:30:00+00:00,08:30,1.519459546953365,4.7992206211368345,235,2.206854951852228,0.3166054797025432
2017-11-02 13:45:00+00:00,09:45,6.618711346532184,26.067430629054964,178,2.9336574470744963,0.25390731601889893
2017-11-03 12:30:00+00:00,08:30,-4.029303153800565,5.915523171994357,236,2.0348029727866446,-0.6811406255454033
2017-11-03 13:45:00+00:00,09:45,-2.2477699264590703,14.725477626161217,178,0.9151883308134674,-0.15264495886134738
2017-11-03 14:00:00+00:00,10:00,3.330963955743366,8.306384361662301,258,1.385889063302985,0.40101249962826935
2017-11-07 15:00:00+00:00,10:00,0.5259648784907736,10.074926195803428,259,1.2885121874681946,0.05220533314773631
2017-11-07 20:00:00+00:00,15:00,,,22,,
2017-11-08 12:00:00+00:00,07:00,0.6234393708358914,6.233230453742515,86,1.9577353016469887,0.10001866214677976
2017-11-09 13:30:00+00:00,08:30,3.1634117295820534,9.814498561732641,240,1.9790245608875157,0.32232026014211246
2017-11-09 14:45:00+00:00,09:45,3.1890617337419407,21.408582472258185,179,2.3509605745675985,0.1489618351833622
2017-11-09 15:00:00+00:00,10:00,-0.7248457481900967,17.011459890428043,260,1.995014569433364,-0.04260926180697465
2017-11-10 15:00:00+00:00,10:00,3.614261966672825,10.23004641565855,261,2.1921744865750674,0.35329868700699923
2017-11-13 19:00:00+00:00,14:00,-6.117248387712045,18.49612563529677,44,2.742945786507556,-0.3307313384614071
2017-11-14 11:00:00+00:00,06:00,,,19,,
2017-11-14 13:30:00+00:00,08:30,-1.139909971625296,5.423870891530991,241,1.7946487425674087,-0.210165395604307
2017-11-15 12:00:00+00:00,07:00,2.4422314924882125,7.161855879722656,87,1.9847536596039392,0.34100539490090775
2017-11-15 13:30:00+00:00,08:30,1.550496123858384,5.618826676821696,242,1.5006474774353373,0.27594660113905245
2017-11-15 15:00:00+00:00,10:00,-1.665556840576424,6.922987673648036,263,1.6589568596097113,-0.2405835340305852
2017-11-15 21:00:00+00:00,16:00,,,18,,
2017-11-16 13:30:00+00:00,08:30,2.6513500185108794,9.816679671923653,243,2.0617559809238077,0.27008623150798267
2017-11-16 14:15:00+00:00,09:15,,,15,,
2017-11-16 14:45:00+00:00,09:45,-3.7009122967408494,13.382358600587201,181,1.2836811120733695,-0.27655157115416545
2017-11-16 15:00:00+00:00,10:00,2.9958121860029316,18.282105121696116,264,2.1559365981963663,0.16386582212831058
2017-11-17 13:30:00+00:00,08:30,-1.4650835378540292,6.003238661599711,244,1.4653914876466432,-0.24404885769835805
2017-11-17 15:00:00+00:00,10:00,6.114742101959797,21.125921298378756,265,2.922135808682771,0.28944262432848566
2017-11-17 16:00:00+00:00,11:00,,,22,,
2017-11-20 15:00:00+00:00,10:00,-0.493344074946644,7.107701728905925,265,1.6192630736354443,-0.06940978867195423
2017-11-21 13:30:00+00:00,08:30,-1.8231308175530163,8.688312749507814,246,2.4974861199413523,-0.20983715367017552
2017-11-21 15:00:00+00:00,10:00,-4.484458928393028,16.26778797599387,266,1.1651252602690456,-0.27566494811775744
2017-11-22 12:00:00+00:00,07:00,0.6032694935904752,7.745883587510972,88,2.810445482374956,0.07788259231821572
2017-11-22 13:30:00+00:00,08:30,-1.5583578134118672,5.911044585721986,246,1.2130136880504665,-0.26363492794083304
2017-11-22 14:45:00+00:00,09:45,-4.857706810257835,12.696348605098358,183,1.0928005191096841,-0.3826066029966419
2017-11-22 15:00:00+00:00,10:00,-2.104288370854815,8.136048767218913,267,1.7881043498730222,-0.25863763001682555
2017-11-22 19:00:00+00:00,14:00,-7.7605984712582545,20.433051937314847,45,2.426426406332663,-0.37980613444660444
2017-11-24 14:45:00+00:00,09:45,8.172344132865593,31.695273888357733,185,2.912646651979958,0.25784109522610715
2017-11-27 15:00:00+00:00,10:00,-0.32980519219351984,11.464817992555668,268,0.731252380451482,-0.028766718530348134
2017-11-27 15:30:00+00:00,10:30,,,21,,
2017-11-28 13:30:00+00:00,08:30,0.6041366725996675,4.763500942089398,248,2.7791007299622517,0.12682618938134965
2017-11-28 14:00:00+00:00,09:00,-1.1078452891648065,4.410296761580247,44,1.2446895027195792,-0.25119518006490255
2017-11-28 15:00:00+00:00,10:00,-7.022171311528883,17.606771156336183,269,2.0840860932774414,-0.39883356517653157
2017-11-29 12:00:00+00:00,07:00,0.5070450252690929,3.597568890154938,89,2.6296681529061727,0.14094101899109313
2017-11-29 13:30:00+00:00,08:30,-0.008808801040678854,9.889421040284907,248,2.8422903393659222,-0.0008907297004340184
2017-11-29 15:00:00+00:00,10:00,0.8343548197347361,7.8493047408828245,269,1.600816348370671,0.10629665266899739
2017-11-30 13:30:00+00:00,08:30,-1.6795535367627212,8.508787906909115,249,1.542555545954599,-0.19739045738805264
2017-11-30 14:45:00+00:00,09:45,2.8103864546876887,19.012090570705205,186,1.7939687418763013,0.14782101127890032
2017-12-01 14:45:00+00:00,09:45,5.30117553151339,18.878970382014785,186,1.1631432871114455,0.280797915577197
2017-12-01 15:00:00+00:00,10:00,-1.151384670593201,10.749436332711946,271,1.630506107499504,-0.10711116703760422
2017-12-04 15:00:00+00:00,10:00,-1.4757759704920608,8.502325850029147,271,1.9014483383580065,-0.17357320767552112
2017-12-05 13:30:00+00:00,08:30,-2.021816726859666,8.090454816022945,250,2.048073564447621,-0.2499014916757842
2017-12-05 14:45:00+00:00,09:45,-0.28150271247974257,14.314387951133794,186,0.8218298212386521,-0.019665717698914658
2017-12-05 15:00:00+00:00,10:00,-2.0894235599076714,10.76807852436226,271,1.4616618556041379,-0.19403866299641584
2017-12-06 12:00:00+00:00,07:00,-0.6506416705988506,4.733629106315531,90,1.796267507803605,-0.13745091894309486
2017-12-06 13:15:00+00:00,08:15,,,23,,
2017-12-06 13:30:00+00:00,08:30,-0.7851602723702856,6.01688394099698,251,0.9718170915809142,-0.13049283982701965
2017-12-07 12:30:00+00:00,07:30,,,23,,
2017-12-07 13:30:00+00:00,08:30,2.1363273416576876,10.338379465326582,252,2.088994246752431,0.20664044580899918
2017-12-07 14:45:00+00:00,09:45,1.6920056978535156,19.55520141867227,187,0.8999487849466191,0.08652458553752893
2017-12-07 17:00:00+00:00,12:00,,,6,,
2017-12-07 20:00:00+00:00,15:00,,,23,,
2017-12-08 13:30:00+00:00,08:30,-1.4085109600064316,6.413736513808919,253,2.0061199401928755,-0.21960848515898274
2017-12-08 15:00:00+00:00,10:00,1.2391611466319623,12.896718915748185,274,2.2549573845932085,0.09608344220938417
2017-12-11 15:00:00+00:00,10:00,1.2588362181007255,11.975002320885858,275,1.31810530894273,0.10512200201457685
2017-12-12 11:00:00+00:00,06:00,,,20,,
2017-12-12 13:30:00+00:00,08:30,1.2500088548628945,7.787243583584263,254,2.3351697525968533,0.16052006611144792
2017-12-12 19:00:00+00:00,14:00,2.5268966334864884,7.285654802344736,46,2.426868457457968,0.34683178136208975
2017-12-13 12:00:00+00:00,07:00,1.16543589787999,3.7197587863059454,91,2.861232293020582,0.3133095355995845
2017-12-13 13:30:00+00:00,08:30,-0.896134012015971,9.57856564464513,255,1.8891321638723406,-0.09355618004423785
2017-12-13 19:00:00+00:00,14:00,-5.323100690751141,16.51719161245136,47,3.5977567076154116,-0.32227637819121513
2017-12-14 13:30:00+00:00,08:30,1.3375193866632098,7.598180338471425,255,5.656854249492378,0.1760315400637473
2017-12-14 14:45:00+00:00,09:45,0.4696598439900048,13.187959091343258,188,5.656854249492379,0.03561277683203427
2017-12-14 15:00:00+00:00,10:00,1.1970722599052088,12.864262955470904,277,5.656854249492378,0.09305408821701043
2017-12-15 13:30:00+00:00,08:30,1.3375193866632098,7.598180338471425,255,5.656854249492378,0.1760315400637473
2017-12-15 14:15:00+00:00,09:15,,,16,,
2017-12-15 21:00:00+00:00,16:00,,,19,,
2017-12-18 15:00:00+00:00,10:00,-5.393638461293255,19.408988363620686,278,1.6062295162291211,-0.2778938479556638
2017-12-19 13:30:00+00:00,08:30,0.8216030243245293,7.485269186528552,256,1.4671028207390964,0.1097626556708463
2017-12-20 12:00:00+00:00,07:00,-0.4393840306036622,4.385588409822158,92,1.073710527489139,-0.10018815938577325
2017-12-20 15:00:00+00:00,10:00,0.6691031169898927,13.190853825031793,280,1.4787506365955583,0.05072477686926987
2017-12-21 13:30:00+00:00,08:30,-1.7656759984406951,7.184264922473471,258,1.7229807040820109,-0.2457698898209325
2017-12-21 14:00:00+00:00,09:00,-0.4607204756291056,4.837588302675647,45,1.8371736007966148,-0.09523763635989513
2017-12-21 14:45:00+00:00,09:45,-2.2496667894547606,22.845167937635637,190,2.4367473286361134,-0.09847451310474324
2017-12-21 15:00:00+00:00,10:00,-1.2515951633703464,17.897855170571223,280,2.7581986303157753,-0.06992989670786351
2017-12-22 13:30:00+00:00,08:30,3.466546951201365,6.078485864625969,258,1.7247975304062326,0.5702977729001718
2017-12-22 15:00:00+00:00,10:00,6.783071240767725,17.71393994220629,281,2.9110083591835654,0.382922786398636
2017-12-22 16:00:00+00:00,11:00,,,23,,
2017-12-26 14:00:00+00:00,09:00,-1.4620919859089199,4.670934933487084,45,2.936971592540959,-0.3130191293025347
2017-12-26 15:00:00+00:00,10:00,-6.531716757956729,17.808028889078834,283,1.999305884856867,-0.3667849372123631
2017-12-26 15:30:00+00:00,10:30,,,22,,
2017-12-27 15:00:00+00:00,10:00,-2.0569974187470383,10.421218122135441,283,1.86640880902382,-0.197385506630729
2017-12-28 13:30:00+00:00,08:30,-1.7176982045882092,9.412476095531002,261,2.7134761811280304,-0.18249164057943945
2017-12-28 14:45:00+00:00,09:45,-3.506765421107499,13.270220198140356,193,1.6670377928734346,-0.2642582691731766
2018-01-02 14:45:00+00:00,09:45,-7.98448162140612,28.252086243791403,193,1.3951581893328302,-0.2826156465935597
2018-01-03 12:00:00+00:00,07:00,-0.06481480980725451,4.56647324122854,94,2.0463364825108545,-0.014193625229656899
2018-01-03 15:00:00+00:00,10:00,0.3339609694558171,10.07535893662389,285,1.343640191307317,0.03314630987903273
2018-01-03 19:00:00+00:00,14:00,3.248200535988003,11.587909422449423,49,1.719543907475243,0.28030945165097837
2018-01-04 12:30:00+00:00,07:30,,,24,,
2018-01-04 13:15:00+00:00,08:15,,,24,,
2018-01-04 13:30:00+00:00,08:30,3.140294489966014,5.008759761496934,264,1.2354491409006838,0.626960493115664
2018-01-04 14:45:00+00:00,09:45,5.387297545351644,15.911597936957241,193,2.0338959128970835,0.33857677693318156
2018-01-05 13:30:00+00:00,08:30,1.2387450603912697,22.18026536750421,264,1.9832624008433057,0.05584897384528709
2018-01-05 15:00:00+00:00,10:00,-7.746043735513675,25.07616847055309,285,2.8188706382645172,-0.30890060994006496
2018-01-08 20:00:00+00:00,15:00,,,24,,
2018-01-09 11:00:00+00:00,06:00,,,21,,
2018-01-09 15:00:00+00:00,10:00,-3.6981470935952228,18.714750115066828,286,2.473863267035916,-0.19760600974404285
2018-01-10 12:00:00+00:00,07:00,1.5354673426437493,5.210269791492127,95,3.380350091991145,0.2947001602778844
2018-01-10 13:30:00+00:00,08:30,1.8273632699869111,4.478151440437328,265,1.061087550384825,0.40806196357853725
2018-01-10 15:00:00+00:00,10:00,-0.4204162933476228,15.503837174304905,287,1.4717364466526357,-0.02711691877443054
2018-01-11 13:30:00+00:00,08:30,0.5411413070353954,7.800258519267786,266,2.701315070560179,0.06937479132245385
2018-01-11 14:45:00+00:00,09:45,6.738738629615639,15.362177454098195,194,1.8132415841749872,0.4386577781535738
2018-01-11 19:00:00+00:00,14:00,6.5047322496362945,9.34493736109777,49,2.546834222842606,0.6960701819912648
2018-01-12 13:30:00+00:00,08:30,0.5457919809706343,7.202296721314085,267,2.1843609795839063,0.07578026872392624
2018-01-12 15:00:00+00:00,10:00,-3.56571374208392,13.751300982607075,289,1.009086566333885,-0.2593001016117607
2018-01-16 13:30:00+00:00,08:30,-0.5673243931550261,6.915999504857466,267,2.6861152235261767,-0.0820307162770276
2018-01-17 12:00:00+00:00,07:00,-1.263170475643971,5.731548046040506,95,2.3498574258487013,-0.22038905815621668
2018-01-17 14:15:00+00:00,09:15,,,16,,
2018-01-17 15:00:00+00:00,10:00,-2.702759151043618,11.270398608248678,291,1.6522057316267784,-0.23981043128904944
2018-01-17 21:00:00+00:00,16:00,,,19,,
2018-01-18 13:30:00+00:00,08:30,1.2473574192707502,5.231857307418883,268,1.8418891416208154,0.23841579499921975
2018-01-18 14:45:00+00:00,09:45,6.350856126438944,20.086196048081625,195,2.4373224243882623,0.3161801324270902
2018-01-19 15:00:00+00:00,10:00,-3.170755962125122,11.29132115166805,291,2.0170334214602677,-0.2808135487012262
2018-01-22 13:30:00+00:00,08:30,1.8928313763752462,5.5691110309742795,268,1.9569998072206245,0.33988034460934563
2018-01-23 15:00:00+00:00,10:00,-4.199960301837094,12.950512692148665,291,1.920137461863943,-0.32430841941750677
2018-01-24 12:00:00+00:00,07:00,0.07405467138040196,5.663448075030218,96,2.8950196909845842,0.013075898357204737
2018-01-24 14:00:00+00:00,09:00,1.0515931882274665,5.658881984402812,47,2.3383481637529426,0.1858305564819872
2018-01-24 14:45:00+00:00,09:45,-2.6940705259620756,22.296385145182672,196,1.8118694795553156,-0.12082992415226344
2018-01-24 15:00:00+00:00,10:00,-2.0970587309398185,8.610302589277918,292,1.2613697145037583,-0.2435522688309707
2018-01-25 13:30:00+00:00,08:30,0.7867045313188146,6.1220338688346905,269,2.5561082618540665,0.12850378618838992
2018-01-25 14:45:00+00:00,09:45,-4.002056217461656,13.903602295151336,197,2.731296364819263,-0.2878431166617382
2018-01-25 15:00:00+00:00,10:00,-1.172849831414681,11.131466525281429,292,2.0180782677869624,-0.10536346030875106
2018-01-25 16:00:00+00:00,11:00,,,24,,
2018-01-26 13:30:00+00:00,08:30,2.6610972247538527,18.82353558541995,270,1.5981059692820165,0.14137074369891728
2018-01-29 13:30:00+00:00,08:30,-0.1632474111602502,6.638518972090209,270,3.2887302057459227,-0.024590938407584306
2018-01-29 15:30:00+00:00,10:30,,,23,,
2018-01-30 14:00:00+00:00,09:00,-4.603013742504982,5.581856114924349,47,1.7593928643897667,-0.8246385517171946
2018-01-30 15:00:00+00:00,10:00,-4.21663044986068,15.565371713423966,294,1.4510590447622156,-0.2708981531243582
2018-01-31 12:00:00+00:00,07:00,-0.4293509184704518,5.070560271142774,97,1.9146082134940332,-0.08467524208595732
2018-01-31 13:15:00+00:00,08:15,,,25,,
2018-01-31 13:30:00+00:00,08:30,-1.0726113020308838,6.9815241967829245,271,1.9847083220155899,-0.15363569212080386
2018-01-31 14:45:00+00:00,09:45,11.354907212861457,27.744450700731072,197,2.224903902592028,0.40926768871161157
2018-01-31 15:00:00+00:00,10:00,0.9361931897416984,17.52821264066269,295,1.4847354577490175,0.05341064767607153
2018-01-31 19:00:00+00:00,14:00,5.092248701455288,8.383644157688344,50,3.689588887194303,0.6074027720732119
2018-02-01 12:30:00+00:00,07:30,,,25,,
2018-02-01 13:30:00+00:00,08:30,0.0629735340304451,8.499759282678765,272,0.9045897660696558,0.007408860879010506
2018-02-01 14:45:00+00:00,09:45,-5.863894906917526,13.998244260885002,198,0.8591673920940452,-0.41890217070314195
2018-02-01 15:00:00+00:00,10:00,-0.29600395703869,9.501811280199625,295,1.201684205615036,-0.031152371722591315
2018-02-02 13:30:00+00:00,08:30,0.4095874359854898,5.525083175322194,273,2.943139379164815,0.07413235656160141
2018-02-02 15:00:00+00:00,10:00,-5.082876175170521,22.50601520545681,296,2.373371799674026,-0.22584522976497978
2018-02-05 14:45:00+00:00,09:45,3.292627334595193,10.38386440632931,198,1.465984979144944,0.3170907482755868
2018-02-05 15:00:00+00:00,10:00,-0.9876376507704743,7.60833649574978,296,2.1295947507009,-0.12980993300206886
2018-02-06 13:30:00+00:00,08:30,-0.023310001219217613,7.542173566923261,274,1.153393417867986,-0.003090621160118256
2018-02-06 15:00:00+00:00,10:00,1.5424835790728801,10.039992166292906,296,1.0894030104573575,0.1536339424896599
2018-02-07 12:00:00+00:00,07:00,-1.4217977798576804,3.7955768684139626,98,1.311494927332716,-0.3745933303813708
2018-02-07 20:00:00+00:00,15:00,,,25,,
2018-02-08 13:30:00+00:00,08:30,0.45521622764459574,6.65880278111096,275,1.459675773774651,0.06836307405528042
2018-02-08 14:45:00+00:00,09:45,-1.7902362402495695,15.579496239347828,199,0.7060233168320941,-0.1149097642661975
2018-02-08 15:00:00+00:00,10:00,0.05161425096944816,11.598994694381227,297,1.946396010980437,0.004449890040423165
2018-02-09 15:00:00+00:00,10:00,2.5464614281674733,19.70293042114774,298,2.639416904811108,0.12924277626409728
2018-02-12 19:00:00+00:00,14:00,-4.32991898316716,14.928157047179972,51,1.7027013994951874,-0.290050471031527
2018-02-13 11:00:00+00:00,06:00,,,22,,
2018-02-14 12:00:00+00:00,07:00,1.43317020579786,3.248778521088911,99,2.601565760641943,0.4411412463160143
2018-02-14 13:30:00+00:00,08:30,-0.021931217724492552,21.058155192328492,276,1.3720354440292417,-0.0010414595924567085
2018-02-14 15:00:00+00:00,10:00,7.560083320323949,18.70719577770796,300,2.1399455791708117,0.4041270220378388
2018-02-14 20:00:00+00:00,15:00,,,25,,
2018-02-15 13:30:00+00:00,08:30,-2.7500988710285386,7.712485285378721,277,2.981683196078303,-0.35657751934284504
2018-02-15 14:15:00+00:00,09:15,,,17,,
2018-02-15 15:00:00+00:00,10:00,2.0335836423001337,8.647389207066597,301,2.157715449495321,0.23516735440082895
2018-02-15 21:00:00+00:00,16:00,,,20,,
2018-02-16 13:30:00+00:00,08:30,-2.1395207240864997,4.236266712229413,278,1.8541501499892261,-0.5050486358448706
2018-02-16 15:00:00+00:00,10:00,-0.5018798026142011,20.76594076274043,301,2.272703899939038,-0.024168411551799555
2018-02-21 12:00:00+00:00,07:00,-1.2047154517714516,4.190065860376558,100,1.7521942372752561,-0.2875170682074159
2018-02-21 14:45:00+00:00,09:45,-7.0851684304157105,13.41940690892119,202,0.5901822615810739,-0.5279792526229686
2018-02-21 15:00:00+00:00,10:00,-7.08045043957698,19.66875404082569,303,1.42156933862839,-0.35998469577078224
2018-02-21 18:00:00+00:00,13:00,,,0,,
2018-02-21 19:00:00+00:00,14:00,-7.969794788395747,18.979970142353086,52,3.4416273618158075,-0.4199055493038659
2018-02-22 13:30:00+00:00,08:30,-0.6337804994481644,6.348454963475498,281,3.1415532135368673,-0.0998322431354538
2018-02-22 15:00:00+00:00,10:00,-3.3747710720608866,15.886289466699857,304,1.659372579242647,-0.2124329333879339
2018-02-22 16:00:00+00:00,11:00,,,25,,
2018-02-26 13:30:00+00:00,08:30,-2.6770152006892602,9.546345432946136,282,1.3279423484823167,-0.28042303931831386
2018-02-26 15:00:00+00:00,10:00,-5.397260371346854,19.02633419005104,306,1.447290697821433,-0.28367316149471966
2018-02-26 15:30:00+00:00,10:30,,,24,,
2018-02-27 13:30:00+00:00,08:30,2.9319270714692927,18.54927142879562,283,2.8976844848624568,0.1580615757726102
2018-02-27 14:00:00+00:00,09:00,-1.4865270204367063,3.573626508145352,49,2.510751671841969,-0.41597156755146947
2018-02-27 15:00:00+00:00,10:00,-0.7932719100910713,12.21628560154338,307,2.192382578729916,-0.06493560612162269
2018-02-28 12:00:00+00:00,07:00,-0.5542845299206538,3.8253153981744403,101,1.607874346282529,-0.14489904026872547
2018-02-28 13:30:00+00:00,08:30,-0.2622598538557347,4.994831408460591,283,2.8412256668970244,-0.052506247440404254
2018-02-28 14:45:00+00:00,09:45,7.215991495147841,21.291857396323074,204,2.3844296536590606,0.3389085020076258
2018-02-28 15:00:00+00:00,10:00,-7.110993026104223,14.425634201574896,307,1.4559812448696108,-0.49294144900249115
2018-03-01 13:30:00+00:00,08:30,-0.2257415711617888,5.745875831874638,284,3.823899936111043,-0.03928758256652734
2018-03-01 14:45:00+00:00,09:45,1.5438400661557812,17.161959929562606,205,1.0665878156573165,0.08995709537209763
2018-03-01 15:00:00+00:00,10:00,-0.3461902496275366,12.056808655091848,308,1.5469560490473067,-0.028713257341222966
2018-03-02 15:00:00+00:00,10:00,1.3502526223099631,12.42848647464584,309,2.1943755932519178,0.1086417581951337
2018-03-05 14:45:00+00:00,09:45,6.826327983645188,15.063193333025398,205,1.2236042032350778,0.4531793380543526
2018-03-05 15:00:00+00:00,10:00,-4.3486210695227125,19.038941466486925,309,1.9163703602455766,-0.22840666206035257
2018-03-06 15:00:00+00:00,10:00,-0.6071583875341795,12.15880728163736,309,1.4956452841276495,-0.04993568640989405
2018-03-07 12:00:00+00:00,07:00,1.6571657976297165,7.28760984690135,102,3.209838535851258,0.22739496658624417
2018-03-07 13:15:00+00:00,08:15,,,26,,
2018-03-07 13:30:00+00:00,08:30,0.004742523382339325,6.048855854456314,285,1.2642883045722528,0.000784036435393879
2018-03-07 20:00:00+00:00,15:00,,,27,,
2018-03-08 12:30:00+00:00,07:30,,,26,,
2018-03-08 13:30:00+00:00,08:30,-1.8827442578141163,5.6977053059579985,286,2.5817330569714403,-0.3304390375973571
2018-03-08 14:45:00+00:00,09:45,-5.258581789061091,21.65997564105458,205,1.490180241141721,-0.24277874897947305
2018-03-08 17:00:00+00:00,12:00,,,7,,
2018-03-09 13:30:00+00:00,08:30,-1.9347459859476106,12.093152148331678,287,2.2137383085064224,-0.15998690516884967
2018-03-09 15:00:00+00:00,10:00,0.4172209801478983,15.460044728264673,312,2.3171974252897294,0.0269870487104813
2018-03-12 18:00:00+00:00,14:00,1.1984068359985631,9.047556498102,53,1.9822307516917015,0.13245640811969125
2018-03-13 10:00:00+00:00,06:00,,,23,,
2018-03-13 12:30:00+00:00,08:30,-1.572318072786615,12.24700409152206,287,2.6092325449406406,-0.12838389381081747
2018-03-14 11:00:00+00:00,07:00,0.31811027253890767,4.069264343449914,103,1.8607542989597075,0.07817390213318372
2018-03-14 12:30:00+00:00,08:30,-2.462221036899186,6.933028283063459,287,2.702607025425078,-0.35514365964928934
2018-03-14 14:00:00+00:00,10:00,-1.9718042842672416,11.390942571096213,313,1.1849124548073549,-0.1731028202416338
2018-03-15 12:30:00+00:00,08:30,2.3779892933240507,8.055203153138445,288,2.71766239621345,0.29521158537107106
2018-03-15 13:45:00+00:00,09:45,2.3387640392594626,17.57323017342469,206,0.9545684112047239,0.13308674706806517
2018-03-15 14:00:00+00:00,10:00,0.24897202711980926,12.616442382808096,314,1.5058748330996912,0.019733932876281602
2018-03-15 20:00:00+00:00,16:00,,,21,,
2018-03-16 12:30:00+00:00,08:30,1.5903919623306093,8.614746957130224,288,5.656854249492378,0.18461273096527567
2018-03-16 13:15:00+00:00,09:15,,,18,,
2018-03-16 14:00:00+00:00,10:00,3.4116731445447153,11.402331924807179,314,5.656854249492378,0.29920836957238545
2018-03-21 11:00:00+00:00,07:00,1.6496750587472322,6.115089964527405,104,1.783807093771324,0.26977118379561316
2018-03-21 12:30:00+00:00,08:30,0.5582477202205778,7.077437541704117,291,2.1346091981981425,0.07887709597309452
2018-03-21 14:00:00+00:00,10:00,-1.8278892005410605,14.207618802505493,317,1.6691952299989046,-0.12865556332484898
2018-03-21 18:00:00+00:00,14:00,-5.545149186684145,16.89924589094301,54,1.8373568565532117,-0.3281299782528175
2018-03-22 12:30:00+00:00,08:30,1.9838855620864542,5.840601327662651,292,2.485300532840201,0.33967145689096107
2018-03-22 13:00:00+00:00,09:00,-4.424046833525779,5.035244438552743,50,1.3355358503337615,-0.8786161004722468
2018-03-22 13:45:00+00:00,09:45,3.8351438148901282,17.488389755811134,208,2.376607899496372,0.21929656580393667
2018-03-22 14:00:00+00:00,10:00,-3.7023007730731843,17.98501326566025,318,2.5797935353139834,-0.20585477021260729
2018-03-22 15:00:00+00:00,11:00,,,26,,
2018-03-23 12:30:00+00:00,08:30,2.5848316414050094,7.522148847667849,292,1.7503176615667475,0.3436294194319759
2018-03-23 14:00:00+00:00,10:00,1.9401951458155353,21.288041669647246,319,1.9123881607476407,0.09114014224154257
2018-03-26 12:30:00+00:00,08:30,-1.8260378796595513,9.12541130928287,292,1.4501315872947915,-0.20010472051840617
2018-03-26 14:30:00+00:00,10:30,,,25,,
2018-03-27 13:00:00+00:00,09:00,-4.324417775650473,5.653124475871269,50,1.8897630664828045,-0.7649606503638834
2018-03-27 14:00:00+00:00,10:00,-1.6302895855381812,13.665651437221449,321,1.8153600470162183,-0.11929834395583397
2018-03-28 11:00:00+00:00,07:00,-1.3570572844725541,4.012674955335789,105,1.1796798210054065,-0.3381926768496485
2018-03-28 12:30:00+00:00,08:30,0.14296006430136862,6.681204372363889,293,2.6638418294814783,0.021397349389985457
2018-03-28 14:00:00+00:00,10:00,-5.519035856145658,31.098782715980192,321,2.0009003750613097,-0.17746790626983888
2018-03-29 12:30:00+00:00,08:30,-2.7778097399487893,5.060934879201834,294,2.4145565089984764,-0.5488728478535335
2018-03-29 13:45:00+00:00,09:45,-2.1854744580236427,11.498925652671925,210,1.2113342687094348,-0.19005901281880358
2018-03-29 14:00:00+00:00,10:00,-1.9018808732887793,14.178900892383789,321,1.7483596035388642,-0.13413457698335254
2018-04-02 13:45:00+00:00,09:45,4.661485745747612,20.506409986753763,210,1.1551087771553505,0.22731847011537984
2018-04-02 14:00:00+00:00,10:00,-1.057348600701552,20.689866732795046,322,2.1116663853227227,-0.05110465980071164
2018-04-04 11:00:00+00:00,07:00,2.316532952232586,8.355538872324468,106,2.0258868786839224,0.27724518880589427
2018-04-04 12:15:00+00:00,08:15,,,27,,
2018-04-04 13:45:00+00:00,09:45,2.4760390989192604,19.098452898166688,210,1.5488362413213634,0.12964605626023992
2018-04-04 14:00:00+00:00,10:00,-8.977020971568338,35.17654172851526,323,2.169819553049147,-0.25519907672706976
2018-04-05 11:30:00+00:00,07:30,,,27,,
2018-04-05 12:30:00+00:00,08:30,-2.332953894883594,10.25563749873435,298,1.1239917225969367,-0.22748014398632016
2018-04-05 13:45:00+00:00,09:45,4.037282620529717,16.674918528006415,211,1.810863869998171,0.24211708223634706
2018-04-06 12:30:00+00:00,08:30,4.148511800074038,3.4946770599659827,298,0.8610704008752634,1.187094466495402
2018-04-06 19:00:00+00:00,15:00,,,28,,
2018-04-10 10:00:00+00:00,06:00,,,24,,
2018-04-10 12:30:00+00:00,08:30,-3.194350063328282,8.565905742793593,298,2.6150739450992213,-0.3729144540278949
2018-04-10 14:00:00+00:00,10:00,-1.018216641983253,14.043573441397072,324,1.9523487370414294,-0.07250409920467932
2018-04-11 11:00:00+00:00,07:00,0.6160612818422723,3.9817318015644396,107,3.756972261178226,0.15472194325097915
2018-04-11 12:30:00+00:00,08:30,-1.3471051824701514,6.089983951401192,299,2.4384671053062217,-0.2212001202663609
2018-04-11 18:00:00+00:00,14:00,-2.2031625544349036,7.3098402333023875,56,2.755940599064317,-0.3013968136263321
2018-04-12 12:30:00+00:00,08:30,1.0733261007630013,15.087191201976433,300,3.4626827915711798,0.07114154559282014
2018-04-12 13:45:00+00:00,09:45,-0.0022914795003084465,17.62151650925371,212,1.1555180989150162,-0.00013003872277990978
2018-04-13 14:00:00+00:00,10:00,0.871170440752535,8.379877925616169,327,1.1777044391531306,0.10395980090467466
2018-04-16 12:30:00+00:00,08:30,-0.8097886168827849,8.911482458113872,302,1.3101142394606695,-0.0908702475361409
2018-04-16 14:00:00+00:00,10:00,0.7264548506573689,20.909005301534627,327,2.554513373707047,0.034743635107503196
2018-04-16 20:00:00+00:00,16:00,,,22,,
2018-04-17 12:30:00+00:00,08:30,-1.8855819788903123,11.914447017580242,302,2.328427547805175,-0.1582601337777625
2018-04-17 13:15:00+00:00,09:15,,,18,,
2018-04-18 11:00:00+00:00,07:00,0.8047844283972085,7.1310632577487905,108,1.21075774053098,0.11285616174035615
2018-04-19 12:30:00+00:00,08:30,4.339127864068012,24.64164442899912,304,1.5720523478173012,0.17608921663367483
2018-04-19 13:45:00+00:00,09:45,5.686950924621257,14.18324523462848,213,2.2292413442217045,0.40096260274316714
2018-04-19 14:00:00+00:00,10:00,-2.5332068466983353,16.44759073346251,330,2.187220105125392,-0.15401689449534658
2018-04-23 12:30:00+00:00,08:30,0.23367800690191876,7.482012452235101,304,1.7720368090023024,0.031231972466460162
2018-04-23 13:45:00+00:00,09:45,-4.657050777700263,15.22841854053539,214,2.0041084487644873,-0.305813158819086
2018-04-23 14:00:00+00:00,10:00,2.719730232703914,19.367996192584314,331,1.2356006963889472,0.1404239347044716
2018-04-24 13:00:00+00:00,09:00,-3.777077656254482,6.077139001443475,52,1.8101663411963662,-0.6215223405877881
2018-04-24 14:00:00+00:00,10:00,-1.3538714891654826,16.217353379272208,331,2.0972779304446876,-0.08348288758977766
2018-04-25 11:00:00+00:00,07:00,0.0617513582455006,3.8290834795795194,109,1.7337996686077297,0.01612692921813281
2018-04-26 12:30:00+00:00,08:30,-0.15203040641810295,8.894606637815553,305,2.7302715935787982,-0.017092426074441943
2018-04-26 13:45:00+00:00,09:45,1.9732725102347553,17.42797626045067,216,2.798227385086486,0.11322442036558801
2018-04-26 15:00:00+00:00,11:00,,,27,,
2018-04-27 12:30:00+00:00,08:30,2.274896709578048,5.021978326366068,306,2.8051519924443578,0.4529881576020612
2018-04-27 14:00:00+00:00,10:00,2.5696950767957363,7.774396504794529,332,2.2139133771830455,0.33053306133935745
2018-04-30 12:30:00+00:00,08:30,4.285824413026546,24.09785978867952,306,1.8965043316872099,0.1778508320079073
2018-04-30 13:45:00+00:00,09:45,-2.5496146335193446,21.692379052456683,216,1.1268078424596173,-0.1175350397185042
2018-04-30 14:00:00+00:00,10:00,-7.9996752923879075,18.16567031742881,332,1.6215572454812406,-0.4403732508958244
2018-04-30 14:30:00+00:00,10:30,,,26,,
2018-05-01 13:45:00+00:00,09:45,-6.555402736515706,12.366374770478005,216,0.6208204696059114,-0.5300989868239547
2018-05-01 14:00:00+00:00,10:00,-4.857833093316029,16.244894883807927,333,1.588185818093151,-0.2990375208988312
2018-05-02 11:00:00+00:00,07:00,0.8792244500778797,6.06732670959623,110,1.488952663821991,0.14491134105029768
2018-05-02 12:15:00+00:00,08:15,,,28,,
2018-05-02 18:00:00+00:00,14:00,-2.7892915165947985,19.489273786779673,57,2.514479051025227,-0.14311931512229473
2018-05-03 11:30:00+00:00,07:30,,,28,,
2018-05-03 12:30:00+00:00,08:30,-0.22424462976676007,7.161414751675288,309,2.9961956602064426,-0.03131289522287505
2018-05-03 13:45:00+00:00,09:45,3.763839964545407,19.28268213054782,217,1.3165677059844927,0.19519276099991784
2018-05-03 14:00:00+00:00,10:00,4.264646180004126,11.009278400383524,333,1.693960845715534,0.38736836556477316
2018-05-04 12:30:00+00:00,08:30,1.346603134277781,7.023414516025124,309,1.66355189516169,0.19173055088878427
2018-05-07 19:00:00+00:00,15:00,,,29,,
2018-05-08 10:00:00+00:00,06:00,,,25,,
2018-05-08 14:00:00+00:00,10:00,4.228062531361315,18.202820291896085,335,1.99440346683181,0.2322751344880141
2018-05-09 11:00:00+00:00,07:00,0.9340231130876089,5.630094530807829,111,2.3897644692411215,0.16589830028192998
2018-05-09 12:30:00+00:00,08:30,1.1516602624158991,5.746739013999717,311,3.309486563455872,0.2004023950992593
2018-05-09 14:00:00+00:00,10:00,4.02043905362112,14.770308788547412,335,2.2615192279922907,0.27219735966105757
2018-05-10 12:30:00+00:00,08:30,-1.4336923082897437,11.909942992534656,312,2.2724203200005566,-0.12037776412434595
2018-05-10 13:45:00+00:00,09:45,-5.058194250185699,20.560161243553996,218,1.0162839108979997,-0.24601919169148248
2018-05-10 18:00:00+00:00,14:00,3.7136818312308275,9.116870970650247,57,1.6619281735470461,0.40734171221532106
2018-05-11 12:30:00+00:00,08:30,-2.313666370356276,5.974595671965564,312,1.6621867431109856,-0.38725070237181586
2018-05-11 14:00:00+00:00,10:00,0.7662887360723515,9.620860898279798,336,1.2496082468628702,0.07964866597430624
2018-05-15 12:30:00+00:00,08:30,-0.11759346586531838,7.605279340486909,313,2.7559531733947886,-0.015462083718517268
2018-05-15 14:00:00+00:00,10:00,-7.4552781553015395,21.557516728657724,338,1.7765493990781305,-0.345831955003926
2018-05-15 20:00:00+00:00,16:00,,,23,,
2018-05-16 11:00:00+00:00,07:00,0.9824687345200646,6.768632407688695,112,0.9591397519995035,0.14515025714855612
2018-05-16 12:30:00+00:00,08:30,-3.3237906751448425,9.490682778933055,313,1.9222005872612506,-0.35021618070754906
2018-05-16 13:15:00+00:00,09:15,,,19,,
2018-05-16 14:00:00+00:00,10:00,-9.455830203034347,37.48924611176992,338,1.4089232471965132,-0.25222780353712276
2018-05-17 12:30:00+00:00,08:30,-2.091432521604523,6.982622989275512,314,2.1861716713952473,-0.29951961101390084
2018-05-17 13:45:00+00:00,09:45,2.432225114814794,18.958795581579306,220,1.3230519381455037,0.12829006485928812
2018-05-17 14:00:00+00:00,10:00,1.342602278689483,17.240474142899746,338,1.90138886401207,0.07787502058012803
2018-05-21 12:30:00+00:00,08:30,-0.08421248197144554,5.808493406725829,316,1.5018063331797442,-0.014498162617165645
2018-05-22 14:00:00+00:00,10:00,-7.72496615935495,14.113228031011209,341,1.6619483030327664,-0.5473564334382442
2018-05-23 11:00:00+00:00,07:00,1.9386419862577575,8.352962386239732,113,2.844597891096118,0.23209035269348072
2018-05-23 13:45:00+00:00,09:45,1.3263509955964503,20.790579981109875,222,1.2872969662819895,0.06379576696761516
2018-05-23 14:00:00+00:00,10:00,1.9849921943053883,9.838652618920467,341,1.6223746680807078,0.20175447504753846
2018-05-23 18:00:00+00:00,14:00,-4.372413605943315,8.92483982795471,58,2.2505491504358,-0.4899150786155155
2018-05-24 12:30:00+00:00,08:30,3.29306521554776,24.954902975180122,317,1.7330755247743304,0.13196064993011622
2018-05-24 13:00:00+00:00,09:00,-1.0741702534808315,7.328821068159608,53,3.6561617370638992,-0.14656794639831122
2018-05-24 13:45:00+00:00,09:45,6.854920866157547,18.13175703614368,223,2.628226289700155,0.37806158843255017
2018-05-24 14:00:00+00:00,10:00,-2.5875883472001737,15.592745432732313,342,1.434497513127111,-0.1659482198541063
2018-05-24 15:00:00+00:00,11:00,,,28,,
2018-05-25 12:30:00+00:00,08:30,-1.7557211405023163,5.378519799924342,318,1.9733484471251517,-0.3264320307098272
2018-05-25 14:00:00+00:00,10:00,2.636638065260259,19.767658158460797,342,1.9861133401631568,0.1333814073535942
2018-05-29 13:00:00+00:00,09:00,-2.125663087806271,5.0124380805523705,53,2.010987198061369,-0.42407767510457167
2018-05-29 14:00:00+00:00,10:00,1.0762646659314412,17.959817482682556,343,1.9695084835891543,0.05992625854740511
2018-05-29 14:30:00+00:00,10:30,,,27,,
2018-05-30 11:00:00+00:00,07:00,4.668101377497599,8.382628836468761,114,1.9615252644184027,0.5568779757000512
2018-05-30 12:15:00+00:00,08:15,,,29,,
2018-05-30 12:30:00+00:00,08:30,1.1106125170050258,5.144300999063064,319,2.4475790146556506,0.215891822272317
2018-05-31 11:30:00+00:00,07:30,,,29,,
2018-05-31 12:30:00+00:00,08:30,-0.1649430734144567,4.726868106630181,320,2.682661499659191,-0.03489479073534925
2018-05-31 13:45:00+00:00,09:45,-2.5962187021932963,11.814270356330734,224,1.6285898077799514,-0.2197527755746761
2018-05-31 14:00:00+00:00,10:00,-2.3149780035415737,17.294826937032997,344,1.954734489160035,-0.13385378251947505
2018-06-01 12:30:00+00:00,08:30,3.609713050495523,18.935740121424,321,2.6577275011068977,0.19062962563641617
2018-06-01 13:45:00+00:00,09:45,-7.047340063006646,16.54139659971125,224,1.3453826455350526,-0.4260426270856517
2018-06-01 14:00:00+00:00,10:00,-5.466349693021093,18.66178670055727,345,1.4002567964705355,-0.29291673839878685
2018-06-04 14:00:00+00:00,10:00,-2.967155731778856,14.289526603470078,345,1.1726481096269104,-0.20764548848373396
2018-06-05 13:45:00+00:00,09:45,6.961810383486541,18.839298020765384,224,3.0428095342230748,0.3695366130846792
2018-06-05 14:00:00+00:00,10:00,-4.430629182332439,17.03660585568353,346,2.6147013152933796,-0.2600652512515778
2018-06-06 11:00:00+00:00,07:00,0.9537682758312457,7.111476068413958,115,1.7320583877671172,0.13411678063116375
2018-06-06 12:30:00+00:00,08:30,-2.5534653444877935,9.40727342376735,323,1.5651571538876994,-0.27143522139332077
2018-06-07 12:30:00+00:00,08:30,-0.3968536539629849,7.6234556940092,324,2.1522446450376465,-0.05205692403706727
2018-06-07 13:45:00+00:00,09:45,-0.7062320359086494,16.887573683339305,225,2.3917121471008715,-0.041819627209407434
2018-06-07 16:00:00+00:00,12:00,,,8,,
2018-06-07 19:00:00+00:00,15:00,1.6723235883527925,13.684245021482784,30,3.020574924463431,0.12220795416388887
2018-06-08 14:00:00+00:00,10:00,0.49405457792623864,23.648030905866936,348,2.863232064814209,0.020891996458092695
2018-06-12 10:00:00+00:00,06:00,,,26,,
2018-06-12 12:30:00+00:00,08:30,1.0151982404210234,6.502148123308259,325,2.7278056667107013,0.15613274585084289
2018-06-12 18:00:00+00:00,14:00,-8.26618351257982,16.989366231713266,59,2.352531796733942,-0.48655043395025044
2018-06-13 11:00:00+00:00,07:00,2.691249677593718,7.34957793918863,116,2.7323549380709804,0.36617744581545636
2018-06-13 12:30:00+00:00,08:30,0.29792692870488896,9.232129301306758,325,2.327916167974454,0.03227066248549173
2018-06-13 18:00:00+00:00,14:00,7.4553381170514665,14.748000741495092,60,2.134405087109227,0.5055151710207789
2018-06-14 12:30:00+00:00,08:30,1.2456702091667962,7.387853070501285,326,1.3389072912172972,0.16861058243572707
2018-06-14 13:45:00+00:00,09:45,0.9157932069434838,23.47405127354651,227,2.5523512792206526,0.039013001900337234
2018-06-14 14:00:00+00:00,10:00,0.8252883804558834,15.941738073749644,351,2.514075665938857,0.05176903400607484
2018-06-15 12:30:00+00:00,08:30,0.2504549630488567,8.046855440495285,327,5.656854249492378,0.03112457591675602
2018-06-15 13:15:00+00:00,09:15,,,20,,
2018-06-15 14:00:00+00:00,10:00,1.1909497011379682,17.920879111401906,352,5.656854249492378,0.06645598654701282
2018-06-15 20:00:00+00:00,16:00,,,24,,
2018-06-18 14:00:00+00:00,10:00,-0.6574687803554371,8.952486458383467,352,1.8920010355792614,-0.07343979612946044
2018-06-19 12:30:00+00:00,08:30,1.877830262802789,5.934771090749303,327,1.4060619782562898,0.31641157410937326
2018-06-20 11:00:00+00:00,07:00,0.5313889044755957,3.895639856857444,117,2.4014356958044676,0.13640606524245272
2018-06-20 12:30:00+00:00,08:30,-0.07515865233249615,7.506341169101826,328,1.3758282052945487,-0.010012688024609103
2018-06-20 14:00:00+00:00,10:00,-0.01903526762733332,14.547953453665018,353,1.8595182595295343,-0.0013084498577728009
2018-06-21 12:30:00+00:00,08:30,-2.337960934549199,6.461089065466541,329,2.574347017729193,-0.36185245410796396
2018-06-21 13:00:00+00:00,09:00,-4.3827603687137255,6.141617180701599,55,2.5445082184644137,-0.713616664758166
2018-06-21 13:45:00+00:00,09:45,-2.660154501361507,12.078820021739926,228,1.560304759006831,-0.2202329777721382
2018-06-21 14:00:00+00:00,10:00,-5.749049465933602,23.500222477043454,354,1.8003107239454372,-0.24463808679043986
2018-06-22 13:45:00+00:00,09:45,-1.8215461736043048,31.406502172715893,229,1.993952524117053,-0.05799901445843772
2018-06-25 12:30:00+00:00,08:30,-2.1302992827329104,7.139179272795434,330,2.333768048488097,-0.2983955439878967
2018-06-25 14:00:00+00:00,10:00,-0.03778286089534583,12.298446709948784,356,0.9136454988385315,-0.003072165273097579
2018-06-25 14:30:00+00:00,10:30,,,28,,
2018-06-26 13:00:00+00:00,09:00,1.0728379899756186,6.739524386931219,55,3.4013272700209867,0.1591860090388553
2018-06-26 14:00:00+00:00,10:00,2.7254807380624775,11.207935212784864,357,2.160717677803147,0.24317420526784703
2018-06-27 11:00:00+00:00,07:00,1.6417663246367389,5.528477817686743,118,3.160559405515659,0.29696534539478286
2018-06-27 12:30:00+00:00,08:30,-0.7754527591876388,10.350006384006937,331,2.003579725809853,-0.07492292568880787
2018-06-27 14:00:00+00:00,10:00,-1.9429672740822581,13.430585126142732,357,0.8948490754801722,-0.14466735855761476
2018-06-28 12:30:00+00:00,08:30,3.872725217477201,29.215875899640068,332,1.3144556591851086,0.1325555061494806
2018-06-28 13:45:00+00:00,09:45,0.5431825276159816,15.809085482189461,231,1.983174656397411,0.03435888358171836
2018-06-28 15:00:00+00:00,11:00,,,29,,
2018-06-29 12:30:00+00:00,08:30,2.2596493301618206,6.0153236728864785,332,3.3291894334719423,0.3756488350488908
2018-06-29 13:45:00+00:00,09:45,-1.0350030642424022,19.743635344116857,231,0.831755411689091,-0.05242211204791163
2018-06-29 14:00:00+00:00,10:00,-3.218909452197278,16.259856014869374,358,1.117128690375645,-0.19796666398851487
2018-07-02 13:45:00+00:00,09:45,5.688749618457317,25.522525155256744,231,2.383250270757254,0.22289133163164437
2018-07-02 14:00:00+00:00,10:00,5.27511677190694,13.969272017398962,358,2.8905630198071055,0.37762288294885327
2018-07-03 14:00:00+00:00,10:00,0.8474737129703949,17.950744272230903,358,5.656854249492378,0.04721106267896666
2018-07-04 11:00:00+00:00,07:00,2.7425068715945606,6.4312653850293735,119,5.656854249492378,0.4264334788576035
2018-07-05 11:30:00+00:00,07:30,-1.7079472565421203,4.001323890141851,30,1.9420606341580235,-0.4268455399849103
2018-07-05 12:15:00+00:00,08:15,1.371620433331046,5.429895685928683,30,2.70588409201353,0.2526053008505367
2018-07-05 12:30:00+00:00,08:30,-1.4875538339734233,5.796286069570333,335,1.979624455274393,-0.25663913342422257
2018-07-05 13:45:00+00:00,09:45,11.18494181972407,15.696148558022681,232,2.433920490078779,0.7125914856359572
2018-07-05 14:00:00+00:00,10:00,6.343567967525153,16.38538159360142,359,2.001489052541764,0.38714801552149086
2018-07-05 18:00:00+00:00,14:00,-0.7344976546515676,13.609357639856585,62,2.2445724066369164,-0.05397004576472485
2018-07-06 12:30:00+00:00,08:30,0.5973830110940466,12.367225246920915,335,2.438281971326603,0.04830372206916647
2018-07-09 19:00:00+00:00,15:00,0.46534922959981756,10.367084951987254,31,1.8111349959837997,0.04488718205310118
2018-07-10 09:20:00+00:00,05:20,,,0,,
2018-07-10 14:00:00+00:00,10:00,7.752454962700987,20.38354924673481,360,2.710303322324621,0.3803290030043631
2018-07-11 11:00:00+00:00,07:00,2.501803794325897,6.552398886045735,120,2.1176213536707276,0.38181494103691455
2018-07-11 12:30:00+00:00,08:30,-0.4984152185410774,7.228383686697641,337,1.7906207906429399,-0.06895251278073526
2018-07-11 14:00:00+00:00,10:00,2.5760714381874745,17.678787919095615,361,1.9946802552950638,0.1457153878408683
2018-07-12 12:30:00+00:00,08:30,-1.7152194625497337,7.153870651903213,338,1.7213084872856064,-0.2397610393044243
2018-07-12 13:45:00+00:00,09:45,0.8135998310001645,16.443233421467404,233,0.8688193413452266,0.04947930921773404
2018-07-12 18:00:00+00:00,14:00,2.4525408343039095,10.362941154496381,62,2.317899900160226,0.23666455282724205
2018-07-13 12:30:00+00:00,08:30,3.1677863987122556,24.838912641548763,338,1.5641979454361,0.12753321550048083
2018-07-13 14:00:00+00:00,10:00,-4.206985272372773,13.221923102422355,362,1.4601678480982139,-0.31818255482079016
2018-07-16 12:30:00+00:00,08:30,-0.8228925656756731,9.483030170145623,339,1.6270938421902006,-0.08677527656363417
2018-07-16 14:00:00+00:00,10:00,-1.9066805886900569,17.440859020500554,363,2.2325523311227613,-0.10932263063699342
2018-07-17 13:15:00+00:00,09:15,,,20,,
2018-07-17 14:00:00+00:00,10:00,4.8724073448999,17.698647894078032,364,1.303083333228407,0.2752982812054364
2018-07-17 20:00:00+00:00,16:00,,,24,,
2018-07-18 11:00:00+00:00,07:00,0.5899920910677336,5.784115847786276,121,1.8385500938169814,0.10200212212097
2018-07-18 12:30:00+00:00,08:30,-2.221713363086669,7.097963585161663,340,1.7392378031325673,-0.3130071514780908
2018-07-19 12:30:00+00:00,08:30,-3.912805940900615,5.827964438996687,341,1.566389657825469,-0.6713846630083803
2018-07-19 13:45:00+00:00,09:45,3.3178712244169364,18.45862055461905,235,1.1840925785698655,0.17974643417146785
2018-07-19 14:00:00+00:00,10:00,-2.130812756384945,12.891616124473096,365,1.1703653972745143,-0.16528670539141074
2018-07-23 12:30:00+00:00,08:30,0.6400830380121557,7.851837903765178,342,1.626912943160602,0.08152015437114637
2018-07-23 14:00:00+00:00,10:00,-1.993830385645734,16.390419803293213,367,3.021475556458185,-0.12164608408901934
2018-07-24 13:00:00+00:00,09:00,-3.402567153099392,5.356054812834491,57,2.7908644752496263,-0.6352748939286361
2018-07-24 13:45:00+00:00,09:45,6.418018200806699,26.23237774769548,237,1.2082423634266146,0.24466017768330298
2018-07-24 14:00:00+00:00,10:00,-4.856611581096327,20.76542865520772,367,2.0910224935068418,-0.233879669027605
2018-07-25 11:00:00+00:00,07:00,-0.33162667136393603,4.393680093811537,121,1.9711187498680078,-0.07547811044118335
2018-07-25 14:00:00+00:00,10:00,1.6203969813370551,8.193463182960988,367,2.380648652359379,0.19776704247683813
2018-07-26 12:30:00+00:00,08:30,0.4187632310188324,6.8397072533559635,343,2.9093122897703085,0.06122531498893648
2018-07-26 13:45:00+00:00,09:45,-0.8126197926242439,20.686386305891244,238,0.7119726337717007,-0.0392828298093234
2018-07-26 15:00:00+00:00,11:00,3.3461470320418636,15.474838439824111,30,1.848894279650906,0.2162314679441588
2018-07-27 12:30:00+00:00,08:30,-2.8674323764157794,9.469858928571647,344,2.8901945083311222,-0.30279568027823606
2018-07-27 14:00:00+00:00,10:00,4.299436168176129,20.439984396324316,368,2.613292701124563,0.21034439580831032
2018-07-30 14:00:00+00:00,10:00,-8.192486589149132,26.61343903310141,368,2.5919038091091022,-0.30783269230855265
2018-07-30 14:30:00+00:00,10:30,,,29,,
2018-07-31 12:30:00+00:00,08:30,5.7625282096749295,26.02161501838331,344,2.4184083524240996,0.22145159728187186
2018-07-31 13:00:00+00:00,09:00,-3.1688367269491593,6.381783311191237,57,1.7373427710176224,-0.4965440806164974
2018-07-31 13:45:00+00:00,09:45,-7.990696420726495,14.182973008698026,238,2.3709915296836694,-0.5634006647143742
2018-07-31 14:00:00+00:00,10:00,0.3298047585841357,7.231664125346769,369,2.7966199357471964,0.04560565215248034
2018-08-01 11:00:00+00:00,07:00,-1.0294545786703702,3.118151652250346,122,1.6653387438026666,-0.33014897717608466
2018-08-01 12:15:00+00:00,08:15,-0.10303001694578347,11.393878134144014,31,2.7995725781295513,-0.00904257670064362
2018-08-01 13:45:00+00:00,09:45,11.5374115811878,21.093303577705147,238,2.9786866806027255,0.54697034718556
2018-08-01 14:00:00+00:00,10:00,-0.6333492228797808,12.412568169991227,370,3.052442052908723,-0.051024833395152944
2018-08-01 18:00:00+00:00,14:00,-0.4431076424570559,12.796590859493334,63,3.190225724305945,-0.03462700709293446
2018-08-02 11:30:00+00:00,07:30,0.5817993862796216,6.3538329668181435,31,1.8760219662480428,0.09156667940721357
2018-08-02 12:30:00+00:00,08:30,-1.3000823509654535,6.869621175514671,346,3.770715954516887,-0.18925095252694943
2018-08-02 13:45:00+00:00,09:45,2.46052022313652,12.006386049543822,239,2.1984833152468424,0.20493429188294396
2018-08-02 14:00:00+00:00,10:00,-4.475131941480644,13.950859858363433,370,1.4644012648617695,-0.3207782163188914
2018-08-03 12:30:00+00:00,08:30,-0.4837713429274301,5.278131064844218,347,2.5060090158280284,-0.09165580334858707
2018-08-03 13:45:00+00:00,09:45,1.4479301412215826,23.396550827598876,239,1.6504413309707862,0.06188647856219838
2018-08-03 14:00:00+00:00,10:00,-3.2751564620892673,14.364433511357742,371,2.0181757255956922,-0.22800456833189073
2018-08-07 14:00:00+00:00,10:00,-3.4631110054734644,15.537201430024743,373,1.9694584264828472,-0.2228915561834194
2018-08-07 19:00:00+00:00,15:00,6.7213405238401345,17.700065597521363,32,2.9545328037533225,0.379735345431791
2018-08-08 11:00:00+00:00,07:00,-0.2562287730132644,3.646491784616247,123,3.33690404460737,-0.07026720150426163
2018-08-09 12:30:00+00:00,08:30,2.1678460526847902,6.8916694550062765,350,1.8955481681128563,0.3145603640508345
2018-08-09 13:45:00+00:00,09:45,4.512384364939974,15.224393680097707,240,2.4072424903380663,0.29639172894214166
2018-08-09 14:00:00+00:00,10:00,14.013097806342822,24.28111246184099,374,2.249016007514373,0.577119266193636
2018-08-10 12:30:00+00:00,08:30,2.722330205330111,7.1886595023791084,350,2.034725854515569,0.37869789276139004
2018-08-10 18:00:00+00:00,14:00,2.5735631083259567,9.621494562166848,64,0.9445193521992724,0.2674805968758316
2018-08-14 10:00:00+00:00,06:00,,,27,,
2018-08-14 12:30:00+00:00,08:30,4.987047658463103,25.30772714913394,351,2.154605219311365,0.19705632311725654
2018-08-15 11:00:00+00:00,07:00,-1.8986836956515905,3.480824080351117,124,1.3636106113951618,-0.5454695933556248
2018-08-15 12:30:00+00:00,08:30,0.44039335938596363,5.684995264545917,351,1.7599136096523957,0.07746591490276986
2018-08-15 13:15:00+00:00,09:15,,,21,,
2018-08-15 14:00:00+00:00,10:00,1.4353216228768026,10.14690364819207,377,1.089583232459963,0.14145414923029664
2018-08-15 20:00:00+00:00,16:00,,,25,,
2018-08-16 12:30:00+00:00,08:30,-0.7376507172379102,4.266608388508835,352,2.2782112553750737,-0.17288924833706537
2018-08-16 13:45:00+00:00,09:45,-9.766361528060022,13.66874673732925,242,0.9254437775473302,-0.7145030715499437
2018-08-16 14:00:00+00:00,10:00,-10.427754674432794,38.602490795844446,377,1.1774936797283442,-0.2701316536692327
2018-08-17 14:00:00+00:00,10:00,2.9093104302258674,25.5335975598483,378,2.362677394704093,0.11394048266824615
2018-08-22 11:00:00+00:00,07:00,0.7965122482715914,6.523013822106905,125,1.1442004757624813,0.12210801172491176
2018-08-22 14:00:00+00:00,10:00,-1.224811070320657,16.102199074125217,381,1.5576948943763265,-0.07606483218114089
2018-08-22 18:00:00+00:00,14:00,2.3094160617981068,9.527452758565147,65,1.7922332017177403,0.2423959604230994
2018-08-23 12:30:00+00:00,08:30,-1.886836767076711,8.825586110291498,355,2.154428054346978,-0.2137916670346091
2018-08-23 13:00:00+00:00,09:00,-2.7211459635681163,6.50627762552467,59,2.969623455779922,-0.41823391502582574
2018-08-23 13:45:00+00:00,09:45,5.289151631602217,13.980317714239257,245,2.6528071325380864,0.3783284285603253
2018-08-23 14:00:00+00:00,10:00,-0.6732854163744184,14.860267832443448,382,1.434360776018955,-0.0453077578389589
2018-08-23 15:00:00+00:00,11:00,5.374376380065809,16.59930236247808,31,1.3415009032553191,0.3237712201817786
2018-08-24 12:30:00+00:00,08:30,-0.4395061004565275,8.131393574041091,356,2.1530358040772537,-0.05405052608197691
2018-08-27 12:30:00+00:00,08:30,2.3399437401201624,5.7841358987554266,356,1.1591496368410392,0.4045450834970265
2018-08-27 14:30:00+00:00,10:30,-8.163007661103816,12.884996040642106,30,1.906715029160859,-0.6335281466409378
2018-08-28 12:30:00+00:00,08:30,3.6467592071235426,5.318669163389873,356,2.5697047538778306,0.6856525749383644
2018-08-28 13:00:00+00:00,09:00,-2.434083686153328,6.085740355582936,59,2.5186514710895502,-0.39996508952609994
2018-08-28 14:00:00+00:00,10:00,-5.437023508903042,13.700380075204578,384,2.384809116594885,-0.3968520200941838
2018-08-29 11:00:00+00:00,07:00,-1.4199031830487086,3.8219908084126253,126,1.4579777191891632,-0.37150879063428
2018-08-29 12:30:00+00:00,08:30,6.034846066091407,23.442882053456508,356,1.354774966454489,0.25742765127300576
2018-08-29 14:00:00+00:00,10:00,-8.090419838342408,17.952836709906475,384,2.8043287204727294,-0.450648550369651
2018-08-30 12:30:00+00:00,08:30,-1.1419876996277525,6.855105388943843,357,1.5777745211127236,-0.1665893716921684
2018-08-30 13:45:00+00:00,09:45,-3.7969092365478634,19.20480464767355,247,1.6142832832034808,-0.19770621499176858
2018-08-31 13:45:00+00:00,09:45,-5.755107577439878,19.525481199706633,247,2.362272791504277,-0.29474856566025875
2018-08-31 14:00:00+00:00,10:00,-1.831696735610716,14.365363882622217,385,1.4934176212373484,-0.1275078550447664
2018-09-04 13:45:00+00:00,09:45,2.975551062727005,14.398413908679508,247,0.7839500128620247,0.20665825288807077
2018-09-04 14:00:00+00:00,10:00,-8.817880395575322,16.656823536889554,385,1.0984518693355045,-0.5293854723288944
2018-09-05 11:00:00+00:00,07:00,1.492033493339051,6.919305333641954,127,1.062844428423573,0.21563342292248927
2018-09-05 12:30:00+00:00,08:30,0.6576759018811826,7.987816355483387,360,1.3436455871879653,0.08233488009895328
2018-09-06 11:30:00+00:00,07:30,0.6196916485268035,6.254209612259662,32,2.2146752433612384,0.09908392697808976
2018-09-06 12:15:00+00:00,08:15,1.1354270486760765,4.682764641396353,32,2.370867046500246,0.24246938200539236
2018-09-06 12:30:00+00:00,08:30,3.0307264196339965,5.986267970556773,361,1.290794502089809,0.5062797780755066
2018-09-06 13:45:00+00:00,09:45,-3.324317038541475,22.551712799658862,248,1.1596502715050623,-0.1474086278090488
2018-09-06 14:00:00+00:00,10:00,0.46628916574061663,7.879380425906798,387,1.4810455144422272,0.059178404967920276
2018-09-07 12:30:00+00:00,08:30,2.7618855895453054,21.651874664072935,361,2.472078581474714,0.1275587279344507
2018-09-10 19:00:00+00:00,15:00,0.31839143648614887,14.875411026088644,33,2.743418807656733,0.02140387488639815
2018-09-11 10:00:00+00:00,06:00,,,28,,
2018-09-11 14:00:00+00:00,10:00,-1.7508134843866467,14.277528011861108,388,1.2110865088065348,-0.12262721410402082
2018-09-12 11:00:00+00:00,07:00,-1.4136193864065896,4.41323437992432,128,1.8242733281501324,-0.3203136893968525
2018-09-12 12:30:00+00:00,08:30,-0.576653328279895,7.975501760218998,361,2.047325492827667,-0.07230307830363525
2018-09-13 12:30:00+00:00,08:30,1.353529479033278,9.23772187233733,362,2.1916401760629487,0.14652199944300853
2018-09-13 13:45:00+00:00,09:45,1.5539626197350414,17.139533190255168,249,1.7035432772751158,0.09066539925478019
2018-09-13 18:00:00+00:00,14:00,4.234561455369735,6.9084750239005315,67,2.556239120442846,0.6129516920477911
2018-09-14 12:30:00+00:00,08:30,1.9181232154231895,11.148553465790377,363,1.6968155458777852,0.17205130883652306
2018-09-14 13:15:00+00:00,09:15,,,22,,
2018-09-14 14:00:00+00:00,10:00,-3.076608518622279,12.582394728726944,390,2.0035901279318193,-0.24451692900700808
2018-09-17 12:30:00+00:00,08:30,0.8421045189546109,7.042312169676999,364,2.060151952828222,0.11957784583599831
2018-09-18 14:00:00+00:00,10:00,-0.6428865634454368,17.28592774618155,391,1.8548858212545214,-0.037191325388216435
2018-09-18 20:00:00+00:00,16:00,,,26,,
2018-09-19 11:00:00+00:00,07:00,0.7584735201893925,5.706361964200118,129,1.2396808446102667,0.13291717646861725
2018-09-19 12:30:00+00:00,08:30,3.314502179283053,9.057459129757191,366,1.9106790130773397,0.365941720718745
2018-09-20 12:30:00+00:00,08:30,-2.3512904987434267,7.330644192978249,367,1.4295831793132239,-0.32074814120642225
2018-09-20 13:45:00+00:00,09:45,-5.388187767214955,11.29987775999292,250,0.9962025034074875,-0.4768359341276919
2018-09-20 14:00:00+00:00,10:00,2.9221755438326222,17.096772651170518,392,1.790815784178418,0.1709197170398448
2018-09-20 16:00:00+00:00,12:00,,,9,,
2018-09-21 13:45:00+00:00,09:45,1.1166808134006236,14.619800933489387,251,5.656854249492379,0.07638139660593173
2018-09-24 12:30:00+00:00,08:30,-4.370294844618957,9.606696514332889,367,2.2519164523774973,-0.4549217140458861
2018-09-24 14:30:00+00:00,10:30,-4.011497063226595,14.885377465726684,31,2.4940461967146756,-0.26949246483423045
2018-09-25 13:00:00+00:00,09:00,-3.0664919688351775,8.540652364508176,61,1.714524437947293,-0.3590465737229155
2018-09-25 14:00:00+00:00,10:00,-2.3863038698937427,21.51180816562039,394,1.935692508944443,-0.11092995305282943
2018-09-26 11:00:00+00:00,07:00,1.3673539208226322,6.897280902521623,130,1.3516414762892728,0.1982453578659863
2018-09-26 14:00:00+00:00,10:00,1.6975687898284884,12.589955996680011,394,1.4390445339802975,0.13483516465634507
2018-09-26 18:00:00+00:00,14:00,-6.713280320335937,17.78085598576102,67,2.4038799627976717,-0.3775566443883218
2018-09-27 12:30:00+00:00,08:30,-3.677057003984385,8.619750903463068,369,1.7776869657567127,-0.4265850655274843
2018-09-27 13:45:00+00:00,09:45,3.664865976047009,10.873388710953105,253,1.686776594322226,0.3370491089273093
2018-09-27 14:00:00+00:00,10:00,-2.4764435687657573,13.46424342577087,395,2.373310329524572,-0.1839274209812478
2018-09-27 15:00:00+00:00,11:00,3.2131003104485245,13.962003752967863,32,2.949387103751277,0.23013174665316394
2018-09-28 12:30:00+00:00,08:30,-2.691851885525681,6.598985218836841,370,2.3416537015377177,-0.40791906577420034
2018-09-28 13:45:00+00:00,09:45,-2.822725091525507,19.42835598563909,253,1.065183027970664,-0.14528893199259824
2018-09-28 14:00:00+00:00,10:00,1.2147154320536675,10.903728949775143,395,2.2753176390470653,0.11140367095045199
2018-10-01 13:45:00+00:00,09:45,-1.1687439039668939,17.186457111304357,253,2.159938878313385,-0.06800377159747223
2018-10-01 14:00:00+00:00,10:00,-2.2121778234670977,15.100919957409415,395,1.5781630581482813,-0.14649291763060243
2018-10-03 11:00:00+00:00,07:00,-0.4585976541769714,5.209818407944634,131,2.3165870075815884,-0.08802565046751723
2018-10-03 12:15:00+00:00,08:15,0.13726843890867224,7.901239783418102,33,1.1352200457191477,0.017373025331638457
2018-10-03 13:45:00+00:00,09:45,13.239345082295934,25.69917842704027,253,2.2300562894355695,0.5151660828334381
2018-10-03 14:00:00+00:00,10:00,4.934737234407937,17.613140686386796,396,2.3384736341637975,0.280173611411734
2018-10-04 11:30:00+00:00,07:30,-5.432507618393222,11.10280050903679,33,2.950250831510623,-0.4892916533960595
2018-10-04 12:30:00+00:00,08:30,-0.5961102206300524,11.542616641221313,372,1.5355465731190308,-0.05164428821981378
2018-10-04 13:45:00+00:00,09:45,5.149061373910978,15.732126702675265,254,1.8852729689734435,0.3272959512228804
2018-10-04 14:00:00+00:00,10:00,-7.647909502817838,23.680516495192744,396,2.15986211254841,-0.32296210702880573
2018-10-05 12:30:00+00:00,08:30,-0.5990865075520571,8.040846338241613,373,1.3284359170917812,-0.07450540432576733
2018-10-05 19:00:00+00:00,15:00,0.34475088649413,10.638282414977725,34,3.8282448962891333,0.032406630417026
2018-10-09 10:00:00+00:00,06:00,,,29,,
2018-10-10 11:00:00+00:00,07:00,0.09191399223566936,4.921990780603265,132,1.936287753799431,0.01867414961399093
2018-10-10 12:30:00+00:00,08:30,1.760939971976217,7.077222441679054,375,1.5120912520876069,0.24881794891816886
2018-10-10 14:00:00+00:00,10:00,-2.967646366393225,13.27325626907311,398,1.1645000222153439,-0.22358088371335721
2018-10-11 12:30:00+00:00,08:30,3.0591179124924626,9.541596496699977,376,1.4547207882546327,0.320608601878153
2018-10-11 13:45:00+00:00,09:45,-3.4062331299445843,17.33244674913982,255,2.6441067286653057,-0.19652350180240016
2018-10-12 12:30:00+00:00,08:30,1.2941304599327959,6.096762289435685,376,2.378262983129507,0.21226519888683085
2018-10-12 14:00:00+00:00,10:00,2.4586751972405136,15.429654994626656,399,1.8558349629791226,0.1593473864513978
2018-10-15 12:30:00+00:00,08:30,-0.8847368481498961,6.481873566754198,377,2.078387271038757,-0.13649399961883685
2018-10-15 14:00:00+00:00,10:00,-1.329517330992241,12.018386796125986,399,2.1563090963837985,-0.11062360976939088
2018-10-15 18:00:00+00:00,14:00,3.0427269654437747,11.99709335931506,68,2.5984639203500244,0.2536220127920627
2018-10-16 13:15:00+00:00,09:15,,,23,,
2018-10-16 14:00:00+00:00,10:00,-0.22621711169797576,7.244203455331296,400,2.4490373522608113,-0.031227327213110456
2018-10-16 20:00:00+00:00,16:00,,,27,,
2018-10-17 11:00:00+00:00,07:00,-0.2218391423214144,6.7677159894156125,133,1.861306560108505,-0.03277902658272899
2018-10-17 12:30:00+00:00,08:30,4.609893827034746,26.610573101107317,377,1.1420650665070955,0.17323542072992482
2018-10-17 18:00:00+00:00,14:00,2.986291478732892,11.079664626659872,69,3.356248706479059,0.2695290497825433
2018-10-18 12:30:00+00:00,08:30,1.20739136017757,5.92829504087248,378,1.6427149934849306,0.20366586882961138
2018-10-18 13:45:00+00:00,09:45,1.0381857628630167,13.801347416294613,256,0.9432309073460344,0.07522350764370142
2018-10-18 14:00:00+00:00,10:00,-3.621342261046643,15.899026600559711,402,2.450886081312504,-0.22777131908938103
2018-10-19 14:00:00+00:00,10:00,0.11349427469733563,14.529254003628497,403,1.0283808049393421,0.007811431658431457
2018-10-22 12:30:00+00:00,08:30,-1.6257214910659825,4.650062540746239,379,2.9692037531137965,-0.3496128227998172
2018-10-23 14:00:00+00:00,10:00,-3.6000887871606206,18.095778086817035,404,2.130527848975037,-0.19894633819494745
2018-10-24 11:00:00+00:00,07:00,-0.0025484752942143696,6.675413414397261,134,0.9365993853080953,-0.00038177040671637225
2018-10-24 13:00:00+00:00,09:00,-1.5161513106632014,4.866236226352186,62,3.638375326724487,-0.3115654974686123
2018-10-24 13:45:00+00:00,09:45,4.274019944098698,21.591226789120892,259,2.351688860568503,0.19795169518816946
2018-10-24 14:00:00+00:00,10:00,5.407576038907473,17.361362829309883,405,1.9979463336099406,0.3114718638204064
2018-10-25 12:30:00+00:00,08:30,-2.7009960160533817,13.564582067246478,380,2.616622152342747,-0.19912121159820342
2018-10-25 13:45:00+00:00,09:45,2.305063831530741,14.39017552135879,260,2.0766819237387732,0.16018316302740174
2018-10-25 14:00:00+00:00,10:00,-2.2258975175220908,13.262711657586122,406,1.5266817591737782,-0.16783125313961736
2018-10-25 15:00:00+00:00,11:00,1.5054863580787186,17.03355306790925,33,3.567188630400096,0.08838357752352995
2018-10-26 12:30:00+00:00,08:30,1.0087387652303068,10.182356451931279,381,1.8235351948122818,0.09906732002482393
2018-10-26 14:00:00+00:00,10:00,3.150844120513448,18.430991344033227,406,2.778947856525519,0.17095358907720876
2018-10-29 12:30:00+00:00,08:30,2.1080503030507103,4.902008016462731,381,2.0166263969333267,0.4300381182509511
2018-10-29 14:30:00+00:00,10:30,-9.076811578039898,11.068042732405,32,3.2209866661652047,-0.8200918443750511
2018-10-30 13:00:00+00:00,09:00,-1.0105242436534385,9.293618973171565,62,1.0646094846827674,-0.10873312609120066
2018-10-30 14:00:00+00:00,10:00,0.7986165088042525,10.401521930277031,406,1.1508401906466048,0.0767788131542191
2018-10-31 11:00:00+00:00,07:00,-0.22436507196736888,5.013866286846325,135,1.3440025302838983,-0.04474891413757514
2018-10-31 12:15:00+00:00,08:15,4.022937420291603,8.957306155762915,34,2.7950063657778674,0.44912358139096786
2018-10-31 12:30:00+00:00,08:30,3.671153646084715,4.367984214499071,382,0.8655952714308558,0.840468615682882
2018-10-31 13:45:00+00:00,09:45,8.65146526655409,18.806816586293266,260,1.8299058994203645,0.46001752752028374
2018-11-01 11:30:00+00:00,07:30,0.24298054269163605,6.444900261438548,34,3.1823114320518946,0.03770121069917086
2018-11-01 12:30:00+00:00,08:30,2.3669412891022676,11.71375963911873,383,1.4537543922817864,0.20206503821349892
2018-11-01 13:45:00+00:00,09:45,7.270271464630428,14.12673626160632,261,1.9657401878196141,0.5146462233028014
2018-11-01 14:00:00+00:00,10:00,4.468798605078068,13.407340712180805,407,2.2139033945513673,0.33330984130343505
2018-11-02 12:30:00+00:00,08:30,3.712330571290816,25.57551754996226,384,1.1665308913618562,0.14515172817280073
2018-11-02 14:00:00+00:00,10:00,0.08229605392848557,18.51773873485905,408,1.8580193606671451,0.004444174048830588
2018-11-05 14:45:00+00:00,09:45,-4.308811165963816,10.81336893851079,261,0.9557349803904167,-0.39847074398972865
2018-11-05 15:00:00+00:00,10:00,7.947490017621009,20.80786035834804,409,2.058424160248311,0.3819465279346948
2018-11-06 15:00:00+00:00,10:00,-2.81377016105603,10.164569410372511,410,1.4129625763015234,-0.2768213829288919
2018-11-07 12:00:00+00:00,07:00,-0.03048066284177818,4.149633051214516,136,2.1961149606402937,-0.007345387523568401
2018-11-07 20:00:00+00:00,15:00,6.188299967257372,20.101677378567906,35,2.580681694365012,0.3078499296708065
2018-11-08 13:30:00+00:00,08:30,-1.23340879363519,10.073498283591524,387,3.0187493881866017,-0.12244095932832585
2018-11-08 14:45:00+00:00,09:45,0.21279853132687077,24.000209665513893,262,1.4651746927555973,0.008866528013404934
2018-11-08 15:00:00+00:00,10:00,-3.5162278048981497,14.110113537484246,411,1.2087745508279322,-0.24919911491549016
2018-11-08 19:00:00+00:00,14:00,-9.273391956460468,19.67939742687228,71,2.129791779008113,-0.4712233690548686
2018-11-09 13:30:00+00:00,08:30,0.02845256730736989,10.39598522523432,387,1.5503537166630108,0.0027368803139799177
2018-11-09 15:00:00+00:00,10:00,1.1317204186360017,17.837691951930147,412,1.48906119774212,0.06344545144550176
2018-11-13 11:00:00+00:00,06:00,-0.4595540951258795,4.329056905460699,30,1.4327309268725998,-0.10615570669588455
2018-11-13 19:00:00+00:00,14:00,-0.8028983640767406,18.32372131305851,71,2.002345506164571,-0.043817429350693646
2018-11-14 12:00:00+00:00,07:00,1.8643583032270485,3.7231956926699863,137,1.5297693115972162,0.5007414213809631
2018-11-14 13:30:00+00:00,08:30,-0.5765744232563486,7.061994302795918,388,1.8510441490599459,-0.08164470240765793
2018-11-15 13:30:00+00:00,08:30,-2.323797819261205,6.024510956421233,389,1.6989516160448337,-0.3857238929550592
2018-11-15 14:45:00+00:00,09:45,3.41763218553683,22.487379281657425,264,2.5567533258694346,0.15198001255417679
2018-11-15 15:00:00+00:00,10:00,-1.8352712261501485,16.859129723281498,415,2.7405084622958635,-0.10885919120817628
2018-11-16 14:15:00+00:00,09:15,,,24,,
2018-11-16 16:00:00+00:00,11:00,3.2168115815409015,19.152992513854777,34,3.2534096346180847,0.1679534714595614
2018-11-16 21:00:00+00:00,16:00,,,28,,
2018-11-19 15:00:00+00:00,10:00,-4.125511211273124,19.17969128324287,416,1.446609085656283,-0.21509789445242777
2018-11-20 13:30:00+00:00,08:30,1.6248860352369723,8.540520701820968,391,3.226778147092288,0.1902560853099416
2018-11-21 12:00:00+00:00,07:00,-0.5541991146007851,9.969901507537225,138,2.9021871569660624,-0.05558722061414666
2018-11-21 13:30:00+00:00,08:30,-0.2799054244426606,6.637763162244241,392,1.497661121401732,-0.04216863687375432
2018-11-21 14:45:00+00:00,09:45,5.574739376014222,19.147391674549645,265,2.2165354648747178,0.2911487617096203
2018-11-21 15:00:00+00:00,10:00,-0.7217769035050676,13.86817151713358,417,2.477304404979096,-0.052045570868036975
2018-11-23 14:45:00+00:00,09:45,1.076199074383361,8.864822973070863,266,5.656854249492379,0.12140107903480839
2018-11-26 13:30:00+00:00,08:30,0.08081695937164399,10.168396089364565,394,3.0053661093802293,0.007947857131192294
2018-11-26 15:30:00+00:00,10:30,-4.565404040632286,15.091385946358002,33,2.7530600994657397,-0.3025172145792251
2018-11-27 14:00:00+00:00,09:00,0.3361636204478877,3.387205032840624,64,1.9017184986504292,0.0992451349087568
2018-11-27 15:00:00+00:00,10:00,1.2305376008156286,21.81066296209459,421,1.3765062724524817,0.056419082856592535
2018-11-28 12:00:00+00:00,07:00,-0.8454210213723937,4.61150812305773,139,1.9900350084937255,-0.18332853348891523
2018-11-28 13:30:00+00:00,08:30,-4.0567115899660315,11.932029000081467,394,2.3164798448152046,-0.33998505953499897
2018-11-28 15:00:00+00:00,10:00,2.417553958102569,18.207093057897723,421,2.2928823806985585,0.132780886570682
2018-11-29 13:30:00+00:00,08:30,-1.741453739177087,6.291627086324025,395,1.5253736894227798,-0.2767890905299279
2018-11-29 14:45:00+00:00,09:45,9.09144783539993,25.598684606040074,268,2.2376606184904224,0.3551529297429126
2018-11-29 15:00:00+00:00,10:00,0.08551156459741871,15.045343654902483,422,1.979529228236656,0.005683589990286131
2018-11-29 19:00:00+00:00,14:00,-7.005358464876935,18.704100317273674,72,2.9034503038518595,-0.37453597585804876
2018-11-30 14:45:00+00:00,09:45,-6.358914055719499,22.52575752626401,268,2.739402903130776,-0.282295236833003
2018-12-03 14:45:00+00:00,09:45,6.844050781660158,21.896521863019366,268,2.21805357868333,0.31256337533765804
2018-12-03 15:00:00+00:00,10:00,-3.3965843638782416,15.005800027005957,423,1.0008201019352287,-0.22635143462963683
2018-12-03 21:42:00+00:00,16:42,,,0,,
2018-12-05 12:00:00+00:00,07:00,0.8333835630269828,3.670990436949489,140,5.656854249492378,0.227018723513621
2018-12-06 12:30:00+00:00,07:30,-0.8617714101570566,6.553564478373529,35,2.628632150746734,-0.1314965944107003
2018-12-06 13:15:00+00:00,08:15,1.7842524951189431,5.831634672394157,35,2.8815162310637503,0.30596095183486943
2018-12-06 13:30:00+00:00,08:30,3.529635791287715,4.238203502818306,398,1.296663464244304,0.8328141366832882
2018-12-06 14:45:00+00:00,09:45,7.195886607476079,24.24146919524285,269,2.0966060105795945,0.29684201685631334
2018-12-06 15:00:00+00:00,10:00,-4.334637407743415,19.088288808486023,424,1.8291644262195346,-0.22708360352429172
2018-12-06 17:00:00+00:00,12:00,,,10,,
2018-12-07 13:30:00+00:00,08:30,2.8300672582825,5.251895641795788,398,1.0647148221449416,0.5388658593594619
2018-12-07 15:00:00+00:00,10:00,-12.131224770121028,20.337781576024042,424,1.4302936005912275,-0.5964871205236257
2018-12-07 20:00:00+00:00,15:00,4.231234469605632,18.720224921482707,36,1.651775676605633,0.2260247666549139
2018-12-10 15:00:00+00:00,10:00,0.4834285203704085,12.837892752573216,425,1.0158665733020724,0.03765637629847862
2018-12-11 11:00:00+00:00,06:00,1.6073052016088636,5.435571034293832,31,2.241661859154582,0.2957012596226108
2018-12-11 13:30:00+00:00,08:30,-0.2870162917214945,5.607562775357742,399,2.02761812542985,-0.05118378575854354
2018-12-12 12:00:00+00:00,07:00,1.2160520801746697,5.496867583517655,141,2.6447010627472096,0.22122637332960307
2018-12-12 13:30:00+00:00,08:30,0.8448949572659334,7.3976799484386575,400,2.2600874834754445,0.11421080165062503
2018-12-13 13:30:00+00:00,08:30,-0.946914887472762,8.585090208407244,400,1.3846429581344641,-0.11029760485748455
2018-12-13 14:45:00+00:00,09:45,0.11513139163919225,13.379212708402859,270,1.8627897126413033,0.008605244131209873
2018-12-13 19:00:00+00:00,14:00,1.4553473020000314,20.56840388228397,73,2.5771995192949873,0.07075645297171332
2018-12-14 13:30:00+00:00,08:30,-2.076686453905633,11.47192225082118,400,2.536253841955025,-0.18102340728093588
2018-12-14 14:15:00+00:00,09:15,,,25,,
2018-12-14 14:45:00+00:00,09:45,-4.748865626710865,20.72829603843169,270,2.6275608047394705,-0.2291006273697626
2018-12-14 15:00:00+00:00,10:00,-3.817875839572502,12.671396713429768,426,1.5780001655155707,-0.3012987380882906
2018-12-17 13:30:00+00:00,08:30,-0.6645791438510895,8.323254625682203,401,2.0046286595196743,-0.07984606668171206
2018-12-17 15:00:00+00:00,10:00,-1.0159122280497077,18.078156793261115,426,1.482655511412779,-0.056195564606918505
2018-12-17 21:00:00+00:00,16:00,,,29,,
2018-12-18 13:30:00+00:00,08:30,-2.2975063142332344,7.715637896928965,401,2.201446983451876,-0.29777269811323115
2018-12-19 12:00:00+00:00,07:00,0.13131343171143348,4.98093133423689,142,1.8682715378857278,0.026363228661442997
2018-12-19 13:30:00+00:00,08:30,-3.6337844671381974,8.54163576560199,402,1.5781854401516044,-0.4254202083600668
2018-12-19 15:00:00+00:00,10:00,0.4317091345194319,10.299447586628016,428,1.0551586645717754,0.041915756246959174
2018-12-19 19:00:00+00:00,14:00,1.6662675105984535,19.143245551976364,73,3.7259995940163164,0.08704205909464639
2018-12-20 13:30:00+00:00,08:30,-1.98291937379287,6.5544056661073835,403,2.0006615622963726,-0.3025322927518022
2018-12-20 14:45:00+00:00,09:45,-3.713178061858602,12.343440450258363,271,1.8937317855227165,-0.30082196911160863
2018-12-20 15:00:00+00:00,10:00,-6.709776385404788,16.294598437200023,429,2.0372744650292023,-0.41177918015374915
2018-12-21 13:30:00+00:00,08:30,0.352188097026912,7.540901993870656,403,5.656854249492378,0.046703709624283024
2018-12-21 15:00:00+00:00,10:00,2.795746203882132,14.00718191686869,429,5.656854249492378,0.19959376700285775
2018-12-21 16:00:00+00:00,11:00,0.3192198524992452,13.203156737308253,35,5.656854249492379,0.024177540178495605
2018-12-24 13:30:00+00:00,08:30,0.3521880970269118,7.540901993870657,403,5.656854249492378,0.04670370962428299
2018-12-26 14:00:00+00:00,09:00,-0.5335279460269603,6.075315575417751,65,2.5495144083477697,-0.08781896831594199
2018-12-26 15:00:00+00:00,10:00,-1.815015386918911,14.543405911784633,430,1.5459033028142342,-0.12479988511138165
2018-12-27 13:30:00+00:00,08:30,-2.339825402253874,9.455885302286047,404,1.7320325414270095,-0.24744646613767615
2018-12-27 14:00:00+00:00,09:00,-1.4310636447128304,9.341852659450042,65,1.7926533479364863,-0.15318841956527685
2018-12-27 14:45:00+00:00,09:45,8.048509906706098,23.104092393329946,274,2.858986845473668,0.3483586271075365
2018-12-27 15:00:00+00:00,10:00,-3.8008396886576294,18.446567753753275,431,1.624956604303604,-0.20604590183907154
2018-12-28 14:45:00+00:00,09:45,-0.18068567203253305,12.48344287959882,274,1.4965517922716303,-0.014474025617389594
2018-12-28 15:00:00+00:00,10:00,-0.48210504268697674,16.1754763689128,432,2.2572649524184185,-0.029804689005235176
2018-12-31 15:30:00+00:00,10:30,-5.406775614271008,14.644865029524258,34,2.53142970368387,-0.36919258752954504
2019-01-02 14:45:00+00:00,09:45,-0.9654213172829563,12.66271418707091,274,1.5565421363525127,-0.07624126257770918
2019-01-03 12:00:00+00:00,07:00,0.7657536855935106,4.404054867597378,143,2.475274618718625,0.17387469244025694
2019-01-03 12:30:00+00:00,07:30,-1.3653929898192696,6.617093559015583,36,3.2433050579195704,-0.2063433103434006
2019-01-03 13:15:00+00:00,08:15,1.0717496342938837,4.683516038662182,36,1.3330584104276728,0.22883441103791383
2019-01-03 13:30:00+00:00,08:30,0.9978277716554125,7.255332355780023,408,1.968962858686457,0.13753026363574983
2019-01-03 14:45:00+00:00,09:45,4.614116103663216,14.63471067730157,275,1.1293644796289606,0.3152857754010613
2019-01-03 15:00:00+00:00,10:00,-3.3609906412171893,13.738738534162188,433,1.531395007960288,-0.24463604375757547
2019-01-04 13:30:00+00:00,08:30,-3.7731333307663464,13.07961083509169,409,2.0755614508980984,-0.28847443386031724
2019-01-04 14:45:00+00:00,09:45,-0.5428817649525087,14.791455148276807,276,1.445336007284782,-0.03670239063772938
2019-01-07 15:00:00+00:00,10:00,3.955353871318737,10.676481134862739,435,1.5403246670846646,0.37047355035387214
2019-01-08 11:00:00+00:00,06:00,2.6718768506548423,7.174007910683503,32,1.5705652940162291,0.372438514693564
2019-01-08 15:00:00+00:00,10:00,-4.887456316542458,20.484427125412456,435,1.9410774922029985,-0.23859375156648657
2019-01-08 20:00:00+00:00,15:00,4.400744594114254,14.842176649200365,37,2.71564542039529,0.29650264230963375
2019-01-09 12:00:00+00:00,07:00,2.7773587351594284,7.429060757858565,144,2.343107502426177,0.37385058834274565
2019-01-09 19:00:00+00:00,14:00,-1.5069790193090251,8.725382925409813,76,1.955904639932037,-0.17271207833417185
2019-01-10 13:30:00+00:00,08:30,-4.610498052920498,14.461618396123875,413,2.254729389172629,-0.3188092733906077
2019-01-10 14:45:00+00:00,09:45,5.905844721870244,25.67736362063735,277,1.9731189834441278,0.2300019896561192
2019-01-11 13:30:00+00:00,08:30,0.6557840599102106,8.193876380551814,413,2.1850384533970355,0.08003343343899058
2019-01-15 13:30:00+00:00,08:30,4.613403074074279,24.829164857153522,413,1.2157932166988468,0.1858058094428864
2019-01-16 12:00:00+00:00,07:00,3.794049871223149,9.707211607737058,144,2.7463870938719785,0.3908485798536761
2019-01-16 13:30:00+00:00,08:30,2.560914633885724,7.283698716267397,413,2.210140632559366,0.3515953547290723
2019-01-16 15:00:00+00:00,10:00,-9.95764709743241,36.006983704367755,438,1.0914507827074877,-0.276547660286927
2019-01-17 13:30:00+00:00,08:30,-3.0397302901214163,11.162618433471353,414,2.6567403691392335,-0.27231337416378215
2019-01-17 14:45:00+00:00,09:45,-0.8821084014024914,17.596955439215545,278,0.9735749469995595,-0.05012846707770119
2019-01-18 14:15:00+00:00,09:15,,,26,,
2019-01-18 15:00:00+00:00,10:00,-5.095980386543689,11.310995178016494,440,1.599241362739649,-0.45053333560321823
2019-01-22 15:00:00+00:00,10:00,-2.7025063376824514,15.387397907467072,440,3.2884936972865044,-0.17563114660023194
2019-01-23 12:00:00+00:00,07:00,-0.05211396140765373,6.927976423515072,144,1.758353841398456,-0.007522248665680719
2019-01-23 14:00:00+00:00,09:00,-3.0541168617776266,6.129545692672209,67,2.1054681869428857,-0.498261537625665
2019-01-23 15:00:00+00:00,10:00,-2.8263522519097366,9.577588842163955,440,1.641892742503672,-0.29510060397112975
2019-01-24 13:30:00+00:00,08:30,0.6906957998269844,7.715959227897691,415,2.5269113652487905,0.08951522155919596
2019-01-24 14:45:00+00:00,09:45,-6.873715279203585,16.20380960105996,281,1.3682557191833282,-0.4242036563274569
2019-01-24 15:00:00+00:00,10:00,3.794884204968251,11.568132356022595,441,2.326194228835098,0.32804640266694046
2019-01-24 16:00:00+00:00,11:00,-0.04990157694407027,17.2144728001778,35,1.3383809400680042,-0.0028988152889326277
2019-01-28 13:30:00+00:00,08:30,0.18717046382601932,8.622212881769272,416,1.1562070344886315,0.021707938135205503
2019-01-28 15:30:00+00:00,10:30,-8.069136798560976,10.408793010732014,35,2.305108415804137,-0.7752231012991873
2019-01-29 14:00:00+00:00,09:00,-1.0420546588775559,4.439548791986962,67,2.365834566327798,-0.2347208483795432
2019-01-29 15:00:00+00:00,10:00,0.32376218351247577,10.298929312399437,443,0.9906766174166748,0.03143648953126428
2019-01-30 12:00:00+00:00,07:00,-1.9657518669603187,4.3658101798733036,146,2.4083678244196594,-0.4502604982741978
2019-01-30 13:15:00+00:00,08:15,1.0462283430730281,11.506135764050088,37,3.177482041114314,0.09092786357882869
2019-01-30 15:00:00+00:00,10:00,-5.608142436529744,13.318991342002207,443,1.577813689881583,-0.4210635995268008
2019-01-30 19:00:00+00:00,14:00,-10.446180552797966,19.813479148486678,77,1.830959236172758,-0.5272259593841109
2019-01-31 12:30:00+00:00,07:30,-4.326285699880043,12.144632446773308,37,2.112403783225829,-0.3562302703553197
2019-01-31 13:30:00+00:00,08:30,6.302142569879781,25.36409803004653,417,1.3124733573298546,0.24846704828274233
2019-01-31 14:45:00+00:00,09:45,-5.677314088221022,27.355035264533694,283,1.3372020005342653,-0.20754183035478532
2019-01-31 15:00:00+00:00,10:00,-2.9802079125386367,19.729063444979513,443,1.7128280368443558,-0.15105673519930898
2019-01-31 21:00:00+00:00,16:00,0.9147178204195693,8.38548525903038,30,2.1268458913132657,0.10908346889460023
2019-02-01 13:30:00+00:00,08:30,-1.0300316602277566,13.807323731667815,418,2.581052899183042,-0.07460038456730941
2019-02-01 14:45:00+00:00,09:45,-1.7543485861148973,23.228537218728743,283,2.5588781802196134,-0.07552557311703632
2019-02-01 15:00:00+00:00,10:00,-3.342006623787177,22.951029715262035,443,3.093683521599134,-0.1456146702457015
2019-02-01 21:33:00+00:00,16:33,,,0,,
2019-02-04 15:00:00+00:00,10:00,-4.665859950415528,27.47255232300806,443,2.5644927384220195,-0.16983714856765983
2019-02-05 14:45:00+00:00,09:45,5.376583297801372,16.819003316275733,283,2.8800657329185193,0.31967312192622366
2019-02-05 15:00:00+00:00,10:00,3.5600512733477414,16.92789231081528,443,1.7317559744102309,0.21030682426265282
2019-02-06 12:00:00+00:00,07:00,2.6833170593261584,7.290929969731136,147,1.9380236378751818,0.36803495170933725
2019-02-06 13:30:00+00:00,08:30,1.9066494799304776,5.754002658267599,420,1.0717428904773856,0.33136054902423817
2019-02-07 13:30:00+00:00,08:30,-2.2975102459983012,6.8758331292961765,421,2.0047737307380222,-0.334142816266031
2019-02-07 14:45:00+00:00,09:45,2.55675177322619,15.165569114543542,284,1.7257676642564663,0.16858924013437157
2019-02-07 20:00:00+00:00,15:00,9.104448045617902,20.57327824380399,38,1.930472339489116,0.44253754495153774
2019-02-12 11:00:00+00:00,06:00,1.9351990038231275,6.996472591094754,33,2.6927113118283583,0.2765963817661898
2019-02-12 15:00:00+00:00,10:00,2.7940977449708098,9.891878267947483,446,0.8922878098873429,0.2824638222676563
2019-02-13 12:00:00+00:00,07:00,0.8635948746111907,7.4472911307127445,148,2.0976741883487886,0.11596093928028568
2019-02-13 13:30:00+00:00,08:30,-0.7803436356322626,11.07783426308424,421,1.997047078531782,-0.07044189478738445
2019-02-13 19:00:00+00:00,14:00,-3.493822426316813,15.163551526707693,77,3.464962578087397,-0.23040924285864786
2019-02-14 13:30:00+00:00,08:30,2.182627547893917,18.718403165669343,422,1.9428695121425847,0.11660329829293263
2019-02-14 14:45:00+00:00,09:45,-4.331111601213202,14.345419363200934,285,1.8191631369872379,-0.30191599782181544
2019-02-14 15:00:00+00:00,10:00,-9.45109746505318,24.262877379135105,448,2.1563867756770914,-0.3895291278676067
2019-02-15 13:30:00+00:00,08:30,1.3672391954750807,9.759183160956777,422,1.5360277962706022,0.1400977082738796
2019-02-15 14:15:00+00:00,09:15,,,27,,
2019-02-15 15:00:00+00:00,10:00,-3.826572919902184,14.226024375035852,448,1.1973689926095534,-0.2689839985524797
2019-02-15 21:00:00+00:00,16:00,2.294364423415174,7.2724056029845645,30,2.3042465725613956,0.3154890621713366
2019-02-19 15:00:00+00:00,10:00,-4.428892258913495,10.579275707786532,449,1.5324760908175985,-0.4186385137551291
2019-02-20 12:00:00+00:00,07:00,-0.3831835729964487,5.153474791632312,149,1.864623393647392,-0.07435440911026152
2019-02-20 19:00:00+00:00,14:00,-5.776940075205831,18.53819493387804,78,2.2549583614611217,-0.3116236556909126
2019-02-21 13:30:00+00:00,08:30,7.563326935678723,19.068968240104724,424,2.6448237047397365,0.39663010816557875
2019-02-21 14:45:00+00:00,09:45,-0.05244342505391364,26.77492593543286,286,1.315421971026143,-0.001958676755273938
2019-02-21 15:00:00+00:00,10:00,3.682194056022638,12.94183735894713,451,1.2838610881127535,0.28451864707425123
2019-02-25 13:30:00+00:00,08:30,-0.8348842539966084,6.387836775120729,425,3.082600475399488,-0.13069905875621396
2019-02-25 15:00:00+00:00,10:00,4.17053717136376,20.882152307013495,453,2.9411419599155115,0.19971778339932136
2019-02-25 15:30:00+00:00,10:30,-4.022415654057362,15.474846832967836,36,2.3536213054879296,-0.2599325019158154
2019-02-26 13:30:00+00:00,08:30,7.29349529285764,27.019688253162737,425,2.128193200684357,0.2699326218911469
2019-02-26 14:00:00+00:00,09:00,-5.499847796930858,3.94798475887625,69,1.9975095186870666,-1.3930772616498976
2019-02-26 15:00:00+00:00,10:00,-1.705547811623702,9.621006149765813,454,2.4173979687989164,-0.1772733314036201
2019-02-27 12:00:00+00:00,07:00,2.102211938884531,3.8067743826096097,150,2.973594271230278,0.55222919133007
2019-02-27 13:30:00+00:00,08:30,0.4841747208215879,7.51423857285162,426,1.8365483922638313,0.06443430244161728
2019-02-27 15:00:00+00:00,10:00,-6.35261796660132,16.716672156157042,454,1.7886442918534198,-0.3800169021237603
2019-02-28 13:30:00+00:00,08:30,-0.8590690225208137,11.722441280633097,427,1.2348002205596125,-0.07328413953671072
2019-02-28 14:45:00+00:00,09:45,1.815867759503826,15.161226527097446,289,2.5893624174169085,0.11977050512756017
2019-02-28 16:00:00+00:00,11:00,0.9779451973415922,19.110425132402487,36,1.8316999052024217,0.05117338785328471
2019-03-01 13:30:00+00:00,08:30,-2.9752011522386947,10.344251117192108,427,1.1653140742588661,-0.2876188057049312
2019-03-01 14:45:00+00:00,09:45,-10.158884141453427,15.32849602720285,289,1.699789330777567,-0.6627450027337891
2019-03-01 15:00:00+00:00,10:00,0.308611121223309,23.1121047001078,454,2.7732513617960333,0.01335279176118779
2019-03-01 21:25:00+00:00,16:25,,,0,,
2019-03-04 15:00:00+00:00,10:00,1.4363149919842049,18.168118855630773,454,1.0946027833954222,0.0790568909966732
2019-03-05 14:45:00+00:00,09:45,-2.8936052428526913,27.41198341244151,289,1.7773377348234198,-0.10555986406803992
2019-03-05 15:00:00+00:00,10:00,-3.398130225376945,25.962801024361227,455,1.8782164964684331,-0.1308845768293042
2019-03-05 19:00:00+00:00,14:00,-7.8167760744721075,10.723827944304622,78,2.1989277923576727,-0.7289165879077315
2019-03-06 12:00:00+00:00,07:00,3.064265723885953,7.903441579429979,151,2.6526362449969625,0.38771283283237196
2019-03-06 13:15:00+00:00,08:15,0.5608261189291799,9.446566383461928,38,2.2850818356640237,0.05936825044822808
2019-03-06 13:30:00+00:00,08:30,0.563472189428015,12.059938455660145,428,2.9637454503507072,0.04672264220084457
2019-03-07 12:30:00+00:00,07:30,-1.4360168531213093,7.066908009433306,38,1.059869435017431,-0.20320299220032767
2019-03-07 13:30:00+00:00,08:30,-2.394684601571663,6.873799826552516,429,1.559655514607253,-0.3483785769148143
2019-03-07 14:45:00+00:00,09:45,-0.8235898722880464,28.47493248937992,290,1.1103818859832895,-0.028923330111325616
2019-03-07 17:00:00+00:00,12:00,,,11,,
2019-03-07 20:00:00+00:00,15:00,7.339410079753244,19.230185715635596,39,2.0192117296877035,0.3816609048026899
2019-03-08 13:30:00+00:00,08:30,0.08957794479059134,26.92444926090666,430,1.4866635603829421,0.0033270112202686843
2019-03-11 12:30:00+00:00,08:30,5.166543609870934,4.131748142431363,430,2.2228590526805356,1.250449793106372
2019-03-11 14:00:00+00:00,10:00,-0.23006506430287535,8.2441319506643,457,1.0841446017328482,-0.027906523777113616
2019-03-12 10:00:00+00:00,06:00,0.3312767928323801,7.753077700128786,34,2.580484311939822,0.04272842420073737
2019-03-12 12:30:00+00:00,08:30,4.953982224261605,11.280514724338897,430,1.729361265918538,0.43916278160365035
2019-03-13 11:00:00+00:00,07:00,-1.3867451454032673,4.546127156521385,152,1.3305996564306197,-0.30503879404560685
2019-03-13 12:30:00+00:00,08:30,-1.8343226796892285,10.685666620539957,430,3.2515336903517205,-0.1716619790629907
2019-03-13 14:00:00+00:00,10:00,-2.884359465419555,10.71046886317209,458,1.9172263585849794,-0.2693028197241126
2019-03-14 12:30:00+00:00,08:30,-2.208860526588509,6.0698247910711,431,2.1957318326930912,-0.3639084491924398
2019-03-14 13:45:00+00:00,09:45,10.912263681190737,18.491166197685054,291,1.8014325507476703,0.5901338814723792
2019-03-14 14:00:00+00:00,10:00,-0.692889956830764,18.192060962451052,459,1.9535214857004652,-0.03808749092589945
2019-03-15 12:30:00+00:00,08:30,-0.007838651968131383,7.699124008512877,431,5.656854249492378,-0.0010181225759533462
2019-03-15 13:15:00+00:00,09:15,,,28,,
2019-03-15 14:00:00+00:00,10:00,-1.5521381912628134,15.225291120532308,459,5.656854249492378,-0.10194472992175846
2019-03-15 20:00:00+00:00,16:00,0.37562977533524566,8.196811083431514,32,5.65685424949238,0.04582633069273959
2019-03-18 14:00:00+00:00,10:00,4.072549678955362,10.399621945442597,460,1.2581495602693646,0.3916055506940871
2019-03-19 14:00:00+00:00,10:00,-0.6070211372118386,19.997356276434093,461,2.357569625455808,-0.03035506938120532
2019-03-20 11:00:00+00:00,07:00,0.4135287759612745,4.6428746408713,153,1.1496350984332597,0.08906740068339862
2019-03-20 18:00:00+00:00,14:00,-9.745834167494467,20.484780924885435,80,1.8943752614739822,-0.47575974589286324
2019-03-21 12:30:00+00:00,08:30,-3.425577465364078,10.397331025453195,435,2.7717844864284826,-0.3294670004232904
2019-03-21 13:45:00+00:00,09:45,-3.6061068852554556,18.712537488213634,292,0.5216601080161456,-0.19271073672006347
2019-03-21 14:00:00+00:00,10:00,-5.724102506808352,38.16690324981426,462,1.2705279369901754,-0.14997555524330386
2019-03-22 13:45:00+00:00,09:45,8.55811250493995,17.200806128075154,293,1.1240099934200358,0.4975413617953289
2019-03-22 14:00:00+00:00,10:00,1.1358409193502699,14.791096122283346,463,0.8089978553037797,0.07679220728199329
2019-03-22 18:00:00+00:00,14:00,-3.3208202612917748,10.483625142162287,80,2.2860001959813805,-0.31676259082713093
2019-03-25 12:30:00+00:00,08:30,-1.2746459461983133,6.328208123708122,436,1.0740775616724847,-0.2014228864286171
2019-03-25 14:30:00+00:00,10:30,-7.696784690846225,9.55186314717395,37,2.722984898954666,-0.8057888364034428
2019-03-26 12:30:00+00:00,08:30,-3.3211528630654548,15.311174464209943,436,1.7639795949456283,-0.2169103925259744
2019-03-26 13:00:00+00:00,09:00,0.807029752935841,11.008179723304428,70,3.2530603659309207,0.073311825680621
2019-03-26 14:00:00+00:00,10:00,-12.305560237156286,29.924475760151132,465,1.7982351810870745,-0.4112205786255731
2019-03-27 11:00:00+00:00,07:00,0.347853774124315,3.874931692296203,154,1.7473664827528987,0.08977029835542318
2019-03-27 12:30:00+00:00,08:30,-2.4379888633053444,6.134206075824089,437,1.4879550342181316,-0.3974416302891841
2019-03-27 14:00:00+00:00,10:00,-4.5184027467726136,16.450369222531776,465,1.3140391176351118,-0.2746687740348003
2019-03-28 12:30:00+00:00,08:30,-2.0404543558385355,12.255206675293099,438,1.3780917705625053,-0.16649693553941924
2019-03-28 13:45:00+00:00,09:45,0.5438911666495119,17.717511610727144,295,2.1598925459603184,0.030697943289068347
2019-03-28 14:00:00+00:00,10:00,8.86629876857808,14.80459599825343,465,2.3041318741831582,0.5988882621061784
2019-03-28 15:00:00+00:00,11:00,-0.9975972508218035,17.638913759239056,37,1.5411756582966196,-0.05655661479150176
2019-03-29 12:30:00+00:00,08:30,2.367847361406215,6.867814519046735,439,2.3801397944196108,0.34477450648082975
2019-03-29 13:45:00+00:00,09:45,0.17784174156552224,15.314980004041642,295,0.8348966798825286,0.01161227383376208
2019-03-29 14:00:00+00:00,10:00,-5.415787518266175,19.339055969844622,465,1.3130109619700283,-0.28004404799856875
2019-04-01 12:30:00+00:00,08:30,-0.6294996415772597,10.810737571836622,440,2.6721414597549695,-0.0582291113251318
2019-04-01 13:45:00+00:00,09:45,6.325606310819323,21.189960599716347,295,0.8469090878892281,0.298519021828856
2019-04-01 14:00:00+00:00,10:00,5.601368065710167,15.909866034821547,466,1.933936746472209,0.3520688391373369
2019-04-02 12:30:00+00:00,08:30,0.7773054506009777,10.71169460203958,441,2.494559060637875,0.07256605789087502
2019-04-03 11:00:00+00:00,07:00,-0.6337446968681794,12.155456723446765,155,2.4023644643039135,-0.052136642109526316
2019-04-03 12:15:00+00:00,08:15,-0.7594765057538798,7.112032882525307,39,2.249038412802948,-0.10678754138214958
2019-04-03 13:45:00+00:00,09:45,-6.619081823149105,24.11651121177693,295,1.1499154505894553,-0.2744626602506575
2019-04-03 14:00:00+00:00,10:00,-7.741591087919272,16.368967940077393,467,1.7395900827960498,-0.4729431394978143
2019-04-04 11:30:00+00:00,07:30,-3.2405701062975334,11.216756791695703,39,3.4262222686772885,-0.28890437463141583
2019-04-04 12:30:00+00:00,08:30,-0.21879829540044177,7.054363457673041,443,2.5310637945473684,-0.03101602245379837
2019-04-04 13:45:00+00:00,09:45,-2.3613171221076206,19.752236603064254,296,0.6511934603376269,-0.1195468224464919
2019-04-05 12:30:00+00:00,08:30,1.68074839087347,12.4268300389436,443,1.372023642827783,0.13525157949423036
2019-04-05 19:00:00+00:00,15:00,1.3649499965841054,7.9605172514543705,40,3.277812645110231,0.17146498819969666
2019-04-08 14:00:00+00:00,10:00,11.49457817058183,21.076119837118696,469,1.6669878732305194,0.5453839824130193
2019-04-09 10:00:00+00:00,06:00,0.20646604603111685,7.837202373870282,35,2.0050037814324373,0.02634435557253025
2019-04-09 14:00:00+00:00,10:00,-9.410042820411164,22.39513408696481,470,1.9706701611732618,-0.42018247284745314
2019-04-10 11:00:00+00:00,07:00,0.8319402952770506,7.010768616365631,156,0.8727911663948666,0.11866606085601022
2019-04-10 12:30:00+00:00,08:30,1.2181228494288998,10.872843563623515,443,1.6569889641255635,0.11203351196041164
2019-04-10 18:00:00+00:00,14:00,-6.558479910621086,10.596252443736573,82,2.3343611350804743,-0.618943342983282
2019-04-11 12:30:00+00:00,08:30,-1.4649580481594047,14.600372106553472,444,2.0947267908133074,-0.1003370350747327
2019-04-11 13:45:00+00:00,09:45,-1.794273661744887,20.62272238146825,297,1.8326109586984056,-0.08700469455755444
2019-04-12 12:30:00+00:00,08:30,1.39420882980941,5.583291146278183,444,1.184896644332763,0.2497109309334134
2019-04-12 14:00:00+00:00,10:00,-8.81464518650835,29.252895774413133,472,1.4061593505491634,-0.3013255595098495
2019-04-15 12:30:00+00:00,08:30,7.09308279747004,25.06645101419118,445,1.8980259961003758,0.28297116306789283
2019-04-15 20:00:00+00:00,16:00,0.8348559421533213,9.153321732768596,32,2.5018908205124397,0.0912079752604526
2019-04-16 13:15:00+00:00,09:15,,,28,,
2019-04-16 14:00:00+00:00,10:00,-3.3271285208465464,15.601438905483759,473,1.099053926791379,-0.2132577989121947
2019-04-17 11:00:00+00:00,07:00,3.769847749195298,4.841445180974971,157,2.5567779851756263,0.7786616616066125
2019-04-17 12:30:00+00:00,08:30,-0.5474212880840482,6.629957256954456,447,1.961676871929119,-0.08256784574437999
2019-04-17 14:00:00+00:00,10:00,-6.3164907399081995,16.406302176450232,474,1.3926793414867698,-0.38500392544122175
2019-04-18 12:30:00+00:00,08:30,2.3381350255701743,13.046235380071774,448,1.6170156898693098,0.17921913544053433
2019-04-18 13:45:00+00:00,09:45,-5.930318234834218,15.785268752252552,299,1.0641956384832654,-0.37568687159589625
2019-04-18 14:00:00+00:00,10:00,-10.413025326993251,21.37317943985655,475,2.023279687112986,-0.4872005756698565
2019-04-19 12:30:00+00:00,08:30,-1.2292804582522308,8.845592812402751,449,5.656854249492378,-0.1389709524644418
2019-04-22 12:30:00+00:00,08:30,-1.762721495317605,6.8551408243622225,450,2.1176174548893836,-0.2571386263945354
2019-04-22 14:00:00+00:00,10:00,-15.396288612900406,28.404680404617853,477,1.3901892363290915,-0.5420335097450129
2019-04-23 13:00:00+00:00,09:00,-3.249892927620936,8.18565618962179,71,0.9907396065620312,-0.39702289619020686
2019-04-23 14:00:00+00:00,10:00,1.2668579224635592,12.118624990898093,477,2.1829777210129597,0.10453809103054638
2019-04-24 11:00:00+00:00,07:00,1.7465400330948277,6.184501346266194,158,2.197882377962864,0.2824059589136118
2019-04-25 12:30:00+00:00,08:30,0.3172572846676974,6.706296071035003,452,1.8143665582366302,0.04730737821700946
2019-04-25 13:45:00+00:00,09:45,-2.956029976475236,15.169680353831826,303,0.8045066806675789,-0.1948643549188925
2019-04-25 15:00:00+00:00,11:00,2.5486248536295264,13.99387599135998,38,1.9970761259424927,0.1821242988863903
2019-04-26 12:30:00+00:00,08:30,2.974182344970746,9.472926896694773,453,1.3911199831413208,0.3139665678206043
2019-04-26 14:00:00+00:00,10:00,4.735310272655785,10.859705415224733,478,2.381152058179134,0.43604408145520507
2019-04-29 12:30:00+00:00,08:30,-0.4499951863897388,7.586458002573538,453,1.9646765531099868,-0.05931558393087893
2019-04-29 14:30:00+00:00,10:30,-3.379770796471754,15.090318294067393,38,2.4137576665838845,-0.22396948365234132
2019-04-30 12:30:00+00:00,08:30,-5.594647611661533,12.912067019713255,453,2.4209191092512805,-0.4332883033460104
2019-04-30 13:00:00+00:00,09:00,-0.3801313301335024,8.917289149856407,71,2.5060373117126415,-0.04262857509107727
2019-04-30 13:45:00+00:00,09:45,-9.41360108843664,26.222236630154246,303,1.0108111333313388,-0.3589930645966132
2019-04-30 14:00:00+00:00,10:00,-1.6543632029880302,9.867045167569033,480,1.4216459588486283,-0.1676655143350904
2019-05-01 11:00:00+00:00,07:00,-0.632462478016925,4.176279854886588,159,1.2258472301920096,-0.15144159395278367
2019-05-01 12:15:00+00:00,08:15,0.626955107814463,10.48204793508369,40,2.571551812771448,0.059812272534647326
2019-05-01 13:45:00+00:00,09:45,-2.2522687510648196,17.511508429066144,303,1.7697305217073738,-0.1286164901320799
2019-05-01 14:00:00+00:00,10:00,-4.217557116311268,20.28289693544772,480,2.401660047943932,-0.207936624128893
2019-05-01 18:00:00+00:00,14:00,-5.782802149378754,10.843817782796132,84,3.3024918590705785,-0.5332810146029243
2019-05-02 11:30:00+00:00,07:30,-4.45017161116098,10.825964060321274,40,1.9524166253627386,-0.41106469468816204
2019-05-02 12:30:00+00:00,08:30,2.183809537307153,11.134692564874673,455,1.6647370631149114,0.19612661279900664
2019-05-02 13:45:00+00:00,09:45,0.8697208422535057,22.96445038233042,304,2.393488086067987,0.03787248672507732
2019-05-02 14:00:00+00:00,10:00,0.4475708158797387,11.866242767006414,480,1.2334125603622326,0.03771798914515641
2019-05-03 12:30:00+00:00,08:30,-0.525386640646893,15.212906431907452,456,2.632472275785527,-0.034535586148413455
2019-05-03 13:45:00+00:00,09:45,3.1268193000378175,18.888567595579683,304,1.5966198403752199,0.16554030813694726
2019-05-03 14:00:00+00:00,10:00,1.9812590520255855,17.066119522356683,481,2.3311576133003453,0.11609311943644414
2019-05-07 14:00:00+00:00,10:00,-8.141152121901277,15.961065838845638,482,1.3561998496262218,-0.5100631877657911
2019-05-07 19:00:00+00:00,15:00,2.689839505505121,7.24042333330852,41,2.68412295290434,0.37150307125425985
2019-05-08 11:00:00+00:00,07:00,1.2325612775490633,4.859942938689591,160,3.309302561158283,0.2536164093073497
2019-05-09 12:30:00+00:00,08:30,-2.5508343378617306,8.957178041181114,459,2.083329430397327,-0.2847810243509876
2019-05-09 13:45:00+00:00,09:45,7.673303177950505,21.95087646947307,305,2.2986421402235826,0.3495670520774746
2019-05-09 14:00:00+00:00,10:00,-0.6531040344771045,14.057080239029393,484,1.1578725843943285,-0.04646085982092962
2019-05-10 12:30:00+00:00,08:30,4.096970195031766,14.731837047010494,459,2.5779013290517696,0.27810314368520367
2019-05-10 18:00:00+00:00,14:00,-0.10776454093015708,11.95692175481421,84,1.718740878466535,-0.009012732803638854
2019-05-14 09:03:00+00:00,05:03,,,0,,
2019-05-14 12:30:00+00:00,08:30,6.021986969300056,23.242427552112574,460,1.611957160495416,0.25909457847283685
2019-05-14 14:00:00+00:00,10:00,-3.9986441597047966,16.834453774735618,486,2.1881974710602368,-0.23752740737604328
2019-05-15 11:00:00+00:00,07:00,2.075459260089319,6.580281284082891,161,1.5737855289769291,0.31540585736200494
2019-05-15 12:30:00+00:00,08:30,-2.858652826798517,12.575027519023491,460,1.575896851401747,-0.2273277591221132
2019-05-15 13:15:00+00:00,09:15,,,29,,
2019-05-15 14:00:00+00:00,10:00,6.0565102590314615,12.604797592225072,486,2.522713575759485,0.4804924644539517
2019-05-15 20:00:00+00:00,16:00,2.1539227479624645,3.842957144875237,33,1.9407680292119331,0.5604857579103689
2019-05-16 12:30:00+00:00,08:30,-3.1191196457684582,9.265855502716908,461,2.2716437955197746,-0.3366251119342276
2019-05-16 13:45:00+00:00,09:45,6.004909142107473,19.280248283371865,306,1.2697716081377806,0.3114539322238071
2019-05-17 14:00:00+00:00,10:00,-3.308777261638653,14.841927368577199,487,1.670320262692984,-0.22293447336522335
2019-05-20 12:30:00+00:00,08:30,-0.23855615024461882,9.127347032333798,463,1.7336474535174573,-0.026136417230497446
2019-05-21 14:00:00+00:00,10:00,1.3561759504517203,11.902624676568506,488,2.513937746449327,0.11393923502616082
2019-05-22 11:00:00+00:00,07:00,-0.5021713231499508,3.5824098083004716,162,1.4941248312736786,-0.14017696188370632
2019-05-22 18:00:00+00:00,14:00,-5.422481056461563,12.953009045530214,85,1.3624027301931292,-0.41862713423586595
2019-05-23 12:30:00+00:00,08:30,0.030714379958633242,5.810347592393649,465,1.8590670347144167,0.005286151898871174
2019-05-23 13:45:00+00:00,09:45,-3.3398709089255103,27.487517497187323,309,0.8269871537545189,-0.12150500347174911
2019-05-23 14:00:00+00:00,10:00,-3.2872225988516948,12.213841066049,490,1.0958781000914066,-0.2691391333058392
2019-05-23 15:00:00+00:00,11:00,3.427080629207803,14.564345305387917,39,1.808228788142265,0.23530619175446169
2019-05-24 12:30:00+00:00,08:30,0.5170709871455443,5.043984270843325,466,2.2995975067433374,0.10251241070168783
2019-05-28 13:00:00+00:00,09:00,-1.6883562070313123,7.356131748500906,73,3.857436343810021,-0.22951685270935768
2019-05-28 14:00:00+00:00,10:00,-1.7370231968017813,13.531091072947197,492,1.6695574699703157,-0.12837273708656236
2019-05-28 14:30:00+00:00,10:30,-5.258069474773126,13.921618626002235,39,1.6274870066876297,-0.3776909579287222
2019-05-29 11:00:00+00:00,07:00,1.1930625869592446,8.742518861235848,163,1.5665983108908856,0.13646668722091754
2019-05-29 14:00:00+00:00,10:00,0.8260985106848981,10.438074383418254,492,2.3059744743222037,0.07914280741256492
2019-05-30 12:30:00+00:00,08:30,-2.654913897582622,10.769814502403484,467,1.249404638011503,-0.24651435704766583
2019-05-30 13:45:00+00:00,09:45,-3.4843621449581943,15.770224426349998,311,1.331592796820081,-0.22094562834098147
2019-05-30 14:00:00+00:00,10:00,-4.2163832429475985,9.233692702536906,493,1.6143565751223137,-0.4566302322135076
2019-05-31 12:30:00+00:00,08:30,1.3037455908483455,10.079121405683141,468,1.6999469940386698,0.12935111488122614
2019-05-31 13:45:00+00:00,09:45,2.9696410510322773,12.725648674118487,311,1.0144208826757781,0.23335871727088883
2019-05-31 14:00:00+00:00,10:00,3.8560553528645958,19.339667735869746,493,1.6865653272864414,0.19938581187269713
2019-06-03 13:45:00+00:00,09:45,-3.962179217616514,12.273569059216493,311,0.7621236322772853,-0.3228220901760622
2019-06-03 14:00:00+00:00,10:00,0.7369587582384535,14.679798272287425,493,1.1248218046936709,0.05020224015133007
2019-06-04 14:00:00+00:00,10:00,2.63946958925833,20.537016112807578,494,2.9218337253374798,0.12852254557137283
2019-06-05 11:00:00+00:00,07:00,-0.7291323869115349,4.787075765848681,164,1.566134780147073,-0.15231268995431704
2019-06-05 12:15:00+00:00,08:15,-1.3937677442778988,5.635039953739267,41,4.0817461722138235,-0.24733946089468817
2019-06-05 13:45:00+00:00,09:45,0.20509776076155561,18.172946882634307,311,2.1392528754986606,0.011285883466568804
2019-06-05 14:00:00+00:00,10:00,1.6584627816248125,21.110094989713136,495,1.499669673742225,0.07856254471772746
2019-06-06 11:30:00+00:00,07:30,0.9651508773052155,9.368617495703761,41,1.4440254595874584,0.10301956267803784
2019-06-06 12:30:00+00:00,08:30,-3.539417145449717,9.881005763546096,471,1.748716956775669,-0.35820413732655193
2019-06-06 13:45:00+00:00,09:45,6.254177580117964,18.34150701272718,312,1.971522049369616,0.340984935195248
2019-06-06 16:00:00+00:00,12:00,,,12,,
2019-06-07 12:30:00+00:00,08:30,2.6361219187960203,26.634385346339446,471,2.217100890882145,0.098974385348762
2019-06-07 14:00:00+00:00,10:00,4.641611844610166,7.789276210700378,496,1.0898666384443072,0.5958977084717878
2019-06-07 19:00:00+00:00,15:00,5.65939987057264,17.915574762213236,42,1.7189432428519744,0.3158927327583821
2019-06-10 14:00:00+00:00,10:00,-17.62928204070939,19.486574149046497,496,1.9171971315660634,-0.9046886284817803
2019-06-11 10:00:00+00:00,06:00,-0.2892950813931768,8.150690413695456,36,3.4287370049557304,-0.03549332224753372
2019-06-11 12:30:00+00:00,08:30,-2.88280059840014,12.134488919819939,472,1.9247252933607488,-0.23757082951318212
2019-06-12 11:00:00+00:00,07:00,4.262038901622314,10.12907548227816,165,1.521295227124484,0.42077274565474226
2019-06-12 12:30:00+00:00,08:30,3.2110493033826355,5.644055566017991,472,1.5449297803088198,0.5689258842021117
2019-06-12 18:00:00+00:00,14:00,-1.4683774492304331,14.47979600147967,87,3.285343869632826,-0.10140871108131508
2019-06-13 12:30:00+00:00,08:30,-1.8377874112250092,6.893908563896137,473,2.287471359011484,-0.26658134412307494
2019-06-13 13:45:00+00:00,09:45,-4.33559546186129,22.93798101858956,313,1.2758217531795664,-0.18901382202503378
2019-06-14 12:30:00+00:00,08:30,1.0291011210520233,9.380056952533337,474,3.2128048251025745,0.10971160689744926
2019-06-14 13:15:00+00:00,09:15,2.9760031766489754,23.39083589342126,30,3.1097653859596868,0.1272294496104769
2019-06-14 14:00:00+00:00,10:00,-1.8502125148676467,19.546552892766332,498,1.8682963737784872,-0.0946567164562485
2019-06-17 12:30:00+00:00,08:30,1.419276819940698,11.75822310949806,474,1.7707063303719017,0.12070504248165136
2019-06-17 14:00:00+00:00,10:00,0.17017893527214517,19.1287858872669,498,2.3951890107701574,0.00889648387906443
2019-06-17 20:00:00+00:00,16:00,3.3055998275202856,4.182536107673688,34,2.528236776516262,0.7903338411007402
2019-06-18 12:30:00+00:00,08:30,2.6285995759287184,9.985565074446122,474,2.822003843750995,0.2632399424901371
2019-06-19 11:00:00+00:00,07:00,4.172583873986012,6.395597266168215,166,2.369939928277856,0.6524150443397019
2019-06-19 18:00:00+00:00,14:00,-0.006198968765479762,21.055377825586017,87,3.0620476400979815,-0.00029441261120220395
2019-06-20 12:30:00+00:00,08:30,3.9834809874689805,6.939013824005017,475,2.303246840050072,0.5740701904481608
2019-06-20 13:45:00+00:00,09:45,-2.4363277940241845,16.586635636204797,314,1.652269864495127,-0.146884989063499
2019-06-20 14:00:00+00:00,10:00,-1.1852885395599686,30.06592429023107,501,2.5412313658109236,-0.039422986904317094
2019-06-21 13:45:00+00:00,09:45,1.3864537683451648,14.18022787979778,315,5.656854249492379,0.09777372973818081
2019-06-21 14:00:00+00:00,10:00,1.470539944323124,12.36129311341239,502,5.656854249492378,0.11896327761434133
2019-06-24 12:30:00+00:00,08:30,0.3299034268013482,5.981234325138496,476,1.530842170574455,0.055156412350340286
2019-06-24 14:30:00+00:00,10:30,-9.553182654914664,11.187691381230119,40,2.735954506741174,-0.853901160604259
2019-06-25 13:00:00+00:00,09:00,-0.9987087562831876,4.635322770245444,74,0.8412231554683778,-0.2154561409820238
2019-06-25 14:00:00+00:00,10:00,-4.969332046741584,18.2915380023038,504,1.0787801483673143,-0.2716738224044201
2019-06-26 11:00:00+00:00,07:00,-1.4436740776849706,4.424672073669334,167,1.6577319499126486,-0.3262782085651258
2019-06-26 12:30:00+00:00,08:30,1.1099264582077362,6.16467525863607,476,1.9552591713211207,0.1800462168145588
2019-06-27 12:30:00+00:00,08:30,-0.0847432819222288,8.04044868725848,477,1.4493652120906853,-0.01053962101101641
2019-06-27 13:45:00+00:00,09:45,-4.051567091214927,18.204856038627486,318,1.9015058939482432,-0.2225541955738742
2019-06-27 14:00:00+00:00,10:00,-14.02429888875203,26.225145478211815,505,1.786313602456359,-0.5347653419274108
2019-06-27 15:00:00+00:00,11:00,-2.141111894666321,17.398402500874045,40,2.0402524073435124,-0.12306370625456893
2019-06-28 12:30:00+00:00,08:30,1.0578313707225244,8.745580888319235,478,2.241429354957007,0.12095610162789577
2019-06-28 13:45:00+00:00,09:45,-1.1386861837030966,16.44733273472671,318,0.9616780804063629,-0.06923227018438605
2019-06-28 14:00:00+00:00,10:00,-0.11892094281364318,12.086975709877573,506,1.2914442532606532,-0.009838767419418245
2019-07-01 13:45:00+00:00,09:45,10.500563900461554,24.797612259209135,318,1.8562480771972183,0.4234506044654336
2019-07-01 14:00:00+00:00,10:00,-9.689213605480637,21.006624550311827,507,1.3999200564027559,-0.46124562193581015
2019-07-03 11:00:00+00:00,07:00,1.2192553377284074,2.638269142076884,168,5.656854249492378,0.4621421364040941
2019-07-03 11:30:00+00:00,07:30,-2.8968444490730167,9.182198545272142,42,5.656854249492378,-0.31548484110753455
2019-07-03 12:15:00+00:00,08:15,-3.9877402643519537,9.033360770298778,42,5.656854249492379,-0.44144592093160245
2019-07-03 12:30:00+00:00,08:30,-0.16327300912409892,7.892231298490769,480,5.656854249492378,-0.020687813490124347
2019-07-03 13:45:00+00:00,09:45,6.455918463225019,9.649094913687415,318,5.656854249492379,0.6690698475840653
2019-07-03 14:00:00+00:00,10:00,2.757234617015568,12.123225224233472,507,5.656854249492378,0.2274340834239432
2019-07-05 12:30:00+00:00,08:30,-3.8322186656696613,11.215095482717661,482,2.0700202885007033,-0.3417018313910094
2019-07-08 19:00:00+00:00,15:00,4.424094951038302,14.604385647708153,43,2.5197954218109904,0.3029292061821559
2019-07-09 10:00:00+00:00,06:00,2.5934408361321193,6.477203378036384,37,2.2839713585392993,0.4003951527793993
2019-07-09 14:00:00+00:00,10:00,6.2159518045347015,20.21537290157866,509,2.0760499678797784,0.30748637854952876
2019-07-10 11:00:00+00:00,07:00,-1.1625731669654744,5.980124933207942,169,1.5504465017954159,-0.19440616708685227
2019-07-10 14:00:00+00:00,10:00,2.950458860658853,10.507053610855307,509,1.161290072455736,0.280807443259888
2019-07-10 18:00:00+00:00,14:00,-2.705637940279728,13.439932824436195,89,1.2380306050248824,-0.20131335294774658
2019-07-11 12:30:00+00:00,08:30,0.8367990822870636,14.498719295641129,485,3.5900350281340603,0.05771537921550336
2019-07-11 13:45:00+00:00,09:45,3.993290138742824,11.692136543634135,320,2.0681885833046563,0.34153639275766057
2019-07-11 18:00:00+00:00,14:00,-5.126603883985214,15.017152590094177,89,2.8244356487468334,-0.34138321850487796
2019-07-12 12:30:00+00:00,08:30,-0.9748385189865745,8.258582090857166,485,1.7241613182468505,-0.11803945377812368
2019-07-15 12:30:00+00:00,08:30,2.757251744568517,5.437678376405979,486,2.1197327654849323,0.5070641464438572
2019-07-16 12:30:00+00:00,08:30,6.905825327744499,24.002898524735656,486,1.5680466324206976,0.2877079749609346
2019-07-16 13:15:00+00:00,09:15,5.470166454082973,25.053332888397264,31,2.616436770883478,0.21834086819707427
2019-07-16 14:00:00+00:00,10:00,-10.738344129436818,25.593311804120397,511,1.8145774476757506,-0.4195761850448756
2019-07-16 20:00:00+00:00,16:00,1.3330223686824727,3.5027891899929777,35,1.977454421643006,0.3805602610887197
2019-07-17 11:00:00+00:00,07:00,-0.8064478612424862,3.6410630918458406,170,1.4318892498102138,-0.22148692315948215
2019-07-17 12:30:00+00:00,08:30,-2.4779454870017474,7.91187677238311,487,2.9028870515064322,-0.3131931346113943
2019-07-18 12:30:00+00:00,08:30,-1.663399995711312,6.155767846962451,488,2.175802532975404,-0.2702181169051254
2019-07-18 13:45:00+00:00,09:45,3.3991042444954735,22.89290158284718,321,2.734885201508218,0.1484785243231159
2019-07-18 14:00:00+00:00,10:00,0.6681058225017473,15.394747028070364,512,1.6233275979854613,0.04339829821714779
2019-07-19 14:00:00+00:00,10:00,-4.325595460110571,20.264736618115098,513,1.8182443256742062,-0.2134543143404995
2019-07-22 12:30:00+00:00,08:30,-1.8234828234985012,7.577978997552864,489,2.3115484316752166,-0.2406291735682236
2019-07-23 13:00:00+00:00,09:00,0.9690674537273276,12.158181463223343,75,3.154551238792478,0.0797049671168842
2019-07-23 14:00:00+00:00,10:00,2.936699336025188,25.703758791443132,514,1.791442903791445,0.11425174659679833
2019-07-24 11:00:00+00:00,07:00,0.5346825716662591,7.386611824959461,170,1.0539949661721701,0.07238536210330689
2019-07-24 13:45:00+00:00,09:45,-1.5695875681702307,12.586049508155444,323,1.8722713453568944,-0.12470851693004842
2019-07-24 14:00:00+00:00,10:00,-1.4335229801649256,16.833983060809416,514,1.373959156345304,-0.08515649415747949
2019-07-25 12:30:00+00:00,08:30,-2.8779500561299107,13.683321412956786,489,2.5464368329269207,-0.21032540048388906
2019-07-25 13:45:00+00:00,09:45,-3.317732310731655,15.358722254344345,323,0.9269629673923665,-0.21601616695641504
2019-07-25 15:00:00+00:00,11:00,1.0839349842158188,18.967592432632323,41,2.4156418029798545,0.057146682588507636
2019-07-26 12:30:00+00:00,08:30,-1.4651479291605738,7.288120810773488,490,1.7663420904576197,-0.20103233291560624
2019-07-29 14:30:00+00:00,10:30,-4.7205535017174665,13.72417250978107,41,1.912888074702847,-0.34395906189266995
2019-07-30 12:30:00+00:00,08:30,-2.541587555994546,9.122993190833366,490,1.6684241203799672,-0.2785914121418277
2019-07-30 13:00:00+00:00,09:00,-1.401335378946138,8.532452704350025,75,2.1194444697210315,-0.16423593865708833
2019-07-30 14:00:00+00:00,10:00,-0.2797744705249006,10.714319908852382,515,1.7269233109822593,-0.026112200578754928
2019-07-31 11:00:00+00:00,07:00,1.25616913954397,5.446658120813022,171,2.11846809551261,0.23063117083553278
2019-07-31 12:15:00+00:00,08:15,-0.15568507132617354,10.822345708897519,42,1.8851938044881518,-0.014385520063194627
2019-07-31 12:30:00+00:00,08:30,-2.6015754970633136,7.5068587617287275,490,2.555576247997859,-0.3465598034595507
2019-07-31 13:45:00+00:00,09:45,1.1623797447885396,23.52283210831228,323,1.1822471129255387,0.04941495732470873
2019-07-31 18:00:00+00:00,14:00,-5.420837935002617,21.21851653632634,90,2.867368394687464,-0.255476763689963
2019-08-01 11:30:00+00:00,07:30,-3.044008329784881,10.081545109154373,42,2.058555669623279,-0.3019386707917244
2019-08-01 12:30:00+00:00,08:30,5.563863392586987,24.157922154537037,491,1.7119262043827632,0.23031216662572335
2019-08-01 13:45:00+00:00,09:45,-2.314204372030535,19.289725219359795,324,1.6971825970216352,-0.1199708313992946
2019-08-01 14:00:00+00:00,10:00,-0.39522914928038455,11.05372056510605,516,1.5729902744782673,-0.035755304917696976
2019-08-02 12:30:00+00:00,08:30,1.1849802914719372,6.989403028414518,492,1.7117845498185373,0.16953955676250923
2019-08-02 14:00:00+00:00,10:00,-1.6648649312669748,12.781909626236056,516,1.9253280051513941,-0.1302516587857643
2019-08-05 13:45:00+00:00,09:45,-4.249792565204711,13.77626731824632,324,0.8391529115977912,-0.30848650559908686
2019-08-05 14:00:00+00:00,10:00,-8.396394831135096,17.85874717756229,516,1.2324810998243432,-0.47015587082638793
2019-08-06 14:00:00+00:00,10:00,-5.084262142431119,20.129624547373858,517,2.018003317125086,-0.25257610396386754
2019-08-07 11:00:00+00:00,07:00,1.8535669372612433,6.326344226759556,172,1.4213705889570578,0.2929917928621261
2019-08-07 19:00:00+00:00,15:00,-1.3693593714439887,6.521161397035079,44,1.2466009845083081,-0.20998703882203923
2019-08-08 12:30:00+00:00,08:30,-6.903180523171814,13.277712910507624,496,2.138550404260574,-0.5199073492324738
2019-08-08 13:45:00+00:00,09:45,2.688166526005643,16.029623795585422,325,1.7109670562147081,0.16769991362779002
2019-08-08 14:00:00+00:00,10:00,-6.581435065810345,9.662107729117206,518,2.639201206118706,-0.6811593547003091
2019-08-09 12:30:00+00:00,08:30,-1.1214282900222536,8.369984071585945,496,1.3236527952919865,-0.1339821295274897
2019-08-12 18:00:00+00:00,14:00,3.045064273240288,12.107100546305976,91,1.419605572285915,0.2515106124372094
2019-08-13 10:00:00+00:00,06:00,3.0985785550282428,7.077666410814418,38,2.7014386760779607,0.4377966373625249
2019-08-13 12:30:00+00:00,08:30,0.6802377276144911,5.363456646557838,497,2.345087673226753,0.12682823269412544
2019-08-13 14:00:00+00:00,10:00,1.4891924328813126,12.213315942778044,520,0.9049470924272968,0.12193186845067241
2019-08-14 11:00:00+00:00,07:00,2.133038277900056,11.61891178776406,173,2.821005335671374,0.18358330942372503
2019-08-14 12:30:00+00:00,08:30,1.065412914532054,16.27084273355133,497,2.635444392578544,0.06547988521424994
2019-08-15 12:30:00+00:00,08:30,-2.1143428765897396,7.260291443612522,498,2.0795005522178576,-0.2912201105163487
2019-08-15 13:15:00+00:00,09:15,-6.619834148723943,11.839562494474988,32,2.3638676575002937,-0.5591282745298345
2019-08-15 13:45:00+00:00,09:45,-4.796034121560991,13.58535216860828,327,1.6805808617093507,-0.35302979724318106
2019-08-15 14:00:00+00:00,10:00,-1.4187953899580368,18.534549506999827,521,1.835891015845629,-0.07654868489909664
2019-08-15 20:00:00+00:00,16:00,2.7773778808022604,7.531115637951153,36,1.5888849948535562,0.36878704488434183
2019-08-16 12:30:00+00:00,08:30,-0.013932472336713936,6.1762520694183,499,2.150226772077292,-0.0022558134253782393
2019-08-16 14:00:00+00:00,10:00,7.29394520166923,17.99420078252498,521,1.3574623951945244,0.40534977295311303
2019-08-21 11:00:00+00:00,07:00,0.7694209556330899,3.7499312366207342,174,2.948673785483715,0.2051826839167474
2019-08-21 14:00:00+00:00,10:00,-1.4738396554862165,9.876120710436009,522,1.588666889860623,-0.14923264900243913
2019-08-21 18:00:00+00:00,14:00,-8.489084358781026,29.066236106689637,92,1.7924851909026511,-0.2920599807839327
2019-08-22 12:30:00+00:00,08:30,2.224017104569383,7.57419425471942,502,2.317633638257901,0.2936308509890165
2019-08-22 13:45:00+00:00,09:45,1.0990957999308952,15.618993152630926,329,1.0560152089039239,0.07036918380015802
2019-08-22 14:00:00+00:00,10:00,-4.970399102922898,30.594083781446624,523,1.776762864496412,-0.1624627538588729
2019-08-22 15:00:00+00:00,11:00,-3.5036569758853235,16.724662709439542,42,1.7823075971506666,-0.20949044155657798
2019-08-23 14:00:00+00:00,10:00,0.17991558473533753,13.076020188031757,524,2.3989812192924487,0.013759200593771719
2019-08-26 12:30:00+00:00,08:30,-1.6158237878332096,7.658119587742812,503,2.1103163314845825,-0.21099484923419232
2019-08-26 14:30:00+00:00,10:30,-6.660055511918124,13.086076678657612,42,1.3028309594033332,-0.5089421127097753
2019-08-27 13:00:00+00:00,09:00,-2.035647884337734,7.2579394939287,77,2.196219170454494,-0.28047187304889537
2019-08-27 14:00:00+00:00,10:00,4.337126999665133,13.02689963871742,526,2.1573892838260442,0.33293624115861775
2019-08-28 11:00:00+00:00,07:00,1.0162933274175876,4.417553734377237,175,2.7386959505973336,0.23005794349683426
2019-08-29 12:30:00+00:00,08:30,1.0911767709969622,7.746962805547294,504,1.847963280695251,0.1408522021321199
2019-08-29 13:45:00+00:00,09:45,-6.472017182271041,10.473965064611209,331,1.1974367116597688,-0.6179147192440326
2019-08-29 14:00:00+00:00,10:00,4.1169536223495085,24.554878521393245,527,2.3028360009918027,0.16766336753662392
2019-08-30 12:30:00+00:00,08:30,-1.3392192055937397,11.776585231274925,505,2.164059781114098,-0.11371880551903897
2019-08-30 13:45:00+00:00,09:45,4.448879221266199,12.842661819219035,331,1.2983185412584681,0.34641410666194244
2019-08-30 14:00:00+00:00,10:00,-8.263177518687467,14.439978167767794,527,1.9075836749340114,-0.5722430756254274
2019-09-03 13:45:00+00:00,09:45,4.3562837729789585,14.857044644004338,331,5.656854249492379,0.29321334608339933
2019-09-03 14:00:00+00:00,10:00,3.4690639253290048,9.899275617061383,528,5.656854249492378,0.3504361389180921
2019-09-04 11:00:00+00:00,07:00,2.3548123777770757,2.1066796143581747,176,5.656854249492378,1.117783815691641
2019-09-04 12:30:00+00:00,08:30,-2.112539545058904,8.420358043798219,507,5.656854249492378,-0.25088476452789754
2019-09-05 11:30:00+00:00,07:30,-2.143209783899501,8.66661360371272,43,5.656854249492378,-0.24729495070385554
2019-09-05 12:15:00+00:00,08:15,-2.915440335335484,11.11608406995428,43,5.656854249492379,-0.2622722459625546
2019-09-05 12:30:00+00:00,08:30,-3.6297611340920723,8.958309368161274,508,5.656854249492378,-0.4051837221644305
2019-09-05 13:45:00+00:00,09:45,0.8298803551518,7.877419300182517,332,5.656854249492379,0.10534926776496105
2019-09-05 14:00:00+00:00,10:00,3.3101708874932916,9.972561534013106,529,5.656854249492378,0.3319278478456507
2019-09-06 12:30:00+00:00,08:30,-1.9606115262823167,7.86961465328576,509,5.656854249492378,-0.24913691618479852
2019-09-09 19:00:00+00:00,15:00,5.017991900649196,17.80620532998923,45,5.656854249492378,0.28181141392309395
2019-09-10 10:00:00+00:00,06:00,1.6378828412331219,4.604008358413557,39,5.656854249492379,0.35575149168441156
2019-09-10 14:00:00+00:00,10:00,5.155082776476355,10.436021982860494,530,5.656854249492378,0.49397009559224375
2019-09-11 11:00:00+00:00,07:00,0.7695321372085231,4.306432289313174,177,5.656854249492378,0.17869365765211057
2019-09-11 12:30:00+00:00,08:30,-1.9606115262823185,7.869614653285762,509,5.656854249492378,-0.2491369161847987
2019-09-11 14:00:00+00:00,10:00,2.0340163998251537,10.979216759533307,531,5.656854249492378,0.18526061051295006
2019-09-12 12:30:00+00:00,08:30,-3.7679348238572987,9.161746283321108,510,5.656854249492378,-0.41126819138364445
2019-09-12 13:45:00+00:00,09:45,4.65679880223736,8.692720097579329,333,5.656854249492379,0.5357124985002271
2019-09-12 18:00:00+00:00,14:00,-3.6951140788182397,13.558717564567415,94,5.656854249492379,-0.2725268124527182
2019-09-13 12:30:00+00:00,08:30,-3.7679348238572983,9.161746283321108,510,5.656854249492378,-0.4112681913836444
2019-09-13 14:00:00+00:00,10:00,4.260008939196667,11.960158305760386,533,5.656854249492378,0.35618332385658424
2019-09-16 12:30:00+00:00,08:30,-0.7510154935078768,8.021443572598882,511,5.656854249492378,-0.09362597725842431
2019-09-17 13:15:00+00:00,09:15,1.2888456753872928,21.98006135815817,33,5.65685424949238,0.05863703719411692
2019-09-17 14:00:00+00:00,10:00,0.7932988645921645,11.392119500539323,534,5.656854249492378,0.06963575694185865
2019-09-17 20:00:00+00:00,16:00,1.1835854945563495,7.575987854716591,37,5.65685424949238,0.15622853643033277
2019-09-18 11:00:00+00:00,07:00,3.594457123221699,5.965384947245528,178,5.656854249492378,0.602552417825343
2019-09-18 12:30:00+00:00,08:30,-0.751015493507877,8.021443572598882,511,5.656854249492378,-0.09362597725842434
2019-09-18 18:00:00+00:00,14:00,-3.6951140788182415,13.558717564567418,94,5.656854249492379,-0.27252681245271826
2019-09-19 12:30:00+00:00,08:30,-3.0987022453482265,8.100264522058877,512,5.656854249492378,-0.38254334002423623
2019-09-19 13:45:00+00:00,09:45,5.330165940277924,9.401666005027815,334,5.656854249492379,0.5669384487204142
2019-09-19 14:00:00+00:00,10:00,3.3016735391000984,16.18799984268478,535,5.656854249492378,0.20395809063416176
2019-09-20 16:00:00+00:00,12:00,,,13,,
2019-09-23 12:30:00+00:00,08:30,-4.889625066119063,8.19066301590872,513,5.656854249492378,-0.5969754898500825
2019-09-23 13:45:00+00:00,09:45,-0.9114739275748642,12.716056184544119,335,5.656854249492379,-0.07167897926424122
2019-09-24 13:00:00+00:00,09:00,3.776212692870918,13.384739918336354,78,5.656854249492379,0.28212820838585856
2019-09-24 14:00:00+00:00,10:00,2.0243214356119195,15.643822178727325,536,5.656854249492378,0.12940069328866563
2019-09-25 11:00:00+00:00,07:00,3.5944571232216984,5.965384947245527,178,5.656854249492378,0.602552417825343
2019-09-25 14:00:00+00:00,10:00,2.024321435611919,15.643822178727323,536,5.656854249492378,0.12940069328866563
2019-09-26 12:30:00+00:00,08:30,-4.889625066119063,8.190663015908722,513,5.656854249492378,-0.5969754898500824
2019-09-26 13:45:00+00:00,09:45,-0.9114739275748655,12.71605618454412,335,5.656854249492379,-0.07167897926424131
2019-09-26 14:00:00+00:00,10:00,2.0243214356119195,15.643822178727323,536,5.656854249492378,0.12940069328866566
2019-09-26 15:00:00+00:00,11:00,1.5961418271822079,16.89536762024596,43,5.656854249492379,0.09447215728348689
2019-09-27 12:30:00+00:00,08:30,-4.889625066119062,8.19066301590872,513,5.656854249492378,-0.5969754898500824
2019-09-27 14:00:00+00:00,10:00,2.024321435611919,15.643822178727323,536,5.656854249492378,0.12940069328866563
2019-09-30 13:45:00+00:00,09:45,-0.9114739275748658,12.716056184544119,335,5.656854249492379,-0.07167897926424134
2019-09-30 14:30:00+00:00,10:30,-3.2361704101282016,10.22137641398111,43,5.656854249492379,-0.31660808476847296
2019-10-01 13:45:00+00:00,09:45,0.28022640626651285,24.807425602519235,335,1.9810584613528355,0.011296069602565104
2019-10-01 14:00:00+00:00,10:00,-5.410645578382702,24.45924844519835,536,2.994023229899889,-0.2212106226610114
2019-10-02 11:00:00+00:00,07:00,0.5778985170046715,8.536220311731888,178,2.299174935014729,0.06769957849031001
2019-10-02 12:15:00+00:00,08:15,1.5612629918021146,5.418687002126166,43,2.297762297107702,0.2881257011503915
2019-10-03 11:30:00+00:00,07:30,0.8001969792754179,9.143023937586724,43,1.9907918578222212,0.08751994796664916
2019-10-03 12:30:00+00:00,08:30,-0.05158774696316387,7.474101660910204,513,1.359226388035366,-0.006902200331709358
2019-10-03 13:45:00+00:00,09:45,9.436495840441168,18.93829823038329,335,2.1750499162223687,0.4982758073427057
2019-10-03 14:00:00+00:00,10:00,2.9797572479412944,24.209444729289675,536,4.414654702390858,0.12308242841837054
2019-10-04 12:30:00+00:00,08:30,0.5745986409209993,17.118625834676127,513,1.274973712861875,0.033565698933443064
2019-10-07 19:00:00+00:00,15:00,8.958431359744344,21.47917078226939,45,1.7978776861855945,0.41707528891847834
2019-10-08 10:00:00+00:00,06:00,-0.10513302177751657,8.628885022138943,39,3.3471643594591427,-0.012183847798154577
2019-10-08 12:30:00+00:00,08:30,6.176169863222906,10.558608214843959,513,1.9550204284193071,0.5849416644269513
2019-10-09 11:00:00+00:00,07:00,1.0538420126585506,7.03022362831182,178,2.7212497834380582,0.14990163448208996
2019-10-09 14:00:00+00:00,10:00,-9.581992864363386,25.460153878166953,536,1.9233793500700929,-0.37635251185894475
2019-10-09 18:00:00+00:00,14:00,-1.8143879521122925,15.094428066063386,94,1.9556929286041367,-0.12020249751572623
2019-10-10 12:30:00+00:00,08:30,-1.9240225147406445,11.709891717533239,513,2.7050591059596614,-0.16430745570941555
2019-10-10 13:45:00+00:00,09:45,-7.117654242841749,17.05971724565132,335,1.3949417531680701,-0.4172199421802319
2019-10-11 12:30:00+00:00,08:30,-0.2947959083544458,5.8392908927724365,513,2.1150724910753538,-0.05048488142958051
2019-10-11 14:00:00+00:00,10:00,-8.334125197479372,38.035497629364755,536,1.1642053499903477,-0.21911439883581624
2019-10-14 16:23:00+00:00,12:23,,,0,,
2019-10-16 11:00:00+00:00,07:00,3.857464616934794,5.721814125956369,178,1.876617296147534,0.6741681103263802
2019-10-16 12:30:00+00:00,08:30,1.971692357835315,6.8715468700754485,513,2.0736698612675517,0.2869357358852834
2019-10-16 14:00:00+00:00,10:00,-4.170276327978218,17.847468223979934,536,1.8110690402190572,-0.23366206767495556
2019-10-16 20:00:00+00:00,16:00,-0.4203712887284621,7.7823721951963085,37,4.095547515090053,-0.05401582938784879
2019-10-17 12:30:00+00:00,08:30,-0.8967155685276353,11.596751230070064,513,1.3970610550563962,-0.077324722306923
2019-10-17 13:15:00+00:00,09:15,3.656563930526172,24.755902725039974,33,3.917730509168495,0.14770473010574764
2019-10-17 13:45:00+00:00,09:45,-0.2314171808439505,16.77407192298779,335,2.3546601365476336,-0.01379612427479866
2019-10-18 14:00:00+00:00,10:00,-3.085030437654944,7.180333462367565,536,3.065710247120591,-0.429650023055854
2019-10-22 14:00:00+00:00,10:00,-0.9716936785479913,12.900278078519255,537,2.3390196841409185,-0.07532346765191018
2019-10-23 11:00:00+00:00,07:00,0.4024899194950908,4.522683432996348,179,2.4621149799892317,0.08899360865247094
2019-10-23 13:00:00+00:00,09:00,3.463052044000269,9.774927097187456,78,2.9057095693997135,0.35427906618318356
2019-10-24 12:30:00+00:00,08:30,-1.564191670933829,15.192369288435886,514,1.6567291036561305,-0.102959034317607
2019-10-24 13:45:00+00:00,09:45,-0.5431629220125214,14.619651395587487,337,0.9307662683027063,-0.03715293253684963
2019-10-24 14:00:00+00:00,10:00,-2.1714146701355164,13.47998482576152,538,0.9813934316158216,-0.1610843556726962
2019-10-24 15:00:00+00:00,11:00,1.2272607148184103,13.451687979252684,43,2.167162475081028,0.09123469981695126
2019-10-25 14:00:00+00:00,10:00,-5.671790617578004,15.108274106773676,538,1.1276441141826221,-0.37540956548009025
2019-10-25 18:00:00+00:00,14:00,-0.9134074115125338,13.327326202696097,94,3.568114956030764,-0.06853643391183394
2019-10-28 12:30:00+00:00,08:30,-1.4228046563753747,6.566241064705158,515,1.923830784997679,-0.21668480373394003
2019-10-28 14:30:00+00:00,10:30,-4.386183396905559,13.759976408849539,43,2.941625514304043,-0.318763874775588
2019-10-29 13:00:00+00:00,09:00,-0.46161664350243914,8.418808502124218,78,2.7428578166784843,-0.05483158850637414
2019-10-29 14:00:00+00:00,10:00,-10.852899377475095,36.9357015950182,538,1.259533808548394,-0.29383222488831534
2019-10-30 11:00:00+00:00,07:00,3.2935895949120226,4.666055515800194,180,1.7606166601675814,0.705861639185233
2019-10-30 12:15:00+00:00,08:15,-0.9060988478263806,7.5776278354692606,44,1.378155999679257,-0.11957552779052108
2019-10-30 12:30:00+00:00,08:30,-1.7550739068592018,12.40385531589993,516,2.5787662570489456,-0.1414942259612988
2019-10-30 18:00:00+00:00,14:00,-7.927798117216972,18.690030749746903,95,2.014968651953149,-0.424172556127246
2019-10-31 11:30:00+00:00,07:30,-3.9090085953544405,8.402737376493212,44,2.3814662867236596,-0.4652065654568656
2019-10-31 12:30:00+00:00,08:30,-0.47257494612592055,5.0322186606505905,517,1.260764052810257,-0.0939098592478141
2019-10-31 13:45:00+00:00,09:45,1.0212462750248863,24.86324930676532,338,2.673784658049748,0.04107452981807185
2019-11-01 12:30:00+00:00,08:30,-0.7713191750792401,8.795772687793765,518,1.9102806358653763,-0.08769203144024285
2019-11-01 13:45:00+00:00,09:45,-8.488863363617668,15.014611569928173,338,1.6333641208041783,-0.5653734912876123
2019-11-01 14:00:00+00:00,10:00,0.19765702141521269,16.55916570386304,540,1.6663341581173652,0.01193641183076644
2019-11-04 15:00:00+00:00,10:00,3.8241721571493574,10.648291543647176,540,2.827765614068574,0.35913480969920264
2019-11-05 13:30:00+00:00,08:30,2.7045114023538956,10.438683992397074,518,2.819480308267553,0.25908547517327885
2019-11-05 14:45:00+00:00,09:45,-4.52157005235995,14.435677939831063,338,1.057627274422004,-0.31322187092328996
2019-11-05 15:00:00+00:00,10:00,5.3179313133745385,14.428302366445804,540,2.463387496409941,0.3685763701308217
2019-11-06 12:00:00+00:00,07:00,1.6548264977590712,4.600360263285595,181,1.8023600543882488,0.3597167184852579
2019-11-06 13:30:00+00:00,08:30,-1.85912065143566,8.551299957998244,519,1.7574421644000688,-0.21740795675127475
2019-11-07 13:30:00+00:00,08:30,-2.10345449314664,9.853042716301589,520,1.2705831670204686,-0.21348273357899203
2019-11-07 14:45:00+00:00,09:45,1.1391767302492197,14.914489949400336,339,1.1134617439976837,0.07638053558077072
2019-11-07 20:00:00+00:00,15:00,8.151859159606786,19.39459496168693,46,2.0418150881563273,0.42031603009551805
2019-11-08 15:00:00+00:00,10:00,-2.0553515117792283,15.991013956340739,542,2.0318577844219714,-0.12853165642846823
2019-11-12 11:00:00+00:00,06:00,1.7654263563820964,6.534417980634311,40,2.6903729695163605,0.27017346634607575
2019-11-13 12:00:00+00:00,07:00,0.9290470421166146,6.48610790955289,182,2.557882738733946,0.14323644550351877
2019-11-13 13:30:00+00:00,08:30,-0.14906478883186097,5.739193164879061,520,2.952223721243553,-0.025973126282638745
2019-11-13 19:00:00+00:00,14:00,4.969262710119621,14.43190282048944,95,3.0216998514334743,0.3443248455820114
2019-11-14 13:30:00+00:00,08:30,6.7015680330556275,24.777092198931072,521,1.8632353888997641,0.27047435507160705
2019-11-14 14:45:00+00:00,09:45,2.828767205543089,23.42531330283524,340,1.7141948781088219,0.12075685686563323
2019-11-14 15:00:00+00:00,10:00,-4.299721415239729,21.036264347005503,544,2.0146866373839223,-0.20439567331505754
2019-11-15 13:30:00+00:00,08:30,-1.1910088159156178,10.34034121039849,521,2.514877959841124,-0.11518080416126997
2019-11-15 14:15:00+00:00,09:15,-11.432572247519449,14.529052439379804,34,3.540543522490266,-0.7868766593843657
2019-11-15 15:00:00+00:00,10:00,-4.296113738966101,16.37119882939311,545,1.7910979161857261,-0.26241900692408615
2019-11-18 15:00:00+00:00,10:00,4.465290102921471,19.283070057364693,545,2.4888399517172433,0.23156531038044242
2019-11-18 21:00:00+00:00,16:00,0.2771905859685515,9.834288280891013,38,2.0715490784697868,0.028186135900364038
2019-11-19 13:30:00+00:00,08:30,1.3213629340323416,6.258606035368888,522,1.8986808203050207,0.211127354328584
2019-11-20 12:00:00+00:00,07:00,2.1272201971677305,9.008810466248377,183,1.302647951004592,0.2361266457028248
2019-11-20 19:00:00+00:00,14:00,-3.7580043157282486,10.685962157299336,97,1.7246403916672743,-0.3516767381738519
2019-11-21 13:30:00+00:00,08:30,-0.6933265984386552,9.22803041907711,524,1.8871602479911718,-0.07513267370741875
2019-11-21 14:45:00+00:00,09:45,-6.974266439447112,13.924751566186657,341,0.7389798456229473,-0.5008539223337138
2019-11-21 15:00:00+00:00,10:00,-4.935040096552953,19.18655117180643,546,2.0384958953971632,-0.2572135060836113
2019-11-22 14:45:00+00:00,09:45,-1.3022692054118905,32.12036966660273,342,1.8457256294856048,-0.0405434065338896
2019-11-22 15:00:00+00:00,10:00,1.553037408782057,19.522339874199478,547,1.7513682474513192,0.07955180673985372
2019-11-22 16:00:00+00:00,11:00,-2.6131198728120157,17.023194979075786,44,1.3789286699462444,-0.15350349191347193
2019-11-25 13:30:00+00:00,08:30,-1.930134244745097,9.325093607588007,525,2.397964899506278,-0.20698282783719296
2019-11-25 15:30:00+00:00,10:30,-3.183428123906654,13.947957931368608,44,2.123729647591472,-0.2282361432096955
2019-11-26 13:30:00+00:00,08:30,-1.4404619997014612,8.971121124964144,526,2.173154349664561,-0.16056655345930562
2019-11-26 14:00:00+00:00,09:00,1.6340767521076964,9.586297410925216,80,2.4966651653010667,0.17045963441999912
2019-11-26 15:00:00+00:00,10:00,-3.9505888806698968,15.075527657549339,549,1.7990139549206408,-0.2620531082168503
2019-11-27 12:00:00+00:00,07:00,1.3711800253226194,6.939816772781117,184,1.733958105951079,0.19758158899822392
2019-11-27 13:30:00+00:00,08:30,-1.5196028330225901,6.117389998648421,527,1.8154883420100576,-0.24840705486462886
2019-11-27 14:45:00+00:00,09:45,-5.4555890284186646,14.896587260538988,343,0.9836339614454641,-0.3662307972290071
2019-11-27 15:00:00+00:00,10:00,1.6210454106542498,15.934194326780618,549,2.3853070225664235,0.10173375430283017
2019-12-02 14:45:00+00:00,09:45,-2.1649394511830726,16.76179746808252,344,0.7502737595562429,-0.12915914628520642
2019-12-02 15:00:00+00:00,10:00,-9.730149534440217,22.957692971248957,550,1.3055870627212902,-0.42382958717262054
2019-12-04 12:00:00+00:00,07:00,-1.714117367959811,8.574860290447962,185,1.792055854793604,-0.19990032605770458
2019-12-04 13:15:00+00:00,08:15,-0.8649906268339401,8.690112476010862,45,3.86345505361661,-0.09953733386325608
2019-12-04 14:45:00+00:00,09:45,5.053165140014892,20.72276074647547,344,1.73580822320771,0.2438461362284625
2019-12-04 15:00:00+00:00,10:00,1.19643976854254,10.970186215542336,550,1.0667222864421206,0.10906284953006984
2019-12-05 12:30:00+00:00,07:30,-3.1175360676222392,10.376641826570264,45,2.492174366031992,-0.3004378603142614
2019-12-05 13:30:00+00:00,08:30,-2.9727689666414934,11.022867979951968,530,1.4340111228190748,-0.26969106153210476
2019-12-05 14:45:00+00:00,09:45,1.1030472041231911,18.87670662850309,345,0.9248036566044955,0.05843430349537948
2019-12-05 15:00:00+00:00,10:00,-6.214175288137142,14.142647055262227,551,1.50035640834971,-0.4393926585210905
2019-12-06 13:30:00+00:00,08:30,2.9569884838775655,16.768061543812482,531,1.5974380861247464,0.1763464713050694
2019-12-06 15:00:00+00:00,10:00,2.26523692564721,8.106185907529504,552,1.0201455475708687,0.2794454693597792
2019-12-06 20:00:00+00:00,15:00,4.688768314346898,13.890631605025861,47,2.9991456230270925,0.3375489644870017
2019-12-10 11:00:00+00:00,06:00,-0.08631104850070408,9.657513909086996,41,2.9981785315096716,-0.008937191218486558
2019-12-10 13:30:00+00:00,08:30,1.9337863701965583,6.048639464414905,532,1.0124176659701145,0.31970600687531914
2019-12-11 12:00:00+00:00,07:00,2.211714107745323,10.340816681793731,186,1.8246471335364802,0.21388195689024403
2019-12-11 13:30:00+00:00,08:30,-2.4762033565686936,6.757945735384185,532,1.9249294612688441,-0.3664136193937525
2019-12-11 19:00:00+00:00,14:00,-0.9002145693876046,11.853720618811598,99,2.388821767483314,-0.07594362971225958
2019-12-12 13:30:00+00:00,08:30,-2.9746565578896367,8.963930751371944,533,2.6559773635722546,-0.33184733800340444
2019-12-12 14:45:00+00:00,09:45,-0.4864721461201669,18.374813408145368,346,0.6779711361710955,-0.02647494346280103
2019-12-12 17:00:00+00:00,12:00,,,13,,
2019-12-13 13:30:00+00:00,08:30,0.44259075872533005,4.734013928676054,533,1.6180079020745592,0.09349164691813822
2019-12-13 15:00:00+00:00,10:00,1.4423280557271594,11.470678145890112,555,1.6943689252324878,0.12574043464413118
2019-12-16 13:30:00+00:00,08:30,-0.33634256404113677,9.855650233264857,534,3.278760951275598,-0.03412687707868438
2019-12-16 14:45:00+00:00,09:45,0.764010300725686,16.4688787214674,347,1.2773809587204343,0.046391154713513585
2019-12-16 15:00:00+00:00,10:00,-11.052779955384388,32.89881353500046,555,1.2879954791107002,-0.33596287427282245
2019-12-16 21:00:00+00:00,16:00,1.9552712317178758,3.519305884934719,39,1.8856991097844302,0.5555843384026122
2019-12-17 13:30:00+00:00,08:30,-0.6996136113283307,6.555169120333245,535,1.3691775128090382,-0.10672701168887072
2019-12-17 14:15:00+00:00,09:15,-5.206363758884456,13.993776052281879,35,2.908622141761762,-0.3720485263900937
2019-12-17 15:00:00+00:00,10:00,5.308251299693446,14.497280699325543,556,2.7652567934595016,0.3661549644920928
2019-12-18 12:00:00+00:00,07:00,3.845000264563555,5.449593751589439,187,1.7312377132538381,0.7055572286360088
2019-12-19 13:30:00+00:00,08:30,0.47527113259467046,11.969781971898891,536,2.5993605581801837,0.039705913918102326
2019-12-19 14:45:00+00:00,09:45,11.178913702954922,26.595912832349025,348,2.4592540953463247,0.42032449773101355
2019-12-19 15:00:00+00:00,10:00,4.7316355542354716,9.776840850810014,557,2.43877886965885,0.4839636469937479
2019-12-20 13:30:00+00:00,08:30,-2.4741631913223987,8.220789726882446,536,5.656854249492378,-0.3009641741877603
2019-12-20 15:00:00+00:00,10:00,0.21318644142789503,16.795299894778335,557,5.656854249492378,0.012693220291599245
2019-12-20 16:00:00+00:00,11:00,1.7544811838835652,16.583260498433823,45,5.656854249492379,0.10579832500666947
2019-12-23 13:30:00+00:00,08:30,-3.6018868229074994,9.283494092173429,536,1.9749462185646167,-0.38798827113426154
2019-12-23 15:00:00+00:00,10:00,-10.760461122428511,18.440321871553046,558,2.2300572913086056,-0.5835289208822397
2019-12-24 15:00:00+00:00,10:00,-1.6014591645923477,14.804604561064533,558,5.656854249492378,-0.10817304562150318
2019-12-26 12:00:00+00:00,07:00,4.095223859708418,6.725294950528871,188,3.1826828441700004,0.6089285138916285
2019-12-26 13:30:00+00:00,08:30,-4.440995103560647,14.750783499884841,537,1.8423657258037578,-0.301068421456753
2019-12-26 14:45:00+00:00,09:45,-3.7315883272684585,13.925448804469903,351,1.6107694686320049,-0.2679689810838027
2019-12-30 13:30:00+00:00,08:30,-2.3056761333222835,7.348993272033287,538,2.135850449469469,-0.31374040606304154
2019-12-30 14:45:00+00:00,09:45,-6.471953560884087,16.828550795277728,351,0.7788562470150281,-0.3845817527377453
2019-12-30 15:00:00+00:00,10:00,-3.73145395643819,11.316591866479703,561,0.9963871610643504,-0.3297330150688688
2019-12-30 15:30:00+00:00,10:30,-4.00973805306306,14.654528128786197,45,1.3528822227142732,-0.27361768443343104
2019-12-31 14:00:00+00:00,09:00,-1.2720072615594233,8.805348742326345,81,1.2525470292736114,-0.14445847618107663
2019-12-31 15:00:00+00:00,10:00,-0.3015139906925447,8.708660945560311,561,1.3885488735579055,-0.034622313645848966
2020-01-02 12:30:00+00:00,07:30,-1.649213691967814,10.588713220843436,46,1.422078093841981,-0.15575204064658266
2020-01-02 13:30:00+00:00,08:30,1.2913338062969921,5.572031469367366,541,2.2158301608270237,0.2317527841319975
2020-01-02 14:45:00+00:00,09:45,6.219335828771889,19.577925141615527,352,1.604195305739429,0.31767083507495136
2020-01-03 15:00:00+00:00,10:00,0.6949562057355865,10.439727677431621,562,1.9206473007015263,0.06656842277964088
2020-01-03 19:00:00+00:00,14:00,1.2858949826055863,11.092317370302478,100,2.5682512576487255,0.11592663098950991
2020-01-06 14:45:00+00:00,09:45,3.942180611409178,18.695742748733988,353,1.393677055586007,0.210859801848532
2020-01-07 13:30:00+00:00,08:30,-4.177562346665106,10.023549616150998,544,1.9064799435489304,-0.41677474613721455
2020-01-07 15:00:00+00:00,10:00,-3.927786883475505,27.396669173541927,564,1.523002268585566,-0.14336731442042333
2020-01-08 12:00:00+00:00,07:00,1.374716624799461,5.627888909292337,190,2.7357360782079656,0.24426861420978563
2020-01-08 13:15:00+00:00,08:15,0.9461913630319227,5.832727005433624,46,2.4836667352566546,0.16222109523563752
2020-01-08 20:00:00+00:00,15:00,0.4911437765528903,5.822696883914324,48,1.2143521012591876,0.0843498788181324
2020-01-09 13:30:00+00:00,08:30,3.28773803962022,9.116897502787001,545,2.3673077806948317,0.360620270066124
2020-01-09 14:45:00+00:00,09:45,12.627986203098057,26.098433867232206,354,1.9373153993597034,0.4838599230643138
2020-01-10 13:30:00+00:00,08:30,1.5667021089132618,12.909799878700522,545,1.5206587108754637,0.12135758289314112
2020-01-10 15:00:00+00:00,10:00,1.2176817976659828,15.789825066393485,565,1.9976558647276155,0.07711813098282225
2020-01-13 19:00:00+00:00,14:00,2.4523436213894296,13.997816037028365,100,2.607314913508538,0.17519473144255185
2020-01-14 11:00:00+00:00,06:00,-0.4858420018065738,8.906860324158714,42,2.0866637158594847,-0.054546942932156436
2020-01-14 13:30:00+00:00,08:30,0.43016559172385843,6.259108216398808,546,1.7804085466335149,0.06872633877727635
2020-01-15 12:00:00+00:00,07:00,2.693875650566503,7.659527188674205,190,2.1655315351088786,0.3517026030731786
2020-01-15 13:30:00+00:00,08:30,0.4588212194917647,7.48650378260249,546,2.985747782589624,0.06128644729439612
2020-01-16 13:30:00+00:00,08:30,-1.0164966539703932,14.36980799319988,547,3.032724098274227,-0.07073836020992226
2020-01-16 14:45:00+00:00,09:45,6.586275942534588,17.330110406378594,355,1.3811883045500994,0.38004812364671464
2020-01-16 15:00:00+00:00,10:00,-4.225278160131107,19.021666289862978,566,1.9084621553430943,-0.22212975959855005
2020-01-16 21:00:00+00:00,16:00,2.060538860236095,8.787283143783178,40,1.9867954821237828,0.2344910055269909
2020-01-17 13:30:00+00:00,08:30,-0.24570818145206735,7.492615983539353,547,2.2104645000284098,-0.03279337710512157
2020-01-17 14:15:00+00:00,09:15,4.99193158964796,22.99722808553925,36,2.413524000572009,0.217066664342339
2020-01-17 15:00:00+00:00,10:00,0.10584433077397293,11.443523474108519,566,2.7824872444629425,0.009249278075362927
2020-01-22 12:00:00+00:00,07:00,0.2603305824396261,4.783719922178368,191,1.5158205566003797,0.05442011377645183
2020-01-22 13:30:00+00:00,08:30,-3.782819893535023,8.223388357623769,548,1.6176220683487306,-0.46000744814976813
2020-01-22 14:00:00+00:00,09:00,-3.932727798383832,7.3641521160658225,82,1.9961876410688373,-0.5340367412840499
2020-01-22 15:00:00+00:00,10:00,-12.230208398774007,35.36191243005209,568,1.4862376305857836,-0.3458582287642409
2020-01-23 13:30:00+00:00,08:30,1.2547537547184437,11.156102322059379,549,1.375549430051945,0.1124724136168393
2020-01-23 14:45:00+00:00,09:45,-4.774290372827948,15.826108311819164,357,0.9490415226114604,-0.3016717868196592
2020-01-23 15:00:00+00:00,10:00,2.2900618071634984,16.89525416310888,568,1.7192071518660519,0.13554467929602937
2020-01-23 16:00:00+00:00,11:00,-4.155885377722184,16.099038850471317,45,1.4574515407798732,-0.25814493749112954
2020-01-24 14:45:00+00:00,09:45,7.685650954862538,30.265838867968668,357,2.3869087116476426,0.2539381442024564
2020-01-27 15:00:00+00:00,10:00,-11.292148651364043,34.68320009681186,569,1.5524989989634423,-0.32557977983127445
2020-01-27 15:30:00+00:00,10:30,-5.090521347955235,14.553349745335515,46,2.321427158362818,-0.34978348194969994
2020-01-28 13:30:00+00:00,08:30,-1.2225061498033645,5.997113514317661,550,2.575403783175801,-0.20384909288188763
2020-01-28 14:00:00+00:00,09:00,-3.1382921790295732,6.223995438391302,82,1.5674219636754954,-0.5042246913729613
2020-01-28 15:00:00+00:00,10:00,-6.676818591582856,15.019088570364065,570,1.7677034345290041,-0.44455551082891104
2020-01-29 12:00:00+00:00,07:00,1.3898686724567693,10.686441483828766,192,2.4392746552895517,0.13005907294397157
2020-01-29 13:30:00+00:00,08:30,2.228442260178733,6.907019100193646,550,1.4448154172853296,0.3226344429996228
2020-01-29 15:00:00+00:00,10:00,-2.929745641723149,15.362356804734459,570,0.8431423195320895,-0.19070938651940716
2020-01-29 19:00:00+00:00,14:00,0.2529368161349921,13.251559371193169,101,1.9494862920363574,0.019087324672508912
2020-01-30 13:30:00+00:00,08:30,-0.3172132228530074,7.757983690874037,551,1.655558307497803,-0.040888616874273066
2020-01-30 14:45:00+00:00,09:45,0.7373722043791019,18.029441224956283,359,0.8307728720183928,0.040898228357650605
2020-01-31 13:30:00+00:00,08:30,-0.0022167487544653315,12.208831205948256,552,2.351075691002425,-0.0001815692851405228
2020-01-31 14:45:00+00:00,09:45,-2.8397094004527785,25.116832223404796,359,1.3077929917288909,-0.11306001390599854
2020-01-31 15:00:00+00:00,10:00,-4.4541942188835675,17.761961169701166,571,1.4634109833925772,-0.25077153228336363
2020-02-03 14:45:00+00:00,09:45,-2.967285262536615,24.238821652944655,359,1.1623512316338727,-0.1224187093342524
2020-02-03 15:00:00+00:00,10:00,3.75897578404539,12.171563213910524,571,1.024512049037182,0.3088326222345349
2020-02-04 15:00:00+00:00,10:00,-0.42526265462699475,13.579255104177308,571,1.4927806448333283,-0.031317082665025836
2020-02-05 12:00:00+00:00,07:00,0.8035001020426444,4.905140371701582,193,1.9382681665989343,0.1638077692288166
2020-02-05 13:15:00+00:00,08:15,3.51166683736229,9.578192601560563,47,2.200178502429833,0.36663147040811633
2020-02-05 13:30:00+00:00,08:30,3.782620732383562,4.740435164541838,554,1.0411029737215667,0.7979479944536171
2020-02-05 14:45:00+00:00,09:45,-4.140844089523492,19.795982629218326,359,2.325865433861126,-0.2091759811615373
2020-02-05 15:00:00+00:00,10:00,3.294236930288698,12.317694027667667,571,1.485804648980987,0.2674394186841525
2020-02-06 12:30:00+00:00,07:30,-3.1361460166071784,10.199968280655355,47,2.1707373724680905,-0.3074662518858028
2020-02-06 13:30:00+00:00,08:30,-1.7084259726762627,10.665832213188846,555,1.076093584671002,-0.16017746562370508
2020-02-06 14:45:00+00:00,09:45,-9.772875581592917,17.65840832668271,360,0.7166533416022821,-0.5534403441574985
2020-02-07 13:30:00+00:00,08:30,-4.076264227468674,10.721859193085049,556,2.0047817223340645,-0.38018259278182076
2020-02-07 15:00:00+00:00,10:00,-3.0415691489415932,12.877086859259672,573,2.376126124396842,-0.23620009573473194
2020-02-07 20:00:00+00:00,15:00,5.422437380389048,12.489688866470535,49,3.3926971172948552,0.4341531192939457
2020-02-11 11:00:00+00:00,06:00,-0.1527819394216561,8.790717217104106,43,3.5879336448557617,-0.017379917434312202
2020-02-11 15:00:00+00:00,10:00,-2.8332806892579074,19.228416185011206,573,1.9023086911084428,-0.14734862518039762
2020-02-12 12:00:00+00:00,07:00,-0.20274925765162172,5.146809776515039,194,1.9978292752270486,-0.03939319043357096
2020-02-12 19:00:00+00:00,14:00,-4.3176174569435055,18.168235328447143,102,1.8798420135540772,-0.23764649559460196
2020-02-13 13:30:00+00:00,08:30,2.6942925386512147,8.02164943465143,558,2.1636410238732418,0.3358776222521736
2020-02-13 14:45:00+00:00,09:45,-0.09977989663092779,20.61695547719086,361,1.4496872659365163,-0.004839700834651227
2020-02-14 13:30:00+00:00,08:30,-0.7630717565323358,12.079077637722236,558,2.335897305998745,-0.06317301530948924
2020-02-14 14:15:00+00:00,09:15,-5.178662571994316,17.53647766002839,37,2.1694014000362714,-0.2953080243587487
2020-02-14 15:00:00+00:00,10:00,1.3744724113097067,12.504674429194013,575,1.9282837653368372,0.10991668908234807
2020-02-18 13:30:00+00:00,08:30,1.4078996769415215,7.411206687032201,559,1.1708791163903172,0.18996902075406985
2020-02-18 15:00:00+00:00,10:00,5.517264960057612,18.956246877573427,577,3.1030873375386356,0.2910526010602301
2020-02-18 21:00:00+00:00,16:00,1.6171660935071575,6.868295535240624,41,2.3841112963041886,0.23545377236748471
2020-02-19 12:00:00+00:00,07:00,-0.8112485039227726,6.027170346201865,195,1.7151423565951165,-0.13459856903397396
2020-02-19 13:30:00+00:00,08:30,-2.5210398514185783,8.613360171917318,560,1.7915698805828981,-0.29268947322533706
2020-02-19 19:00:00+00:00,14:00,1.8315248645509437,14.481385986130771,103,3.0996950168355033,0.12647441800840378
2020-02-20 13:30:00+00:00,08:30,2.4258195741752133,6.183832140999314,561,3.008959705868699,0.3922841886492731
2020-02-20 14:45:00+00:00,09:45,4.736151972701188,21.992100288201527,363,2.2146890404323734,0.21535696502994173
2020-02-20 15:00:00+00:00,10:00,-0.42444523350005303,11.466202502535838,578,1.7624411524085484,-0.0370170711188978
2020-02-21 14:45:00+00:00,09:45,-3.630189326540211,28.379997688070745,364,1.1321247113026602,-0.12791365828990625
2020-02-21 15:00:00+00:00,10:00,0.5180883428976684,10.337337542806981,579,0.9949852103787359,0.05011816057589889
2020-02-24 13:30:00+00:00,08:30,1.9739277041860968,5.640303917821203,562,2.252654874006465,0.34996832315174364
2020-02-24 15:30:00+00:00,10:30,2.016204132612014,17.500883036485693,47,1.8187132620574569,0.11520585152238597
2020-02-25 14:00:00+00:00,09:00,2.4196749480179314,9.154979439037609,84,2.054769257690893,0.26430151636389615
2020-02-25 15:00:00+00:00,10:00,0.1419011243599937,19.37547190269659,581,1.7926263254068646,0.007323750619991069
2020-02-26 12:00:00+00:00,07:00,2.7864663358967414,7.910360889577509,196,2.320667073491891,0.3522552731529757
2020-02-26 15:00:00+00:00,10:00,-17.102002405697895,29.351244471521966,582,1.3716569223523127,-0.5826670287282404
2020-02-27 13:30:00+00:00,08:30,1.1081860559478511,6.709819315822785,564,5.656854249492378,0.1651588520922729
2020-02-27 14:45:00+00:00,09:45,1.8199396213034231,16.850635720988603,367,5.656854249492379,0.10800421132103435
2020-02-27 15:00:00+00:00,10:00,2.4366453133237878,11.518657201330296,582,5.656854249492378,0.21153900760605832
2020-02-27 16:00:00+00:00,11:00,0.8495981114027996,16.722952993396717,46,5.656854249492379,0.0508043113999229
2020-02-28 13:30:00+00:00,08:30,-1.6755260230753177,9.420778297584791,565,5.656854249492378,-0.1778543099252079
2020-02-28 14:45:00+00:00,09:45,1.8199396213034233,16.850635720988603,367,5.656854249492379,0.10800421132103437
2020-02-28 15:00:00+00:00,10:00,2.5172726766303644,11.37750906857105,583,5.656854249492378,0.22124989410766688
2020-03-02 14:45:00+00:00,09:45,1.4559653802533032,19.864008261066836,367,2.027881177887573,0.07329665599802301
2020-03-02 15:00:00+00:00,10:00,1.290206112619475,23.42827895689203,583,2.3133016033174347,0.05507046057431068
2020-03-03 15:00:00+00:00,10:00,-3.289725496777298,18.822235727090096,584,3.2638195286201515,-0.1747786790302773
2020-03-04 12:00:00+00:00,07:00,-0.28076305949403935,10.126831739258877,197,1.8689819817362785,-0.027724669148555117
2020-03-04 13:15:00+00:00,08:15,-0.5354294341335329,7.18933107679697,48,1.0490408043629302,-0.07447555668448648
2020-03-04 14:45:00+00:00,09:45,-8.304263024618116,27.055623066073377,367,2.132248630085579,-0.306932980413647
2020-03-04 15:00:00+00:00,10:00,4.3804500166249305,17.95960202279755,584,1.4338248329144758,0.24390573972989363
2020-03-05 12:30:00+00:00,07:30,-0.04055760909085393,9.707667866003154,48,2.3872359910008885,-0.00417789418124709
2020-03-05 13:30:00+00:00,08:30,8.509376080925808,23.27561762002293,566,1.1546229781630122,0.3655918489400508
2020-03-05 14:45:00+00:00,09:45,8.639047608058355,23.411194538979963,368,2.010993357212418,0.36901353297774797
2020-03-05 15:00:00+00:00,10:00,-7.899776968177218,23.743109897357176,584,1.6527788980813278,-0.332718713021521
2020-03-06 13:30:00+00:00,08:30,-1.8467890673290366,5.385716860645341,567,2.5721243664586164,-0.3429049679206021
2020-03-06 15:00:00+00:00,10:00,-5.768147374063794,17.09878983119137,585,1.9530688788364088,-0.3373424336464807
2020-03-06 20:00:00+00:00,15:00,8.994428412855171,19.652599499420813,50,1.542519424495237,0.4576711805031313
2020-03-10 10:00:00+00:00,06:00,2.364687587045818,7.444920512468384,44,1.7736678559790433,0.3176242893507804
2020-03-11 11:00:00+00:00,07:00,3.353860434245524,7.398494771214383,198,3.2861909484871497,0.453316591814665
2020-03-11 12:30:00+00:00,08:30,-4.427619010933273,6.944875896456693,569,2.544968626170982,-0.6375375279480897
2020-03-11 18:00:00+00:00,14:00,1.769954323422812,10.382535347947618,105,2.439082869654187,0.1704741919104268
2020-03-12 12:30:00+00:00,08:30,-1.5595387868882564,6.9411246313301795,570,5.656854249492378,-0.22468099475536868
2020-03-12 13:45:00+00:00,09:45,-4.810220734934253,15.50571602178492,369,0.9348461313709627,-0.31022241915020776
2020-03-12 16:00:00+00:00,12:00,,,14,,
2020-03-13 12:30:00+00:00,08:30,-1.5595387868882564,6.9411246313301795,570,5.656854249492378,-0.22468099475536868
2020-03-13 14:00:00+00:00,10:00,3.23635527222453,16.580421572915157,588,1.2208040216774925,0.19519137423569843
2020-03-15 21:00:00+00:00,17:00,,,0,,
2020-03-15 21:04:00+00:00,17:04,,,0,,
2020-03-16 12:30:00+00:00,08:30,-1.9721164479898752,6.529634905822955,571,5.656854249492378,-0.3020255307431039
2020-03-16 20:00:00+00:00,16:00,-1.521649173851151,8.321229733144833,42,5.65685424949238,-0.1828634976619106
2020-03-17 12:30:00+00:00,08:30,1.5818662752842065,6.91333736562557,571,1.5231900904083133,0.22881369613893673
2020-03-17 13:15:00+00:00,09:15,-10.269516593493405,14.229120914395958,38,1.900711705561717,-0.7217253023061655
2020-03-17 14:00:00+00:00,10:00,2.2872069018592516,7.555044590510534,589,1.281524440653585,0.3027390340928078
2020-03-18 11:00:00+00:00,07:00,0.6260471410125243,3.89726840896673,199,5.656854249492378,0.16063741967890433
2020-03-18 12:30:00+00:00,08:30,-1.9721164479898752,6.529634905822956,571,5.656854249492378,-0.30202553074310384
2020-03-19 12:30:00+00:00,08:30,1.008101734393054,5.323966268021362,571,1.3680126411005284,0.18935163816650408
2020-03-19 13:45:00+00:00,09:45,-6.4879352060320175,17.181241200599647,370,0.6510065677043725,-0.3776173752688822
2020-03-19 14:00:00+00:00,10:00,1.7677707966484273,19.198577236904285,590,1.4062618222718204,0.09207821886146576
2020-03-20 14:00:00+00:00,10:00,0.09938190410482206,15.758290497230396,590,5.656854249492378,0.00630664247002484
2020-03-23 12:30:00+00:00,08:30,1.2581485487430624,4.768045664855331,571,0.9822836643495322,0.2638709100495237
2020-03-24 13:45:00+00:00,09:45,-7.224308315127264,10.349705502368517,371,1.2415352225801604,-0.6980206647883835
2020-03-24 14:00:00+00:00,10:00,-0.4923916119130982,25.294372990564792,592,2.165145854834321,-0.01946644860881779
2020-03-25 11:00:00+00:00,07:00,0.0016746887836391472,4.11527403521966,200,1.0783811322845214,0.00040694465770850117
2020-03-25 12:30:00+00:00,08:30,-2.3811078360948414,14.567934202325864,571,2.702999156115498,-0.16344855784114418
2020-03-25 13:00:00+00:00,09:00,-0.7798517927811639,3.869443511381923,85,2.5465241078605523,-0.20154107185884454
2020-03-26 12:30:00+00:00,08:30,2.151709015090086,17.87295958578095,572,2.0523532485526643,0.12038907181337243
2020-03-26 15:00:00+00:00,11:00,-0.38566385585565877,18.47408360075133,46,2.5157625510733497,-0.020875939732132316
2020-03-27 12:30:00+00:00,08:30,1.2156847878974668,11.07971639472308,573,1.137085581098653,0.10972165212427812
2020-03-27 14:00:00+00:00,10:00,-0.2496781466144471,25.894922894955673,595,1.5096360875102308,-0.009641972970040562
2020-03-30 14:00:00+00:00,10:00,-0.16780603756445278,30.404225147338472,595,1.4870380092924256,-0.0055191683639779325
2020-03-30 14:30:00+00:00,10:30,-4.165294630917032,13.260462194230788,48,1.5724451029673352,-0.3141138347899533
2020-03-31 13:00:00+00:00,09:00,-2.1908153577455516,6.847195738432625,85,2.310460928873755,-0.319958044349269
2020-03-31 13:45:00+00:00,09:45,7.799895641390693,18.03419186092378,373,2.411989763624585,0.43250596985670264
2020-03-31 14:00:00+00:00,10:00,-9.43964449423557,20.513466163608424,595,1.5865295279776916,-0.4601681850813596
2020-04-01 11:00:00+00:00,07:00,-0.012810257588826812,4.008595751640151,201,1.7361037546359177,-0.0031956970426826868
2020-04-01 12:15:00+00:00,08:15,2.0664944345005747,11.538328346054477,49,1.5455680065609452,0.1790982517157445
2020-04-01 13:45:00+00:00,09:45,3.8697309784125395,26.332037233551162,373,1.314601464759512,0.14695904248084127
2020-04-01 14:00:00+00:00,10:00,-7.019211715371927,27.95025359374222,595,1.6334739600619954,-0.25113230875813797
2020-04-02 11:30:00+00:00,07:30,-4.820964059643644,10.96757975233624,49,2.0073944805456625,-0.4395649877646629
2020-04-02 12:30:00+00:00,08:30,-1.5700990183987942,7.261409655094234,575,1.6038037995764352,-0.2162250985657162
2020-04-02 13:45:00+00:00,09:45,0.5263024958878311,16.787567148813807,374,1.3337747099880204,0.03135073064622226
2020-04-02 14:00:00+00:00,10:00,-9.375968950682264,17.938680787885584,595,1.620417968470598,-0.5226676956654515
2020-04-03 12:30:00+00:00,08:30,4.977841437641699,23.136052611826642,576,1.2322156717835986,0.2151551745303836
2020-04-03 13:45:00+00:00,09:45,9.97971946957107,15.522647223120444,374,1.598728995895162,0.6429135009076689
2020-04-03 14:00:00+00:00,10:00,2.0037680957597965,26.36491906933952,596,2.0705531914120443,0.07600129894159367
2020-04-07 10:00:00+00:00,06:00,0.2553425951677551,7.0745841412210755,45,3.819655899774848,0.03609294766599283
2020-04-07 14:00:00+00:00,10:00,-4.583877571314989,19.53415911909966,597,1.4937394387510126,-0.23465957983484795
2020-04-07 19:00:00+00:00,15:00,11.710302924330298,23.41841653421612,51,1.2905874858071942,0.5000467434346229
2020-04-08 11:00:00+00:00,07:00,-0.5013857712944988,6.463143952935016,201,1.9790005917246465,-0.0775761417269395
2020-04-08 13:45:00+00:00,09:45,1.7997888691260173,20.73354893942629,374,2.2588083248202158,0.0868056344036497
2020-04-08 18:00:00+00:00,14:00,0.004969732262238596,13.262561535018897,106,2.1669136053717457,0.0003747188843660672
2020-04-09 12:30:00+00:00,08:30,-0.9476698871759136,11.299089336911548,578,2.075404864214753,-0.08387135094861957
2020-04-09 14:00:00+00:00,10:00,1.31830854937216,14.234523951688638,598,1.2382598862404928,0.0926134624414868
2020-04-10 12:30:00+00:00,08:30,-3.4438851192322295e-09,0.00035298223831171883,578,0.0,-9.756539410322772e-06
2020-04-10 18:00:00+00:00,14:00,-7.496162716709503,20.256442294344758,106,5.656854249492378,-0.37006314375364424
2020-04-14 12:30:00+00:00,08:30,4.57667777859136,12.503527160189023,579,1.472023599889197,0.36603093830702504
2020-04-15 11:00:00+00:00,07:00,2.260113697236306,5.266044989353059,202,2.1298763768737006,0.4291861732677609
2020-04-15 12:30:00+00:00,08:30,3.9895081095725073,24.777936417491368,580,1.0133006563212366,0.16101050718477966
2020-04-15 13:15:00+00:00,09:15,6.965196467438926,25.58339700839933,39,2.859201089653086,0.27225455889036826
2020-04-15 14:00:00+00:00,10:00,-7.271339100175172,17.878133617827633,599,2.163060512949236,-0.4067169009702653
2020-04-15 20:00:00+00:00,16:00,-0.15448888044181697,7.896451448798599,42,3.1936224810279543,-0.01956434246997385
2020-04-16 12:30:00+00:00,08:30,0.033500385320341275,11.09750297729237,581,2.0892349825748044,0.003018731816417578
2020-04-16 13:45:00+00:00,09:45,16.561890278869882,96.57812284566927,376,0.7028981568841824,0.17148697645879485
2020-04-17 14:00:00+00:00,10:00,15.546493969511681,63.67598388578588,600,2.387241072625817,0.24415003932090099
2020-04-20 12:30:00+00:00,08:30,-2.2560241377422017,7.28579532552212,582,2.260716316906423,-0.3096469276098597
2020-04-21 14:00:00+00:00,10:00,1.7854604553984155,14.994324365440425,600,1.3589191377904217,0.11907575239025926
2020-04-22 11:00:00+00:00,07:00,2.3520311725964778,4.986843946973776,203,2.009930743696032,0.4716472377331534
2020-04-22 13:00:00+00:00,09:00,1.6838696522937928,14.2727590292789,87,0.7675979704281023,0.11797786600611211
2020-04-23 12:30:00+00:00,08:30,-9.770587662392542,21.71927418128103,583,1.2323426868140144,-0.4498579271499514
2020-04-23 13:45:00+00:00,09:45,-5.702532128787084,11.933883074532813,379,0.5931172807726469,-0.4778438076837221
2020-04-23 14:00:00+00:00,10:00,0.5730044114493562,20.65539409141334,600,1.4877101477700467,0.027741151241823078
2020-04-23 15:00:00+00:00,11:00,2.165668354507678,17.832326660477978,47,2.4180864461201605,0.12144620249176331
2020-04-24 12:30:00+00:00,08:30,-0.9518397997401887,11.540538546160537,584,2.5691634586002223,-0.08247793601078172
2020-04-24 14:00:00+00:00,10:00,-1.5214231806682155,15.161082707720931,600,1.4233067114423212,-0.10035056268728193
2020-04-27 14:30:00+00:00,10:30,-4.646235317429266,11.70108947125577,49,1.6150224680302803,-0.397077154981418
2020-04-28 12:30:00+00:00,08:30,-7.06189694731221,20.163521389042657,584,1.3565948459039971,-0.3502313316735347
2020-04-28 13:00:00+00:00,09:00,2.850109643994443,18.81862288390394,87,1.9667089349037865,0.15145155209163663
2020-04-28 14:00:00+00:00,10:00,-8.105905295110702,24.37978501993789,600,1.789507246251063,-0.33248469125062663
2020-04-29 11:00:00+00:00,07:00,0.2811715080485635,7.340126287921643,204,1.1303856005623754,0.03830608589272341
2020-04-29 12:30:00+00:00,08:30,0.6413258048341376,12.25216137394497,584,1.5119049241256106,0.05234389143763314
2020-04-29 14:00:00+00:00,10:00,0.51788780346591,18.09662128746621,600,1.3221969610779036,0.02861792791257676
2020-04-29 18:00:00+00:00,14:00,1.3061898752021601,31.332331168680117,107,2.3796046583103942,0.04168824426660698
2020-04-30 12:30:00+00:00,08:30,-5.759382759472313,14.213827855251527,585,2.1465028053985438,-0.4051957585334352
2020-04-30 13:45:00+00:00,09:45,-5.225596708054218,29.216253676984188,381,1.1192844519025604,-0.17885923246110122
2020-05-01 13:45:00+00:00,09:45,4.658103035749433,28.9469579414995,381,1.726232887729896,0.16091856854745323
2020-05-01 14:00:00+00:00,10:00,15.34427581113686,37.08140340661698,600,1.6838893731376037,0.4137997594880337
2020-05-04 14:00:00+00:00,10:00,8.622851997512337,93.39896149360736,600,1.5072335829286378,0.09232278239092115
2020-05-05 12:30:00+00:00,08:30,2.3927839238563138,5.149993741337353,586,1.489755528386081,0.4646188022812926
2020-05-05 13:45:00+00:00,09:45,-3.5385593183982786,19.75710877951773,381,1.6982511887829337,-0.17910309437920982
2020-05-05 14:00:00+00:00,10:00,1.4258175509386974,8.792355679589154,600,1.277947639375263,0.16216559053094662
2020-05-06 11:00:00+00:00,07:00,1.5296885201853758,4.308162119646871,205,3.0986501378897917,0.3550675387096993
2020-05-06 12:15:00+00:00,08:15,2.740060936708385,12.101157433748407,50,2.4978212676330234,0.22642965780006669
2020-05-07 11:30:00+00:00,07:30,-4.819490597022097,11.377912509287393,50,3.5845393396140257,-0.42358302483765053
2020-05-07 12:30:00+00:00,08:30,1.145077580014952,16.42731400278596,588,1.9174722724526228,0.06970570963827408
2020-05-07 13:45:00+00:00,09:45,-6.467196352512891,17.347823879296687,382,1.7060930967172316,-0.3727958271602584
2020-05-07 19:00:00+00:00,15:00,4.878262508972352,28.59932217520685,52,2.549063708181091,0.17057266179550876
2020-05-08 12:30:00+00:00,08:30,6.852340991910847,28.747855727791695,588,1.7533954159680847,0.23836007307099485
2020-05-08 14:00:00+00:00,10:00,-14.414052221377768,48.81422456615676,600,2.0434597090402247,-0.295283851161924
2020-05-12 10:00:00+00:00,06:00,3.4511244517534436,5.993788963276315,46,1.9999599568749615,0.575783443978147
2020-05-12 12:30:00+00:00,08:30,2.1365404653873976,8.524613606000369,589,1.924889778174421,0.2506319422951339
2020-05-12 14:00:00+00:00,10:00,-4.352354367240441,30.36224502597711,600,1.094445961060826,-0.14334758063893777
2020-05-12 18:00:00+00:00,14:00,-4.83191606021845,13.224801541314129,107,2.15523882333321,-0.3653677558127129
2020-05-13 11:00:00+00:00,07:00,4.461247913849014,7.2377282258764835,206,1.8681659714150252,0.6163878740153663
2020-05-13 12:30:00+00:00,08:30,-4.050326383787429,10.098578219175527,589,1.6527108702753837,-0.4010788742613816
2020-05-14 12:30:00+00:00,08:30,-6.719324216508674,14.231913575152818,590,1.436181999803644,-0.4721307630928699
2020-05-14 13:45:00+00:00,09:45,4.171425293185983,18.438415897244365,383,2.5164657367575094,0.22623555713424415
2020-05-15 12:30:00+00:00,08:30,0.33851426686332475,11.873785634433494,591,1.4003420885077242,0.02850938001454626
2020-05-15 13:15:00+00:00,09:15,-8.088551361352733,14.779256389695686,40,3.1993896547323293,-0.5472908208691873
2020-05-15 14:00:00+00:00,10:00,-3.5877695169475494,10.947576238505077,600,1.2473305306519749,-0.3277227249926391
2020-05-15 20:00:00+00:00,16:00,-1.2043209019386003,9.475186571885994,43,2.7692112195262126,-0.12710260561116166
2020-05-18 14:00:00+00:00,10:00,-4.302469082173497,20.614364912016956,600,2.1043666919874924,-0.208712182040855
2020-05-19 12:30:00+00:00,08:30,0.040820167084529235,7.507657907743772,592,1.378039259154645,0.005437137331793619
2020-05-20 11:00:00+00:00,07:00,0.9122947715770511,6.450794157754803,207,2.9096434840357888,0.14142363703860222
2020-05-20 18:00:00+00:00,14:00,-4.924479421074661,16.538103298864375,108,2.0023507296771794,-0.29776567071103077
2020-05-21 12:30:00+00:00,08:30,4.583285838341299,10.354932361839271,594,1.0606275320740188,0.44261861673109015
2020-05-21 13:45:00+00:00,09:45,1.3507332936008625,14.30530593969461,384,0.853070398539124,0.09442183895227464
2020-05-21 14:00:00+00:00,10:00,-1.5714209603893008,16.960193705258742,600,1.348497104048783,-0.09265347953555861
2020-05-26 12:30:00+00:00,08:30,-1.6977089002469086,10.426093325249369,595,1.106303923826496,-0.16283269747216686
2020-05-26 13:00:00+00:00,09:00,-2.3711248805386362,5.330504693371063,89,1.395313270233765,-0.44482183525461144
2020-05-26 14:00:00+00:00,10:00,2.758466884701363,8.445032244684972,600,1.9434666753893672,0.32663781555570165
2020-05-26 14:30:00+00:00,10:30,-3.0803698748474724,14.887013529974933,50,2.9566033752526546,-0.20691657656152201
2020-05-27 11:00:00+00:00,07:00,-0.4803272222324026,8.391883486866439,208,3.370401756279076,-0.05723711762492053
2020-05-27 14:00:00+00:00,10:00,-3.465954024467028,16.12908533587159,600,1.176236884293617,-0.21488844235690402
2020-05-28 12:30:00+00:00,08:30,4.144617787160194,12.439772033642189,596,2.544318814673681,0.3331747379253789
2020-05-28 13:45:00+00:00,09:45,17.439016665020386,100.49000753272335,387,0.7433067217428502,0.1735398085162008
2020-05-28 14:00:00+00:00,10:00,-10.355811943701664,24.011755469036377,600,2.0361147946821854,-0.4312809180926269
2020-05-28 15:00:00+00:00,11:00,0.8554377478220669,14.70031189119641,48,1.650330859595765,0.058191809408776135
2020-05-29 12:30:00+00:00,08:30,0.49928888987410946,5.603174298398742,597,2.2640058479760237,0.08910822032018434
2020-05-29 13:45:00+00:00,09:45,9.871648146800817,21.334825702596742,387,1.9984278550309125,0.46270113871140284
2020-05-29 14:00:00+00:00,10:00,-8.432173945995476,14.282076476640128,600,1.7337935729138831,-0.5904025202348695
2020-06-01 13:45:00+00:00,09:45,-2.7809282815155187,16.857339058909535,387,1.2546746674970082,-0.1649684017030984
2020-06-01 14:00:00+00:00,10:00,-1.8393795155406951,14.968167337131357,600,1.3807948384506865,-0.12288608712823298
2020-06-02 21:21:00+00:00,17:21,,,0,,
2020-06-03 11:00:00+00:00,07:00,4.341192842365595,15.627489105144527,209,1.534753902654129,0.27779208887347656
2020-06-03 12:15:00+00:00,08:15,1.812538292729598,5.534149269946942,51,2.543290759453212,0.3275188659208275
2020-06-03 13:45:00+00:00,09:45,-3.4711898434628767,25.61126983628511,387,2.132977129738977,-0.13553368753879677
2020-06-03 14:00:00+00:00,10:00,-3.6219498322026604,11.364695293988339,600,2.521485035941171,-0.318701886720939
2020-06-04 11:30:00+00:00,07:30,-4.728979872625296,11.459834565339731,51,1.9504834751728757,-0.4126569057923485
2020-06-04 12:30:00+00:00,08:30,3.036058260118652,30.528630930943798,600,1.6836902677034664,0.09944953859825091
2020-06-04 13:45:00+00:00,09:45,10.27579616123912,25.4270027251805,388,2.6639608151668583,0.40412927438997526
2020-06-05 12:30:00+00:00,08:30,12.292688318539007,44.32829557080155,600,1.8657484036515433,0.27731019567185966
2020-06-05 19:00:00+00:00,15:00,1.4431524982314798,10.741852308617387,53,1.8992063626273208,0.13434857013196375
2020-06-09 10:00:00+00:00,06:00,-1.4734842968338941,8.861924126601364,47,1.925714238237299,-0.16627137355090288
2020-06-09 14:00:00+00:00,10:00,1.202590822677264,17.900181780474913,600,2.153218247391947,0.06718316257486397
2020-06-10 11:00:00+00:00,07:00,0.1240737167414018,7.181055156578512,210,0.9474844270690981,0.017277922817197523
2020-06-10 12:30:00+00:00,08:30,4.652052209322489,23.008499942871758,600,2.975322981037091,0.20218841823122577
2020-06-10 18:00:00+00:00,14:00,2.6426582091495594,28.76927561015832,110,1.5693927736851279,0.0918569603544848
2020-06-11 12:30:00+00:00,08:30,5.304110667108465,27.05676129360483,600,1.2468771079645418,0.19603642171179414
2020-06-11 13:45:00+00:00,09:45,-6.864158051005263,19.444505857558713,389,1.4741386780797774,-0.35301272767170583
2020-06-11 16:00:00+00:00,12:00,,,15,,
2020-06-12 12:30:00+00:00,08:30,-2.3026075344232106,9.96669339464314,600,1.7037129659097348,-0.23103023673436238
2020-06-12 14:00:00+00:00,10:00,-0.1796579701935419,16.99232427251145,600,1.7231992782519236,-0.010572889694918035
2020-06-15 12:30:00+00:00,08:30,1.7468160051099053,7.854762678795928,600,2.139568557581932,0.22238940583468758
2020-06-15 20:00:00+00:00,16:00,-3.145916394903859,12.581049049465006,44,1.8256177666192657,-0.25005199348123003
2020-06-16 12:30:00+00:00,08:30,1.7256119015968605,7.469623782863928,600,1.2834600320181557,0.23101724420921824
2020-06-16 13:15:00+00:00,09:15,-10.279391109133696,68.6617593952747,41,2.1325576953859855,-0.14971056960479115
2020-06-16 14:00:00+00:00,10:00,-5.229623935981977,19.542426868733386,600,1.9649505416021225,-0.26760360783793113
2020-06-17 11:00:00+00:00,07:00,4.109386503474091,10.655592388168268,211,2.8970659651006625,0.38565537736194394
2020-06-17 12:30:00+00:00,08:30,0.30428940931330306,11.890030649323334,600,1.6059699608210887,0.02559197854806373
2020-06-18 12:30:00+00:00,08:30,-0.12262841334313757,8.503891886531008,600,1.97040982605495,-0.014420269563558782
2020-06-18 13:45:00+00:00,09:45,-1.3040470738617969,28.20729731626115,390,2.1559208687953553,-0.04623084087925113
2020-06-18 14:00:00+00:00,10:00,-2.8669976316045247,9.103893282602192,600,1.5128830177576387,-0.31491995156439734
2020-06-19 12:30:00+00:00,08:30,4.669656744343645e-10,0.0003030703779237383,600,0.0,1.5407829614805418e-06
2020-06-22 12:30:00+00:00,08:30,9.49787738735331,12.389125797437629,600,2.718637008463512,0.766630151525114
2020-06-22 14:00:00+00:00,10:00,2.784806010188616,13.23952601821454,600,1.2141814891026492,0.21034031024655744
2020-06-23 13:45:00+00:00,09:45,4.06022059470719,14.632219172798438,392,2.263299392759395,0.277484949258771
2020-06-23 14:00:00+00:00,10:00,-11.913712790086134,22.19195820699927,600,1.2451004493300215,-0.5368481987465435
2020-06-24 11:00:00+00:00,07:00,0.8276919197365782,10.93351875224656,212,1.967597910294815,0.07570224540626581
2020-06-24 13:00:00+00:00,09:00,-1.0008760683897124,7.342375409100554,90,1.429314567968487,-0.13631502240394439
2020-06-25 12:30:00+00:00,08:30,0.07280350671744518,11.373796337249455,600,2.686968360512375,0.006400985612781895
2020-06-25 13:45:00+00:00,09:45,-0.2066739030895085,19.575637833471564,394,1.67310490005575,-0.010557709784358875
2020-06-25 15:00:00+00:00,11:00,-0.6644186405782503,14.753380367139325,49,1.6128069035807568,-0.04503501055650481
2020-06-26 12:30:00+00:00,08:30,-3.810747450257568,10.112532144721808,600,1.31299852911078,-0.37683414952075783
2020-06-26 14:00:00+00:00,10:00,-5.978182455789391,14.747499405640653,600,1.6046366804255783,-0.40536922846071405
2020-06-29 14:00:00+00:00,10:00,-16.878316532568157,54.08007309922419,600,1.479030160189452,-0.312098626449717
2020-06-29 14:30:00+00:00,10:30,-2.15073199616338,11.58426439101435,51,1.4232292531488187,-0.18565978154224913
2020-06-30 13:00:00+00:00,09:00,3.3588049831583153,13.489136937231011,90,5.656854249492379,0.249000732870297
2020-06-30 13:45:00+00:00,09:45,-4.224167446215608,16.069369898555138,394,5.656854249492379,-0.2628707580248943
2020-06-30 14:00:00+00:00,10:00,6.352427043584141,10.769834337923328,600,5.656854249492378,0.5898351677718596
2020-07-01 11:00:00+00:00,07:00,4.268403032348763,15.372505767524235,213,1.5002679596973838,0.2776647540029641
2020-07-01 11:30:00+00:00,07:30,0.02443205838184867,18.276893827535243,52,1.7820278959683153,0.0013367730103591398
2020-07-01 12:15:00+00:00,08:15,0.8433744701504713,5.371363351278975,52,2.0088040857839,0.15701311101019733
2020-07-01 13:45:00+00:00,09:45,0.7853544796775672,11.522253551533332,394,1.151722224425711,0.06815979844264541
2020-07-01 14:00:00+00:00,10:00,-1.574600179126846,21.6462489937171,600,1.7609559315189818,-0.07274240352607415
2020-07-01 18:00:00+00:00,14:00,-2.799609251748509,22.713092553302538,111,1.9078192482112153,-0.12325971222009743
2020-07-02 12:30:00+00:00,08:30,16.08371724522748,37.781477029379275,600,0.9545395507536154,0.4257037709965815
2020-07-02 13:45:00+00:00,09:45,3.530416353381152,36.88969906108533,395,2.7034401188407386,0.09570195591824066
2020-07-02 14:00:00+00:00,10:00,-3.8876321818943396,9.900346631414168,600,2.0021966898686223,-0.39267637049785087
2020-07-06 13:45:00+00:00,09:45,-13.201946417720407,22.08980958010913,395,0.8634038989800223,-0.5976487198698245
2020-07-06 14:00:00+00:00,10:00,1.1904511636085542,17.568049794282505,600,1.3268226935908332,0.06776228309621395
2020-07-07 14:00:00+00:00,10:00,4.371211522900025,26.986246945850503,600,2.714077642864331,0.1619792308160197
2020-07-08 11:00:00+00:00,07:00,-3.0694211036708094,5.577269680180936,214,1.3916923628553224,-0.5503447528417225
2020-07-08 19:00:00+00:00,15:00,3.495971878798387,7.6634348587415655,54,3.1402820176630173,0.45618863384877395
2020-07-09 12:30:00+00:00,08:30,-5.921513123153705,20.93449103899238,600,1.081427617248468,-0.2828591873633016
2020-07-09 13:45:00+00:00,09:45,1.5412446402533684,17.643503389271906,396,0.9082406469797286,0.08735479605430965
2020-07-09 14:00:00+00:00,10:00,-3.6509853097814315,18.574984564341282,600,1.1265848779137817,-0.19655388122315273
2020-07-10 12:30:00+00:00,08:30,-7.070507287819508,12.621785716126357,600,1.711607732775147,-0.5601828019299836
2020-07-13 18:00:00+00:00,14:00,-1.5190824870413224,18.19047172333736,111,2.673457176425556,-0.08350979073799523
2020-07-14 10:00:00+00:00,06:00,-3.619110132311003,9.7451844719477,48,2.0282587002893746,-0.37137420463705983
2020-07-14 12:30:00+00:00,08:30,4.9613570242615515,47.743607588703675,600,1.7381500677737298,0.10391667649001514
2020-07-15 11:00:00+00:00,07:00,-1.1084912605992143,8.389675938461822,215,1.2873112201042904,-0.1321256349744597
2020-07-15 12:30:00+00:00,08:30,-4.932912394803924,17.490128910656885,600,1.858286920988423,-0.28203979627607306
2020-07-15 13:15:00+00:00,09:15,-2.921357727129656,23.711866574387578,42,1.600710706927175,-0.1232023517830168
2020-07-16 12:30:00+00:00,08:30,-0.5827778838342011,6.310248038149287,600,2.3737416126067283,-0.09235419595409791
2020-07-16 13:45:00+00:00,09:45,4.9424827684288175,27.61814476399119,398,2.189417709940378,0.1789578123608388
2020-07-16 14:00:00+00:00,10:00,0.2569362490757411,13.250378542577867,600,1.3259187701195692,0.019390861042204915
2020-07-16 20:00:00+00:00,16:00,-1.250452638638196,8.48939052062677,45,3.2007498120541387,-0.14729592608561906
2020-07-17 12:30:00+00:00,08:30,3.6330278356924692,10.665748686514164,600,1.1439059582973408,0.34062567405943955
2020-07-17 14:00:00+00:00,10:00,-5.367307278697069,23.200729326312786,600,2.1769666542908315,-0.23134217908442267
2020-07-21 12:30:00+00:00,08:30,3.5767227078722326,11.416189341354562,600,2.4257736906898684,0.31330267928508665
2020-07-22 11:00:00+00:00,07:00,-0.006095382395660431,9.491917064104745,216,2.149018268753527,-0.0006421655767211798
2020-07-22 13:00:00+00:00,09:00,-1.2788542812499168,8.317194632066473,91,2.161393823393887,-0.15376029272170288
2020-07-22 14:00:00+00:00,10:00,-9.297450294606548,37.08056542292808,600,1.047059971572729,-0.2507364757943427
2020-07-23 12:30:00+00:00,08:30,-8.574081740570762,14.186348658325297,600,1.8968516270622995,-0.6043896105386525
2020-07-23 13:45:00+00:00,09:45,-0.1986477102431765,25.218009283425832,400,1.6439238885055862,-0.00787721615971229
2020-07-23 14:00:00+00:00,10:00,-8.595442612775887,49.59079075881286,600,2.197664047511293,-0.17332739569691935
2020-07-23 15:00:00+00:00,11:00,-2.825940596596379,18.96230068996125,50,2.7477819916878983,-0.1490294159343464
2020-07-24 13:45:00+00:00,09:45,4.633359624773515,21.349604492438303,400,3.6062456134955516,0.21702320651488316
2020-07-24 14:00:00+00:00,10:00,-3.3572770724007013,13.474291511918793,600,2.6179299699709944,-0.24916167721553262
2020-07-27 12:30:00+00:00,08:30,-0.21051668297926945,5.244391599052457,600,2.157686831756843,-0.040141297422813554
2020-07-27 14:30:00+00:00,10:30,-2.3776304563550266,13.308675120768832,52,1.4928913399401085,-0.17865267840557766
2020-07-28 13:00:00+00:00,09:00,-2.582944268185928,7.032814420512771,91,1.6088293212297504,-0.36727035774642297
2020-07-28 14:00:00+00:00,10:00,-2.8839061924684453,13.02289056240807,600,1.2528261211471305,-0.22144900770287826
2020-07-29 11:00:00+00:00,07:00,2.9816957780747986,6.90960688228979,217,1.6282786823467996,0.43152900430808416
2020-07-29 12:30:00+00:00,08:30,2.8877831478489195,12.328855104111366,600,1.2504181223716175,0.2342296282552559
2020-07-29 14:00:00+00:00,10:00,-10.372304422682708,49.86879525546083,600,2.2234189034798386,-0.2079918788803485
2020-07-29 18:00:00+00:00,14:00,1.3605466298504127,25.911612544386806,112,2.4030666801595073,0.05250721573270614
2020-07-30 12:30:00+00:00,08:30,-4.6040590248508355,12.407697105543951,600,1.818371399877079,-0.371064750024698
2020-07-30 13:45:00+00:00,09:45,0.7108875061458071,22.05291259202907,402,0.9808404597342084,0.03223553819384176
2020-07-31 12:30:00+00:00,08:30,-2.434492428494369,10.692566002387057,600,1.3757908951305708,-0.22768084180643652
2020-07-31 13:45:00+00:00,09:45,24.225050366227233,100.74304378385975,402,0.8824522557618371,0.24046375269543305
2020-07-31 14:00:00+00:00,10:00,11.746339369390071,46.913244147165074,600,1.6059477440189598,0.25038429089538655
2020-08-03 13:45:00+00:00,09:45,-0.9522594725711421,14.117059515871134,402,2.710334950466744,-0.06745451993742481
2020-08-03 14:00:00+00:00,10:00,-2.275148343936085,13.896853367465681,600,3.0141262371470163,-0.16371679860007013
2020-08-04 14:00:00+00:00,10:00,-4.954256930666537,13.181650635702473,600,2.0357777052853114,-0.37584495808498686
2020-08-05 11:00:00+00:00,07:00,-2.073074247003128,7.038304620270235,218,2.8499876840402485,-0.2945417055454943
2020-08-05 12:15:00+00:00,08:15,-1.7399101032025648,8.591348946486084,53,3.5325118678976075,-0.20251884937279832
2020-08-05 12:30:00+00:00,08:30,0.14862982716689585,16.243814677197435,600,1.898304223175564,0.00914993368987014
2020-08-05 13:45:00+00:00,09:45,7.518718694570879,16.927168696911586,402,0.7645396769331738,0.4441805259460014
2020-08-05 14:00:00+00:00,10:00,-6.126611227774291,38.3359290324801,600,1.065511698193946,-0.1598138191090536
2020-08-06 11:30:00+00:00,07:30,-0.4871534311967677,14.26208855268281,53,1.579842097105139,-0.03415722945466709
2020-08-06 12:30:00+00:00,08:30,5.845192439491809,20.175999435252706,600,1.4491619733067729,0.2897101805662594
2020-08-06 13:45:00+00:00,09:45,7.943429407374801,20.893281250536308,403,2.423788180844472,0.3801906130551371
2020-08-07 12:30:00+00:00,08:30,3.1556881150764617,16.04315704373872,600,1.3865046548184081,0.19669994543300037
2020-08-07 14:00:00+00:00,10:00,1.0551259576916363,14.702784915693071,600,2.1521503827891126,0.07176368040080922
2020-08-07 19:00:00+00:00,15:00,3.077794188733452,10.05193596154072,55,2.051612911224205,0.30618919584339455
2020-08-10 14:00:00+00:00,10:00,2.405016801626445,9.154063614537765,600,0.8996407183741505,0.2627266865184317
2020-08-11 10:00:00+00:00,06:00,0.7697575581975298,20.648827777190213,49,2.044021500884457,0.03727851123093025
2020-08-11 12:30:00+00:00,08:30,1.1274417167506918,8.141985197574252,600,1.4292191683408768,0.13847258247123703
2020-08-12 11:00:00+00:00,07:00,2.4615861388239053,14.541958052147466,219,1.6126455576134882,0.1692747379683435
2020-08-12 12:30:00+00:00,08:30,-2.2052976699465217,8.094456320483586,600,2.626313815052731,-0.2724454345829086
2020-08-12 18:00:00+00:00,14:00,-3.970502627824824,10.695702768809745,113,1.4579557492676578,-0.37122409940218215
2020-08-13 12:30:00+00:00,08:30,-4.861868822108111,8.069632935305147,600,2.24150139188584,-0.6024894640296625
2020-08-13 13:45:00+00:00,09:45,8.14115884859697,18.0517998689947,404,2.456985955514923,0.4509887605490249
2020-08-14 12:30:00+00:00,08:30,-2.1228151136272944,9.139655735912871,600,3.0198405453549357,-0.23226423127580384
2020-08-14 13:15:00+00:00,09:15,6.509990089505737,24.367075006444505,43,3.301698303210011,0.2671633787717238
2020-08-14 14:00:00+00:00,10:00,1.7916185122125339,25.0497037561534,600,1.9796772421795874,0.07152254292717643
2020-08-17 12:07:00+00:00,08:07,,,0,,
2020-08-17 12:30:00+00:00,08:30,2.076081852341949,15.175515546301444,600,2.3375848518028186,0.1368047000451282
2020-08-17 14:00:00+00:00,10:00,10.858071203687174,45.3584396578695,600,1.1160924286764706,0.23938370203180795
2020-08-17 20:00:00+00:00,16:00,1.1955336675137505,5.657558179744263,46,3.1083414242337444,0.21131619499629994
2020-08-18 12:30:00+00:00,08:30,4.47904973386272,12.820882602389933,600,2.3159888226983796,0.34935580277661876
2020-08-19 11:00:00+00:00,07:00,2.8576932106989257,10.871051364594958,220,1.1691997687597384,0.26287183409011516
2020-08-19 18:00:00+00:00,14:00,-5.015935904895132,10.482776771931295,114,1.4313968470991854,-0.478493057137858
2020-08-20 12:30:00+00:00,08:30,-4.818402364608628,11.21942841166916,600,1.7058216284226646,-0.4294695048454589
2020-08-20 13:45:00+00:00,09:45,0.46854057263368043,19.065234409061105,406,2.20485828660581,0.024575652340838666
2020-08-20 14:00:00+00:00,10:00,-5.439377233283315,20.358173988368595,600,2.0171602286452073,-0.2671839447089429
2020-08-21 13:45:00+00:00,09:45,-3.548533607054889,21.28342837634108,407,2.5097226552811507,-0.16672753770250107
2020-08-21 14:00:00+00:00,10:00,4.888358980802798,13.245543260554996,600,1.0425496327869848,0.3690568883920563
2020-08-24 12:30:00+00:00,08:30,-7.271133928136841,16.291168991766728,600,1.434923608801462,-0.44632364514857986
2020-08-25 13:00:00+00:00,09:00,-3.468988077597049,5.1829206526619656,93,1.837681330259897,-0.6693114384869784
2020-08-25 14:00:00+00:00,10:00,-4.343105829799496,15.944598410685662,600,1.656425676905158,-0.2723872823845383
2020-08-26 11:00:00+00:00,07:00,2.6113216403353627,8.586410876637416,221,2.5882322460717293,0.30412260464269797
2020-08-26 12:30:00+00:00,08:30,1.5820470383420269,6.446276919372826,600,0.659913510082654,0.24542027252778154
2020-08-27 12:30:00+00:00,08:30,1.9203111181700028,6.120604585874071,600,0.7749825568386237,0.3137453320546057
2020-08-27 13:45:00+00:00,09:45,3.370450723662514,24.675613617296314,410,2.419189015232371,0.1365903509406552
2020-08-27 14:00:00+00:00,10:00,4.345757207249607,14.123498881198408,600,0.8490528290813933,0.30769692721360986
2020-08-27 15:00:00+00:00,11:00,11.493045990872112,30.176493903233037,51,2.552098196527962,0.38086087892539344
2020-08-28 12:30:00+00:00,08:30,-2.0211891552384667,9.794494865507893,600,2.993041872058461,-0.2063597135934236
2020-08-28 13:45:00+00:00,09:45,-6.167847909975757,24.63610699280134,410,0.8611682095998971,-0.2503580582669981
2020-08-28 14:00:00+00:00,10:00,2.892090318431592,9.588738310422348,600,1.9087608895153327,0.30161322843570293
2020-08-31 14:30:00+00:00,10:30,-4.031893412377343,14.963358378708397,53,3.0271199556946384,-0.26945110250880505
2020-09-01 13:45:00+00:00,09:45,-1.042575617442599,18.550465698778794,410,1.4937503179523324,-0.056202126370942455
2020-09-01 14:00:00+00:00,10:00,2.4302966903329795,9.989183180248187,600,1.1082901224237078,0.24329283450707503
2020-09-02 11:00:00+00:00,07:00,0.5734310841169035,4.029546933712104,222,1.9841464505697146,0.14230659018249642
2020-09-02 12:15:00+00:00,08:15,1.1213648119946449,14.971357731011866,54,2.421729975399592,0.07490067581992481
2020-09-02 14:00:00+00:00,10:00,7.736275096382599,20.989466984669242,600,2.1548600495967776,0.3685789211337855
2020-09-03 11:30:00+00:00,07:30,-2.2689519897711965,7.94424478798362,54,2.021498198210593,-0.28560952618217267
2020-09-03 12:30:00+00:00,08:30,-2.839654798825057,8.195899279318343,600,1.8020909316246851,-0.3464726324774006
2020-09-03 13:45:00+00:00,09:45,5.096505332592771,23.0891812124156,411,1.6737204107489936,0.22073131505643254
2020-09-03 14:00:00+00:00,10:00,7.37775733060197,14.121147195990378,600,1.6279690409976522,0.5224616122333774
2020-09-04 12:30:00+00:00,08:30,-0.6575290405303729,6.503353234638072,600,2.604232658733628,-0.10110615505678679
2020-09-08 10:00:00+00:00,06:00,-4.555920433365217,11.39032291082194,50,2.6202073898840164,-0.3999816747106124
2020-09-08 19:00:00+00:00,15:00,5.224215233495417,33.329214122985604,56,1.3586863661660635,0.15674582707584814
2020-09-09 11:00:00+00:00,07:00,2.852217123645711,14.684855098768702,223,1.7914600896624888,0.194228482641607
2020-09-09 14:00:00+00:00,10:00,-2.321978601717445,19.534998567290735,600,1.502429327929081,-0.11886249152868378
2020-09-10 12:30:00+00:00,08:30,-4.135426813010578,11.53346741451976,600,2.1896607026480006,-0.3585588500301643
2020-09-10 13:45:00+00:00,09:45,-1.627618376025775,12.502795516814633,412,1.3155349124114517,-0.13018035637204817
2020-09-10 14:00:00+00:00,10:00,-10.599804209992634,31.103215651804785,600,2.397466951033678,-0.3407944801803017
2020-09-11 12:30:00+00:00,08:30,-1.427661703258727,5.7869057064267295,600,2.4570949163361595,-0.2467055410412541
2020-09-11 18:00:00+00:00,14:00,8.007577382166591,24.647208675901684,116,1.8250283774593938,0.32488779916063437
2020-09-15 12:30:00+00:00,08:30,0.8726346338951251,10.074800833033224,600,1.9169565712360974,0.08661557169784771
2020-09-15 13:15:00+00:00,09:15,4.974284419616991,23.487247921827862,44,3.212201768918532,0.21178660165604768
2020-09-16 11:00:00+00:00,07:00,1.7006359903049535,10.357400649070193,224,0.6231850057445714,0.16419525013330669
2020-09-16 12:30:00+00:00,08:30,0.49393379550420763,12.287306296460864,600,2.504205168921388,0.040198704548162545
2020-09-16 14:00:00+00:00,10:00,5.282772978765944,83.22980529435632,600,1.9035413830028804,0.0634721294863363
2020-09-16 18:00:00+00:00,14:00,-2.339943316188264,11.987550942555416,116,1.4267847645182656,-0.19519777871237579
2020-09-16 20:00:00+00:00,16:00,-0.23434027283172632,3.4653727494154807,47,2.765791042372848,-0.06762339574328721
2020-09-17 12:30:00+00:00,08:30,-1.4572906551973077,16.014994059847442,600,1.8706055375073716,-0.09099539155315739
2020-09-17 13:45:00+00:00,09:45,8.203422267228103,29.304594603102444,414,2.9176717818695184,0.27993638466370785
2020-09-18 12:30:00+00:00,08:30,-3.453515325629286e-09,0.0003406639767769419,600,0.0,-1.0137600571399893e-05
2020-09-18 14:00:00+00:00,10:00,4.8947858854353115,15.631704125737679,600,5.656854249492378,0.31313194300908126
2020-09-21 12:30:00+00:00,08:30,-2.345910943379362,9.2052811731188,600,1.8776341399637722,-0.25484402912426785
2020-09-21 16:00:00+00:00,12:00,,,16,,
2020-09-22 14:00:00+00:00,10:00,3.5576398246190566,18.165392266501,600,1.291394326584843,0.19584712360876122
2020-09-23 11:00:00+00:00,07:00,0.8089158171707207,12.776494462091934,225,1.224998696025815,0.06331281397810543
2020-09-23 13:00:00+00:00,09:00,-1.5364611262301686,8.31488115874654,94,1.919030518026658,-0.1847844962418908
2020-09-23 13:45:00+00:00,09:45,-0.8200497793496595,15.50165592936279,416,2.5334562275060057,-0.05290078576678668
2020-09-24 12:30:00+00:00,08:30,2.1168481885564066,8.139932401003618,600,2.160627790219098,0.26005721967610057
2020-09-24 13:45:00+00:00,09:45,-3.678646300623476,17.368852262552373,417,1.681645061949462,-0.2117955893121803
2020-09-24 14:00:00+00:00,10:00,-0.31730397242571534,24.33503103260522,600,1.4933164967329962,-0.013038979568202587
2020-09-24 15:00:00+00:00,11:00,1.6381690580990742,12.39929348619135,52,2.5464725285051903,0.13211793558426893
2020-09-25 12:30:00+00:00,08:30,1.1202321472016754,5.71532472778827,600,2.256887894126504,0.19600498669043875
2020-09-28 14:30:00+00:00,10:30,-1.2028085118358793,12.471071153040882,54,1.2996898375937855,-0.09644789104924581
2020-09-29 12:30:00+00:00,08:30,-0.12099024545524026,11.948795144204864,600,1.7614252077996553,-0.010125727656643291
2020-09-29 13:00:00+00:00,09:00,3.0922896432988596,20.1860482436144,94,3.159066335093359,0.15318945075230692
2020-09-29 14:00:00+00:00,10:00,1.356865627662086,22.69297293235969,600,3.028249261568826,0.05979232565545543
2020-09-30 11:00:00+00:00,07:00,-0.33315780868163775,4.580835871091753,226,1.3067714158037904,-0.0727286063192297
2020-09-30 12:15:00+00:00,08:15,5.016344506854069,6.86904983005705,55,2.797094794806179,0.7302821541494635
2020-09-30 12:17:00+00:00,08:17,,,0,,
2020-09-30 12:30:00+00:00,08:30,-1.3372630433771444,8.198292949075205,600,1.7761515120090363,-0.16311481569196576
2020-09-30 14:00:00+00:00,10:00,0.6075082050958236,9.317737058293735,600,1.563100595132862,0.06519911447330223
2020-10-01 11:30:00+00:00,07:30,-3.6546854834770723,16.36397911055453,55,1.8256978844214051,-0.22333721271495957
2020-10-01 12:30:00+00:00,08:30,-5.2339626689794505,15.341133858658438,600,2.1191801105921373,-0.3411718271414101
2020-10-01 13:45:00+00:00,09:45,-2.4703687462789006,18.611973861612096,418,1.1853747053510266,-0.13273007820917535
2020-10-01 14:00:00+00:00,10:00,1.5817280892688226,23.737010471021218,600,1.3639639146364992,0.06663552224488585
2020-10-02 12:30:00+00:00,08:30,-0.26924329215854614,11.816254999983313,600,1.7655232811668689,-0.022785839689387744
2020-10-02 14:00:00+00:00,10:00,-0.6483594882357538,15.409603558696459,600,1.4396140652248042,-0.04207502715862214
2020-10-05 13:45:00+00:00,09:45,-6.148748107498448,19.441287048296044,418,1.6615753055082534,-0.31627268771988853
2020-10-05 14:00:00+00:00,10:00,-1.5289103850395613,17.881418074008135,600,2.1633095586373408,-0.08550274808808017
2020-10-06 12:30:00+00:00,08:30,3.9672129324078753,6.22698171670366,600,0.9755561021856061,0.6371004626151328
2020-10-06 14:00:00+00:00,10:00,10.328642277280055,71.18819367335671,600,1.9476333440116955,0.1450892591076617
2020-10-07 11:00:00+00:00,07:00,0.48566814915293355,12.115400248798478,227,1.2082984066554687,0.040086843123577263
2020-10-07 18:00:00+00:00,14:00,-1.5262340836862807,15.057545400829326,118,1.49585248178683,-0.10136008513062296
2020-10-07 19:00:00+00:00,15:00,10.853110516240886,17.22212377218259,57,3.0775744222017756,0.6301842130394497
2020-10-08 12:30:00+00:00,08:30,4.7744210937701315,9.47917973378577,600,1.0570913722956237,0.5036744979898525
2020-10-08 13:45:00+00:00,09:45,22.731305882117546,97.67969831573798,419,1.1888226928513317,0.23271269541231904
2020-10-09 14:00:00+00:00,10:00,2.5082213996365,14.327469207650331,600,1.2832786668470242,0.17506381366342103
2020-10-13 10:00:00+00:00,06:00,-4.373837809121056,9.410595512344624,51,2.316774678759927,-0.4647780051096178
2020-10-13 12:30:00+00:00,08:30,14.813792991362712,39.03600399210535,600,1.2981149485357235,0.37949050815648694
2020-10-14 11:00:00+00:00,07:00,2.269287435639618,5.354414161367232,228,2.3943383759327213,0.42381619487203864
2020-10-14 12:30:00+00:00,08:30,0.5777007600491695,7.167691307599358,600,1.3663482149473027,0.0805978850451717
2020-10-15 12:30:00+00:00,08:30,-3.8570219830635084,15.28102483311657,600,2.4989493812220402,-0.25240597572387213
2020-10-15 13:45:00+00:00,09:45,-15.490429797569739,13.984362170272385,421,1.5896632029985085,-1.1076965548345792
2020-10-16 12:30:00+00:00,08:30,9.08030229181644,21.23575840541206,600,1.3840697628920227,0.4275949141285329
2020-10-16 13:15:00+00:00,09:15,-7.269563513561341,26.561278250663808,45,1.5006042353036795,-0.2736902736742221
2020-10-16 14:00:00+00:00,10:00,5.182218072551991,11.082034697697203,600,2.077885693077515,0.46762333938810285
2020-10-16 18:00:00+00:00,14:00,-1.2273806048503138,11.31936569321417,118,1.9212397883342665,-0.10843192437771618
2020-10-16 20:00:00+00:00,16:00,2.208767271100415,3.7648536709487654,48,2.059653918214903,0.5866807754426728
2020-10-19 14:00:00+00:00,10:00,9.068690811063819,16.817548173974764,600,2.5813521744251107,0.5392397701049944
2020-10-20 12:30:00+00:00,08:30,-11.817117489137786,15.266111152769465,600,0.8704616958515768,-0.7740751636669442
2020-10-21 11:00:00+00:00,07:00,0.8946481949321003,11.371625199299743,229,2.969703443599923,0.07867373214052044
2020-10-22 12:30:00+00:00,08:30,-4.812761414185405,12.081315795934158,600,1.859914217176615,-0.3983640106324421
2020-10-22 13:45:00+00:00,09:45,3.058143219961883,24.945887948689993,422,1.1918182119507357,0.12259107498005412
2020-10-22 14:00:00+00:00,10:00,5.919071236131054,36.70452113893229,600,2.5750612509241284,0.16126272874468117
2020-10-22 15:00:00+00:00,11:00,0.41087694280682313,15.755317248716809,53,2.178392604923084,0.02607862071709708
2020-10-23 13:45:00+00:00,09:45,3.0812450138324268,11.508716592015501,422,1.4940212865488092,0.2677314181122618
2020-10-26 12:30:00+00:00,08:30,-0.5118066747241687,15.845060943322803,600,1.6245274412481363,-0.03230070723961759
2020-10-26 14:00:00+00:00,10:00,-6.486774827540235,15.833623598214428,600,1.238009592769872,-0.4096835312083429
2020-10-26 14:30:00+00:00,10:30,2.7551837858881467,14.958258292986574,55,1.862676551911393,0.18419148352184558
2020-10-27 12:30:00+00:00,08:30,3.9241662092689715,31.964053383432166,600,0.9115498987147956,0.12276810335021443
2020-10-27 13:00:00+00:00,09:00,-2.5566763408375084,9.293168888811826,96,1.1397097785015373,-0.27511351310052334
2020-10-27 14:00:00+00:00,10:00,-13.805254931569499,34.37902325934793,600,2.5693917366919,-0.40156041745065396
2020-10-28 11:00:00+00:00,07:00,1.9324298523161112,7.514759324857551,230,1.977163918408301,0.2571512631048556
2020-10-28 12:30:00+00:00,08:30,-3.7728514310962864,17.868268214583335,600,3.38951446076701,-0.21114813062952809
2020-10-29 12:30:00+00:00,08:30,-0.06672289786608204,8.834066886457162,600,2.740535769261624,-0.007552908385646237
2020-10-29 13:45:00+00:00,09:45,22.511137553264643,104.06811090824633,424,0.9491771660502094,0.2163115805293326
2020-10-29 14:00:00+00:00,10:00,-9.516380245028879,50.02853804443978,600,1.5473434494833056,-0.1902190353149154
2020-10-30 12:30:00+00:00,08:30,1.4773279451708767,7.49465359684871,600,1.3014405216312628,0.19711757535959387
2020-10-30 13:45:00+00:00,09:45,5.48107062952656,47.884651343596545,424,1.2626556162738436,0.11446403963969815
2020-10-30 14:00:00+00:00,10:00,8.36748014088065,41.28805557733948,600,1.6297136610241794,0.20266103656073003
2020-11-02 14:45:00+00:00,09:45,22.702185434329476,99.0569661963567,424,0.9010533526379305,0.22918312871936572
2020-11-02 15:00:00+00:00,10:00,-18.05675360322688,56.17762028541533,600,1.5785222608925034,-0.3214225435589468
2020-11-03 15:00:00+00:00,10:00,4.77913891203575,15.195213564287444,600,0.7912332223142234,0.31451607388183883
2020-11-04 12:00:00+00:00,07:00,2.653611964629647,4.421750870740357,231,2.6756797599470117,0.6001269728218176
2020-11-04 13:15:00+00:00,08:15,0.8809141668163039,11.677171933847092,56,1.6545530351810915,0.07543899942612929
2020-11-04 13:30:00+00:00,08:30,2.709082056321319,13.107213595993947,600,2.3938238705051966,0.20668634385795892
2020-11-04 14:45:00+00:00,09:45,9.623259715996534,26.442237360772687,424,1.5483451906501056,0.3639351536217859
2020-11-04 15:00:00+00:00,10:00,-6.399626513282229,25.02817659530739,600,1.5753491768831633,-0.2556968738378694
2020-11-05 12:30:00+00:00,07:30,-1.0487064935109203,15.293069013437517,56,2.5163240568223797,-0.06857397247010763
2020-11-05 13:30:00+00:00,08:30,0.12172614617118518,30.19276945411256,600,1.3511565407128714,0.004031632353440994
2020-11-05 14:45:00+00:00,09:45,-12.141545166983123,17.618540715617257,425,1.2547493265092675,-0.6891345522288762
2020-11-05 19:00:00+00:00,14:00,-2.1733157992892993,16.430117168429593,119,1.6555527174250058,-0.1322763420984798
2020-11-06 13:30:00+00:00,08:30,6.473668993562155,21.79877326980321,600,1.440863976894795,0.2969740046119851
2020-11-06 15:00:00+00:00,10:00,-5.193648721844453,12.461072461256228,600,1.8059573126977535,-0.4167898660402196
2020-11-06 20:00:00+00:00,15:00,8.592002139394296,28.989968414051045,58,1.323449396724394,0.2963784581162175
2020-11-10 11:00:00+00:00,06:00,-1.3039077507105223,8.233468973632181,52,2.562019198806436,-0.1583667534166107
2020-11-10 15:00:00+00:00,10:00,-9.903401959599623,50.91800227180994,600,2.1983124115118002,-0.19449706425506225
2020-11-11 12:00:00+00:00,07:00,-0.014596205948980256,4.943280519544766,232,2.3496633473194497,-0.002952736728427551
2020-11-12 13:30:00+00:00,08:30,-4.4214824916428315,15.57302308334679,600,2.2622825453366424,-0.2839193435968768
2020-11-12 14:45:00+00:00,09:45,2.841070353711177,23.991593340697303,426,1.7274738978191249,0.11841941105644811
2020-11-12 19:00:00+00:00,14:00,-5.3810136915405495,11.259295602963656,120,2.098705366414994,-0.47791743651567037
2020-11-13 13:30:00+00:00,08:30,-0.72926442302475,5.499602924384322,600,2.1984788824575654,-0.1326031048153155
2020-11-13 15:00:00+00:00,10:00,-6.396319435364325,18.293249522858346,600,2.206488230348896,-0.34965463229328386
2020-11-16 13:30:00+00:00,08:30,1.0862551638623563,13.857165866727094,600,2.7941710970696985,0.07838941774310432
2020-11-17 13:30:00+00:00,08:30,-1.1797296121469785,12.863325787362855,600,2.41350462001493,-0.09171264349892812
2020-11-17 14:15:00+00:00,09:15,-22.21480599225714,74.0034524150795,46,2.6932216045325985,-0.30018607601786
2020-11-17 15:00:00+00:00,10:00,11.464364831277155,48.60442354838528,600,1.3051991285600728,0.2358708116322886
2020-11-17 21:00:00+00:00,16:00,-0.5359440532624217,12.491075740844629,49,2.685346151708808,-0.04290615671394383
2020-11-18 12:00:00+00:00,07:00,-4.159438175752313,6.914660649357868,233,1.4723147897887465,-0.6015390178458837
2020-11-18 13:30:00+00:00,08:30,-2.9556617720953553,12.377563850791741,600,2.4115028612979854,-0.23879188245159358
2020-11-19 13:30:00+00:00,08:30,0.6908895971800537,19.152094422507584,600,2.2841573266023527,0.0360738403820795
2020-11-19 14:45:00+00:00,09:45,-2.6069744419358916,13.399086198974882,428,1.7225371848757587,-0.194563599578555
2020-11-19 15:00:00+00:00,10:00,5.098676309162762,15.225818581575123,600,1.2835355609648034,0.3348704230150692
2020-11-19 16:00:00+00:00,11:00,3.9646699613442205,13.626890075591737,54,1.945038112076797,0.29094459112469634
2020-11-23 13:30:00+00:00,08:30,2.1854969618559066,30.733429209828735,600,2.5060931821126107,0.07111139297000321
2020-11-23 14:45:00+00:00,09:45,-3.7355567846439732,14.851115893346764,430,1.3107016977147579,-0.25153374409511453
2020-11-24 14:00:00+00:00,09:00,-2.117276199960018,8.070351276129738,97,1.8703341751807323,-0.26235242153863103
2020-11-24 15:00:00+00:00,10:00,3.5235462210340405,21.24922017163382,600,1.8050948007197085,0.16582002504438828
2020-11-25 12:00:00+00:00,07:00,1.8219952461650228,5.26176608035409,234,2.8622496190670863,0.346270666225134
2020-11-25 13:30:00+00:00,08:30,-0.013423886166124332,8.568324174878173,600,2.86496556710038,-0.0015666874749536654
2020-11-25 14:45:00+00:00,09:45,-10.99429536140676,21.747578948811036,431,1.0769582864700842,-0.5055411173485052
2020-11-25 15:00:00+00:00,10:00,-3.4445885536933982,16.21499728540714,600,1.236517191442612,-0.21243226212522356
2020-11-25 19:00:00+00:00,14:00,0.4218826825246975,14.439260664098358,120,1.591578568983745,0.029217748217099694
2020-11-30 14:45:00+00:00,09:45,-11.650728297229396,26.019798810712953,432,0.8845644429732142,-0.4477639655089309
2020-11-30 15:00:00+00:00,10:00,-10.518148258434385,18.66650920121289,600,1.6018547807845558,-0.5634769814246228
2020-11-30 15:30:00+00:00,10:30,0.1374088769051608,12.298692745376105,56,1.663079799301897,0.01117264084484279
2020-12-01 14:45:00+00:00,09:45,2.425711764318254,21.30048383127243,432,2.2580218972880917,0.1138805946162092
2020-12-01 15:00:00+00:00,10:00,6.1403830194293905,13.455823375167984,600,2.3821029227872277,0.45633647590537973
2020-12-02 12:00:00+00:00,07:00,5.327668719777058,9.91583280368748,235,2.1073854359444977,0.5372890835549199
2020-12-02 13:15:00+00:00,08:15,4.204502421870765,12.155971625919126,57,2.075215502901206,0.3458795850515041
2020-12-03 12:30:00+00:00,07:30,0.5528633823295739,5.122077984875221,57,1.6016979618658076,0.10793732230592779
2020-12-03 13:30:00+00:00,08:30,2.560592196133194,6.275593603508744,600,2.3705189785119054,0.4080239030617825
2020-12-03 14:45:00+00:00,09:45,5.095542558290343,19.372648858439515,433,1.3276294493872458,0.2630276631515218
2020-12-03 15:00:00+00:00,10:00,-6.32437596143694,36.96228866472239,600,1.8236693959320347,-0.17110347302365672
2020-12-04 13:30:00+00:00,08:30,-3.3029127223503094,14.102694893649875,600,2.423206175747955,-0.23420436641776432
2020-12-04 15:00:00+00:00,10:00,-1.449161411207324,32.50653803485563,600,1.8834578840317706,-0.04458061358774775
2020-12-07 20:00:00+00:00,15:00,4.989988939046924,12.267264629603918,59,2.8844969866528163,0.40677274761032356
2020-12-08 11:00:00+00:00,06:00,5.311096568571912,23.083276221413684,53,3.0884515518928186,0.2300841751243683
2020-12-08 13:30:00+00:00,08:30,1.2293445409832895,11.062213925155422,600,0.9806785105384923,0.11113006395471758
2020-12-09 12:00:00+00:00,07:00,3.0792729832442474,6.258885220128384,236,1.372402116563319,0.4919842551739724
2020-12-09 15:00:00+00:00,10:00,3.985462613983668,20.332142353001636,600,1.1281920534890781,0.19601783937909986
2020-12-10 13:30:00+00:00,08:30,2.322491115577132,7.360834828366964,600,1.9886118135513613,0.3155200693577291
2020-12-10 14:45:00+00:00,09:45,5.638005458680682,16.15535387802323,434,1.7520175605488866,0.3489868127463481
2020-12-10 17:00:00+00:00,12:00,,,17,,
2020-12-10 19:00:00+00:00,14:00,4.355682145371542,21.89595901493089,122,1.4827705169081957,0.19892630153360238
2020-12-11 13:30:00+00:00,08:30,-1.262886043286321,11.153095388316661,600,2.1883450816576215,-0.11323188758963251
2020-12-11 15:00:00+00:00,10:00,0.4106912527783666,15.389172335494028,600,1.834532313569377,0.026687026685063273
2020-12-15 13:30:00+00:00,08:30,-4.625976390432574,22.370625107834233,600,1.8453528687499487,-0.20678798058318668
2020-12-15 14:15:00+00:00,09:15,0.688189284580697,30.907613541559588,47,3.08025294164903,0.022266011694993232
2020-12-15 21:00:00+00:00,16:00,2.712614311820519,8.130816317155775,50,2.591252301415475,0.33362139864074725
2020-12-16 12:00:00+00:00,07:00,6.259585252361985,4.598651952403674,237,3.1697661932076184,1.3611783011954526
2020-12-16 13:30:00+00:00,08:30,6.2261775205519605,11.787975592669735,600,3.05068675806384,0.5281803878541844
2020-12-16 14:45:00+00:00,09:45,0.3075026966571921,24.682083934643323,436,1.314425759356953,0.012458538649793136
2020-12-16 15:00:00+00:00,10:00,0.32138508805119964,18.223416324204756,600,2.0511020976859795,0.017635830863630585
2020-12-16 19:00:00+00:00,14:00,4.4933254314304385,11.911219450370831,123,2.868019975067973,0.37723471137042547
2020-12-17 13:30:00+00:00,08:30,-2.3853262719164863e-09,0.0002632701497577257,600,0.0,-9.060374957478401e-06
2020-12-17 14:45:00+00:00,09:45,-1.795182275172378,11.787550446624076,436,5.656854249492379,-0.15229476923990715
2020-12-18 13:30:00+00:00,08:30,-2.3853262719164863e-09,0.00026327014975772566,600,0.0,-9.060374957478403e-06
2020-12-18 15:00:00+00:00,10:00,3.646670624413844,10.129289002570138,600,5.656854249492378,0.360012496779247
2020-12-21 13:30:00+00:00,08:30,2.197011902041155,10.532603451774465,600,1.6528374970960509,0.20859153314758247
2020-12-22 13:30:00+00:00,08:30,0.9284573262459384,5.397956085108824,600,1.6004215752839968,0.17200164499434242
2020-12-22 15:00:00+00:00,10:00,-3.905467148629366,14.624025005584363,600,1.328000470965953,-0.2670582925793696
2020-12-23 12:00:00+00:00,07:00,2.739642046779996,5.404538406522562,238,2.2235082382671814,0.5069150851946229
2020-12-23 13:30:00+00:00,08:30,-3.2247173678913565,17.343290698179608,600,2.4847266735329288,-0.1859345740096388
2020-12-23 14:00:00+00:00,09:00,-1.8667752887952405,5.559013959928184,98,2.0964472527310627,-0.33581050564934306
2020-12-23 15:00:00+00:00,10:00,3.929958151893135,7.4853935279340345,600,1.6695821372261648,0.5250169062224043
2020-12-24 14:45:00+00:00,09:45,1.9923937083598342,16.07221861260077,439,5.656854249492379,0.12396507018625162
2020-12-28 15:30:00+00:00,10:30,-1.874622995799432,13.57996990468646,57,1.3785464228194848,-0.13804323639572263
2020-12-29 14:00:00+00:00,09:00,2.9910313316787764,21.144307792238457,98,1.9791960026587725,0.1414579924331554
2020-12-30 13:30:00+00:00,08:30,2.4632782479280446,12.627934666899279,600,2.4883905808768025,0.1950658055259712
2020-12-30 14:45:00+00:00,09:45,-2.372590101732849,13.957093534181023,439,1.1125734038271902,-0.16999170320972334
2020-12-30 15:00:00+00:00,10:00,0.3133130569212731,10.520659320160547,600,1.640009323717291,0.02978074352439842
2020-12-31 13:30:00+00:00,08:30,-3.0201444117606733,13.177858501209904,600,1.6664221251980031,-0.22918324790658387
2020-12-31 14:45:00+00:00,09:45,-9.805877800484083,22.26852068120382,440,0.9790419263425914,-0.4403470684409192
2021-01-04 14:45:00+00:00,09:45,10.967253823883704,99.74391453278277,440,0.648571751509006,0.10995411474731226
2021-01-04 15:00:00+00:00,10:00,-1.327579047368897,17.007713408067126,600,1.3804425482503222,-0.07805746813320583
2021-01-05 15:00:00+00:00,10:00,0.8107480757117018,23.430526334065394,600,1.6858185636795553,0.0346022135462217
2021-01-06 12:00:00+00:00,07:00,-2.7135036511500097,6.99498057855908,240,1.6570129783736556,-0.38792154183635685
2021-01-06 13:15:00+00:00,08:15,-3.137678333027821,8.745187028324008,58,3.090006035511222,-0.35878916286929874
2021-01-06 14:45:00+00:00,09:45,9.066285077330923,26.082938863461802,441,1.4179419692137933,0.3475944610686259
2021-01-06 15:00:00+00:00,10:00,6.606626728009591,16.777400837904956,600,0.9602688565483516,0.39378130092018354
2021-01-06 19:00:00+00:00,14:00,0.06041526490905924,15.020349578405753,125,2.2010725393993855,0.004022227618185146
2021-01-07 12:30:00+00:00,07:30,-4.386641787445838,11.661816112462173,58,2.0131772377468193,-0.3761542580626133
2021-01-07 13:30:00+00:00,08:30,-2.393271876416568,12.858238540937188,600,2.412620634559634,-0.18612750640743142
2021-01-07 14:45:00+00:00,09:45,15.53634685683047,29.825877757082356,441,2.114887274485031,0.5209015802775916
2021-01-07 15:00:00+00:00,10:00,5.277274322265712,26.278119999045128,600,2.4439766706277006,0.20082389160478273
2021-01-08 13:30:00+00:00,08:30,-5.726316072653535,20.412832070441326,600,3.0165211026404317,-0.2805253113773219
2021-01-08 15:00:00+00:00,10:00,-7.9934955097202325,18.748855646273693,600,1.5997417839649999,-0.42634578133886947
2021-01-08 20:00:00+00:00,15:00,4.953844226095256,9.261196142020838,60,2.6256108032330308,0.5349032835637907
2021-01-12 11:00:00+00:00,06:00,-4.0673428159626805,10.851258814424583,54,2.321067732929951,-0.37482681830019204
2021-01-12 15:00:00+00:00,10:00,-11.072129344169053,48.82040963342479,600,2.1187256836474333,-0.22679304469802203
2021-01-13 12:00:00+00:00,07:00,-0.2241338356651269,5.168115169752889,241,2.0699480035182445,-0.04336858376858574
2021-01-13 13:30:00+00:00,08:30,9.583097469695428,21.02597992916771,600,1.323221531600834,0.4557741185894285
2021-01-13 19:00:00+00:00,14:00,1.3692854188554124,11.11361708773142,125,2.250924632990978,0.12320789964655147
2021-01-14 13:30:00+00:00,08:30,1.7178894420843132,9.87264587374784,600,2.245507510039113,0.1740049692911927
2021-01-14 14:45:00+00:00,09:45,3.585820720594525,24.788719754613673,441,1.408680875999137,0.14465534146543135
2021-01-15 13:30:00+00:00,08:30,1.5856516446400823,8.603665172756918,600,1.3307625115282073,0.18429955289996294
2021-01-15 14:15:00+00:00,09:15,3.1760926788353703,24.397145605435355,48,2.235784608965208,0.13018296198255994
2021-01-15 15:00:00+00:00,10:00,6.564803997157503,21.10700435234409,600,1.1515786594516284,0.3110249037508931
2021-01-19 21:00:00+00:00,16:00,0.5915397790656857,3.939398026287106,51,2.4177773359982333,0.15015994198058064
2021-01-20 12:00:00+00:00,07:00,3.7052459329945804,14.59293367118779,241,2.1627351620930346,0.25390685769443316
2021-01-20 15:00:00+00:00,10:00,5.0366779000557935,30.601743886355013,600,2.8615434787929757,0.16458793716986808
2021-01-21 13:30:00+00:00,08:30,1.070396229021862,9.266962367227407,600,2.871274356219366,0.11550669859276823
2021-01-21 14:45:00+00:00,09:45,7.543143476186104,27.262675955460598,443,1.6429605526328128,0.2766838988406508
2021-01-22 14:45:00+00:00,09:45,14.451162052137528,27.450659177394282,443,2.1818835239744883,0.5264413491402826
2021-01-22 15:00:00+00:00,10:00,5.241863337244483,18.576748975280886,600,2.2571024896676186,0.2821733417520772
2021-01-25 13:30:00+00:00,08:30,4.9766852387637,11.87750176397922,600,2.4224678026552295,0.41900101028454007
2021-01-25 15:30:00+00:00,10:30,-2.7243523613152933,12.837724779003457,58,1.7951197421101084,-0.21221457915744274
2021-01-26 14:00:00+00:00,09:00,-3.415047294324901,6.786992088758616,100,1.2428414907164613,-0.5031753757281209
2021-01-26 15:00:00+00:00,10:00,10.319089844188731,18.975713240952746,600,1.501439117971047,0.5438051109414122
2021-01-27 12:00:00+00:00,07:00,1.0005860164470888,5.353380914197633,242,1.3203705763747524,0.18690730820096277
2021-01-27 13:30:00+00:00,08:30,3.3577617701448808,9.924235049495564,600,1.0122337107596604,0.3383396053598661
2021-01-27 19:00:00+00:00,14:00,-1.394449335130705,11.299534674234161,126,1.6010056472083771,-0.12340767786751497
2021-01-28 13:30:00+00:00,08:30,-4.379106523187522,15.142883452184927,600,1.8332223995365922,-0.28918577739932827
2021-01-28 14:45:00+00:00,09:45,-2.0414584340511155,17.83838042396455,446,1.6506825231307463,-0.11444191599976006
2021-01-28 15:00:00+00:00,10:00,1.2887206096183728,15.17793586467125,600,1.3638024070746981,0.08490750133014126
2021-01-28 16:00:00+00:00,11:00,2.183841054379048,15.298257649100767,55,1.5733020897917671,0.1427509657942919
2021-01-29 13:30:00+00:00,08:30,2.301944114100669,8.936798119999123,600,2.5181951979786557,0.25758040891057915
2021-01-29 14:45:00+00:00,09:45,6.591251846992864,98.47815301706693,446,0.48848033316946377,0.06693110751021657
2021-01-29 15:00:00+00:00,10:00,12.216137191028748,83.95087928077716,600,1.3655722343001544,0.14551529770368904
2021-02-01 14:45:00+00:00,09:45,-4.42239408478809,19.889483236265967,446,2.2930236816354843,-0.22234836532728067
2021-02-01 15:00:00+00:00,10:00,2.8078731008872215,16.059942216811336,600,1.1548696364999782,0.17483706124097861
2021-02-03 12:00:00+00:00,07:00,-0.9495988934706138,8.911914521163228,243,2.9790401376735858,-0.10655386014033126
2021-02-03 13:15:00+00:00,08:15,0.889408458826972,10.641976895041529,59,2.7455537846386058,0.08357549237316787
2021-02-03 14:45:00+00:00,09:45,4.730249897827315,18.79159264233066,446,2.668449203943604,0.25172160698991386
2021-02-03 15:00:00+00:00,10:00,-6.970475600027405,17.96953785466161,600,2.2417671510652295,-0.38790511232981667
2021-02-04 12:30:00+00:00,07:30,-0.9111521712488866,12.67453129889262,59,1.2843776443057797,-0.07188843119812205
2021-02-04 13:30:00+00:00,08:30,3.840754347155549,7.564386869647473,600,1.7860490678775522,0.5077416601425809
2021-02-04 14:45:00+00:00,09:45,1.6158716518626497,19.562757317990616,447,0.8669111593228357,0.08259938134470625
2021-02-04 15:00:00+00:00,10:00,2.959387743665734,14.092670316102346,600,1.1500622430796053,0.2099948183904029
2021-02-05 13:30:00+00:00,08:30,2.2796913565099137,8.73641225206464,600,1.764192013544236,0.2609413670893522
2021-02-05 20:00:00+00:00,15:00,2.4095448582339785,25.406152040854963,61,1.811718770475188,0.0948409997058686
2021-02-09 11:00:00+00:00,06:00,0.3481487546184246,9.507971078182447,55,1.7966782410043436,0.036616513844610586
2021-02-09 15:00:00+00:00,10:00,-1.0660951043733544,20.517186773060644,600,2.3103741234591677,-0.051961076153634884
2021-02-10 12:00:00+00:00,07:00,-0.5286078045799365,4.663150851389456,244,2.504978901888862,-0.11335850403004438
2021-02-10 13:30:00+00:00,08:30,-0.4055186893696969,8.670024850993006,600,2.199760019302596,-0.0467724944667548
2021-02-10 15:00:00+00:00,10:00,-10.614052749638015,21.58823949722471,600,2.001559203204791,-0.4916590234698161
2021-02-10 19:00:00+00:00,14:00,2.490625725765417,9.970113541754197,127,2.3258776076255674,0.24980916369054737
2021-02-11 13:30:00+00:00,08:30,-0.7187655879977702,10.382104240088648,600,1.5470330630978757,-0.06923120509832534
2021-02-11 14:45:00+00:00,09:45,7.949272164415427,23.31866487497865,448,1.673471583035725,0.340897397301041
2021-02-11 15:00:00+00:00,10:00,-1.316705802184761,26.147649362152336,600,1.8388158813132995,-0.05035656490371327
2021-02-12 15:00:00+00:00,10:00,9.092158008010548,33.82038042913051,600,1.7311313576912422,0.2688366568514173
2021-02-16 13:30:00+00:00,08:30,1.259503404121097,6.906085226720053,600,2.9611962936165668,0.18237588485702488
2021-02-16 21:00:00+00:00,16:00,0.6988687627238795,8.257732079800459,52,3.1636413964547363,0.08463204618050131
2021-02-17 12:00:00+00:00,07:00,0.2408712899643124,10.137188517722011,245,2.6521447046520907,0.02376115325696242
2021-02-17 13:30:00+00:00,08:30,7.222899488185326,26.405792040663396,600,1.2161738010158338,0.2735346653136735
2021-02-17 14:15:00+00:00,09:15,4.926282763405992,23.914497272717302,49,1.9990036706466088,0.20599566477302075
2021-02-17 15:00:00+00:00,10:00,1.592533144298133,26.50586880402916,600,1.3454882092016072,0.06008228426966528
2021-02-17 19:00:00+00:00,14:00,-6.636824239363931,21.898458434973822,128,3.311641756192959,-0.30307266874842304
2021-02-18 13:30:00+00:00,08:30,-7.248856205516163,16.943256117843003,600,1.4920453304746895,-0.4278313539675746
2021-02-18 14:45:00+00:00,09:45,-4.45343551707084,14.928195660332705,450,1.6042364586502078,-0.29832376386280474
2021-02-19 14:45:00+00:00,09:45,5.556479553885813,30.361336749907128,451,2.144372676711812,0.1830116901523715
2021-02-19 15:00:00+00:00,10:00,-3.18904474177502,16.78166035843633,600,2.1635991058848374,-0.19003153881444462
2021-02-22 13:30:00+00:00,08:30,3.6335194463512015,9.883549793596814,600,1.8224942181025607,0.3676330389618945
2021-02-22 15:00:00+00:00,10:00,-0.8672577670406207,21.642884115278882,600,2.062295024276328,-0.04007126603003786
2021-02-22 15:30:00+00:00,10:30,-6.558029137170611,13.995646391875258,59,3.2036054374035285,-0.4685763667891519
2021-02-23 14:00:00+00:00,09:00,-2.970377860732282,7.609718271910908,101,1.1797057265586195,-0.39034005656905585
2021-02-23 15:00:00+00:00,10:00,-2.704448240448404,16.024718399290187,600,1.2021465993875569,-0.1687672864546685
2021-02-24 12:00:00+00:00,07:00,6.560966575752447,6.126246113377822,246,2.21645612738758,1.0709603326946546
2021-02-24 15:00:00+00:00,10:00,6.8726474394422885,17.673848941570665,600,2.4783078005996475,0.3888596910702984
2021-02-25 13:30:00+00:00,08:30,-7.91380390086264,14.168031409481202,600,1.4883952890865322,-0.5585676423308003
2021-02-25 14:45:00+00:00,09:45,11.485043196610691,24.03897823084802,454,3.144638647596325,0.4777675276510925
2021-02-25 15:00:00+00:00,10:00,-4.752238118173274,22.868067121015475,600,1.7221708495199717,-0.20781109715241414
2021-02-25 16:00:00+00:00,11:00,5.48974016362092,29.05707213339189,56,3.676197043299965,0.18892957068830774
2021-02-26 13:30:00+00:00,08:30,0.6806607768305108,7.031010090442082,600,2.825624593579329,0.0968083914081986
2021-02-26 14:45:00+00:00,09:45,-4.249469323557395,31.858161748229332,454,1.0020199338231317,-0.13338714760570197
2021-02-26 15:00:00+00:00,10:00,14.355436690693336,46.97765195229585,600,1.5302529292764468,0.30558012361432574
2021-03-01 14:45:00+00:00,09:45,5.053538665385515,15.228246106417652,454,0.7534701465742952,0.33185296783821994
2021-03-01 15:00:00+00:00,10:00,7.302954508258387,9.68689395184293,600,1.357758631252018,0.7539005324683049
2021-03-03 12:00:00+00:00,07:00,0.2767824257410832,4.929597236803502,247,1.6139986099861114,0.05614706687894794
2021-03-03 13:15:00+00:00,08:15,5.175468520904507,15.460307311759793,60,1.3140301455841288,0.33475845056248116
2021-03-03 14:45:00+00:00,09:45,11.04482788393316,30.801044899908646,454,2.0081647879637856,0.35858614276965384
2021-03-03 15:00:00+00:00,10:00,3.611452250696459,42.16154850585032,600,1.9813846857854496,0.08565748599568954
2021-03-04 12:30:00+00:00,07:30,0.2828119736104741,13.925342958554308,60,2.1945695409247525,0.020309156797947536
2021-03-04 13:30:00+00:00,08:30,-6.1156910536251505,21.733886125471106,600,1.2693367106126416,-0.2813896704123173
2021-03-04 14:45:00+00:00,09:45,-2.1154233303035834,12.101789353702616,455,0.8113699753838148,-0.1748025245255452
2021-03-04 15:00:00+00:00,10:00,2.3374212820468667,27.14140418984141,600,1.420419766261121,0.08612013091502929
2021-03-05 13:30:00+00:00,08:30,1.9880935648684583,14.360705973487947,600,2.1028317921897313,0.1384398210323909
2021-03-05 20:00:00+00:00,15:00,4.402302451640221,8.338306347151908,62,2.100518944777219,0.5279612271794143
2021-03-08 15:00:00+00:00,10:00,-3.3607433472831967,20.37886353208702,600,2.224886054294724,-0.16491318772470426
2021-03-09 11:00:00+00:00,06:00,0.4335708043372367,9.923866641225887,56,1.2930023699357371,0.043689704830986935
2021-03-10 12:00:00+00:00,07:00,2.990701101003951,11.26061968039203,248,2.130516028928712,0.26558938902906204
2021-03-10 13:30:00+00:00,08:30,4.622292982286412,24.646380117636653,600,1.9007838934409107,0.18754449782176144
2021-03-10 19:00:00+00:00,14:00,-8.34254298137198,21.1279647660289,130,2.8912022000480837,-0.39485786131117256
2021-03-11 13:30:00+00:00,08:30,-8.198710948351767,15.865972616649527,600,2.844176112333857,-0.5167480838677457
2021-03-11 14:45:00+00:00,09:45,-1.5318420140293765,18.67437576075571,456,1.7895285182911154,-0.08202908807525175
2021-03-11 15:00:00+00:00,10:00,-4.013761436847521,25.570401539512453,600,1.04768258190998,-0.15696904214215368
2021-03-11 17:00:00+00:00,12:00,,,18,,
2021-03-12 13:30:00+00:00,08:30,7.568691791653922,22.124482210756828,600,2.3083143407146474,0.34209577062888535
2021-03-12 15:00:00+00:00,10:00,2.578835752881152,11.00053494687742,600,1.1371173637129048,0.23442821329458827
2021-03-15 12:30:00+00:00,08:30,-7.1552859371236,11.45381224184664,600,1.443469139919634,-0.6247078078494842
2021-03-15 20:00:00+00:00,16:00,3.4089167853305478,8.794189038706607,53,1.9003152083349661,0.38763287556437487
2021-03-16 12:30:00+00:00,08:30,4.705448602414546,23.48587756355874,600,2.3834124635720624,0.20035225806148435
2021-03-16 13:15:00+00:00,09:15,-2.8590205338972283,26.413909194410575,50,2.8633815584402877,-0.1082392050663301
2021-03-16 14:00:00+00:00,10:00,-11.948526628527363,21.06853620907793,600,2.057326916082396,-0.5671265677859019
2021-03-17 11:00:00+00:00,07:00,5.288935303414203,13.42070753081113,249,2.0154885433519616,0.39408766574131177
2021-03-17 12:30:00+00:00,08:30,0.42560798304256403,10.362356613156814,600,1.6490885637779906,0.04107250878648402
2021-03-17 18:00:00+00:00,14:00,3.365558615877284,22.933050695447527,130,3.0189594059524034,0.14675581807985913
2021-03-18 12:30:00+00:00,08:30,-3.487960349914623,10.58272906133892,600,1.995934476811191,-0.32958987513503707
2021-03-18 13:45:00+00:00,09:45,2.812895897429045,14.781335706509475,458,0.7896519793813556,0.1903005217715398
2021-03-18 14:00:00+00:00,10:00,-3.4046535764279278,30.503830174610727,600,1.9451984485590417,-0.1116139696863945
2021-03-22 12:30:00+00:00,08:30,-5.357683813844494,10.954852031362073,600,2.2841366378890897,-0.48906948250019816
2021-03-22 14:00:00+00:00,10:00,4.450916444934826,26.869758132898,600,0.9409025775103927,0.16564780460324818
2021-03-23 12:30:00+00:00,08:30,2.695959935810686,13.604303936891501,600,1.8036524799120113,0.1981696342802156
2021-03-23 14:00:00+00:00,10:00,2.3182256448968563,14.090619897438453,600,1.804792804973918,0.16452261587996486
2021-03-24 11:00:00+00:00,07:00,1.729909063105754,5.5947993808291745,250,1.3100377263869085,0.3091994806879695
2021-03-24 12:30:00+00:00,08:30,-1.2333126334942874,10.472717097925392,600,1.4190392065300217,-0.11776434157078514
2021-03-24 13:45:00+00:00,09:45,7.628299818356991,15.34157458212552,461,0.6189471377386099,0.49723056636212093
2021-03-25 12:30:00+00:00,08:30,5.117135254229614,11.61574009128607,600,3.001313284315343,0.44053458617487495
2021-03-25 13:45:00+00:00,09:45,11.016573467296391,27.55139313112247,462,1.2643644931039744,0.39985540530986446
2021-03-25 15:00:00+00:00,11:00,-3.838287864192426,16.572797759553488,57,0.9078337859414289,-0.23160168366743158
2021-03-26 12:30:00+00:00,08:30,-1.5935296262510783,12.318757439495432,600,2.2682429667588675,-0.12935798387766195
2021-03-26 14:00:00+00:00,10:00,11.677067368270897,32.609945305572204,600,2.2004555771397345,0.358083009917701
2021-03-29 14:30:00+00:00,10:30,-4.006914264427759,20.61790930761997,60,2.1570129881805826,-0.19434144387020283
2021-03-30 13:00:00+00:00,09:00,-2.8707329704947444,6.377722284571881,102,2.3800972321401495,-0.45011884218276976
2021-03-30 14:00:00+00:00,10:00,7.138188973241128,29.84559185536386,600,1.971405990881583,0.23917062887658067
2021-03-31 11:00:00+00:00,07:00,-1.2763276649753426,8.658227757447643,251,2.7537360834815177,-0.14741211489585382
2021-03-31 12:15:00+00:00,08:15,1.8764905247633865,11.16065941526005,61,2.6258859655569173,0.16813437763342617
2021-03-31 13:45:00+00:00,09:45,-3.0805660855941497,19.740919287076824,462,0.8987362016871595,-0.15604977867524175
2021-03-31 14:00:00+00:00,10:00,2.5216481799731962,21.391303014926592,600,2.1393619741827083,0.1178819344578318
2021-04-01 11:30:00+00:00,07:30,0.5813110913559967,12.132599885716262,61,1.7233180365480216,0.04791315108317184
2021-04-01 12:30:00+00:00,08:30,5.279131133083976,12.179779483637706,600,1.7612158700301415,0.4334340486357698
2021-04-01 13:45:00+00:00,09:45,9.778076003967202,24.95054378004193,463,1.5763916306720946,0.3918983125245044
2021-04-01 14:00:00+00:00,10:00,11.600964905397701,44.71454643331591,600,1.0614991932807156,0.2594449867158678
2021-04-02 12:30:00+00:00,08:30,-1.368426339628515e-09,0.00037025053597584273,600,0.0,-3.695946951222777e-06
2021-04-05 13:45:00+00:00,09:45,-3.9390671901162038,30.493564002634844,463,0.8658247801844563,-0.12917700239223734
2021-04-05 14:00:00+00:00,10:00,1.5179218768347091,23.29551240109272,600,2.0066050268495794,0.06515941142224063
2021-04-06 14:00:00+00:00,10:00,3.965816950079692,20.12217079646069,600,1.5303824748920438,0.19708693411832304
2021-04-07 11:00:00+00:00,07:00,0.19669710793502704,17.804895665257202,252,3.135604650207991,0.01104736088506507
2021-04-07 12:30:00+00:00,08:30,-4.144756783990569,12.365108235966249,600,1.0644400572606119,-0.3351977762665079
2021-04-07 18:00:00+00:00,14:00,-0.10900778725097032,15.961903954308108,132,1.9430733746070588,-0.006829247160176602
2021-04-07 19:00:00+00:00,15:00,3.4610326038337833,11.060531635506717,63,2.916790023038675,0.3129173820834357
2021-04-08 12:30:00+00:00,08:30,10.73686289818511,43.33538351722161,600,2.230535371457986,0.24776203708727418
2021-04-08 13:45:00+00:00,09:45,9.279834578585948,25.988805944814338,464,1.0108665613814483,0.35707044788018033
2021-04-09 12:30:00+00:00,08:30,0.08750173913559967,11.573631638332754,600,1.132928496358891,0.007560439270054804
2021-04-09 14:00:00+00:00,10:00,14.884119600557684,42.1683043456041,600,1.8864193099886508,0.35296936482363683
2021-04-12 18:00:00+00:00,14:00,3.988785503621899,25.34400121730955,132,2.5561472907906047,0.1573857840922775
2021-04-13 10:00:00+00:00,06:00,2.220387108366305,6.738752809063336,57,2.2460944830419947,0.32949525992109086
2021-04-13 12:30:00+00:00,08:30,5.034763964036931,25.628532470185696,600,2.8503639562917082,0.19645151238737513
2021-04-14 11:00:00+00:00,07:00,2.015413021819287,7.517050204113927,253,1.4818412207738407,0.26811222049791456
2021-04-14 12:30:00+00:00,08:30,-3.0535781907073067,10.658037162599609,600,3.093055815073807,-0.2865047423012087
2021-04-15 12:30:00+00:00,08:30,1.853655942265877,9.21691408439059,600,2.452991198769518,0.20111459489517833
2021-04-15 13:15:00+00:00,09:15,0.165265788216499,14.664320383301524,51,2.9811623569535306,0.01126992481729256
2021-04-15 13:45:00+00:00,09:45,-1.1416834707273082,13.49733549720219,466,1.3027377746410918,-0.08458584073604478
2021-04-15 14:00:00+00:00,10:00,1.7195945224590812,17.782195959499393,600,2.7845360898194578,0.09670315895604895
2021-04-15 20:00:00+00:00,16:00,2.5437850349927578,7.505598206595757,54,1.8688245806669395,0.3389183599992516
2021-04-16 12:30:00+00:00,08:30,4.552490986265701,13.764549447364205,600,2.4607237981768537,0.33074028348508455
2021-04-16 14:00:00+00:00,10:00,7.775600943268412,19.097768773482144,600,1.0192687146445736,0.4071470879920318
2021-04-21 11:00:00+00:00,07:00,3.6435396667384143,12.805376124801848,254,0.9074930512354409,0.2845320302370107
2021-04-22 12:30:00+00:00,08:30,-4.092764949561293,14.483790054535858,600,2.133431110585551,-0.2825755506087007
2021-04-22 13:45:00+00:00,09:45,15.097569554313042,99.46570248608208,468,0.6450608641801451,0.15178668804380682
2021-04-22 14:00:00+00:00,10:00,11.649062383174748,70.00561675645284,600,1.5073581526257993,0.1664018249235835
2021-04-22 15:00:00+00:00,11:00,0.09316792442312621,12.301907162708035,58,2.638491945777864,0.007573453708507505
2021-04-23 13:45:00+00:00,09:45,1.1243901139727392,14.104382891673163,468,1.4053892325814168,0.0797191995288605
2021-04-23 14:00:00+00:00,10:00,-2.88927795915888,17.517584741080135,600,1.0806611833664548,-0.16493586312634143
2021-04-26 12:30:00+00:00,08:30,-2.5627563583764825,8.144468990363144,600,2.052062183170885,-0.3146621788859208
2021-04-26 14:30:00+00:00,10:30,-4.263331098887777,18.317419433663126,61,2.473152895472465,-0.23274736456887443
2021-04-27 13:00:00+00:00,09:00,-1.7434353169920138,9.018255824445005,103,1.4751821545765478,-0.19332289424150453
2021-04-27 14:00:00+00:00,10:00,0.27736280642988453,24.88899476692132,600,2.1755143374369816,0.011143993922908976
2021-04-28 11:00:00+00:00,07:00,-1.6066637529102543,6.4942666711497425,255,2.737078853615201,-0.24739725580529806
2021-04-28 12:30:00+00:00,08:30,0.688282948244986,7.931760568320061,600,1.5050959899114182,0.08677555787475866
2021-04-28 18:00:00+00:00,14:00,-5.293994454016773,14.202935491079298,133,0.9477609625682472,-0.37273945638504596
2021-04-29 12:30:00+00:00,08:30,9.399590392759643,19.99116039200876,600,1.5339166957087835,0.4701873332233893
2021-04-29 13:45:00+00:00,09:45,28.57322329388144,94.53402170353695,470,1.346652906313706,0.30225333460887116
2021-04-29 14:00:00+00:00,10:00,20.643575140188553,59.820758788446305,600,2.464008085248641,0.3450904929707382
2021-04-30 12:30:00+00:00,08:30,5.945336282804792,10.203290579616846,600,1.2999691513906062,0.5826881275616921
2021-04-30 13:45:00+00:00,09:45,4.934774136424449,25.46561143718508,470,1.4199221552230894,0.19378188301493732
2021-04-30 14:00:00+00:00,10:00,1.5598406359962782,15.757681433742862,600,1.2298884815264244,0.09898922265658312
2021-05-03 13:45:00+00:00,09:45,3.3464717851416057,15.261708627177015,470,0.8819522968814182,0.21927242007375478
2021-05-03 14:00:00+00:00,10:00,6.24355843053097,14.14458269610593,600,1.0429621181789235,0.44140987151567584
2021-05-04 12:30:00+00:00,08:30,-10.277182106550283,19.825200462016923,600,1.314040403732499,-0.518389820382413
2021-05-04 14:00:00+00:00,10:00,-2.4039058141250735,14.208477423103691,600,1.036623289715522,-0.1691881362471818
2021-05-05 11:00:00+00:00,07:00,3.822873470900057,15.213204468918923,256,1.3489425719559678,0.2512865372124797
2021-05-05 12:15:00+00:00,08:15,3.023519213666935,9.688518052512254,62,1.567530028768492,0.3120724136838378
2021-05-05 13:45:00+00:00,09:45,18.846495133346146,96.3757699503322,470,0.9124871828435365,0.1955522134148323
2021-05-05 14:00:00+00:00,10:00,-2.088343820882731,16.03998129312998,600,2.253432053094773,-0.1301961506511969
2021-05-06 11:30:00+00:00,07:30,2.7434014042945174,13.446155440007733,62,2.4076478853185637,0.20402868437261942
2021-05-06 12:30:00+00:00,08:30,-1.3921639097316856,7.983231890522108,600,1.3566778605111398,-0.17438600416762257
2021-05-06 13:45:00+00:00,09:45,6.885397370506306,34.47684286081607,471,2.2793958362153646,0.1997107855351732
2021-05-07 12:30:00+00:00,08:30,3.7803908813852587,13.495319746165729,600,2.1535540194346736,0.28012606981463617
2021-05-07 14:00:00+00:00,10:00,4.241391312385838,8.601732375851586,600,0.8738612480830757,0.49308570960578546
2021-05-07 19:00:00+00:00,15:00,9.049998474695881,27.564306722741893,64,2.413140455710864,0.32832309427282613
2021-05-11 10:00:00+00:00,06:00,6.792461189301412,21.912736057120632,58,2.6952347526559013,0.3099777760109594
2021-05-11 14:00:00+00:00,10:00,-8.856298254666035,50.34059001365342,600,2.0588283369793015,-0.1759275815453101
2021-05-12 11:00:00+00:00,07:00,5.926423095791747,15.192440202837854,257,1.2436987526008807,0.39009026967798943
2021-05-12 12:30:00+00:00,08:30,-4.195190509416321,27.239836426577636,600,2.196355677227797,-0.1540093869771962
2021-05-12 18:00:00+00:00,14:00,4.962132044097096,6.235011856852465,134,3.193619631783826,0.7958496564274476
2021-05-13 12:30:00+00:00,08:30,2.0634246031751853,11.738183258688387,600,1.322103586750075,0.1757873904079557
2021-05-13 13:45:00+00:00,09:45,2.68093687902499,21.85916901313905,472,0.7546818630602115,0.12264587356516343
2021-05-14 12:30:00+00:00,08:30,-11.030035980246758,31.59580034232772,600,1.8982337303683186,-0.3490981668684059
2021-05-14 13:15:00+00:00,09:15,-29.087128954410133,74.66510471775342,52,1.7258542639843226,-0.38956791213732767
2021-05-14 14:00:00+00:00,10:00,5.869665419268928,16.936606702979315,600,1.1772374221044521,0.346566790042801
2021-05-17 12:30:00+00:00,08:30,4.051736397809206,7.159465273275051,600,2.065678520791985,0.5659272366238834
2021-05-17 14:00:00+00:00,10:00,7.65304228451833,16.31704610601177,600,1.1320732646013751,0.46902130660148605
2021-05-17 20:00:00+00:00,16:00,-0.1127033162452851,11.588172588462816,55,2.8710443314140557,-0.0097257195114174
2021-05-18 12:30:00+00:00,08:30,-4.670130156040915,16.195800524196247,600,1.8983256720866124,-0.2883543884764338
2021-05-19 11:00:00+00:00,07:00,-0.09691201870412552,5.795710025044664,258,2.6287046139439414,-0.016721336693061813
2021-05-19 18:00:00+00:00,14:00,-5.244553512952358,21.22529514031567,135,2.3188648382657098,-0.2470897802966597
2021-05-20 12:30:00+00:00,08:30,4.172815784822461,11.600323286835948,600,2.383604916478647,0.35971547358147976
2021-05-20 13:45:00+00:00,09:45,8.534241734189347,25.58163345607578,474,2.329270388982565,0.33360816262350196
2021-05-20 14:00:00+00:00,10:00,4.592197397625441,24.07122974236938,600,1.9120843098400935,0.1907753549268157
2021-05-21 13:45:00+00:00,09:45,-1.7970763151851057,22.98809036376601,475,0.6298548977361589,-0.07817423225452733
2021-05-21 14:00:00+00:00,10:00,3.241937800937679,14.731525026930175,600,1.1679891315523372,0.2200680374239061
2021-05-24 12:30:00+00:00,08:30,-2.315043573490823,10.896314860685239,600,2.0728104666425655,-0.2124611488461739
2021-05-25 13:00:00+00:00,09:00,0.0549123206923236,8.899574652637302,104,2.273489381544206,0.00617021855938372
2021-05-25 14:00:00+00:00,10:00,1.0525195688037965,16.47061437572227,600,0.8463141262653808,0.06390287240014636
2021-05-26 11:00:00+00:00,07:00,-2.106191818850973,8.123284938734294,259,2.348165488249571,-0.25927833810285417
2021-05-27 12:30:00+00:00,08:30,1.5064217640659656,16.44468476223669,600,3.204509886918505,0.09160539018207806
2021-05-27 13:45:00+00:00,09:45,-5.351941783712382,23.968690899562702,478,1.0324790511824515,-0.22328886488373154
2021-05-27 14:00:00+00:00,10:00,7.754080156862221,29.26839508065542,600,2.564964026080082,0.26493014514441837
2021-05-27 15:00:00+00:00,11:00,-1.596897568338409,20.89123141245826,59,2.896053641313029,-0.07643865202632892
2021-05-28 12:30:00+00:00,08:30,-4.4225775176190965,9.36529131431984,600,1.5055422548132789,-0.47223064069099796
2021-05-28 13:45:00+00:00,09:45,4.626535124870079,28.816056548951156,478,1.2521651898666366,0.16055406877102604
2021-05-28 14:00:00+00:00,10:00,7.213581634573689,22.405495897941893,600,2.212181979106219,0.3219559016873315
2021-06-01 13:45:00+00:00,09:45,5.337655179737293,33.852705592530896,478,0.8116281069562338,0.15767292706184668
2021-06-01 14:00:00+00:00,10:00,-13.493457789706694,22.329616915931098,600,0.9953769702293167,-0.6042852342925672
2021-06-01 14:30:00+00:00,10:30,-0.7130084749017178,13.36692526857899,62,1.2166919525522821,-0.05334124793663309
2021-06-02 11:00:00+00:00,07:00,1.3491347434453218,10.1280617009721,260,2.3704183367440677,0.13320759522188047
2021-06-03 11:30:00+00:00,07:30,3.214583139044555,10.134797577748264,63,2.2598711774680105,0.3171827670344815
2021-06-03 12:15:00+00:00,08:15,-1.1848874627277022,17.213710680697407,63,2.99544886423147,-0.06883393619810141
2021-06-03 12:30:00+00:00,08:30,1.042577044655133,9.60379597992507,600,1.2607557371303735,0.10855884973342252
2021-06-03 13:45:00+00:00,09:45,19.857016671373902,104.03258667895615,479,0.7598934403618393,0.19087304569915695
2021-06-03 14:00:00+00:00,10:00,9.31212884430468,85.83316090127852,600,1.5676909650472968,0.10849103943655386
2021-06-04 12:30:00+00:00,08:30,9.679051930816978,23.6773423372905,600,1.9500569493716955,0.40878962651027806
2021-06-04 14:00:00+00:00,10:00,-3.7712415452599464,24.469188324354015,600,1.4283041054770436,-0.15412205322341876
2021-06-07 19:00:00+00:00,15:00,1.734515592792058,6.308021750113182,65,1.590293310109589,0.27496981803541437
2021-06-08 10:00:00+00:00,06:00,-3.419860383165362,10.824748106554624,59,2.6960699825133023,-0.3159297888044675
2021-06-08 12:30:00+00:00,08:30,-0.09706470560402125,8.3525892340151,600,0.6789489681032137,-0.01162091213688981
2021-06-08 14:00:00+00:00,10:00,15.054237835503743,62.5560773502907,600,1.075171718950107,0.24065188344859967
2021-06-09 11:00:00+00:00,07:00,1.4708466192169616,8.285153203600684,261,2.6463009493980554,0.1775279929136059
2021-06-09 14:00:00+00:00,10:00,14.134900350843076,69.47345745590209,600,2.4755052666273376,0.20345756305298507
2021-06-10 12:30:00+00:00,08:30,-2.1694832475959984,22.669983827026943,600,2.3146208099022694,-0.09569849119210931
2021-06-10 13:45:00+00:00,09:45,-9.356403623810369,18.430063894935934,480,0.8522989343699183,-0.5076707100500746
2021-06-10 16:00:00+00:00,12:00,,,19,,
2021-06-10 18:00:00+00:00,14:00,1.702809180684211,14.869415636285453,137,2.8711154939483503,0.1145175588830061
2021-06-11 14:00:00+00:00,10:00,2.4540746408677903,13.23972861450522,600,1.1644691122248976,0.18535686888469513
2021-06-15 12:30:00+00:00,08:30,-0.4196872841214361,11.901578275667072,600,2.4000309984964443,-0.03526316211182613
2021-06-15 13:15:00+00:00,09:15,-28.508328077616845,73.38835566537016,53,2.8907061362283786,-0.38845846618510765
2021-06-15 14:00:00+00:00,10:00,6.815162991059815,15.993038109392248,600,0.8417367623707797,0.4261331051951578
2021-06-15 20:00:00+00:00,16:00,0.047834883555500585,4.522182376614537,56,2.9795733126682005,0.010577831580359978
2021-06-16 11:00:00+00:00,07:00,4.750205663162843,16.134750105252035,262,1.2438484500377285,0.29440838142368253
2021-06-16 12:30:00+00:00,08:30,7.0765478971420395,14.163686573829967,600,2.3022245857148533,0.49962612913344695
2021-06-16 18:00:00+00:00,14:00,5.441224956357084,32.40344025400392,137,2.5464790849406223,0.16792121187455525
2021-06-17 12:30:00+00:00,08:30,-5.566758973076e-10,0.0003512231226981006,600,0.0,-1.5849636921145981e-06
2021-06-17 13:45:00+00:00,09:45,1.9181960251935837,17.016268612046183,482,5.656854249492379,0.11272718296393437
2021-06-17 14:00:00+00:00,10:00,7.949013572251979,10.284675596346617,600,5.656854249492378,0.7728988141420499
2021-06-21 12:30:00+00:00,08:30,-5.273651270915055,20.908986598722738,600,2.502000982632841,-0.2522193625221992
2021-06-22 14:00:00+00:00,10:00,-6.033952167203285,27.752269595444805,600,1.6979768266365698,-0.21742193540068827
2021-06-23 11:00:00+00:00,07:00,4.003175055720869,15.391035735916866,263,1.5168621395709143,0.26009783385655916
2021-06-23 12:30:00+00:00,08:30,0.7792279535050929,9.13686061767447,600,1.0884750611788494,0.0852839926219016
2021-06-23 13:45:00+00:00,09:45,3.390888069152267,21.469738333468026,484,1.5067565099835112,0.15793802497659662
2021-06-23 14:00:00+00:00,10:00,0.2676384509661711,31.45808266740139,600,2.127304758623849,0.008507780140189946
2021-06-24 12:30:00+00:00,08:30,-1.1307250883950792,15.309274640692054,600,1.9349439699356479,-0.0738588283856122
2021-06-24 13:45:00+00:00,09:45,5.702819528839423,15.745723834518248,485,0.9598286770109589,0.36218211298343306
2021-06-24 15:00:00+00:00,11:00,-2.3272047125496567,21.141909180537603,60,1.3202359199559246,-0.11007542850917118
2021-06-25 12:30:00+00:00,08:30,-0.47652961437604724,5.761446490454154,600,2.3503044320914728,-0.08271006511395788
2021-06-25 14:00:00+00:00,10:00,-11.528826478142271,50.43267284571689,600,1.973378126109964,-0.22859836347383647
2021-06-28 14:30:00+00:00,10:30,-2.87372893492256,15.394658791315083,63,3.621037258369652,-0.18667051825427777
2021-06-29 13:00:00+00:00,09:00,3.8563530808257873,18.045659820712196,105,1.8669592550966079,0.21369975490724902
2021-06-29 14:00:00+00:00,10:00,2.499638460323106,25.529440754501067,600,2.0773368669892007,0.09791199440522008
2021-06-30 11:00:00+00:00,07:00,5.4697317784484225,14.445072405849388,264,2.1645233328599494,0.3786572766664367
2021-06-30 12:15:00+00:00,08:15,-0.8771284780713717,17.7976000792819,64,2.257687805321245,-0.04928352554075158
2021-06-30 13:45:00+00:00,09:45,6.507506265821916,13.279451120334768,485,0.6667809183336021,0.4900433163127502
2021-06-30 14:00:00+00:00,10:00,1.6797212006248234,18.591714038102953,600,1.5382001612954508,0.09034783975174661
2021-07-01 11:30:00+00:00,07:30,1.9456711738223138,16.20610062499909,64,2.7390704503791823,0.12005794724123668
2021-07-01 12:30:00+00:00,08:30,-5.288373609146749,29.449600519446346,600,2.2098039518545534,-0.17957369593705344
2021-07-01 13:45:00+00:00,09:45,-2.230077151594069,12.32783119297331,486,0.8456252789977552,-0.18089776836538624
2021-07-01 14:00:00+00:00,10:00,-0.5233276165555963,22.9926123056704,600,1.8328795488138494,-0.022760685458369345
2021-07-02 12:30:00+00:00,08:30,29.982251470659655,50.92986053664207,600,1.656643890221658,0.5886969089398661
2021-07-02 14:00:00+00:00,10:00,-3.7091351165851196,35.21927287650615,600,1.6479694684189925,-0.10531549386584257
2021-07-06 13:45:00+00:00,09:45,23.753584806057912,100.44070340190028,486,0.7985135221543422,0.23649361266429073
2021-07-06 14:00:00+00:00,10:00,-4.814622165155649,23.199053897049453,600,1.6561230149946493,-0.2075352808145332
2021-07-07 11:00:00+00:00,07:00,-3.6469595662324115,7.153491845737483,265,1.3504777013249765,-0.5098152964842628
2021-07-07 14:00:00+00:00,10:00,7.490969534274236,23.095267342153363,600,1.8119483539892163,0.3243508474397158
2021-07-07 18:00:00+00:00,14:00,3.7187600368399396,12.325862071007032,139,1.4731208697380989,0.30170384963070696
2021-07-08 12:30:00+00:00,08:30,-0.8422288395757931,9.17598835439224,600,1.3048727083978489,-0.09178617136895625
2021-07-08 13:45:00+00:00,09:45,10.936705576669457,44.01370452515841,486,1.4074425766080503,0.2484840959119447
2021-07-08 19:00:00+00:00,15:00,1.021273253373645,6.302622290373457,66,2.4493181932719774,0.16203941888339468
2021-07-09 14:00:00+00:00,10:00,7.2850534182592375,20.91619522314584,600,0.9047367355037377,0.34829725676865
2021-07-13 10:00:00+00:00,06:00,-2.2287879338099024,7.907480904761279,60,2.4869565333869383,-0.2818581493466392
2021-07-13 12:30:00+00:00,08:30,-6.964296570664102,33.2405828656041,600,1.8195140359892514,-0.20951186682922013
2021-07-13 18:00:00+00:00,14:00,4.470149993574805,18.984998134119284,139,2.5708377114550225,0.2354569624919363
2021-07-14 11:00:00+00:00,07:00,2.6849889367027324,17.320969913880297,266,2.7888967658605077,0.1550137752130783
2021-07-14 12:30:00+00:00,08:30,16.48603858518577,30.395289528372384,600,2.3234644365998713,0.5423879436909765
2021-07-15 12:30:00+00:00,08:30,7.43925544441842,10.770338268031967,600,2.664385602274872,0.6907169727899153
2021-07-15 13:15:00+00:00,09:15,-0.2184997277092744,22.88972531627813,54,2.5251241991027755,-0.009545755778636948
2021-07-15 13:45:00+00:00,09:45,11.094279025078013,39.29475516038391,488,1.7289475180174207,0.2823348556263055
2021-07-16 12:30:00+00:00,08:30,-1.4079278377906108,12.705386967448122,600,1.9004318904307826,-0.11081345585126977
2021-07-16 14:00:00+00:00,10:00,1.6924816326949985,24.950296647457787,600,2.5223271875630506,0.06783412865223178
2021-07-16 20:00:00+00:00,16:00,1.025980203758793,7.109302755240388,57,2.209968928416572,0.1443151655065647
2021-07-19 14:00:00+00:00,10:00,-4.228538697127296,13.540338252421865,600,1.263919557742273,-0.31229195447691027
2021-07-20 12:30:00+00:00,08:30,-4.555140427051238,50.37471636190961,600,1.4288579009053883,-0.09042513300373768
2021-07-21 11:00:00+00:00,07:00,6.646879603392138,6.565097503404205,267,2.761960710548129,1.0124571036371548
2021-07-22 12:30:00+00:00,08:30,-8.757912390543767,17.98515689480248,600,1.6015099306161007,-0.4869522374350102
2021-07-22 13:45:00+00:00,09:45,8.056163329190028,21.34465058531197,490,1.7186340188194367,0.3774324295912235
2021-07-22 14:00:00+00:00,10:00,2.311994921666552,26.758196975516675,600,1.9348966765465614,0.08640324024006514
2021-07-22 15:00:00+00:00,11:00,-1.7871387353427497,12.810353083377167,61,1.8290017032210117,-0.13950737530113494
2021-07-23 13:45:00+00:00,09:45,2.7877562186118605,16.917018015970335,490,2.6304540207656744,0.16479004845771922
2021-07-26 14:00:00+00:00,10:00,4.229484911986193,39.38229486219557,600,2.172916975157916,0.1073955930396078
2021-07-26 14:30:00+00:00,10:30,-1.393664092567973,12.366557677457497,64,1.5011309017004146,-0.11269620284943381
2021-07-27 12:30:00+00:00,08:30,-7.547431727150873,37.73919129687619,600,1.5992220884209674,-0.1999892278501368
2021-07-27 13:00:00+00:00,09:00,-0.6780043429460202,5.769719679980106,106,1.9700831721835579,-0.11751079438028399
2021-07-27 14:00:00+00:00,10:00,-7.5183804634563405,54.44575113927846,600,1.7193869834478097,-0.13808938817325642
2021-07-28 11:00:00+00:00,07:00,0.9582161450000702,6.22476683866706,268,3.3357697497041663,0.15393607019106562
2021-07-28 12:30:00+00:00,08:30,3.363626396945957,11.766920476043586,600,1.8826957354781955,0.2858544343691286
2021-07-28 18:00:00+00:00,14:00,6.5062782122609875,24.94559935141791,140,2.652759528298549,0.260818676697426
2021-07-29 12:30:00+00:00,08:30,0.8658745773040406,25.25280929520494,600,2.285124876094856,0.03428824758394128
2021-07-29 13:45:00+00:00,09:45,-0.570528187325905,21.175998694055448,492,1.619516667640703,-0.0269422092232214
2021-07-29 14:00:00+00:00,10:00,0.057956457165882824,42.902456309989624,600,1.7788342260332821,0.0013508890201325827
2021-07-30 12:30:00+00:00,08:30,2.651871514143751,9.350581004543882,600,1.7118534381032677,0.28360499875409706
2021-07-30 13:45:00+00:00,09:45,-6.788216042948183,18.88137744759888,492,0.7905219070939501,-0.359519111451873
2021-07-30 14:00:00+00:00,10:00,0.19935661426185536,17.472317761379678,600,1.814153968544736,0.011409855119651478
2021-08-02 13:45:00+00:00,09:45,8.21819612504013,19.02716499942294,492,1.0691997641816247,0.43191910751230533
2021-08-02 14:00:00+00:00,10:00,-4.886174098974365,24.685328533679485,600,1.4720394717643925,-0.1979383864512033
2021-08-03 14:00:00+00:00,10:00,5.9322202507218,31.808862644738486,600,0.8743714993281849,0.1864958303280627
2021-08-04 11:00:00+00:00,07:00,1.3288321258176545,8.338961370556172,269,1.8126091828696063,0.15935223426140266
2021-08-04 12:15:00+00:00,08:15,1.3756764836361604,17.117810282166253,65,1.985928194871401,0.08036521383049637
2021-08-04 13:45:00+00:00,09:45,6.099613802407957,16.540174482570293,492,1.621215358798926,0.36877566248382737
2021-08-04 14:00:00+00:00,10:00,1.7518154780300024,15.748896302998439,600,2.707044316431588,0.11123417440347699
2021-08-05 11:30:00+00:00,07:30,1.2624738512595148,12.305383094082325,65,3.517484816805001,0.10259524970552442
2021-08-05 12:30:00+00:00,08:30,1.8918710272327313,10.160745432736444,600,1.9601066442253114,0.1861941173270022
2021-08-05 13:45:00+00:00,09:45,-8.85395350072035,19.619798767207307,493,0.7192748641922911,-0.4512764685190819
2021-08-06 12:30:00+00:00,08:30,12.14698355455258,22.420246005035956,600,1.465798724933933,0.541786363620817
2021-08-06 14:00:00+00:00,10:00,-4.210099136812666,16.76213381033146,600,1.9956306578100733,-0.25116725498383397
2021-08-06 19:00:00+00:00,15:00,1.1618231808488133,28.85717693938261,67,1.334949061518701,0.040261151785198505
2021-08-09 14:00:00+00:00,10:00,8.619062577943334,31.44132980842758,600,2.242098673383001,0.2741316169023191
2021-08-10 10:00:00+00:00,06:00,-1.373153778868415,24.68801560962612,61,3.4823862645733734,-0.05562025723659247
2021-08-10 12:30:00+00:00,08:30,5.521488977474084,8.099851581051793,600,2.4790805410668995,0.6816777964661298
2021-08-11 11:00:00+00:00,07:00,0.5611097931852337,8.772417876581578,270,2.3659556152050945,0.06396295765653677
2021-08-11 12:30:00+00:00,08:30,21.388039989164213,41.61722356209703,600,2.026702307585261,0.5139227982676724
2021-08-11 18:00:00+00:00,14:00,2.376726535339999,17.328812270200267,141,1.8021415937308012,0.13715461269247922
2021-08-12 12:30:00+00:00,08:30,1.1055118287205348,29.678454409698123,600,1.4995109289903579,0.03724964290456053
2021-08-12 13:45:00+00:00,09:45,0.9554772539055268,12.628220591497703,494,1.5337609028933439,0.07566206552875931
2021-08-13 12:30:00+00:00,08:30,-0.07857778572259688,10.110619573703277,600,2.1271322133468527,-0.007771807172625696
2021-08-13 14:00:00+00:00,10:00,-2.6090928721022935,16.51024202065417,600,2.8464246093000813,-0.15802874778203377
2021-08-16 12:30:00+00:00,08:30,3.9604500281298796,16.532104759301323,600,2.3359289467476207,0.23956115000430567
2021-08-16 20:00:00+00:00,16:00,2.229914769495283,8.53711134281703,58,1.5067617444839738,0.2612024934372553
2021-08-17 12:30:00+00:00,08:30,5.274223170750819,27.469727118403604,600,1.5792703691681944,0.19200129466219937
2021-08-17 13:15:00+00:00,09:15,-1.9624260037121692,18.382180404471143,55,1.5579747097859464,-0.10675697662257974
2021-08-17 14:00:00+00:00,10:00,-0.5556947901140932,26.809533461509563,600,1.7619888682099885,-0.020727506911371808
2021-08-18 11:00:00+00:00,07:00,-4.648529494363158,6.083456767799573,271,1.3059783454881921,-0.7641263301102676
2021-08-18 12:30:00+00:00,08:30,-8.855630862985771,15.346345775313745,600,1.6074461893141159,-0.5770514357385984
2021-08-18 18:00:00+00:00,14:00,-7.740662038558747,14.431128481601174,142,1.7184499358862482,-0.536386468211937
2021-08-19 12:30:00+00:00,08:30,1.2834122281894234,8.787282222621943,600,0.9857718106691081,0.146053375284273
2021-08-19 13:45:00+00:00,09:45,3.365022821653279,23.778988522279782,496,1.1898237988239313,0.14151244568289406
2021-08-19 14:00:00+00:00,10:00,8.917840008814158,12.232128614366184,600,1.5154299524093084,0.7290505430379863
2021-08-23 12:30:00+00:00,08:30,-8.2725871872946,21.57701223436812,600,1.829685821821512,-0.38339817846133145
2021-08-23 13:45:00+00:00,09:45,-6.954474906710283,13.981901333915202,498,1.118245648917411,-0.4973912160173209
2021-08-23 14:00:00+00:00,10:00,-5.296906328666415,35.87382259879244,600,1.902060245279145,-0.14765380282737742
2021-08-24 14:00:00+00:00,10:00,5.316832975757515,20.003722597128768,600,2.752267453295605,0.26579217692814167
2021-08-25 11:00:00+00:00,07:00,3.583848939058076,8.751024901261864,272,2.550752325859207,0.40953476644104836
2021-08-25 12:30:00+00:00,08:30,-6.187406710274396,11.842895170166289,600,1.4192936931498739,-0.5224572725984467
2021-08-26 12:30:00+00:00,08:30,3.1034055792104702,23.591335376870912,600,3.2254226769316934,0.13154853379995893
2021-08-26 13:45:00+00:00,09:45,5.067107491823243,19.488428507388203,500,2.9170346131760447,0.26000595635006
2021-08-26 15:00:00+00:00,11:00,2.8522980919645615,21.033122782414626,62,1.29916590903637,0.13560982463095356
2021-08-27 12:30:00+00:00,08:30,-1.5760855857172813,7.4578750536825655,600,1.5469378430270213,-0.2113317230943737
2021-08-27 14:00:00+00:00,10:00,-0.6277769368553745,25.673707467734115,600,2.2924609364466195,-0.024452134061445713
2021-08-30 14:00:00+00:00,10:00,-19.76589511576433,19.364867379883965,600,1.48545001667679,-1.0207090360090434
2021-08-30 14:30:00+00:00,10:30,-6.339581578747688,13.289677255253135,65,1.7905130837617267,-0.47703051451018363
2021-08-31 13:00:00+00:00,09:00,-1.2006135725260199,6.54753129327409,107,1.7091045715058863,-0.1833688941295084
2021-08-31 13:45:00+00:00,09:45,9.793013741974885,36.925756875512,500,2.164809464758115,0.26520820615783514
2021-08-31 14:00:00+00:00,10:00,-10.630298778740952,19.395038848193696,600,1.4731204308678538,-0.5480937090121362
2021-09-01 11:00:00+00:00,07:00,1.338560093718246,12.586977497505261,273,1.10108542123712,0.10634483886092183
2021-09-01 12:15:00+00:00,08:15,0.8570324792221087,9.643083034779947,66,2.572537517869268,0.08887536031070441
2021-09-01 13:45:00+00:00,09:45,2.565282919804499,21.20155949802317,500,1.8044717883491885,0.1209950107700184
2021-09-01 14:00:00+00:00,10:00,3.997801439578936,19.25207102401441,600,1.9755423080005463,0.2076556560897894
2021-09-02 11:30:00+00:00,07:30,-2.5840633188939908,10.983102908670741,66,2.366795496952502,-0.23527625484178713
2021-09-02 12:30:00+00:00,08:30,2.5516532378879297,13.285987063503999,600,2.6599229929028487,0.19205597790300466
2021-09-02 13:45:00+00:00,09:45,5.064380301211412,21.230705232564926,501,2.10821277248812,0.23854037092669736
2021-09-02 14:00:00+00:00,10:00,-4.8644854234284525,22.703719883421588,600,1.8953229825403615,-0.21425940103236268
2021-09-03 12:30:00+00:00,08:30,9.908332663627991,24.391134056514282,600,1.4061202004722708,0.4062268134261562
2021-09-03 13:45:00+00:00,09:45,-4.93912869482097,18.327342394662956,501,1.6653870065618754,-0.26949508490981633
2021-09-03 14:00:00+00:00,10:00,10.92832412212319,34.236463666986424,600,1.5058673300662064,0.31920131204033103
2021-09-08 11:00:00+00:00,07:00,0.7539361009693512,12.578057337757166,274,1.516330302531154,0.059940583885411666
2021-09-08 14:00:00+00:00,10:00,-6.077245660386782,23.809029847845547,600,1.2002691836046038,-0.2552496132443929
2021-09-08 19:00:00+00:00,15:00,3.1056444785449075,11.920021717727167,68,3.2094410509123787,0.2605401694802509
2021-09-09 12:30:00+00:00,08:30,9.657260439466393,40.15037891632416,600,1.480139334268601,0.2405272552867487
2021-09-09 13:45:00+00:00,09:45,4.270619165593139,24.531312130549857,502,0.9214059604439356,0.17408849322310652
2021-09-10 12:30:00+00:00,08:30,9.966071514603577,43.61652261930924,600,1.9674990646678978,0.22849303236731558
2021-09-10 14:00:00+00:00,10:00,14.068092981274846,33.30803002987409,600,0.8079764415554543,0.4223634051205407
2021-09-13 18:00:00+00:00,14:00,-6.899200548097638,14.645773498681182,144,1.5264831862440498,-0.4710710942456467
2021-09-14 10:00:00+00:00,06:00,-0.624756697412057,7.161417967603566,62,1.3977005331387484,-0.08723924511015799
2021-09-14 12:30:00+00:00,08:30,5.530399262733377,16.728312308468144,600,1.1596656396610265,0.330601148564987
2021-09-15 11:00:00+00:00,07:00,5.340842808352476,18.559598178343382,275,0.8532003920208088,0.28776715729678565
2021-09-15 12:30:00+00:00,08:30,0.9189650645711035,9.75861989342335,600,1.873634613844933,0.09416957260425972
2021-09-15 13:15:00+00:00,09:15,-29.548775532991435,77.96857672012518,56,2.7809289194966387,-0.37898313366754494
2021-09-16 12:30:00+00:00,08:30,-1.4842553191923024e-09,0.00042943836674866543,600,0.0,-3.456270874048342e-06
2021-09-16 13:45:00+00:00,09:45,-4.210303599344427,16.93024977072973,504,5.656854249492379,-0.24868526196367827
2021-09-16 14:00:00+00:00,10:00,4.226187200996806,14.958283422735354,600,5.656854249492378,0.2825315633860334
2021-09-16 20:00:00+00:00,16:00,-5.544129009020221,11.14467609486093,59,5.65685424949238,-0.49746883281576465
2021-09-17 14:00:00+00:00,10:00,9.2288231610455,10.833106950617774,600,5.656854249492378,0.8519091709437258
2021-09-20 14:00:00+00:00,10:00,-11.337757611284772,24.598088414870432,600,1.512403101264053,-0.4609202723424105
2021-09-21 12:30:00+00:00,08:30,-1.2300033185231403,27.86308986164828,600,2.3255990733695584,-0.04414454120596867
2021-09-22 11:00:00+00:00,07:00,1.5428069792968253,8.084892328948019,276,1.725618411625932,0.19082591536473442
2021-09-22 14:00:00+00:00,10:00,-3.166665270003652,19.595354949406953,600,1.1986596932564653,-0.16160285323637325
2021-09-22 18:00:00+00:00,14:00,-2.6889581888269767,20.013446723072867,144,1.4596804863973711,-0.13435757598549788
2021-09-23 12:30:00+00:00,08:30,1.3019370744688445,10.81489366280762,600,1.4503201614176582,0.12038371481600428
2021-09-23 13:45:00+00:00,09:45,4.897948259157706,14.624556923736753,507,0.5881709876263389,0.33491259151981345
2021-09-23 14:00:00+00:00,10:00,-5.195217404150633,35.07800919012565,600,0.9637067757577947,-0.14810468222390086
2021-09-23 15:00:00+00:00,11:00,5.458153032546169,13.194797710831704,63,1.5298739014094154,0.41365947035819517
2021-09-23 16:00:00+00:00,12:00,,,20,,
2021-09-24 14:00:00+00:00,10:00,5.6799991554974705,16.360843051477815,600,1.6844254410561696,0.3471703223132146
2021-09-27 12:30:00+00:00,08:30,-3.572380817266661,21.09389107451876,600,1.2299725967944386,-0.16935618016829843
2021-09-27 14:30:00+00:00,10:30,-2.571260212977275,14.110258529155933,66,2.3117824761214085,-0.1822263006495804
2021-09-28 12:30:00+00:00,08:30,-1.1045376216390397,7.6071884820655695,600,2.6665189487976932,-0.14519656299341832
2021-09-28 13:00:00+00:00,09:00,-3.4934577560718756,6.358072080650685,108,1.7251406060534704,-0.5494523672833787
2021-09-28 14:00:00+00:00,10:00,-3.036866126270648,12.625556758721881,600,1.0262908339167327,-0.24053324414170849
2021-09-29 11:00:00+00:00,07:00,2.339684414196455,15.784976680207363,277,1.7010359491849403,0.148222228109476
2021-09-29 14:00:00+00:00,10:00,-6.061671012060271,22.235368641339807,600,1.494085251554627,-0.27261392018437075
2021-09-30 12:30:00+00:00,08:30,4.762598587577129,13.79464700627884,600,2.1258836190387957,0.3452497614045043
2021-09-30 13:45:00+00:00,09:45,7.121649549843197,22.64946384814707,509,1.0434113776653111,0.31442905658121406
2021-10-01 12:30:00+00:00,08:30,3.1127167814521863,9.811710579369546,600,1.4552664548870742,0.317245067134073
2021-10-01 13:45:00+00:00,09:45,0.046528429431273555,16.185654096417892,509,1.930087060691726,0.002874670937245035
2021-10-01 14:00:00+00:00,10:00,7.0866133610552975,44.52876911143962,600,1.842345772750164,0.159146850507366
2021-10-04 14:00:00+00:00,10:00,0.8684944137038608,26.80689513116067,600,2.229860715052694,0.03239817253935955
2021-10-05 12:30:00+00:00,08:30,-2.153487944807103,6.487408480836491,600,1.849212137509254,-0.3319488746806076
2021-10-05 13:45:00+00:00,09:45,2.133526917378077,16.246911814325443,509,2.0259291618651445,0.1313189202822456
2021-10-05 14:00:00+00:00,10:00,1.5264228060138711,24.755383444012498,600,2.100357476491492,0.06166023683155924
2021-10-06 11:00:00+00:00,07:00,2.462323684360387,5.828852557146261,278,1.7476456542669567,0.4224371195221847
2021-10-06 12:15:00+00:00,08:15,1.2488846904543487,10.801757130294492,67,1.225506178243548,0.1156186605003125
2021-10-07 11:30:00+00:00,07:30,0.6802944591418016,13.443311699739645,67,1.4159122333037737,0.05060467794962879
2021-10-07 12:30:00+00:00,08:30,3.827738987053563,9.004186430532794,600,2.11132122278529,0.42510658976072185
2021-10-07 13:45:00+00:00,09:45,-8.189278508422776,18.49837057528461,509,0.7653786603653897,-0.4427026950884174
2021-10-07 19:00:00+00:00,15:00,1.530561245774798,23.19491410299742,69,1.7277063557299708,0.06598693312587035
2021-10-08 12:30:00+00:00,08:30,2.244180454284255,9.584085764096674,600,1.9645526502934276,0.2341569670308324
2021-10-08 14:00:00+00:00,10:00,3.486455654044743,11.29408737346537,600,2.128248519025191,0.30869742182408777
2021-10-12 10:00:00+00:00,06:00,-3.6635013439685977,11.060858634360608,63,2.160358239133497,-0.3312131060592271
2021-10-12 14:00:00+00:00,10:00,5.325812617100968,34.08123410191205,600,2.416397102467379,0.15626818562894043
2021-10-13 11:00:00+00:00,07:00,1.0896029058077787,8.219460337699477,279,1.9186348861238627,0.13256380115494842
2021-10-13 12:30:00+00:00,08:30,-1.2243850621653807,11.949249097789723,600,2.2427322133869096,-0.10246543963937095
2021-10-13 18:00:00+00:00,14:00,3.614598772518838,11.377706195829756,146,3.1415978372399316,0.31769134395856424
2021-10-14 12:30:00+00:00,08:30,-7.880835679207666,19.73832737495927,600,2.281396028173969,-0.3992656282115155
2021-10-14 13:45:00+00:00,09:45,19.44012946015574,28.815364772567158,510,2.0993496216958203,0.6746445729072692
2021-10-15 12:30:00+00:00,08:30,-0.15543612971029663,9.267385295825767,600,1.994475058281039,-0.016772382365531784
2021-10-15 14:00:00+00:00,10:00,-5.063173867909921,21.62781004918284,600,1.4126746812900595,-0.23410478714192431
2021-10-18 13:15:00+00:00,09:15,7.482514335614194,22.523605381471558,57,2.5956688719363017,0.3322076643097949
2021-10-18 14:00:00+00:00,10:00,2.6985731979945897,25.444666209801298,600,1.349553773524957,0.10605653757623662
2021-10-18 20:00:00+00:00,16:00,0.32938103440290023,11.260612840325432,59,2.4062606417886627,0.029250720104979748
2021-10-19 12:30:00+00:00,08:30,0.45511817350897876,11.172286239937243,600,1.0813975799177873,0.04073635097909336
2021-10-20 11:00:00+00:00,07:00,3.1969949582421058,11.877119351675878,280,2.575685677662185,0.2691725883676504
2021-10-21 12:30:00+00:00,08:30,-8.464600556265149,19.81210439986813,600,2.347496954444139,-0.42724389017057113
2021-10-21 13:45:00+00:00,09:45,-1.9442440913944077,20.504432495909292,511,2.077165944463598,-0.09482067312920225
2021-10-21 14:00:00+00:00,10:00,-1.290129856594289,14.424038112692733,600,2.1973870519340863,-0.08944304268435149
2021-10-22 13:45:00+00:00,09:45,3.8502369818004647,22.186535145016865,512,0.7359895382059138,0.17353935423599637
2021-10-22 18:00:00+00:00,14:00,5.5262366696406655,13.578903511853294,146,2.33729258536597,0.406972231949119
2021-10-25 12:30:00+00:00,08:30,-5.605002121370925,23.47499406958348,600,2.3174062356443046,-0.23876479392313538
2021-10-25 14:30:00+00:00,10:30,0.0676498694921639,12.198949588109866,67,3.313186170215576,0.005545548737909469
2021-10-26 13:00:00+00:00,09:00,3.2040434947333747,12.444473616455948,109,3.812540256543639,0.2574671772775112
2021-10-26 14:00:00+00:00,10:00,-11.716138855218446,21.43010739196788,600,3.0333522456157063,-0.5467139590541538
2021-10-27 11:00:00+00:00,07:00,1.779108514493549,4.932304330090127,281,2.0632022827653214,0.36070534083630634
2021-10-27 12:30:00+00:00,08:30,-0.08843180895215355,7.024392008861415,600,1.6321159316771012,-0.012589247416800628
2021-10-28 12:30:00+00:00,08:30,-2.485931048749168,14.666874941219087,600,1.6878416442759836,-0.16949289188815717
2021-10-28 13:45:00+00:00,09:45,3.092108606442992,26.25746404298271,514,1.0624542402386095,0.11776112885011665
2021-10-28 14:00:00+00:00,10:00,9.47998938146603,10.894512258008634,600,1.4552765250551867,0.8701618904047056
2021-10-28 15:00:00+00:00,11:00,1.2656992360659667,14.509749318234162,64,2.985447359002483,0.08723095129392645
2021-10-29 12:30:00+00:00,08:30,6.136781375717991,24.81116444304579,600,2.188996878969247,0.24733951483031028
2021-10-29 13:45:00+00:00,09:45,-4.714759258961661,16.126086108538534,514,0.8508217794674693,-0.2923684784533839
2021-10-29 14:00:00+00:00,10:00,6.26019857701342,42.932824411785795,600,1.55746679851431,0.14581380709942038
2021-11-01 13:45:00+00:00,09:45,-0.23732068903962764,17.320511845715878,514,1.4715006352959028,-0.013701713387778864
2021-11-01 14:00:00+00:00,10:00,5.369718243835697,17.804325673778838,600,1.7064898547475262,0.30159627172760056
2021-11-03 11:00:00+00:00,07:00,-0.8867648267551157,4.391935986269388,282,2.4651374748747887,-0.2019075026428958
2021-11-03 12:15:00+00:00,08:15,-2.169183022794803,16.327174690778367,68,3.175525220501221,-0.13285721895411357
2021-11-03 13:45:00+00:00,09:45,3.4542981333093103,25.0503016949026,514,1.7798299636014372,0.13789447230538598
2021-11-03 14:00:00+00:00,10:00,6.101221546102137,21.4927095016207,600,1.5985778238191042,0.2838740060038527
2021-11-03 18:00:00+00:00,14:00,-1.3521334923169377,24.242562010340848,147,2.1901994241363645,-0.05577518959176736
2021-11-04 11:30:00+00:00,07:30,-0.05999667919683618,6.735021715370764,68,3.118205065962797,-0.008908164180066546
2021-11-04 12:30:00+00:00,08:30,-0.144768143837667,15.854122345255993,600,1.7873975680879817,-0.009131261932073193
2021-11-04 13:45:00+00:00,09:45,-3.4834765376036234,17.637352793348523,515,1.3622181005611897,-0.19750563355047973
2021-11-05 12:30:00+00:00,08:30,3.2308518121663066,19.760701424367625,600,1.6423252173052614,0.163498842616094
2021-11-05 19:00:00+00:00,15:00,-0.6456119880049314,7.5379836130721705,70,3.3452134457850184,-0.08564783649639782
2021-11-09 11:00:00+00:00,06:00,-5.370871301790213,11.108158280932349,64,3.1899409708187765,-0.483506911403086
2021-11-09 13:30:00+00:00,08:30,-1.7733742146600266,5.586069847594994,600,1.6851067939738031,-0.31746366641361073
2021-11-10 12:00:00+00:00,07:00,1.9127540607068483,5.493769038406788,283,1.673118744325172,0.3481679057373612
2021-11-10 13:30:00+00:00,08:30,9.436509948434054,20.857582986753673,600,2.0919672055180585,0.45242586134870155
2021-11-10 15:00:00+00:00,10:00,1.4170008170223132,38.10778234624664,600,2.1427843377754865,0.03718402724533978
2021-11-10 19:00:00+00:00,14:00,-4.124087337844383,13.680933895608113,147,1.168449629187796,-0.3014477936457472
2021-11-11 14:45:00+00:00,09:45,-6.3050412223009475,29.920707932168867,516,0.7237814683031645,-0.2107250014469799
2021-11-12 15:00:00+00:00,10:00,-11.106768946745579,15.199494669995758,600,2.1567770300482256,-0.7307327768383419
2021-11-15 13:30:00+00:00,08:30,1.3509108349766241,10.924329981664684,600,1.1652439250550228,0.12366074965183065
2021-11-16 13:30:00+00:00,08:30,6.792268862661289,23.93879500349117,600,1.660138745913771,0.2837347853837557
2021-11-16 14:15:00+00:00,09:15,1.2927471337622238,31.297036625184145,58,3.0778871371344474,0.041305736042816725
2021-11-16 15:00:00+00:00,10:00,-9.248950083243704,39.865258022200564,600,1.059746572750482,-0.23200527331575418
2021-11-16 21:00:00+00:00,16:00,-0.6736927501606376,7.9869935571374375,60,1.4450149755632495,-0.08434872838461273
2021-11-17 12:00:00+00:00,07:00,2.6025341394469934,6.122418082741701,284,1.0893999512722499,0.42508272128347424
2021-11-17 13:30:00+00:00,08:30,9.012685218627082,23.815166906530806,600,1.649610137836147,0.3784430843587976
2021-11-18 13:30:00+00:00,08:30,15.776429651641047,48.73558725578309,600,1.5680517293865464,0.3237147747669538
2021-11-18 14:45:00+00:00,09:45,-8.615630175008244,29.33307917382173,518,1.2138147423388803,-0.2937172099783255
2021-11-18 15:00:00+00:00,10:00,-7.820422120901668,28.310094254830247,600,1.3719473059654492,-0.2762414724058135
2021-11-18 16:00:00+00:00,11:00,-7.436667887100081,12.922343368953106,65,2.1935064105403477,-0.5754891102001848
2021-11-22 13:30:00+00:00,08:30,-0.21004138670719774,15.538415256630927,600,1.1199209364016156,-0.013517555248600002
2021-11-22 15:00:00+00:00,10:00,3.167734170330145,20.849096521278454,600,1.0472410181700873,0.1519362801691275
2021-11-23 14:45:00+00:00,09:45,5.469522773425726,24.714531716310947,520,1.5721301912958783,0.22130796715909382
2021-11-23 15:00:00+00:00,10:00,-0.09654363945297068,20.47720733100799,600,1.341523242351973,-0.004714687793719688
2021-11-24 12:00:00+00:00,07:00,1.6733802225841266,6.462806371143853,285,1.7288708227733378,0.2589247033696841
2021-11-24 13:30:00+00:00,08:30,-1.3277083491664792,11.002253487609918,600,2.6553157465899404,-0.12067603701929475
2021-11-24 14:45:00+00:00,09:45,8.439682016411044,16.296469053847428,521,2.0335147020165567,0.5178840881742124
2021-11-24 15:00:00+00:00,10:00,9.168362647101118,24.0182125978517,600,2.192333668399559,0.3817254348028037
2021-11-24 19:00:00+00:00,14:00,-3.682741602073385,32.84020259880564,149,2.3223768080200493,-0.11214125707638972
2021-11-29 15:00:00+00:00,10:00,-0.010482201811822356,37.41019313027563,600,1.0148739897781789,-0.00028019640998162165
2021-11-29 15:30:00+00:00,10:30,0.548795409598369,17.54663662207206,68,1.8731887902044009,0.03127638768720124
2021-11-30 14:00:00+00:00,09:00,-4.078434043144072,6.550541235019141,110,1.0927382940738966,-0.6226102388823684
2021-11-30 14:45:00+00:00,09:45,11.468426920671186,24.03936475350416,522,2.2939429977091046,0.4770686346443269
2021-11-30 15:00:00+00:00,10:00,-2.569162224272447,39.21960954524535,600,1.88773965354476,-0.06550708316737718
2021-12-01 12:00:00+00:00,07:00,-1.4847937704093899,10.95242222552477,286,1.156051403382809,-0.13556761598809233
2021-12-01 13:15:00+00:00,08:15,1.286737511334008,16.532042392984287,69,1.4388667861192692,0.07783294288430216
2021-12-01 14:45:00+00:00,09:45,-6.535799522244189,13.905552016505377,522,1.2296123812220956,-0.4700136689637662
2021-12-01 15:00:00+00:00,10:00,-2.950997012097245,23.749092353401366,600,2.1678422794363192,-0.12425725447459472
2021-12-02 12:30:00+00:00,07:30,-0.7492720994520519,11.655008833927653,69,1.2958451864205875,-0.06428756169372654
2021-12-02 13:30:00+00:00,08:30,-3.7842550591777364,19.619359618091412,600,1.9633138454990708,-0.19288371959338557
2021-12-02 14:45:00+00:00,09:45,-0.0318902415162543,20.785325283724443,523,1.159080258310109,-0.0015342671370760484
2021-12-03 13:30:00+00:00,08:30,-0.37670191074604104,12.871245300634778,600,2.2172407515871453,-0.029266935867305943
2021-12-03 14:45:00+00:00,09:45,0.4040168190533396,15.312326709247381,523,1.6897507764812338,0.026385070454991454
2021-12-03 15:00:00+00:00,10:00,2.158034769028669,22.545095147573896,600,1.1720832625217052,0.09572080999892775
2021-12-07 13:30:00+00:00,08:30,2.1804929491295777,4.938138752656108,600,1.8507112329438502,0.44156170135088696
2021-12-07 20:00:00+00:00,15:00,1.7791668455729304,8.205821321920336,71,3.3260208774428843,0.21681764393531391
2021-12-08 12:00:00+00:00,07:00,-0.3475514717359966,12.452642637743734,287,0.8269800271705453,-0.02790985671447556
2021-12-08 15:00:00+00:00,10:00,9.128676854509301,20.242215092392062,600,2.7592138854484145,0.4509722287231435
2021-12-09 13:30:00+00:00,08:30,-2.694945884845273,14.087531805534182,600,1.5088663814237775,-0.1913000745656939
2021-12-09 14:45:00+00:00,09:45,3.463320824226073,11.655445060933511,524,2.0886338763802645,0.29714187713297735
2021-12-09 15:00:00+00:00,10:00,0.22034791363454265,13.772536196773036,600,3.1975636583934013,0.015999080378977047
2021-12-09 17:00:00+00:00,12:00,,,21,,
2021-12-10 13:30:00+00:00,08:30,6.29090331209453,19.338569203947394,600,1.2487861748877853,0.32530345165403596
2021-12-10 15:00:00+00:00,10:00,-2.0551370465409327,29.52987192246444,600,2.213070328315916,-0.06959518998040475
2021-12-10 19:00:00+00:00,14:00,-7.981160185864096,18.7040277330918,150,2.247659152409703,-0.42670810264804926
2021-12-14 11:00:00+00:00,06:00,1.504272771870197,10.744201894300872,65,2.221382329100055,0.14000786532763496
2021-12-14 13:30:00+00:00,08:30,13.59403157544993,41.79587563058659,600,1.6841259207776529,0.32524815834942566
2021-12-15 12:00:00+00:00,07:00,-2.0111243234666887,7.865925906175882,288,3.305906195366043,-0.2556754725960064
2021-12-15 13:30:00+00:00,08:30,2.3871743928852456,8.730126824924444,600,2.3803362011426703,0.2734409752295787
2021-12-15 15:00:00+00:00,10:00,-11.466694418380316,18.478855377895215,600,1.304909521053506,-0.6205305568924475
2021-12-15 19:00:00+00:00,14:00,4.867070801234986,32.6508637107969,151,1.8886351820499174,0.14906407512967432
2021-12-15 21:00:00+00:00,16:00,-6.3329721055272765,11.85999957777449,61,2.606253964560692,-0.5339774309431846
2021-12-16 13:30:00+00:00,08:30,-1.9773832495187598,15.224535347620705,600,2.4410235651601915,-0.12988135298511988
2021-12-16 14:15:00+00:00,09:15,-5.979627174262433,23.394539737839267,59,2.2885060977858664,-0.2555992655239438
2021-12-16 14:45:00+00:00,09:45,5.432777602374467,27.506051008722597,526,1.7994460990917245,0.19751208927270764
2021-12-16 16:00:00+00:00,11:00,5.297739265527392,11.597814990134578,66,2.0430091832212547,0.456787702686566
2021-12-20 15:00:00+00:00,10:00,-16.31177221416604,25.61112304832913,600,1.6654493873038387,-0.6369018720258822
2021-12-21 13:30:00+00:00,08:30,-7.033646877450842,23.173121288935175,600,1.3629708258001083,-0.30352608911641543
2021-12-22 12:00:00+00:00,07:00,-1.8376067528035973,8.42566993921797,289,1.2312617145759952,-0.21809621858676262
2021-12-22 13:30:00+00:00,08:30,-8.630137516743265,15.105978786267372,600,1.3572021839471082,-0.571306079457016
2021-12-22 15:00:00+00:00,10:00,0.14341395105659016,57.36141508927219,600,2.3034547870208613,0.0025001815389908612
2021-12-23 13:30:00+00:00,08:30,-1.2861467647783902,12.290294014293154,600,1.3456869305321335,-0.10464735532629646
2021-12-23 14:45:00+00:00,09:45,6.02576360655078,22.15893000566792,529,0.672443677225347,0.2719338706792016
2021-12-23 15:00:00+00:00,10:00,-9.282628214215862,24.63879876234547,600,1.0458163152692634,-0.3767484082220009
2021-12-27 15:30:00+00:00,10:30,-7.330330328606851,20.560683240831548,69,1.6181266504082723,-0.35652172852162406
2021-12-28 14:00:00+00:00,09:00,-0.6181986652448364,9.056717704992414,111,2.0371026112686925,-0.0682585772662497
2021-12-28 15:00:00+00:00,10:00,-2.592611786346766,36.88491154521259,600,1.1862595572589634,-0.07028922336356448
2021-12-29 13:30:00+00:00,08:30,2.7187964959277426,9.997067654368008,600,2.304411728031108,0.27195939748790454
2021-12-29 15:00:00+00:00,10:00,-8.572071534387065,35.93430647455003,600,1.0892788071659836,-0.23854840611598044
2021-12-30 13:30:00+00:00,08:30,-5.640538673528757,17.69882055628101,600,1.6402657059423857,-0.31869573769575427
2021-12-30 14:45:00+00:00,09:45,-0.003971904583268029,32.97388726520359,531,0.9802985968630665,-0.00012045606122574054
2022-01-03 14:45:00+00:00,09:45,5.373556770523746,19.88561385653017,531,2.010439117338478,0.2702233287487447
2022-01-03 15:00:00+00:00,10:00,3.900248409763878,38.50863619594043,600,1.514164736230624,0.10128243415109675
2022-01-04 15:00:00+00:00,10:00,0.02430018430125308,14.513769522997476,600,1.1555910381943175,0.001674284841215699
2022-01-05 12:00:00+00:00,07:00,2.841739521992861,6.010044838768111,291,2.3172784310961605,0.47283166735497056
2022-01-05 13:15:00+00:00,08:15,1.122612301634222,14.289721798293142,70,3.455942766954449,0.0785608227704135
2022-01-05 14:45:00+00:00,09:45,-0.8012983268851546,32.378986264662004,531,2.589902259814221,-0.024747480366909477
2022-01-05 19:00:00+00:00,14:00,3.831612049683968,14.521504537860181,153,1.722590683473668,0.26385778689076356
2022-01-06 12:30:00+00:00,07:30,0.03198582067953109,10.341522373250264,70,2.585366603048331,0.003092950875614475
2022-01-06 13:30:00+00:00,08:30,0.5665085833991681,11.641905625680822,600,1.504886286389526,0.04866115579476178
2022-01-06 15:00:00+00:00,10:00,-10.204953504866188,19.694932967641666,600,1.6965510356256996,-0.5181512179621377
2022-01-07 13:30:00+00:00,08:30,0.09532737571274652,7.76061301907723,600,2.1739652975811277,0.012283485270868635
2022-01-07 20:00:00+00:00,15:00,0.9666930476066922,6.057741567452894,72,1.3818428136735275,0.15957977685950686
2022-01-10 15:00:00+00:00,10:00,-0.4884967814846227,24.35411345249689,600,0.8497442055880988,-0.02005808104809251
2022-01-11 11:00:00+00:00,06:00,2.7298696999016467,9.566019219757587,66,2.6167722041799477,0.2853715466370163
2022-01-12 12:00:00+00:00,07:00,0.13964487066426615,7.545954910700447,292,2.2221016574288432,0.018505924341827764
2022-01-12 13:30:00+00:00,08:30,2.9898896823215795,9.851079492115026,600,1.373582307063189,0.3035088372512615
2022-01-12 19:00:00+00:00,14:00,-2.2471910526180667,16.257373855321486,153,1.3180595076629866,-0.13822595657923553
2022-01-13 13:30:00+00:00,08:30,2.8598032208033732,19.10891274412577,600,1.5868032547906832,0.14965808149825266
2022-01-14 13:30:00+00:00,08:30,1.104450170313899,19.428300818575032,600,3.5510976224389332,0.056847491740397334
2022-01-14 14:15:00+00:00,09:15,-0.9044222774186279,22.6559781408156,60,1.5889661798356947,-0.0399198071165719
2022-01-14 15:00:00+00:00,10:00,-2.7050528512957803,15.826894975187743,600,1.5411771020024696,-0.1709149429206781
2022-01-18 13:30:00+00:00,08:30,2.646806985058089,12.213453689811681,600,1.4336259655719272,0.21671241012409326
2022-01-18 15:00:00+00:00,10:00,-6.258292366303628,23.878686870650007,600,1.9504356896729194,-0.26208695646475766
2022-01-18 21:00:00+00:00,16:00,1.3698324528551433,3.8215811330809344,62,2.5711489647560173,0.358446518640517
2022-01-19 12:00:00+00:00,07:00,1.5708832911791437,14.524971447922315,292,1.3540893011380206,0.10815052523933508
2022-01-19 13:30:00+00:00,08:30,-1.5461827153137961,9.517352134735692,600,1.332306591390391,-0.16245933673827814
2022-01-20 13:30:00+00:00,08:30,3.4706058396997372,12.865468755841091,600,3.809013628534595,0.26976132044345735
2022-01-20 15:00:00+00:00,10:00,-3.2345266971319457,12.469683002023563,600,1.156380016592855,-0.25939125289769205
2022-01-21 15:00:00+00:00,10:00,3.67449358889698,20.1156316857569,600,2.5637010460451104,0.18266856573531057
2022-01-24 13:30:00+00:00,08:30,11.84423973802615,45.02546792928771,600,1.5294075974705756,0.2630564496659418
2022-01-24 14:45:00+00:00,09:45,14.316732768006013,37.29411441183064,535,3.0546975537122774,0.3838871895417466
2022-01-25 14:00:00+00:00,09:00,-1.6189505671504114,4.723717428382514,112,1.8632729269579593,-0.34272807205251676
2022-01-25 15:00:00+00:00,10:00,-0.7801981536099918,19.099761600796306,600,1.0258576324296045,-0.040848580726654926
2022-01-26 12:00:00+00:00,07:00,-1.8177389349800597,9.746942296616954,293,1.462940981391146,-0.1864932488223486
2022-01-26 13:30:00+00:00,08:30,0.26563114455739645,9.733262552411055,600,2.0380935467026076,0.027291069477170957
2022-01-26 15:00:00+00:00,10:00,0.5186984389177133,27.235517274401573,600,1.109565563692327,0.0190449270227459
2022-01-26 19:00:00+00:00,14:00,-1.3752921805579001,20.764387795024017,154,3.1578945559659277,-0.06623321593365133
2022-01-27 13:30:00+00:00,08:30,0.1421208569206698,10.772569558694554,600,1.9121227675685546,0.013192846529912995
2022-01-27 15:00:00+00:00,10:00,-1.5108312833200062,22.92002932245002,600,1.4836679322241282,-0.06591751092744706
2022-01-27 16:00:00+00:00,11:00,2.9693436877755746,12.25486340989715,67,2.067483111343203,0.24229920713579745
2022-01-28 13:30:00+00:00,08:30,2.388058649406271,9.63034418358202,600,2.0286186598718983,0.2479723054423616
2022-01-28 15:00:00+00:00,10:00,-7.521786824177343,16.480256704170525,600,1.377186990173087,-0.4564119940118327
2022-01-31 14:45:00+00:00,09:45,-2.8223283533712817,15.146363574608124,536,2.531225972146971,-0.18633702667105712
2022-01-31 15:30:00+00:00,10:30,-7.439876787750367,22.796061951541944,70,2.3714611767360916,-0.3263667559583522
2022-02-01 14:45:00+00:00,09:45,5.862237139923259,25.857597205855807,536,2.244157522167771,0.2267123698019271
2022-02-01 15:00:00+00:00,10:00,-2.144678183630273,27.975999312558248,600,2.798698603921951,-0.07666136103554809
2022-02-02 12:00:00+00:00,07:00,2.341659323300636,8.00755071907664,294,2.4228283869555107,0.29243140698716114
2022-02-02 13:15:00+00:00,08:15,3.3295838329840484,12.02494441161912,71,2.030009628936917,0.2768897484271805
2022-02-03 12:30:00+00:00,07:30,-0.6187881370361386,12.57265637639789,71,1.7604924695572466,-0.04921697678763917
2022-02-03 13:30:00+00:00,08:30,1.501103873671972,15.052133686959044,600,1.527287209285296,0.09972698255879213
2022-02-03 14:45:00+00:00,09:45,2.7244384472110434,38.17824018298457,536,1.3933581033567473,0.07136102748982344
2022-02-03 15:00:00+00:00,10:00,-10.751905973708164,23.76887806051759,600,1.4509106958038143,-0.4523522711645411
2022-02-04 13:30:00+00:00,08:30,-8.933566128881932,29.703708066384365,600,2.3509124242360366,-0.30075592275942253
2022-02-07 20:00:00+00:00,15:00,-0.5134528148912927,7.615629948721158,73,3.5184475092406915,-0.067420924906877
2022-02-08 11:00:00+00:00,06:00,4.929771760691075,21.22833396467668,67,2.9491008278183606,0.23222603191065627
2022-02-08 13:30:00+00:00,08:30,2.051074921573556,8.783809270111286,600,1.5662737930599986,0.23350631354812762
2022-02-09 12:00:00+00:00,07:00,7.20334046589709,11.303735848209127,295,2.458513559167668,0.6372530783297036
2022-02-09 15:00:00+00:00,10:00,-0.85748118608961,16.517341618412743,600,2.4904724675745062,-0.05191399475165731
2022-02-10 13:30:00+00:00,08:30,2.287111361233593,43.20855957121469,600,1.9553087375165115,0.052931904787616536
2022-02-10 19:00:00+00:00,14:00,-0.39190499725749817,10.572780604147018,155,2.950392146144146,-0.03706735360646556
2022-02-11 15:00:00+00:00,10:00,-10.161062277685723,32.751354262843996,600,2.036040956306696,-0.3102486143363336
2022-02-15 13:30:00+00:00,08:30,-12.955567779671014,33.62575009100145,600,1.8017634562221483,-0.38528710124262894
2022-02-15 21:00:00+00:00,16:00,-1.4421025944404018,13.72523321216529,63,2.0182687378749744,-0.10506944196490604
2022-02-16 12:00:00+00:00,07:00,2.702907331135593,5.334307039547818,296,2.0988083953823424,0.5067026159342929
2022-02-16 13:30:00+00:00,08:30,1.954141010816181,10.233633807007857,600,2.3217233851001935,0.19095279816227262
2022-02-16 14:15:00+00:00,09:15,-0.06560983329510192,13.51547192237965,61,1.6694597988965223,-0.004854424149737724
2022-02-16 15:00:00+00:00,10:00,2.3445062734995026,23.800317068430946,600,1.3998437450908319,0.09850735461878726
2022-02-16 19:00:00+00:00,14:00,0.7852575943217767,22.62155901479212,156,1.8215949570539667,0.03471279737211307
2022-02-17 13:30:00+00:00,08:30,0.1733891389174917,10.821103521712644,600,1.135136483595425,0.016023240011481713
2022-02-18 15:00:00+00:00,10:00,-2.2781511838629838,19.148549224681243,600,1.3379729469631578,-0.11897252147575724
2022-02-22 14:00:00+00:00,09:00,1.9320097632477735,8.966132595643947,113,2.1373858188265564,0.215478607151807
2022-02-22 14:45:00+00:00,09:45,-3.4352644953601956,18.31180610732533,539,0.9207340270625738,-0.1875983436710798
2022-02-22 15:00:00+00:00,10:00,-11.258377311570026,31.7287489682167,600,1.3531634117590132,-0.3548320585487868
2022-02-23 12:00:00+00:00,07:00,3.495356601228985,15.694465389526808,297,1.4220071167367128,0.2227126897588686
2022-02-24 13:30:00+00:00,08:30,-6.219626805839383,21.204065992241027,600,1.3555991506295257,-0.2933223660082582
2022-02-24 15:00:00+00:00,10:00,-5.880982253409212,22.99628455031574,600,1.7949938167576367,-0.25573619253761
2022-02-24 16:00:00+00:00,11:00,6.183222543161625,11.866061087488163,68,1.9476548386775914,0.5210846714485021
2022-02-25 13:30:00+00:00,08:30,0.6306178358800427,9.551904374439717,600,1.414076474740321,0.0660201161108287
2022-02-25 15:00:00+00:00,10:00,1.2313924667093477,21.283183221559916,600,1.6228211818931089,0.057857532582905366
2022-02-28 13:30:00+00:00,08:30,1.0060631386758436,16.949395500586665,600,3.3436556493684164,0.05935687432870518
2022-02-28 14:45:00+00:00,09:45,4.673581985756009,20.077674793061224,540,2.177605143651917,0.23277506155101102
2022-02-28 15:30:00+00:00,10:30,-4.376573058378555,13.748267397365318,71,1.9561297599388605,-0.318336335181935
2022-03-01 14:45:00+00:00,09:45,2.712163856570278,18.60500712889761,540,2.1622791918260136,0.14577601813211344
2022-03-01 15:00:00+00:00,10:00,2.400784707355754,25.655774767381036,600,1.8982468884350066,0.09357677673441894
2022-03-02 12:00:00+00:00,07:00,1.016796057882755,5.96476000988572,298,1.7259732419358893,0.17046722017274188
2022-03-02 13:15:00+00:00,08:15,-1.6889416266572308,7.857345454390119,72,2.7905701390732753,-0.21495066450382067
2022-03-03 12:30:00+00:00,07:30,1.935515168674252,11.70815215677721,72,1.4532422551024173,0.16531346217207196
2022-03-03 13:30:00+00:00,08:30,1.0723305160516614,10.222006438042879,600,1.0534313092389982,0.10490411276408582
2022-03-03 14:45:00+00:00,09:45,1.4694431317915853,27.7027246163729,540,2.0742249727657462,0.05304327109121653
2022-03-03 15:00:00+00:00,10:00,-16.213379828093256,24.946507722423718,600,2.762043208955899,-0.6499258336476292
2022-03-04 13:30:00+00:00,08:30,22.624224384784473,51.995729568918904,600,1.872317022869388,0.43511697157353446
2022-03-07 20:00:00+00:00,15:00,4.974385738830255,23.712838614422715,74,3.27504436519862,0.20977605506093708
2022-03-08 11:00:00+00:00,06:00,5.985671991596035,10.266172341390511,68,1.8189688882281527,0.583048072109931
2022-03-08 13:30:00+00:00,08:30,-5.57513152805453,10.370659606495513,600,1.5106039660774462,-0.5375869751392309
2022-03-08 15:00:00+00:00,10:00,5.155159988256098,14.64326843352289,600,2.0527859861047344,0.3520498180894076
2022-03-09 12:00:00+00:00,07:00,2.068893864054226,5.895095854507095,299,1.8418674563067663,0.3509516919003876
2022-03-09 15:00:00+00:00,10:00,-3.650616001648125,27.61160615817441,600,2.2334090248613876,-0.13221309838824283
2022-03-10 13:30:00+00:00,08:30,11.741584927478689,39.51131480658578,600,2.1842366988481596,0.29717018998116435
2022-03-10 17:00:00+00:00,12:00,,,22,,
2022-03-10 19:00:00+00:00,14:00,0.4182173382543454,16.08413603012962,158,1.5678019142840867,0.026001852848727434
2022-03-11 15:00:00+00:00,10:00,-1.4422807987560233,20.044223295163597,600,2.2225303764903246,-0.07195493571976054
2022-03-15 12:30:00+00:00,08:30,12.57297921155096,22.626219469198816,600,1.4246347483110717,0.555681837554286
2022-03-15 20:00:00+00:00,16:00,1.1560091166752862,4.681551303905804,64,3.1984310670812963,0.24692864429592626
2022-03-16 11:00:00+00:00,07:00,4.483144065624266,5.314353590850912,300,3.5563484397726026,0.8435916031899646
2022-03-16 12:30:00+00:00,08:30,-9.705737110490507,28.597366722045713,600,2.1221820355773646,-0.33939268621569807
2022-03-16 14:00:00+00:00,10:00,6.68355750093734,24.45301266760442,600,1.7309239899401485,0.27332245690085377
2022-03-16 18:00:00+00:00,14:00,-3.45214670817368,21.56296415445561,158,2.071383586013925,-0.1600961112510292
2022-03-17 12:30:00+00:00,08:30,8.002229224132883,41.15203054668539,600,1.9780779328559626,0.19445527031903476
2022-03-17 13:15:00+00:00,09:15,1.6253088538140426,13.94895444441828,62,3.7687076004952598,0.11651832832993553
2022-03-18 14:00:00+00:00,10:00,4.405305088772798,14.303489641890149,600,5.656854249492378,0.3079881342991384
2022-03-21 12:30:00+00:00,08:30,-5.070095540688126,18.86844257810616,600,2.0283602428356815,-0.26870768584637555
2022-03-22 14:00:00+00:00,10:00,4.637575643364847,23.76680994692875,600,1.0425812942356643,0.19512823360478526
2022-03-23 11:00:00+00:00,07:00,1.5556542753375084,5.621285370267752,301,2.8801313266279,0.276743515560643
2022-03-23 14:00:00+00:00,10:00,-14.908578829797513,24.218761922203136,600,1.2614730428669327,-0.6155797260688918
2022-03-24 12:30:00+00:00,08:30,-11.842534147647605,28.69852705453904,600,1.3643105254664145,-0.4126530300716098
2022-03-24 13:45:00+00:00,09:45,1.9856527392270154,21.984527984520582,544,0.9267145600332302,0.09032046267380058
2022-03-24 15:00:00+00:00,11:00,10.620892533387945,31.86679783779,69,2.814163393478063,0.33329023479079867
2022-03-25 14:00:00+00:00,10:00,1.9514365762242438,29.65490612484008,600,2.077114716300475,0.06580484753548575
2022-03-28 12:30:00+00:00,08:30,-3.5407524679871774,30.84035049309393,600,1.2621402271846545,-0.11480908651735515
2022-03-28 14:30:00+00:00,10:30,-0.8121121889245012,22.17430186662803,72,2.8783794907767413,-0.03662402513545272
2022-03-29 13:00:00+00:00,09:00,-3.4615822062373995,6.777659464339797,114,1.5763023075617175,-0.5107341589600781
2022-03-29 14:00:00+00:00,10:00,5.686205056387423,17.461561450633774,600,1.4017661756858493,0.32564127053947056
2022-03-30 11:00:00+00:00,07:00,-3.663222199653331,12.942345186715313,302,1.0461524232168236,-0.28304160851879073
2022-03-30 12:15:00+00:00,08:15,0.44339544524997987,18.68342820717911,73,1.5332239613895753,0.023732017504132626
2022-03-30 12:30:00+00:00,08:30,-3.903478896903671,12.17966867117287,600,1.1015938968969619,-0.3204913862839732
2022-03-31 11:30:00+00:00,07:30,0.32352771545492554,10.92192162742937,73,1.2162600365701242,0.02962186751481684
2022-03-31 12:30:00+00:00,08:30,2.341080928364961,12.945907188942224,600,2.03264723219988,0.18083560265012566
2022-03-31 13:45:00+00:00,09:45,3.5034493022144377,19.290387861347625,544,1.4871293113437467,0.18161632246049028
2022-04-01 12:30:00+00:00,08:30,-3.8793230245640795,12.089008111880805,600,2.5303037536680923,-0.3208967178003271
2022-04-01 13:45:00+00:00,09:45,21.657900588843738,94.45689269907206,544,0.8978118517961347,0.22928872599952152
2022-04-01 14:00:00+00:00,10:00,1.0331739397437145,20.018502081816546,600,2.4414724240462444,0.05161095148483561
2022-04-04 14:00:00+00:00,10:00,-3.290573553243917,60.860876173804066,600,1.2973231982747955,-0.05406714066762411
2022-04-05 12:30:00+00:00,08:30,4.435879707594049,47.64767739972567,600,2.005175195144861,0.09309750127756675
2022-04-05 13:45:00+00:00,09:45,11.743211594958812,12.548153587513807,544,0.7348683497148104,0.9358517580342687
2022-04-05 14:00:00+00:00,10:00,1.5054423864962816,13.140048308559527,600,1.1418994840833177,0.1145690145991035
2022-04-06 11:00:00+00:00,07:00,3.092670891804193,7.9753541406452095,303,3.2666015996332822,0.3877785032821119
2022-04-06 18:00:00+00:00,14:00,-0.4657092913140185,22.292426569018556,160,2.0074317219196147,-0.020890919607704322
2022-04-07 12:30:00+00:00,08:30,-0.5775714049276987,20.434149617075246,600,1.2234682942112236,-0.028265008123708104
2022-04-07 19:00:00+00:00,15:00,1.721009785111654,7.179172217982951,75,1.131026876806134,0.23972259375541016
2022-04-08 14:00:00+00:00,10:00,12.513497143400228,51.82497674138549,600,1.6931117552513453,0.24145687909990737
2022-04-12 10:00:00+00:00,06:00,0.6671375643151924,9.821112854247,69,2.7501666606942066,0.06792891744714026
2022-04-12 12:30:00+00:00,08:30,1.6987117974744506,10.932454999064369,600,1.493978999239045,0.1553824641967272
2022-04-12 18:00:00+00:00,14:00,-3.9703884524628985,14.698247493546509,160,1.080796066425899,-0.27012665654229584
2022-04-13 11:00:00+00:00,07:00,7.0293937885996804,11.711391111228679,304,2.454648422128245,0.6002185156176724
2022-04-13 12:30:00+00:00,08:30,-4.832236919429154,22.17628679478006,600,1.5798674738459304,-0.2179010834476845
2022-04-14 12:30:00+00:00,08:30,6.84535596278562,23.824212586847313,600,2.746017206187062,0.2873276897539418
2022-04-14 14:00:00+00:00,10:00,0.37656572765125773,36.58248393068928,600,1.6364397498966061,0.010293607409620273
2022-04-15 12:30:00+00:00,08:30,-8.167031218328489e-09,0.0004828125941395163,600,0.0,-1.691553061676866e-05
2022-04-15 13:15:00+00:00,09:15,6.263476940321595,20.42286675774152,63,5.656854249492379,0.30668940921074916
2022-04-15 20:00:00+00:00,16:00,-5.520655674638907,12.244022735771189,65,5.656854249492379,-0.45088577453471945
2022-04-18 14:00:00+00:00,10:00,4.775332779457875,19.515201201236426,600,1.963717495083142,0.24469810637439515
2022-04-19 12:30:00+00:00,08:30,9.4501911662773,40.42103110423674,600,1.8682195523082763,0.23379391638742178
2022-04-20 11:00:00+00:00,07:00,5.4382057997426685,12.719908479694018,305,2.579120729743481,0.4275349786065038
2022-04-20 14:00:00+00:00,10:00,14.987252682387325,32.82245779876042,600,1.2118781607579356,0.45661579563226184
2022-04-21 12:30:00+00:00,08:30,-1.6294477813649362,15.830329704972154,600,1.371059875916385,-0.10293201795115754
2022-04-21 14:00:00+00:00,10:00,7.622311714002077,45.406117550263026,600,1.7759585424263562,0.16786970842782226
2022-04-22 13:45:00+00:00,09:45,1.1653937693088297,28.394300925794553,547,0.864623076121146,0.04104322808842735
2022-04-25 12:30:00+00:00,08:30,-6.50814423915541,22.357622469484596,600,1.8012141587090793,-0.29109285873478835
2022-04-25 14:30:00+00:00,10:30,-4.848027762744543,15.882554666087644,73,2.296240831607679,-0.3052423155259795
2022-04-26 12:30:00+00:00,08:30,-4.821313859820889,7.971797377403403,600,2.99419931294022,-0.6047963378355837
2022-04-26 13:00:00+00:00,09:00,-0.1344632899274201,7.570382631644031,115,1.7348503186383704,-0.01776175610534751
2022-04-26 14:00:00+00:00,10:00,3.1543496572928293,43.89442750573836,600,2.1649802457646756,0.07186218926947978
2022-04-27 11:00:00+00:00,07:00,1.3808758874816265,7.955028604815109,306,2.541082379100033,0.17358528247727412
2022-04-27 12:30:00+00:00,08:30,-6.089594235090313,13.005563164964109,600,1.9347757821743925,-0.4682299534321718
2022-04-27 14:00:00+00:00,10:00,-14.117484926618559,34.587396133850845,600,1.360482216960213,-0.4081684805639853
2022-04-28 12:30:00+00:00,08:30,4.954618884740681,21.640203700853583,600,1.9948274756711695,0.22895435520069754
2022-04-28 15:00:00+00:00,11:00,-3.8047672909463826,17.74082709243707,70,1.9896569822076975,-0.2144639182334604
2022-04-29 12:30:00+00:00,08:30,2.0484505957995953,11.187844392241775,600,1.177599302121387,0.18309609286486822
2022-04-29 13:45:00+00:00,09:45,18.28751541475027,27.62903092841254,548,2.5541372442272423,0.6618949271921135
2022-04-29 14:00:00+00:00,10:00,5.848136188408356,15.717324716686779,600,2.259213970145749,0.3720821637157819
2022-05-02 13:45:00+00:00,09:45,9.581406092768521,18.419835528130914,548,1.2344030502688443,0.520167841788583
2022-05-02 14:00:00+00:00,10:00,-1.1400831427308031,18.677097429990447,600,1.8671985053997007,-0.06104177305945479
2022-05-03 14:00:00+00:00,10:00,7.347158199038999,35.74315584070115,600,2.1712825477533797,0.20555426699823479
2022-05-04 11:00:00+00:00,07:00,1.0988299344534478,10.918176668233853,307,4.084147680760917,0.10064225628904362
2022-05-04 12:15:00+00:00,08:15,-2.279539258130405,10.458611849181883,74,2.139731252474191,-0.21795810868616564
2022-05-04 12:30:00+00:00,08:30,7.4111047339393945,43.02826412326309,600,2.3089489079715246,0.1722380599112434
2022-05-04 13:45:00+00:00,09:45,-0.7768667142230079,13.985866545293339,548,2.1041881377512546,-0.055546555639374856
2022-05-04 14:00:00+00:00,10:00,5.129516712855631,24.471943577154974,600,1.7134598892842432,0.20960806389093398
2022-05-04 18:00:00+00:00,14:00,-2.596104382268927,24.166916875648404,162,2.3297623315106413,-0.10742389671083243
2022-05-05 11:30:00+00:00,07:30,1.8391276747225083,10.576944923503108,74,2.092563948552153,0.17388080282386353
2022-05-05 12:30:00+00:00,08:30,7.968643001677757,41.31814317845662,600,2.134515404978005,0.19286062704368154
2022-05-06 12:30:00+00:00,08:30,7.16287385057602,15.959735939947745,600,1.393081473961459,0.4488090453080186
2022-05-06 19:00:00+00:00,15:00,0.289682178692088,7.02689979236742,76,2.2257074646307267,0.04122474878704535
2022-05-09 14:00:00+00:00,10:00,-0.3686874783792493,14.964389253937297,600,2.5567847609913525,-0.024637656246628545
2022-05-10 10:00:00+00:00,06:00,2.727617013919232,9.143114608236775,70,1.2435583547695594,0.29832470999127564
2022-05-11 11:00:00+00:00,07:00,5.84686979008495,14.77008740758121,308,2.355155787827322,0.39585884827491685
2022-05-11 12:30:00+00:00,08:30,-4.697769660185031,30.785453817725486,600,1.4559590926084973,-0.1525970572985406
2022-05-11 18:00:00+00:00,14:00,-4.664864695440137,14.02587148722219,162,1.4347736848594537,-0.3325900069517897
2022-05-12 12:30:00+00:00,08:30,-1.5065233760304158,6.554402985890017,600,1.7516088802022218,-0.22984906165726796
2022-05-13 12:30:00+00:00,08:30,0.7192276315615647,11.036284693495412,600,1.9667841942279445,0.06516936193078314
2022-05-13 14:00:00+00:00,10:00,15.326387412944655,27.774016448781843,600,2.4767623738299682,0.5518246682545211
2022-05-16 12:30:00+00:00,08:30,1.1728055941737394,10.342103891171972,600,1.1130804977002324,0.11340106486213576
2022-05-16 20:00:00+00:00,16:00,-0.21136140915121068,8.370044098919498,65,2.647642718945034,-0.025252126112274086
2022-05-17 12:30:00+00:00,08:30,9.997856183080298,41.17652388510117,600,2.166094664025705,0.24280476445700666
2022-05-17 13:15:00+00:00,09:15,-31.916391288792507,76.95595335932705,63,2.0767950991924655,-0.41473583128477015
2022-05-17 14:00:00+00:00,10:00,-11.662753917571308,29.204703685356847,600,1.9862077948946864,-0.3993450521951017
2022-05-18 11:00:00+00:00,07:00,3.09730589439358,15.715679432988392,309,1.8703328380058968,0.19708380459148983
2022-05-18 12:30:00+00:00,08:30,4.020292818553278,9.762990244914212,600,1.6058786583327453,0.41178908487054466
2022-05-19 12:30:00+00:00,08:30,-5.93975666528672,21.27061330781878,600,1.150196071181668,-0.2792470804357742
2022-05-19 14:00:00+00:00,10:00,13.767155415200653,33.76087256596061,600,1.0557898658109661,0.4077843482363481
2022-05-23 12:30:00+00:00,08:30,-11.13364863921089,20.990102474644136,600,2.533847561933434,-0.5304237391246776
2022-05-24 13:45:00+00:00,09:45,-2.4697117706846408,29.7772802783476,551,2.230919800142729,-0.08293946752687414
2022-05-24 14:00:00+00:00,10:00,11.338105792732431,22.310868368852482,600,2.1919684132457347,0.5081875615635477
2022-05-25 11:00:00+00:00,07:00,3.6639055193824026,17.513886280487664,310,1.018049768403924,0.20920002909145208
2022-05-25 12:30:00+00:00,08:30,-0.36228544857733413,11.347951630022378,600,2.3604121239360008,-0.0319251844199674
2022-05-25 18:00:00+00:00,14:00,4.923794675549995,17.586513837546978,163,3.098859651610533,0.27997559499471447
2022-05-26 12:30:00+00:00,08:30,-6.015691635177795,30.979560239394438,600,1.7246074025725746,-0.19418260261577505
2022-05-26 14:00:00+00:00,10:00,-6.80215787954532,34.98914528483373,600,1.1305422720237464,-0.194407660552193
2022-05-26 15:00:00+00:00,11:00,2.9321083236407337,14.675473265724763,71,2.6830380150760447,0.1997965088109837
2022-05-27 12:30:00+00:00,08:30,-0.26574822964150036,10.976479789622488,600,1.7120412211119351,-0.024210697303223495
2022-05-27 14:00:00+00:00,10:00,10.444098072361362,18.884188383191997,600,1.0760832647860599,0.5530604683893751
2022-05-31 13:00:00+00:00,09:00,0.3953424793542195,11.792236499776587,116,2.9926002202703796,0.033525657271350484
2022-05-31 13:45:00+00:00,09:45,13.979950285746446,99.41571593171209,552,0.6283866969782976,0.1406211297150359
2022-05-31 14:00:00+00:00,10:00,26.175181961938367,78.20938914702893,600,1.5217924411197348,0.33468081322986176
2022-05-31 14:30:00+00:00,10:30,-4.397558068200437,15.173167086623897,74,1.2437275906537166,-0.2898246650217911
2022-06-01 11:00:00+00:00,07:00,4.923425067386187,9.320465802450428,311,2.6844036606464843,0.5282380915009396
2022-06-01 13:45:00+00:00,09:45,8.36564870253743,29.939697199161074,552,1.6448414806236533,0.27941661022449615
2022-06-01 14:00:00+00:00,10:00,-4.001012496238393,28.58715823946819,600,1.2959782690539585,-0.1399583849056563
2022-06-02 11:30:00+00:00,07:30,1.5998654878264322,11.506358554667544,75,2.597250898468116,0.13904185935327457
2022-06-02 12:15:00+00:00,08:15,-0.22526616527246957,17.74579396767059,75,1.8411420142061086,-0.012694059543509916
2022-06-02 12:30:00+00:00,08:30,-4.815880945383395,12.371449209417992,600,2.206268264285005,-0.3892737919270781
2022-06-02 14:00:00+00:00,10:00,-8.954757520741442,18.306635875975154,600,1.6051240548497854,-0.48915363704225323
2022-06-03 12:30:00+00:00,08:30,-1.4548113233318478,23.373807848523718,600,1.6397145443502255,-0.062241091941882
2022-06-03 13:45:00+00:00,09:45,0.2280624930387165,20.753882573509852,552,2.195232943626685,0.010988907363763073
2022-06-03 14:00:00+00:00,10:00,-2.7632877469044375,28.99972127602772,600,2.232658738085445,-0.0952867001928283
2022-06-07 12:30:00+00:00,08:30,3.8228655955551423,11.539269449069083,600,2.3413774694242195,0.3312918215861185
2022-06-07 19:00:00+00:00,15:00,5.946936904903309,26.8452184305199,77,1.2456299940459215,0.2215268585090867
2022-06-08 11:00:00+00:00,07:00,-1.3089232648236862,13.63301965323475,312,1.218033477531259,-0.09601125048720323
2022-06-08 14:00:00+00:00,10:00,-5.445812361104526,35.79409199873392,600,1.2049613549792246,-0.15214277153048472
2022-06-09 12:30:00+00:00,08:30,-8.942943672721457,16.311753506176288,600,1.14296283451074,-0.5482515211706269
2022-06-09 16:00:00+00:00,12:00,,,23,,
2022-06-10 12:30:00+00:00,08:30,0.7237353241689983,28.50835883043378,600,1.6813297909733682,0.025386776154802105
2022-06-10 14:00:00+00:00,10:00,4.521876541440873,56.3734375210138,600,1.9232098644870628,0.08021289352375036
2022-06-10 18:00:00+00:00,14:00,0.8968410678713866,19.95063558794676,164,2.105259057343238,0.044953007332418825
2022-06-14 10:00:00+00:00,06:00,-1.6939354912092197,6.908638801795568,71,2.270360667754756,-0.2451909181833276
2022-06-14 12:30:00+00:00,08:30,-2.3856593661258247,15.988539877977429,600,2.0971320546228496,-0.14921058360130968
2022-06-15 11:00:00+00:00,07:00,3.7400131904737206,13.012402026125656,313,2.4764765369189807,0.2874191239222941
2022-06-15 12:30:00+00:00,08:30,1.3882194315116994,12.944111711858445,600,2.1030028470892104,0.10724717635431982
2022-06-15 14:00:00+00:00,10:00,-4.377922056208205,10.571977434646405,600,1.3273964813862338,-0.4141062618863442
2022-06-15 18:00:00+00:00,14:00,1.432596977552946,24.330709201035898,165,2.3478260600948975,0.05888019809516905
2022-06-15 20:00:00+00:00,16:00,-0.061701711377259744,8.78906481245188,66,1.6146574743363655,-0.007020281758514745
2022-06-16 12:30:00+00:00,08:30,-0.4288995565370459,15.186978270578251,600,2.261142282295644,-0.028241270178673627
2022-06-17 13:15:00+00:00,09:15,5.756627768119736,23.77528999157671,64,5.656854249492379,0.24212650067188402
2022-06-17 14:00:00+00:00,10:00,-1.2442499920833714,19.316315746977285,600,5.656854249492378,-0.06441445710360569
2022-06-21 12:30:00+00:00,08:30,-3.423749439211686,9.793258713773538,600,1.3095039601276761,-0.3496026745823043
2022-06-21 14:00:00+00:00,10:00,2.6820626291057263,18.680269031156215,600,1.7227390183937656,0.14357730205236344
2022-06-22 11:00:00+00:00,07:00,3.4460922418566207,5.356716916692346,314,1.9283959383079052,0.6433217016038448
2022-06-23 12:30:00+00:00,08:30,-3.1748665433466066,30.934359087146134,600,1.6275055103995095,-0.10263236857122504
2022-06-23 13:45:00+00:00,09:45,10.754872309079376,13.0813718179167,555,2.261318496668921,0.8221517176317189
2022-06-23 15:00:00+00:00,11:00,1.2209021437304415,13.479531684596159,72,1.7784320345310738,0.09057452234231825
2022-06-24 14:00:00+00:00,10:00,-4.496783897528196,11.62144228560168,600,1.4864796366475375,-0.3869385388678875
2022-06-27 12:30:00+00:00,08:30,-7.501345980096924,29.107048274035375,600,1.6354277439599187,-0.25771579136000605
2022-06-27 14:00:00+00:00,10:00,-12.63354473488291,28.32269375330916,600,1.489832801927867,-0.4460573152017659
2022-06-27 14:30:00+00:00,10:30,-11.352487329562896,17.06760919276937,75,2.9481438384600795,-0.6651480709068693
2022-06-28 12:30:00+00:00,08:30,-10.320823360121976,14.598651075667515,600,1.1018195613906778,-0.7069710281194636
2022-06-28 13:00:00+00:00,09:00,-0.4359979576515033,5.58817610394523,117,1.2956229133027772,-0.0780215135567561
2022-06-28 14:00:00+00:00,10:00,1.4378353325607334,24.628964534387983,600,1.644001938802031,0.05837985314214765
2022-06-29 11:00:00+00:00,07:00,-2.3444094377889777,5.3517830505812505,315,2.888424823101976,-0.4380613742431794
2022-06-29 12:30:00+00:00,08:30,5.818454236446808,45.250387075211776,600,1.9611303297023504,0.1285835240873368
2022-06-30 12:30:00+00:00,08:30,0.0808975987342535,28.02269320612858,600,1.6219422700379003,0.0028868602364229986
2022-06-30 13:45:00+00:00,09:45,21.711788437014825,96.53578668211583,556,0.8914175814293281,0.2249092195054038
2022-07-01 13:45:00+00:00,09:45,2.0662890409062844,11.924703865099376,556,1.639762740919323,0.17327801715510902
2022-07-01 14:00:00+00:00,10:00,-0.3550747281111176,25.998928562340083,600,1.13371331232143,-0.013657283116868507
2022-07-05 14:00:00+00:00,10:00,3.6992548140389037,56.885895106991775,600,1.388074591331226,0.06502938570415907
2022-07-06 11:00:00+00:00,07:00,0.7940503893008563,16.227540030387292,316,1.0812853160354667,0.04893227117689662
2022-07-06 13:45:00+00:00,09:45,0.8527748952494558,12.752697418965376,556,1.878818036934454,0.06687015830715454
2022-07-06 14:00:00+00:00,10:00,4.417460013077465,28.98923548942402,600,2.461722004337357,0.15238277031103709
2022-07-06 18:00:00+00:00,14:00,1.4198974499078776,15.724877181943796,167,1.869576382136841,0.0902962505512148
2022-07-07 11:30:00+00:00,07:30,2.1574583742497015,5.4505257956127044,76,2.251457848958015,0.39582573409455396
2022-07-07 12:30:00+00:00,08:30,2.8960819911587707,12.760268553318335,600,2.740427702323099,0.2269608965561809
2022-07-08 12:30:00+00:00,08:30,3.2658654946418437,23.03591994701951,600,2.204979210921677,0.1417727402314747
2022-07-08 14:00:00+00:00,10:00,4.517457380759037,28.57879669298948,600,1.4838866892507272,0.1580702444993841
2022-07-08 19:00:00+00:00,15:00,3.988970653378379,13.706137162790604,78,2.5202759405351958,0.291035366566127
2022-07-12 10:00:00+00:00,06:00,-0.18911153923054608,8.606636669053927,72,1.3510186201365233,-0.02197275736182946
2022-07-13 11:00:00+00:00,07:00,-0.22948403212618085,7.006329743299028,317,2.715778518298442,-0.032753815554522434
2022-07-13 12:30:00+00:00,08:30,1.3025287706991375,34.588924356222655,600,1.9938806445501276,0.03765739452562099
2022-07-13 18:00:00+00:00,14:00,12.945429802829688,24.037701937136884,167,3.2386172123548,0.538546897564685
2022-07-14 12:30:00+00:00,08:30,-3.9689882902394285,15.167959190331654,600,2.193373711173773,-0.2616692358171254
2022-07-15 12:30:00+00:00,08:30,-3.535548740141539,13.715628276466667,600,1.944643671906188,-0.2577751940250414
2022-07-15 13:15:00+00:00,09:15,-21.26150843890217,66.84791483422056,64,2.1333507061688977,-0.3180579153684843
2022-07-15 14:00:00+00:00,10:00,-18.05389567568492,40.501754793130324,600,1.956821480814189,-0.4457558880571545
2022-07-18 14:00:00+00:00,10:00,-1.1915792748148097,16.50648226136168,600,1.6102190096924787,-0.07218856543432363
2022-07-18 20:00:00+00:00,16:00,-3.057653343734188,11.252908630215881,67,2.2233385495739473,-0.2717211562105724
2022-07-19 12:30:00+00:00,08:30,-11.416970523168938,17.71040619781997,600,1.069867335085916,-0.6446475815204221
2022-07-20 11:00:00+00:00,07:00,2.3087575744897233,7.048546436546438,318,1.731682687457981,0.32755087808160066
2022-07-20 14:00:00+00:00,10:00,-7.517242455926794,21.483068646129794,600,1.8176019727060548,-0.34991474354763724
2022-07-21 12:30:00+00:00,08:30,1.3613231266776646,9.086199101557577,600,2.0030207998794536,0.14982316714194646
2022-07-21 14:00:00+00:00,10:00,-5.474023619214166,21.94731782133949,600,1.9471338588506852,-0.2494165193111545
2022-07-22 13:45:00+00:00,09:45,19.626869664239013,38.568491516663755,559,2.590881986907855,0.5088835184481898
2022-07-25 12:30:00+00:00,08:30,1.2795386595264255,12.779577444905733,600,2.2080989548288943,0.10012370636217573
2022-07-25 14:30:00+00:00,10:30,-0.5251229406808144,17.678407773510436,76,2.3804664791041477,-0.02970419889667132
2022-07-26 13:00:00+00:00,09:00,-0.601654038877354,8.648027433431345,118,2.0990053917133555,-0.06957124540927029
2022-07-26 14:00:00+00:00,10:00,4.272150619774422,16.249914326738516,600,2.6169411392249438,0.2629029626786885
2022-07-27 11:00:00+00:00,07:00,7.2761211883769805,13.721087563312047,319,2.4270351406541772,0.5302874976056667
2022-07-27 12:30:00+00:00,08:30,5.061295437761791,9.628622429759359,600,1.5052841779436188,0.52565104454805
2022-07-27 14:00:00+00:00,10:00,-5.641004579129399,19.498344425033416,600,3.204735279163372,-0.2893068486310592
2022-07-27 18:00:00+00:00,14:00,3.8747572354942372,16.429485636337485,168,2.531029421292428,0.23584166426515168
2022-07-28 12:30:00+00:00,08:30,15.851920431931294,24.829085783057977,600,1.6713938839587834,0.6384415668960226
2022-07-28 15:00:00+00:00,11:00,0.17175579407289143,15.10477230970373,73,1.1248243280912777,0.011370962140392588
2022-07-29 12:30:00+00:00,08:30,-9.020413671268425,29.862989078648727,600,1.2896920342963374,-0.3020599728818771
2022-07-29 13:45:00+00:00,09:45,18.96717576491812,30.50060599184486,560,2.455996007188131,0.6218622597200034
2022-07-29 14:00:00+00:00,10:00,-7.21765111068436,32.424329523564836,600,1.4121787194685143,-0.2225998568586848
2022-08-01 13:45:00+00:00,09:45,-1.173878924857328,22.521584422117332,560,2.7569582371691532,-0.05212239524784587
2022-08-01 14:00:00+00:00,10:00,-1.8890670555154134,27.477690401537863,600,1.3019802327405106,-0.06874912075614939
2022-08-02 14:00:00+00:00,10:00,3.494201808720608,49.62246680857512,600,1.440673926154307,0.07041572161658004
2022-08-03 11:00:00+00:00,07:00,1.0968900097398178,6.564272754394933,320,2.2218183635501685,0.16710000494806138
2022-08-03 13:45:00+00:00,09:45,-1.7232256482173516,21.213502824816374,560,1.3784294902561747,-0.08123248962926838
2022-08-03 14:00:00+00:00,10:00,-7.598136713365656,35.95036192025115,600,1.9716750729104304,-0.21135077110546585
2022-08-04 11:30:00+00:00,07:30,1.4292419966145427,12.634361696851169,77,2.011415092978526,0.11312340353298174
2022-08-04 12:30:00+00:00,08:30,-1.2399951085369083,12.06178012149409,600,2.1276100558472337,-0.10280365717554718
2022-08-05 12:30:00+00:00,08:30,-10.461234646748322,37.962704047807456,600,1.0934599206762257,-0.2755661091363304
2022-08-05 19:00:00+00:00,15:00,0.8048203876537411,12.20734807437968,79,3.0274792831016004,0.06592917501409398
2022-08-09 10:00:00+00:00,06:00,-4.933101032833219,10.36267893725154,73,1.9812872090421394,-0.4760449554313424
2022-08-09 12:30:00+00:00,08:30,-0.403286063971633,10.531786440842222,600,1.015945436391622,-0.03829227512700898
2022-08-10 11:00:00+00:00,07:00,3.9156480976009522,5.796937262285994,321,1.9914942797161934,0.6754684276256658
2022-08-10 12:30:00+00:00,08:30,0.13459749762117498,25.51739329371918,600,1.1465265570266312,0.00527473539604473
2022-08-10 14:00:00+00:00,10:00,-24.759293764315743,42.476032941609766,600,1.277994436308156,-0.5829003334268864
2022-08-10 18:00:00+00:00,14:00,3.779238073282538,15.762324004242755,169,1.5188518635401276,0.23976401400359987
2022-08-11 12:30:00+00:00,08:30,8.568088041727217,25.049606030225124,600,0.9098260136327946,0.3420448222374783
2022-08-12 12:30:00+00:00,08:30,2.6865913410952187,10.375401469914227,600,1.2288465171594247,0.2589385431383629
2022-08-12 14:00:00+00:00,10:00,0.3830843892282809,32.292729060285275,600,3.016754826101926,0.011862868217583117
2022-08-15 12:30:00+00:00,08:30,3.8538696051591046,9.206068959275308,600,1.1247472398039613,0.41862271749292623
2022-08-15 14:00:00+00:00,10:00,9.231002969224209,20.70863286865982,600,0.9113400966881589,0.4457562712019629
2022-08-15 20:00:00+00:00,16:00,0.6896763977037403,4.312718405884871,68,2.6479983762119192,0.15991686282198492
2022-08-16 12:30:00+00:00,08:30,-3.2471952027750244,17.967330939387427,600,1.9518967347309208,-0.18072774491266388
2022-08-16 13:15:00+00:00,09:15,-2.406535813898774,17.12773292778287,65,2.4601078230101803,-0.140505215958566
2022-08-17 11:00:00+00:00,07:00,3.0870247450742556,7.316964079999117,322,2.7233999236857738,0.4218996719572017
2022-08-17 12:30:00+00:00,08:30,-7.105279058582451,17.398877396461216,600,1.5699033718287771,-0.4083757185407608
2022-08-17 14:00:00+00:00,10:00,-7.860672213316811,36.14730034252497,600,2.652623085783225,-0.21746222093574266
2022-08-17 18:00:00+00:00,14:00,5.685284542818625,11.587316487575832,170,3.0554343333988734,0.4906472131761058
2022-08-18 12:30:00+00:00,08:30,3.091791387803413,42.623898778986444,600,1.4946710325687538,0.07253656930434679
2022-08-18 14:00:00+00:00,10:00,12.257145233269108,59.350185045766295,600,1.4571921429057488,0.20652244342317283
2022-08-22 12:30:00+00:00,08:30,1.88953956934805,11.77411684437489,600,1.5015959201220737,0.16048248835332238
2022-08-23 13:45:00+00:00,09:45,-1.1133490712696759,19.920019254861238,563,1.9286136697322243,-0.05589096360928349
2022-08-23 14:00:00+00:00,10:00,9.405905502491548,35.75034902341491,600,2.184949226484593,0.2630996832039623
2022-08-24 11:00:00+00:00,07:00,1.1378435093625712,6.149157008794194,323,2.112595920762033,0.185040568607256
2022-08-24 12:30:00+00:00,08:30,7.676378177932312,43.83506176233742,600,2.1475541183058864,0.17511959306802594
2022-08-24 14:00:00+00:00,10:00,-2.179119581380381,29.921795269966385,600,1.755179552202018,-0.07282716701051839
2022-08-25 12:30:00+00:00,08:30,-8.27026326296224,31.773926930469475,600,1.2121219977678648,-0.2602845811617797
2022-08-25 15:00:00+00:00,11:00,13.476952442025862,30.075785481429335,74,2.3620441605315587,0.44809976618390807
2022-08-26 12:30:00+00:00,08:30,-4.913720243826023,22.813975551998016,600,1.5145443680850998,-0.21538202461147488
2022-08-26 14:00:00+00:00,10:00,-5.145876415719701,34.096081528161484,600,3.379807616101653,-0.1509228094574296
2022-08-29 14:30:00+00:00,10:30,-2.3634823101541627,14.58753838572431,77,1.8547519191957524,-0.16202064033415803
2022-08-30 13:00:00+00:00,09:00,-1.205354115512301,6.587951909963733,119,2.577048259634435,-0.18296340531710661
2022-08-30 14:00:00+00:00,10:00,0.08871024815936157,31.132150332797398,600,1.402444188235227,0.0028494738465240626
2022-08-31 11:00:00+00:00,07:00,-0.6924119202029626,8.05802897350554,324,1.5785075622828302,-0.08592819937475825
2022-08-31 12:15:00+00:00,08:15,2.483778735521115,11.00021938087422,76,1.1931252958988023,0.22579356370288334
2022-08-31 13:45:00+00:00,09:45,0.40105348123942997,19.412698025353237,564,2.036498763654384,0.020659337548837822
2022-09-01 11:30:00+00:00,07:30,1.6990744421847173,10.4301754355148,78,1.344441725478368,0.16289989106025582
2022-09-01 12:30:00+00:00,08:30,-7.510523924300253,12.647723550140658,600,1.42204976725726,-0.5938241687941327
2022-09-01 13:45:00+00:00,09:45,1.7878020906378558,18.92093030129383,564,1.7277323295213631,0.0944880649190703
2022-09-01 14:00:00+00:00,10:00,1.8297684487723125,16.83047714583788,600,2.4640812266857575,0.10871756236719694
2022-09-02 12:30:00+00:00,08:30,-0.11923213008228561,22.629232032148764,600,0.9893870679470289,-0.005268942839637493
2022-09-02 14:00:00+00:00,10:00,-6.870090691525429,23.666948227704122,600,2.199221152918264,-0.2902820687072539
2022-09-06 13:45:00+00:00,09:45,-1.603410952487039,21.927720856582265,564,1.1194394667710152,-0.07312255400249347
2022-09-06 14:00:00+00:00,10:00,4.023585901219367,26.77076713832574,600,0.756670421411708,0.15029774381994063
2022-09-07 11:00:00+00:00,07:00,-2.2016989094810424,11.79686939016948,325,3.065795764930535,-0.1866341684952241
2022-09-07 12:30:00+00:00,08:30,-1.4329508277613128,19.55889736656423,600,1.2440296889881346,-0.07326337476523243
2022-09-08 12:30:00+00:00,08:30,-3.2848742758824288,10.441646488255044,600,2.7133118644091967,-0.31459351545537534
2022-09-08 19:00:00+00:00,15:00,1.0375705954369643,26.070434067372258,80,1.3626323252664994,0.039798746455683584
2022-09-09 14:00:00+00:00,10:00,6.590053390686179,53.01901037383999,600,2.430234240152732,0.12429604672398345
2022-09-09 16:00:00+00:00,12:00,,,24,,
2022-09-13 10:00:00+00:00,06:00,1.0501266364290176,7.797337002214136,74,2.720415985035876,0.13467760033083384
2022-09-13 12:30:00+00:00,08:30,-14.988622780371639,35.24210842231742,600,1.0725571629786925,-0.42530437171233326
2022-09-13 18:00:00+00:00,14:00,-4.1894669309826345,16.947394210996098,172,1.275070251299319,-0.24720419427456009
2022-09-14 11:00:00+00:00,07:00,4.4118181985149185,5.678656595175993,326,1.6437460120010823,0.7769123074395358
2022-09-14 12:30:00+00:00,08:30,-1.7221720903513154,10.401053132072072,600,0.8379445203257188,-0.16557670348216255
2022-09-15 12:30:00+00:00,08:30,9.04314696947989,37.68365848451563,600,2.506672930077114,0.23997529255806616
2022-09-15 13:15:00+00:00,09:15,-6.579672957691913,23.509521046205425,66,2.1873914576606026,-0.2798726926320735
2022-09-15 14:00:00+00:00,10:00,-0.8253889226447257,29.499105613152864,600,1.0563522756919617,-0.027980133820623594
2022-09-16 14:00:00+00:00,10:00,5.972566672775733,9.280675931829705,600,5.656854249492378,0.6435486721707164
2022-09-16 20:00:00+00:00,16:00,-1.59555005820138,11.085136738509952,69,5.656854249492379,-0.14393598345597416
2022-09-19 14:00:00+00:00,10:00,3.386551040741204,10.817211847388101,600,0.9692083424214603,0.3130706034530435
2022-09-20 12:30:00+00:00,08:30,1.534457912456356,23.14867742627395,600,1.4394638824573303,0.06628706617660726
2022-09-21 11:00:00+00:00,07:00,0.4184752317993522,8.020066794167535,327,1.5487049613574613,0.05217852201725821
2022-09-21 14:00:00+00:00,10:00,-0.8425909325909064,24.209206122812915,600,1.907530359974109,-0.03480456683777469
2022-09-21 18:00:00+00:00,14:00,13.521634144177057,34.595596733433304,172,2.815767021427529,0.3908484148536077
2022-09-22 12:30:00+00:00,08:30,2.9469812676451665,10.115842351403797,600,1.9104257345447824,0.2913233683635063
2022-09-22 14:00:00+00:00,10:00,6.179656235657872,68.92866064901675,600,1.2487673511361832,0.08965292778753599
2022-09-22 15:00:00+00:00,11:00,8.358235797576633,32.56791334329498,75,2.832231273871003,0.25664020010963984
2022-09-23 13:45:00+00:00,09:45,4.029824551019174,13.222730600729676,567,1.2951044021018132,0.3047649288715596
2022-09-26 12:30:00+00:00,08:30,5.573071118176005,11.103198069471306,600,1.606823936908949,0.5019338647573433
2022-09-26 14:30:00+00:00,10:30,-4.414382602211546,15.892174185388788,78,1.4483165200740609,-0.2777708418442906
2022-09-27 12:30:00+00:00,08:30,1.9469644058357565,9.55125015576415,600,1.9635999235022192,0.20384393394416223
2022-09-27 13:00:00+00:00,09:00,-2.151390066150823,6.299093974238227,120,1.6880178046943826,-0.3415396047351395
2022-09-27 14:00:00+00:00,10:00,2.55716858069565,30.266870297781185,600,1.743088834073137,0.08448738027873044
2022-09-28 11:00:00+00:00,07:00,-1.8621919301501213,5.496736982409924,328,2.705817361080199,-0.33878134175044405
2022-09-28 12:30:00+00:00,08:30,-3.2074338481569558,15.217686216284369,600,1.4575912056857594,-0.21077013959748342
2022-09-28 14:00:00+00:00,10:00,2.408119274692544,25.709896299232984,600,1.9755705375702677,0.09366507148316995
2022-09-29 12:30:00+00:00,08:30,0.8088838456211256,8.527851461453379,600,2.2455711054568366,0.09485200924023478
2022-09-30 12:30:00+00:00,08:30,5.800779648613257,28.341709378685387,600,2.8130123991740015,0.20467289291223134
2022-09-30 13:45:00+00:00,09:45,3.384076345259556,19.934819926179557,568,1.5421289539811032,0.16975705613550043
2022-09-30 14:00:00+00:00,10:00,5.71939925788994,27.625865628922487,600,1.8397126516715063,0.2070305899085421
2022-10-03 13:45:00+00:00,09:45,2.283643620025015,20.465560807020992,568,1.1640481592828764,0.11158470767346769
2022-10-03 14:00:00+00:00,10:00,-0.7303253789723014,15.562278061755954,600,2.2227021476598194,-0.04692920766960618
2022-10-04 14:00:00+00:00,10:00,2.9953206696284065,9.755672173567838,600,0.9454183035098398,0.30703375598700133
2022-10-05 11:00:00+00:00,07:00,3.4834673964545013,10.310638407543282,329,1.9379423499405168,0.3378517661821978
2022-10-05 12:15:00+00:00,08:15,-2.0574743233751023,15.360999827743628,77,3.0381552879763376,-0.13394143261814775
2022-10-05 12:30:00+00:00,08:30,1.084633032773628,10.809621953635228,600,2.276273667623319,0.10033958980488404
2022-10-05 13:45:00+00:00,09:45,1.1687774961174517,29.204487462654914,568,1.0824222286574017,0.04002047622345778
2022-10-05 14:00:00+00:00,10:00,4.2679875085533485,38.67852043373218,600,2.4115195266429903,0.1103451595534964
2022-10-06 11:30:00+00:00,07:30,2.452641798943979,9.76376359558744,79,2.3130540823733496,0.251198400589339
2022-10-06 12:30:00+00:00,08:30,11.27466106529735,23.853475094641073,600,1.2208073446089664,0.4726632501370971
2022-10-07 12:30:00+00:00,08:30,-6.196396363538985,35.319495843169115,600,1.8360575048450052,-0.1754384148361898
2022-10-07 14:00:00+00:00,10:00,1.0584593212882276,32.6685095118219,600,0.9571324193564316,0.03239998815694968
2022-10-07 19:00:00+00:00,15:00,5.834267770417177,10.166883995508645,81,2.8381953351440528,0.5738501366785086
2022-10-11 10:00:00+00:00,06:00,-7.234028504802239,13.159397207166393,75,2.672349658357106,-0.5497233946903514
2022-10-12 11:00:00+00:00,07:00,4.675365080767757,9.709986013347372,330,2.0206330488761615,0.48150070188988825
2022-10-12 12:30:00+00:00,08:30,-2.1833583262517737,32.506486209767495,600,2.035969532948211,-0.06716685132199007
2022-10-12 18:00:00+00:00,14:00,2.2559236574091392,30.97185028355864,174,2.84674259850541,0.07283787170463925
2022-10-13 12:30:00+00:00,08:30,-16.321982247574702,36.79065710752891,600,0.9591170722392465,-0.4436447601321734
2022-10-14 12:30:00+00:00,08:30,-1.9284454916122153,13.092787726467343,600,1.3887844137013392,-0.14729067116194228
2022-10-14 14:00:00+00:00,10:00,6.491285475381297,27.06622372310645,600,2.5915811330668967,0.23982974284808278
2022-10-17 12:30:00+00:00,08:30,-1.06096645386804,21.853591029364118,600,2.5294401947563645,-0.04854883814941197
2022-10-18 13:15:00+00:00,09:15,-7.174701041795481,23.510293635894488,67,1.253536746372439,-0.30517275338668937
2022-10-18 14:00:00+00:00,10:00,2.284891962980236,31.773931026441982,600,1.6981554736651279,0.07191089956980046
2022-10-18 20:00:00+00:00,16:00,0.7445033613297276,10.565408517838849,69,2.9372431571038855,0.07046612159602661
2022-10-19 11:00:00+00:00,07:00,1.8714259635130677,5.290015371641137,331,1.714039382353403,0.35376569481167497
2022-10-19 12:30:00+00:00,08:30,-2.6756046104469893,15.001415315619733,600,2.353137735657441,-0.17835681195100994
2022-10-20 12:30:00+00:00,08:30,6.506005773047304,13.040892517417445,600,1.4421098594796338,0.49889267658313025
2022-10-20 14:00:00+00:00,10:00,-14.795529527369563,36.15976546194418,600,1.2078254001969466,-0.40917105900315925
2022-10-21 14:30:00+00:00,10:30,0.6826621349166871,19.466147295228676,79,1.721970003782485,0.03506919600284816
2022-10-24 12:30:00+00:00,08:30,10.098980700109877,40.672582171205384,600,1.2377372025598308,0.24829947254392826
2022-10-24 13:45:00+00:00,09:45,1.463926887999631,20.103654712509144,571,2.1209378849375176,0.07281894306952698
2022-10-25 13:00:00+00:00,09:00,-0.8854532024854882,8.491105117600634,121,1.701209143309049,-0.10428008960224654
2022-10-25 14:00:00+00:00,10:00,6.506572954876128,18.296475043077407,600,0.9551940212111438,0.3556189342240506
2022-10-26 11:00:00+00:00,07:00,1.293258129380058,8.79039621733733,332,1.936771192624607,0.14712171071758523
2022-10-26 12:30:00+00:00,08:30,-2.8477328366921384,18.128203371026792,600,1.1932330015349524,-0.15708853097066955
2022-10-26 14:00:00+00:00,10:00,3.9708266144008673,20.001253565759683,600,2.922791636476017,0.19852888726927392
2022-10-27 12:30:00+00:00,08:30,8.976785211741335,24.921249785612538,600,1.6457900916999766,0.36020606064964633
2022-10-27 15:00:00+00:00,11:00,-0.5474355215099618,18.894193446703223,76,2.4539419299469185,-0.028973743867615673
2022-10-28 12:30:00+00:00,08:30,8.462140293208364,20.011461288090036,600,1.394709137940515,0.42286468596097315
2022-10-28 14:00:00+00:00,10:00,2.0285762821623425,20.74741971458925,600,1.205126834230403,0.09777487080650711
2022-10-31 13:45:00+00:00,09:45,17.045401164851572,25.228659064137453,572,2.1504233874905876,0.6756364308351852
2022-10-31 14:30:00+00:00,10:30,-3.464318913783257,16.9425615897589,79,1.6688504823425088,-0.20447432906941884
2022-11-01 13:45:00+00:00,09:45,-2.2391159741118374,25.678907968744678,572,2.903584898645322,-0.08719669764918346
2022-11-01 14:00:00+00:00,10:00,0.6181984670749339,27.29249338949282,600,1.3582164009223057,0.022650860742277602
2022-11-02 11:00:00+00:00,07:00,2.7988629145721884,8.187152906392008,333,1.7712027819106158,0.34186034468551507
2022-11-02 12:15:00+00:00,08:15,-1.9528668368179611,10.46906995200743,78,2.3785562493071177,-0.18653680276952408
2022-11-02 18:00:00+00:00,14:00,-0.3850309214686667,20.529817793491205,175,1.7976167360485154,-0.018754716936198883
2022-11-03 11:30:00+00:00,07:30,1.2775003611935534,11.923393754206012,80,2.711705399167675,0.10714234449758998
2022-11-03 12:30:00+00:00,08:30,10.928186644837691,41.02629505665133,600,1.9018394159544185,0.2663703029909832
2022-11-03 13:45:00+00:00,09:45,3.7276401089573983,24.434426212440354,572,2.6040912279664004,0.1525568915164268
2022-11-03 14:00:00+00:00,10:00,7.7270202470794604,34.76684568742842,600,1.0848542642914831,0.22225255395756324
2022-11-04 12:30:00+00:00,08:30,-6.625362956820375,31.069254051245505,600,1.9151107339063018,-0.2132449960302403
2022-11-07 20:00:00+00:00,15:00,1.7728483844522356,12.361062351636027,82,2.61776221416232,0.14342200807826144
2022-11-08 11:00:00+00:00,06:00,-3.8632538640186964,10.371007917417057,76,2.4411610579595084,-0.3725051503943752
2022-11-09 12:00:00+00:00,07:00,0.4589038665448996,5.579367133931375,334,2.0511697537586784,0.08225016485365132
2022-11-09 15:00:00+00:00,10:00,-2.889751282214431,27.10223896193369,600,2.2122580343898726,-0.10662407951878869
2022-11-10 13:30:00+00:00,08:30,5.421592004321031,25.714394920687912,600,0.8797037330936804,0.21083879364235852
2022-11-10 19:00:00+00:00,14:00,3.327232703759301,18.917626449951726,175,1.117318334133887,0.1758800297998162
2022-11-11 15:00:00+00:00,10:00,-12.57457162722638,22.146294939799215,600,1.7368704227704996,-0.5677957266173925
2022-11-15 13:30:00+00:00,08:30,4.851476930921621,24.765826787591294,600,1.4701139803586774,0.1958940023497383
2022-11-16 12:00:00+00:00,07:00,3.022545380370677,12.575158883017677,335,2.721463496712123,0.24035842477127836
2022-11-16 13:30:00+00:00,08:30,-10.837248502717468,31.780818029609208,600,2.2643715985721053,-0.34099967133069825
2022-11-16 14:15:00+00:00,09:15,11.314739508440745,19.6751321147665,68,2.3812374751794723,0.5750781973122738
2022-11-16 15:00:00+00:00,10:00,-12.23881212259103,36.63230182126965,600,2.458486133258653,-0.33409891036344497
2022-11-16 21:00:00+00:00,16:00,-1.8646231122302392,9.620643046626345,70,2.642117862540774,-0.19381481083887667
2022-11-17 13:30:00+00:00,08:30,-5.2639426319474545,29.945108209625097,600,1.8232969506226833,-0.17578639539714513
2022-11-17 16:00:00+00:00,11:00,1.8206291941310144,19.057060781078683,77,1.0679866185037297,0.09553567651621678
2022-11-18 15:00:00+00:00,10:00,10.601633827270602,54.31211668120425,600,1.2923835861181663,0.19519831807511748
2022-11-21 13:30:00+00:00,08:30,-2.765214228760311,8.380987986955635,600,0.9849543459343557,-0.3299389323865104
2022-11-22 15:00:00+00:00,10:00,-6.689111855275529,20.728377243798935,600,2.4679293531196365,-0.32270311257851275
2022-11-23 12:00:00+00:00,07:00,-3.5594800732236127,13.031812950399488,336,1.1268155148852554,-0.2731377504243949
2022-11-23 13:30:00+00:00,08:30,-4.6814680649185005,13.331873793503316,600,1.2184467907379182,-0.351148543515301
2022-11-23 14:45:00+00:00,09:45,1.1269391356338807,26.778281998217114,575,0.8475876822342138,0.04208407155130086
2022-11-23 15:00:00+00:00,10:00,-1.5527203852169378,18.556850000917628,600,1.6972679295181343,-0.08367370459642431
2022-11-23 19:00:00+00:00,14:00,9.03237278894066,34.63323546870966,176,2.7850767753655292,0.26080072123498843
2022-11-28 15:30:00+00:00,10:30,2.6131051761867123,18.080543032341986,81,2.271371936057475,0.14452581272102616
2022-11-29 14:00:00+00:00,09:00,-1.492851526997657,6.11317653944275,122,2.239739433626289,-0.24420226004690823
2022-11-29 15:00:00+00:00,10:00,9.521620822080061,40.515540228441296,600,1.7337654654507066,0.23501157255694266
2022-11-30 12:00:00+00:00,07:00,2.001552665323366,12.09873856416922,337,1.6023466422021144,0.16543482237487342
2022-11-30 13:15:00+00:00,08:15,5.344675180579457,7.478193939531879,79,2.8354347564007116,0.714701333476519
2022-11-30 13:30:00+00:00,08:30,2.158913403304579,19.542228776696373,600,2.303839313286572,0.11047426718691526
2022-11-30 14:45:00+00:00,09:45,13.885856137270169,27.077320521769426,576,2.5581157355029243,0.5128223867685253
2022-11-30 15:00:00+00:00,10:00,20.531297112458258,61.308558162988135,600,2.0006843885301326,0.3348846837643128
2022-12-01 12:30:00+00:00,07:30,-3.067439854451985,10.898301966526562,81,2.138396076292588,-0.2814603471140211
2022-12-01 13:30:00+00:00,08:30,-2.0817490369196596,15.498255093980358,600,2.283463698380568,-0.13432151066659284
2022-12-01 14:45:00+00:00,09:45,24.949961422117166,100.59140289707929,576,0.8067332121499354,0.24803274140281026
2022-12-01 15:00:00+00:00,10:00,-0.16355825416514969,29.549655889155783,600,2.276496918963679,-0.005535030755643174
2022-12-02 13:30:00+00:00,08:30,-25.799969945005145,34.83596023156124,600,1.289855928014479,-0.7406131415212284
2022-12-05 14:45:00+00:00,09:45,13.835448352143555,40.42947215062042,576,1.6575811580634665,0.3422119462900591
2022-12-05 15:00:00+00:00,10:00,13.320451093153745,32.7921975306305,600,1.540794651593111,0.4062079426275531
2022-12-06 13:30:00+00:00,08:30,0.148535340920684,19.26254545016769,600,1.679224397856433,0.007711096194682356
2022-12-07 12:00:00+00:00,07:00,-2.3075001113882485,13.127492480482532,338,1.5835536829215282,-0.1757761518293729
2022-12-07 13:30:00+00:00,08:30,9.60828248802076,31.63781119769932,600,1.5752069417862185,0.3036961826461455
2022-12-07 20:00:00+00:00,15:00,3.51068071251723,10.560928153334531,83,2.1880162356598625,0.3324216074141892
2022-12-08 13:30:00+00:00,08:30,-4.669893700435695,25.39339040517176,600,2.2231650589445486,-0.18390193770598662
2022-12-09 13:30:00+00:00,08:30,-25.888382101927384,36.39876888284145,600,1.05324957481107,-0.7112433441157205
2022-12-09 15:00:00+00:00,10:00,-10.63158111373021,21.56617766150245,600,2.3520932118790925,-0.4929747533661716
2022-12-09 17:00:00+00:00,12:00,,,25,,
2022-12-12 19:00:00+00:00,14:00,-3.463514283493007,16.10437690839806,177,2.15089198323326,-0.2150666432606197
2022-12-13 11:00:00+00:00,06:00,0.8006238904015334,7.39143034049314,77,1.9634468050805232,0.1083178564256235
2022-12-13 13:30:00+00:00,08:30,4.765665705969009,31.079062931377564,600,2.1359625680069674,0.15334007066080396
2022-12-14 12:00:00+00:00,07:00,-2.884471227759488,6.420241685474949,339,1.331093068527668,-0.44927767038509925
2022-12-14 13:30:00+00:00,08:30,2.054110546916924,11.099026063938785,600,2.1219147681895745,0.1850712427454169
2022-12-14 19:00:00+00:00,14:00,17.18727952548261,35.263390352584544,178,1.5210701408247616,0.4873972511897997
2022-12-15 13:30:00+00:00,08:30,-9.240583548775804,15.423838372208001,600,1.221281472706733,-0.5991105019244939
2022-12-15 14:15:00+00:00,09:15,-19.739946154536383,70.98598824154185,69,1.985970155395619,-0.2780822898086292
2022-12-15 15:00:00+00:00,10:00,11.410019135424745,46.505622928981474,600,0.8739300103971613,0.24534708744465017
2022-12-15 21:00:00+00:00,16:00,-1.9368039841242901,8.256672385784137,71,1.5377608112875323,-0.23457440160263204
2022-12-16 14:45:00+00:00,09:45,-3.395927491266261,21.84729888875783,577,5.656854249492379,-0.15543923798349896
2022-12-19 15:00:00+00:00,10:00,-15.838050634061121,33.94939595671974,600,1.9829553037603178,-0.4665193647112956
2022-12-20 13:30:00+00:00,08:30,5.238828531015952,23.501194461948497,600,2.7410709319394204,0.22291754316991416
2022-12-21 12:00:00+00:00,07:00,1.916165832251084,13.369293626653358,340,1.5478974622946549,0.1433258843556976
2022-12-21 13:30:00+00:00,08:30,4.6985424149963295,15.620622803964624,600,1.6090158286954153,0.3007909783087398
2022-12-21 15:00:00+00:00,10:00,4.002962356358034,24.767281869126812,600,2.6761986077077373,0.1616229983374902
2022-12-22 13:30:00+00:00,08:30,-9.868166311144954,28.605630982754622,600,1.5467917978474983,-0.34497285926306404
2022-12-22 15:00:00+00:00,10:00,-9.742552814288862,30.31342366193583,600,1.4487669707769115,-0.3213940108824612
2022-12-22 16:00:00+00:00,11:00,2.7780271091777458,16.170394487162042,78,2.4351016545504183,0.17179711424995042
2022-12-23 13:30:00+00:00,08:30,5.771156137201023,25.80265998746352,600,3.1178502911730104,0.22366516242918355
2022-12-23 15:00:00+00:00,10:00,6.67589576403805,32.873852709308856,600,1.794952425530844,0.20307615973918516
2022-12-27 13:30:00+00:00,08:30,0.9388032631976984,10.90010140260092,600,1.2611909471818814,0.08612793849547917
2022-12-27 14:00:00+00:00,09:00,-3.2839512029638334,7.052281579002567,123,1.2450673224034199,-0.4656579812044737
2022-12-27 15:30:00+00:00,10:30,-1.8093792674107967,14.654190778832868,82,0.9510374862989289,-0.12347179688859657
2022-12-28 15:00:00+00:00,10:00,-7.691979054477857,35.55652664204787,600,1.6924403176524698,-0.21633100251647186
2022-12-29 13:30:00+00:00,08:30,4.189708663440036,14.56038191423106,600,1.350027707919753,0.28774716818005225
2022-12-30 14:45:00+00:00,09:45,14.63838025044787,32.407640557254844,580,2.3243866707370135,0.4516953409362253
2023-01-03 14:45:00+00:00,09:45,-6.283312362740104,20.28561441055173,580,2.2485160983935977,-0.30974227526831954
2023-01-03 15:00:00+00:00,10:00,8.74243386339537,36.33080964559686,600,1.1412633002189483,0.24063416006075483
2023-01-04 12:00:00+00:00,07:00,-2.2948935302353584,8.559685402754834,342,2.6611214867232422,-0.2681048919738071
2023-01-04 15:00:00+00:00,10:00,-16.40819596330167,49.7391094552902,600,2.445097056726732,-0.329885197845184
2023-01-04 19:00:00+00:00,14:00,10.082175299198328,17.078952636723965,180,2.123162718867462,0.5903274933568913
2023-01-05 12:30:00+00:00,07:30,1.8080437994405405,11.944793447913884,82,1.6957523710638873,0.15136668602304787
2023-01-05 13:15:00+00:00,08:15,2.609692204708463,16.560954798658095,80,4.050180994971292,0.15758102334292476
2023-01-05 13:30:00+00:00,08:30,-3.2943488641853618,11.849664556485559,600,1.9824870688451341,-0.2780119933759896
2023-01-05 14:45:00+00:00,09:45,26.046145960110668,105.93419909856716,580,0.8087780612027633,0.24587098577935027
2023-01-06 13:30:00+00:00,08:30,16.94373503536925,28.526277607210382,600,1.3356058523647036,0.593969366374199
2023-01-06 15:00:00+00:00,10:00,5.297787907017957,31.7003820623152,600,1.344190477564613,0.1671206326978584
2023-01-09 20:00:00+00:00,15:00,0.7460871198362902,20.919677580127086,84,1.6306958049794549,0.035664369920550075
2023-01-10 11:00:00+00:00,06:00,6.197082343797829,8.622727791004833,78,1.6336503911613411,0.7186916361041318
2023-01-10 15:00:00+00:00,10:00,-5.663485670731094,24.33625480605021,600,2.4666260887019984,-0.2327180462181511
2023-01-11 12:00:00+00:00,07:00,-0.6121649557320418,5.5236951145846795,343,1.960937807548688,-0.11082526153836603
2023-01-12 13:30:00+00:00,08:30,-13.838415699160283,38.112846022994994,600,2.098452109690269,-0.363090588690517
2023-01-12 19:00:00+00:00,14:00,-2.2500565802667936,17.679583548843393,180,0.9826502867350081,-0.12726864148414815
2023-01-13 13:30:00+00:00,08:30,-4.268168868470605,11.771237560690876,600,2.2296048996678417,-0.3625930448234109
2023-01-13 15:00:00+00:00,10:00,1.6260132007256216,15.345527785180458,600,0.9939054879221513,0.10596007015776292
2023-01-17 13:30:00+00:00,08:30,-0.573843098900398,17.593890877679023,600,1.5283833273985274,-0.0326160428577183
2023-01-18 12:00:00+00:00,07:00,4.738606520319552,10.70516237776968,343,1.9173431360355584,0.4426468607482062
2023-01-18 13:30:00+00:00,08:30,24.987588788147505,46.638003151722664,600,1.5361253363264233,0.5357774154021545
2023-01-18 14:15:00+00:00,09:15,-4.800728125103618,18.463557116336148,70,3.110003144255933,-0.260011009517556
2023-01-18 15:00:00+00:00,10:00,-4.384929620436999,31.230643037779835,600,2.8574522982497457,-0.14040471773612
2023-01-18 21:00:00+00:00,16:00,-3.138900144680139,11.056624928252072,72,1.8193756009905961,-0.2838931559177312
2023-01-19 13:30:00+00:00,08:30,-0.45395330970171704,17.294796937944973,600,3.0221902072050364,-0.02624796991433525
2023-01-20 15:00:00+00:00,10:00,0.7901144504101021,27.145149019526155,600,2.3095957474294027,0.029107022025989023
2023-01-23 15:00:00+00:00,10:00,9.934477637941022,85.1533881682818,600,1.463869332982202,0.11666567651199401
2023-01-24 13:30:00+00:00,08:30,-1.8147201562640467,13.134127045603895,600,3.0035072181475053,-0.13816831145024208
2023-01-24 14:45:00+00:00,09:45,1.2091164560003287,23.47522000626472,582,1.912727513287344,0.051506075584282385
2023-01-24 15:00:00+00:00,10:00,9.373219521267623,15.910395395413776,600,1.7102079485156245,0.5891254923789943
2023-01-25 12:00:00+00:00,07:00,0.6414398415600946,7.621521710204001,344,1.7809683793009443,0.08416164985809974
2023-01-26 13:30:00+00:00,08:30,-3.6709758324126147,14.606371679057874,600,2.3003199237146896,-0.25132701762450266
2023-01-26 15:00:00+00:00,10:00,4.043734827939452,32.23605467325738,600,1.0570462524168651,0.12544136895555283
2023-01-26 16:00:00+00:00,11:00,-1.2841444551194998,19.58977458452912,79,1.3812258303274725,-0.06555177292002345
2023-01-27 13:30:00+00:00,08:30,0.03937858297194538,10.087977197930222,600,3.0424569846618486,0.003903516254975754
2023-01-27 15:00:00+00:00,10:00,-19.579812526135672,41.49565160868533,600,1.4295298837711832,-0.4718521523840219
2023-01-27 16:09:00+00:00,11:09,,,0,,
2023-01-30 15:30:00+00:00,10:30,-0.915823542707664,16.75034793839173,83,1.9971883806924782,-0.05467489666937605
2023-01-31 13:30:00+00:00,08:30,-4.66940550715052,27.490127115867125,600,1.6026336774902,-0.16985754512773313
2023-01-31 14:00:00+00:00,09:00,-0.9066268787999338,6.510381197986687,124,1.5810261431830501,-0.13925864726328235
2023-01-31 14:45:00+00:00,09:45,1.861015136487906,22.60006342176267,583,1.351617539515226,0.08234557141533712
2023-01-31 15:00:00+00:00,10:00,7.232751564714642,24.53560211571338,600,1.9439885981894105,0.294785982043724
2023-01-31 15:30:00+00:00,10:30,-0.9739786160715578,13.02759525437511,83,2.1802433164862642,-0.07476273226591551
2023-02-01 12:00:00+00:00,07:00,3.8303393759757443,5.693207411220635,345,2.361327872451292,0.6727911174334876
2023-02-01 13:15:00+00:00,08:15,-2.049841008901926,12.693203375800078,81,2.905494438491791,-0.1614912286688797
2023-02-01 14:45:00+00:00,09:45,-3.7427414473967797,25.828602987441812,583,1.8882725568591319,-0.14490684800941603
2023-02-01 15:00:00+00:00,10:00,-12.534894015946065,35.96808359721548,600,1.602416550713868,-0.3485004693693625
2023-02-01 19:00:00+00:00,14:00,-6.6525343744128005,29.182635761798497,181,2.477827492310612,-0.2279620809002213
2023-02-02 12:30:00+00:00,07:30,3.9817782258533807,11.204379275690709,83,2.6507951925637356,0.3553769582302826
2023-02-02 13:30:00+00:00,08:30,5.676152828877476,20.106922806131223,600,1.1514518850171347,0.28229843440522095
2023-02-02 15:00:00+00:00,10:00,-6.056390818565092,23.139252981495083,600,1.2931331230133702,-0.26173666122275024
2023-02-03 13:30:00+00:00,08:30,-11.951061609013054,38.05158665081415,600,0.9748950441302512,-0.31407525049306584
2023-02-03 14:45:00+00:00,09:45,-2.016608610710489,24.765035709323147,583,1.0150879381525095,-0.08142966698615776
2023-02-03 15:00:00+00:00,10:00,-3.465188282541295,17.806879176127886,600,2.322626976881573,-0.19459829250634597
2023-02-07 13:30:00+00:00,08:30,-7.180681237441438,18.784538831142722,600,1.1474371228348648,-0.3822655057965357
2023-02-07 20:00:00+00:00,15:00,-0.2944674044808504,6.048568521911337,85,2.458526048279228,-0.048683817239421674
2023-02-08 12:00:00+00:00,07:00,-0.11756755638510896,13.077390539457976,346,1.5559904346451132,-0.008990138822449041
2023-02-08 15:00:00+00:00,10:00,-3.1022594671706507,15.034855233892241,600,1.5133384042095182,-0.20633783424647809
2023-02-09 13:30:00+00:00,08:30,4.400532781936082,32.10741516657225,600,1.6960410461571156,0.13705658830230516
2023-02-10 15:00:00+00:00,10:00,7.729659160529471,23.369709100151642,600,2.6048335435392898,0.3307554718547744
2023-02-10 19:00:00+00:00,14:00,-5.192817210228767,18.0591032470954,182,1.8016923805362781,-0.287545684809348
2023-02-14 11:00:00+00:00,06:00,-1.5404294388626205,9.33600565302552,79,2.9578400447001405,-0.16499876886464968
2023-02-14 13:30:00+00:00,08:30,-4.344163751315449,45.30596651297482,600,1.6560707907592986,-0.09588502543194521
2023-02-15 12:00:00+00:00,07:00,0.7267385328677567,6.495464345622826,347,2.376851730485947,0.11188400000340122
2023-02-15 13:30:00+00:00,08:30,8.155373207741528,24.15406087456157,600,1.531796915819768,0.33763983829032057
2023-02-15 14:15:00+00:00,09:15,-2.9407818990699846,18.039956331371666,71,1.4215776007195189,-0.16301491228977838
2023-02-15 15:00:00+00:00,10:00,-13.523832018954328,21.616503155575096,600,2.059981423461886,-0.6256253345706568
2023-02-15 21:00:00+00:00,16:00,1.3202472681343322,8.026107084674017,73,1.678674900678014,0.16449410083941765
2023-02-16 13:30:00+00:00,08:30,0.3005716185865933,37.96874986611269,600,1.5775126074980508,0.007916289570936205
2023-02-17 13:30:00+00:00,08:30,-5.9796403584591244,19.152709589129163,600,1.9743743498504283,-0.31220858493323017
2023-02-17 15:00:00+00:00,10:00,9.590531539286783,48.10441027984715,600,1.9962551849141719,0.19936906997703363
2023-02-21 13:30:00+00:00,08:30,3.7940036980644716,8.96341054015408,600,2.0819581786625743,0.42327679637880933
2023-02-21 14:45:00+00:00,09:45,9.308740934163108,38.633884868369584,585,1.9384666171284883,0.24094757661258084
2023-02-21 15:00:00+00:00,10:00,-0.08788639240788318,19.751830579491163,600,1.3003245210718062,-0.004449531503127507
2023-02-22 12:00:00+00:00,07:00,-1.8059286651579456,5.504263709331529,348,1.4021542586071167,-0.3280963196033477
2023-02-22 19:00:00+00:00,14:00,-2.8193777490834524,12.551082382114693,183,1.6629541363418077,-0.22463223993343148
2023-02-23 13:30:00+00:00,08:30,9.2985159389818,21.59135367398484,600,1.948357413574301,0.4306592388501083
2023-02-23 16:00:00+00:00,11:00,2.181553684805109,19.08977981902794,80,1.0301762329589188,0.11427861952763974
2023-02-24 13:30:00+00:00,08:30,-8.080124884807978,45.23923570139636,600,1.2593949945425351,-0.1786087841567707
2023-02-24 15:00:00+00:00,10:00,5.676650420265098,31.778269637230746,600,1.2415598355216135,0.17863308748612464
2023-02-24 16:00:00+00:00,11:00,5.668463156836325,14.161590185188054,80,3.1145455854965687,0.4002702438575794
2023-02-27 13:30:00+00:00,08:30,15.893719122339524,26.23539227125935,600,1.0933055837821675,0.6058121394948974
2023-02-27 15:00:00+00:00,10:00,-6.40798894596452,28.019887322342772,600,1.7206129338853964,-0.22869431529993536
2023-02-27 15:30:00+00:00,10:30,-7.382687131554474,21.174128230031446,85,2.150947095794298,-0.3486654586838454
2023-02-28 13:30:00+00:00,08:30,-6.345038147363909,15.189322686237373,600,1.9664215440571156,-0.41773015679711467
2023-02-28 14:00:00+00:00,09:00,-6.204110751781498,10.157784858505707,125,2.0740367782875113,-0.6107739864746627
2023-02-28 14:45:00+00:00,09:45,-9.488680977080273,33.948350322880714,587,0.7395740633454245,-0.27950344823338985
2023-02-28 15:00:00+00:00,10:00,8.634656763577222,23.867047633098444,600,1.783831402317047,0.36178151970513595
2023-02-28 15:30:00+00:00,10:30,0.09245079533514755,19.343651589975646,85,1.9043581976985229,0.004779386916948908
2023-03-01 12:00:00+00:00,07:00,3.4798385030203636,14.873010377130482,349,2.1911030995837373,0.23397001782309956
2023-03-01 14:45:00+00:00,09:45,5.517580243979007,25.55293417600894,587,1.5585013749503385,0.21592746281009623
2023-03-01 15:00:00+00:00,10:00,-2.2884126265237876,20.93597015522824,600,1.4614727129660863,-0.10930530610984432
2023-03-02 13:30:00+00:00,08:30,-4.977663589137164,15.611253506615832,600,1.8924318033721206,-0.3188509870157255
2023-03-03 14:45:00+00:00,09:45,-12.735384884284114,33.212940813014214,587,1.0493985677525715,-0.38344646913331626
2023-03-03 15:00:00+00:00,10:00,7.401181025972293,14.811629615169013,600,2.0667167375358546,0.49968715247865314
2023-03-06 15:00:00+00:00,10:00,1.6436867992994708,35.644906951258115,600,2.2877910939553403,0.046112809371254525
2023-03-07 15:00:00+00:00,10:00,-5.233877669891703,33.699982026197766,600,3.007536856567165,-0.15530802555986467
2023-03-07 20:00:00+00:00,15:00,4.499840714500555,29.35391212616445,86,1.8875973061310283,0.15329611586898653
2023-03-08 12:00:00+00:00,07:00,-3.191528160153383,5.371249350722621,350,1.5734039467935066,-0.5941873020145696
2023-03-08 13:15:00+00:00,08:15,2.427901471061645,12.153745157486478,82,1.650556521660682,0.19976570510581287
2023-03-08 13:30:00+00:00,08:30,3.6187771639591833,11.14263267222664,600,2.018135867500952,0.32476859557428456
2023-03-08 15:00:00+00:00,10:00,-4.6170387186168185,34.12493762019998,600,3.0951632951276307,-0.1352980852303097
2023-03-09 12:30:00+00:00,07:30,0.5851784791711097,18.014604762121902,84,1.9012625550813542,0.032483559139833314
2023-03-09 13:30:00+00:00,08:30,23.2195967003891,50.069932090627326,600,1.3666578849785114,0.4637433232056573
2023-03-09 17:00:00+00:00,12:00,,,26,,
2023-03-10 13:30:00+00:00,08:30,12.301145947704496,48.990987255434966,600,1.963816478268653,0.25108997872542016
2023-03-10 19:00:00+00:00,14:00,-4.433543193549246,18.296048825933227,184,1.84868982357032,-0.2423224399830549
2023-03-14 10:00:00+00:00,06:00,1.1551042082579228,8.998520558577992,80,2.149985078203036,0.1283660131394377
2023-03-14 12:30:00+00:00,08:30,-5.478996275367884,13.69387326397295,600,2.5508139043154032,-0.4001056654863683
2023-03-15 11:00:00+00:00,07:00,1.5771955913790596,16.71080165703401,351,1.1678761729659575,0.09438180308454423
2023-03-15 12:30:00+00:00,08:30,0.7571497926722398,17.411989563550623,600,2.334813360881168,0.0434843927460891
2023-03-15 14:00:00+00:00,10:00,-4.2709174224360105,19.51961486000671,600,1.5527498459746611,-0.2188013161666727
2023-03-15 20:00:00+00:00,16:00,-0.7836762899053551,11.732860897316831,74,1.6855469467499367,-0.0667932822833153
2023-03-16 12:30:00+00:00,08:30,-1.9949781930222619,10.14097938868011,600,1.4143591270802807,-0.1967244105879123
2023-03-17 13:15:00+00:00,09:15,4.595974248368816,22.910134649221174,72,5.656854249492379,0.2006087837866573
2023-03-17 14:00:00+00:00,10:00,-0.04680563760416517,15.587374013890573,600,5.656854249492378,-0.0030027917186342405
2023-03-21 12:30:00+00:00,08:30,-3.0968572564288332,7.767024327091313,600,3.5045106345560737,-0.39871862453514173
2023-03-21 14:00:00+00:00,10:00,8.34678675253365,24.392610872716578,600,2.0288361319123283,0.3421850492383998
2023-03-22 11:00:00+00:00,07:00,-2.151955002478726,13.08682750570208,352,1.1864560343412343,-0.16443672093493206
2023-03-22 18:00:00+00:00,14:00,8.59972900170583,21.111325210746983,185,2.2832951955260854,0.4073514531114338
2023-03-23 12:30:00+00:00,08:30,6.402695998820407,17.66850668081625,600,2.952781713645676,0.362379012243983
2023-03-23 14:00:00+00:00,10:00,10.10501304954014,25.84646571469866,600,2.392341925434924,0.39096304930362324
2023-03-23 15:00:00+00:00,11:00,3.4488595133328492,25.86048244477267,82,1.4414342218534135,0.13336408246436204
2023-03-24 12:30:00+00:00,08:30,-2.823877096675881,11.224894010100105,600,2.1797507562161327,-0.2515727181151974
2023-03-24 13:45:00+00:00,09:45,-4.180339394003944,19.035365033511287,591,1.9474849264072795,-0.21960910056857647
2023-03-24 15:00:00+00:00,11:00,-1.493603221523773,20.905558549419087,82,1.4039823466074568,-0.07144526743894515
2023-03-27 14:30:00+00:00,10:30,-2.371705599331407,18.899180986286694,87,2.66269984417006,-0.12549250684737737
2023-03-28 12:30:00+00:00,08:30,-1.3663224819152422,13.009489181463174,600,1.8218257970329848,-0.10502506769151809
2023-03-28 13:00:00+00:00,09:00,-0.4903510122355479,9.467453158560653,126,2.2014365211137314,-0.05179333914022728
2023-03-28 14:00:00+00:00,10:00,-12.488586593221912,38.23421721389794,600,1.5403620615287503,-0.32663377213545713
2023-03-28 14:30:00+00:00,10:30,-7.208235319122996,18.838288120399096,87,2.196089237604592,-0.38263749195541485
2023-03-29 11:00:00+00:00,07:00,-1.6513603139315551,6.300074032626492,353,2.820097811715159,-0.26211760455187944
2023-03-29 14:00:00+00:00,10:00,-1.0211614029972633,28.729843471226584,600,2.836572295100517,-0.03554357697841178
2023-03-30 12:30:00+00:00,08:30,4.19489109353572,15.309574420202352,600,1.0400741401801696,0.27400442222614535
2023-03-31 12:30:00+00:00,08:30,12.719965077187771,26.155667507399055,600,1.31096194558646,0.4863177387306013
2023-03-31 13:45:00+00:00,09:45,-2.0253566006504986,20.1496587932857,591,1.4657636503334075,-0.10051567728409332
2023-03-31 14:00:00+00:00,10:00,10.608095227494271,14.862845580156344,600,1.9837987674909008,0.7137324525296376
2023-04-03 13:45:00+00:00,09:45,8.263121342497692,17.570430075523053,591,0.7045732694540009,0.4702856621596787
2023-04-03 14:00:00+00:00,10:00,6.2491557145410335,16.15258085907344,600,0.7764590153080794,0.3868828002820785
2023-04-04 14:00:00+00:00,10:00,7.0312865735320536,32.05683802948901,600,2.4967423350145608,0.2193381195944525
2023-04-05 11:00:00+00:00,07:00,-2.4776467153933397,7.493248073660402,354,1.134109865318966,-0.3306505658210547
2023-04-05 12:15:00+00:00,08:15,-2.12331717769895,7.425961392623261,83,3.314323879255909,-0.28593162089533525
2023-04-05 12:30:00+00:00,08:30,3.5167656607416884,24.363429656938195,600,3.070633194021182,0.14434608387494358
2023-04-05 13:45:00+00:00,09:45,-0.7801587408655596,23.294023763623233,591,0.9054975513394802,-0.03349179810161793
2023-04-05 14:00:00+00:00,10:00,3.4323739228552625,16.697974369015007,600,1.172065057592047,0.20555630563336014
2023-04-06 11:30:00+00:00,07:30,1.7633475632933318,14.850354889097407,85,3.659022414818594,0.11874110595080241
2023-04-06 12:30:00+00:00,08:30,4.212119925815802,30.18206109269461,600,1.0413337771674827,0.13955706712273938
2023-04-07 12:30:00+00:00,08:30,-8.778354078989816e-09,0.00043542606689167817,600,0.0,-2.0160377952690703e-05
2023-04-07 19:00:00+00:00,15:00,6.629226145083765,18.36885398390009,87,5.656854249492378,0.36089492305258347
2023-04-10 14:00:00+00:00,10:00,-20.573486033291893,40.32373838162171,600,1.2457765640753915,-0.5102078046084298
2023-04-11 10:00:00+00:00,06:00,-0.2328578829519813,12.637561341889446,81,3.2683153926395057,-0.018425855800211423
2023-04-12 11:00:00+00:00,07:00,-1.369610137722448,9.341135809268286,355,2.0630936796009878,-0.14662137085765517
2023-04-12 12:30:00+00:00,08:30,27.71977644703757,44.61614335559073,600,1.4483482057990582,0.6212947682660716
2023-04-12 18:00:00+00:00,14:00,-5.9010230161410515,26.53561486027931,187,2.038946768209217,-0.2223812429903099
2023-04-13 12:30:00+00:00,08:30,5.652855484284865,33.36050168759607,600,1.6643172203704688,0.169447556191479
2023-04-14 12:30:00+00:00,08:30,5.90686908972892,8.623404704061496,600,1.549024966031381,0.6849810825817871
2023-04-14 13:15:00+00:00,09:15,-1.6963856751402222,17.551665459327598,72,1.9459360450071101,-0.09665098044805205
2023-04-14 14:00:00+00:00,10:00,-9.860823426177662,23.261935798257667,600,2.1871159007773957,-0.42390381917038233
2023-04-17 12:30:00+00:00,08:30,6.432373297396477,45.0022642895118,600,1.4200078049485723,0.142934436721123
2023-04-17 14:00:00+00:00,10:00,12.91972142281686,23.680100968237127,600,2.824042601327564,0.5455940175317028
2023-04-17 20:00:00+00:00,16:00,-2.8467097022088774,13.266463760395194,75,1.7054851066275094,-0.2145793900788583
2023-04-18 12:30:00+00:00,08:30,5.681691414767904,20.844108821279143,600,2.690273879387976,0.27258020304363556
2023-04-19 11:00:00+00:00,07:00,3.534803939204495,6.7301943236482265,356,1.9264527052040157,0.5252157321496758
2023-04-20 12:30:00+00:00,08:30,5.017996068996229,22.235338735747007,600,1.9740048452504546,0.2256766190356689
2023-04-20 14:00:00+00:00,10:00,8.553353399991364,32.137837691708356,600,1.5925728908946593,0.2661458895287828
2023-04-21 13:45:00+00:00,09:45,-8.191737020764966,17.33143611997033,593,1.6441062550639627,-0.47265194667428345
2023-04-24 12:30:00+00:00,08:30,-6.9627947017293605,18.062143032046173,600,2.1708882265640104,-0.38549106212789075
2023-04-24 14:30:00+00:00,10:30,-1.3547886645292662,10.635810750242259,89,2.0394061710626854,-0.12737991454938283
2023-04-25 12:30:00+00:00,08:30,-1.6716073932047841,22.36925381059943,600,1.5432681328290334,-0.07472790140244691
2023-04-25 13:00:00+00:00,09:00,3.4191948894767323,12.881375781076887,127,2.5087414696735584,0.26543708898700313
2023-04-25 14:00:00+00:00,10:00,20.482738770633173,40.70509287893596,600,2.640234725529924,0.5031984285492828
2023-04-25 14:30:00+00:00,10:30,-0.9006012126808294,11.966174229460101,89,1.6724280180746094,-0.07526225136047207
2023-04-26 11:00:00+00:00,07:00,0.9798227741477025,7.449258860462132,357,2.2673590957535246,0.13153292059002455
2023-04-26 12:30:00+00:00,08:30,-2.8836710106713794,9.155739018997581,600,2.1355346406483036,-0.31495775542399623
2023-04-27 12:30:00+00:00,08:30,5.396551462207725,11.148657536518442,600,1.9554076648621086,0.4840539270787384
2023-04-27 14:00:00+00:00,10:00,-0.4790381878492762,14.421077790377716,600,1.1974227835520355,-0.03321791857810437
2023-04-27 15:00:00+00:00,11:00,-5.416599658696213,19.512027929631504,84,1.2192997845301632,-0.277603111179972
2023-04-28 12:30:00+00:00,08:30,2.2855752251708656,12.866932881064358,600,1.8252125163043507,0.17763170495234618
2023-04-28 13:45:00+00:00,09:45,8.79667664959876,16.867360273420008,595,0.9075448856374094,0.5215206473926317
2023-04-28 14:00:00+00:00,10:00,6.78099551293261,15.854200969808407,600,0.9220507677158976,0.4277096982588935
2023-04-28 15:00:00+00:00,11:00,-0.8168041442031961,12.41098139384069,84,3.008634289594677,-0.06581301818795401
2023-05-01 13:45:00+00:00,09:45,-3.3338606017403074,20.945626668058235,595,0.8949395069645898,-0.1591673839400754
2023-05-01 14:00:00+00:00,10:00,2.059453414208268,17.492052393774127,600,1.564998468238636,0.11773652215570088
2023-05-02 14:00:00+00:00,10:00,10.395889440740683,25.64712061025211,600,2.0715891408994875,0.405343336537555
2023-05-03 11:00:00+00:00,07:00,1.1100180431672364,10.427925822019883,358,1.6170647038620076,0.10644667617632003
2023-05-03 12:15:00+00:00,08:15,-1.993646747566124,12.858059948410528,84,3.5228576684256496,-0.15505035406313938
2023-05-03 13:45:00+00:00,09:45,-2.7902068437496736,21.83730806954192,595,0.7565652266375066,-0.1277724724523797
2023-05-03 14:00:00+00:00,10:00,-5.186095093908786,52.926570107277215,600,1.5713350391138017,-0.09798660830273068
2023-05-03 18:00:00+00:00,14:00,-6.807673765337816,24.354100963075364,188,2.327112948543014,-0.2795288471399259
2023-05-04 11:30:00+00:00,07:30,0.8587319420147048,10.168846597918096,86,2.621791742264512,0.08444732976801086
2023-05-04 12:30:00+00:00,08:30,5.335144396111638,13.60267044977433,600,2.1047703022214876,0.392213015511241
2023-05-05 12:30:00+00:00,08:30,11.395663499366194,22.257911993779086,600,1.793259499179612,0.5119825930909958
2023-05-05 19:00:00+00:00,15:00,-0.46769502113272987,7.025569027732217,87,1.28302621180032,-0.06657041149073972
2023-05-08 14:00:00+00:00,10:00,-19.085980997021224,27.542185611983705,600,1.540098952951476,-0.6929726371721511
2023-05-09 10:00:00+00:00,06:00,6.125594655242208,19.608793561698718,82,2.8724202341112,0.31239018535067614
2023-05-10 11:00:00+00:00,07:00,0.6647046933147805,16.545293516466177,359,1.2639842192842656,0.04017485048864527
2023-05-10 12:30:00+00:00,08:30,4.863297177780752,30.740941930267933,600,1.1637736150151643,0.15820260774092568
2023-05-10 18:00:00+00:00,14:00,1.7429238837518306,15.475069157445695,188,1.8144611597284002,0.11262785749252939
2023-05-11 12:30:00+00:00,08:30,1.5548822472952344,12.551188731625755,600,1.8990304789001684,0.1238832656047417
2023-05-12 12:30:00+00:00,08:30,-3.7988481276839674,12.579327776972502,600,1.790011949988855,-0.30199134604299543
2023-05-12 14:00:00+00:00,10:00,0.6017781368525554,21.755744798437107,600,2.070061705224435,0.027660654343389157
2023-05-15 12:30:00+00:00,08:30,-7.650057239558516,31.183883542523972,600,1.5517170482197749,-0.24532086355204918
2023-05-15 20:00:00+00:00,16:00,-5.400923234990326,12.062437857893872,76,2.6325626316644315,-0.4477472380473957
2023-05-16 12:30:00+00:00,08:30,2.6826009726265774,10.326056817217788,600,2.1289169858147976,0.2597894840316564
2023-05-16 13:15:00+00:00,09:15,-2.5738043904499737,15.568706808197467,73,2.6678869447449545,-0.1653190866883546
2023-05-16 14:00:00+00:00,10:00,0.5221422180691397,32.885642842016864,600,1.9334331296796508,0.015877512888451628
2023-05-17 11:00:00+00:00,07:00,0.9305282906104155,8.332237960459366,360,1.4305086288658786,0.11167807436924358
2023-05-17 12:30:00+00:00,08:30,-0.9879460815767345,8.341198339519586,600,2.641428730443745,-0.11844174438293426
2023-05-18 12:30:00+00:00,08:30,1.7787217950762289,11.6148532392754,600,1.701267630235575,0.1531419948606424
2023-05-18 14:00:00+00:00,10:00,9.894003537084057,37.212078606718144,600,2.124646215956394,0.2658815069604262
2023-05-23 12:30:00+00:00,08:30,7.695704448738323,27.55766193489996,600,1.2774435804948914,0.2792582500982139
2023-05-23 13:45:00+00:00,09:45,-3.8537664824139797,37.374055623665775,598,2.429454368764013,-0.10311341432193194
2023-05-23 14:00:00+00:00,10:00,-9.033944180168893,26.407827527773573,600,1.464198382604148,-0.34209342554466987
2023-05-24 11:00:00+00:00,07:00,-2.3643632230456015,6.263158304269187,361,1.3934263438330234,-0.37750334706277006
2023-05-24 18:00:00+00:00,14:00,-18.775169762099065,16.532370397612986,189,1.9071001294569854,-1.1356610885520628
2023-05-25 12:30:00+00:00,08:30,-1.9239665834876745,13.567226039538312,600,3.031525874757275,-0.1418098716628404
2023-05-25 14:00:00+00:00,10:00,8.337320300612213,14.232184871513727,600,2.3284800912586436,0.5858074762153831
2023-05-25 15:00:00+00:00,11:00,0.4520286319397132,18.203617460408598,86,2.4623245255900104,0.024831802410858122
2023-05-26 12:30:00+00:00,08:30,0.612973573107529,7.540980150502798,600,1.9560475843725689,0.08128566325249625
2023-05-26 14:00:00+00:00,10:00,-4.951640739552572,32.25069312438193,600,1.0369372849663394,-0.15353594790832786
2023-05-26 15:00:00+00:00,11:00,6.210288101339821,33.93549208051269,86,3.388774633786377,0.18300274198487468
2023-05-30 13:00:00+00:00,09:00,-3.088282229313486,7.614672815249222,128,2.1308911556928654,-0.40556991800473163
2023-05-30 14:00:00+00:00,10:00,0.9595124509316806,55.45988433836526,600,1.9454388793740232,0.01730101788668756
2023-05-30 14:30:00+00:00,10:30,0.8696104908299007,14.323484421597348,91,2.555151444624063,0.060712216750742426
2023-05-31 11:00:00+00:00,07:00,0.21973948137546934,6.551895602204155,362,1.351452948031678,0.033538306273003755
2023-05-31 13:45:00+00:00,09:45,-2.8209956264540814,18.51576084842596,599,1.502640642540023,-0.15235645186537916
2023-05-31 14:00:00+00:00,10:00,-14.217560241564806,27.359596825229183,600,1.647075458819503,-0.5196553272471591
2023-05-31 14:30:00+00:00,10:30,1.6690901691845226,12.628648014303266,91,1.707226852978918,0.1321669720538654
2023-06-01 11:30:00+00:00,07:30,0.8067730040864408,12.241766374140239,87,2.423510749077607,0.06590331651735201
2023-06-01 12:15:00+00:00,08:15,0.8612721793606196,18.405682372629048,85,1.3376289825912706,0.04679381953485251
2023-06-01 12:30:00+00:00,08:30,-3.4957638411100866,14.6834718778077,600,1.1575651698537224,-0.2380747462317487
2023-06-01 13:45:00+00:00,09:45,1.3361209428359055,18.383001728401485,599,1.2362846586830234,0.07268241403533228
2023-06-01 14:00:00+00:00,10:00,-7.874314035838461,20.33007163446036,600,2.3010521028854134,-0.3873234771338019
2023-06-02 12:30:00+00:00,08:30,-2.694394409961246,22.71336111888692,600,1.9812431304114295,-0.11862596626972866
2023-06-05 13:45:00+00:00,09:45,-0.7994036330369769,30.723144001998243,599,2.3732935814804743,-0.02601959073540727
2023-06-05 14:00:00+00:00,10:00,5.042406152162668,25.536478919560736,600,2.172610389880174,0.19745894365648922
2023-06-07 11:00:00+00:00,07:00,-0.8476067545242696,8.834773600960315,363,1.262629161941563,-0.09593983873363061
2023-06-07 12:30:00+00:00,08:30,-2.6777268779376384,14.897471716333477,600,2.594765723497309,-0.17974371282086735
2023-06-07 19:00:00+00:00,15:00,2.5321667757518953,10.113340995394983,88,2.7499032303874986,0.2503788586684553
2023-06-08 12:30:00+00:00,08:30,-3.868281305753646,12.959050302202197,600,1.5071533621202868,-0.2985003696680064
2023-06-08 14:00:00+00:00,10:00,6.216073037065032,34.266022276161664,600,2.3820016893360934,0.1814063210187503
2023-06-08 16:00:00+00:00,12:00,,,27,,
2023-06-12 18:00:00+00:00,14:00,-9.347189614302076,27.02970533705489,190,1.7105590001399391,-0.34581174665963005
2023-06-13 10:00:00+00:00,06:00,0.7419287930079856,10.556433322142949,83,1.7125905366874143,0.07028214647571654
2023-06-13 12:30:00+00:00,08:30,20.832667222612805,44.32512335068849,600,2.088334651546738,0.46999682455004865
2023-06-14 11:00:00+00:00,07:00,-0.27279344684478357,4.873495804063274,364,5.656854249492378,-0.05597490134645078
2023-06-14 12:30:00+00:00,08:30,-2.6408025708245596e-09,0.0004136680141923404,600,0.0,-6.383869383714748e-06
2023-06-14 18:00:00+00:00,14:00,-6.48554899599049,20.319501878958995,191,5.656854249492378,-0.3191785425953934
2023-06-15 12:30:00+00:00,08:30,-1.0682108000216978e-08,0.0005198372882910009,600,0.0,-2.054894529658522e-05
2023-06-15 13:15:00+00:00,09:15,7.950862817313611,23.997875011786828,74,5.656854249492379,0.3313152857662795
2023-06-15 14:00:00+00:00,10:00,1.5819031805993897,16.918557368744732,600,5.656854249492378,0.09350106785829096
2023-06-15 20:00:00+00:00,16:00,-1.1476325772261229,9.771277653364482,77,5.656854249492379,-0.1174495923602136
2023-06-16 12:30:00+00:00,08:30,-4.7661126209262134e-09,0.000522199334545929,600,0.0,-9.12699864903221e-06
2023-06-16 14:00:00+00:00,10:00,5.546539953514029,7.953761982981297,600,5.656854249492378,0.6973479927337513
2023-06-19 14:00:00+00:00,10:00,5.54653995351403,7.953761982981297,600,5.656854249492378,0.6973479927337514
2023-06-20 12:30:00+00:00,08:30,-6.753231709691202,20.304457364265154,600,2.7036225415217396,-0.33259848261577074
2023-06-21 11:00:00+00:00,07:00,2.1777074310097237,16.429802315130114,365,1.1409207887769832,0.13254617366906996
2023-06-22 12:30:00+00:00,08:30,3.55093504909164,11.151513949843375,600,2.302124835622583,0.31842627512845584
2023-06-22 14:00:00+00:00,10:00,-8.685525499321704,36.24910362215854,600,1.8186231424292836,-0.23960662834190388
2023-06-22 15:00:00+00:00,11:00,-0.39113157403717846,18.015273573988065,88,1.7083159180037988,-0.021711109322365574
2023-06-23 13:45:00+00:00,09:45,9.73307023002885,21.456027237959166,600,1.553266177014704,0.4536287226933364
2023-06-23 15:00:00+00:00,11:00,7.589074212906899,30.536480176513965,88,3.5541512885946407,0.24852485188334714
2023-06-26 14:30:00+00:00,10:30,-1.701960762939298,11.120682385947289,93,2.144590474440105,-0.1530446337618625
2023-06-27 12:30:00+00:00,08:30,4.446048708171341,19.73095378344257,600,2.219652467765886,0.22533369430434166
2023-06-27 13:00:00+00:00,09:00,0.9862708807262743,10.94687717120615,129,1.3957625704431122,0.09009609455749515
2023-06-27 14:00:00+00:00,10:00,-7.786513947152977,29.082792673297142,600,1.4789387036248551,-0.26773611580645407
2023-06-27 14:30:00+00:00,10:30,-2.460277313460815,14.214907345931508,93,1.1903979467159682,-0.17307726695559353
2023-06-28 11:00:00+00:00,07:00,-3.2531037234611198,11.97301307028431,366,1.236595356566633,-0.2717030127975858
2023-06-28 12:30:00+00:00,08:30,8.914207598985435,19.500853833061395,600,2.275523705137088,0.45711883568259193
2023-06-29 12:30:00+00:00,08:30,0.34464685857450433,12.740563979249016,600,2.179053497010831,0.027051146176561902
2023-06-29 14:00:00+00:00,10:00,5.761507322832161,13.573176795923203,600,0.9369355480897513,0.42447743880877387
2023-06-30 12:30:00+00:00,08:30,-5.601592837621047,27.977402385166705,600,2.225061513452865,-0.20021847491427391
2023-06-30 13:45:00+00:00,09:45,-6.200597191910999,38.095305866981676,600,3.0271562221534283,-0.16276538672669483
2023-06-30 14:00:00+00:00,10:00,-6.509543312598878,24.210207228043018,600,2.92568819012355,-0.26887598488040965
2023-07-03 13:45:00+00:00,09:45,-2.1656943740449384,21.234591901870065,600,5.656854249492379,-0.1019889802475654
2023-07-03 14:00:00+00:00,10:00,3.834077390844642,16.91583182808188,600,5.656854249492378,0.2266561544126793
2023-07-05 14:00:00+00:00,10:00,-2.8109588296685737,18.647753122683845,600,2.052374745283686,-0.150739813594444
2023-07-05 18:00:00+00:00,14:00,5.164153868436931,15.000893422321528,192,1.6979528250221425,0.34425642013779
2023-07-06 11:00:00+00:00,07:00,3.261185111316759,8.944231962075841,366,2.706890051317219,0.36461320828265725
2023-07-06 11:30:00+00:00,07:30,-0.44165255091324307,10.49818923246191,88,2.7099728555418485,-0.04206940274496005
2023-07-06 12:15:00+00:00,08:15,2.882847733005013,18.106072218425904,86,0.7197253571879957,0.1592199400415095
2023-07-06 12:30:00+00:00,08:30,5.443527473730111,15.463450776330342,600,1.3658323721390329,0.35202540186323944
2023-07-06 13:45:00+00:00,09:45,8.571843844356733,29.308297167614995,600,1.0204281262618051,0.29247157538133695
2023-07-06 14:00:00+00:00,10:00,-0.26341353810357726,23.03428719803387,600,1.601534891828258,-0.01143571476030139
2023-07-07 12:30:00+00:00,08:30,17.635724693870323,44.43595370103947,600,1.8579931613940441,0.396879626181125
2023-07-10 14:00:00+00:00,10:00,7.414328031739645,17.173594235403016,600,1.1969607683223353,0.43172838079842124
2023-07-10 19:00:00+00:00,15:00,12.93521603935898,18.732659572779806,89,1.9016062990975526,0.6905167944307802
2023-07-11 10:00:00+00:00,06:00,3.6615188437202466,8.100139829618014,84,1.9166975660078054,0.45203156003949085
2023-07-12 11:00:00+00:00,07:00,0.1166358581996233,9.538640327657061,367,1.9201954022844263,0.01222772367896506
2023-07-12 12:30:00+00:00,08:30,19.020420318575542,31.702197538976122,600,1.4448999861663987,0.5999716674275016
2023-07-13 12:30:00+00:00,08:30,0.547443995231985,8.473568424570423,600,2.157714657694012,0.06460607477300664
2023-07-13 18:00:00+00:00,14:00,-4.830468640220504,20.39995350291981,192,2.0836103389646783,-0.23678821814614073
2023-07-14 12:30:00+00:00,08:30,3.0875766662457833,15.65549840683077,600,1.4508582313260963,0.19721995339979845
2023-07-14 14:00:00+00:00,10:00,-7.049385002324639,32.00208837440571,600,2.4497838973786368,-0.22027890554675555
2023-07-17 12:30:00+00:00,08:30,4.168495618602905,8.209216572156985,600,2.3157306423230217,0.5077823909215768
2023-07-18 12:30:00+00:00,08:30,-5.131607269572256,28.931683564958607,600,1.961924498025428,-0.177369811820683
2023-07-18 13:15:00+00:00,09:15,-29.67185637983981,74.37123437942898,74,1.9173978029882068,-0.3989695293809325
2023-07-18 14:00:00+00:00,10:00,6.635204038123046,13.921643982409947,600,0.7988690815578132,0.47661066800060775
2023-07-18 20:00:00+00:00,16:00,0.23894843312395742,7.179566091303705,77,3.0417453941595802,0.03328173737593769
2023-07-19 11:00:00+00:00,07:00,1.5574873494143069,16.01406793969599,368,1.2893866472237483,0.0972574460954781
2023-07-19 12:30:00+00:00,08:30,-5.815659392191186,19.99708066696094,600,1.378898152989917,-0.2908254204224812
2023-07-20 12:30:00+00:00,08:30,2.1736784079090543,16.86913863690028,600,1.6628307014041457,0.12885532893506824
2023-07-20 14:00:00+00:00,10:00,6.723167003437492,17.093709528364613,600,1.2607031842881185,0.39331234640914775
2023-07-24 12:30:00+00:00,08:30,-5.590458470443582,13.691896539908742,600,1.5827701136361783,-0.40830417131393565
2023-07-24 13:45:00+00:00,09:45,6.015693481659499,15.61855564507695,600,1.1582389199461074,0.385163239057619
2023-07-25 12:30:00+00:00,08:30,-5.937170555773965,22.657779262218526,600,1.2690189666369789,-0.26203673745176337
2023-07-25 13:00:00+00:00,09:00,-3.40895605748133,8.557371023023604,130,2.8954981768330756,-0.3983648772864393
2023-07-25 14:00:00+00:00,10:00,2.189538997063007,16.548774907597018,600,3.2921903771214467,0.1323082227710922
2023-07-26 11:00:00+00:00,07:00,1.2829573965792491,11.975317393698191,368,1.7122846362306894,0.10713347750218159
2023-07-26 14:00:00+00:00,10:00,-5.018011283856463,27.23901113197587,600,1.7848118214893827,-0.1842214924596077
2023-07-26 18:00:00+00:00,14:00,3.212290452664525,14.225518536879564,193,1.8064189784895486,0.2258118355641436
2023-07-27 12:30:00+00:00,08:30,-0.978993858466822,14.22760435169682,600,2.470424762718447,-0.06880946603987231
2023-07-27 14:00:00+00:00,10:00,-7.073400324841271,29.25345160623808,600,3.058874024884826,-0.24179711919303637
2023-07-27 15:00:00+00:00,11:00,-0.4086586622267908,19.4827181494529,90,2.0203122541490792,-0.020975443934052214
2023-07-28 12:30:00+00:00,08:30,12.45435714436074,22.874988421784227,600,1.6316661193494022,0.5444530469139058
2023-07-28 14:00:00+00:00,10:00,7.526080550346013,29.533611430836068,600,2.123680348275462,0.25483102762326
2023-07-28 15:00:00+00:00,11:00,2.365786412431028,24.145416222289796,90,2.8565844582535194,0.0979807674736647
2023-07-31 13:45:00+00:00,09:45,-6.012722475480508,18.76760842578152,600,1.9802707697243855,-0.32037766022551306
2023-07-31 14:30:00+00:00,10:30,-9.084209487373638,23.575971433841186,95,2.5261509451662216,-0.3853164444513227
2023-08-01 13:45:00+00:00,09:45,-6.60873548950419,22.158493395939367,600,0.6166286474780046,-0.29824841298620364
2023-08-01 14:00:00+00:00,10:00,-0.008302633229116618,19.656924820307086,600,1.8964316963256405,-0.0004223770149713027
2023-08-01 14:30:00+00:00,10:30,0.1837141505423727,12.961329430837628,95,0.891774439473937,0.014174020614373053
2023-08-02 11:00:00+00:00,07:00,-3.4272580663195273,5.979042483389505,370,1.3315115106496218,-0.5732118605681193
2023-08-02 12:15:00+00:00,08:15,-3.711813219990596,9.454882158428315,87,2.828004884940221,-0.392581648062297
2023-08-03 11:30:00+00:00,07:30,1.8172253672358527,13.03864958789623,89,2.962921529667192,0.139372206836725
2023-08-03 12:30:00+00:00,08:30,0.8223177817151474,16.916739090080505,600,1.2882583918644792,0.04860971002368483
2023-08-03 13:45:00+00:00,09:45,0.02642175790759782,35.63029036732093,600,1.501665247429345,0.0007415532580624459
2023-08-03 14:00:00+00:00,10:00,7.26069100320492,43.128067671771085,600,2.279821065063769,0.16835187373714197
2023-08-04 12:30:00+00:00,08:30,10.338777902443567,24.822448586078426,600,1.3602894433876669,0.4165091879067092
2023-08-07 19:00:00+00:00,15:00,0.46127874895334675,10.9197251093417,90,3.3499119337595005,0.04224270705850718
2023-08-08 10:00:00+00:00,06:00,-3.5112205985021725,12.1911317793657,85,2.4784814104626656,-0.28801432566295004
2023-08-08 12:30:00+00:00,08:30,-7.660074635794957,28.764289093935695,600,2.0166772419333436,-0.26630502185468274
2023-08-08 14:00:00+00:00,10:00,-1.240988696653934,26.84515756010766,600,1.0152079495518405,-0.046227655541797356
2023-08-09 11:00:00+00:00,07:00,1.4353669142818255,17.22437866330728,371,0.9784703324719195,0.08333345093832362
2023-08-10 12:30:00+00:00,08:30,-3.8472411957561325,24.836553010784737,600,1.8873318218800268,-0.1549023809417334
2023-08-10 18:00:00+00:00,14:00,6.783189519504589,16.471786508292542,194,2.908401935166593,0.41180654667237615
2023-08-11 12:30:00+00:00,08:30,-11.207144423193427,31.61172995500322,600,2.2390365608018388,-0.3545248690642968
2023-08-11 14:00:00+00:00,10:00,1.6041489089075485,27.215259644742712,600,2.284867170783625,0.05894299484360895
2023-08-15 12:30:00+00:00,08:30,4.039319530709355,14.455949825770642,600,2.8946864913919663,0.27942263077784446
2023-08-15 14:00:00+00:00,10:00,-15.176644393605294,25.29452124296988,600,1.5080092843383972,-0.5999972977477622
2023-08-15 20:00:00+00:00,16:00,2.3213651128648474,7.668094971698182,78,1.9628695012228994,0.30273035498812506
2023-08-16 11:00:00+00:00,07:00,1.0536593305217528,5.152028456591613,372,2.4675019463924386,0.20451349199627944
2023-08-16 12:30:00+00:00,08:30,-1.7404861551879551,21.749231685783926,600,0.9553729898321536,-0.0800251788354252
2023-08-16 13:15:00+00:00,09:15,4.557685205864461,14.001633180175894,75,1.2801377162789565,0.32551097055716505
2023-08-16 18:00:00+00:00,14:00,2.754556675060889,15.889318344918438,195,1.1876439257475326,0.17335902115283777
2023-08-17 12:30:00+00:00,08:30,-0.37094655326305537,16.499216757977933,600,1.1558825078178128,-0.022482676523641044
2023-08-17 14:00:00+00:00,10:00,17.579881212507065,48.93303793500457,600,2.158648156766774,0.3592640464272336
2023-08-22 12:30:00+00:00,08:30,5.168619193876024,44.73510917174774,600,2.315898341405734,0.11553831631510231
2023-08-22 14:00:00+00:00,10:00,1.116562476853342,38.55315847689692,600,2.584421841707947,0.028961634298327203
2023-08-23 11:00:00+00:00,07:00,1.0973599494905775,16.261916075821468,373,0.9146297556351481,0.06748035990187858
2023-08-23 13:45:00+00:00,09:45,3.539529038128409,29.227001134940487,600,2.7523315110187836,0.12110476274272797
2023-08-23 14:00:00+00:00,10:00,7.218010383317499,25.658266394744988,600,2.7030259004701898,0.28131325290144327
2023-08-24 12:30:00+00:00,08:30,7.9651054323021855,17.833170956459377,600,2.526327795697045,0.44664549292716416
2023-08-24 15:00:00+00:00,11:00,2.980537432899756,22.667049411973014,92,1.9675194473300315,0.1314920781584126
2023-08-25 14:00:00+00:00,10:00,7.746918061461924,38.23858950096398,600,1.2727692260408026,0.20259424216645405
2023-08-25 15:00:00+00:00,11:00,-0.6579848441055915,18.75377424072663,92,1.8507095358075611,-0.035085462566605864
2023-08-28 14:30:00+00:00,10:30,-8.444731911523156,18.124916608460076,97,2.761988653050206,-0.46591838704413413
2023-08-29 13:00:00+00:00,09:00,0.9645145726781991,7.664272285885121,131,2.151909656724819,0.1258455515019337
2023-08-29 14:00:00+00:00,10:00,-0.748760918870218,31.9939562746749,600,1.4358758074211297,-0.02340319879298286
2023-08-29 14:30:00+00:00,10:30,-4.893587657361211,21.901103065179758,97,2.351764556045544,-0.22344023690484585
2023-08-30 11:00:00+00:00,07:00,0.6248108954211437,6.014493107230238,374,2.1038908253158617,0.10388421505879457
2023-08-30 12:15:00+00:00,08:15,2.3372462663966553,9.555303841960665,88,1.9569091128997462,0.24460198284150772
2023-08-30 12:30:00+00:00,08:30,6.46901902575788,22.780997663027033,600,1.6686212074206277,0.2839655717210721
2023-08-30 14:00:00+00:00,10:00,6.45581600584663,18.736937794905295,600,0.8356687313123119,0.34455021821132437
2023-08-31 11:30:00+00:00,07:30,-2.6846868130204804,13.488292350597488,90,2.3433452405455495,-0.19903830249509363
2023-08-31 12:30:00+00:00,08:30,2.389139778109005,12.686726759276963,600,0.9911945178514348,0.1883180605558471
2023-08-31 13:45:00+00:00,09:45,-9.120161579605908,20.655319579676423,600,2.142746498743366,-0.441540569944974
2023-09-01 12:30:00+00:00,08:30,2.120910280739773,21.011160708935883,600,1.9142781780144602,0.10094208074082106
2023-09-01 13:45:00+00:00,09:45,11.279562723081026,28.925712689764595,600,1.7446375889557724,0.38994934520912655
2023-09-01 14:00:00+00:00,10:00,-3.7007105318258375,17.629850310652124,600,2.5203954880638797,-0.20991162526149373
2023-09-05 14:00:00+00:00,10:00,-1.1167036501310823,19.387852559212,600,0.9850272980196237,-0.057598109265612735
2023-09-06 11:00:00+00:00,07:00,3.125201584794115,16.651051138888324,375,1.2405991725784107,0.18768794586758822
2023-09-06 12:30:00+00:00,08:30,-1.291886075869313,14.953448533461055,600,2.62556703119807,-0.08639385577035848
2023-09-06 13:45:00+00:00,09:45,-2.3896860592537923,19.524403727498584,600,1.2755946321962004,-0.12239482918948802
2023-09-06 14:00:00+00:00,10:00,-5.7452386841025875,27.203501099778812,600,2.25376752789787,-0.2111948261008691
2023-09-07 12:30:00+00:00,08:30,5.698464060201279,40.491558513384376,600,2.9005920640347056,0.14073214935201042
2023-09-08 14:00:00+00:00,10:00,11.595018702348177,34.25012285814197,600,2.4192677710128843,0.33853947766472897
2023-09-08 16:00:00+00:00,12:00,,,28,,
2023-09-08 19:00:00+00:00,15:00,0.20719462222074336,8.456082235675511,91,3.0484001321203444,0.024502436996958993
2023-09-11 15:00:00+00:00,11:00,6.18728388110539,13.052315560346269,92,2.2274465120153892,0.47403725817836767
2023-09-12 10:00:00+00:00,06:00,5.196724115636886,7.474772442156186,86,2.4886178194763544,0.6952350932221597
2023-09-13 11:00:00+00:00,07:00,-0.27279344684478374,4.873495804063274,376,5.656854249492378,-0.05597490134645081
2023-09-13 12:30:00+00:00,08:30,2.2565937391774227e-09,0.00045703668989380524,600,0.0,4.937445481022002e-06
2023-09-13 18:00:00+00:00,14:00,-3.6568584455608284,17.130516387424787,197,5.656854249492378,-0.21347041518522256
2023-09-14 12:30:00+00:00,08:30,-1.1432263899652653e-08,0.0005086641239608374,600,0.0,-2.247507414250594e-05
2023-09-14 14:00:00+00:00,10:00,-0.6905017910391887,15.490486455806622,600,5.656854249492378,-0.04457586228871164
2023-09-15 12:30:00+00:00,08:30,-1.1432263899652654e-08,0.0005086641239608374,600,0.0,-2.2475074142505944e-05
2023-09-15 13:15:00+00:00,09:15,9.07578647034736,25.383273972549173,76,5.656854249492379,0.35754987635410623
2023-09-15 14:00:00+00:00,10:00,3.3907958888618426,16.692934510643237,600,5.656854249492378,0.20312760986990677
2023-09-18 12:30:00+00:00,08:30,3.900222693687363,15.383109778675376,600,1.3529497070420438,0.2535392875564077
2023-09-18 14:00:00+00:00,10:00,5.621709329301941,35.02388467790217,600,1.4477818427701135,0.16051073091983084
2023-09-18 20:00:00+00:00,16:00,-3.7573142615143444,8.7048087767278,79,3.104548387994816,-0.43163662268601216
2023-09-19 12:30:00+00:00,08:30,-2.853965972039875,15.317711792506012,600,2.6113372038577145,-0.18631803566353428
2023-09-20 11:00:00+00:00,07:00,3.08437060437997,8.299961012476093,377,1.9569323047429288,0.3716126617635548
2023-09-20 18:00:00+00:00,14:00,-1.500405804664855,24.553284362051762,197,2.536214885543676,-0.06110815085023011
2023-09-21 12:30:00+00:00,08:30,-6.017693542671469,36.76132010186431,600,1.3446213374360512,-0.16369633968520866
2023-09-21 14:00:00+00:00,10:00,15.744864559955,71.12397975728261,600,2.0789839958691356,0.22137209719824252
2023-09-22 13:45:00+00:00,09:45,0.9328389935254262,21.574071969248582,600,2.0891792246634298,0.04323889318878158
2023-09-25 12:30:00+00:00,08:30,9.350701389554773,42.83446931342706,600,1.5852144158942683,0.21829852311544026
2023-09-25 14:30:00+00:00,10:30,-0.7776990098456029,11.516216366562547,99,1.5066888383548505,-0.06753077443939487
2023-09-26 12:30:00+00:00,08:30,-2.3826395768661115,11.79523224026788,600,1.988643912197745,-0.20200022588211453
2023-09-26 13:00:00+00:00,09:00,-5.091589484595757,4.186899727372249,132,1.8313741347650625,-1.21607628941028
2023-09-26 14:00:00+00:00,10:00,-6.174452457024483,31.51353870363527,600,2.230293909565825,-0.19593015291272967
2023-09-26 14:30:00+00:00,10:30,2.0069246144605537,18.849015511130258,99,1.0304042340122355,0.10647371016674445
2023-09-27 11:00:00+00:00,07:00,4.122259643910914,8.284080235972143,378,1.660211166737687,0.4976122305057761
2023-09-27 12:30:00+00:00,08:30,-4.7252026295128635,18.79871264645886,600,1.3418713483355391,-0.2513577774381777
2023-09-28 12:30:00+00:00,08:30,6.579501040673732,25.926260302310045,600,1.686922715324087,0.25377748136268985
2023-09-28 14:00:00+00:00,10:00,6.1606912015384365,42.832541734076734,600,1.8972908481264064,0.14383202472052017
2023-09-28 15:00:00+00:00,11:00,5.809146474276341,21.70072720215186,94,1.7326844165435114,0.26769363165397986
2023-09-29 12:30:00+00:00,08:30,4.221270149314435,18.190631010401674,600,1.609307464660235,0.2320573787077892
2023-09-29 13:45:00+00:00,09:45,29.123554506639458,94.09881629820251,600,0.8308672499745633,0.30949969035047026
2023-09-29 14:00:00+00:00,10:00,-14.419342128362889,26.254059449426673,600,1.875206155961311,-0.5492233365334964
2023-09-29 15:00:00+00:00,11:00,6.585492481068677,18.314279332174006,94,2.709365731023403,0.3595823980635411
2023-10-02 13:45:00+00:00,09:45,-0.07505535651611983,20.249668882696106,600,2.3619213133921986,-0.003706497965517682
2023-10-02 14:00:00+00:00,10:00,21.446902973436273,45.35455303037939,600,1.5986128660170082,0.4728721052343015
2023-10-03 14:00:00+00:00,10:00,-18.90781937886022,39.47430792615534,600,1.7447260267553075,-0.47899052249962465
2023-10-04 11:00:00+00:00,07:00,0.1571190267690321,7.917492545426731,378,1.4136618804956276,0.01984454369455473
2023-10-04 12:15:00+00:00,08:15,-0.4612713904676625,12.198951449292434,89,2.915619959039552,-0.03781238021849962
2023-10-04 13:45:00+00:00,09:45,-12.4225707397352,29.74111782896846,600,2.5365489182059506,-0.4176901087300546
2023-10-04 14:00:00+00:00,10:00,-8.360562039077918,27.537553413011747,600,1.9379816592448436,-0.3036058401298452
2023-10-05 11:30:00+00:00,07:30,1.6647162629145167,9.953931807507443,91,2.008092913860228,0.16724208032638482
2023-10-05 12:30:00+00:00,08:30,-9.666116627558639,29.06486259159686,600,1.3448635927490542,-0.33257052556488864
2023-10-06 12:30:00+00:00,08:30,-11.770340276311446,37.77101169641308,600,0.6943605766919839,-0.31162364330922104
2023-10-06 19:00:00+00:00,15:00,6.596210219604462,14.260764241734888,92,2.549989282439968,0.4625425473552322
2023-10-10 10:00:00+00:00,06:00,-5.725576933561625,13.616595224604206,87,3.014973812594587,-0.4204852122809614
2023-10-10 14:00:00+00:00,10:00,-9.751762504090276,34.11958876309842,600,2.233101845377188,-0.2858112555751892
2023-10-10 15:00:00+00:00,11:00,6.306866767336563,34.26170516428467,95,2.1696293911078137,0.1840791851163033
2023-10-11 11:00:00+00:00,07:00,1.6744398348285214,7.949033284478646,379,1.893348270118982,0.21064697742529873
2023-10-11 12:30:00+00:00,08:30,-6.458314118626754,26.960411997505982,600,2.406621794058681,-0.2395480499045857
2023-10-11 18:00:00+00:00,14:00,-9.333311873743641,29.05086147928538,198,1.8686486206600428,-0.3212748744266578
2023-10-12 12:30:00+00:00,08:30,6.068088400470941,14.183760461515156,600,2.0942985073504077,0.4278194359623814
2023-10-13 12:30:00+00:00,08:30,-0.2459713566829156,16.939381906434477,600,1.5120160163225795,-0.01452068074511518
2023-10-13 14:00:00+00:00,10:00,-3.596519077013107,26.028717250959293,600,1.713977365078892,-0.13817504114155132
2023-10-16 12:30:00+00:00,08:30,-9.312042963906489,18.01642233280647,600,2.540757436036883,-0.5168641582602113
2023-10-17 12:30:00+00:00,08:30,-0.419691056526186,14.992665013666825,600,2.4392667991666257,-0.02799309236507381
2023-10-17 13:15:00+00:00,09:15,0.44076141620976045,21.2597061178371,76,1.6252392314610975,0.02073224407556402
2023-10-17 14:00:00+00:00,10:00,11.35057974979997,38.238382827931154,600,2.1423833769219445,0.29683733752225944
2023-10-18 11:00:00+00:00,07:00,2.8686522942103077,7.641085844009015,380,2.618747687814518,0.37542469130345807
2023-10-18 12:30:00+00:00,08:30,-0.8848309001494146,10.334393442797845,600,1.6935786624189697,-0.08562001292548652
2023-10-18 20:00:00+00:00,16:00,-2.5194798387222423,7.989069492196842,80,1.8747138342011567,-0.3153658684760587
2023-10-19 12:30:00+00:00,08:30,0.46387007074232955,10.890738469609506,600,1.294069639521089,0.042593077782260055
2023-10-19 14:00:00+00:00,10:00,-0.488968389526355,25.28812801039964,600,2.561521130276336,-0.019335887153262937
2023-10-20 20:00:00+00:00,16:00,-3.290446379144568,10.938652301653384,80,1.867446330600147,-0.3008091205757783
2023-10-23 12:30:00+00:00,08:30,-4.282354445440887,21.238840648069747,600,1.171931542270947,-0.20162844650515707
2023-10-24 12:30:00+00:00,08:30,6.47760233976809,9.555190290507609,600,1.6907561539379226,0.6779145305147005
2023-10-24 13:45:00+00:00,09:45,10.239789158398896,39.22471461206069,600,1.1941198416070078,0.2610545228862009
2023-10-24 14:00:00+00:00,10:00,9.295973467684945,40.86617931555469,600,2.049949922361402,0.22747351534638485
2023-10-25 11:00:00+00:00,07:00,0.5262875832096724,7.63950565477227,381,1.8680572755546425,0.0688902668565877
2023-10-25 14:00:00+00:00,10:00,-5.221366839229364,29.026242650882136,600,0.9846444970033248,-0.1798843516203666
2023-10-26 12:30:00+00:00,08:30,1.2899057646848857,9.604529857384279,600,2.5092012402655643,0.13430181214889594
2023-10-26 14:00:00+00:00,10:00,-1.1095867041539123,20.52878574930329,600,2.826506648987556,-0.05405028420599936
2023-10-26 15:00:00+00:00,11:00,6.911275946306848,20.646202042035785,97,1.401830621131795,0.33474805352749387
2023-10-27 12:30:00+00:00,08:30,3.0124713712660336,14.050130442552295,600,1.1321900665365252,0.21440878314854986
2023-10-27 14:00:00+00:00,10:00,-13.571042771721366,20.505660555341702,600,1.8890674218091803,-0.6618193417907781
2023-10-27 15:00:00+00:00,11:00,-0.7478508425090431,18.265708680817916,97,2.1098605576222935,-0.04094288678185331
2023-10-30 14:30:00+00:00,10:30,1.4474692918613414,11.795460491388132,101,1.6932929852334189,0.12271409775973893
2023-10-31 12:30:00+00:00,08:30,5.503473209214912,28.69341502231749,600,2.1396470348058823,0.19180265593810836
2023-10-31 13:00:00+00:00,09:00,-0.45437207422178316,7.901275957535723,133,2.5256836620143477,-0.057506164404805105
2023-10-31 13:45:00+00:00,09:45,-5.747845190303019,21.806441480702066,600,1.435207872906776,-0.2635847391877148
2023-10-31 14:00:00+00:00,10:00,-3.0376948252254614,29.773300373033816,600,2.8558215400376565,-0.10202748056701007
2023-10-31 14:30:00+00:00,10:30,-3.55411094331026,16.33907180618964,101,1.6115049977672118,-0.2175222060021718
2023-11-01 11:00:00+00:00,07:00,-1.2465120196651573,4.812134553602174,382,1.5567141659037502,-0.25903515493598733
2023-11-01 12:15:00+00:00,08:15,3.0405302761922592,11.795818773632595,90,1.0495863031974466,0.2577633934991279
2023-11-01 13:45:00+00:00,09:45,-0.526465911247744,18.86957479584237,600,1.87606066943362,-0.027900253023387833
2023-11-01 14:00:00+00:00,10:00,-0.8137538323761747,53.09992517032035,600,1.6142381271890647,-0.015324952526129245
2023-11-01 18:00:00+00:00,14:00,3.019940344967993,18.651039513065346,199,1.6477272606174274,0.16191807126098667
2023-11-02 11:30:00+00:00,07:30,2.0030108710115777,11.266873887925064,92,2.6322907285351604,0.17777876018992678
2023-11-02 12:30:00+00:00,08:30,3.559882721275708,16.980482824024573,600,1.3705464651924721,0.2096455535551123
2023-11-02 14:00:00+00:00,10:00,7.346183415651049,42.1461172613417,600,2.060170902088708,0.17430273280213396
2023-11-03 12:30:00+00:00,08:30,16.24793492844349,26.840138558580392,600,1.3552848668516828,0.6053595771490259
2023-11-03 13:45:00+00:00,09:45,0.6345470259731596,30.124013558811537,600,2.1767179479241543,0.02106449144747344
2023-11-03 14:00:00+00:00,10:00,0.4260275123116446,21.24133763614283,600,2.673799363788293,0.020056529377262232
2023-11-07 13:30:00+00:00,08:30,-8.698640911705729,9.649519998322162,600,1.8588577651822593,-0.901458405518433
2023-11-07 20:00:00+00:00,15:00,7.172458500584848,24.244181542411397,93,2.3808438669359413,0.2958424679355645
2023-11-08 12:00:00+00:00,07:00,-0.17239054321727965,7.48184403203981,383,1.701909173917126,-0.023041183761522494
2023-11-08 15:00:00+00:00,10:00,-1.5106486947246154,28.819330345168478,600,2.60819644079956,-0.052417897176360785
2023-11-09 13:30:00+00:00,08:30,-0.23120330657289512,20.748576688130157,600,2.734012022195264,-0.011143092369567783
2023-11-10 15:00:00+00:00,10:00,-3.531063155164677,20.65483642890798,600,1.7926324972702175,-0.1709557549544518
2023-11-13 16:00:00+00:00,11:00,5.059426602204326,18.95612065094477,98,1.755803111957774,0.2669020046542152
2023-11-13 19:00:00+00:00,14:00,-0.6930427858093444,14.706882331650695,199,1.1702480285271057,-0.04712370509131269
2023-11-14 11:00:00+00:00,06:00,0.012675024392182266,9.49462179203338,88,1.4071507778825463,0.0013349688560335765
2023-11-14 13:30:00+00:00,08:30,15.347593525049003,30.78148500509539,600,0.5416726834889654,0.4985982165093221
2023-11-15 12:00:00+00:00,07:00,-3.6787685942183375,5.304586023423204,384,1.474033894220404,-0.6935071988604157
2023-11-15 13:30:00+00:00,08:30,9.051734395270682,27.84740532413095,600,2.918264016656897,0.325047676432065
2023-11-15 15:00:00+00:00,10:00,4.542945118130034,42.18704572921281,600,2.1506149513281994,0.1076857845721164
2023-11-16 13:30:00+00:00,08:30,6.800758873819863,30.230820748866055,600,2.2995378665845077,0.22496110609484382
2023-11-16 14:15:00+00:00,09:15,-1.971793786316612,18.122257234468222,77,1.6602931743154232,-0.1088050876226552
2023-11-16 15:00:00+00:00,10:00,4.02557304232206,17.90671438017875,600,1.1758786594223665,0.22480802211141737
2023-11-16 16:00:00+00:00,11:00,7.144757165324037,26.688051093038343,99,2.7737719844800677,0.2677137097953087
2023-11-16 21:00:00+00:00,16:00,2.0916151339265023,7.780457612435592,82,1.4247047355097453,0.2688293206023577
2023-11-17 13:30:00+00:00,08:30,0.348107054610044,16.965877410323017,600,1.1940218609628301,0.020518069663655332
2023-11-17 16:00:00+00:00,11:00,0.35479538450276393,12.425091124302826,100,3.090155276900243,0.028554751104304
2023-11-20 15:00:00+00:00,10:00,-5.49203450295208,20.711960742111433,600,1.8327880735263156,-0.2651624619867934
2023-11-21 13:30:00+00:00,08:30,1.870947585931098,9.711414438552943,600,1.6006839566975668,0.1926544889798648
2023-11-21 15:00:00+00:00,10:00,6.159503063980274,27.644701104256427,600,1.677834276226051,0.2228095373775592
2023-11-21 19:00:00+00:00,14:00,0.6499209364878766,22.10810619649377,199,1.9657207407557746,0.029397404314574473
2023-11-22 12:00:00+00:00,07:00,1.1958008064457994,7.5828682789909845,385,2.00147219747933,0.15769768937683815
2023-11-22 13:30:00+00:00,08:30,5.087772708589688,9.610150175055836,600,2.170267165325609,0.5294165664336383
2023-11-22 15:00:00+00:00,10:00,2.3618678078291584,19.215063265069844,600,1.675211324702162,0.1229175139965678
2023-11-24 14:45:00+00:00,09:45,0.3278258244480359,17.54177789745713,600,5.656854249492379,0.018688289543077486
2023-11-27 15:00:00+00:00,10:00,-8.938932039385262,32.49269887000031,600,1.4441018273906547,-0.2751058653252824
2023-11-27 15:30:00+00:00,10:30,-5.804322758859794,12.95242124606715,103,3.034499998245439,-0.4481264659781049
2023-11-28 14:00:00+00:00,09:00,-2.755509804570043,9.387895899424505,134,2.2752448699692547,-0.2935172944066157
2023-11-28 15:00:00+00:00,10:00,-7.054359600352268,22.353656598086044,600,3.002485404812995,-0.31557967124520797
2023-11-28 15:30:00+00:00,10:30,-3.8246218308057056,14.406466070712103,103,1.3155247061456428,-0.2654795292636716
2023-11-29 12:00:00+00:00,07:00,-0.9248700070776017,10.570126162665172,386,1.2344617212990898,-0.08749848325787657
2023-11-29 13:30:00+00:00,08:30,12.122998205244318,22.28131452342968,600,1.480300080267788,0.5440881054166041
2023-11-30 13:30:00+00:00,08:30,4.428475479686092,17.46990953912344,600,2.379771749887487,0.2534916090875359
2023-11-30 14:45:00+00:00,09:45,5.995592073424641,25.86131715148364,600,2.8345810418650896,0.23183629968671876
2023-11-30 15:00:00+00:00,10:00,1.9611644709316172,15.40826760960703,600,1.3713657635125396,0.12728001100583392
2023-12-01 14:45:00+00:00,09:45,-7.376949760612785,22.064443535622694,600,0.9201868317524412,-0.33433654235162635
2023-12-01 15:00:00+00:00,10:00,-0.2631195151654535,14.876254124764566,600,2.0126794510098533,-0.017687215676655946
2023-12-04 15:00:00+00:00,10:00,3.430769669916342,16.599574055861222,600,1.6264625176173917,0.20667817489599713
2023-12-05 14:45:00+00:00,09:45,10.732296246384378,24.249275489441235,600,1.8790155652102016,0.4425821402811601
2023-12-05 15:00:00+00:00,10:00,0.13718061250069669,26.557755760877264,600,1.878452176542684,0.005165369157539285
2023-12-06 12:00:00+00:00,07:00,3.7152412703925437,9.484934935117561,387,3.0541926071702323,0.3916991835797443
2023-12-06 13:15:00+00:00,08:15,2.1897199019738225,12.23873929450321,91,2.935241324711757,0.1789171130524279
2023-12-06 13:30:00+00:00,08:30,-3.7107288407890953,17.59168295664996,600,2.2009642562101073,-0.21093654597648234
2023-12-07 12:30:00+00:00,07:30,-1.2442847603247853,17.12982525735986,93,2.308872543847177,-0.07263849698584497
2023-12-07 13:30:00+00:00,08:30,4.022788140995327,20.690172654319802,600,2.621935878055418,0.19442989714034253
2023-12-07 15:00:00+00:00,10:00,-9.485592531670617,29.37139512936068,600,1.6264843817275512,-0.3229534208331999
2023-12-07 17:00:00+00:00,12:00,,,29,,
2023-12-07 20:00:00+00:00,15:00,-0.4903437945038538,21.385614756328238,94,1.9954954377164296,-0.02292867425561174
2023-12-08 13:30:00+00:00,08:30,8.278210038286277,21.703821632623427,600,1.848623439231243,0.3814171613833732
2023-12-08 15:00:00+00:00,10:00,-19.545897581298306,44.94318717093974,600,1.5146946238255201,-0.4349023469776679
2023-12-11 16:00:00+00:00,11:00,6.013535748005982,20.665739575746695,103,1.5889713751780976,0.2909905898099802
2023-12-12 11:00:00+00:00,06:00,1.5965417443063612,8.736827744442234,89,1.4664916129318781,0.18273700603997495
2023-12-12 13:30:00+00:00,08:30,11.877877756318206,19.278371842969648,600,0.9828494361981176,0.6161245282054137
2023-12-12 19:00:00+00:00,14:00,3.080129179214687,11.224638266006663,202,1.8110121571276014,0.2744078790086917
2023-12-13 12:00:00+00:00,07:00,-0.27279344684478346,4.873495804063274,388,5.656854249492378,-0.05597490134645076
2023-12-13 13:30:00+00:00,08:30,4.433417650265971e-09,0.0003869849629049359,600,0.0,1.1456304702348483e-05
2023-12-13 19:00:00+00:00,14:00,0.6705853490872717,14.731612309783753,202,5.656854249492378,0.04552015997881737
2023-12-14 13:30:00+00:00,08:30,4.433417650265968e-09,0.00038698496290493585,600,0.0,1.1456304702348478e-05
2023-12-14 15:00:00+00:00,10:00,-1.2803582431363623,17.420266510464998,600,5.656854249492378,-0.07349820063701114
2023-12-15 13:30:00+00:00,08:30,4.43341765026597e-09,0.00038698496290493585,600,0.0,1.1456304702348483e-05
2023-12-15 14:15:00+00:00,09:15,8.474634489333898,23.943518081836675,78,5.656854249492379,0.3539427439346382
2023-12-15 14:45:00+00:00,09:45,0.327825824448035,17.54177789745713,600,5.656854249492379,0.018688289543077437
2023-12-18 13:30:00+00:00,08:30,-8.163802942939338,22.76854896629045,600,2.300402020880053,-0.35855613614315535
2023-12-18 15:00:00+00:00,10:00,7.067262837807461,24.439611905258243,600,2.240875084625862,0.28917246579872746
2023-12-19 13:30:00+00:00,08:30,-8.205806909465059,15.117663595943911,600,2.8750887949327586,-0.5427959722338767
2023-12-19 21:00:00+00:00,16:00,2.7048079110015495,8.046565717384627,83,1.6500125073596257,0.33614438830193166
2023-12-20 12:00:00+00:00,07:00,1.5551169242476108,6.758841557075073,389,2.4619882939954314,0.23008631155434225
2023-12-20 13:30:00+00:00,08:30,1.2489453299708781,36.5061945917209,600,1.6476541684871158,0.03421187401039389
2023-12-20 15:00:00+00:00,10:00,-5.534638268480335,29.367155774187186,600,2.9572485468795526,-0.18846354447934346
2023-12-21 13:30:00+00:00,08:30,-3.0986764454162103,13.047848925514556,600,2.127724034293127,-0.2374856164495337
2023-12-21 15:00:00+00:00,10:00,12.022740853920693,22.81787527454798,600,2.5350185268070966,0.5269001039431294
2023-12-21 16:00:00+00:00,11:00,8.227485845184644,39.90425743741419,103,2.32702318801916,0.2061806527308177
2023-12-22 13:30:00+00:00,08:30,4.749353203825888,16.424341637617957,600,1.331378937000169,0.28916551473503643
2023-12-22 15:00:00+00:00,10:00,11.625288172908904,17.760610303581917,600,0.7757745289480753,0.6545545436895457
2023-12-22 16:00:00+00:00,11:00,1.6258308674507458,20.58807070955045,103,1.3093774547322032,0.07896955913875654
2023-12-26 13:30:00+00:00,08:30,5.532707462212448,10.224591470146791,600,2.3875082224615114,0.5411177041514615
2023-12-26 14:00:00+00:00,09:00,-0.8851102390801663,9.54387747344641,135,1.5027732929891928,-0.09274115699229972
2023-12-26 15:30:00+00:00,10:30,0.37777275687694756,15.41901799143457,105,1.3113443054410348,0.024500442057127397
2023-12-27 15:00:00+00:00,10:00,4.782028538096437,20.774458962533778,600,1.085213475627924,0.2301878738079633
2023-12-27 15:30:00+00:00,10:30,-4.972630237725658,15.858398691046272,105,1.9583440025565424,-0.3135644609902026
2023-12-28 13:30:00+00:00,08:30,5.543803678046736,27.457555244327892,600,2.3943764777158103,0.2019044896282949
2023-12-28 15:00:00+00:00,10:00,5.706525889875646,43.83859167599905,600,2.2116126642357377,0.13017128679797169
2023-12-29 14:45:00+00:00,09:45,6.7171833940376215,37.892757561431345,600,1.6985654380716613,0.17726826513345706
2024-01-02 14:45:00+00:00,09:45,-1.841414349647487,24.699330269255604,600,0.8412363137893158,-0.07455320972567343
2024-01-02 15:00:00+00:00,10:00,-3.0302353816928655,20.13904067783043,600,1.5660714322539842,-0.1504657262561978
2024-01-03 12:00:00+00:00,07:00,-0.6403911027438003,6.376380291622176,390,2.8766810335440742,-0.10043176119611308
2024-01-03 15:00:00+00:00,10:00,4.172894482434862,21.261159192519806,600,1.6446643559785101,0.19626843694877127
2024-01-03 19:00:00+00:00,14:00,-4.0033220909750495,12.801308732877315,203,2.0132188764953263,-0.312727563603978
2024-01-04 12:30:00+00:00,07:30,-0.3539478374708628,13.592651805512528,94,1.661990143616238,-0.02603964572441402
2024-01-04 13:15:00+00:00,08:15,0.5879306812828858,13.733095355210251,92,2.4132768611066022,0.04281122835572743
2024-01-04 13:30:00+00:00,08:30,0.12034704493705384,13.544894061116088,600,2.8320957880831696,0.008885048815740782
2024-01-04 14:45:00+00:00,09:45,-17.520691104920267,24.53746446678062,600,2.1550709136095425,-0.7140383689048304
2024-01-05 13:30:00+00:00,08:30,-0.02005439442206991,10.603039409809387,600,2.330117972083972,-0.0018913816734017431
2024-01-05 15:00:00+00:00,10:00,7.314389712652753,30.666460292921457,600,1.8223697703737403,0.2385143131221143
2024-01-08 16:00:00+00:00,11:00,-0.8822163031741063,14.310542814663913,104,2.596856074889655,-0.06164799718638942
2024-01-08 20:00:00+00:00,15:00,1.0848856505216098,6.294236301044618,95,2.4007882250939128,0.1723617606065342
2024-01-09 11:00:00+00:00,06:00,-0.06842209408343994,8.891052312512041,90,1.68531877290083,-0.007695612586504762
2024-01-09 13:30:00+00:00,08:30,-2.5781461298845505,16.54366602698381,600,1.9745506140679747,-0.15583886459503135
2024-01-10 12:00:00+00:00,07:00,-0.8552875402396556,8.568229968319566,391,1.845747012044881,-0.0998207965241388
2024-01-10 15:00:00+00:00,10:00,-1.0734921807245765,29.010072274805815,600,1.8105301203151971,-0.03700411948497161
2024-01-11 13:30:00+00:00,08:30,-7.158487878877614,37.420063213279825,600,1.2255829915179257,-0.19130079599483876
2024-01-11 19:00:00+00:00,14:00,-3.7977068288121387,13.992761217973408,203,1.6312014985809191,-0.2714051050863402
2024-01-12 13:30:00+00:00,08:30,2.4769898112840467,21.336065447966106,600,2.0743149111739094,0.11609402948846737
2024-01-16 13:30:00+00:00,08:30,-4.6856765402849465,13.273763425125226,600,1.0952953435726147,-0.3530028666486303
2024-01-17 12:00:00+00:00,07:00,2.9598273422947385,3.3253848588428863,391,2.0986866703166465,0.8900706137588692
2024-01-17 13:30:00+00:00,08:30,1.2978979928949141,21.1868453275874,600,2.2355521952087214,0.061259615238938886
2024-01-17 14:15:00+00:00,09:15,-0.8662537344766889,15.56329947242749,78,2.4541287546702595,-0.055660031217119196
2024-01-17 15:00:00+00:00,10:00,-11.254536157615174,23.650135609210313,600,2.673525108910941,-0.47587617862251097
2024-01-18 13:30:00+00:00,08:30,3.91474633683988,16.343654651557763,600,1.4682260403534024,0.23952698587318436
2024-01-19 15:00:00+00:00,10:00,11.222058416992061,89.54337705267804,600,1.4739826219299204,0.1253253873861622
2024-01-19 21:00:00+00:00,16:00,-3.89007512149193,8.23959825769446,84,2.4751072680833905,-0.472119513576918
2024-01-22 15:00:00+00:00,10:00,8.754111260302304,16.701425395482637,600,1.101949334292381,0.5241535409708261
2024-01-23 13:30:00+00:00,08:30,7.293914105711036,29.880963921843808,600,2.097387856863341,0.2440990232038326
2024-01-23 15:00:00+00:00,10:00,7.489918826009514,77.8130520006669,600,2.462638137396278,0.09625530207895357
2024-01-24 12:00:00+00:00,07:00,-2.024545474810793,14.672384128659845,392,1.859699803143212,-0.13798340181512903
2024-01-24 14:45:00+00:00,09:45,10.635528827304435,30.10027953979483,600,2.0221762162479684,0.35333654670028786
2024-01-25 13:30:00+00:00,08:30,-4.911457959202986,26.160443235181745,600,1.3672272331345625,-0.18774368289746082
2024-01-25 15:00:00+00:00,10:00,-4.179443578052717,10.972274675424037,600,1.6693957961697432,-0.3809094924878188
2024-01-25 16:00:00+00:00,11:00,3.906175642456656,16.80852252705525,106,1.4227459253346237,0.23239256372291006
2024-01-26 13:30:00+00:00,08:30,0.1966401171178599,13.233589314808823,600,1.6800721914331862,0.014859167262944537
2024-01-26 15:00:00+00:00,10:00,-4.171404587281745,22.60744371694948,600,2.295862357211756,-0.18451465099321768
2024-01-26 16:00:00+00:00,11:00,4.370942381122265,21.02236063847689,106,1.490131435831889,0.2079187231296089
2024-01-29 15:30:00+00:00,10:30,0.43705903662746315,18.45386319069677,107,1.5135217906458711,0.02368387757679919
2024-01-30 14:00:00+00:00,09:00,3.325336853066998,12.228591116276393,136,3.713077552283778,0.2719313142002873
2024-01-30 15:00:00+00:00,10:00,-8.214355262748581,19.86833374817411,600,2.478983425606882,-0.4134395650316412
2024-01-30 15:30:00+00:00,10:30,-2.795956164205729,13.557518621693367,107,2.1131125181365786,-0.2062291959335334
2024-01-31 12:00:00+00:00,07:00,0.9210766686844529,5.5403554132596975,393,1.9490644882142154,0.16624866095775118
2024-01-31 13:15:00+00:00,08:15,-0.8496677643710062,15.676522259711337,93,1.9223001891858982,-0.05420001645101174
2024-01-31 13:30:00+00:00,08:30,-3.3127338243481805,17.076838591252695,600,1.5591847571990773,-0.19398987737959117
2024-01-31 14:45:00+00:00,09:45,-4.233919414485612,24.07469201938399,600,2.073764432389334,-0.17586598453997368
2024-01-31 19:00:00+00:00,14:00,13.327551906205288,33.97985005402007,204,2.0651939337968934,0.3922192677430176
2024-02-01 12:30:00+00:00,07:30,0.23060759066840514,11.876750632747223,95,1.7353297542603476,0.01941672413602432
2024-02-01 13:30:00+00:00,08:30,-3.9549690802342887,15.7474998525489,600,0.8356227131306114,-0.2511490152256858
2024-02-01 14:45:00+00:00,09:45,-2.254754255954671,13.105589961114896,600,1.4318600587837391,-0.17204523128258
2024-02-01 15:00:00+00:00,10:00,5.587258527007961,17.248579816218154,600,2.2968785888502663,0.3239257136842353
2024-02-02 13:30:00+00:00,08:30,-9.684791175890696,44.0161023830225,600,1.3794405544028523,-0.22002836806437065
2024-02-02 15:00:00+00:00,10:00,4.70303882518755,19.47925409656551,600,2.0218751784872406,0.24143834265280043
2024-02-05 14:45:00+00:00,09:45,-8.198186372644905,22.05306286510902,600,1.7353179070337161,-0.37174819764448974
2024-02-05 15:00:00+00:00,10:00,-1.5183837335561559,33.7845441689253,600,2.7266951882090407,-0.04494314695986784
2024-02-07 12:00:00+00:00,07:00,3.324050520944286,8.013148634032044,394,1.196182465682451,0.4148245181459582
2024-02-07 13:30:00+00:00,08:30,6.543471225791951,13.845447014577552,600,1.4247696145595683,0.4726081591228135
2024-02-07 20:00:00+00:00,15:00,-0.5500164796947995,7.187539355161896,96,2.1792165580422447,-0.0765236129524345
2024-02-08 13:30:00+00:00,08:30,0.0530475606198918,13.155021975221974,600,1.781325258297727,0.004032495021278494
2024-02-08 15:00:00+00:00,10:00,-15.498972911460106,24.898871040924494,600,1.7471741045870814,-0.622476934234711
2024-02-12 16:00:00+00:00,11:00,-5.030890750477303,25.916382391733567,107,1.2063949388496822,-0.19412010034556304
2024-02-12 19:00:00+00:00,14:00,-4.136618758681226,17.77218375169975,205,1.80043506264443,-0.23275804574581868
2024-02-13 11:00:00+00:00,06:00,2.5322398895706373,10.690184925510886,91,1.8040214461928903,0.23687521845648718
2024-02-13 13:30:00+00:00,08:30,-18.33084960460404,35.79185582787567,600,0.846640387530417,-0.5121514149128717
2024-02-14 12:00:00+00:00,07:00,2.2690542758773486,7.230597953493493,395,1.2023381419351007,0.31381281195160987
2024-02-15 13:30:00+00:00,08:30,-0.20079672489313688,20.234564711690265,600,1.352953437820174,-0.009923451665709869
2024-02-15 14:15:00+00:00,09:15,8.14119624135271,17.74576510395084,79,1.9683752112969166,0.4587683987511019
2024-02-15 15:00:00+00:00,10:00,8.606407835577409,23.46766504917321,600,1.007182448261555,0.3667347312799925
2024-02-15 21:00:00+00:00,16:00,-2.8522517838527492,13.496740839254615,85,1.4037765002416445,-0.2113289288001377
2024-02-16 13:30:00+00:00,08:30,-10.919386262755792,32.44794567057844,600,1.464020624897887,-0.33652011050600156
2024-02-16 15:00:00+00:00,10:00,-0.3732244292050062,31.114257129767754,600,1.563861871303432,-0.011995286522458333
2024-02-20 13:30:00+00:00,08:30,-2.1992289654827433,12.21054372796237,600,2.385570604504798,-0.18010901188998393
2024-02-20 15:00:00+00:00,10:00,-0.9323765834869038,46.87162829625246,600,2.0232746283336924,-0.01989213128235723
2024-02-21 12:00:00+00:00,07:00,5.494629180906637,8.883978676903354,396,1.7642961164315456,0.6184874345986019
2024-02-21 19:00:00+00:00,14:00,15.267302479755097,32.72239618167607,206,3.072930678993096,0.46657043069188503
2024-02-22 13:30:00+00:00,08:30,-5.006541007165385,13.62711588645449,600,1.080523056151375,-0.3673954965145592
2024-02-22 14:45:00+00:00,09:45,-0.8369863539261692,30.74804336966249,600,1.9622559140872615,-0.027220800486836196
2024-02-22 15:00:00+00:00,10:00,6.517363893304247,21.106237805074272,600,0.8993832033247868,0.30878851804357904
2024-02-26 15:00:00+00:00,10:00,11.909583523458402,17.727041463499155,600,1.1309082544072868,0.6718314247744507
2024-02-26 15:30:00+00:00,10:30,3.2466667930176145,20.143745942845687,109,1.7893075308941953,0.16117492755465923
2024-02-27 13:30:00+00:00,08:30,-3.5027933624918424,24.27906742351543,600,1.1036484855926383,-0.14427215433732932
2024-02-27 14:00:00+00:00,09:00,-3.0472738158536337,9.283741291543757,137,2.324917799986362,-0.3282376921284193
2024-02-27 15:00:00+00:00,10:00,-11.105778877151039,26.21313409027226,600,1.5366677745389279,-0.4236723025528036
2024-02-27 15:30:00+00:00,10:30,2.998349957804671,19.868710964957582,109,2.3197312915377113,0.15090812700898698
2024-02-28 12:00:00+00:00,07:00,2.477821615005357,7.462788056336918,397,1.7136051101928838,0.3320235810397095
2024-02-28 13:30:00+00:00,08:30,3.543520720336754,12.908921298071542,600,1.4882060732411435,0.27450169061501045
2024-02-29 13:30:00+00:00,08:30,13.729435404866697,31.66464256284559,600,1.4127609530798548,0.43358883264251447
2024-02-29 14:45:00+00:00,09:45,-1.1638539727192683,18.418106286673964,600,2.5428974589749487,-0.06319075124250698
2024-02-29 15:00:00+00:00,10:00,10.261925796025263,27.01041588871735,600,1.8954511154784246,0.37992476081465376
2024-02-29 16:00:00+00:00,11:00,8.626792424926927,34.0983761098096,109,3.1607994420642838,0.25299716318294485
2024-03-01 14:45:00+00:00,09:45,2.452833178899297,12.43496130252232,600,2.1863523029711964,0.1972529804657906
2024-03-01 15:00:00+00:00,10:00,5.452259308038721,28.15503887602341,600,0.9973834351594434,0.1936512796891152
2024-03-01 16:00:00+00:00,11:00,-0.6209957756765846,21.078711349385053,109,1.7797935693524178,-0.02946080362235718
2024-03-05 14:45:00+00:00,09:45,-12.404096993069818,32.50482456817867,600,1.0165182992016835,-0.38160787384199846
2024-03-05 15:00:00+00:00,10:00,-18.431867213912767,37.15166257160339,600,2.0935963189568585,-0.49612496287046476
2024-03-06 12:00:00+00:00,07:00,-1.5857224901396652,6.572566503387444,398,3.534008273798009,-0.24126381822418952
2024-03-06 13:15:00+00:00,08:15,4.826164277062839,13.304927597442763,94,1.8925576608128845,0.362735102593902
2024-03-06 15:00:00+00:00,10:00,7.205320988429102,28.316293844290183,600,1.2402900586045986,0.2544584763829188
2024-03-07 12:30:00+00:00,07:30,1.1669838253485372,8.913592045891017,96,2.056168223497766,0.1309218348046894
2024-03-07 13:30:00+00:00,08:30,-1.0079345952298198,15.013855885745794,600,1.1989277117207182,-0.06713362662464052
2024-03-07 17:00:00+00:00,12:00,10.822795856234363,20.69043156275823,30,1.7651492980818215,0.5230821707805683
2024-03-07 20:00:00+00:00,15:00,4.37947833331096,11.422384531632165,97,2.1264544505153498,0.3834119155402982
2024-03-08 13:30:00+00:00,08:30,1.6372003902772203,17.683852088085203,600,1.7440316753134713,0.09258166049580974
2024-03-11 15:00:00+00:00,11:00,0.8530856513919693,27.289086423592213,110,2.093235691333718,0.031261055725722346
2024-03-12 10:00:00+00:00,06:00,1.6717244832994753,8.093872072902032,92,1.6154192293505731,0.20654199476371063
2024-03-12 12:30:00+00:00,08:30,-5.037501223836732,36.18482022553603,600,1.601038228591731,-0.1392158698713587
2024-03-12 18:00:00+00:00,14:00,-1.4001782632379187,17.12392926776709,207,1.106217526097672,-0.08176734681294896
2024-03-13 11:00:00+00:00,07:00,-0.27279344684478346,4.873495804063274,399,5.656854249492378,-0.05597490134645076
2024-03-14 12:30:00+00:00,08:30,1.3368121855323424e-09,0.00043383459453681417,600,0.0,3.081386782812e-06
2024-03-14 14:00:00+00:00,10:00,-2.4755010786892013,16.775293218167977,600,5.656854249492378,-0.14756827475350381
2024-03-15 12:30:00+00:00,08:30,1.336812185532343e-09,0.0004338345945368142,600,0.0,3.0813867828120013e-06
2024-03-15 13:15:00+00:00,09:15,10.8020906584007,23.16807329717769,80,5.656854249492379,0.46624898496486544
2024-03-15 14:00:00+00:00,10:00,-2.4755010786892013,16.775293218167977,600,5.656854249492378,-0.14756827475350381
2024-03-18 12:30:00+00:00,08:30,-3.1282852626225135,14.81629907877091,600,1.9418827096587459,-0.21113810176151096
2024-03-18 14:00:00+00:00,10:00,11.403455034404445,34.787029056074104,600,1.8539072532443264,0.3278076726823358
2024-03-19 12:30:00+00:00,08:30,-4.720382806851115,22.013732276679352,600,2.2827006672646823,-0.21442900947113536
2024-03-19 20:00:00+00:00,16:00,1.3435438401236655,5.962951173942285,86,1.482360708964946,0.22531525094400673
2024-03-20 11:00:00+00:00,07:00,2.698210865299278,6.983157314844349,400,2.8256490511274723,0.38638838331245867
2024-03-20 18:00:00+00:00,14:00,1.944398887707396,15.937877593715843,208,1.6107439086782023,0.12199860842663608
2024-03-21 12:30:00+00:00,08:30,11.430674960475404,26.152826652915202,600,2.2168653530651485,0.4370722565547709
2024-03-21 13:45:00+00:00,09:45,4.333365576134968,19.01164173423685,600,1.0240834517673651,0.2279322131518651
2024-03-21 14:00:00+00:00,10:00,-2.437741871485765,15.200780388259234,600,1.5030223241879554,-0.16036952111804903
2024-03-25 12:30:00+00:00,08:30,-2.6516015113617954,14.087590153954581,600,2.089235224119449,-0.18822250522510084
2024-03-25 14:00:00+00:00,10:00,-2.383813861262045,39.37471737721452,600,1.8548673608451527,-0.06054173896474791
2024-03-25 14:30:00+00:00,10:30,4.2442079070775085,13.778483235776502,111,3.581260367544247,0.3080315760777802
2024-03-26 12:30:00+00:00,08:30,-6.250531322539535,11.152973208685001,600,2.276529414562654,-0.5604363254160913
2024-03-26 13:00:00+00:00,09:00,-4.090566340160478,4.188471672143786,138,1.7679376969651759,-0.9766250461631518
2024-03-26 14:00:00+00:00,10:00,0.7402853245420431,24.61857817839592,600,2.7242892512704606,0.030070190048249085
2024-03-26 14:30:00+00:00,10:30,-1.3454872993151181,14.831950418839835,111,1.3709404849322062,-0.09071546636280915
2024-03-27 11:00:00+00:00,07:00,-0.08500780803589031,8.624149625866606,401,1.9216125567139783,-0.009856949580388132
2024-03-28 12:30:00+00:00,08:30,-2.0905645749672885,22.40590475909904,600,2.0140842534247514,-0.09330418019019339
2024-03-28 13:45:00+00:00,09:45,-5.4499367020768705,27.248675656635836,600,2.133308708430991,-0.20000739745124657
2024-03-28 14:00:00+00:00,10:00,27.392684569190475,60.08143398889097,600,1.4010101042567036,0.45592594501415146
2024-03-28 15:00:00+00:00,11:00,4.534719948769027,26.105042280797644,112,1.4117979315054232,0.1737105000632264
2024-03-29 12:30:00+00:00,08:30,-9.180087712113809e-09,0.0006267709161245395,600,0.0,-1.4646639587038086e-05
2024-03-29 15:00:00+00:00,11:00,3.0904165893047626,34.559132979145964,112,5.656854249492379,0.08942401972785644
2024-04-01 13:45:00+00:00,09:45,-10.099108739640142,35.07756167979209,600,1.5867972462540285,-0.28790794616314963
2024-04-01 14:00:00+00:00,10:00,-2.3875757664557518,27.66060565630349,600,0.9809631644179009,-0.08631682892712274
2024-04-02 14:00:00+00:00,10:00,-11.722046537014485,21.476475613125736,600,1.3496145759331875,-0.5458086675008419
2024-04-03 11:00:00+00:00,07:00,-0.31870700623488224,13.280461225668004,401,1.913479643967761,-0.023998188076397274
2024-04-03 12:15:00+00:00,08:15,2.231338156804897,10.371141202010383,95,1.7074782755143645,0.215148758785809
2024-04-03 13:45:00+00:00,09:45,-1.4194633887077082,25.999552446576367,600,2.1411697149278472,-0.05459568550744895
2024-04-03 14:00:00+00:00,10:00,8.652050102817295,22.03073254809339,600,2.5065430654532097,0.39272639182241226
2024-04-04 11:30:00+00:00,07:30,-2.5845765203923032,14.561804043795947,97,1.7469043480470934,-0.17749013189704757
2024-04-04 12:30:00+00:00,08:30,3.653159676938315,15.84742198082365,600,2.7352063183321382,0.23052075481796733
2024-04-05 12:30:00+00:00,08:30,2.0615598783605678,26.083328423498273,600,2.6012488903622106,0.07903745430369707
2024-04-05 19:00:00+00:00,15:00,5.933558081168307,25.631077915028612,98,1.8153793582718598,0.23149857765791446
2024-04-08 15:00:00+00:00,11:00,9.825559252671487,34.63437315141018,113,2.8041131039188274,0.28369386706429905
2024-04-09 10:00:00+00:00,06:00,6.119128313359735,10.280596316335759,93,1.9594272886435982,0.5952114181972602
2024-04-10 11:00:00+00:00,07:00,-0.12951353629634654,12.332131414575692,402,1.862695662890965,-0.010502120999397627
2024-04-10 12:30:00+00:00,08:30,-15.293900937711726,33.312569219866724,600,0.7306505773830506,-0.459103014143708
2024-04-10 14:00:00+00:00,10:00,-3.527848986148146,22.56019870179664,600,2.3446585012794596,-0.15637490754313244
2024-04-10 18:00:00+00:00,14:00,-9.485379678102332,21.850695318491905,210,2.7814138224474676,-0.4340996723374291
2024-04-11 12:30:00+00:00,08:30,8.41217351601345,31.145226925595935,600,1.5075205574638186,0.2700951107567662
2024-04-12 12:30:00+00:00,08:30,-6.86160360461042,20.19759373883081,600,1.2051669616543526,-0.3397238152888811
2024-04-12 14:00:00+00:00,10:00,6.8628498941577165,28.810916029144053,600,2.6853124779972677,0.23820311326496915
2024-04-15 12:30:00+00:00,08:30,1.683739344931185,11.640592730994701,600,1.901286969438809,0.14464378093462493
2024-04-15 14:00:00+00:00,10:00,-12.454625603557846,21.454986474537378,600,2.206667996791341,-0.5805002775619973
2024-04-16 12:30:00+00:00,08:30,-2.545098933479595,13.83001787524055,600,1.8028183080264788,-0.18402716152927076
2024-04-16 13:15:00+00:00,09:15,12.19112647199729,17.05191166076866,80,2.255680316688519,0.7149419205616353
2024-04-17 11:00:00+00:00,07:00,4.462897721881419,7.568448605659379,403,1.932042998892195,0.5896714048562404
2024-04-17 20:00:00+00:00,16:00,0.051873312146127004,6.825970240809627,87,2.31992888739618,0.007599404966051291
2024-04-18 12:30:00+00:00,08:30,1.0271523433259724,13.67245367870177,600,1.9425965021571383,0.07512567732637605
2024-04-18 14:00:00+00:00,10:00,-3.106950276699661,26.818996115565163,600,1.906151626423752,-0.11584886560673516
2024-04-22 12:30:00+00:00,08:30,0.12311780142365869,16.684990012784294,600,1.2211464826404805,0.007378955655911328
2024-04-23 12:30:00+00:00,08:30,9.112139997964208,17.735771790009277,600,1.775770804407519,0.5137718338875538
2024-04-23 13:45:00+00:00,09:45,3.988375074863679,29.786028701989824,600,2.1667517179278946,0.1339008672410646
2024-04-23 14:00:00+00:00,10:00,-7.276421822690375,31.61784901200578,600,1.8800036058465852,-0.23013652256759803
2024-04-24 11:00:00+00:00,07:00,0.17128817124996293,4.776226591609607,404,2.1974733012769936,0.035862656003562456
2024-04-24 12:30:00+00:00,08:30,-2.1410164417397337,18.573658252472566,600,3.1745874313304716,-0.11527166122240443
2024-04-25 12:30:00+00:00,08:30,-13.246059605567725,41.23367016223194,600,1.311163005153436,-0.321243768829011
2024-04-25 14:00:00+00:00,10:00,18.052148428064953,50.09663860878835,600,1.0812098086584647,0.360346500870781
2024-04-25 15:00:00+00:00,11:00,2.3898751786629155,22.048635343925426,114,1.4067402093957329,0.10839107007687644
2024-04-26 12:30:00+00:00,08:30,12.048944586444142,29.207951930055216,600,1.1026703437628353,0.4125227477536924
2024-04-26 14:00:00+00:00,10:00,1.895119947456931,16.1984677076398,600,1.033248231381356,0.11699377877347755
2024-04-26 15:00:00+00:00,11:00,-0.5511909403888339,23.225812038707225,114,1.2615819078686699,-0.023731826446810156
2024-04-29 14:30:00+00:00,10:30,-1.5867889336791725,21.133769708541617,113,2.3099290791042217,-0.07508309949255487
2024-04-30 12:30:00+00:00,08:30,-18.091561021779704,40.728374800526964,600,0.968649861919681,-0.44420041581294883
2024-04-30 13:00:00+00:00,09:00,0.5675285628362072,8.230610069917715,139,3.606103273717203,0.06895340175456532
2024-04-30 13:45:00+00:00,09:45,-2.986355033384338,26.32648159552362,600,3.0633799300418123,-0.11343540239315981
2024-04-30 14:00:00+00:00,10:00,5.033719908526804,41.594334894107774,600,2.085603166414589,0.12101936288539805
2024-04-30 14:30:00+00:00,10:30,-6.052846710048205,18.000807031295206,113,2.1720856437298264,-0.3362541856887339
2024-05-01 11:00:00+00:00,07:00,0.6072067366769478,6.096182943011593,405,2.1071649195748132,0.09960441514850271
2024-05-01 12:15:00+00:00,08:15,-1.8515601886996838,15.411213613627302,96,2.027142645378206,-0.12014369764250424
2024-05-01 13:45:00+00:00,09:45,12.427067511930865,45.50278286661394,600,1.242326728345279,0.2731056592375757
2024-05-01 14:00:00+00:00,10:00,-0.3056046781103794,25.551399209153185,600,1.4368104723215818,-0.011960389159467389
2024-05-01 18:00:00+00:00,14:00,-2.550621191005819,32.54329053191308,211,1.9042246903682887,-0.07837625357843245
2024-05-02 11:30:00+00:00,07:30,-1.7123721693669125,9.989883141455195,98,1.884428157489884,-0.17141063064702441
2024-05-02 12:30:00+00:00,08:30,-0.004138657922110989,15.915087354674856,600,1.7316070005944286,-0.0002600461957813452
2024-05-02 14:00:00+00:00,10:00,-9.382331970051615,17.73508302016762,600,1.1565084414593987,-0.5290266732544981
2024-05-03 12:30:00+00:00,08:30,18.6979718904584,29.83890969967209,600,0.683224984293629,0.6266305330406855
2024-05-03 13:45:00+00:00,09:45,14.240528808173408,37.702487846610055,600,1.9800260887978847,0.37770793445010864
2024-05-03 14:00:00+00:00,10:00,-1.9261357267773458,26.194488845531797,600,2.723059077085832,-0.07353209822629932
2024-05-07 19:00:00+00:00,15:00,-3.345286564602746,7.036662089080832,99,2.851880355700869,-0.47540815833601097
2024-05-08 11:00:00+00:00,07:00,1.470651845919809,7.758774655354494,406,2.232365037327584,0.18954692090520778
2024-05-08 14:00:00+00:00,10:00,9.88194910054453,25.114495543077023,600,2.4383675481135487,0.3934759144811314
2024-05-09 12:30:00+00:00,08:30,17.89750987737034,48.983070911663894,600,2.2052497745433466,0.3653815398721473
2024-05-10 14:00:00+00:00,10:00,3.4019231124759113,19.589210039818994,600,1.8893498714679544,0.1736631086991676
2024-05-10 18:00:00+00:00,14:00,-5.997364719449482,22.000933960468984,211,2.5930989600891117,-0.27259591480186596
2024-05-13 15:00:00+00:00,11:00,7.732804798977821,23.408712216995117,115,1.4296662791587544,0.3303387528239881
2024-05-14 10:00:00+00:00,06:00,-2.969281421073359,11.259815164345314,94,4.998693285098791,-0.26370605358387367
2024-05-14 12:30:00+00:00,08:30,-22.870579738132577,33.73526379616697,600,0.6210445562432243,-0.6779428160490968
2024-05-15 11:00:00+00:00,07:00,-0.339151534821645,16.365133719543714,407,2.351294324607422,-0.020724030773828662
2024-05-15 12:30:00+00:00,08:30,18.095798460677994,30.90353218039733,600,1.5134861619964857,0.5855576105360696
2024-05-15 14:00:00+00:00,10:00,2.0274738647017005,27.256675602319536,600,1.4242131124492046,0.0743844881996234
2024-05-15 20:00:00+00:00,16:00,1.488621178771938,5.868857182083358,88,1.472691776632474,0.25364753862412087
2024-05-16 12:30:00+00:00,08:30,-1.96234737314027,14.334435602382332,600,1.5529770589436052,-0.13689742851222791
2024-05-16 13:15:00+00:00,09:15,6.624772620954897,18.334708794992405,81,1.7016430316611082,0.3613241254622087
2024-05-17 14:00:00+00:00,10:00,-5.7754486706657335,56.87403129782291,600,1.4441845761569,-0.10154807983317357
2024-05-21 12:30:00+00:00,08:30,-3.0931742621500566,6.9454628361825,600,2.160515733417715,-0.4453517836185251
2024-05-22 11:00:00+00:00,07:00,0.7295579506521754,7.061657030112418,408,3.0366315155937467,0.10331257204097907
2024-05-22 14:00:00+00:00,10:00,2.205649554694331,17.290240045651704,600,1.3876483627322183,0.1275661615379959
2024-05-22 18:00:00+00:00,14:00,-1.359553751069724,26.203048170507646,212,1.4113047514571657,-0.05188532808178952
2024-05-23 12:30:00+00:00,08:30,3.6750386704308577,15.438257582780201,600,1.4571948506606047,0.2380475031411568
2024-05-23 13:45:00+00:00,09:45,-15.7123851317472,28.87354458027421,600,0.5999868878588221,-0.544179294927356
2024-05-23 14:00:00+00:00,10:00,-6.470654982904034,21.31285738229969,600,0.980563674125422,-0.30360335392090165
2024-05-23 15:00:00+00:00,11:00,0.15660427796179394,14.84683438135912,117,1.653988488259535,0.01054799117032098
2024-05-24 12:30:00+00:00,08:30,-10.593002776865049,19.219315995233565,600,1.1547743972557514,-0.5511644004132165
2024-05-24 14:00:00+00:00,10:00,13.4370928523201,39.339569279494924,600,1.7627694058704741,0.341566852368258
2024-05-24 15:00:00+00:00,11:00,-2.147409935959532,20.080207622702122,117,2.4165641624966008,-0.10694162014200143
2024-05-28 13:00:00+00:00,09:00,-2.1671680636309287,8.752433068752628,140,2.169155229251215,-0.2476074991499235
2024-05-28 14:00:00+00:00,10:00,11.195168628722271,26.505823722020533,600,2.3518597176564255,0.4223663729952878
2024-05-28 14:30:00+00:00,10:30,-3.839832412869117,16.330428370077,115,2.5618473813609457,-0.23513360004107542
2024-05-29 11:00:00+00:00,07:00,-0.050199159463437684,5.313706823260395,409,2.3356976063483303,-0.009447107477532302
2024-05-29 14:00:00+00:00,10:00,2.758592753086016,25.05428596696248,600,2.3097150558659405,0.11010462468272295
2024-05-29 14:30:00+00:00,10:30,-5.946805708248692,15.136428406506612,115,2.7122554519722684,-0.3928803776254359
2024-05-30 12:30:00+00:00,08:30,2.2733123137382005,25.44173952254525,600,2.032331251541565,0.08935365098458381
2024-05-30 14:00:00+00:00,10:00,4.015491805997922,37.956788288342366,600,1.555485580512225,0.10579113742432196
2024-05-31 12:30:00+00:00,08:30,1.3604688382953893,17.839882972673678,600,0.955761833283135,0.07625996428223737
2024-05-31 13:45:00+00:00,09:45,2.343861544569232,13.158970135123013,600,1.3085344689498803,0.17811891967998003
2024-06-03 13:45:00+00:00,09:45,-8.407478508247152,19.844854192545874,600,1.8854327134906645,-0.4236603820150601
2024-06-03 14:00:00+00:00,10:00,-2.1728773944243645,25.851065931602648,600,1.2374856925255138,-0.08405368661290076
2024-06-04 14:00:00+00:00,10:00,0.8939594951612879,23.72617235690343,600,0.977619315331241,0.037678201174374384
2024-06-05 11:00:00+00:00,07:00,2.2132865026260213,6.522043176228223,410,2.469636013025735,0.33935477622918647
2024-06-05 12:15:00+00:00,08:15,0.16533987728835836,12.065284743030341,97,3.1503700916359234,0.013703769186539004
2024-06-05 13:45:00+00:00,09:45,-1.567353156835019,22.140011763062443,600,1.024594997042983,-0.07079278789950472
2024-06-05 14:00:00+00:00,10:00,-3.078855896029001,33.42811377326596,600,1.1316629313076785,-0.0921037877551831
2024-06-06 11:30:00+00:00,07:30,2.3029248922964642,9.548298087051185,99,2.8158945091043086,0.24118694989419628
2024-06-06 12:30:00+00:00,08:30,-0.19487801902590557,21.050416915322348,600,1.9557378995869241,-0.009257679779446847
2024-06-07 12:30:00+00:00,08:30,-19.95679912556598,36.172778220666665,600,0.524761272036707,-0.5517076682311347
2024-06-07 14:00:00+00:00,10:00,2.2362549367848414,20.688325496734798,600,2.2922608260081994,0.10809260213630077
2024-06-07 16:00:00+00:00,12:00,2.353224691726734,34.65030075425503,31,2.239822036733691,0.06791354304299249
2024-06-07 19:00:00+00:00,15:00,-1.7461552258033595,6.9420573753555574,100,2.2076573215287256,-0.25153281388918586
2024-06-10 15:00:00+00:00,11:00,2.9072979181009257,17.61156612304432,118,1.4424109329111563,0.16507889745800602
2024-06-11 10:00:00+00:00,06:00,2.962063299523701,7.401276359559244,95,1.77300814996261,0.4002097956655811
2024-06-12 11:00:00+00:00,07:00,-0.9678672895999767,8.850931227302096,411,1.613393327557659,-0.10935202915309489
2024-06-12 12:30:00+00:00,08:30,15.161387493264572,30.996386418335454,600,0.6678696553491485,0.4891340328721698
2024-06-12 18:00:00+00:00,14:00,-2.1453922567847448,24.601356753925657,214,1.8909885276363907,-0.08720625769724684
2024-06-13 12:30:00+00:00,08:30,15.66123863058285,25.183498326261862,600,1.3254811573029455,0.6218849513155602
2024-06-14 12:30:00+00:00,08:30,1.5223403876799866,19.22301562160341,600,1.4867613740225503,0.07919363005506452
2024-06-14 14:00:00+00:00,10:00,-6.65346864267894,32.52648784401729,600,1.7218412877639948,-0.20455539726840613
2024-06-17 12:30:00+00:00,08:30,-10.02833792037343,19.697545223067493,600,1.7139112927792124,-0.50911612623838
2024-06-18 12:30:00+00:00,08:30,-3.299312719361441,14.560820436295808,600,5.656854249492378,-0.22658838035920234
2024-06-18 13:15:00+00:00,09:15,8.697186483014153,22.74482784573695,82,5.656854249492379,0.38238084464746835
2024-06-18 14:00:00+00:00,10:00,-2.7370705723221884,15.81885315337089,600,5.656854249492378,-0.1730258537572262
2024-06-18 20:00:00+00:00,16:00,0.037916579455426314,8.552981564779827,89,5.656854249492379,0.004433141725870465
2024-06-19 11:00:00+00:00,07:00,0.5896271366410484,5.335838404007666,412,5.656854249492378,0.11050318469131083
2024-06-19 14:00:00+00:00,10:00,-1.9031836753522038,16.648105983052638,600,5.656854249492378,-0.11431833010251123
2024-06-20 12:30:00+00:00,08:30,-5.333952672361991,13.73363612097137,600,5.656854249492378,-0.38838604906802526
2024-06-21 13:45:00+00:00,09:45,4.645770309814396,14.560272968410974,600,5.656854249492379,0.31907164926739756
2024-06-21 14:00:00+00:00,10:00,0.22328175456905852,9.298014826358356,600,5.656854249492378,0.024013916813306335
2024-06-24 14:30:00+00:00,10:30,-4.328504403797179,16.204507629356446,117,1.314776868212083,-0.26711730481434465
2024-06-25 12:30:00+00:00,08:30,-4.399945674744921,12.026945011471467,600,2.2489211530880797,-0.36584067446456203
2024-06-25 13:00:00+00:00,09:00,-1.7231539521709633,8.146234558536118,141,1.4224169241512095,-0.2115276622332631
2024-06-25 14:00:00+00:00,10:00,12.013264687419793,33.7622222102762,600,1.2237552333419306,0.35581972693027647
2024-06-25 14:30:00+00:00,10:30,-3.4919477024716734,15.843386573866216,117,2.1488199166693542,-0.22040412169401125
2024-06-26 11:00:00+00:00,07:00,2.504712703106012,6.3517679279433255,413,1.818894110659677,0.3943331575587062
2024-06-26 14:00:00+00:00,10:00,-3.863752109741945,22.837244767795276,600,2.215127980894635,-0.1691864386018469
2024-06-27 12:30:00+00:00,08:30,2.5497662914213515,15.413779099109332,600,3.0447826902096757,0.165421229604146
2024-06-27 14:00:00+00:00,10:00,-10.067537880869843,40.869102812908544,600,1.995284549241118,-0.2463361607656824
2024-06-27 15:00:00+00:00,11:00,-2.0272374079713367,14.579277044262676,120,1.8622413738793153,-0.13904924104375307
2024-06-28 12:30:00+00:00,08:30,0.765263093361782,15.4051399919761,600,2.360214634357819,0.04967582857152716
2024-06-28 13:45:00+00:00,09:45,-4.563123125249089,19.993745229310104,600,1.091619288467849,-0.22822753180628294
2024-06-28 14:00:00+00:00,10:00,1.7771432188043232,26.953273950012463,600,1.560005050904435,0.06593422461776675
2024-06-28 15:00:00+00:00,11:00,0.6017572849946163,15.423392997146404,120,2.4923793518859,0.03901588224497372
2024-07-01 13:45:00+00:00,09:45,3.192806262165397,10.864025468235793,600,0.7181297829988025,0.2938879581514711
2024-07-01 14:00:00+00:00,10:00,4.920811038684864,13.784898508104352,600,1.559155990688729,0.3569711475054999
2024-07-02 14:00:00+00:00,10:00,-1.3120521300660835,30.749798027221203,600,2.1751339859241487,-0.04266864221041685
2024-07-03 11:00:00+00:00,07:00,0.3248328843097027,5.43578439368647,414,5.656854249492378,0.05975823557074635
2024-07-03 11:30:00+00:00,07:30,3.0516871733002535,8.381365859797606,100,5.656854249492378,0.36410380173691
2024-07-03 12:15:00+00:00,08:15,-6.964509044721149,16.73407248830142,98,5.656854249492379,-0.416187335724161
2024-07-03 12:30:00+00:00,08:30,-4.402998435864093,14.045338947493551,600,5.656854249492378,-0.31348466935002844
2024-07-03 13:45:00+00:00,09:45,3.1588369389431548,17.96094384491515,600,5.656854249492379,0.17587254691169474
2024-07-03 14:00:00+00:00,10:00,-2.5944334587295557,15.84694140253697,600,5.656854249492378,-0.1637182464948225
2024-07-03 18:00:00+00:00,14:00,0.5355916704263747,6.879373732591883,215,5.656854249492378,0.07785471341510972
2024-07-05 12:30:00+00:00,08:30,-1.2777840262364388,11.59629595498305,600,1.714783178573154,-0.11018898027411603
2024-07-08 15:00:00+00:00,11:00,6.469387325271657,12.971343605068913,121,2.4516204726120416,0.49874458053393667
2024-07-08 19:00:00+00:00,15:00,5.171657676599502,12.61022394411603,101,2.023960105228642,0.41011624373353134
2024-07-09 10:00:00+00:00,06:00,-3.1541638277864386,11.46399057546414,96,2.8620141937518584,-0.2751366382433315
2024-07-10 11:00:00+00:00,07:00,0.7791361405125022,8.309265836786896,414,1.701079867858658,0.0937671457161835
2024-07-10 14:00:00+00:00,10:00,-4.650505889600074,25.603253017851568,600,3.0618367416747887,-0.18163730547667375
2024-07-11 12:30:00+00:00,08:30,6.112263755622287,25.934189920725924,600,0.9913129883873366,0.23568361974312244
2024-07-11 18:00:00+00:00,14:00,-10.728000955367001,24.440457127015936,215,2.677144322661122,-0.43894436587720403
2024-07-12 12:30:00+00:00,08:30,-0.030966660106168886,14.60395066863255,600,1.8900278635885435,-0.0021204303416801715
2024-07-12 14:00:00+00:00,10:00,-9.470391358759997,32.96813615476992,600,2.1622958830164123,-0.28725892523316926
2024-07-15 12:30:00+00:00,08:30,7.342853230652327,10.34639620278294,600,1.9017602386230814,0.7097015315030436
2024-07-16 12:30:00+00:00,08:30,-2.4511666913760544,15.14829990941307,600,2.088414528525805,-0.16181133896437533
2024-07-16 14:00:00+00:00,10:00,3.0561363501418346,23.019848013172854,600,0.9033018643698447,0.13276092650103485
2024-07-17 11:00:00+00:00,07:00,5.304064012677813,7.5527089823247,415,1.6250880744708713,0.702273055282641
2024-07-17 12:30:00+00:00,08:30,-4.063226794899751,18.97670633286819,600,1.6826076498719655,-0.21411654496977314
2024-07-17 13:15:00+00:00,09:15,4.080745186132467,22.75903510268831,82,1.914407960364125,0.17930220537558939
2024-07-18 12:30:00+00:00,08:30,-2.4279775148024125,17.21469636351825,600,1.794155158447875,-0.14104097240703206
2024-07-18 14:00:00+00:00,10:00,-3.1863282316543673,20.937437385184918,600,0.9850623650661371,-0.15218329602785943
2024-07-18 20:00:00+00:00,16:00,0.3579420505259686,6.036715085879526,89,1.8489560034682087,0.05929417662318212
2024-07-22 12:30:00+00:00,08:30,8.859902332831464,13.37201228604558,600,1.8276670236790449,0.662570609666374
2024-07-23 12:30:00+00:00,08:30,0.07554684676226925,15.298593925363715,600,1.4361363271981762,0.0049381562208157745
2024-07-23 14:00:00+00:00,10:00,-0.9316857493620436,24.634306635013143,600,2.6490225336275612,-0.03782066055952325
2024-07-24 11:00:00+00:00,07:00,-1.4980115788170487,4.8261330134264036,415,2.4093211181210767,-0.3103958334031717
2024-07-24 12:30:00+00:00,08:30,-6.100878563129985,13.449582608674849,600,1.1549907950069134,-0.4536109960167075
2024-07-24 13:45:00+00:00,09:45,-2.3972916924657452,18.64006812213473,600,1.1079673165786303,-0.1286095993189535
2024-07-24 14:00:00+00:00,10:00,3.8479430589297308,31.260038212203494,600,1.0815307260722182,0.12309463708293057
2024-07-25 12:30:00+00:00,08:30,5.002293475595729,11.234856201288322,600,2.1030364614112624,0.4452476636970313
2024-07-25 15:00:00+00:00,11:00,5.260433098513539,20.689243015855624,123,1.9882132455907922,0.2542593315029505
2024-07-26 12:30:00+00:00,08:30,2.9801725450486036,27.0031636237579,600,2.3263845655235955,0.11036382945984118
2024-07-26 14:00:00+00:00,10:00,5.980496221267008,22.532349210204778,600,1.028691911415312,0.26541822894163536
2024-07-26 15:00:00+00:00,11:00,-3.569600155735337,23.281505239842776,123,2.3836364949877757,-0.15332342642633373
2024-07-29 14:30:00+00:00,10:30,-0.5335069495831161,10.955258073440115,119,1.6514458390727234,-0.048698711249582353
2024-07-30 13:00:00+00:00,09:00,-1.3865366203535954,9.257315308293363,142,2.11321089066897,-0.14977740026975608
2024-07-30 14:00:00+00:00,10:00,7.868967198122267,18.331151969013334,600,1.6397203669635183,0.42926746837426444
2024-07-30 14:30:00+00:00,10:30,1.1125512545403615,21.23726745225022,119,1.6456403297739395,0.05238674217583863
2024-07-31 11:00:00+00:00,07:00,0.976307460212584,7.160232880065336,416,1.4254231814336675,0.13635135568435244
2024-07-31 12:15:00+00:00,08:15,0.5846546577210487,9.950434083688148,98,2.0891295646295016,0.05875669873332253
2024-07-31 12:30:00+00:00,08:30,-2.777141866180476,10.393074675323616,600,1.3185269086187814,-0.2672108065166002
2024-07-31 13:45:00+00:00,09:45,-5.4025869244079505,24.097238241391132,600,1.4000941478773623,-0.224199423613951
2024-07-31 14:00:00+00:00,10:00,-3.313244849865174,19.272276230473228,600,1.7234397915312674,-0.17191767128297422
2024-07-31 18:00:00+00:00,14:00,4.95895777196001,17.117744084437977,215,2.3401727519184514,0.28969692194827706
2024-08-01 11:30:00+00:00,07:30,-0.8432871030819975,14.592371845226893,100,2.8862996177402054,-0.05778958431338449
2024-08-01 12:30:00+00:00,08:30,1.8612368685977767,14.012557306800772,600,1.342343006560079,0.13282635195321948
2024-08-01 13:45:00+00:00,09:45,7.8229158639189,40.33399985472374,600,1.2362554768982505,0.19395338652491007
2024-08-01 14:00:00+00:00,10:00,10.54030047358401,32.41302197055811,600,0.8696045978393573,0.32518721898742226
2024-08-02 12:30:00+00:00,08:30,-22.323343667610754,33.947050648467545,600,1.2376555742733553,-0.6575930232872377
2024-08-02 14:00:00+00:00,10:00,-0.46116136616021475,30.591108605996826,600,2.1926415911694717,-0.015075013203993938
2024-08-05 13:45:00+00:00,09:45,-4.349851085824804,21.325214929543115,600,3.3000114721013123,-0.2039768930909433
2024-08-05 14:00:00+00:00,10:00,-5.034319958781315,42.63992552512281,600,2.328078985846959,-0.11806587128805297
2024-08-06 12:30:00+00:00,08:30,6.1732863091241965,9.101167961744233,600,2.223117295009167,0.6782960533277632
2024-08-07 11:00:00+00:00,07:00,-3.9409676433927094,6.163162319023208,417,2.560399100362455,-0.6394392098401375
2024-08-07 19:00:00+00:00,15:00,4.0539799710495075,10.05303054295982,102,2.5499829313987545,0.4032594901334033
2024-08-08 12:30:00+00:00,08:30,17.612659743228757,27.066735460903395,600,0.7695076320131778,0.6507123760332827
2024-08-08 14:00:00+00:00,10:00,0.46868676169617385,19.088138598016048,600,1.2990864930478838,0.024553822222607262
2024-08-12 15:00:00+00:00,11:00,-0.0494306083799671,23.93359768119665,124,1.3216308250443576,-0.002065322942183577
2024-08-12 18:00:00+00:00,14:00,-2.8194163455597296,17.437609365110497,216,1.1034899037947772,-0.16168594481769227
2024-08-13 10:00:00+00:00,06:00,0.18460446031274452,10.973436248040489,97,2.295153116756685,0.016822848936285485
2024-08-13 12:30:00+00:00,08:30,2.648279007542744,20.998362645677723,600,1.497436287998415,0.12611835752288345
2024-08-14 11:00:00+00:00,07:00,-0.8147510175560727,5.416204031251486,418,2.184122597003922,-0.15042842050538735
2024-08-14 12:30:00+00:00,08:30,3.446746067682352,15.516092506591457,600,2.8535766141141568,0.22214008238337873
2024-08-15 12:30:00+00:00,08:30,7.36672571947474,31.250690659397257,600,1.0671490935494201,0.2357300131304306
2024-08-15 13:15:00+00:00,09:15,-19.827533265319044,71.50046135522385,83,2.180477561892,-0.2773063682318525
2024-08-15 14:00:00+00:00,10:00,1.3336903737248278,14.661614454321407,600,1.4376174100364474,0.09096476911734178
2024-08-15 20:00:00+00:00,16:00,0.5358694736019365,5.625508289797086,90,2.0597266105393435,0.09525707651588325
2024-08-16 12:30:00+00:00,08:30,-3.9381563004413698,20.96021633903098,600,2.263930483020911,-0.18788719719022884
2024-08-16 14:00:00+00:00,10:00,1.1511304931013566,31.096960521765364,600,2.645526616045023,0.03701746002782678
2024-08-19 14:00:00+00:00,10:00,15.151717006657433,39.569736701140734,600,1.9164126989986352,0.38291174695182223
2024-08-20 12:30:00+00:00,08:30,1.5236441782389263,11.32784750606703,600,1.1123821056635492,0.13450429813986148
2024-08-21 11:00:00+00:00,07:00,3.789312484758821,12.851286948959562,419,2.756570173120432,0.29485860052837765
2024-08-21 18:00:00+00:00,14:00,-7.435957877121245,12.291243931401297,217,2.0791028737197523,-0.6049800914067034
2024-08-22 12:30:00+00:00,08:30,-6.736768150203705,10.497278522397098,600,2.169539135036946,-0.6417633042535805
2024-08-22 13:45:00+00:00,09:45,2.2712263788994194,14.298939346729778,600,1.8967365127538998,0.15883880082468196
2024-08-22 14:00:00+00:00,10:00,1.8824686038942129,17.465292951982327,600,1.2782365237061815,0.10778339699595768
2024-08-22 15:00:00+00:00,11:00,-6.675534196217694,13.704903237928516,126,2.3333637484809877,-0.48709093966771383
2024-08-23 14:00:00+00:00,10:00,16.856124202582475,45.092644597561964,600,2.401464068112534,0.37381094750636645
2024-08-23 15:00:00+00:00,11:00,1.9514297937889034,22.10371987098748,126,2.0341343611633103,0.08828513052005683
2024-08-26 12:30:00+00:00,08:30,0.4971714032138673,12.60862213593338,600,1.495329124373284,0.03943106533401265
2024-08-26 14:30:00+00:00,10:30,-7.924061037103652,18.727034797516918,121,2.4670081230217864,-0.4231348487777857
2024-08-27 13:00:00+00:00,09:00,-3.9128011337261026,4.660587763031937,143,0.9813958132974446,-0.8395510035799941
2024-08-27 14:00:00+00:00,10:00,0.2723819701325655,13.550507840515298,600,2.1076805435133528,0.02010123704132755
2024-08-27 14:30:00+00:00,10:30,-4.73921267090951,17.582983477449353,121,2.358501646318814,-0.26953404562926864
2024-08-28 11:00:00+00:00,07:00,-2.4304093365330655,7.154484656664299,420,1.483938706712704,-0.33970431878264973
2024-08-29 12:30:00+00:00,08:30,7.786749559373106,22.677849958288185,600,2.0642831051456327,0.3433636598573246
2024-08-29 14:00:00+00:00,10:00,10.710394278131147,67.68878925838871,600,1.5177550670673299,0.158229957951328
2024-08-30 12:30:00+00:00,08:30,1.018449811480001,11.713796727340101,600,2.765759249990138,0.08694446686981774
2024-08-30 13:45:00+00:00,09:45,3.257518174234667,29.106451465886195,600,1.8644319008345192,0.11191739322990282
2024-08-30 14:00:00+00:00,10:00,3.9386431368030155,43.17019447321086,600,1.6277485852646567,0.09123524192709229
2024-09-03 13:45:00+00:00,09:45,4.726764094938854,35.66174285043067,600,1.8421913261209766,0.13254439399564488
2024-09-03 14:00:00+00:00,10:00,2.8033540643810833,17.066400476179325,600,1.3670263295425937,0.16426158921407624
2024-09-04 11:00:00+00:00,07:00,-3.182875656697706,7.500330418266115,421,2.59303802151024,-0.42436472517880164
2024-09-04 12:30:00+00:00,08:30,-0.5013420324569516,10.621246305337959,600,2.009797125153293,-0.04720180834192597
2024-09-04 14:00:00+00:00,10:00,9.216400733454499,19.243962891890963,600,2.0224097576634326,0.4789242623897448
2024-09-05 11:30:00+00:00,07:30,1.4846017082781842,6.431595900945097,101,1.67861632505472,0.23082944437787642
2024-09-05 12:15:00+00:00,08:15,-1.0832307379574133,16.9332991650155,99,2.7509478506986658,-0.06397044825118234
2024-09-05 12:30:00+00:00,08:30,-0.9807801722020526,22.622490904123815,600,1.9232592596339688,-0.04335420782612705
2024-09-05 13:45:00+00:00,09:45,4.481459808022768,18.365699028774973,600,1.0088944638061992,0.24401248223665842
2024-09-05 14:00:00+00:00,10:00,-1.2383422722742767,24.664232265614956,600,1.549437918535748,-0.05020802021884467
2024-09-06 12:30:00+00:00,08:30,-0.623071796239008,9.752890257900003,600,2.2800846948319147,-0.06388586149980613
2024-09-09 14:00:00+00:00,10:00,-8.023495450567397,28.79096892611021,600,2.2961379769946872,-0.2786809805241038
2024-09-09 15:00:00+00:00,11:00,4.72995461478777,16.991731716470163,127,3.484980640893866,0.27836801414437373
2024-09-09 19:00:00+00:00,15:00,-0.9309422472805259,11.30701317506001,103,2.062108035342475,-0.08233317082657286
2024-09-10 10:00:00+00:00,06:00,0.9881309178053297,8.56467727981167,98,1.5896766000226883,0.11537281388692999
2024-09-11 11:00:00+00:00,07:00,-1.0837596768921678,4.912073757574617,422,1.1406073864939466,-0.22063180041239536
2024-09-11 12:30:00+00:00,08:30,-13.601110869451222,34.0315762166914,600,0.8533783691011977,-0.3996615020958187
2024-09-12 12:30:00+00:00,08:30,-3.588676016274281,17.9147479663104,600,2.5250807828582786,-0.20031964853890044
2024-09-12 15:20:00+00:00,11:20,,,0,,
2024-09-12 16:00:00+00:00,12:00,3.563930528100581,11.381604634945784,32,2.6131524216794233,0.3131307616465591
2024-09-13 12:30:00+00:00,08:30,-2.1079482785723784,14.321576436063744,600,2.5199704398630725,-0.14718688881653197
2024-09-13 14:00:00+00:00,10:00,-10.474892928501397,27.23817491652601,600,1.2391251717890184,-0.3845666224188187
2024-09-16 12:30:00+00:00,08:30,0.496356586985456,12.230093098666478,600,2.230522102967008,0.040584857611556266
2024-09-17 12:30:00+00:00,08:30,-5.630021802204219,12.322930689335623,600,5.656854249492378,-0.456873607759272
2024-09-17 13:15:00+00:00,09:15,13.085288142541403,21.27880918990464,84,5.656854249492379,0.6149445688318635
2024-09-17 14:00:00+00:00,10:00,-2.603945649767085,15.834508262059963,600,5.656854249492378,-0.16444752225152645
2024-09-18 11:00:00+00:00,07:00,-0.6255144274342928,5.000820748910341,423,5.656854249492378,-0.12508235324583267
2024-09-18 12:30:00+00:00,08:30,-5.63002180220422,12.322930689335623,600,5.656854249492378,-0.4568736077592721
2024-09-18 18:00:00+00:00,14:00,-2.4319035343406528,10.243868432945519,219,5.656854249492378,-0.23740089500948267
2024-09-18 20:00:00+00:00,16:00,-2.1426379172194627,11.608585359799335,91,5.656854249492379,-0.18457355920726073
2024-09-19 12:30:00+00:00,08:30,-4.98348077519956,14.764214983283686,600,5.656854249492378,-0.3375378088738174
2024-09-19 14:00:00+00:00,10:00,-2.6039456497670836,15.834508262059963,600,5.656854249492378,-0.16444752225152637
2024-09-23 12:30:00+00:00,08:30,3.583174883749543,13.801042461690775,600,2.3654442305641745,0.2596307412063832
2024-09-23 13:45:00+00:00,09:45,0.886365246705332,20.050370625625646,600,2.913725064426206,0.04420692580976538
2024-09-24 12:30:00+00:00,08:30,-1.3013447202150379,10.864509428368294,600,2.462151320614419,-0.11977942757517425
2024-09-24 13:00:00+00:00,09:00,-0.15986972605972102,9.739686765877604,144,1.862937390570597,-0.016414257450230823
2024-09-24 14:00:00+00:00,10:00,5.497738728995787,27.454715517707648,600,2.704163646067664,0.20024752124821235
2024-09-25 11:00:00+00:00,07:00,0.7940998424303578,12.325013138330641,424,2.2819280916510736,0.0644299388177297
2024-09-25 14:00:00+00:00,10:00,12.406110695477373,53.88872953958785,600,1.4978111693884668,0.2302171678841226
2024-09-26 12:30:00+00:00,08:30,3.2511757577066818,16.01122534470447,600,0.9611509300318605,0.20305602399019204
2024-09-26 14:00:00+00:00,10:00,1.7987200694748926,16.422948879304577,600,3.3302234618132416,0.10952479257495312
2024-09-26 15:00:00+00:00,11:00,-1.734926891047183,14.348106592760956,129,2.058137377576761,-0.12091678297974903
2024-09-27 12:30:00+00:00,08:30,4.129899614659081,14.33259292999704,600,1.1568803732638302,0.2881474158116576
2024-09-27 14:00:00+00:00,10:00,-1.405357387119233,14.562052213882334,600,1.8582106467318626,-0.09650819585576503
2024-09-27 15:00:00+00:00,11:00,6.292888844085758,29.327280658747537,129,1.8174776965374586,0.21457457707415362
2024-09-30 13:45:00+00:00,09:45,31.616535842891828,103.57787429503149,600,0.8795412453375387,0.30524410795335694
2024-09-30 14:30:00+00:00,10:30,-11.87741487133845,24.305553695770485,123,1.69935951775648,-0.4886708206694872
2024-10-01 13:45:00+00:00,09:45,-14.466906730645684,30.143201227666076,600,0.7909154079560786,-0.479939294482354
2024-10-01 14:00:00+00:00,10:00,-1.7800716593433101,20.767023073947474,600,1.8072608715765348,-0.08571626530219613
2024-10-01 14:30:00+00:00,10:30,4.77718647989018,17.19215315834502,123,1.857725456467796,0.27787016762186934
2024-10-02 11:00:00+00:00,07:00,-0.1474355493257839,8.308479969920322,425,2.70008279839701,-0.01774518923552244
2024-10-02 12:15:00+00:00,08:15,2.8517116519318986,10.471527711004546,100,0.9636816181181841,0.272330048741124
2024-10-03 11:30:00+00:00,07:30,-0.1787268029587311,6.78261007382261,102,2.4045154427518756,-0.026350741235814917
2024-10-03 12:30:00+00:00,08:30,1.081285369414772,9.536548546493371,600,1.6027042838389987,0.11338330257987991
2024-10-03 13:45:00+00:00,09:45,-3.3746505710982824,24.22548572077295,600,1.1615502314134645,-0.13930166808604277
2024-10-03 14:00:00+00:00,10:00,-5.0160305276505674,19.86766996966052,600,1.1504919718301554,-0.2524720078051647
2024-10-04 12:30:00+00:00,08:30,3.5346183603302044,17.25418756625987,600,2.003694467301774,0.20485568194715015
2024-10-07 19:00:00+00:00,15:00,2.3207221040486457,22.97608160434464,104,1.4219560945826861,0.10100600024025903
2024-10-08 10:00:00+00:00,06:00,1.5445783712016035,7.962899133357773,99,1.766306789329718,0.19397186192289365
2024-10-08 12:30:00+00:00,08:30,-2.1673835374034796,13.158084194856283,600,1.2014608434505198,-0.16471877708844168
2024-10-09 11:00:00+00:00,07:00,-0.11364413608561935,7.289512694236096,425,1.4278364276218658,-0.015590086862113446
2024-10-09 14:00:00+00:00,10:00,-6.330464240646727,33.54795134040215,600,0.9944173575580539,-0.18869898124070789
2024-10-09 18:00:00+00:00,14:00,-2.0503469452316088,16.67074157545564,219,1.2484688058290139,-0.12299074614954969
2024-10-10 12:30:00+00:00,08:30,1.4589472578452718,27.25508621722362,600,1.6717644686784363,0.05352935764786913
2024-10-11 12:30:00+00:00,08:30,2.8771180180689075,13.873858051283898,600,2.170889440213004,0.2073769248203211
2024-10-11 14:00:00+00:00,10:00,-9.316822734227028,27.324789064939868,600,2.0776507119595387,-0.34096595264046664
2024-10-15 12:30:00+00:00,08:30,-1.2662834250005823,16.242961025865128,600,1.2648115587598463,-0.07795890312019867
2024-10-15 15:00:00+00:00,11:00,-3.5938661571141086,15.832598454281179,130,2.5255702332690797,-0.22699155590232992
2024-10-16 11:00:00+00:00,07:00,0.24533388153985675,8.892830011499457,426,2.4578756989162844,0.02758782988346923
2024-10-16 12:30:00+00:00,08:30,5.764224698817744,15.343953485476089,600,3.015642085020889,0.3756675034419197
2024-10-17 12:30:00+00:00,08:30,-1.1474258740188787,12.267313521768587,600,1.1156546131906369,-0.0935352204036156
2024-10-17 13:15:00+00:00,09:15,-23.04247382095918,77.42711206080475,84,2.0104663215090657,-0.2976021345451133
2024-10-17 14:00:00+00:00,10:00,1.0764383047643389,23.9235931502748,600,2.144301121540411,0.044994842455426655
2024-10-17 20:00:00+00:00,16:00,2.750906016945595,7.120660018409689,91,3.335344519583773,0.3863273923812438
2024-10-18 12:30:00+00:00,08:30,-3.634810199081712,14.275815861453859,600,2.2210119144450213,-0.254613132752438
2024-10-18 20:00:00+00:00,16:00,0.20022618822095198,4.795714462022727,91,1.6469104665017198,0.041751065416121745
2024-10-21 14:00:00+00:00,10:00,14.155652250698358,53.634344204686435,600,1.6421968532192455,0.2639288773006284
2024-10-22 12:30:00+00:00,08:30,6.7716629566972095,11.233509030719203,600,1.2728157728910858,0.6028092324650641
2024-10-22 14:00:00+00:00,10:00,5.421565907803815,18.201132347579737,600,2.09326100281346,0.2978697041629247
2024-10-23 11:00:00+00:00,07:00,4.482580236674203,15.200620981862675,427,1.3512975325210848,0.29489454687560474
2024-10-23 14:00:00+00:00,10:00,-11.68478054206292,54.80658518419231,600,2.1558022831321866,-0.21320030253286287
2024-10-24 12:30:00+00:00,08:30,-2.3204981169503505,7.196099102423666,600,1.78710008186294,-0.32246611447705054
2024-10-24 13:45:00+00:00,09:45,-6.6009679020685015,11.997966033930375,600,1.2389496524972268,-0.5501739114280616
2024-10-24 14:00:00+00:00,10:00,4.668172936169281,26.269626168429145,600,2.2499286560286764,0.17770229794055822
2024-10-24 15:00:00+00:00,11:00,3.750172849749779,22.72057311943265,132,1.5276934067512171,0.16505626112671862
2024-10-25 12:30:00+00:00,08:30,-6.706277471764802,12.690176856222259,600,1.9381360143767976,-0.5284620969231468
2024-10-25 14:00:00+00:00,10:00,1.5551692583695347,29.628653061906906,600,2.3069016640317495,0.052488692453218244
2024-10-25 15:00:00+00:00,11:00,1.2614782313960984,22.539930788964814,132,1.4753553685875556,0.05596637554955128
2024-10-28 14:30:00+00:00,10:30,-4.5125717518423984,17.664346714492442,125,1.5097892044639958,-0.2554621365159306
2024-10-29 12:30:00+00:00,08:30,-0.5018097821848629,12.512497553445403,600,2.877907583236927,-0.04010468573851478
2024-10-29 13:00:00+00:00,09:00,-0.13417128674506545,7.468010416257964,145,2.136681234126762,-0.017966135458645408
2024-10-29 14:00:00+00:00,10:00,-0.37172219144108276,20.113454729088726,600,1.6333811502600757,-0.018481270196883986
2024-10-29 14:30:00+00:00,10:30,-5.009523442693996,19.244856344654426,125,1.8950457158945084,-0.2603045381570475
2024-10-30 11:00:00+00:00,07:00,4.096685771751814,8.796789324431849,428,2.217781289860443,0.4657023853434621
2024-10-30 12:15:00+00:00,08:15,-2.903225810572888,10.04153296873198,101,2.3139281622285495,-0.28912177250357624
2024-10-30 12:30:00+00:00,08:30,-9.206081608899714,15.4888087793703,600,1.7445753033060354,-0.5943698924840098
2024-10-30 14:00:00+00:00,10:00,0.5582394978506507,23.23586831759143,600,1.0705189727873172,0.02402490366275739
2024-10-31 11:30:00+00:00,07:30,2.9222197026700267,11.491683253629965,103,2.331309783895121,0.2542899624166863
2024-10-31 12:30:00+00:00,08:30,0.3791343847255879,12.273362346038594,600,2.0754422457494313,0.03089083284891031
2024-10-31 13:45:00+00:00,09:45,-5.286761044324518,19.863935188216207,600,1.8901338078480272,-0.2661487260319274
2024-11-01 12:30:00+00:00,08:30,6.385800826342364,21.05305052859829,600,1.6821765767877463,0.30331950316026385
2024-11-01 13:45:00+00:00,09:45,10.06063093992876,16.097645399433386,600,0.7206737023892372,0.624975311003116
2024-11-01 14:00:00+00:00,10:00,1.5359173014136664,16.026796663007623,600,1.1181935657875757,0.09583432882497386
2024-11-04 15:00:00+00:00,10:00,6.538258173952229,24.303921245888244,600,2.0622053496788304,0.26902071101215314
2024-11-05 13:30:00+00:00,08:30,3.4253685197429484,12.421169902246637,600,2.0436876002026816,0.27576859077689586
2024-11-05 14:45:00+00:00,09:45,-3.297113753724905,15.212980000082007,600,1.9733087157103248,-0.2167303022620901
2024-11-05 15:00:00+00:00,10:00,-1.714508821180476,22.512673655627477,600,1.318029827399194,-0.07615749454760569
2024-11-06 12:00:00+00:00,07:00,3.852689256860242,14.229497127920911,429,1.7366629845748622,0.27075371829553635
2024-11-07 13:30:00+00:00,08:30,-2.4145478088398837,16.650122151346743,600,1.2085825275593238,-0.1450168225128957
2024-11-07 15:00:00+00:00,10:00,8.481619582805223,14.870544147801896,600,1.6300009150979828,0.5703637673580991
2024-11-07 19:00:00+00:00,14:00,-2.832395158671078,12.10877455354519,220,2.2797748252818026,-0.2339126181717384
2024-11-07 20:00:00+00:00,15:00,1.8495800328775267,11.91638278206265,105,1.6571429695896005,0.15521321081273426
2024-11-08 15:00:00+00:00,10:00,0.4150424140331616,31.28781256369949,600,1.1987143102725324,0.013265306201517552
2024-11-12 11:00:00+00:00,06:00,-0.2982815722820976,6.188455228606149,100,4.294621538504761,-0.04819968170785018
2024-11-12 16:00:00+00:00,11:00,10.691150751684702,32.03403722158544,133,2.0549989443057717,0.3337434703509897
2024-11-13 12:00:00+00:00,07:00,1.1952880146937732,17.839692936879068,430,1.0152537674899973,0.06700160248962675
2024-11-13 13:30:00+00:00,08:30,5.88719226142025,30.551621493992233,600,0.8855545387296332,0.19269655663212265
2024-11-13 19:00:00+00:00,14:00,12.78243496238514,24.543865784141712,220,2.1438875725267983,0.5207995787951273
2024-11-14 13:30:00+00:00,08:30,0.24169128610753998,12.643052641216364,600,1.3166778926998546,0.019116529288158317
2024-11-15 13:30:00+00:00,08:30,4.393813813045102,18.977221486989205,600,1.781138830534445,0.23153093386497617
2024-11-15 14:15:00+00:00,09:15,1.4624554563876764,21.290914708009094,85,1.7401767699608628,0.06868917923181282
2024-11-15 15:00:00+00:00,10:00,6.56948504032342,33.430527539497945,600,1.7582319319862905,0.19651155766422226
2024-11-18 13:30:00+00:00,08:30,-2.9539727100136886,12.920752429634721,600,0.9836969453815628,-0.2286223442559374
2024-11-18 15:00:00+00:00,10:00,7.7069737554150795,28.992127283357558,600,2.719650247085832,0.2658298813360666
2024-11-18 21:00:00+00:00,16:00,0.8636230644207439,5.419293561755107,93,2.691330604804784,0.1593608197414293
2024-11-19 13:30:00+00:00,08:30,1.1903366144296939,13.567353076821764,600,1.1010685471324968,0.08773536058873892
2024-11-20 12:00:00+00:00,07:00,-0.7205165676896294,4.492568775356148,431,2.324816920347347,-0.1603796410734993
2024-11-21 13:30:00+00:00,08:30,-6.82924617141481,20.585150420933697,600,1.4494628916091115,-0.33175595182777634
2024-11-21 15:00:00+00:00,10:00,11.875779172552907,13.086340466802655,600,1.5639889699786493,0.9074942840345097
2024-11-21 16:00:00+00:00,11:00,2.908984971806775,27.368080435159527,135,1.0537290416661902,0.10629115836964685
2024-11-22 14:45:00+00:00,09:45,8.607149205330872,17.426637722674627,600,0.8458807322603887,0.49390762247451214
2024-11-22 15:00:00+00:00,10:00,-6.8322066667782675,35.86218721635334,600,0.8576380464434955,-0.19051282693830637
2024-11-22 16:00:00+00:00,11:00,-0.9108901255206354,26.216908990812705,135,1.3703487494992308,-0.03474437531288842
2024-11-25 13:30:00+00:00,08:30,-4.943927745581349,16.4004208073188,600,2.9830150072769284,-0.3014512739438422
2024-11-25 15:30:00+00:00,10:30,0.4105494181877497,20.83616016116551,127,2.241451631767709,0.0197036985227697
2024-11-26 13:30:00+00:00,08:30,-1.32270694264401,13.314261428406125,600,1.001611435869444,-0.09934512325422723
2024-11-26 14:00:00+00:00,09:00,0.06603039233338176,8.471845874166053,146,1.9443763911760954,0.0077940974510329625
2024-11-26 15:00:00+00:00,10:00,-9.922161216025428,18.36731606826915,600,2.2102050114174894,-0.5402074630362935
2024-11-26 15:30:00+00:00,10:30,-0.48455201788646557,9.364811258995946,127,2.479806978613502,-0.05174178149303322
2024-11-26 19:00:00+00:00,14:00,5.430563474301662,13.613667307501101,220,1.2814714952155433,0.3989052583435349
2024-11-27 12:00:00+00:00,07:00,-4.054781040464998,6.091013696162049,432,1.116909971633045,-0.665698887365812
2024-11-27 13:30:00+00:00,08:30,6.2040634866400595,16.915614334465424,600,1.8806221259381881,0.36676548447899593
2024-11-27 14:45:00+00:00,09:45,5.166283768019093,21.704803816671067,600,1.0877848912374692,0.23802490046240196
2024-11-27 15:00:00+00:00,10:00,-3.4255373914467393,23.435232746488307,600,2.2537687733095733,-0.14617040199696948
2024-12-02 14:45:00+00:00,09:45,0.19926237534036706,16.249793727086967,600,1.6506640043440555,0.012262455677096646
2024-12-02 15:00:00+00:00,10:00,-7.472422439750837,22.74014503185369,600,0.8748006088744789,-0.3286004741519326
2024-12-03 15:00:00+00:00,10:00,-6.552572083094427,17.275390106031736,600,1.2327335023678185,-0.37930096182352396
2024-12-04 12:00:00+00:00,07:00,-1.4849806636629657,6.017670153490855,433,1.9383582737682565,-0.2467700332165144
2024-12-04 13:15:00+00:00,08:15,-4.718617652903915,9.341001904486308,102,2.7364268814228847,-0.5051511284498991
2024-12-04 14:45:00+00:00,09:45,2.8556672288051628,23.535013758625606,600,0.9632744626096506,0.12133696874337105
2024-12-04 15:00:00+00:00,10:00,-3.7683847052228403,23.69945543958648,600,2.3139795944279036,-0.15900722760609529
2024-12-05 12:30:00+00:00,07:30,0.7100037715807967,10.859220410760537,104,1.835866471926966,0.06538257303233712
2024-12-05 13:30:00+00:00,08:30,6.252991886234527,20.176778863936686,600,1.929013388310775,0.30991031464447083
2024-12-06 13:30:00+00:00,08:30,7.837606795112462,26.173477114326268,600,1.1227739947434396,0.2994484363265011
2024-12-06 15:00:00+00:00,10:00,-2.3114169448272355,30.56784858074085,600,2.6378096993090026,-0.07561595114297753
2024-12-06 20:00:00+00:00,15:00,-3.427910075482643,7.823306808593868,106,2.2882012879827873,-0.438166386586948
2024-12-09 15:00:00+00:00,10:00,-3.4769154907711215,18.850381621051547,600,1.9785991772751856,-0.18444801599603722
2024-12-09 16:00:00+00:00,11:00,-4.305092772381658,21.574175059516715,136,0.842628173391342,-0.19954843049642412
2024-12-10 11:00:00+00:00,06:00,0.43524853885067744,13.33203403226419,101,2.658002503284263,0.032646821767582816
2024-12-10 13:30:00+00:00,08:30,-3.9541086888763153,20.648426703844777,600,1.038594291058465,-0.19149685085401943
2024-12-11 12:00:00+00:00,07:00,-0.5649478119094226,15.25974093012295,434,2.29332958008221,-0.037022110302948025
2024-12-11 13:30:00+00:00,08:30,0.7036674618267036,21.374445699491886,600,1.570961019411502,0.03292096888591741
2024-12-11 19:00:00+00:00,14:00,-4.9377953142233375,23.063536291665542,222,0.9798643306625133,-0.21409532570283707
2024-12-12 13:30:00+00:00,08:30,-3.979637319324673,15.556537772314474,600,1.0122651523798747,-0.25581767470182987
2024-12-12 17:00:00+00:00,12:00,1.424140020368252,31.541415568095584,33,1.131940637370723,0.04515143010286393
2024-12-13 13:30:00+00:00,08:30,5.696433363512833,9.492106094908888,600,1.9574457799600005,0.6001232294030223
2024-12-16 13:30:00+00:00,08:30,-4.425734193454001,10.658242196060975,600,2.5737073285338723,-0.4152405351690773
2024-12-16 14:45:00+00:00,09:45,-3.8005719038592947,19.135499870982894,600,1.361070630033048,-0.19861367246655984
2024-12-17 13:30:00+00:00,08:30,-5.028169748723013,11.499198600270924,600,2.23458840158178,-0.4372626235540055
2024-12-17 14:15:00+00:00,09:15,-16.610366708485234,72.916491536798,86,1.550023683239915,-0.22779986198461913
2024-12-17 15:00:00+00:00,10:00,9.32689870606012,28.01501184102254,600,1.889040346981705,0.33292503172897786
2024-12-18 12:00:00+00:00,07:00,0.8722781959196976,4.335315946343951,435,5.656854249492378,0.20120291270935056
2024-12-18 13:30:00+00:00,08:30,-5.697621844251281,13.499004260706844,600,5.656854249492378,-0.42207719430358476
2024-12-18 19:00:00+00:00,14:00,-3.154183765206167,8.283329626444587,223,5.656854249492378,-0.38078694286611675
2024-12-19 13:30:00+00:00,08:30,-5.697621844251281,13.499004260706844,600,5.656854249492378,-0.42207719430358476
2024-12-19 15:00:00+00:00,10:00,-2.494230979009907,15.854583891229293,600,5.656854249492378,-0.1573192331077013
2024-12-19 16:00:00+00:00,11:00,5.252124300579479,31.400078292390386,138,5.656854249492379,0.16726468805819183
2024-12-19 21:00:00+00:00,16:00,-5.302380282784218,11.762064898462864,94,5.656854249492379,-0.4508035220480006
2024-12-20 13:30:00+00:00,08:30,-5.697621844251282,13.499004260706846,600,5.656854249492378,-0.42207719430358476
2024-12-20 15:00:00+00:00,10:00,-2.4942309790099064,15.854583891229291,600,5.656854249492378,-0.15731923310770127
2024-12-20 16:00:00+00:00,11:00,5.252124300579477,31.400078292390383,138,5.656854249492379,0.1672646880581918
2024-12-23 13:00:00+00:00,08:00,,,0,,
2024-12-23 13:30:00+00:00,08:30,3.4023895295071145,20.1079505378476,600,3.2541783964068136,0.16920618156002853
2024-12-23 15:00:00+00:00,10:00,5.10502416698526,30.27890355716005,600,0.8196954460702898,0.16860003392619793
2024-12-24 13:30:00+00:00,08:30,-5.697621844251282,13.499004260706844,600,5.656854249492378,-0.4220771943035848
2024-12-24 15:00:00+00:00,10:00,7.515145369205519,13.889557903381004,600,5.656854249492378,0.5410644040280201
2024-12-26 13:30:00+00:00,08:30,2.4656339225392663,8.54141599552745,600,2.7647179660158003,0.28866805267772333
2024-12-27 13:30:00+00:00,08:30,-4.172426935153327,16.828844302826774,600,1.2948558932527245,-0.24793306421240563
2024-12-30 14:45:00+00:00,09:45,25.183346853005933,104.25238285508817,600,0.7821695077863702,0.24156135489019018
2024-12-30 15:00:00+00:00,10:00,-15.554949098175511,32.955521278473256,600,1.2047106262574716,-0.4719982720569526
2024-12-30 15:30:00+00:00,10:30,-0.6930097281990995,11.188084947484679,129,2.3376670882273882,-0.061941764962635794
2024-12-31 14:00:00+00:00,09:00,2.417406338696467,11.530563193216546,147,1.1867069743403065,0.2096520610648604
2024-12-31 15:30:00+00:00,10:30,0.3370896883123729,13.467846920862426,129,2.4301937240569926,0.025029218871667057
2025-01-02 12:00:00+00:00,07:00,-5.1262676214896015,7.824091662149954,437,1.08854520076392,-0.6551901284961394
2025-01-02 13:30:00+00:00,08:30,-2.7764478296452753,14.346931243257634,600,1.570380636382595,-0.19352206981197265
2025-01-02 14:45:00+00:00,09:45,32.86748021474196,101.14206618419898,600,1.0847843578556902,0.3249635038588594
2025-01-02 15:00:00+00:00,10:00,15.7064010800782,15.26902260398408,600,1.4683233277294512,1.028644824717202
2025-01-03 15:00:00+00:00,10:00,7.9984735388687,34.288132405883545,600,1.176777555474998,0.23327235919959965
2025-01-06 14:45:00+00:00,09:45,4.917777403036709,22.57817835653128,600,3.1925105063727006,0.21781107959110987
2025-01-06 15:00:00+00:00,10:00,-4.481247723479611,38.01383763882874,600,1.2506631513464372,-0.1178846441671098
2025-01-07 13:30:00+00:00,08:30,3.1091857159149794,7.2333845099127565,600,1.3544373701300785,0.4298383020637292
2025-01-07 15:00:00+00:00,10:00,-15.354774786005853,29.447797155261494,600,2.7783963229306434,-0.5214235450294925
2025-01-08 12:00:00+00:00,07:00,3.546571099013896,7.322684253786064,437,2.153129305358088,0.4843266452708519
2025-01-08 13:15:00+00:00,08:15,0.45090973729229494,11.924829440823967,103,2.1858716788625157,0.037812678120882084
2025-01-08 13:30:00+00:00,08:30,-1.2735654263897633,21.216221963094704,600,1.931283608112227,-0.060027908296072276
2025-01-08 15:00:00+00:00,10:00,-14.336083806877154,22.54019408108006,600,1.6337919929854998,-0.6360230863722097
2025-01-08 19:00:00+00:00,14:00,2.612495477801683,12.420585789198034,224,1.1043741030907093,0.2103359311823863
2025-01-08 20:00:00+00:00,15:00,8.369476797997306,27.54464923259108,107,2.50795444488304,0.30385127533569983
2025-01-09 12:30:00+00:00,07:30,5.366557869528834,9.948734730924325,105,5.656854249492378,0.539421143961915
2025-01-09 13:30:00+00:00,08:30,-3.2808085806132308,12.495022134783172,600,5.656854249492378,-0.2625692491956648
2025-01-10 13:30:00+00:00,08:30,-12.704853244585314,36.44046956290876,600,0.6245575532338666,-0.34864680386876945
2025-01-10 15:00:00+00:00,10:00,-13.63253469435865,40.348902438334335,600,2.1329183605612587,-0.3378663078925976
2025-01-13 16:00:00+00:00,11:00,2.0988423252110158,13.017404267565036,139,1.6754682384297093,0.16123355179500878
2025-01-14 11:00:00+00:00,06:00,-3.3310379428248997,9.457190107175855,102,2.345940459747049,-0.3522227961027663
2025-01-14 13:30:00+00:00,08:30,3.8148617539789096,16.51261190174508,600,1.470625676288537,0.231027155284607
2025-01-14 19:00:00+00:00,14:00,-1.4670106744937426,13.068961607130179,224,0.9682168206604914,-0.11225150999704286
2025-01-15 12:00:00+00:00,07:00,-1.121488868200642,12.962793871921136,437,0.9093976213194177,-0.08651598407577187
2025-01-15 13:30:00+00:00,08:30,9.200186668343576,24.86487376014887,600,0.7852390824440579,0.37000737494548586
2025-01-16 13:30:00+00:00,08:30,-2.556175215612714,12.794920918436791,600,2.3971243234969473,-0.1997804622558787
2025-01-16 15:00:00+00:00,10:00,-0.345088857092698,29.92707568428453,600,1.1713951680207348,-0.011530991558721285
2025-01-17 13:30:00+00:00,08:30,3.0499162679261085,10.56280660793756,600,1.1214374705763424,0.28874108758501826
2025-01-17 14:15:00+00:00,09:15,-35.623772558194666,78.52024312395778,87,2.12612926163563,-0.45368902515949144
2025-01-17 21:00:00+00:00,16:00,0.20985393377095882,7.177463463538913,94,1.3819321333693035,0.029237896484879972
2025-01-21 13:30:00+00:00,08:30,-2.9918105936841677,12.91522232121137,600,1.4153261593790611,-0.23164994912790274
2025-01-22 12:00:00+00:00,07:00,3.0400576281139533,10.55732783300389,437,2.2767604103870664,0.2879571115154962
2025-01-22 15:00:00+00:00,10:00,10.816896539956428,14.799881535067863,600,2.250147340951044,0.7308772380593808
2025-01-23 13:30:00+00:00,08:30,-6.699907553195734,18.587661973393807,600,1.061243985364439,-0.3604491819781269
2025-01-23 16:00:00+00:00,11:00,4.639887568265305,25.902549154219315,139,0.8847200409077556,0.1791286077922375
2025-01-24 14:45:00+00:00,09:45,-1.1529934893643135,20.76971991902245,600,1.3702909723693921,-0.05551319391208143
2025-01-24 15:00:00+00:00,10:00,4.858221878937894,37.21229106079709,600,1.0888481810574575,0.13055422658606472
2025-01-24 16:00:00+00:00,11:00,3.1379640169642076,9.892083357924468,139,2.4144161207939896,0.3172197305080744
2025-01-27 12:46:00+00:00,07:46,,,0,,
2025-01-27 13:30:00+00:00,08:30,-2.2530677456182175,16.803479018274423,600,1.4916276449941879,-0.1340834087493382
2025-01-27 15:00:00+00:00,10:00,-6.352372672634177,20.512528347693866,600,2.251028290428319,-0.30968257861534393
2025-01-27 15:30:00+00:00,10:30,-6.391027392277907,16.23457522819453,131,2.085021233064342,-0.3936676693073332
2025-01-28 13:30:00+00:00,08:30,1.8919563824499623,12.969883426861522,600,2.300951965320779,0.14587304451261224
2025-01-28 14:00:00+00:00,09:00,0.3617574748162796,9.350437134464677,148,1.525246155847129,0.03868883022408456
2025-01-28 15:00:00+00:00,10:00,-2.050790968635628,24.425469394422684,600,1.3381536139613865,-0.08396116920086316
2025-01-28 15:30:00+00:00,10:30,-1.815551408537031,24.529415348547253,131,1.4106585603289334,-0.07401527442620259
2025-01-29 12:00:00+00:00,07:00,0.7611465918153919,11.957824969407511,439,1.3499784821553524,0.06365259516364248
2025-01-29 13:30:00+00:00,08:30,1.7525654580857315,7.701311541716685,600,1.1147360146353074,0.22756714211500012
2025-01-29 19:00:00+00:00,14:00,6.495154112545269,12.559314445848033,225,1.75850265425276,0.5171583322123521
2025-01-30 13:30:00+00:00,08:30,2.4655763463249554,11.36198685714045,600,2.906880261737054,0.2170022177745666
2025-01-30 15:00:00+00:00,10:00,2.6004205432989322,16.115617626228232,600,1.2128847983169875,0.16136027818547502
2025-01-31 13:30:00+00:00,08:30,-0.7980975587578707,11.12397355111598,600,2.8814557057113928,-0.07174572602950893
2025-01-31 14:45:00+00:00,09:45,-7.893165589044289,23.988160514075425,600,2.4729561247363137,-0.32904422097779656
2025-02-03 14:45:00+00:00,09:45,-0.48300239091614994,35.43920740226563,600,1.0129434929286851,-0.013629040441950504
2025-02-03 15:00:00+00:00,10:00,-4.857189691230413,22.34032680448344,600,1.2040375265891943,-0.21741802318915196
2025-02-03 21:36:00+00:00,16:36,,,0,,
2025-02-04 15:00:00+00:00,10:00,-8.080623661577027,33.42902314355246,600,3.055464445180503,-0.24172479186355036
2025-02-05 12:00:00+00:00,07:00,4.4162432565513114,10.713922471931436,440,1.8989888349746458,0.412196678492035
2025-02-05 13:15:00+00:00,08:15,-1.1063906013557256,15.34819734311344,104,2.788294289061963,-0.07208602916824955
2025-02-05 13:30:00+00:00,08:30,-5.945333420111309,17.482693541201783,600,1.6102310469690329,-0.34006964693969116
2025-02-05 14:45:00+00:00,09:45,-8.371561823574982,32.198470221755166,600,1.8917905248505285,-0.2599987442235273
2025-02-05 15:00:00+00:00,10:00,10.033958453551206,33.449554104769675,600,1.4715108857595645,0.29997286128607714
2025-02-06 12:30:00+00:00,07:30,-0.3854062718029616,13.332694312442815,105,3.0880295481617344,-0.028906855791576872
2025-02-06 13:30:00+00:00,08:30,-1.6795075191232565,11.668729040939569,600,1.727322504182708,-0.1439323437223307
2025-02-07 13:30:00+00:00,08:30,0.9955155571278067,26.008161010403633,600,1.8969499592545565,0.03827704529857326
2025-02-07 15:00:00+00:00,10:00,-5.421211207474397,29.507774204396682,600,1.6727324861642352,-0.18372145489261038
2025-02-07 20:00:00+00:00,15:00,5.17956254068383,13.116466638641075,108,2.3712567573723007,0.39489007850825103
2025-02-10 16:00:00+00:00,11:00,0.8500844113356997,12.063672702594127,140,2.521455543069583,0.0704664684041785
2025-02-11 11:00:00+00:00,06:00,3.362004297139047,8.371928964488353,103,1.5302448603626873,0.40158060482832997
2025-02-12 12:00:00+00:00,07:00,2.0346578422295023,7.04452994325888,441,1.9694468643053595,0.2888280493685071
2025-02-12 13:30:00+00:00,08:30,-14.181150054709269,33.47734766641135,600,0.482756290707594,-0.42360434870823316
2025-02-12 19:00:00+00:00,14:00,0.23380526350823766,17.921998712561848,226,2.228325747478544,0.01304571366498087
2025-02-13 13:30:00+00:00,08:30,4.317060609531308,19.16460847734798,600,2.6723843036554737,0.22526213434696307
2025-02-14 13:30:00+00:00,08:30,-2.305305616086948,9.423093767942486,600,2.2783383975427376,-0.24464424029501158
2025-02-14 14:15:00+00:00,09:15,-20.290811110749164,68.46525376142603,88,1.4830018651940184,-0.29636655085592045
2025-02-14 15:00:00+00:00,10:00,2.179484183394171,19.558852058919626,600,2.0845869436674977,0.11143211149757831
2025-02-18 13:30:00+00:00,08:30,-6.747350056926418,20.099296816420964,600,1.3496711358858269,-0.33570080180187634
2025-02-18 15:00:00+00:00,10:00,12.093221299387933,24.86638159099047,600,2.2597174051613815,0.48632814770965793
2025-02-18 21:00:00+00:00,16:00,0.732749528657133,7.406727801392578,95,1.548375791463905,0.09893026290494501
2025-02-19 12:00:00+00:00,07:00,3.3989444975824386,9.02178228638235,442,1.9089377662744922,0.3767486722344065
2025-02-19 13:30:00+00:00,08:30,-3.3271686515946435,18.699682775662374,600,1.2235250493311842,-0.17792647562582994
2025-02-19 19:00:00+00:00,14:00,-8.3117167556713,15.158603107657552,227,3.2552946071034374,-0.5483168004756676
2025-02-20 13:30:00+00:00,08:30,-1.328327923616608,18.601106641252663,600,1.7997695385072408,-0.07141123102163742
2025-02-20 15:00:00+00:00,10:00,-3.8438365859217503,30.05522346821549,600,1.5481615420910257,-0.12789246401667081
2025-02-21 14:45:00+00:00,09:45,-14.826247529864196,19.731345829362514,600,1.1449194685939326,-0.7514057914793137
2025-02-21 15:00:00+00:00,10:00,2.3745374901008507,29.24396054276944,600,0.8571185018348327,0.08119753432945848
2025-02-24 13:30:00+00:00,08:30,2.070092441842095,13.719747358771198,600,1.420780721505893,0.1508841517055094
2025-02-24 15:30:00+00:00,10:30,-4.197998836060915,14.795790971511915,133,1.2888929054116511,-0.28372926085153666
2025-02-25 13:30:00+00:00,08:30,-0.3302043665377663,13.361939478532875,600,1.3266080557704862,-0.024712308199589476
2025-02-25 14:00:00+00:00,09:00,-3.696063703246267,8.949175395473228,149,2.929108957891678,-0.4130060636777609
2025-02-25 15:00:00+00:00,10:00,-1.1240789680313574,27.08539408840551,600,1.8509906012116446,-0.04150129639474375
2025-02-25 15:30:00+00:00,10:30,0.12125148518194288,10.006146811124118,133,2.133671562752437,0.012117699996880333
2025-02-26 12:00:00+00:00,07:00,1.789764237053652,9.599824640561728,443,1.3012990742297805,0.1864371802680059
2025-02-26 13:20:00+00:00,08:20,,,0,,
2025-02-26 15:00:00+00:00,10:00,-7.58787948738668,29.81546725953599,600,1.0663900573787155,-0.2544947366189548
2025-02-27 13:30:00+00:00,08:30,-3.450325657305002,20.437957586899376,600,1.536385467916549,-0.16881949395553314
2025-02-27 15:00:00+00:00,10:00,1.8350421648838782,21.481019757859283,600,1.4624429366384037,0.08542621279478547
2025-02-27 16:00:00+00:00,11:00,1.7372803858045183,14.392594046703753,142,2.7329649662803397,0.12070655089465245
2025-02-28 13:30:00+00:00,08:30,3.671824671016741,15.158151912219587,600,1.825597676565159,0.2422343233053851
2025-02-28 14:45:00+00:00,09:45,5.906619602471822,24.683724618839392,600,1.4190189728486575,0.23929207174689127
2025-02-28 16:00:00+00:00,11:00,0.45981602827915924,20.544127459481,142,2.23681618119012,0.02238187186027006
2025-03-03 14:45:00+00:00,09:45,-3.8340960076501975,28.846890700430066,600,2.00313860191369,-0.13291193312536234
2025-03-03 15:00:00+00:00,10:00,8.11155594586843,23.665937546247914,600,1.813877314838481,0.3427523600118038
2025-03-03 21:24:00+00:00,16:24,,,0,,
2025-03-05 12:00:00+00:00,07:00,1.6757177741864169,7.669891675476032,444,1.6432969569774765,0.21847997926025642
2025-03-05 13:15:00+00:00,08:15,-2.945236302174326,12.081003034758341,105,3.0610814085577007,-0.24379070957109814
2025-03-05 14:45:00+00:00,09:45,6.264156070029734,21.975290004726755,600,0.9133226661180471,0.2850545348289989
2025-03-05 15:00:00+00:00,10:00,1.7308162735884662,21.86652437147595,600,2.2823616513206044,0.07915369832831093
2025-03-06 12:30:00+00:00,07:30,-0.9904101864007198,14.955133603054673,106,1.8125458029429973,-0.06622543219529799
2025-03-06 13:30:00+00:00,08:30,-2.4280041238135883,14.201741790849633,600,1.3913723779737068,-0.17096523507968459
2025-03-06 15:00:00+00:00,10:00,5.372290958252416,15.393744518219997,600,2.2514417617314244,0.3489918227429191
2025-03-07 13:30:00+00:00,08:30,8.785948355397727,26.636763640822736,600,1.1642852886137423,0.3298429371476885
2025-03-07 20:00:00+00:00,15:00,6.376971271977117,11.353172774813737,109,1.391279014539155,0.5616906743570402
2025-03-10 15:00:00+00:00,11:00,1.4176288505136452,12.019299983314593,143,2.8876811036565986,0.11794604115727396
2025-03-11 10:00:00+00:00,06:00,-2.5975622463260097,11.458733379188683,104,2.498798158873947,-0.2266884271034436
2025-03-11 14:00:00+00:00,10:00,1.488599840100484,19.374209855814158,600,2.296613128179095,0.07683409290902042
2025-03-12 11:00:00+00:00,07:00,-3.328065133086516,7.543073138009991,445,1.2087128066536554,-0.44120812196771625
2025-03-12 12:30:00+00:00,08:30,14.856785138693638,26.74359983955627,600,0.7623154031094888,0.5555267513657257
2025-03-12 18:00:00+00:00,14:00,2.2989795119159715,20.148755477868548,229,1.6235705608063131,0.11410032319073887
2025-03-13 12:30:00+00:00,08:30,1.302886529049479,18.852619496376434,600,1.8231993281912138,0.06910904499504168
2025-03-13 16:00:00+00:00,12:00,1.1347977421709339,29.83154315472062,34,1.8749496547514803,0.038040195784888875
2025-03-14 14:00:00+00:00,10:00,-18.05198957557729,33.00130759897681,600,1.207776123502888,-0.547008312365689
2025-03-17 12:30:00+00:00,08:30,-6.586293016566138,14.237292824515917,600,3.2405255457344087,-0.46260852380762063
2025-03-17 14:00:00+00:00,10:00,-2.221651357221499,27.469603123615098,600,1.1870936410104027,-0.08087671843032881
2025-03-18 12:30:00+00:00,08:30,1.9532700585550975,9.967930201305434,600,5.656854249492378,0.19595543097796678
2025-03-18 13:15:00+00:00,09:15,6.336590126092554,23.40735762880642,89,5.656854249492379,0.2707093310820521
2025-03-19 11:00:00+00:00,07:00,0.09079598434343183,5.552664749244741,446,5.656854249492378,0.016351785753998864
2025-03-19 18:00:00+00:00,14:00,-0.3466640085569344,10.114872035138895,229,5.656854249492378,-0.0342727033374846
2025-03-19 20:00:00+00:00,16:00,-3.9564051913557767,11.646019982301034,96,5.656854249492379,-0.33972165575608654
2025-03-20 12:30:00+00:00,08:30,0.27466400800776414,12.05105335406225,600,5.656854249492378,0.022791701267771632
2025-03-20 14:00:00+00:00,10:00,3.2859894495125666,22.513390978503327,600,5.656854249492378,0.14595710848935012
2025-03-24 12:30:00+00:00,08:30,0.9933519754504592,7.82506707902482,600,2.1062702025860727,0.12694485113273346
2025-03-24 13:45:00+00:00,09:45,-5.834181245734235,29.080821973688202,600,1.7877273453327478,-0.2006195440766047
2025-03-25 11:52:00+00:00,07:52,,,0,,
2025-03-25 12:30:00+00:00,08:30,2.3702185490302212,20.475050483673076,600,2.3090614831831253,0.11576130427225306
2025-03-25 13:00:00+00:00,09:00,1.658483647724631,11.564223287133737,150,2.3638468556925765,0.143415048857613
2025-03-25 14:00:00+00:00,10:00,-6.426527663200254,26.226679872233056,600,1.1960562478834584,-0.2450377895527754
2025-03-26 11:00:00+00:00,07:00,-2.6607532459367937,8.927452754677944,447,1.1573487877402466,-0.2980417056301498
2025-03-26 12:30:00+00:00,08:30,-4.106622066394596,10.543321222997895,600,1.7451023041555687,-0.3894998529910025
2025-03-27 12:30:00+00:00,08:30,-6.490656804083907,16.035008272092632,600,3.0370259114850877,-0.4047803838916792
2025-03-27 14:00:00+00:00,10:00,5.959515288366991,22.771206261727034,600,1.454287636621789,0.261712762155403
2025-03-27 15:00:00+00:00,11:00,-4.11550936332195,19.111410030840855,145,1.8970024086539912,-0.21534305196113662
2025-03-28 12:30:00+00:00,08:30,3.701742784676667,24.25000884020104,600,1.5911165562449783,0.15264913134959412
2025-03-28 14:00:00+00:00,10:00,3.2461212228090996,41.345516368406706,600,1.0201995346057975,0.07851204938123724
2025-03-28 15:00:00+00:00,11:00,7.078810993853764,18.902446059653983,145,2.201724915960323,0.37449179706763014
2025-03-31 13:45:00+00:00,09:45,4.418915628085869,38.9935244767297,600,1.936022857852311,0.1133243451928271
2025-03-31 14:30:00+00:00,10:30,-2.712330410916589,16.726470825801453,135,3.0581078585662125,-0.1621579614231998
2025-04-01 13:45:00+00:00,09:45,31.094254897216132,96.38602877914231,600,1.3782470038371906,0.32260126587915666
2025-04-01 14:00:00+00:00,10:00,-7.111207473294225,36.227320373348114,600,2.434723379695175,-0.19629405100924419
2025-04-01 14:30:00+00:00,10:30,7.09049410771144,21.706955100700288,135,1.45281415605057,0.32664618666312595
2025-04-02 11:00:00+00:00,07:00,3.6331756831945006,11.489220170766222,448,2.069051068914079,0.31622474190536837
2025-04-02 12:15:00+00:00,08:15,0.7073740421475478,16.725342356678613,106,1.0766988418456716,0.04229354634795177
2025-04-02 14:00:00+00:00,10:00,7.853998525313043,26.296081321636475,600,1.694122986456954,0.2986756250578962
2025-04-03 11:30:00+00:00,07:30,0.8460503305361642,10.283499791878834,107,1.7066086625715249,0.08227260637514805
2025-04-03 12:30:00+00:00,08:30,-3.3297521415164093,11.068051501034777,600,2.132282219047382,-0.3008435713553649
2025-04-03 13:45:00+00:00,09:45,3.1222013525937093,45.93306006649881,600,1.3181398821660208,0.06797285763399162
2025-04-03 14:00:00+00:00,10:00,-2.0068987139221433,33.152182604629274,600,1.1657269768222454,-0.06053594533597633
2025-04-04 12:30:00+00:00,08:30,3.339362683000805,16.186244103360806,600,1.923486949431938,0.20630868172236705
2025-04-07 19:00:00+00:00,15:00,3.980019375971562,11.366222808168724,110,1.8136334237186928,0.35016200572024553
2025-04-08 10:00:00+00:00,06:00,1.7469323632145963,6.726928069208033,105,1.3090453769612445,0.2596924398836725
2025-04-09 11:00:00+00:00,07:00,-3.4116350132219058,6.880443859488995,448,3.0042548846539883,-0.4958451929691764
2025-04-09 14:00:00+00:00,10:00,3.017321925240215,18.10277803865419,600,1.4574602225978843,0.1666772867013803
2025-04-09 18:00:00+00:00,14:00,-6.873755346034228,21.352638380317167,230,2.5764014512887123,-0.321915972331103
2025-04-10 12:30:00+00:00,08:30,-4.903480023127136,22.575994665414576,600,1.9894794379801903,-0.21719884752803606
2025-04-10 18:00:00+00:00,14:00,3.5981843075443707,15.69997123132389,230,1.4909111869287863,0.22918413381327937
2025-04-11 12:30:00+00:00,08:30,0.8010483401402658,12.002732589912332,600,3.422432258117206,0.06673883085702542
2025-04-11 14:00:00+00:00,10:00,-19.449855901105686,36.23344210339367,600,1.318168001769432,-0.536792939671718
2025-04-14 15:00:00+00:00,11:00,1.8302213996230223,13.685979532703307,146,1.9834528678566363,0.13372966072684972
2025-04-15 12:30:00+00:00,08:30,-2.781308476124761,16.779706305804147,600,1.3153263886871371,-0.16575430019074283
2025-04-16 11:00:00+00:00,07:00,1.1425599051734199,8.242530610520094,449,1.3832583798689415,0.1386176114062773
2025-04-16 12:30:00+00:00,08:30,0.6855617070734217,8.049140336862042,600,2.819291932593923,0.08517204053876491
2025-04-16 13:15:00+00:00,09:15,-0.8948573569945067,17.318197800592284,89,1.5671483199708758,-0.05167150573623212
2025-04-16 14:00:00+00:00,10:00,-0.08807029244967252,31.465577807121132,600,1.2639688053515779,-0.0027989408931095774
2025-04-16 20:00:00+00:00,16:00,0.7154818875078577,4.914690057537458,96,1.4031480581155538,0.14558026633043777
2025-04-17 12:30:00+00:00,08:30,-2.4066621029245323,12.444650084246433,600,2.61307499095376,-0.19338929472762786
2025-04-21 14:00:00+00:00,10:00,-9.042723000182551,25.629778282983043,600,1.2455416057890447,-0.35282096085031256
2025-04-22 12:30:00+00:00,08:30,-3.678708364231117,15.062969408910718,600,1.6485803341698015,-0.24422198999188857
2025-04-22 14:00:00+00:00,10:00,-6.307428305316398,25.697012461516902,600,1.1736559718746287,-0.24545375906098885
2025-04-23 11:00:00+00:00,07:00,-2.874372066569857,10.649678446358667,450,0.8872420023745742,-0.2699022398702245
2025-04-23 11:45:00+00:00,07:45,,,0,,
2025-04-23 13:45:00+00:00,09:45,-7.557501155279966,23.46330043596479,600,1.5283379597541138,-0.32209881026352755
2025-04-23 14:00:00+00:00,10:00,-8.44712893717404,26.97371231599145,600,2.111457321681043,-0.31316152697921873
2025-04-24 12:30:00+00:00,08:30,-5.244454334998545,14.576519617592893,600,2.167762763742456,-0.3597878281362058
2025-04-24 14:00:00+00:00,10:00,-5.847134615286212,32.45969114310932,600,1.3683913475192135,-0.1801352511182925
2025-04-24 15:00:00+00:00,11:00,2.264411881891839,30.92084195615168,148,2.419816835557581,0.07323254279760438
2025-04-25 14:00:00+00:00,10:00,5.465466066552775,29.414690643564338,600,1.179788256388633,0.1858073617969043
2025-04-25 15:00:00+00:00,11:00,2.62791565285882,20.08770207663869,148,1.3394946907750123,0.13082211408914693
2025-04-28 14:30:00+00:00,10:30,1.642394279365837,15.947435529666132,137,1.5594868294988533,0.10298798677132645
2025-04-29 12:30:00+00:00,08:30,-3.474986640330108,20.704077718206587,600,1.357283316100195,-0.16784068759915358
2025-04-29 13:00:00+00:00,09:00,-1.3880002377105298,9.677401166829577,151,2.098521832688142,-0.14342696079067827
2025-04-29 14:00:00+00:00,10:00,0.25941753331563555,25.34270397846202,600,1.5804543223744434,0.010236379414608105
2025-04-29 14:30:00+00:00,10:30,-2.6078290107171056,15.987477045015273,137,1.4322020062284797,-0.16311698233400743
2025-04-30 11:00:00+00:00,07:00,-3.1719598130145132,5.985911985050885,451,2.1971919856028337,-0.5299041851828279
2025-04-30 12:15:00+00:00,08:15,-0.5535473741118964,16.541693737956706,107,1.7361754760011505,-0.03346376633982299
2025-04-30 12:30:00+00:00,08:30,-2.158627062425367,15.652051855521123,600,0.7283631733160425,-0.13791336000870266
2025-04-30 13:45:00+00:00,09:45,7.014841163396406,25.894082798242163,600,0.7252542717832481,0.27090518007738096
2025-04-30 14:00:00+00:00,10:00,-8.838692287841198,19.754248430280967,600,1.064675043983992,-0.44743247605879605
2025-05-01 11:30:00+00:00,07:30,0.033705460655230834,9.082208799579648,108,2.3265337088767253,0.003711152363816038
2025-05-01 12:30:00+00:00,08:30,-1.7256264240432182,18.803878049468793,600,1.774557457532096,-0.09176970939204569
2025-05-01 13:45:00+00:00,09:45,-12.527963275281484,32.131686900168845,600,1.8198823599078155,-0.38989435301685493
2025-05-01 14:00:00+00:00,10:00,1.9267471602956403,29.815807693892065,600,2.243932865950725,0.06462166579811773
2025-05-02 12:30:00+00:00,08:30,9.001269128774645,34.78646321985845,600,1.0991588294660615,0.2587578125400261
2025-05-02 14:00:00+00:00,10:00,4.374197939150372,31.83738150899997,600,1.2550274350057318,0.13739188751794332
2025-05-05 13:45:00+00:00,09:45,-9.571755803562787,22.2041119770509,600,1.2448784539041284,-0.43108032482702724
2025-05-05 14:00:00+00:00,10:00,5.552765144165548,18.92426579490094,600,1.8528913135891134,0.2934203738388475
2025-05-06 12:30:00+00:00,08:30,-4.769029921466286,12.444043728154076,600,2.0796681160224586,-0.3832379591110384
2025-05-07 11:00:00+00:00,07:00,-3.937376570462609,9.473649699897626,452,1.1775729640638033,-0.4156134853186684
2025-05-07 18:00:00+00:00,14:00,-3.799807007026173,10.852543077694634,232,1.1853480955838416,-0.35013056200955917
2025-05-07 19:00:00+00:00,15:00,0.26509748235226666,15.150456963327725,111,2.929615096746374,0.017497655878891672
2025-05-08 12:30:00+00:00,08:30,-1.8767957971030653,10.62366893385945,600,2.1633439207279612,-0.1766617360525417
2025-05-08 14:00:00+00:00,10:00,-5.468757193611521,27.129729340979058,600,1.9138144305411344,-0.20157802257728547
2025-05-08 15:00:00+00:00,11:00,0.7515885133190608,18.351718358058235,149,1.6207881483021345,0.04095466695024984
2025-05-12 18:00:00+00:00,14:00,5.154380525849525,13.723905021142839,232,2.158276675721349,0.37557681417269834
2025-05-13 10:00:00+00:00,06:00,-0.20297897408599685,8.322763521670606,106,1.261232916681617,-0.024388410599133957
2025-05-13 12:30:00+00:00,08:30,-6.851160552525474,20.02947969884942,600,1.3654542244065895,-0.3420538454086271
2025-05-14 11:00:00+00:00,07:00,2.1964289381679243,5.559438056725779,453,1.6592579034623685,0.39508110635582966
2025-05-15 12:30:00+00:00,08:30,1.504691400751577,6.9259411597225675,600,1.7901129401809284,0.2172544302718059
2025-05-15 13:15:00+00:00,09:15,15.40614663759878,22.136159415962645,90,2.5866526592418126,0.6959719772567786
2025-05-15 14:00:00+00:00,10:00,5.739186926570599,20.653722385059215,600,2.644850856261396,0.2778766374202015
2025-05-16 12:30:00+00:00,08:30,-0.8083494871671951,13.415502562740636,600,2.9929030363358335,-0.0602548792627608
2025-05-16 14:00:00+00:00,10:00,3.094359381074034,21.065987823834487,600,1.6869553285464176,0.1468888811173152
2025-05-16 20:00:00+00:00,16:00,-2.0494966821389298,10.33509325906111,97,3.521383038086235,-0.19830461426577545
2025-05-19 14:00:00+00:00,10:00,-0.30794023160224226,26.641822591377547,600,0.9497640981536852,-0.011558527219601902
2025-05-20 12:30:00+00:00,08:30,3.195212318885621,8.98831903792644,600,1.950465702489991,0.355484969481317
2025-05-21 11:00:00+00:00,07:00,3.2407236480767283,12.27038797239892,454,1.8566577196090714,0.2641093057013707
2025-05-22 12:30:00+00:00,08:30,-0.9223604829248644,10.374852233208944,600,1.8738256781548341,-0.08890348143682217
2025-05-22 13:45:00+00:00,09:45,0.5724055099264814,25.372460749134294,600,1.883225233818329,0.022560110175597052
2025-05-22 14:00:00+00:00,10:00,-3.604507138109249,19.795843549992462,600,1.7271889425638252,-0.182084038450113
2025-05-22 15:00:00+00:00,11:00,1.5090428129984321,18.247418644556415,151,2.7542102325707307,0.0826989747094234
2025-05-23 11:56:00+00:00,07:56,,,0,,
2025-05-23 14:00:00+00:00,10:00,-6.31108173074711,22.032027430775614,600,2.1505794738685964,-0.28645033919717366
2025-05-23 15:00:00+00:00,11:00,-3.3178641842655034,17.66243645201857,151,1.8203990928099065,-0.18784861269161524
2025-05-27 12:30:00+00:00,08:30,2.2746279596626167,11.314602990468767,600,3.296735439160327,0.2010347125373047
2025-05-27 13:00:00+00:00,09:00,-2.2077155974585665,7.121100846028636,152,1.4944822250361463,-0.3100244814942884
2025-05-27 14:00:00+00:00,10:00,12.557770273325435,12.127422506187038,600,2.1399967873765178,1.0354855095482034
2025-05-27 14:30:00+00:00,10:30,3.6745905593231116,13.87602246278258,139,1.3715009918856187,0.2648158410797384
2025-05-28 11:00:00+00:00,07:00,-2.53414592863521,6.385814127875401,455,0.7559520336231402,-0.39683991389181505
2025-05-28 14:00:00+00:00,10:00,-1.906493360252432,26.204767275144192,600,1.4340942112274455,-0.07275368410009822
2025-05-28 14:30:00+00:00,10:30,7.526511621248206,21.9964830102002,139,1.8513525948108829,0.3421688648025239
2025-05-28 18:00:00+00:00,14:00,-7.835107113642451,33.68223752511987,233,1.926519724268297,-0.23261836770194108
2025-05-29 12:30:00+00:00,08:30,-6.981292974867178,14.610661462839444,600,1.737886639502152,-0.4778218284383156
2025-05-29 14:00:00+00:00,10:00,-6.307763884789364,24.09109065588814,600,2.9289564797680665,-0.2618297351036564
2025-05-30 12:30:00+00:00,08:30,-1.3645127729194284,14.774493264048667,600,1.443993641031172,-0.09235597786894992
2025-05-30 13:45:00+00:00,09:45,8.585961890986127,21.28656495853113,600,2.5443760870328167,0.4033512174328101
2025-05-30 14:00:00+00:00,10:00,13.043364656438317,22.442129531351064,600,2.3017807045548127,0.5811999542297036
2025-06-02 13:45:00+00:00,09:45,2.503613872952913,47.025975092576864,600,2.8329605086569143,0.05323895715132366
2025-06-02 14:00:00+00:00,10:00,-1.417870969270676,32.4026805872227,600,1.3462661987962108,-0.04375782940099662
2025-06-03 14:00:00+00:00,10:00,5.126514824923191,32.059710108480694,600,1.7361970187967988,0.15990521460039916
2025-06-04 11:00:00+00:00,07:00,-1.5753202545850309,6.022166875424406,456,1.505540116051816,-0.2615869482152156
2025-06-04 12:15:00+00:00,08:15,-9.989277555120879,18.697130984755535,108,2.3243081128864924,-0.5342679346508032
2025-06-04 13:45:00+00:00,09:45,0.9157567264010182,16.739748480052196,600,1.4243368888335877,0.05470552484658138
2025-06-04 14:00:00+00:00,10:00,2.3779170465301127,30.06124555091438,600,2.7060766337942526,0.07910241252321573
2025-06-05 11:30:00+00:00,07:30,-0.20097261545927947,10.249575530349079,109,2.6244810811065453,-0.01960789643085198
2025-06-05 12:30:00+00:00,08:30,8.176220908702165,19.41243860329696,600,1.7868640274002925,0.4211846371178496
2025-06-06 12:30:00+00:00,08:30,-2.329814433783767,28.282825582088176,600,1.5965070964415367,-0.08237558963200849
2025-06-06 19:00:00+00:00,15:00,-2.6039992861160415,17.66538959833628,112,2.541885289910497,-0.14740684158821413
2025-06-09 14:00:00+00:00,10:00,-5.297196048074702,26.338308965160813,600,1.9761846338971691,-0.2011213421135581
2025-06-09 15:00:00+00:00,11:00,0.6750411770266929,18.288117621964464,152,1.6188837819753565,0.03691146300458787
2025-06-10 10:00:00+00:00,06:00,0.9199992310615832,8.95503871054845,107,3.062193500427027,0.10273537176091536
2025-06-11 11:00:00+00:00,07:00,-0.15625283416831265,7.990626849734627,457,2.446798547108557,-0.019554515197202818
2025-06-11 12:30:00+00:00,08:30,4.709476989203568,33.14749392825005,600,1.5245160732995047,0.14207641155007206
2025-06-11 18:00:00+00:00,14:00,-7.414674825190005,11.21670297575855,234,1.3405087500000303,-0.6610387064019206
2025-06-12 12:30:00+00:00,08:30,2.5066193932256784,16.750512494277565,600,2.4995926270685436,0.14964434037955604
2025-06-12 16:00:00+00:00,12:00,0.15514000843538922,30.077687476095107,35,3.3766790843736736,0.00515797660836426
2025-06-13 14:00:00+00:00,10:00,-0.432770686789928,28.77335792151301,600,1.0778137974771251,-0.015040673666605935
2025-06-16 12:30:00+00:00,08:30,5.538396526972231,23.50399673601313,600,1.3165547220543197,0.235636372365821
2025-06-17 12:30:00+00:00,08:30,-4.865646236722403,12.62871529599249,600,5.656854249492378,-0.38528433990957367
2025-06-17 13:15:00+00:00,09:15,3.0184801707045175,16.613242892115828,91,5.656854249492379,0.18169120805047653
2025-06-17 14:00:00+00:00,10:00,0.3759150562401169,20.941454503111885,600,5.656854249492378,0.017950761547353658
2025-06-18 11:00:00+00:00,07:00,-0.14646839695651917,5.5677159454745455,458,5.656854249492378,-0.026306729436434178
2025-06-18 12:30:00+00:00,08:30,-4.865646236722403,12.62871529599249,600,5.656854249492378,-0.38528433990957367
2025-06-18 18:00:00+00:00,14:00,-1.1826430928232612,8.498859758925398,235,5.656854249492378,-0.13915314834807857
2025-06-18 20:00:00+00:00,16:00,-5.222639976342495,11.772862112025132,98,5.656854249492379,-0.44361684751305663
2025-06-20 12:30:00+00:00,08:30,-2.399744256533244,11.482338800800122,600,5.656854249492378,-0.2089943780761828
2025-06-20 14:00:00+00:00,10:00,6.258995558261018,17.53819909797401,600,5.656854249492378,0.3568778939785242
2025-06-23 13:45:00+00:00,09:45,0.8827377616561882,30.531610575906488,600,1.766221318840408,0.02891225667449021
2025-06-23 14:00:00+00:00,10:00,-1.808953788007098,29.678406109440015,600,1.2155801468539624,-0.06095185103056163
2025-06-24 12:30:00+00:00,08:30,-0.8867806217561942,13.350035660041497,600,1.6731033433234064,-0.06642533730531157
2025-06-24 13:00:00+00:00,09:00,1.7620815173105708,8.496972392976346,153,1.9590942686611337,0.2073775735422089
2025-06-24 14:00:00+00:00,10:00,-2.7661795160018796,16.457770911658194,600,1.2177198392671316,-0.1680774104129983
2025-06-25 11:00:00+00:00,07:00,-4.636553287569491,15.93805011571283,459,2.8842891522695187,-0.29091094920064636
2025-06-25 11:52:00+00:00,07:52,,,1,,
2025-06-25 14:00:00+00:00,10:00,-2.814237419453866,24.174063492329452,600,2.009910792284944,-0.1164155716041218
2025-06-26 12:30:00+00:00,08:30,1.3922181786256165,7.185847364222426,600,2.0378914845947986,0.19374446854484045
2025-06-26 14:00:00+00:00,10:00,-4.292411704021302,31.67103230327166,600,1.7104177140448424,-0.13553115866001914
2025-06-26 15:00:00+00:00,11:00,-11.105125061581184,15.55977431738479,154,2.3883142296505753,-0.7137073350205042
2025-06-27 12:30:00+00:00,08:30,4.568512088073469,15.805191116854946,600,1.6011556208870714,0.28905136637047835
2025-06-27 14:00:00+00:00,10:00,3.3637071469776503,18.513388463641736,600,1.336299417057099,0.18169051838260739
2025-06-27 15:00:00+00:00,11:00,4.369617596460035,19.119899064155955,154,1.2747516602872309,0.22853769163728224
2025-06-30 13:45:00+00:00,09:45,2.539390671645029,22.375298855693625,600,0.9979380894330447,0.11349080466019586
2025-06-30 14:30:00+00:00,10:30,2.72937847259319,21.479100013931717,141,2.1140839258195383,0.12707136103574487
2025-07-01 13:45:00+00:00,09:45,-0.10946400849498383,19.269509781514664,600,1.170550001556555,-0.0056806846534307376
2025-07-01 14:00:00+00:00,10:00,-3.6552735617425136,31.58256610966353,600,0.9697645634086984,-0.11573706674278392
2025-07-01 14:30:00+00:00,10:30,2.913506414797574,14.180644882514374,141,0.9331478226494953,0.20545655285325637
2025-07-02 11:00:00+00:00,07:00,-0.8036966398167189,5.168569126348629,460,1.9245037687646065,-0.15549693158200942
2025-07-02 11:30:00+00:00,07:30,-0.5646548334170376,12.821117320725143,110,1.6220623736641324,-0.044041000428588356
2025-07-02 12:15:00+00:00,08:15,-1.6625842258875834,12.38657142117355,109,2.298328125974226,-0.1342247317159589
2025-07-03 12:30:00+00:00,08:30,-3.7432266406976664,14.120173687750256,600,5.656854249492378,-0.2650977759533543
2025-07-03 13:45:00+00:00,09:45,1.9560854074057625,17.08355631142541,600,5.656854249492378,0.1145010659225293
2025-07-03 14:00:00+00:00,10:00,1.4247341599298673,18.73461381080362,600,5.656854249492378,0.0760482267912174
2025-07-08 10:00:00+00:00,06:00,0.4397838057116527,8.810808896079473,108,1.2591103418487686,0.04991412376533809
2025-07-08 15:00:00+00:00,11:00,-3.463147840243601,19.634174788692377,155,1.1468604185618536,-0.1763836717109232
2025-07-08 19:00:00+00:00,15:00,-2.7180522057207264,19.132964255355418,113,2.614684368469436,-0.14206121798194074
2025-07-09 11:00:00+00:00,07:00,2.798041559375502,5.513964199760552,460,2.275263505571303,0.5074464501414444
2025-07-09 14:00:00+00:00,10:00,0.6831628017133871,32.04712540123576,600,1.8158904616213347,0.02131744401908334
2025-07-09 18:00:00+00:00,14:00,4.976031993647634,21.343576738793853,236,1.0259478390555878,0.2331395554993017
2025-07-10 12:30:00+00:00,08:30,-7.417670103789701,17.355865475820675,600,1.3904906447883392,-0.42738693233844366
2025-07-11 18:00:00+00:00,14:00,-4.09582888259278,20.766277413254326,236,2.0161519999494626,-0.19723462231986597
2025-07-15 12:30:00+00:00,08:30,-7.1916581618712065,16.980382791021892,600,1.4034185440589577,-0.42352744637027157
2025-07-16 11:00:00+00:00,07:00,-0.3552366220969805,7.693828234386076,461,2.5423424203571865,-0.04617163410398469
2025-07-16 12:30:00+00:00,08:30,3.5073852542495,18.431221650601596,600,2.145279979898327,0.1902958643077801
2025-07-16 13:15:00+00:00,09:15,-0.6120089065059345,20.089255587718995,91,1.3620777909837676,-0.030464489031642818
2025-07-17 12:30:00+00:00,08:30,4.740868527471572,17.990630283044833,600,1.820492432435281,0.26351875686865606
2025-07-17 14:00:00+00:00,10:00,0.30075342942629946,24.26102166780993,600,1.2075300295298181,0.012396569012810613
2025-07-17 20:00:00+00:00,16:00,-0.4191923164446416,9.878087482673507,98,2.7892820305677146,-0.042436586756284436
2025-07-18 12:30:00+00:00,08:30,3.153415382015172,11.739113406240001,600,2.990829044683909,0.26862466294421805
2025-07-18 14:00:00+00:00,10:00,-5.854299454265288,21.980921264139056,600,1.7931158031372798,-0.266335490852075
2025-07-21 14:00:00+00:00,10:00,-15.702255966440429,42.232008636385686,600,1.7246619851941036,-0.3718093567757014
2025-07-22 12:30:00+00:00,08:30,-1.6884488679065535,12.364490460734732,600,1.3876362349203142,-0.13655628376021417
2025-07-22 14:00:00+00:00,10:00,8.520985787297267,30.192413872975344,600,1.616099322597975,0.28222274055815855
2025-07-23 11:00:00+00:00,07:00,2.815990290530312,16.20475937884934,462,1.2893776461975275,0.1737755078428242
2025-07-23 14:00:00+00:00,10:00,-1.9529631191844095,34.05974616592846,600,1.3680340082681022,-0.057339332761617845
2025-07-24 11:50:00+00:00,07:50,,,0,,
2025-07-24 12:23:00+00:00,08:23,,,0,,
2025-07-24 12:30:00+00:00,08:30,1.007484793541927,13.479660057804317,600,2.015137972600889,0.07474111284865999
2025-07-24 13:45:00+00:00,09:45,-0.9447664903924251,19.543449941863567,600,1.8435247255732417,-0.0483418481999262
2025-07-24 14:00:00+00:00,10:00,3.086530722916681,33.61660052518667,600,1.5050846956973918,0.09181567067152284
2025-07-24 15:00:00+00:00,11:00,6.028188658706503,18.15818931331084,157,1.7901554176240966,0.33198181573575436
2025-07-25 12:30:00+00:00,08:30,-2.9619304498076104,16.840189277488967,600,1.2413603232969352,-0.1758846293828155
2025-07-25 15:00:00+00:00,11:00,-0.8890771504694289,10.122646849887007,157,1.6203244195052386,-0.08783050161226885
2025-07-28 14:30:00+00:00,10:30,-4.424074283651526,25.408149595761284,143,1.7086237994206321,-0.17412028636629143
2025-07-29 12:30:00+00:00,08:30,-2.4266805887910405,13.742345589536662,600,2.701149292042568,-0.1765841626511489
2025-07-29 13:00:00+00:00,09:00,-0.2691755593445249,9.394194425291984,154,1.553821429121403,-0.028653394549704416
2025-07-29 14:00:00+00:00,10:00,-14.711009365672227,23.578523458391594,600,1.4547655748708088,-0.6239156320213334
2025-07-29 14:30:00+00:00,10:30,-0.28354839855529135,11.988304541373529,143,3.3961493203910256,-0.023652085044780197
2025-07-30 11:00:00+00:00,07:00,1.5797811170268965,7.412336601935325,463,2.442310063957529,0.21312862621678882
2025-07-30 12:15:00+00:00,08:15,-8.039900060287016,21.717790775659036,110,2.0591016577581778,-0.3701987989173379
2025-07-30 12:30:00+00:00,08:30,0.08730239725423894,7.95796805408212,600,2.2988852813904788,0.010970438265262486
2025-07-30 14:00:00+00:00,10:00,1.693603847968408,19.884612812762104,600,1.66500812062128,0.08517157783838966
2025-07-30 18:00:00+00:00,14:00,-7.70804346118814,20.90127067561968,237,2.2156721777779365,-0.3687834859810317
2025-07-31 11:30:00+00:00,07:30,-0.702237093066207,12.670528883139438,111,2.2012341065007783,-0.05542287141625696
2025-07-31 12:30:00+00:00,08:30,-4.75291614388164,11.607917740657532,600,2.3041987168967193,-0.4094546713778151
2025-07-31 13:45:00+00:00,09:45,-5.046379523979014,20.38948236972166,600,1.9474690157544823,-0.2474991484567003
2025-08-01 12:30:00+00:00,08:30,4.612540032192525,30.80158421899693,600,2.1697385873286756,0.14975009075499868
2025-08-01 13:45:00+00:00,09:45,22.694325837350828,97.25079575937478,600,0.8506168482209935,0.2333587675056442
2025-08-01 14:00:00+00:00,10:00,-2.045794993964295,25.196979958694342,600,1.1747401153213528,-0.08119207132434074
2025-08-04 14:00:00+00:00,10:00,-3.0909606496806874,21.341822355064515,600,1.0339334135339018,-0.14483114882395168
2025-08-05 12:30:00+00:00,08:30,-2.178743238353845,15.726194569307095,600,1.8760492918137288,-0.13854230460852307
2025-08-05 13:45:00+00:00,09:45,-13.04634632368202,21.730173192800134,600,0.8778632998765146,-0.6003793070551628
2025-08-05 14:00:00+00:00,10:00,7.302889068328998,30.178481247462486,600,1.5632113736215223,0.24198994669233234
2025-08-06 11:00:00+00:00,07:00,3.663912973096604,15.036134466462975,464,1.8144805073932453,0.24367386320391723
2025-08-07 12:30:00+00:00,08:30,3.7218705505343475,14.509445794589553,600,2.9060414952411437,0.2565136258975654
2025-08-07 14:00:00+00:00,10:00,-4.968321709807935,24.58745683252549,600,1.5411336894818437,-0.20206732821735332
2025-08-07 15:00:00+00:00,11:00,-4.609896305015392,20.781903777632326,158,1.2207882896152784,-0.22182261809801312
2025-08-07 19:00:00+00:00,15:00,-5.941625886691122,16.021386714226384,114,2.385274597481183,-0.37085590608802815
2025-08-12 10:00:00+00:00,06:00,1.6118537670657096,9.713383865723978,109,2.006581401260102,0.16594152865239117
2025-08-12 12:30:00+00:00,08:30,1.746396463035802,25.42179337480857,600,1.3073944356588687,0.06869682391354708
2025-08-12 18:00:00+00:00,14:00,6.768153147376001,23.700012961411502,238,1.7349266697970422,0.2855759259877177
2025-08-13 11:00:00+00:00,07:00,2.7675061326447867,12.010927823818466,465,1.6582610945012413,0.23041568255506778
2025-08-14 12:30:00+00:00,08:30,-8.674656903005555,31.569552978274526,600,1.3072218406179095,-0.2747792123941465
2025-08-15 12:30:00+00:00,08:30,-8.302048037431856,17.5819442607955,600,1.2982030079476865,-0.47219169360830565
2025-08-15 13:15:00+00:00,09:15,4.4005084098195155,26.967812206618394,92,3.785689257558247,0.1631763220577289
2025-08-15 14:00:00+00:00,10:00,-11.768260177698027,27.49830206812866,600,1.673965038426029,-0.427963157453921
2025-08-15 20:00:00+00:00,16:00,-0.9335969399159958,6.721198611039939,99,1.856707313753324,-0.13890334060096238
2025-08-18 12:30:00+00:00,08:30,-3.755773654967651,11.724963543150343,600,1.2787340742217543,-0.3203228428937634
2025-08-18 14:00:00+00:00,10:00,14.667624134680594,29.464787872865344,600,2.0998629461576916,0.4978017896469662
2025-08-19 12:30:00+00:00,08:30,0.7025824417716791,17.28123736233363,600,1.626972802207183,0.04065579489713134
2025-08-20 11:00:00+00:00,07:00,4.513656486200048,9.671926132823337,466,1.6169613025076834,0.46667607095159486
2025-08-20 18:00:00+00:00,14:00,-10.73716610983001,18.691345754885482,239,1.6968350102359182,-0.5744458558861961
2025-08-21 12:30:00+00:00,08:30,-3.491964027846583,10.571573590854838,600,1.4745132786167066,-0.33031639025503073
2025-08-21 13:45:00+00:00,09:45,-9.554518683084346,21.55344948927429,600,1.7145906122003731,-0.4432941784023477
2025-08-21 14:00:00+00:00,10:00,4.948318393635166,18.17960237305324,600,2.4296927229361023,0.2721906833875433
2025-08-25 11:51:00+00:00,07:51,,,0,,
2025-08-25 12:30:00+00:00,08:30,3.1823903814524974,10.35617914933781,600,1.3185699580850025,0.3072938711818233
2025-08-25 14:00:00+00:00,10:00,1.3771490508486608,21.19357765497407,600,2.2987235606846794,0.06497954584489174
2025-08-25 14:30:00+00:00,10:30,9.589762281330561,24.923779065245455,145,1.5145546857211472,0.3847635728204173
2025-08-26 12:30:00+00:00,08:30,-1.4981437189749527,11.444591129621008,600,2.3877019696099615,-0.1309040840347229
2025-08-26 13:00:00+00:00,09:00,5.280529549803098,8.560140393923332,155,2.498054594994873,0.6168741757496918
2025-08-26 14:00:00+00:00,10:00,-2.058261600952256,21.87803504296711,600,2.7291891497054372,-0.09407890593967681
2025-08-26 14:30:00+00:00,10:30,1.2744812972620585,14.006000002061954,145,2.2909774953601665,0.0909953803423126
2025-08-27 11:00:00+00:00,07:00,0.07600766940522036,5.892338097901775,467,2.199362824745652,0.012899407356187897
2025-08-28 12:30:00+00:00,08:30,-7.929738379118962,23.672922102710555,600,0.8723576372075751,-0.33497083058500016
2025-08-28 14:00:00+00:00,10:00,0.9490894111804954,22.374233110900573,600,1.7666751732442034,0.042418857731401104
2025-08-28 15:00:00+00:00,11:00,7.270614793666643,32.10890968502554,161,3.446749833678851,0.22643605357479332
2025-08-29 12:30:00+00:00,08:30,5.275015538725522,16.132092269723184,600,1.6124358354324608,0.3269889268254252
2025-08-29 13:45:00+00:00,09:45,8.552142548676358,21.72132940310624,600,1.603270899254116,0.39372095464163287
2025-08-29 14:00:00+00:00,10:00,12.591817198278719,29.116282809906554,600,1.5326905941521403,0.43246650956400473
2025-08-29 15:00:00+00:00,11:00,-6.834371223492195,9.01084402009446,161,1.808114941287437,-0.7584607178030534
2025-09-02 13:45:00+00:00,09:45,-8.518226120385789,23.298611757847745,600,0.9662889485444285,-0.3656108874176406
2025-09-02 14:00:00+00:00,10:00,-6.226587071583308,32.65877863951755,600,1.3985648130884096,-0.19065584602263894
2025-09-03 11:00:00+00:00,07:00,6.392490040219801,9.11112665916526,468,2.8910915431802646,0.7016135632127702
2025-09-03 14:00:00+00:00,10:00,1.2079706005987692,33.846409697408895,600,1.103669980895481,0.03568977068463616
2025-09-04 11:30:00+00:00,07:30,1.3324737185797375,10.325826923844533,112,1.5937284024273288,0.1290428096855635
2025-09-04 12:15:00+00:00,08:15,2.9847818669879773,9.49345067247936,111,2.159004075179945,0.3144043161924868
2025-09-04 12:30:00+00:00,08:30,-1.451768479821118,12.80773396903153,600,1.8031997312552859,-0.11335092400665275
2025-09-04 13:45:00+00:00,09:45,3.933412622114769,24.0677353815104,600,1.511636439221251,0.16343094020954468
2025-09-04 14:00:00+00:00,10:00,5.217822022674473,24.339521414787725,600,1.5396663660632925,0.21437652506611457
2025-09-05 12:30:00+00:00,08:30,-3.909375416590817,21.027373144927996,600,1.137510664832236,-0.18591839264210688
2025-09-08 15:00:00+00:00,11:00,-1.8996456708191842,28.79710903231674,161,0.7667132937064784,-0.06596654090128841
2025-09-08 19:00:00+00:00,15:00,-1.2846590563888105,7.983169024735787,115,1.777194857607977,-0.16092093909176974
2025-09-09 10:00:00+00:00,06:00,-3.9064486289770617,8.239694676713698,110,2.012822184326226,-0.47410113872509424
2025-09-09 14:00:00+00:00,10:00,6.588910511081858,16.891330034276034,600,2.12303706301652,0.3900764769684556
2025-09-10 11:00:00+00:00,07:00,1.7128237083278095,10.504667098049033,469,2.0411378799938062,0.16305359249755966
2025-09-10 12:30:00+00:00,08:30,9.461694946084659,28.682065364510965,600,1.4623333497866988,0.3298819253717987
2025-09-10 14:00:00+00:00,10:00,-1.5745300898767483,29.956623602729177,600,2.587769884902793,-0.05256033225764808
2025-09-11 12:30:00+00:00,08:30,9.281011225923457,13.708011801632859,600,1.854259688331603,0.6770501339091297
2025-09-11 16:00:00+00:00,12:00,4.614023120580496,31.88118265689792,36,2.1758529163070963,0.14472559472577126
2025-09-11 18:00:00+00:00,14:00,1.0368684898853482,28.817608893166664,241,1.8916567016582482,0.03598037900122984
2025-09-12 14:00:00+00:00,10:00,2.9359317731070615,12.778989960214393,600,2.2295455291937905,0.22974677828589557
2025-09-15 12:30:00+00:00,08:30,0.4310043275867597,12.212166268989339,600,5.656854249492378,0.035293028124029055
2025-09-16 12:30:00+00:00,08:30,-0.18801694491384113,11.020095326212225,600,5.656854249492378,-0.01706128117300646
2025-09-16 13:15:00+00:00,09:15,1.9879657030308302,20.271298413461793,93,5.656854249492379,0.09806800050413442
2025-09-16 14:00:00+00:00,10:00,9.039684135317556,15.812768452307331,600,5.656854249492378,0.5716699237443474
2025-09-17 11:00:00+00:00,07:00,-0.1464683969565195,5.5677159454745455,470,5.656854249492378,-0.026306729436434237
2025-09-17 12:30:00+00:00,08:30,-0.1880169449138407,11.020095326212225,600,5.656854249492378,-0.017061281173006423
2025-09-17 18:00:00+00:00,14:00,-0.7675418434980008,9.758428271215752,241,5.656854249492378,-0.07865424863161664
2025-09-18 12:30:00+00:00,08:30,-2.322808976235782,14.837585248837359,600,5.656854249492378,-0.15654898942655057
2025-09-18 14:00:00+00:00,10:00,0.9867416621714826,22.190750956030204,600,5.656854249492378,0.04446634835056546
2025-09-18 20:00:00+00:00,16:00,-2.312496091263127,10.896362254053038,100,5.656854249492379,-0.2122264327622703
2025-09-22 12:30:00+00:00,08:30,4.269386006116069,13.045654302049789,600,1.533755281208953,0.32726499624056765
2025-09-23 12:30:00+00:00,08:30,1.6967485164853393,18.144761308517733,600,2.8247112441247784,0.09351175734060668
2025-09-23 13:45:00+00:00,09:45,4.759557056039327,20.48380765745689,600,0.6279391037562115,0.23235704687486003
2025-09-23 14:00:00+00:00,10:00,4.078241598340441,23.86134841882848,600,0.8913810383844722,0.17091412969446387
2025-09-24 11:00:00+00:00,07:00,1.5071155775429492,7.3105903877971485,471,1.5048398590670853,0.2061551116389491
2025-09-24 11:50:00+00:00,07:50,,,1,,
2025-09-24 14:00:00+00:00,10:00,-0.6128202977953283,35.077494826301695,600,1.4216459829322547,-0.017470469337389095
2025-09-25 12:30:00+00:00,08:30,2.55907524990822,9.479216373809193,600,1.6680863198554137,0.26996696235132606
2025-09-25 14:00:00+00:00,10:00,-1.3928694413724578,25.055800536191615,600,1.7384030417757312,-0.05559069802461672
2025-09-25 15:00:00+00:00,11:00,-12.676434213925184,17.82530714472837,163,2.775956230133212,-0.7111481508285872
2025-09-26 12:30:00+00:00,08:30,0.42668879565774814,14.217749260977136,600,1.3453116244953192,0.0300109945551553
2025-09-26 14:00:00+00:00,10:00,-0.06729495774104288,25.395503979789392,600,1.0520746094313238,-0.0026498768362541066
2025-09-26 15:00:00+00:00,11:00,-1.9721723672334488,20.478487333630337,163,2.294645875781318,-0.09630459198979473
2025-09-29 14:00:00+00:00,10:00,0.4833287233996941,22.39036650857689,600,1.421564997471989,0.021586458766297972
2025-09-29 14:30:00+00:00,10:30,-0.30160095933053443,13.02047828842939,147,3.1508357657839854,-0.023163585288456818
2025-09-30 13:00:00+00:00,09:00,1.8473988360944986,9.125322911026508,156,1.7990325232840991,0.20244750285627805
2025-09-30 13:45:00+00:00,09:45,-1.200966146696159,23.621135595633305,600,1.349851979991261,-0.05084286239473492
2025-09-30 14:00:00+00:00,10:00,-6.535957239314836,22.37644545342884,600,2.130183209282582,-0.2920909513049269
2025-09-30 14:30:00+00:00,10:30,-0.3095401192555848,13.147968525644233,147,2.1002088586951717,-0.023542809571824537
2025-10-01 11:00:00+00:00,07:00,2.770998215907946,6.688456674063548,472,2.664635253076871,0.41429560673590127
2025-10-01 12:15:00+00:00,08:15,1.2521010744105951,13.525732245735995,112,2.869102545387807,0.09257177738420201
2025-10-01 13:45:00+00:00,09:45,0.00016948195049870662,26.260987798607324,600,1.1179400923810914,6.4537538267199e-06
2025-10-01 14:00:00+00:00,10:00,-7.185701995901276,14.138582162292897,600,1.9435409262763734,-0.5082335635510392
2025-10-02 11:30:00+00:00,07:30,-0.8018393354055791,10.56742104488489,113,2.749017057340079,-0.07587843164380259
2025-10-03 13:45:00+00:00,09:45,6.239587181490409,21.042967068499266,600,0.665663809762695,0.2965165112495422
2025-10-03 14:00:00+00:00,10:00,4.03795711829828,21.72481910085751,600,0.8999818584205501,0.1858683885721698
2025-10-07 15:00:00+00:00,11:00,-10.347667393812443,17.338071061492546,164,3.185883339664882,-0.5968176827233321
2025-10-07 19:00:00+00:00,15:00,-1.8461056614593132,17.848708362826184,116,3.1434127394683653,-0.10343077067157586
2025-10-08 11:00:00+00:00,07:00,-0.012390306744790663,10.49431495278607,472,1.1287518553059646,-0.0011806684667398169
2025-10-08 18:00:00+00:00,14:00,-6.01257049727165,25.664291642394872,242,1.4766850063314305,-0.2342776719128097
2025-10-10 14:00:00+00:00,10:00,-0.5990344222936599,23.7461508304091,600,1.480473273238704,-0.02522659047236161
2025-10-14 10:00:00+00:00,06:00,1.667878498548103,6.520546763453359,111,2.00635854561444,0.2557881354208362
2025-10-15 11:00:00+00:00,07:00,-0.448841831371531,6.957931171599448,473,1.8055815869040444,-0.06450794356856995
2025-10-15 12:30:00+00:00,08:30,1.1320894595624613,11.802045853367437,600,2.25241889421868,0.09592315380129168
2025-10-16 12:30:00+00:00,08:30,-1.163004611017525,6.382257617549423,600,1.4883682179828457,-0.18222464223625
2025-10-16 14:00:00+00:00,10:00,-1.8489442424921188,15.855529866613333,600,3.488522824576635,-0.11661194914623466
2025-10-16 18:00:00+00:00,14:00,-6.700109400066294,21.38557740192895,242,1.4144197304616124,-0.31330037408585254
2025-10-21 12:30:00+00:00,08:30,0.6749542192659188,10.3975604067695,600,2.973153155453733,0.06491467160185758
2025-10-22 11:00:00+00:00,07:00,1.457521597041015,7.239130447150117,474,2.204863766759745,0.20133931936739838
2025-10-23 14:00:00+00:00,10:00,-6.284123943706554,27.74731371164651,600,1.62589952780203,-0.22647684056957518
2025-10-23 15:00:00+00:00,11:00,-0.7079150945730817,12.963513013223402,166,1.239162342359373,-0.054608275847062016
2025-10-24 12:30:00+00:00,08:30,3.757489850312398,31.721321073910737,600,0.9031643897559725,0.11845313256523711
2025-10-24 13:45:00+00:00,09:45,8.747829907443514,23.948235618779577,600,1.159104011922517,0.3652807683495353
2025-10-24 14:00:00+00:00,10:00,-3.357273121885927,17.673387481869394,600,1.2787682878497522,-0.1899620616211835
2025-10-24 15:00:00+00:00,11:00,1.3183360870182612,13.548783674511418,166,1.7871409687237638,0.09730291062941498
2025-10-27 14:30:00+00:00,10:30,6.53138599352027,25.404528737581828,149,1.9419873739172502,0.25709534158207614
2025-10-28 12:15:00+00:00,08:15,2.2904590428167504,10.040434641718573,113,1.328440470073715,0.22812349510246935
2025-10-28 13:00:00+00:00,09:00,0.12028309261833893,14.509666742696007,157,2.6532335061862167,0.008289859081628322
2025-10-28 14:00:00+00:00,10:00,2.032507672313801,19.628470267143253,600,1.622853009347046,0.10354895947831874
2025-10-28 14:30:00+00:00,10:30,-2.2419584808611868,17.968514711029698,149,2.547643697621152,-0.12477149708345091
2025-10-29 11:00:00+00:00,07:00,-1.30184726420022,4.546672583796403,475,1.8857641511063425,-0.28632967081020755
2025-10-29 14:00:00+00:00,10:00,-7.35257804892187,36.7780367750869,600,1.2700461518783597,-0.19991763274059363
2025-10-29 18:00:00+00:00,14:00,3.1304577151247797,21.785027348198735,243,2.6192058718485547,0.14369767203361428
2025-10-31 13:45:00+00:00,09:45,7.710260658045761,39.89736660453421,600,1.9524126083616795,0.19325237012433583
2025-11-03 14:45:00+00:00,09:45,4.753199573090823,24.957473616483792,600,0.8315888398024042,0.19045195223411768
2025-11-03 15:00:00+00:00,10:00,-3.7769752577030067,23.60394253979361,600,1.0790224701093751,-0.16001459295774206
2025-11-05 12:00:00+00:00,07:00,3.4400442226829098,13.86057145566923,476,2.079017221197083,0.24818920588413892
2025-11-05 13:15:00+00:00,08:15,-5.11342796177794,8.102979951090902,113,3.362287176500444,-0.6310552404969878
2025-11-05 14:45:00+00:00,09:45,15.578660591344981,33.6672098556309,600,2.0055702594126763,0.4627250270559448
2025-11-05 15:00:00+00:00,10:00,3.4569072713029176,24.227093938223806,600,1.547584127883299,0.14268765705526293
2025-11-06 12:30:00+00:00,07:30,2.542340410414849,10.539780964315463,114,2.5259883665586154,0.24121378034538393
2025-11-07 15:00:00+00:00,10:00,5.500228176504024,21.89853225159968,600,1.630750619140371,0.2511688049824542
2025-11-07 16:00:00+00:00,11:00,-8.452848624335113,18.925694094231712,167,1.4696246295913784,-0.44663348050793145
2025-11-07 20:00:00+00:00,15:00,-1.4937517476702977,6.420243680990829,117,1.3933662941555558,-0.2326627807123621
2025-11-11 11:00:00+00:00,06:00,7.572972835090192,20.747946069973224,112,2.5210341072286693,0.36499867550985804
2025-11-11 13:15:00+00:00,08:15,5.187322941037747,10.633886533407514,113,2.273313250873093,0.4878106348738259
2025-11-12 12:00:00+00:00,07:00,0.24741691820800993,10.711722281545661,477,1.8080221183631995,0.023097771927327135
2025-11-17 13:30:00+00:00,08:30,5.708560862801801,10.894234024058136,600,2.1773909240020206,0.5239983692470143
2025-11-17 15:00:00+00:00,10:00,-0.8145996717097321,24.070144993973738,600,1.9569579873611753,-0.03384274053661402
2025-11-18 13:15:00+00:00,08:15,-1.3470918403005205,9.803169103063293,114,2.0093621330327145,-0.13741391443299508
2025-11-18 13:30:00+00:00,08:30,0.07959552681338325,14.240113242946965,600,2.298362987052613,0.005589529061702258
2025-11-18 15:00:00+00:00,10:00,-3.2211164471116867,14.639302666495125,600,1.9386131234348276,-0.22003209582406097
2025-11-18 21:00:00+00:00,16:00,-1.879095753615312,7.871596833172986,100,2.1523892418235078,-0.2387184955530632
2025-11-19 12:00:00+00:00,07:00,1.3216338990246526,7.4793031604579205,478,2.1884410372470398,0.17670548588161994
2025-11-19 13:30:00+00:00,08:30,-3.166699422628616,12.651764063193482,600,1.7400235067423744,-0.25029706583299155
2025-11-19 19:00:00+00:00,14:00,4.4896378861675705,18.78184627412355,245,1.9309817233342117,0.23904134985670245
2025-11-20 13:30:00+00:00,08:30,-2.316897810992087,22.26864019274782,600,1.42231647538014,-0.10404307541628095
2025-11-20 15:00:00+00:00,10:00,-2.147180324230743,13.491972163987047,600,2.3192304586969446,-0.1591450306992202
2025-11-20 16:00:00+00:00,11:00,-0.06459028962578617,22.884586952182858,169,1.2681191083686092,-0.00282243633065115
2025-11-21 13:30:00+00:00,08:30,3.9667840321436993,9.15438520607885,600,2.019926610888277,0.43332063736072723
2025-11-21 14:45:00+00:00,09:45,10.985113044041995,38.25667845269172,600,1.4260158404521148,0.2871423628066981
2025-11-21 15:00:00+00:00,10:00,-1.4652064834974245,32.669324450665094,600,1.6107030723065618,-0.04484961070162549
2025-11-21 16:00:00+00:00,11:00,-4.004673975139488,23.639508563942535,169,2.254362651492866,-0.1694059740839045
2025-11-24 15:30:00+00:00,10:30,2.7050691552668256,14.19263138196177,151,1.3866396877930571,0.19059673167477972
2025-11-25 13:15:00+00:00,08:15,0.032607887565931026,7.851961196520526,114,1.9681566051748165,0.004152833508701075
2025-11-25 13:30:00+00:00,08:30,-0.23739268241052858,12.063252794506885,600,1.3728244395505573,-0.01967899425258066
2025-11-25 14:00:00+00:00,09:00,-5.729561929517553,12.503955359283365,158,2.015585245294733,-0.45821996039547036
2025-11-25 15:00:00+00:00,10:00,6.949922133805496,20.485541452362906,600,1.5775239944662853,0.33925987018536224
2025-11-25 15:30:00+00:00,10:30,-8.866297763012122,20.06595337360566,151,1.8481674777990065,-0.4418577875634191
2025-11-25 19:00:00+00:00,14:00,7.981947267204282,13.835620560947932,245,2.90175503680578,0.5769128484004484
2025-11-26 12:00:00+00:00,07:00,-0.5409186267677584,6.661107586464392,479,2.134105179510536,-0.08120550820511056
2025-11-26 13:30:00+00:00,08:30,-1.23546586631217,15.669873516799159,600,1.2513032524984897,-0.07884338472723902
2025-11-26 14:45:00+00:00,09:45,13.796735840975115,15.28742484053435,600,0.9459099275656131,0.9024892017387587
2025-12-01 14:45:00+00:00,09:45,2.0939992917044865,26.691492686480228,600,1.2660326520556382,0.07845193658896188
2025-12-01 15:00:00+00:00,10:00,-2.109718393374859,23.395623625349177,600,0.8938229529006068,-0.0901757707834288
2025-12-03 12:00:00+00:00,07:00,5.136474218632568,11.963759114492946,480,2.2912523139400127,0.4293361450591413
2025-12-03 13:15:00+00:00,08:15,-2.5032534330927385,9.392635716871714,116,2.215183432869941,-0.2665123516497311
2025-12-03 13:30:00+00:00,08:30,-1.9752249475859056,20.358395728245515,600,1.1516979136274639,-0.09702262270329344
2025-12-03 14:15:00+00:00,09:15,-2.6465418169188135,16.77360303517707,93,1.0785977803708466,-0.15778016275743317
2025-12-03 14:45:00+00:00,09:45,-5.624293010121738,24.406607287305366,600,0.6821868619566561,-0.23044141055389977
2025-12-03 15:00:00+00:00,10:00,3.8290336913847973,23.436042224519824,600,1.7195289564486156,0.16338226628464994
2025-12-04 12:30:00+00:00,07:30,1.2439040345232584,10.103194851901817,115,1.858375596396146,0.123119869779519
2025-12-04 13:30:00+00:00,08:30,-8.160956153373563,16.882930949721548,600,2.5181469844715503,-0.4833850341316573
2025-12-04 15:00:00+00:00,10:00,8.305759747657296,27.876495157353382,600,1.248317468115243,0.29794849391123573
2025-12-05 15:00:00+00:00,10:00,-0.6229539809253686,27.12655548594602,600,1.400757097613831,-0.022964728464994914
2025-12-05 20:00:00+00:00,15:00,-3.2154190824611497,5.674076025268616,118,2.2220506390955266,-0.5666859358496045
2025-12-08 16:00:00+00:00,11:00,-1.4005406075175248,21.18585139655604,170,1.331508110946905,-0.06610735539026749
2025-12-09 11:00:00+00:00,06:00,4.497066575144908,9.630521763291128,113,2.35133982958605,0.4669598060913455
2025-12-09 13:15:00+00:00,08:15,0.381565782399491,10.814139678905711,117,2.560358410909045,0.035283970221300295
2025-12-09 15:00:00+00:00,10:00,-10.242579414960275,23.348457222013284,600,2.079612821270812,-0.4386833492922785
2025-12-10 12:00:00+00:00,07:00,2.6826687963025524,9.433254344405766,481,2.2495926352501954,0.2843842324566881
2025-12-10 13:30:00+00:00,08:30,-0.2702981905244396,15.083641473728981,600,1.1181630955167752,-0.01791995593340077
2025-12-10 19:00:00+00:00,14:00,1.4935596753527927,29.912842360057876,246,1.9820758442973583,0.04993038298985315
2025-12-11 13:30:00+00:00,08:30,0.289347208162144,11.183535278677956,600,1.7188974637611445,0.025872606555263508
2025-12-11 15:00:00+00:00,10:00,4.087954944431005,23.877213184304342,600,1.1152810432910416,0.17120737302451267
2025-12-15 13:30:00+00:00,08:30,7.0570615377419585,17.365388682092185,600,2.6621094951658617,0.4063866157524856
2025-12-15 15:00:00+00:00,10:00,-4.473111486788943,18.60570043936014,600,0.9976166991941172,-0.2404161832749993
2025-12-16 13:15:00+00:00,08:15,-3.8101997388034867,12.47470188022492,118,5.656854249492379,-0.3054341318443426
2025-12-16 13:30:00+00:00,08:30,-1.2430821520400643,12.428095492744191,600,5.656854249492378,-0.10002193439580541
2025-12-16 14:45:00+00:00,09:45,0.05317368119213184,19.30412155230743,600,5.656854249492378,0.002754524781044801
2025-12-16 15:00:00+00:00,10:00,1.8088979983937987,22.264491111674666,600,5.656854249492378,0.08124587215223977
2025-12-17 12:00:00+00:00,07:00,-0.3865076290528964,5.447949041949576,482,5.656854249492378,-0.07094552942341448
2025-12-18 13:30:00+00:00,08:30,2.3312558480841186,8.724521626429448,600,5.656854249492378,0.26720729776426677
2025-12-18 16:00:00+00:00,11:00,-0.3366524313752458,16.557214125242773,172,5.656854249492379,-0.020332673650816216
2025-12-18 21:00:00+00:00,16:00,-2.413051169279265,11.388602944426143,101,5.656854249492379,-0.2118829834576216
2025-12-19 15:00:00+00:00,10:00,1.8088979983938005,22.26449111167467,600,5.656854249492378,0.08124587215223984
2025-12-19 16:00:00+00:00,11:00,-0.33665243137524536,16.557214125242773,172,5.656854249492379,-0.02033267365081619
2025-12-22 13:30:00+00:00,08:30,5.149849722247498,16.002903951902926,600,1.8620382176419459,0.3218072006009336
2025-12-23 13:15:00+00:00,08:15,-5.978186987751262,12.82921542704263,118,2.0197893677273107,-0.46598227473442183
2025-12-23 13:30:00+00:00,08:30,2.4309501629538226,13.718756800542993,600,2.6327143279045426,0.17719901287685227
2025-12-23 14:15:00+00:00,09:15,0.7113727160239021,13.725039170717201,93,1.1982847082177353,0.0518302867609761
2025-12-23 15:00:00+00:00,10:00,5.4473733152969945,21.56731362511241,600,2.1347408981429123,0.2525754208421311
2025-12-24 12:00:00+00:00,07:00,-0.11948750769417826,5.5768942335060485,483,5.656854249492378,-0.021425457018047045
2025-12-24 13:30:00+00:00,08:30,-1.6571125143705603,12.313074094671896,600,5.656854249492378,-0.1345815432953193
2025-12-29 15:00:00+00:00,10:00,6.7913333322876515,15.57636155165027,600,1.4187951660978033,0.43600254846216824
2025-12-29 15:30:00+00:00,10:30,5.574754212838694,17.57094224451742,153,1.7571939980011022,0.3172712160372708
2025-12-30 14:00:00+00:00,09:00,3.4835952612762995,14.226914698318737,159,2.8661025477221256,0.24485950293129774
2025-12-30 14:45:00+00:00,09:45,7.446328637026576,19.795026461439893,600,1.0584410013809833,0.3761716940127257
2025-12-30 15:30:00+00:00,10:30,0.9658610232685537,13.598145463862222,153,1.1822562676781405,0.07102887859490689
2025-12-30 19:00:00+00:00,14:00,3.5453601319018055,10.928331409134408,247,3.121226982319895,0.3244191632895053
2025-12-31 13:30:00+00:00,08:30,-1.1972629867061508,9.372908469134648,600,2.4757885236281805,-0.12773654950848867
2026-01-02 14:45:00+00:00,09:45,22.85350132356342,104.40200137457063,600,0.7875333269489158,0.2188990730318498
2026-01-05 15:00:00+00:00,10:00,1.6366883863418549,24.059419933798985,600,1.0606876448900207,0.06802692628688914
2026-01-05 22:28:00+00:00,17:28,,,0,,
2026-01-06 14:45:00+00:00,09:45,2.10195141178057,32.112625669170036,600,1.3127772604995558,0.06545560719435546
2026-01-07 12:00:00+00:00,07:00,2.2292340697369646,9.666409799926555,484,2.165420632885193,0.2306165490473932
2026-01-07 13:15:00+00:00,08:15,-1.9250445212891272,6.838853925577679,120,2.6810731674054145,-0.28148642188267214
2026-01-07 15:00:00+00:00,10:00,-7.455951476261155,28.112867304016415,600,0.9392024912497666,-0.26521490659887054
2026-01-08 10:30:00+00:00,05:30,,,0,,
2026-01-08 13:30:00+00:00,08:30,5.042776326271171,25.298585584675767,600,1.8024792827060425,0.19933036609468618
2026-01-08 15:00:00+00:00,10:00,-4.130665380512195,22.603322824921015,600,1.4140788172608085,-0.1827459357417123
2026-01-08 16:00:00+00:00,11:00,-1.2446569943672243,22.575176465224484,173,2.48908710337306,-0.05513387664032365
2026-01-08 20:00:00+00:00,15:00,3.425181466363325,25.634636301808982,119,1.4220587312085968,0.13361537203169202
2026-01-09 13:30:00+00:00,08:30,0.46300938279738896,11.573370667112759,600,1.7698896354149551,0.04000644203966356
2026-01-09 15:00:00+00:00,10:00,6.38480769823035,11.491746711709528,600,1.9529032564044653,0.5555994104642547
2026-01-09 17:00:00+00:00,12:00,8.569784240740574,21.106336561539642,37,1.2700373818030668,0.4060289769261329
2026-01-13 11:00:00+00:00,06:00,5.56320477523856,8.716403506199848,114,2.8784200130841593,0.638245438188071
2026-01-13 13:03:00+00:00,08:03,,,0,,
2026-01-13 13:15:00+00:00,08:15,1.6039274952404758,10.51708570388092,121,2.0104038432270968,0.1525068389096239
2026-01-13 13:30:00+00:00,08:30,7.032386270162948,26.838376684798455,600,0.7522729970589985,0.2620272586808936
2026-01-13 15:00:00+00:00,10:00,-8.553632676679339,26.121680392936593,600,0.8283551474006523,-0.3274533853875754
2026-01-13 19:00:00+00:00,14:00,-11.905438700265641,21.969921062923753,248,2.0520139566708053,-0.5418971996379703
2026-01-14 12:00:00+00:00,07:00,0.005697628112994624,9.952462733470622,484,2.447837258890481,0.0005724842449128918
2026-01-14 13:30:00+00:00,08:30,-2.200574326608838,9.354572563709029,600,2.2160033035479336,-0.23524049993967058
2026-01-14 15:00:00+00:00,10:00,-0.13442021561736162,16.989243441712706,600,2.224678126505828,-0.00791207778489579
2026-01-15 13:30:00+00:00,08:30,5.542804544623696,12.365675394419586,600,1.4556352828701467,0.4482411488114161
2026-01-15 21:00:00+00:00,16:00,-1.7211305241152048,15.758474006039302,101,3.168444448997684,-0.10921936498772636
2026-01-16 13:30:00+00:00,08:30,-2.6415945409417785,18.8207745788998,600,1.6155191150809436,-0.1403552510481318
2026-01-16 14:15:00+00:00,09:15,-2.975133716562308,20.05734411522541,95,3.143883131557359,-0.1483313892143827
2026-01-16 15:00:00+00:00,10:00,15.301697842397218,27.782861422238923,600,1.47987232700779,0.5507603270176088
2026-01-20 13:15:00+00:00,08:15,-0.1726393838912535,15.827043128371924,121,1.6532272309432767,-0.010907873472700414
2026-01-20 13:30:00+00:00,08:30,0.6767455575303634,15.149363096157057,600,1.798363417261381,0.04467155175005566
2026-01-21 12:00:00+00:00,07:00,4.08094146268528,16.86744730244796,484,0.823122111405016,0.24194185341210556
2026-01-21 15:00:00+00:00,10:00,-9.544524866681604,26.61831147005471,600,1.2114314574551792,-0.3585698843977794
2026-01-22 13:30:00+00:00,08:30,-5.891697613007694,20.752295595862343,600,1.3275823226161285,-0.28390582554068855
2026-01-22 15:00:00+00:00,10:00,-1.382383460674498,31.900246778765172,600,1.2791285447196235,-0.04333456948661288
2026-01-22 16:00:00+00:00,11:00,-3.9515846255969174,8.37313660562935,173,2.554184797412239,-0.47193600340166725
2026-01-23 14:45:00+00:00,09:45,0.3311185384169059,32.33138573469136,600,1.2024223133848169,0.010241396429278871
2026-01-23 15:00:00+00:00,10:00,-1.795436413924285,25.110994340811565,600,1.3963783717992908,-0.07150001268592768
2026-01-23 15:53:00+00:00,10:53,,,0,,
2026-01-23 16:00:00+00:00,11:00,7.666622414463463,18.411816248746952,173,1.6321535509229823,0.4163968568274859
2026-01-26 13:30:00+00:00,08:30,-1.6510917219793204,8.493240570198434,600,1.967934759968339,-0.19440067761329696
2026-01-26 15:30:00+00:00,10:30,-1.4942299770166376,15.773967874204525,155,1.7478890383378736,-0.09472759098617038
2026-01-27 13:15:00+00:00,08:15,-0.9213430642981107,8.541641706980101,121,1.9103447986582949,-0.10786486906202153
2026-01-27 14:00:00+00:00,09:00,-0.933841089889601,8.928635450712203,160,1.1314598644870477,-0.10458945211108513
2026-01-27 15:00:00+00:00,10:00,-9.468730792977373,30.417303835435654,600,3.327746436148503,-0.3112942174035313
2026-01-27 15:30:00+00:00,10:30,3.5999958059687973,13.446247146856267,155,1.9116536447844723,0.2677323841106458
2026-01-28 12:00:00+00:00,07:00,-3.0645196736169407,11.85349164119756,485,2.6595398789774136,-0.25853307754198
2026-01-28 19:00:00+00:00,14:00,-0.65172967186913,20.195796340367362,249,1.5173074666120456,-0.03227056070903491
2026-01-29 13:30:00+00:00,08:30,-0.0718099213845117,8.778504531633192,600,2.21527583653942,-0.008180199842210694
2026-01-29 15:00:00+00:00,10:00,-1.5152042095495286,15.427183455868605,600,1.710449236620224,-0.09821651592359425
2026-01-30 13:30:00+00:00,08:30,-5.598105049776912,16.461013435565295,600,1.514870977797227,-0.3400826487196573
2026-01-30 14:45:00+00:00,09:45,6.110351573685635,47.60946405878056,600,1.1511869577815632,0.12834321273059382
2026-02-02 14:45:00+00:00,09:45,4.749092743109969,31.42696715589689,600,1.5076333127186847,0.1511152100535689
2026-02-02 15:00:00+00:00,10:00,5.998194266597791,19.025264756085424,600,1.302576316112717,0.3152752060745545
2026-02-04 12:00:00+00:00,07:00,1.5403503836938812,13.141717703386762,486,1.445376094270504,0.1172107344306229
2026-02-04 13:15:00+00:00,08:15,-2.9462449612858745,10.022330602236654,123,2.944245029076139,-0.2939680477740746
2026-02-04 14:45:00+00:00,09:45,-8.807613872242339,27.81514855531597,600,0.8588406358475166,-0.3166480975187546
2026-02-04 15:00:00+00:00,10:00,14.092207390642002,29.24722043327909,600,1.7989518949610408,0.4818306554221172
2026-02-05 12:30:00+00:00,07:30,1.374052465295199,10.085684520242987,116,1.5526027827557087,0.13623789863120714
2026-02-05 13:30:00+00:00,08:30,0.513493571162624,9.272733902368627,600,2.6282486591884084,0.055376718082189025
2026-02-05 15:00:00+00:00,10:00,5.83898423036791,15.491974288300938,600,2.6853714396549426,0.37690381624098945
2026-02-06 15:00:00+00:00,10:00,3.224022245771832,24.697168633819974,600,0.984158018271346,0.13054218050553773
2026-02-06 20:00:00+00:00,15:00,0.0033768146445470326,6.594272500769355,120,2.160449628632094,0.0005120829696002189
2026-02-09 16:00:00+00:00,11:00,-6.288461786446659,11.87876592774612,174,2.440913870391884,-0.529386791919035
2026-02-10 11:00:00+00:00,06:00,1.7961903660168577,14.53193381356738,115,2.4763494698177455,0.12360298285558452
2026-02-10 13:15:00+00:00,08:15,1.137965492892402,15.84240055065804,124,1.7169423445035776,0.0718303699779346
2026-02-10 13:30:00+00:00,08:30,-3.1212415832154625,12.704638887011937,600,1.2222070346315344,-0.24567731605550278
2026-02-10 15:00:00+00:00,10:00,-5.698003089806781,25.06631387085401,600,0.9669242454110194,-0.22731715238083586
2026-02-11 12:00:00+00:00,07:00,2.542351578637392,15.30365280278725,487,1.3567788759387553,0.16612710778268272
2026-02-11 13:30:00+00:00,08:30,0.1436656467382207,12.605145287081537,600,1.3125136257343253,0.01139738126505034
2026-02-11 19:00:00+00:00,14:00,-1.953849784322089,31.836848164246483,250,2.3027242685533067,-0.061370703979306204
2026-02-12 13:30:00+00:00,08:30,-6.578003564069345,10.22199886967894,600,1.8486784477537357,-0.6435144092591698
2026-02-12 15:00:00+00:00,10:00,6.5726485875041405,26.374473231525258,600,2.8696823873846187,0.24920492363229044
2026-02-13 13:30:00+00:00,08:30,-0.36702888131782496,16.848818387639465,600,1.574379323731446,-0.02178365704191355
2026-02-17 13:15:00+00:00,08:15,-1.8180612943572292,17.987173463755912,125,1.2935313456780657,-0.10107543011249744
2026-02-17 13:30:00+00:00,08:30,3.809121525884942,14.498640435088939,600,1.1437692213840025,0.26272266995919713
2026-02-17 15:00:00+00:00,10:00,-3.462322074544474,13.667843457359174,600,1.831725277757434,-0.2533188271687628
2026-02-18 12:00:00+00:00,07:00,-0.8809083396548947,7.84922678587704,488,2.005198156583497,-0.11222867725517828
2026-02-18 13:30:00+00:00,08:30,0.5800793609387366,9.694610757191551,600,1.9138301873561205,0.05983523995622293
2026-02-18 14:15:00+00:00,09:15,6.954436369230223,22.995995389980028,96,1.8865419483719097,0.3024194539654699
2026-02-18 19:00:00+00:00,14:00,-2.3612954655446137,17.156453541880204,251,1.4037660943721444,-0.13763307549433293
2026-02-18 21:00:00+00:00,16:00,0.9504474530633176,6.699147503913624,102,1.3080582946653618,0.14187588085022293
2026-02-19 13:30:00+00:00,08:30,2.805823209356394,26.764532858301166,600,1.170537157799952,0.10483363278601565
2026-02-19 15:00:00+00:00,10:00,1.1547056311641108,21.10920004908066,600,2.000057308347087,0.054701534330023095
2026-02-20 13:10:00+00:00,08:10,,,0,,
2026-02-20 13:30:00+00:00,08:30,-1.3546176375851284,11.050702458776168,600,2.198328110481227,-0.12258203880146351
2026-02-20 14:45:00+00:00,09:45,4.342758421168582,21.63861566776039,600,2.816577858149954,0.2006948359288485
2026-02-20 15:00:00+00:00,10:00,-10.032392054763749,40.64617155155458,600,2.198549441752305,-0.24682255847980455
2026-02-23 13:30:00+00:00,08:30,8.353196124780268,21.067053999202003,600,1.4560731837330227,0.39650518411813435
2026-02-23 15:00:00+00:00,10:00,-6.561990183010533,29.19832559496899,600,0.8613520069683577,-0.2247385783019419
2026-02-23 15:30:00+00:00,10:30,-0.4219546928877511,10.219312121810084,157,1.1472808018378167,-0.04128993104997882
2026-02-24 13:15:00+00:00,08:15,-2.130299177602362,8.92627296256688,125,2.2760585625674654,-0.2386549444024355
2026-02-24 13:30:00+00:00,08:30,-0.954609583236947,15.416169326073108,600,1.9289952667691248,-0.0619226192347558
2026-02-24 14:00:00+00:00,09:00,-2.3017097855467137,9.497016433928888,161,1.200311137852549,-0.24236135649125154
2026-02-24 15:00:00+00:00,10:00,11.309330935516162,28.77330012339615,600,1.2609547596246415,0.39304948987482724
2026-02-24 15:30:00+00:00,10:30,-0.2968694603004576,12.868936792018797,157,1.2571381791451957,-0.023068685867240677
2026-02-25 12:00:00+00:00,07:00,-1.2934825377795356,8.076993966647745,489,0.9916549995967988,-0.16014405150241548
2026-02-26 13:30:00+00:00,08:30,7.130946309153099,12.09659651778175,600,1.6035409795691962,0.5895002200553481
2026-02-26 16:00:00+00:00,11:00,3.1394742344753332,27.082688467027307,176,0.8805462361968392,0.11592180880777725
2026-02-27 13:30:00+00:00,08:30,0.035521392698139864,15.173147703091422,600,1.1876713962975882,0.0023410694598921377
2026-02-27 14:45:00+00:00,09:45,-2.745261139878317,34.21755343500747,600,1.3674882663415016,-0.08022961504517391
2026-02-27 15:00:00+00:00,10:00,-11.05342876280031,23.567774300063288,600,1.0737996014481064,-0.4690060513168877
2026-02-27 16:00:00+00:00,11:00,-3.339238924928784,14.021662147017484,176,1.8459388044637128,-0.23814857967028297
2026-03-02 14:45:00+00:00,09:45,9.679327685493966,14.21460640313585,600,0.8465772695216651,0.6809423638602214
2026-03-02 15:00:00+00:00,10:00,2.371271110855723,25.644337514339565,600,0.9022918160537374,0.0924676299214116
2026-03-04 12:00:00+00:00,07:00,2.3548463288507704,15.84431697426345,490,1.2142321073298386,0.148624035524904
2026-03-04 13:15:00+00:00,08:15,2.303946594392792,9.371918504292362,127,0.9360814925534482,0.2458351076503257
2026-03-04 14:45:00+00:00,09:45,19.92987714213503,98.64725779570153,600,0.8982436457689461,0.2020317400348807
2026-03-04 15:00:00+00:00,10:00,0.5696642802043222,13.520896607926904,600,1.7642475363878993,0.04213213788428386
2026-03-05 12:30:00+00:00,07:30,3.4413514239270064,11.455116583992497,117,2.244338444025788,0.3004204626547396
2026-03-05 13:30:00+00:00,08:30,-1.8434594070889545,10.817570324770488,600,2.019213467100029,-0.17041344329121028
2026-03-06 13:30:00+00:00,08:30,-22.463406423659933,28.971265878836345,600,1.4585400173351053,-0.7753684812257224
2026-03-06 15:00:00+00:00,10:00,-2.874166436287016,22.560391347042206,600,2.0277329768849723,-0.12739878453676892
2026-03-06 20:00:00+00:00,15:00,-5.578515800624411,15.847450896996719,121,2.61899522527558,-0.3520134460035845
2026-03-09 15:00:00+00:00,11:00,3.015250389037482,25.875316305099343,177,1.0356458385969605,0.11652999149785295
2026-03-10 10:00:00+00:00,06:00,2.2609269721683423,7.30526841644744,116,2.131047463052446,0.30949266245686197
2026-03-10 12:15:00+00:00,08:15,-4.772324756639686,22.552634324753576,128,0.9751008561576013,-0.21160830650287377
2026-03-10 14:00:00+00:00,10:00,-10.407522301192486,35.26604693253751,600,1.3693241621118646,-0.29511451399987204
2026-03-11 11:00:00+00:00,07:00,-3.4504922544956744,6.4647125929758875,491,0.8541736366279461,-0.5337425608440416
2026-03-11 12:30:00+00:00,08:30,-0.9524603536117334,21.366977905071202,600,1.7936453118961002,-0.04457627830399348
2026-03-11 18:00:00+00:00,14:00,-7.662661362591946,24.778788323507978,253,1.595635598401785,-0.309242779047524
2026-03-12 12:30:00+00:00,08:30,2.568658041594167,9.488230960192116,600,1.9885826235120971,0.27072043802168966
2026-03-13 12:30:00+00:00,08:30,-3.6008101908579553,10.71347397587784,600,1.76122831351336,-0.3361010815880488
2026-03-13 14:00:00+00:00,10:00,4.38849935820393,20.05714204422853,600,1.6439809071022766,0.21879983441941703
2026-03-16 12:30:00+00:00,08:30,-2.2851225366707073,13.247454170885169,600,1.4202900323498364,-0.17249522113410112
2026-03-16 13:15:00+00:00,09:15,20.189608823238895,20.612409637671185,97,1.9191378974593951,0.9794880452181787
2026-03-16 14:00:00+00:00,10:00,-3.697896523928197,37.23144573461477,600,1.4065021396548176,-0.09932186223137161
2026-03-17 12:15:00+00:00,08:15,-1.4178354435738914,16.533118403459635,129,5.656854249492379,-0.08575729084945054
2026-03-17 12:30:00+00:00,08:30,-2.8715991615390086,13.405685462398818,600,5.656854249492378,-0.21420755914298198
2026-03-17 14:00:00+00:00,10:00,3.7618265240353055,22.6370621399245,600,5.656854249492378,0.16617997957432176
2026-03-18 11:00:00+00:00,07:00,-0.18584134789239803,5.564255853982278,492,5.656854249492378,-0.033399137776778075
2026-03-18 12:30:00+00:00,08:30,-2.871599161539009,13.405685462398818,600,5.656854249492378,-0.214207559142982
2026-03-18 14:00:00+00:00,10:00,3.7618265240353073,22.6370621399245,600,5.656854249492378,0.16617997957432182
2026-03-18 18:00:00+00:00,14:00,0.2144824807255491,15.570416926314472,253,5.656854249492378,0.013774999201406565
2026-03-18 20:00:00+00:00,16:00,-4.8064694300180015,10.889567779383604,103,5.656854249492379,-0.4413829389186343
2026-03-19 11:53:00+00:00,07:53,,,0,,
2026-03-19 12:30:00+00:00,08:30,-1.9854594785133755,12.682365681459832,600,5.656854249492378,-0.15655277007316468
2026-03-19 14:00:00+00:00,10:00,3.7618265240353077,22.637062139924506,600,5.656854249492378,0.1661799795743218
2026-03-19 16:00:00+00:00,12:00,9.212831953422597,19.771703832640046,38,5.656854249492378,0.4659604468793239
2026-03-23 12:30:00+00:00,08:30,8.720787679385623,25.80775032491759,600,1.5107732293938998,0.33791351704784717
2026-03-23 14:00:00+00:00,10:00,4.311406474634884,25.29726877248402,600,1.5260691508134634,0.1704297216197673
2026-03-24 12:15:00+00:00,08:15,-1.1164206583849665,12.115179875525335,129,2.5458051661854184,-0.09215056399123885
2026-03-24 12:30:00+00:00,08:30,-0.2068004987008949,6.70161486682309,600,1.7948906273973442,-0.030858308454082942
2026-03-24 13:45:00+00:00,09:45,-0.25917881686492444,24.90112021864331,600,2.592844959568786,-0.010408319569128417
2026-03-24 14:00:00+00:00,10:00,-2.8469476060061583,42.29557703059842,600,2.347975026198086,-0.06731076405333246
2026-03-25 11:00:00+00:00,07:00,-0.5866643781133768,10.6691700844614,493,2.1710821793027995,-0.05498688027926332
2026-03-25 12:30:00+00:00,08:30,2.698042767628962,13.896162040038927,600,1.211026567619647,0.1941574054659918
2026-03-26 12:30:00+00:00,08:30,2.2258851014564294,8.666113041433457,600,1.3149891647490923,0.2568493038129407
2026-03-26 15:00:00+00:00,11:00,2.2623313489241905,23.62926835862061,179,1.1701858573286203,0.09574275913197412
2026-03-27 14:00:00+00:00,10:00,-8.692523279826139,31.571991886507693,600,2.233704904244136,-0.2753238791861242
2026-03-27 15:00:00+00:00,11:00,7.483480851428706,17.22495720667871,179,1.6531758806527828,0.43445570062299504
2026-03-30 14:30:00+00:00,10:30,-6.497470442432365,13.64626896159795,159,2.529026575830607,-0.4761353056074841
2026-03-31 13:00:00+00:00,09:00,0.2589563466122602,11.017640794784867,162,2.0168490897175047,0.02350379282058602
2026-03-31 13:45:00+00:00,09:45,1.2202340528864615,19.04923347382587,600,1.9190079768028896,0.0640568584853083
2026-03-31 14:00:00+00:00,10:00,-2.7983129131565825,34.80486289237504,600,1.1218597453200077,-0.08040005564192668
2026-03-31 14:30:00+00:00,10:30,8.814878469237366,25.271396284929835,159,1.5993562230982596,0.34880852525327094
2026-04-01 11:00:00+00:00,07:00,-2.304308206283126,6.98681467285193,494,1.217306139667429,-0.32980811917579267
2026-04-01 12:15:00+00:00,08:15,-7.54433827766012,21.45386614112795,131,1.7672755699875902,-0.3516540202139749
2026-04-01 12:30:00+00:00,08:30,-8.633009713934278,26.37591425765739,600,1.0224248177070885,-0.3273065581576178
2026-04-01 13:45:00+00:00,09:45,5.063439386281051,47.870145711313626,600,1.49821798653662,0.10577447198127828
2026-04-01 14:00:00+00:00,10:00,3.7080781759597574,22.616362207126038,600,1.6920142079986604,0.16395555315219545
2026-04-01 21:20:00+00:00,17:20,,,0,,
2026-04-02 11:30:00+00:00,07:30,2.683118192815336,8.187479478095426,118,1.1489468362516209,0.3277099136545847
2026-04-02 12:30:00+00:00,08:30,-1.946704755606047,19.561619964932074,600,1.6234932916280311,-0.09951654101735366
2026-04-03 12:30:00+00:00,08:30,-2.6831864601311035,12.682501155174858,600,5.656854249492378,-0.2115660331744799
2026-04-03 13:45:00+00:00,09:45,4.912156522505355,16.121757284287984,600,5.656854249492378,0.3046911348363163
2026-04-06 14:00:00+00:00,10:00,4.087811827867669,17.609343152773867,600,2.5365071980005998,0.23213880224849537
2026-04-07 12:15:00+00:00,08:15,-2.9711147200194556,11.965600385385406,131,2.8602666216522654,-0.2483046921446857
2026-04-07 12:30:00+00:00,08:30,-2.3664345673732288,12.364179979822286,600,1.2939312278279091,-0.1913943804793468
2026-04-07 15:00:00+00:00,11:00,-1.060573760395461,24.593467121945768,180,1.5249181862627246,-0.04312420673086257
2026-04-07 19:00:00+00:00,15:00,1.1424836696608232,24.446472430278913,122,1.2842732659190825,0.046734091101248855
2026-04-08 11:00:00+00:00,07:00,-5.580227069452821,9.303407365849509,494,1.1038896380878456,-0.5998046575856115
2026-04-08 18:00:00+00:00,14:00,4.9951965005269425,24.326381549427666,254,1.4096326515552793,0.20534071170335919
2026-04-09 12:30:00+00:00,08:30,-2.628452108254075,13.020475201550669,600,2.8946650855556073,-0.20187067427009425
2026-04-09 14:00:00+00:00,10:00,-0.8535710210923557,19.105812894500787,600,1.2474379209572306,-0.0446759855655259
2026-04-10 12:30:00+00:00,08:30,3.394047201607893,14.812783344827226,600,1.809319440831377,0.22912960532789597
2026-04-10 14:00:00+00:00,10:00,-1.6698614180800266,23.222208325998686,600,1.3301112775645538,-0.0719079509854588
2026-04-10 18:00:00+00:00,14:00,1.1212502800478468,22.664818078345316,254,1.0890172090687822,0.04947095874195984
2026-04-13 14:00:00+00:00,10:00,-5.361867811673231,34.57184268842803,600,2.206766523333193,-0.15509349212293994
2026-04-14 10:00:00+00:00,06:00,-0.49531393511666566,8.712040114315535,117,1.4658059232488214,-0.056853954827729834
2026-04-14 12:15:00+00:00,08:15,5.70237672042316,13.069221788833246,132,2.4538464716262904,0.43632106123529485
2026-04-14 12:30:00+00:00,08:30,1.4561223595649215,21.089158742547177,600,2.568957761078766,0.06904601446368785
2026-04-15 11:00:00+00:00,07:00,1.15147123668836,6.690163662274839,495,1.0941133520153308,0.17211406100293042
2026-04-15 12:30:00+00:00,08:30,-5.1005401518392,13.156097807487633,600,2.814849631577666,-0.3876939976028675
2026-04-15 14:00:00+00:00,10:00,-4.988260927926311,35.62684614418506,600,0.8734867732101195,-0.14001410362675296
2026-04-15 20:00:00+00:00,16:00,-2.5638084607775884,11.562596642169632,103,2.86306731488687,-0.2217329324995384
2026-04-16 12:30:00+00:00,08:30,1.1768334813817918,10.151407154097745,600,3.3147808516380524,0.1159281135627338
2026-04-16 13:15:00+00:00,09:15,-23.526230948601068,70.25024455677432,98,2.772790931933002,-0.3348918014027384
2026-04-21 12:15:00+00:00,08:15,1.4850262514874455,14.999148961224673,132,2.4155941506364376,0.09900736737307486
2026-04-21 12:30:00+00:00,08:30,9.001703696284814,17.847918866803415,600,2.0989825604467645,0.5043559287479566
2026-04-21 14:00:00+00:00,10:00,-13.245859074819535,32.98128104525429,600,1.364346462247388,-0.40161748285776466
2026-04-22 11:00:00+00:00,07:00,-1.4506874547234314,15.38569019763133,496,2.1049534310090943,-0.09428809732219674
2026-04-23 12:30:00+00:00,08:30,-2.3794538217751526,12.190858014534848,600,1.989660465582076,-0.1951834578778779
2026-04-23 13:45:00+00:00,09:45,5.268766737127972,38.56171335947164,600,1.8971101132879464,0.13663207046877346
2026-04-23 15:00:00+00:00,11:00,-4.793785039137458,21.285916276772895,182,1.5504737314177404,-0.2252092405516232
2026-04-24 14:00:00+00:00,10:00,-2.3836409102708576,20.460791760156823,600,1.8645524529852866,-0.11649798004945768
2026-04-24 15:00:00+00:00,11:00,8.984074274320808,32.830741217365116,182,2.6357136292413483,0.2736482315412627
2026-04-27 14:30:00+00:00,10:30,-4.29316818112147,15.487641331560242,161,1.511811990649813,-0.27719961285344225
2026-04-28 12:15:00+00:00,08:15,0.9102500709201407,15.04225085126563,134,2.605658662646181,0.06051288998704298
2026-04-28 13:00:00+00:00,09:00,-4.356208230315915,9.910481977302158,163,1.1086491948142831,-0.4395556381912484
2026-04-28 14:00:00+00:00,10:00,-6.503305618968227,24.662121040658317,600,2.315672869937236,-0.26369611957733835
2026-04-28 14:30:00+00:00,10:30,5.908517017983375,30.54780697128221,161,1.6224777593500856,0.19341869691457497
2026-04-29 11:00:00+00:00,07:00,1.1386606281918106,15.667561125480642,497,1.3743582928352776,0.07267631631192244
2026-04-29 12:30:00+00:00,08:30,-1.2742202254348425,26.531980181034626,600,2.0184815988899154,-0.048025824561171285
2026-04-29 18:00:00+00:00,14:00,-1.4046191561554027,25.49526677643446,255,2.1359550953966604,-0.055093330400202235
2026-04-30 12:30:00+00:00,08:30,5.352173448881308,10.128008215082913,600,1.0327900936914292,0.5284527159951057
2026-04-30 13:45:00+00:00,09:45,3.9394238604487333,35.05842652241132,600,1.961037696735144,0.11236738927602562
2026-04-30 14:00:00+00:00,10:00,-3.543615644878729,21.790298849754876,600,1.3762248572864102,-0.16262354496889297
2026-05-01 13:45:00+00:00,09:45,0.7794619954090647,28.774453371823654,600,2.0453987473411117,0.027088681245716548
2026-05-01 14:00:00+00:00,10:00,-7.642484163515066,41.35186472016168,600,2.2290458042518027,-0.18481595002386594
2026-05-04 14:00:00+00:00,10:00,4.179340285755122,28.817923978494658,600,2.2707520466449727,0.14502572388191284
2026-05-05 12:29:00+00:00,08:29,,,0,,
2026-05-05 12:30:00+00:00,08:30,3.3789268960325076,17.02946704260766,600,1.4476115052687264,0.19841647936359053
2026-05-05 13:45:00+00:00,09:45,2.8185586055543936,26.97595768605614,600,1.0681470846051961,0.10448409796443688
2026-05-05 14:00:00+00:00,10:00,6.632564875803816,25.54348666381861,600,1.347869334868177,0.25965777354892566
2026-05-06 11:00:00+00:00,07:00,-3.68393153940719,10.976422070408766,498,1.1773102043919983,-0.33562225612102387
2026-05-06 12:15:00+00:00,08:15,-5.658459586642235,26.4493836787362,135,1.4313201618852096,-0.2139354041429447
2026-05-07 09:30:00+00:00,05:30,,,1,,
2026-05-07 12:30:00+00:00,08:30,-0.8015453336788373,17.614822778644278,600,1.4972371536157547,-0.04550402486311748
2026-05-07 14:00:00+00:00,10:00,-7.77049793825669,16.038908835827485,600,1.3589524726956177,-0.48447796653716635
2026-05-07 15:00:00+00:00,11:00,-0.20084492253312491,26.15802496501457,183,1.1837294452711986,-0.007678137887005914
2026-05-07 19:00:00+00:00,15:00,9.53471621643248,27.863685169745885,123,1.7449439248828769,0.3421914997369114
2026-05-08 12:30:00+00:00,08:30,2.3813991292627312,7.264632370339171,600,3.2220635009298513,0.32780724582647375
2026-05-08 14:00:00+00:00,10:00,5.1062143259128,22.20737203472679,600,1.9477151086341853,0.22993329953350422
2026-05-11 14:00:00+00:00,10:00,-8.141463329320866,32.32061520087784,600,1.5910664951474371,-0.2518969171446879
2026-05-12 10:00:00+00:00,06:00,2.54113772418547,10.16926065213819,118,2.2134156269728975,0.24988421588458054
2026-05-12 12:15:00+00:00,08:15,1.7498398801510509,18.327029102678022,136,1.164913665346483,0.0954786436114382
2026-05-12 12:30:00+00:00,08:30,1.013452000936997,10.873596512409765,600,2.774481189541567,0.09320301703124347
2026-05-12 18:00:00+00:00,14:00,-2.660540067486976,11.154088761034105,256,2.8693687810997215,-0.2385259902880955
2026-05-13 11:00:00+00:00,07:00,0.5492919506259267,6.952116888497579,499,2.0231922294647853,0.07901074729263279
2026-05-13 12:30:00+00:00,08:30,-6.405473105382008,17.316197264264,600,1.5840887598931082,-0.36991222770378057
2026-05-14 12:30:00+00:00,08:30,3.0696062399083788,28.387161398512408,600,2.1877729868535916,0.10813361000826371
2026-05-14 14:00:00+00:00,10:00,4.739281609855555,20.51705588868314,600,1.861605809506397,0.23099228444709077
2026-05-15 12:30:00+00:00,08:30,2.3069719131286575,9.735992958580347,600,1.5863549027685457,0.23695291512053931
2026-05-15 13:15:00+00:00,09:15,-19.343873632501225,66.57409514008252,99,1.4685804306684285,-0.29056157040961095
2026-05-18 12:30:00+00:00,08:30,2.449434377241484,16.672726329686082,600,2.6298805826181493,0.14691264816601848
2026-05-18 14:00:00+00:00,10:00,-7.046540336588688,35.0612888799241,600,1.088845594314897,-0.20097778951370776
2026-05-18 20:00:00+00:00,16:00,2.0238521042724607,5.996678964263653,104,1.3714715111302147,0.3374954898091621
2026-05-19 12:15:00+00:00,08:15,-3.4007215190000033,11.56699753649842,137,2.062492247385987,-0.2940020958999422
2026-05-19 14:00:00+00:00,10:00,-2.765964365946594,27.649686632128013,600,1.1006743788334348,-0.1000360113569112
2026-05-20 11:00:00+00:00,07:00,-0.06285986633036716,5.072802308244049,500,1.373243758486532,-0.012391546626646705
2026-05-20 18:00:00+00:00,14:00,-2.247040157740953,22.681215929002885,257,1.650553921153913,-0.09907053328951476
2026-05-21 12:30:00+00:00,08:30,-4.7795284306021895,24.781110031412567,600,0.9785494622876331,-0.192869828048205
2026-05-21 13:45:00+00:00,09:45,-10.240162716569099,33.85458829137002,600,0.7592081031459971,-0.3024748854848561
2026-05-21 15:00:00+00:00,11:00,4.090564077000354,20.97569850286477,185,1.372372116378727,0.19501443903961924
2026-05-22 14:00:00+00:00,10:00,11.503197750775785,13.76933433586558,600,2.03006582789696,0.8354214859038545
2026-05-22 15:00:00+00:00,11:00,4.998251125424568,30.119444075599954,185,1.7883051287847418,0.16594765537102654
2026-05-26 12:30:00+00:00,08:30,-1.2874837967758634,8.236231922739037,600,2.752477014144951,-0.15631951708660705
2026-05-26 13:00:00+00:00,09:00,-2.2720073321323024,6.831444880267786,164,1.605142699446095,-0.3325807895625211
2026-05-26 14:00:00+00:00,10:00,9.126460680803477,32.716561511654014,600,1.9821918499210938,0.27895537486580085
2026-05-26 14:30:00+00:00,10:30,6.139680297221523,22.43642644445875,163,1.3877026296714012,0.2736478695669414
2026-05-27 11:00:00+00:00,07:00,0.1377888238805366,5.662787635521977,501,2.804263299511575,0.02433233113249808
2026-05-27 12:15:00+00:00,08:15,3.3066397406172428,18.592166948857763,138,1.538817261597008,0.1778512289456604
2026-05-27 14:00:00+00:00,10:00,-1.3641377925762348,26.666720617346936,600,2.628449448220701,-0.05115506372721553
2026-05-27 14:30:00+00:00,10:30,1.2224178572120317,20.341543029039457,163,1.2548682457266134,0.060094647464399124
2026-05-28 12:29:00+00:00,08:29,,,1,,
2026-05-28 12:30:00+00:00,08:30,-6.24376484947749,9.958560341929688,600,1.507307954741664,-0.6269746464444904
2026-05-28 14:00:00+00:00,10:00,-1.035138292554342,22.57276588293572,600,1.63748341955296,-0.045857840280746145
2026-05-29 12:30:00+00:00,08:30,-5.8201317431034525,11.260515019012722,600,2.2089789453313515,-0.5168619493226109
2026-05-29 13:45:00+00:00,09:45,4.814273670435241,29.071888279258367,600,1.2934568428932642,0.16559893269368517
2026-06-01 13:45:00+00:00,09:45,7.692864804411959,25.41225434431397,600,1.6108958048769373,0.3027226431854618
2026-06-01 14:00:00+00:00,10:00,-6.411578534242509,36.94444115572558,600,1.5319085678697906,-0.1735465020899052
2026-06-02 14:00:00+00:00,10:00,6.042037618490649,22.17056733739506,600,1.5860214496966543,0.27252516936269616
2026-06-02 20:55:00+00:00,16:55,,,0,,
2026-06-03 11:00:00+00:00,07:00,5.162647196869895,8.71367404269969,502,1.577836006137654,0.5924765112364007
2026-06-03 12:15:00+00:00,08:15,4.4834940258720435,17.407351362773607,139,1.250089944435746,0.2575632520097339
2026-06-03 13:45:00+00:00,09:45,4.467423977206135,26.05582650429602,600,1.9611881304048007,0.1714558537020331
2026-06-03 14:00:00+00:00,10:00,6.230589636112006,30.65051235846525,600,1.364621589147686,0.203278482370661
2026-06-04 09:30:00+00:00,05:30,,,2,,
2026-06-04 12:30:00+00:00,08:30,2.3523584336155494,20.56521663027098,600,1.8156881333195796,0.11438529804509787
2026-06-05 12:30:00+00:00,08:30,5.960431934024704,13.00224993431697,600,1.5448315700798463,0.45841542534060015
2026-06-05 19:00:00+00:00,15:00,5.749168478289848,14.231271536964526,124,1.2095315646955187,0.4039813633909569
2026-06-08 15:00:00+00:00,11:00,-0.6118627193770168,21.484353597075497,186,2.278672836807486,-0.028479456764308003
2026-06-09 10:00:00+00:00,06:00,-1.4135060414190674,8.994002808249302,119,2.6790932893885055,-0.15716095175360623
2026-06-09 12:15:00+00:00,08:15,-7.099744020778382,8.383001975048886,140,1.9562187035809164,-0.8469214300449904
2026-06-09 12:30:00+00:00,08:30,8.349043226990503,28.144273188034916,600,1.4840178832388151,0.2966515841858714
2026-06-09 14:00:00+00:00,10:00,-2.296522459147729,34.77873749325368,600,1.2024525049158103,-0.06603236990972443
2026-06-10 11:00:00+00:00,07:00,-2.247715093239571,6.901112624364284,503,2.2338063625470856,-0.3257032909887666
2026-06-10 12:30:00+00:00,08:30,5.5196526354044595,11.640664906184933,600,2.0712935862281783,0.47416987602415656
2026-06-10 18:00:00+00:00,14:00,0.4908100091669994,14.261145285422732,259,2.289312643353481,0.03441589012270207
2026-06-11 12:30:00+00:00,08:30,-2.0892190651789226,21.15957346240232,600,1.241850754043464,-0.09873635065901401
2026-06-11 16:00:00+00:00,12:00,2.4377759024223105,8.360374654961289,38,2.103011572300925,0.29158692080571574
2026-06-12 14:00:00+00:00,10:00,0.22933670439382214,10.761355828834628,600,1.478107893967295,0.0213111347716357
2026-06-15 12:30:00+00:00,08:30,3.145613837611366,15.948320897691888,600,2.0199459067197862,0.19723793230587763
2026-06-15 13:15:00+00:00,09:15,-27.736863366710864,72.09011326554813,100,1.8384217428466345,-0.38475266732541413
2026-06-15 14:00:00+00:00,10:00,-4.053611467707188,21.85669712471759,600,1.7999859330317292,-0.18546313034291836
2026-06-16 12:15:00+00:00,08:15,-5.238683003994674,9.478910575030147,140,5.656854249492378,-0.5526672039500713
2026-06-16 12:30:00+00:00,08:30,0.6759065267320682,11.195894183400744,600,5.656854249492378,0.060370928454663374
2026-06-17 11:00:00+00:00,07:00,-0.00046665946144674314,5.741674959717585,504,5.656854249492378,-8.127584106044496e-05
2026-06-17 12:30:00+00:00,08:30,0.675906526732068,11.195894183400746,600,5.656854249492378,0.060370928454663346
2026-06-17 14:00:00+00:00,10:00,3.069454309246215,24.55404644695286,600,5.656854249492378,0.12500808434477537
2026-06-17 18:00:00+00:00,14:00,-2.0193167453729832,14.066899521962501,259,5.656854249492378,-0.14355094683233113
2026-06-18 12:30:00+00:00,08:30,-4.640969979845472,10.01957085120977,600,5.656854249492378,-0.4631904947590763
2026-06-18 14:00:00+00:00,10:00,3.6964434057336812,26.8952954172163,600,5.656854249492378,0.13743828979723727
2026-06-18 20:00:00+00:00,16:00,-2.16201707885436,10.121743062993946,105,5.656854249492379,-0.21360126071159619
2026-06-23 12:15:00+00:00,08:15,2.033143468302791,8.849603703661634,141,2.711224456978408,0.22974401299592123
2026-06-23 12:30:00+00:00,08:30,1.1326994213768362,12.059367604138757,600,1.6365550941509164,0.09392693369659745
2026-06-23 13:45:00+00:00,09:45,-0.8437050019444197,18.718796150482024,600,2.057164411365888,-0.04507261018079379
2026-06-23 14:00:00+00:00,10:00,-22.40311011232092,39.86566206350988,600,1.2765811270444556,-0.5619650835506151
2026-06-24 11:00:00+00:00,07:00,0.015278755859958304,5.183360522486069,505,2.1366490377394114,0.0029476544789190607
2026-06-24 11:58:00+00:00,07:58,,,0,,
2026-06-24 12:30:00+00:00,08:30,1.1232672771609713,8.515747244363613,600,2.150463475221868,0.13190472250153237
2026-06-24 14:00:00+00:00,10:00,0.9251867705790942,16.70691909142725,600,1.6076835707501183,0.055377461608336356
2026-06-25 12:30:00+00:00,08:30,1.871126580382899,28.72499139651307,600,1.7467857332267702,0.06513932605076551
2026-06-25 15:00:00+00:00,11:00,4.220853209055064,29.14330570568045,188,2.1714304026337854,0.1448309691316987
2026-06-26 12:30:00+00:00,08:30,2.3611846337525986,8.533117051219463,600,1.8654576278787445,0.27670833759571634
2026-06-26 14:00:00+00:00,10:00,-7.5187560171728824,35.20742778469703,600,2.5040308866411003,-0.2135559593603973
2026-06-26 15:00:00+00:00,11:00,8.211029877110283,18.94508228432885,188,1.984515475971177,0.43341220449078494
2026-06-29 14:30:00+00:00,10:30,-3.33830704069486,20.163708366505748,165,1.573165580318716,-0.16556017276267365
2026-06-30 13:00:00+00:00,09:00,-2.5593279133956672,8.517652087771642,165,1.361278994877161,-0.30047340358852687
2026-06-30 13:45:00+00:00,09:45,-0.7458839009202025,28.051731572875035,600,1.9969000728380553,-0.026589584995225183
2026-06-30 14:00:00+00:00,10:00,4.715097279637838,18.89048765581952,600,1.8935920245325653,0.24960167072157485
2026-06-30 14:30:00+00:00,10:30,-1.4808247555865175,18.662431338399706,165,2.4853079526551847,-0.07934790107115258
2026-07-01 09:30:00+00:00,05:30,,,3,,
2026-07-01 11:00:00+00:00,07:00,1.1632108749452126,4.607966537913274,506,5.656854249492378,0.25243474868460625
2026-07-01 12:15:00+00:00,08:15,-5.638804437271704,9.87056135368826,143,5.656854249492378,-0.5712749493385899
2026-07-01 13:45:00+00:00,09:45,4.471772776756072,15.094815594463023,600,5.656854249492378,0.29624560490797763
2026-07-01 14:00:00+00:00,10:00,0.29128055733962044,23.349563670880435,600,5.656854249492378,0.01247477517975552
2026-07-01 20:52:00+00:00,16:52,,,0,,
2026-07-02 12:30:00+00:00,08:30,-2.8708939987626567,11.618634221287842,600,5.656854249492378,-0.2470939306706601
2026-07-02 14:00:00+00:00,10:00,0.29128055733962177,23.349563670880435,600,5.656854249492378,0.012474775179755577
2026-07-06 13:45:00+00:00,09:45,4.471772776756073,15.094815594463022,600,5.656854249492378,0.29624560490797774
2026-07-06 14:00:00+00:00,10:00,0.4720827545836648,23.289460009834677,600,5.656854249492378,0.02027023187245705
2026-07-07 12:15:00+00:00,08:15,-5.638804437271704,9.870561353688258,143,5.656854249492378,-0.57127494933859
2026-07-07 12:30:00+00:00,08:30,-1.541714883429694,12.670375217898767,600,5.656854249492378,-0.12167870776642788
2026-07-07 15:00:00+00:00,11:00,4.247958094252344,24.25485235403442,189,5.656854249492379,0.1751384849615777
2026-07-08 11:00:00+00:00,07:00,1.1632108749452124,4.607966537913274,506,5.656854249492378,0.25243474868460625
2026-07-08 14:00:00+00:00,10:00,0.47208275458366633,23.28946000983468,600,5.656854249492378,0.020270231872457113
2026-07-08 18:00:00+00:00,14:00,-2.3728824362845398,13.952797016307954,260,5.656854249492378,-0.1700650008389807
2026-07-08 19:00:00+00:00,15:00,6.958180671314331,18.049524239389182,125,5.656854249492378,0.38550493514558165
2026-07-09 12:30:00+00:00,08:30,-1.541714883429694,12.670375217898767,600,5.656854249492378,-0.12167870776642788
2026-07-09 14:00:00+00:00,10:00,0.47208275458366433,23.289460009834677,600,5.656854249492378,0.020270231872457033
2026-07-13 18:00:00+00:00,14:00,-2.3728824362845407,13.952797016307954,260,5.656854249492378,-0.17006500083898077
2026-07-14 10:00:00+00:00,06:00,-2.3019831321563546,14.056526023029006,120,5.656854249492379,-0.16376614878989182
2026-07-14 12:15:00+00:00,08:15,-5.6388044372717046,9.87056135368826,144,5.656854249492378,-0.57127494933859
2026-07-14 12:30:00+00:00,08:30,-2.2456373200778703,12.162632833879616,600,5.656854249492378,-0.18463414548061802
2026-07-14 20:00:00+00:00,16:00,-2.1620170788543605,10.121743062993946,105,5.656854249492379,-0.2136012607115962
2026-07-15 11:00:00+00:00,07:00,1.4232967270909165,4.310708812177976,507,5.656854249492378,0.3301769590815388
2026-07-15 12:30:00+00:00,08:30,-2.0558764352479066,12.364727588273327,600,5.656854249492378,-0.1662694483619432
2026-07-16 12:30:00+00:00,08:30,-1.411609369545041,10.850296810061343,600,5.656854249492378,-0.1300986870917737
2026-07-16 14:00:00+00:00,10:00,2.923878420386192,22.234129697486953,600,5.656854249492378,0.13150406425472402
2026-07-17 12:30:00+00:00,08:30,-2.0942762986075163,11.75531724840443,600,5.656854249492378,-0.17815565963494318
2026-07-17 13:15:00+00:00,09:15,8.494778164333638,25.56521519471171,101,5.656854249492379,0.3322787662703041
2026-07-17 14:00:00+00:00,10:00,1.90019113337412,23.174790463099686,600,5.656854249492378,0.08199388626187236
