timestamp_utc,position,ret_bps,cost_bps,families,x,eligible,gross_bps,tc_bps,net_bps,event_type,strategy,dtw_dir,dtw_disp,dtw_score,dtw_pos
2019-01-03 15:00:00+00:00,-1.0,-56.86804477123886,1.260979215583964,ISM Manufacturing,-1.3343215472866703,True,56.86804477123886,1.260979215583964,55.60706555565489,ISM Manufacturing,All · surprise only,-3.3609906412171893,13.738738534162188,-0.24463604375757547,-1.0
2019-01-04 13:30:00+00:00,1.0,32.74897584478964,1.2638368343066329,Employment Report (NFP),0.6625166444532855,True,32.74897584478964,1.2638368343066329,31.485139010483007,Employment Report (NFP),All · surprise only,-3.7731333307663464,13.07961083509169,-0.28847443386031724,-1.0
2019-01-07 15:00:00+00:00,-1.0,18.405569668953348,1.2411726942007275,ISM Services,-0.5210478309027367,True,-18.405569668953348,1.2411726942007275,-19.646742363154075,ISM Services,All · surprise only,3.955353871318737,10.676481134862739,0.37047355035387214,1.0
2019-01-08 15:00:00+00:00,1.0,-46.397923627861104,1.2214126268795011,JOLTS,0.9583408947660512,True,-46.397923627861104,1.2214126268795011,-47.6193362547406,JOLTS,All · surprise only,-4.887456316542458,20.484427125412456,-0.23859375156648657,-1.0
2019-01-29 14:00:00+00:00,-1.0,-15.493764821741252,1.1814552269208831,Case-Shiller 20-City,-0.1129788487261893,True,15.493764821741252,1.1814552269208831,14.312309594820368,Case-Shiller 20-City,All · surprise only,-1.0420546588775559,4.439548791986962,-0.2347208483795432,-1.0
2019-01-30 15:00:00+00:00,-1.0,17.348157579473167,1.1709129083054064,Pending Home Sales MoM,-0.6933623791751943,True,-17.348157579473167,1.1709129083054064,-18.519070487778574,Pending Home Sales MoM,All · surprise only,-5.608142436529744,13.318991342002207,-0.4210635995268008,-1.0
2019-02-01 13:30:00+00:00,1.0,18.781599558828077,1.1619520794935492,Employment Report (NFP),0.8687741470886851,True,18.781599558828077,1.1619520794935492,17.619647479334528,Employment Report (NFP),All · surprise only,-1.0300316602277566,13.807323731667815,-0.07460038456730941,0.0
2019-02-01 15:00:00+00:00,0.0,31.892867090697052,1.16,ISM Manufacturing+Wholesale Inventories,-0.0250479446109195,True,0.0,0.0,0.0,ISM Manufacturing+Wholesale Inventories,All · surprise only,-3.342006623787177,22.951029715262035,-0.1456146702457015,0.0
2019-02-05 15:00:00+00:00,-1.0,-5.1351939664101565,1.145158742694677,ISM Services,-0.2321861209891769,True,5.1351939664101565,1.145158742694677,3.9900352237154797,ISM Services,All · surprise only,3.5600512733477414,16.92789231081528,0.21030682426265282,1.0
2019-02-06 13:30:00+00:00,-1.0,2.7623764505513293,1.144661535425301,Trade Balance,-1.474980460269625,True,-2.7623764505513293,1.144661535425301,-3.90703798597663,Trade Balance,All · surprise only,1.9066494799304776,5.754002658267599,0.33136054902423817,1.0
2019-02-12 15:00:00+00:00,-1.0,-11.080333543613818,1.1473788328387735,JOLTS,-2.8864328688998295,True,11.080333543613818,1.1473788328387735,9.932954710775045,JOLTS,All · surprise only,2.7940977449708098,9.891878267947483,0.2824638222676563,1.0
2019-02-25 15:00:00+00:00,0.0,-5.3498415430119906,1.1073351407079308,Wholesale Inventories+Wholesale Trade Sales MoM,0.4014513011972027,True,-0.0,0.0,-0.0,Wholesale Inventories+Wholesale Trade Sales MoM,All · surprise only,4.17053717136376,20.882152307013495,0.19971778339932136,1.0
2019-02-26 14:00:00+00:00,-1.0,10.00654357445896,1.1170602056931551,Case-Shiller 20-City,-0.258272112608477,True,-10.00654357445896,1.1170602056931551,-11.123603780152115,Case-Shiller 20-City,All · surprise only,-5.499847796930858,3.94798475887625,-1.3930772616498976,-1.0
2019-02-27 13:30:00+00:00,1.0,-1.5398236932284703,1.116157339696713,Wholesale Inventories,1.5484792677074253,True,-1.5398236932284703,1.116157339696713,-2.655981032925183,Wholesale Inventories,All · surprise only,0.4841747208215879,7.51423857285162,0.06443430244161728,0.0
2019-02-27 15:00:00+00:00,1.0,-36.612431301872306,1.115556239421449,Pending Home Sales MoM,0.9273046559046504,True,-36.612431301872306,1.115556239421449,-37.72798754129376,Pending Home Sales MoM,All · surprise only,-6.35261796660132,16.716672156157042,-0.3800169021237603,-1.0
2019-03-01 15:00:00+00:00,-1.0,-37.22540996383472,1.1100903383861582,ISM Manufacturing,-0.7311263757915653,True,37.22540996383472,1.1100903383861582,36.115319625448564,ISM Manufacturing,All · surprise only,0.308611121223309,23.1121047001078,0.01335279176118779,0.0
2019-03-04 15:00:00+00:00,-1.0,-8.049832729852824,1.1117074292724067,ISM Manufacturing,-0.7435651291317272,True,8.049832729852824,1.1117074292724067,6.938125300580417,ISM Manufacturing,All · surprise only,1.4363149919842049,18.168118855630773,0.0790568909966732,0.0
2019-03-05 15:00:00+00:00,1.0,-18.2343748996594,1.1260386736041004,ISM Services,1.3695473373794276,True,-18.2343748996594,1.1260386736041004,-19.3604135732635,ISM Services,All · surprise only,-3.398130225376945,25.962801024361227,-0.1308845768293042,0.0
2019-03-06 13:30:00+00:00,1.0,13.967024578978029,1.125776397515528,Trade Balance,0.592887359587822,True,13.967024578978029,1.125776397515528,12.8412481814625,Trade Balance,All · surprise only,0.563472189428015,12.059938455660145,0.04672264220084457,0.0
2019-03-08 13:30:00+00:00,-1.0,-3.5624517961352353,1.1442550505050504,Employment Report (NFP),-1.2678035042234366,True,3.5624517961352353,1.1442550505050504,2.418196745630185,Employment Report (NFP),All · surprise only,0.08957794479059134,26.92444926090666,0.0033270112202686843,0.0
2019-03-13 14:00:00+00:00,1.0,-10.905551226905176,1.1291955455182618,ISM Manufacturing,0.906188773849323,True,-10.905551226905176,1.1291955455182618,-12.03474677242344,ISM Manufacturing,All · surprise only,-2.884359465419555,10.71046886317209,-0.2693028197241126,-1.0
2019-03-15 14:00:00+00:00,-1.0,,,JOLTS,-2.0299093398454366,False,-0.0,0.0,-0.0,JOLTS,All · surprise only,-1.5521381912628134,15.225291120532308,-0.10194472992175846,0.0
2019-03-22 14:00:00+00:00,1.0,3.495213534883135,1.1274395459140036,Wholesale Inventories,2.4258662097692496,True,3.495213534883135,1.1274395459140036,2.367773988969131,Wholesale Inventories,All · surprise only,1.1358409193502699,14.791096122283346,0.07679220728199329,0.0
2019-03-26 13:00:00+00:00,1.0,16.32970813883361,1.1285803237858032,Case-Shiller 20-City,0.0560252099076334,True,16.32970813883361,1.1285803237858032,15.201127815047807,Case-Shiller 20-City,All · surprise only,0.807029752935841,11.008179723304428,0.073311825680621,0.0
2019-03-27 12:30:00+00:00,-1.0,19.48406820117654,1.1311775948823966,Trade Balance,-1.8467308373800184,True,-19.48406820117654,1.1311775948823966,-20.615245796058936,Trade Balance,All · surprise only,-2.4379888633053444,6.134206075824089,-0.3974416302891841,-1.0
2019-03-28 14:00:00+00:00,-1.0,7.779074682439102,1.128009646427321,Pending Home Sales MoM,-0.1287472026516276,True,-7.779074682439102,1.128009646427321,-8.907084328866423,Pending Home Sales MoM,All · surprise only,8.86629876857808,14.80459599825343,0.5988882621061784,1.0
2019-04-01 14:00:00+00:00,1.0,1.912155578800423,1.110855741975025,ISM Manufacturing,0.7145588866896876,True,1.912155578800423,1.110855741975025,0.8012998368253981,ISM Manufacturing,All · surprise only,5.601368065710167,15.909866034821547,0.3520688391373369,1.0
2019-04-03 14:00:00+00:00,-1.0,12.97809175211384,1.1070815041038369,ISM Services,-1.1046992464638967,True,-12.97809175211384,1.1070815041038369,-14.085173256217677,ISM Services,All · surprise only,-7.741591087919272,16.368967940077393,-0.4729431394978143,-1.0
2019-04-05 12:30:00+00:00,1.0,-0.3777362268486683,1.0974871329094762,Employment Report (NFP),0.2548391815149274,True,-0.3777362268486683,1.0974871329094762,-1.4752233597581446,Employment Report (NFP),All · surprise only,1.68074839087347,12.4268300389436,0.13525157949423036,1.0
2019-04-09 14:00:00+00:00,1.0,13.00042243284949,1.1093684250793772,JOLTS,2.609324605457694,True,13.00042243284949,1.1093684250793772,11.891054007770112,JOLTS,All · surprise only,-9.410042820411164,22.39513408696481,-0.42018247284745314,-1.0
2019-04-17 12:30:00+00:00,-1.0,7.172653622973257,1.0952902519167578,Trade Balance,-1.2383182885962627,True,-7.172653622973257,1.0952902519167578,-8.267943874890015,Trade Balance,All · surprise only,-0.5474212880840482,6.629957256954456,-0.08256784574437999,0.0
2019-04-17 14:00:00+00:00,0.0,10.59482466292394,1.0981104926350864,Wholesale Inventories+Wholesale Trade Sales MoM,-0.1087319624357112,True,0.0,0.0,0.0,Wholesale Inventories+Wholesale Trade Sales MoM,All · surprise only,-6.3164907399081995,16.406302176450232,-0.38500392544122175,-1.0
2019-04-30 13:00:00+00:00,1.0,1.5042683643073929,1.0904305320548977,Case-Shiller 20-City,0.0753943061381535,True,1.5042683643073929,1.0904305320548977,0.41383783225249515,Case-Shiller 20-City,All · surprise only,-0.3801313301335024,8.917289149856407,-0.04262857509107727,0.0
2019-04-30 14:00:00+00:00,1.0,-4.904272474046678,1.0937205355459174,Pending Home Sales MoM,0.607854696796068,True,-4.904272474046678,1.0937205355459174,-5.997993009592595,Pending Home Sales MoM,All · surprise only,-1.6543632029880302,9.867045167569033,-0.1676655143350904,-1.0
2019-05-01 14:00:00+00:00,-1.0,-3.3825049650637595,1.089038266551504,ISM Manufacturing,-1.1185881038486878,True,3.3825049650637595,1.089038266551504,2.2934666985122556,ISM Manufacturing,All · surprise only,-4.217557116311268,20.28289693544772,-0.207936624128893,-1.0
2019-05-03 12:30:00+00:00,0.0,10.230567552032,1.1004439722232762,Employment Report (NFP)+Wholesale Inventories,-0.2115333138905982,True,0.0,0.0,0.0,Employment Report (NFP)+Wholesale Inventories,All · surprise only,-0.525386640646893,15.212906431907452,-0.034535586148413455,0.0
2019-05-03 14:00:00+00:00,-1.0,-15.161855682936933,1.0979857640466455,ISM Services,-0.8700061825114989,True,15.161855682936933,1.0979857640466455,14.063869918890287,ISM Services,All · surprise only,1.9812590520255855,17.066119522356683,0.11609311943644414,0.0
2019-05-07 14:00:00+00:00,-1.0,0.0,1.1086474501108647,JOLTS,-0.7458879769912665,True,-0.0,1.1086474501108647,-1.1086474501108647,JOLTS,All · surprise only,-8.141152121901277,15.961065838845638,-0.5100631877657911,-1.0
2019-05-09 12:30:00+00:00,-1.0,-19.372342362267148,1.1222041637644145,Trade Balance,-0.0308851550716713,True,19.372342362267148,1.1222041637644145,18.250138198502732,Trade Balance,All · surprise only,-2.5508343378617306,8.957178041181114,-0.2847810243509876,-1.0
2019-05-09 14:00:00+00:00,0.0,-30.45568712298774,1.1295474020409753,Wholesale Inventories+Wholesale Trade Sales MoM,0.9816606553187176,True,-0.0,0.0,-0.0,Wholesale Inventories+Wholesale Trade Sales MoM,All · surprise only,-0.6531040344771045,14.057080239029393,-0.04646085982092962,0.0
2019-05-28 13:00:00+00:00,1.0,-3.122316784391898,1.1311775948823966,Case-Shiller 20-City,1.0305531067298288,True,-3.122316784391898,1.1311775948823966,-4.2534943792742945,Case-Shiller 20-City,All · surprise only,-1.6883562070313123,7.356131748500906,-0.22951685270935768,-1.0
2019-05-30 12:30:00+00:00,1.0,-9.139860359290708,1.152348406580307,Wholesale Inventories,1.3152303803357457,True,-9.139860359290708,1.152348406580307,-10.292208765871015,Wholesale Inventories,All · surprise only,-2.654913897582622,10.769814502403484,-0.24651435704766583,-1.0
2019-05-30 14:00:00+00:00,-1.0,-0.7939343420382272,1.150976345451659,Pending Home Sales MoM,-0.5184683414121161,True,0.7939343420382272,1.150976345451659,-0.35704200341343184,Pending Home Sales MoM,All · surprise only,-4.2163832429475985,9.233692702536906,-0.4566302322135076,-1.0
2019-06-03 14:00:00+00:00,-1.0,49.52199350730879,1.170534813319879,ISM Manufacturing,-0.1607686790482518,True,-49.52199350730879,1.170534813319879,-50.69252832062867,ISM Manufacturing,All · surprise only,0.7369587582384535,14.679798272287425,0.05020224015133007,0.0
2019-06-05 14:00:00+00:00,1.0,-11.779026843861118,1.138370951913641,ISM Services,0.8700286671132983,True,-11.779026843861118,1.138370951913641,-12.91739779577476,ISM Services,All · surprise only,1.6584627816248125,21.110094989713136,0.07856254471772746,0.0
2019-06-06 12:30:00+00:00,1.0,-21.097878503777423,1.1317514829847015,Trade Balance,0.0310236654453449,True,-21.097878503777423,1.1317514829847015,-22.229629986762124,Trade Balance,All · surprise only,-3.539417145449717,9.881005763546096,-0.35820413732655193,-1.0
2019-06-07 12:30:00+00:00,-1.0,3.1030604182014088,1.123508445684178,Employment Report (NFP),-0.4292841940610685,True,-3.1030604182014088,1.123508445684178,-4.2265688638855865,Employment Report (NFP),All · surprise only,2.6361219187960203,26.634385346339446,0.098974385348762,0.0
2019-06-07 14:00:00+00:00,0.0,7.321631894878777,1.118309424649082,Wholesale Inventories+Wholesale Trade Sales MoM,-0.011526009887174,True,0.0,0.0,0.0,Wholesale Inventories+Wholesale Trade Sales MoM,All · surprise only,4.641611844610166,7.789276210700378,0.5958977084717878,1.0
2019-06-10 14:00:00+00:00,1.0,2.2934903200599877,1.1087322220523017,JOLTS,0.2551781291483067,True,2.2934903200599877,1.1087322220523017,1.184758098007686,JOLTS,All · surprise only,-17.62928204070939,19.486574149046497,-0.9046886284817803,-1.0
2019-06-25 13:00:00+00:00,1.0,-2.988308266242967,1.0833022039596565,Case-Shiller 20-City,0.2642101217812244,True,-2.988308266242967,1.0833022039596565,-4.071610470202623,Case-Shiller 20-City,All · surprise only,-0.9987087562831876,4.635322770245444,-0.2154561409820238,-1.0
2019-06-26 12:30:00+00:00,-1.0,-6.004879144594355,1.0879759894954042,Wholesale Inventories,-0.1098920725221081,True,6.004879144594355,1.0879759894954042,4.916903155098951,Wholesale Inventories,All · surprise only,1.1099264582077362,6.16467525863607,0.1800462168145588,1.0
2019-06-27 14:00:00+00:00,1.0,-9.419567019648412,1.091867469879518,Pending Home Sales MoM,0.0260187727135922,True,-9.419567019648412,1.091867469879518,-10.511434489527929,Pending Home Sales MoM,All · surprise only,-14.02429888875203,26.225145478211815,-0.5347653419274108,-1.0
2019-07-01 14:00:00+00:00,-1.0,-24.62320300947951,1.081040781331544,ISM Manufacturing,-0.5150897520442002,True,24.62320300947951,1.081040781331544,23.542162228147966,ISM Manufacturing,All · surprise only,-9.689213605480637,21.006624550311827,-0.46124562193581015,-1.0
2019-07-03 12:30:00+00:00,1.0,,,Trade Balance,0.4674279842482597,False,0.0,0.0,0.0,Trade Balance,All · surprise only,-0.16327300912409892,7.892231298490769,-0.020687813490124347,0.0
2019-07-03 14:00:00+00:00,-1.0,,,ISM Services,-0.5230512818626962,False,-0.0,0.0,-0.0,ISM Services,All · surprise only,2.757234617015568,12.123225224233472,0.2274340834239432,1.0
2019-07-05 12:30:00+00:00,1.0,-7.808869040495381,1.0773460138197488,Employment Report (NFP),0.6730071664656323,True,-7.808869040495381,1.0773460138197488,-8.88621505431513,Employment Report (NFP),All · surprise only,-3.8322186656696613,11.215095482717661,-0.3417018313910094,-1.0
2019-07-09 14:00:00+00:00,1.0,0.7490075653215911,1.0865899808910038,JOLTS,0.8014699032501351,True,0.7490075653215911,1.0865899808910038,-0.3375824155694127,JOLTS,All · surprise only,6.2159518045347015,20.21537290157866,0.30748637854952876,1.0
2019-07-10 14:00:00+00:00,-0.5,-17.07498558880971,1.0755080848538792,Wholesale Inventories+Wholesale Trade Sales MoM,-0.1219301602902608,True,8.537492794404855,0.5377540424269396,7.999738751977915,Wholesale Inventories+Wholesale Trade Sales MoM,All · surprise only,2.950458860658853,10.507053610855307,0.280807443259888,1.0
2019-07-25 12:30:00+00:00,-1.0,-11.347207425576045,1.0608721100380452,Wholesale Inventories,-0.6635937629932486,True,11.347207425576045,1.0608721100380452,10.286335315538,Wholesale Inventories,All · surprise only,-2.8779500561299107,13.683321412956786,-0.21032540048388906,-1.0
2019-07-30 13:00:00+00:00,1.0,3.691262822904662,1.0703871848817037,Case-Shiller 20-City,0.1071969239928343,True,3.691262822904662,1.0703871848817037,2.620875638022958,Case-Shiller 20-City,All · surprise only,-1.401335378946138,8.532452704350025,-0.16423593865708833,-1.0
2019-07-30 14:00:00+00:00,1.0,3.318400561393986,1.0693609646373392,Pending Home Sales MoM,0.6010290004464247,True,3.318400561393986,1.0693609646373392,2.2490395967566466,Pending Home Sales MoM,All · surprise only,-0.2797744705249006,10.714319908852382,-0.026112200578754928,0.0
2019-08-01 14:00:00+00:00,-1.0,41.92411579582611,1.0775862068965516,ISM Manufacturing,-1.012131827489508,True,-41.92411579582611,1.0775862068965516,-43.001702002722666,ISM Manufacturing,All · surprise only,-0.39522914928038455,11.05372056510605,-0.035755304917696976,0.0
2019-08-02 12:30:00+00:00,0.0,3.3964186978430178,1.0940919037199124,Employment Report (NFP)+Trade Balance,-0.0041668014234944,True,0.0,0.0,0.0,Employment Report (NFP)+Trade Balance,All · surprise only,1.1849802914719372,6.989403028414518,0.16953955676250923,1.0
2019-08-05 14:00:00+00:00,-1.0,-16.578317050015556,1.1166730843280708,ISM Services,-1.0487641661378926,True,16.578317050015556,1.1166730843280708,15.461643965687486,ISM Services,All · surprise only,-8.396394831135096,17.85874717756229,-0.47015587082638793,-1.0
2019-08-06 14:00:00+00:00,-1.0,-39.53953284753453,1.1233778810768933,JOLTS,-0.1198635692040546,True,39.53953284753453,1.1233778810768933,38.41615496645764,JOLTS,All · surprise only,-5.084262142431119,20.129624547373858,-0.25257610396386754,-1.0
2019-08-08 14:00:00+00:00,-1.0,5.362751986339731,1.1113665976852916,Wholesale Inventories+Wholesale Trade Sales MoM,-0.528434093932597,True,-5.362751986339731,1.1113665976852916,-6.474118584025023,Wholesale Inventories+Wholesale Trade Sales MoM,All · surprise only,-6.581435065810345,9.662107729117206,-0.6811593547003091,-1.0
2019-08-27 13:00:00+00:00,-1.0,1.920602306793029,1.1140135218192992,Case-Shiller 20-City,-0.1377150001179232,True,-1.920602306793029,1.1140135218192992,-3.034615828612328,Case-Shiller 20-City,All · surprise only,-2.035647884337734,7.2579394939287,-0.28047187304889537,-1.0
2019-08-29 12:30:00+00:00,1.0,-11.02556902871754,1.1020330609918298,Wholesale Inventories,0.1109170389268115,True,-11.02556902871754,1.1020330609918298,-12.12760208970937,Wholesale Inventories,All · surprise only,1.0911767709969622,7.746962805547294,0.1408522021321199,1.0
2019-08-29 14:00:00+00:00,-1.0,-11.021378787852145,1.101112503322322,Pending Home Sales MoM,-0.6547388591058947,True,11.021378787852145,1.101112503322322,9.920266284529824,Pending Home Sales MoM,All · surprise only,4.1169536223495085,24.554878521393245,0.16766336753662392,1.0
2019-09-03 14:00:00+00:00,-1.0,,,ISM Manufacturing,-0.5595389851222737,False,-0.0,0.0,-0.0,ISM Manufacturing,All · surprise only,3.4690639253290048,9.899275617061383,0.3504361389180921,1.0
2019-09-04 12:30:00+00:00,1.0,,,Trade Balance,0.1884003916971352,False,0.0,0.0,0.0,Trade Balance,All · surprise only,-2.112539545058904,8.420358043798219,-0.25088476452789754,-1.0
2019-09-05 14:00:00+00:00,1.0,,,ISM Services,1.396145510547349,False,0.0,0.0,0.0,ISM Services,All · surprise only,3.3101708874932916,9.972561534013106,0.3319278478456507,1.0
2019-09-06 12:30:00+00:00,-1.0,,,Employment Report (NFP),-0.4856947459450375,False,-0.0,0.0,-0.0,Employment Report (NFP),All · surprise only,-1.9606115262823167,7.86961465328576,-0.24913691618479852,-1.0
2019-09-10 14:00:00+00:00,1.0,,,JOLTS,0.6218292334900785,False,0.0,0.0,0.0,JOLTS,All · surprise only,5.155082776476355,10.436021982860494,0.49397009559224375,1.0
2019-09-11 14:00:00+00:00,0.0,,,Wholesale Inventories,0.0,False,0.0,0.0,0.0,Wholesale Inventories,All · surprise only,2.0340163998251537,10.979216759533307,0.18526061051295006,1.0
2019-09-24 13:00:00+00:00,1.0,,,Case-Shiller 20-City,0.010802298855498,False,0.0,0.0,0.0,Case-Shiller 20-City,All · surprise only,3.776212692870918,13.384739918336354,0.28212820838585856,1.0
2019-09-26 12:30:00+00:00,1.0,,,Wholesale Inventories,0.669884793997939,False,0.0,0.0,0.0,Wholesale Inventories,All · surprise only,-4.889625066119063,8.190663015908722,-0.5969754898500824,-1.0
2019-09-26 14:00:00+00:00,1.0,,,Pending Home Sales MoM,0.1576085301410243,False,0.0,0.0,0.0,Pending Home Sales MoM,All · surprise only,2.0243214356119195,15.643822178727323,0.12940069328866566,1.0
2019-10-01 14:00:00+00:00,-1.0,-62.55139912671126,1.07403429502611,ISM Manufacturing,-0.6392916219864412,True,62.55139912671126,1.07403429502611,61.47736483168515,ISM Manufacturing,All · surprise only,-5.410645578382702,24.45924844519835,-0.2212106226610114,-1.0
2019-10-03 14:00:00+00:00,-1.0,28.993931590033384,1.1141847241432303,ISM Services,-1.3923680829816754,True,-28.993931590033384,1.1141847241432303,-30.108116314176613,ISM Services,All · surprise only,2.9797572479412944,24.209444729289675,0.12308242841837054,0.0
2019-10-04 12:30:00+00:00,1.0,8.383827326934323,1.1106855610877058,Employment Report (NFP)+Trade Balance,0.1313738836117203,True,8.383827326934323,1.1106855610877058,7.273141765846617,Employment Report (NFP)+Trade Balance,All · surprise only,0.5745986409209993,17.118625834676127,0.033565698933443064,0.0
2019-10-09 14:00:00+00:00,0.0,6.848272981088144,1.1044673801272042,JOLTS+Wholesale Inventories,0.3219991669158658,True,0.0,0.0,0.0,JOLTS+Wholesale Inventories,All · surprise only,-9.581992864363386,25.460153878166953,-0.37635251185894475,-1.0
2019-10-28 12:30:00+00:00,-1.0,15.174790557459517,1.0742332197362572,Wholesale Inventories,-1.121516987398828,True,-15.174790557459517,1.0742332197362572,-16.249023777195774,Wholesale Inventories,All · surprise only,-1.4228046563753747,6.566241064705158,-0.21668480373394003,-1.0
2019-10-29 13:00:00+00:00,1.0,-2.5921605803524983,1.0736764161421697,Case-Shiller 20-City,0.0158358411377602,True,-2.5921605803524983,1.0736764161421697,-3.6658369964946678,Case-Shiller 20-City,All · surprise only,-0.46161664350243914,8.418808502124218,-0.05483158850637414,0.0
2019-10-29 14:00:00+00:00,1.0,4.805826232505694,1.072802604320805,Pending Home Sales MoM,0.1582405075879513,True,4.805826232505694,1.072802604320805,3.733023628184889,Pending Home Sales MoM,All · surprise only,-10.852899377475095,36.9357015950182,-0.29383222488831534,-1.0
2019-11-01 12:30:00+00:00,1.0,5.538836616683085,1.0736764161421697,Employment Report (NFP),0.5209469624313295,True,5.538836616683085,1.0736764161421697,4.4651602005409154,Employment Report (NFP),All · surprise only,-0.7713191750792401,8.795772687793765,-0.08769203144024285,0.0
2019-11-01 14:00:00+00:00,-1.0,25.023012136848877,1.0680219496924832,ISM Manufacturing,-0.3411753815848861,True,-25.023012136848877,1.0680219496924832,-26.09103408654136,ISM Manufacturing,All · surprise only,0.19765702141521269,16.55916570386304,0.01193641183076644,0.0
2019-11-05 13:30:00+00:00,1.0,3.640865109773017,1.056043115691344,Trade Balance,0.0316646894236355,True,3.640865109773017,1.056043115691344,2.5848219940816732,Trade Balance,All · surprise only,2.7045114023538956,10.438683992397074,0.25908547517327885,1.0
2019-11-05 15:00:00+00:00,1.0,-22.590645424465094,1.0567357796159311,ISM Services+JOLTS,0.4513695903865941,True,-22.590645424465094,1.0567357796159311,-23.647381204081025,ISM Services+JOLTS,All · surprise only,5.3179313133745385,14.428302366445804,0.3685763701308217,1.0
2019-11-08 15:00:00+00:00,-1.0,12.69380893996086,1.0518298211889303,Wholesale Inventories+Wholesale Trade Sales MoM,-0.2044582875798339,True,-12.69380893996086,1.0518298211889303,-13.74563876114979,Wholesale Inventories+Wholesale Trade Sales MoM,All · surprise only,-2.0553515117792283,15.991013956340739,-0.12853165642846823,0.0
2019-11-26 13:30:00+00:00,1.0,-0.7126313917105165,1.0332787002066557,Wholesale Inventories,0.1121947791793919,True,-0.7126313917105165,1.0332787002066557,-1.7459100919171722,Wholesale Inventories,All · surprise only,-1.4404619997014612,8.971121124964144,-0.16056655345930562,0.0
2019-11-26 14:00:00+00:00,1.0,1.4253643611716882,1.033352337514253,Case-Shiller 20-City,0.0151072976505187,True,1.4253643611716882,1.033352337514253,0.39201202365743515,Case-Shiller 20-City,All · surprise only,1.6340767521076964,9.586297410925216,0.17045963441999912,1.0
2019-11-27 15:00:00+00:00,-1.0,-2.849002868288153,1.032285622752999,Pending Home Sales MoM,-0.5030883860479812,True,2.849002868288153,1.032285622752999,1.816717245535154,Pending Home Sales MoM,All · surprise only,1.6210454106542498,15.934194326780618,0.10173375430283017,0.0
2019-12-02 15:00:00+00:00,-1.0,-16.109115871536517,1.0358992677263796,ISM Manufacturing,-0.6709934216827046,True,16.109115871536517,1.0358992677263796,15.073216603810137,ISM Manufacturing,All · surprise only,-9.730149534440217,22.957692971248957,-0.42382958717262054,-1.0
2019-12-04 15:00:00+00:00,-1.0,-6.501950814232771,1.0470070041158206,ISM Services,-0.3471809391470089,True,6.501950814232771,1.0470070041158206,5.4549438101169505,ISM Services,All · surprise only,1.19643976854254,10.970186215542336,0.10906284953006984,0.0
2019-12-05 13:30:00+00:00,-1.0,-5.409206601303396,1.0454971519215517,Trade Balance,-0.4133945248912698,True,5.409206601303396,1.0454971519215517,4.363709449381844,Trade Balance,All · surprise only,-2.9727689666414934,11.022867979951968,-0.26969106153210476,-1.0
2019-12-06 13:30:00+00:00,1.0,24.80186746110391,1.0463270313176505,Employment Report (NFP),0.4413152239638416,True,24.80186746110391,1.0463270313176505,23.755540429786258,Employment Report (NFP),All · surprise only,2.9569884838775655,16.768061543812482,0.1763464713050694,1.0
2019-12-06 15:00:00+00:00,-1.0,-7.152820304252572,1.037010548900411,Wholesale Inventories,-0.2251134155301338,True,7.152820304252572,1.037010548900411,6.115809755352161,Wholesale Inventories,All · surprise only,2.26523692564721,8.106185907529504,0.2794454693597792,1.0
2019-12-17 15:00:00+00:00,-1.0,6.367173897441347,1.026512335846519,JOLTS,-1.4157727572782377,True,-6.367173897441347,1.026512335846519,-7.393686233287866,JOLTS,All · surprise only,5.308251299693446,14.497280699325543,0.3661549644920928,1.0
2019-12-30 13:30:00+00:00,-1.0,3.142622719085608,1.0128527521654092,Wholesale Inventories,-0.4514373795043512,True,-3.142622719085608,1.0128527521654092,-4.155475471251018,Wholesale Inventories,All · surprise only,-2.3056761333222835,7.348993272033287,-0.31374040606304154,-1.0
2019-12-30 15:00:00+00:00,-1.0,-28.809351338647815,1.017579564195235,Pending Home Sales MoM,-0.0531442073475608,True,28.809351338647815,1.017579564195235,27.79177177445258,Pending Home Sales MoM,All · surprise only,-3.73145395643819,11.316591866479703,-0.3297330150688688,-1.0
2019-12-31 14:00:00+00:00,-1.0,-3.875354555358257,1.021486438886932,Case-Shiller 20-City,-0.0682881902438581,True,3.875354555358257,1.021486438886932,2.853868116471325,Case-Shiller 20-City,All · surprise only,-1.2720072615594233,8.805348742326345,-0.14445847618107663,0.0
2020-01-03 15:00:00+00:00,1.0,8.037321558607147,1.0124991271559247,ISM Manufacturing,0.0207532118471872,True,8.037321558607147,1.0124991271559247,7.024822431451222,ISM Manufacturing,All · surprise only,0.6949562057355865,10.439727677431621,0.06656842277964088,0.0
2020-01-07 13:30:00+00:00,-1.0,-13.972337050294216,1.012004466778336,Trade Balance,-0.1595559397292306,True,13.972337050294216,1.012004466778336,12.96033258351588,Trade Balance,All · surprise only,-4.177562346665106,10.023549616150998,-0.41677474613721455,-1.0
2020-01-07 15:00:00+00:00,1.0,5.247599343789489,1.0150507525376269,ISM Services,0.2902789813530346,True,5.247599343789489,1.0150507525376269,4.232548591251861,ISM Services,All · surprise only,-3.927786883475505,27.396669173541927,-0.14336731442042333,0.0
2020-01-10 13:30:00+00:00,-1.0,-1.7266683976124853,1.0010355540214015,Employment Report (NFP),-0.065520798516164,True,1.7266683976124853,1.0010355540214015,0.7256328435910837,Employment Report (NFP),All · surprise only,1.5667021089132618,12.909799878700522,0.12135758289314112,0.0
2020-01-10 15:00:00+00:00,0.0,-2.4185885925831485,1.0017963244438304,Wholesale Inventories+Wholesale Trade Sales MoM,0.6950059133044145,True,-0.0,0.0,-0.0,Wholesale Inventories+Wholesale Trade Sales MoM,All · surprise only,1.2176817976659828,15.789825066393485,0.07711813098282225,0.0
2020-01-14 13:30:00+00:00,1.0,13.162910210482435,1.0046769443963277,CPI,0.8660898068244481,True,13.162910210482435,1.0046769443963277,12.158233266086107,CPI,All · surprise only,0.43016559172385843,6.259108216398808,0.06872633877727635,0.0
2020-01-15 13:30:00+00:00,1.0,-20.0810232629145,1.0032519200166057,Empire Manufacturing,0.1583313998281338,True,-20.0810232629145,1.0032519200166057,-21.084275182931105,Empire Manufacturing,All · surprise only,0.4588212194917647,7.48650378260249,0.06128644729439612,0.0
2020-01-16 13:30:00+00:00,1.0,2.061359817648878,0.9965293288890416,Retail Sales,0.2727480458287097,True,2.061359817648878,0.9965293288890416,1.0648304887598363,Retail Sales,All · surprise only,-1.0164966539703932,14.36980799319988,-0.07073836020992226,0.0
2020-01-29 13:30:00+00:00,-1.0,-4.507237659741037,1.0054432617966231,Wholesale Inventories,-0.3401360904090461,True,4.507237659741037,1.0054432617966231,3.5017943979444137,Wholesale Inventories,All · surprise only,2.228442260178733,6.907019100193646,0.3226344429996228,1.0
2020-02-03 15:00:00+00:00,1.0,13.66383675843963,1.0181511778955867,ISM Manufacturing,0.3955551823144471,True,13.66383675843963,1.0181511778955867,12.645685580544043,ISM Manufacturing,All · surprise only,3.75897578404539,12.171563213910524,0.3088326222345349,1.0
2020-02-05 13:30:00+00:00,1.0,-4.131946894396776,0.9987945582917168,Trade Balance,0.2242922918801791,True,-4.131946894396776,0.9987945582917168,-5.130741452688493,Trade Balance,All · surprise only,3.782620732383562,4.740435164541838,0.7979479944536171,1.0
2020-02-05 15:00:00+00:00,1.0,-33.08066421309874,0.9980726872246696,ISM Services,0.2331662435895157,True,-33.08066421309874,0.9980726872246696,-34.07873690032341,ISM Services,All · surprise only,3.294236930288698,12.317694027667667,0.2674394186841525,1.0
2020-02-06 13:30:00+00:00,-1.0,-11.923215911160412,0.9877047784476004,Unit Labor Costs,-0.2551339804489138,True,11.923215911160412,0.9877047784476004,10.935511132712811,Unit Labor Costs,All · surprise only,-1.7084259726762627,10.665832213188846,-0.16017746562370508,0.0
2020-02-07 13:30:00+00:00,1.0,-28.71109741358069,0.990978676872608,Employment Report (NFP),0.2757701238089594,True,-28.71109741358069,0.990978676872608,-29.702076090453296,Employment Report (NFP),All · surprise only,-4.076264227468674,10.721859193085049,-0.38018259278182076,-1.0
2020-02-07 15:00:00+00:00,-1.0,24.364727826799992,0.9958791208791208,Wholesale Inventories+Wholesale Trade Sales MoM,-0.6049536991472197,True,-24.364727826799992,0.9958791208791208,-25.360606947679113,Wholesale Inventories+Wholesale Trade Sales MoM,All · surprise only,-3.0415691489415932,12.877086859259672,-0.23620009573473194,-1.0
2020-02-13 13:30:00+00:00,-1.0,3.4054146421347298,0.9878730072216922,CPI,-0.313487807128756,True,-3.4054146421347298,0.9878730072216922,-4.393287649356422,CPI,All · surprise only,2.6942925386512147,8.02164943465143,0.3358776222521736,1.0
2020-02-14 13:30:00+00:00,-1.0,-8.832722411469263,0.9841851625602388,Retail Sales,-0.1320605680860598,True,8.832722411469263,0.9841851625602388,7.8485372489090235,Retail Sales,All · surprise only,-0.7630717565323358,12.079077637722236,-0.06317301530948924,0.0
2020-02-18 13:30:00+00:00,1.0,-4.786324877699144,0.991419096783016,Empire Manufacturing,1.004420619205327,True,-4.786324877699144,0.991419096783016,-5.77774397448216,Empire Manufacturing,All · surprise only,1.4078996769415215,7.411206687032201,0.18996902075406985,1.0
2020-02-28 13:30:00+00:00,-1.0,,,Wholesale Inventories,-0.6836569783784273,False,-0.0,0.0,-0.0,Wholesale Inventories,All · surprise only,-1.6755260230753177,9.420778297584791,-0.1778543099252079,0.0
2020-03-02 15:00:00+00:00,-1.0,21.16237024456069,1.1363636363636365,ISM Manufacturing,-0.0046870840831074,True,-21.16237024456069,1.1363636363636365,-22.298733880924328,ISM Manufacturing,All · surprise only,1.290206112619475,23.42827895689203,0.05507046057431068,0.0
2020-03-04 15:00:00+00:00,1.0,56.31688322997874,1.1010288925168,ISM Services,1.4632635374555136,True,56.31688322997874,1.1010288925168,55.21585433746194,ISM Services,All · surprise only,4.3804500166249305,17.95960202279755,0.24390573972989363,1.0
2020-03-05 13:30:00+00:00,1.0,28.43226511158647,1.101196126827416,Unit Labor Costs,0.1728618374002194,True,28.43226511158647,1.101196126827416,27.331068984759057,Unit Labor Costs,All · surprise only,8.509376080925808,23.27561762002293,0.3655918489400508,1.0
2020-03-06 13:30:00+00:00,0.0,5.519199067798297,1.1448874851954205,Employment Report (NFP)+Trade Balance,0.2105670283364228,True,0.0,0.0,0.0,Employment Report (NFP)+Trade Balance,All · surprise only,-1.8467890673290366,5.385716860645341,-0.3429049679206021,-1.0
2020-03-06 15:00:00+00:00,-1.0,90.16133205363984,1.1435331230283912,Wholesale Inventories,-0.456164382027693,True,-90.16133205363984,1.1435331230283912,-91.30486517666823,Wholesale Inventories,All · surprise only,-5.768147374063794,17.09878983119137,-0.3373424336464807,-1.0
2020-03-11 12:30:00+00:00,-1.0,-59.32765757634684,1.199884149116637,CPI,-0.8721423415768248,True,59.32765757634684,1.199884149116637,58.1277734272302,CPI,All · surprise only,-4.427619010933273,6.944875896456693,-0.6375375279480897,-1.0
2020-03-16 12:30:00+00:00,-1.0,,,Empire Manufacturing,-3.110547589800201,False,-0.0,0.0,-0.0,Empire Manufacturing,All · surprise only,-1.9721164479898752,6.529634905822955,-0.3020255307431039,-1.0
2020-03-17 12:30:00+00:00,-1.0,31.0303279290558,1.406060606060606,Retail Sales,-1.454407343214982,True,-31.0303279290558,1.406060606060606,-32.43638853511641,Retail Sales,All · surprise only,1.5818662752842065,6.91333736562557,0.22881369613893673,1.0
2020-03-26 12:30:00+00:00,-1.0,97.10439602717004,1.41030005349414,Wholesale Inventories,-0.6855550636468352,True,-97.10439602717004,1.41030005349414,-98.51469608066418,Wholesale Inventories,All · surprise only,2.151709015090086,17.87295958578095,0.12038907181337243,0.0
2020-04-01 14:00:00+00:00,-1.0,42.18115688097157,1.3754505786378295,ISM Manufacturing,-0.0888018544197422,True,-42.18115688097157,1.3754505786378295,-43.5566074596094,ISM Manufacturing,All · surprise only,-7.019211715371927,27.95025359374222,-0.25113230875813797,-1.0
2020-04-02 12:30:00+00:00,-1.0,-105.69962339802784,1.375385345032013,Trade Balance,-0.0322931461328361,True,105.69962339802784,1.375385345032013,104.32423805299582,Trade Balance,All · surprise only,-1.5700990183987942,7.261409655094234,-0.2162250985657162,-1.0
2020-04-03 12:30:00+00:00,-1.0,44.49079659949007,1.374994073301408,Employment Report (NFP),-0.9910207378555704,True,-44.49079659949007,1.374994073301408,-45.865790672791476,Employment Report (NFP),All · surprise only,4.977841437641699,23.136052611826642,0.2151551745303836,1.0
2020-04-03 14:00:00+00:00,1.0,-78.40954630406571,1.3663776856388994,ISM Services,5.0,True,-78.40954630406571,1.3663776856388994,-79.77592398970461,ISM Services,All · surprise only,2.0037680957597965,26.36491906933952,0.07600129894159367,0.0
2020-04-09 14:00:00+00:00,-1.0,-23.527445522191215,1.2152195776064365,Wholesale Inventories,-0.457441898157632,True,23.527445522191215,1.2152195776064365,22.312225944584778,Wholesale Inventories,All · surprise only,1.31830854937216,14.234523951688638,0.0926134624414868,0.0
2020-04-10 12:30:00+00:00,1.0,,,CPI,1.2932156674136484,False,0.0,0.0,0.0,CPI,All · surprise only,-3.4438851192322295e-09,0.00035298223831171883,-9.756539410322772e-06,0.0
2020-04-15 12:30:00+00:00,0.0,-53.16424801279141,1.2402172518496344,Empire Manufacturing+Retail Sales,-1.3225673738078847,True,-0.0,0.0,-0.0,Empire Manufacturing+Retail Sales,All · surprise only,3.9895081095725073,24.777936417491368,0.16101050718477966,1.0
2020-04-28 12:30:00+00:00,-1.0,10.654865363388666,1.1894995898277276,Wholesale Inventories,-1.4895347273420316,True,-10.654865363388666,1.1894995898277276,-11.844364953216393,Wholesale Inventories,All · surprise only,-7.06189694731221,20.163521389042657,-0.3502313316735347,-1.0
2020-05-01 14:00:00+00:00,1.0,1.2600012616736933,1.2185897974619715,ISM Manufacturing,2.8031352485608907,True,1.2600012616736933,1.2185897974619715,0.041411464211721816,ISM Manufacturing,All · surprise only,15.34427581113686,37.08140340661698,0.4137997594880337,1.0
2020-05-05 12:30:00+00:00,1.0,-4.607233437852187,1.2137954126904402,Trade Balance,0.064850258722308,True,-4.607233437852187,1.2137954126904402,-5.8210288505426275,Trade Balance,All · surprise only,2.3927839238563138,5.149993741337353,0.4646188022812926,1.0
2020-05-05 14:00:00+00:00,1.0,-24.196924613573145,1.2089378022344506,ISM Services,2.000220896486279,True,-24.196924613573145,1.2089378022344506,-25.405862415807597,ISM Services,All · surprise only,1.4258175509386974,8.792355679589154,0.16216559053094662,1.0
2020-05-07 12:30:00+00:00,1.0,-4.614190815743768,1.2167491818410674,Unit Labor Costs,2.3420800129725508,True,-4.614190815743768,1.2167491818410674,-5.830939997584836,Unit Labor Costs,All · surprise only,1.145077580014952,16.42731400278596,0.06970570963827408,0.0
2020-05-08 12:30:00+00:00,1.0,-16.997993354959107,1.2065737466195132,Employment Report (NFP),0.7142857142857143,True,-16.997993354959107,1.2065737466195132,-18.20456710157862,Employment Report (NFP),All · surprise only,6.852340991910847,28.747855727791695,0.23836007307099485,1.0
2020-05-08 14:00:00+00:00,0.0,-10.780778089412024,1.203469311532556,Wholesale Inventories+Wholesale Trade Sales MoM,-1.1237762984102937,True,-0.0,0.0,-0.0,Wholesale Inventories+Wholesale Trade Sales MoM,All · surprise only,-14.414052221377768,48.81422456615676,-0.295283851161924,-1.0
2020-05-12 12:30:00+00:00,1.0,8.664975475607406,1.1973575557390586,CPI,1.654865259542607,True,8.664975475607406,1.1973575557390586,7.467617919868347,CPI,All · surprise only,2.1365404653873976,8.524613606000369,0.2506319422951339,1.0
2020-05-15 12:30:00+00:00,0.0,18.44900233678004,1.243621081521506,Empire Manufacturing+Retail Sales,-1.8552032225609776,True,0.0,0.0,0.0,Empire Manufacturing+Retail Sales,All · surprise only,0.33851426686332475,11.873785634433494,0.02850938001454626,0.0
2020-05-29 12:30:00+00:00,1.0,-14.232064074537476,1.145701643489254,Wholesale Inventories,2.5148660912203837,True,-14.232064074537476,1.145701643489254,-15.37776571802673,Wholesale Inventories,All · surprise only,0.49928888987410946,5.603174298398742,0.08910822032018434,0.0
2020-06-01 14:00:00+00:00,1.0,22.06810479457033,1.1443905133972614,ISM Manufacturing,1.2618393178942018,True,22.06810479457033,1.1443905133972614,20.92371428117307,ISM Manufacturing,All · surprise only,-1.8393795155406951,14.968167337131357,-0.12288608712823298,0.0
2020-06-03 14:00:00+00:00,1.0,27.304033729826926,1.1174475955610357,ISM Services,0.5213888809543974,True,27.304033729826926,1.1174475955610357,26.18658613426589,ISM Services,All · surprise only,-3.6219498322026604,11.364695293988339,-0.318701886720939,-1.0
2020-06-04 12:30:00+00:00,0.5,-20.649313291158933,1.1074197120708749,Trade Balance+Unit Labor Costs,0.6726763672315097,True,-10.324656645579466,0.5537098560354374,-10.878366501614904,Trade Balance+Unit Labor Costs,All · surprise only,3.036058260118652,30.528630930943798,0.09944953859825091,0.0
2020-06-05 12:30:00+00:00,1.0,81.78248244934849,1.091292240535862,Employment Report (NFP),3.2633592957201203,True,81.78248244934849,1.091292240535862,80.69119020881263,Employment Report (NFP),All · surprise only,12.292688318539007,44.32829557080155,0.27731019567185966,1.0
2020-06-09 14:00:00+00:00,-1.0,36.01753314825373,1.0664117084651026,Wholesale Inventories+Wholesale Trade Sales MoM,-2.6127731239913934,True,-36.01753314825373,1.0664117084651026,-37.08394485671884,Wholesale Inventories+Wholesale Trade Sales MoM,All · surprise only,1.202590822677264,17.900181780474913,0.06718316257486397,0.0
2020-06-10 12:30:00+00:00,1.0,0.7323861142971566,1.0622321526684004,CPI,1.4295895341461098,True,0.7323861142971566,1.0622321526684004,-0.3298460383712438,CPI,All · surprise only,4.652052209322489,23.008499942871758,0.20218841823122577,1.0
2020-06-15 12:30:00+00:00,1.0,-7.609893227957798,1.1628839522014596,Empire Manufacturing,3.281339135974473,True,-7.609893227957798,1.1628839522014596,-8.772777180159258,Empire Manufacturing,All · surprise only,1.7468160051099053,7.854762678795928,0.22238940583468758,1.0
2020-06-16 12:30:00+00:00,1.0,74.37492026063808,1.0967400347931322,Retail Sales,5.0,True,74.37492026063808,1.0967400347931322,73.27818022584495,Retail Sales,All · surprise only,1.7256119015968605,7.469623782863928,0.23101724420921824,1.0
2020-06-25 12:30:00+00:00,-1.0,6.760653257043003,1.1521652761223675,Wholesale Inventories,-3.617963925854053,True,-6.760653257043003,1.1521652761223675,-7.912818533165371,Wholesale Inventories,All · surprise only,0.07280350671744518,11.373796337249455,0.006400985612781895,0.0
2020-07-01 14:00:00+00:00,1.0,4.264640380995388,1.12673867433367,ISM Manufacturing,0.0791088164575656,True,4.264640380995388,1.12673867433367,3.137901706661718,ISM Manufacturing,All · surprise only,-1.574600179126846,21.6462489937171,-0.07274240352607415,0.0
2020-07-02 12:30:00+00:00,1.0,26.15184937905468,1.123290854863075,Employment Report (NFP)+Trade Balance,0.3781505682994868,True,26.15184937905468,1.123290854863075,25.028558524191606,Employment Report (NFP)+Trade Balance,All · surprise only,16.08371724522748,37.781477029379275,0.4257037709965815,1.0
2020-07-06 14:00:00+00:00,1.0,-60.6039214413201,1.110345355693391,ISM Services,3.6364068164642505,True,-60.6039214413201,1.110345355693391,-61.71426679701349,ISM Services,All · surprise only,1.1904511636085542,17.568049794282505,0.06776228309621395,0.0
2020-07-09 14:00:00+00:00,0.5,-40.6685689405073,1.121596534653465,Wholesale Inventories+Wholesale Trade Sales MoM,0.2330172427357023,True,-20.33428447025365,0.5607982673267325,-20.89508273758038,Wholesale Inventories+Wholesale Trade Sales MoM,All · surprise only,-3.6509853097814315,18.574984564341282,-0.19655388122315273,-1.0
2020-07-14 12:30:00+00:00,-1.0,-36.54201585257866,1.111579592931887,CPI,-0.7819599103905879,True,36.54201585257866,1.111579592931887,35.43043625964677,CPI,All · surprise only,4.9613570242615515,47.743607588703675,0.10391667649001514,0.0
2020-07-15 12:30:00+00:00,1.0,8.137599857231947,1.073358501739581,Empire Manufacturing,0.7707516561158496,True,8.137599857231947,1.073358501739581,7.064241355492366,Empire Manufacturing,All · surprise only,-4.932912394803924,17.490128910656885,-0.28203979627607306,-1.0
2020-07-16 12:30:00+00:00,1.0,-8.278769194145497,1.0905945620698732,Retail Sales,1.875026811510453,True,-8.278769194145497,1.0905945620698732,-9.36936375621537,Retail Sales,All · surprise only,-0.5827778838342011,6.310248038149287,-0.09235419595409791,0.0
2020-07-29 12:30:00+00:00,-1.0,-5.693139920346368,1.1005692599620494,Wholesale Inventories,-3.276677785167689,True,5.693139920346368,1.1005692599620494,4.592570660384319,Wholesale Inventories,All · surprise only,2.8877831478489195,12.328855104111366,0.2342296282552559,1.0
2020-08-03 14:00:00+00:00,-1.0,0.7547454624479144,1.0962425342103272,ISM Manufacturing,-0.296357751754649,True,-0.7547454624479144,1.0962425342103272,-1.8509879966582417,ISM Manufacturing,All · surprise only,-2.275148343936085,13.896853367465681,-0.16371679860007013,0.0
2020-08-05 12:30:00+00:00,1.0,3.7173339709006825,1.078227245687091,Trade Balance,0.1639483699770445,True,3.7173339709006825,1.078227245687091,2.6391067252135914,Trade Balance,All · surprise only,0.14862982716689585,16.243814677197435,0.00914993368987014,0.0
2020-08-05 14:00:00+00:00,1.0,5.926584608779706,1.0744720266765468,ISM Services,1.5559721000234692,True,5.926584608779706,1.0744720266765468,4.8521125821031585,ISM Services,All · surprise only,-6.126611227774291,38.3359290324801,-0.1598138191090536,0.0
2020-08-07 12:30:00+00:00,-1.0,-11.017261488994734,1.0671180453341182,Employment Report (NFP),-0.5492246572325834,True,11.017261488994734,1.0671180453341182,9.950143443660616,Employment Report (NFP),All · surprise only,3.1556881150764617,16.04315704373872,0.19669994543300037,1.0
2020-08-07 14:00:00+00:00,1.0,-10.296389818975626,1.065902157532988,Wholesale Inventories+Wholesale Trade Sales MoM,1.6243182274460457,True,-10.296389818975626,1.065902157532988,-11.362291976508615,Wholesale Inventories+Wholesale Trade Sales MoM,All · surprise only,1.0551259576916363,14.702784915693071,0.07176368040080922,0.0
2020-08-12 12:30:00+00:00,-1.0,20.44440374231016,1.0410683515221135,CPI,-3.996133963581365,True,-20.44440374231016,1.0410683515221135,-21.485472093832275,CPI,All · surprise only,-2.2052976699465217,8.094456320483586,-0.2724454345829086,-1.0
2020-08-14 12:30:00+00:00,0.5,-4.328223692464661,1.0451957038852446,Retail Sales+Unit Labor Costs,0.0802428632380274,True,-2.1641118462323305,0.5225978519426223,-2.686709698174953,Retail Sales+Unit Labor Costs,All · surprise only,-2.1228151136272944,9.139655735912871,-0.23226423127580384,-1.0
2020-08-17 12:30:00+00:00,-1.0,13.274735109298774,1.0409936104530118,Empire Manufacturing,-1.2104555527416634,True,-13.274735109298774,1.0409936104530118,-14.315728719751785,Empire Manufacturing,All · surprise only,2.076081852341949,15.175515546301444,0.1368047000451282,1.0
2020-08-28 12:30:00+00:00,1.0,-15.386770415766192,1.0131358300726665,Wholesale Inventories,1.5885314771201302,True,-15.386770415766192,1.0131358300726665,-16.399906245838856,Wholesale Inventories,All · surprise only,-2.0211891552384667,9.794494865507893,-0.2063597135934236,-1.0
2020-09-01 14:00:00+00:00,1.0,17.567904451585292,1.0209110751249737,ISM Manufacturing,0.3668217735328734,True,17.567904451585292,1.0209110751249737,16.546993376460318,ISM Manufacturing,All · surprise only,2.4302966903329795,9.989183180248187,0.24329283450707503,1.0
2020-09-03 12:30:00+00:00,1.0,-2.7520726720808852,0.9979009669316266,Trade Balance+Unit Labor Costs,2.3148351627159673,True,-2.7520726720808852,0.9979009669316266,-3.749973639012512,Trade Balance+Unit Labor Costs,All · surprise only,-2.839654798825057,8.195899279318343,-0.3464726324774006,-1.0
2020-09-03 14:00:00+00:00,-1.0,-81.72882018710581,0.9949907362931448,ISM Services,-0.0500250029462718,True,81.72882018710581,0.9949907362931448,80.73382945081266,ISM Services,All · surprise only,7.37775733060197,14.121147195990378,0.5224616122333774,1.0
2020-09-04 12:30:00+00:00,-1.0,31.28902691535984,1.0207314068494595,Employment Report (NFP),-0.5016270518172774,True,-31.28902691535984,1.0207314068494595,-32.3097583222093,Employment Report (NFP),All · surprise only,-0.6575290405303729,6.503353234638072,-0.10110615505678679,0.0
2020-09-10 14:00:00+00:00,-1.0,-28.160497694305064,1.03291067103576,Wholesale Inventories,-0.4221794026410042,True,28.160497694305064,1.03291067103576,27.127587023269303,Wholesale Inventories,All · surprise only,-10.599804209992634,31.103215651804785,-0.3407944801803017,-1.0
2020-09-11 12:30:00+00:00,-1.0,-12.660747951773743,1.0484075051516577,CPI,-1.3558031003421431,True,12.660747951773743,1.0484075051516577,11.612340446622085,CPI,All · surprise only,-1.427661703258727,5.7869057064267295,-0.2467055410412541,-1.0
2020-09-15 12:30:00+00:00,1.0,16.314953078016003,1.0296101682880068,Empire Manufacturing,1.0813133915123598,True,16.314953078016003,1.0296101682880068,15.285342909727996,Empire Manufacturing,All · surprise only,0.8726346338951251,10.074800833033224,0.08661557169784771,0.0
2020-09-16 12:30:00+00:00,-1.0,-8.171241239818272,1.0296832836244851,Retail Sales,-0.2807807688610645,True,8.171241239818272,1.0296832836244851,7.141557956193787,Retail Sales,All · surprise only,0.49393379550420763,12.287306296460864,0.040198704548162545,0.0
2020-09-29 12:30:00+00:00,1.0,0.7282260416907604,1.0562739027499546,Wholesale Inventories,1.163368098143154,True,0.7282260416907604,1.0562739027499546,-0.32804786105919415,Wholesale Inventories,All · surprise only,-0.12099024545524026,11.948795144204864,-0.010125727656643291,0.0
2020-10-01 14:00:00+00:00,1.0,5.052510122283138,1.0454217736121123,ISM Manufacturing,0.296926032243375,True,5.052510122283138,1.0454217736121123,4.007088348671026,ISM Manufacturing,All · surprise only,1.5817280892688226,23.737010471021218,0.06663552224488585,0.0
2020-10-02 12:30:00+00:00,1.0,-17.22463915134753,1.0603678379465429,Employment Report (NFP),0.1309679333818734,True,-17.22463915134753,1.0603678379465429,-18.285006989294075,Employment Report (NFP),All · surprise only,-0.26924329215854614,11.816254999983313,-0.022785839689387744,0.0
2020-10-05 14:00:00+00:00,1.0,28.033370860249818,1.0444052292289407,ISM Services,0.8033496541843892,True,28.033370860249818,1.0444052292289407,26.98896563102088,ISM Services,All · surprise only,-1.5289103850395613,17.881418074008135,-0.08550274808808017,0.0
2020-10-06 12:30:00+00:00,1.0,7.82055423599104,1.0312211080293008,Trade Balance,0.2935368519307854,True,7.82055423599104,1.0312211080293008,6.789333127961739,Trade Balance,All · surprise only,3.9672129324078753,6.22698171670366,0.6371004626151328,1.0
2020-10-09 14:00:00+00:00,-1.0,-15.867701984131344,1.021486438886932,Wholesale Inventories,-0.2114658581555675,True,15.867701984131344,1.021486438886932,14.846215545244412,Wholesale Inventories,All · surprise only,2.5082213996365,14.327469207650331,0.17506381366342103,1.0
2020-10-13 12:30:00+00:00,1.0,-1.7446830827339,1.011969152388596,CPI,0.0984578301877035,True,-1.7446830827339,1.011969152388596,-2.756652235122496,CPI,All · surprise only,14.813792991362712,39.03600399210535,0.37949050815648694,1.0
2020-10-15 12:30:00+00:00,-1.0,-2.493543516344232,1.0315512396400242,Empire Manufacturing,-0.3739885898393377,True,2.493543516344232,1.0315512396400242,1.461992276704208,Empire Manufacturing,All · surprise only,-3.8570219830635084,15.28102483311657,-0.25240597572387213,-1.0
2020-10-16 12:30:00+00:00,1.0,9.473518716980324,1.018830803822372,Retail Sales,0.9863107475674128,True,9.473518716980324,1.018830803822372,8.454687913157953,Retail Sales,All · surprise only,9.08030229181644,21.23575840541206,0.4275949141285329,1.0
2020-10-28 12:30:00+00:00,-1.0,-47.00273509602226,1.0791500762847468,Wholesale Inventories,-1.0600125233618949,True,47.00273509602226,1.0791500762847468,45.923585019737516,Wholesale Inventories,All · surprise only,-3.7728514310962864,17.868268214583335,-0.21114813062952809,-1.0
2020-11-02 15:00:00+00:00,1.0,25.31458428769895,1.0835450605290688,ISM Manufacturing,0.713259446371875,True,25.31458428769895,1.0835450605290688,24.23103922716988,ISM Manufacturing,All · surprise only,-18.05675360322688,56.17762028541533,-0.3214225435589468,-1.0
2020-11-04 13:30:00+00:00,0.0,-20.70506923963933,1.0512197774313987,Trade Balance,0.0,True,-0.0,0.0,-0.0,Trade Balance,All · surprise only,2.709082056321319,13.107213595993947,0.20668634385795892,1.0
2020-11-04 15:00:00+00:00,-1.0,48.52546320373463,1.044819138204352,ISM Services,-0.4530035691642165,True,-48.52546320373463,1.044819138204352,-49.570282341938984,ISM Services,All · surprise only,-6.399626513282229,25.02817659530739,-0.2556968738378694,-1.0
2020-11-05 13:30:00+00:00,-1.0,1.423639536888288,1.0323591185789045,Unit Labor Costs,-1.2880771122265486,True,-1.423639536888288,1.0323591185789045,-2.4559986554671926,Unit Labor Costs,All · surprise only,0.12172614617118518,30.19276945411256,0.004031632353440994,0.0
2020-11-06 13:30:00+00:00,1.0,48.160438708304554,1.031844867461306,Employment Report (NFP),0.0114085489231468,True,48.160438708304554,1.031844867461306,47.128593840843244,Employment Report (NFP),All · surprise only,6.473668993562155,21.79877326980321,0.2969740046119851,1.0
2020-11-06 15:00:00+00:00,0.0,21.99284345726582,1.0307079897640037,Wholesale Inventories+Wholesale Trade Sales MoM,0.2877853761355006,True,0.0,0.0,0.0,Wholesale Inventories+Wholesale Trade Sales MoM,All · surprise only,-5.193648721844453,12.461072461256228,-0.4167898660402196,-1.0
2020-11-12 13:30:00+00:00,1.0,23.371723991569837,0.9975233902036325,CPI,1.133771684728648,True,23.371723991569837,0.9975233902036325,22.374200601366205,CPI,All · surprise only,-4.4214824916428315,15.57302308334679,-0.2839193435968768,-1.0
2020-11-16 13:30:00+00:00,-1.0,-12.719241238130508,0.9699645461234864,Empire Manufacturing,-0.7721790076701166,True,12.719241238130508,0.9699645461234864,11.74927669200702,Empire Manufacturing,All · surprise only,1.0862551638623563,13.857165866727094,0.07838941774310432,0.0
2020-11-17 13:30:00+00:00,-1.0,-7.763058359664399,0.9781435509983808,Retail Sales,-0.3132798024650201,True,7.763058359664399,0.9781435509983808,6.784914808666018,Retail Sales,All · surprise only,-1.1797296121469785,12.863325787362855,-0.09171264349892812,0.0
2020-11-25 13:30:00+00:00,1.0,-3.673707981537433,0.9686038744154976,Wholesale Inventories,1.059192869154276,True,-3.673707981537433,0.9686038744154976,-4.64231185595293,Wholesale Inventories,All · surprise only,-0.013423886166124332,8.568324174878173,-0.0015666874749536654,0.0
2020-12-01 15:00:00+00:00,1.0,21.67570669428187,0.9679895857672152,ISM Manufacturing,0.0854166451469887,True,21.67570669428187,0.9679895857672152,20.707717108514657,ISM Manufacturing,All · surprise only,6.1403830194293905,13.455823375167984,0.45633647590537973,1.0
2020-12-03 15:00:00+00:00,1.0,6.005805792614893,0.9686362269948896,ISM Services,0.0504448970387398,True,6.005805792614893,0.9686362269948896,5.037169565620004,ISM Services,All · surprise only,-6.32437596143694,36.96228866472239,-0.17110347302365672,0.0
2020-12-04 13:30:00+00:00,-1.0,-2.663027211902147,0.9647692870687647,Employment Report (NFP)+Trade Balance,-0.381605804821828,True,2.663027211902147,0.9647692870687647,1.6982579248333822,Employment Report (NFP)+Trade Balance,All · surprise only,-3.3029127223503094,14.102694893649875,-0.23420436641776432,-1.0
2020-12-08 13:30:00+00:00,-1.0,-5.338494004210048,0.967117988394584,Unit Labor Costs,-1.1480377362460092,True,5.338494004210048,0.967117988394584,4.371376015815464,Unit Labor Costs,All · surprise only,1.2293445409832895,11.062213925155422,0.11113006395471758,0.0
2020-12-09 15:00:00+00:00,1.0,-10.597782081482876,0.9596293845135672,Wholesale Inventories,0.423818775781096,True,-10.597782081482876,0.9596293845135672,-11.557411465996443,Wholesale Inventories,All · surprise only,3.985462613983668,20.332142353001636,0.19601783937909986,1.0
2020-12-10 13:30:00+00:00,-1.0,-34.00116612777282,0.9650261222588268,CPI,-1.0027173158855538,True,34.00116612777282,0.9650261222588268,33.03614000551399,CPI,All · surprise only,2.322491115577132,7.360834828366964,0.3155200693577291,1.0
2020-12-15 13:30:00+00:00,-1.0,-1.9980020046617144,0.9656366542354822,Empire Manufacturing,-0.145120139788289,True,1.9980020046617144,0.9656366542354822,1.0323653504262322,Empire Manufacturing,All · surprise only,-4.625976390432574,22.370625107834233,-0.20678798058318668,-1.0
2020-12-16 13:30:00+00:00,-1.0,-8.270614978105328,0.9584558945037512,Retail Sales,-0.7689728679940302,True,8.270614978105328,0.9584558945037512,7.3121590836015775,Retail Sales,All · surprise only,6.2261775205519605,11.787975592669735,0.5281803878541844,1.0
2020-12-30 13:30:00+00:00,-1.0,-10.232205932929617,0.9567483751773284,Wholesale Inventories,-1.4871310221860072,True,10.232205932929617,0.9567483751773284,9.275457557752288,Wholesale Inventories,All · surprise only,2.4632782479280446,12.627934666899279,0.1950658055259712,1.0
2021-01-04 15:00:00+00:00,-1.0,-51.78197226628711,0.954072904329517,ISM Manufacturing,-0.0900778194989784,True,51.78197226628711,0.954072904329517,50.8278993619576,ISM Manufacturing,All · surprise only,-1.327579047368897,17.007713408067126,-0.07805746813320583,0.0
2021-01-05 15:00:00+00:00,1.0,-30.469653301086197,0.9603603006921216,ISM Manufacturing,2.4155231030244364,True,-30.469653301086197,0.9603603006921216,-31.43001360177832,ISM Manufacturing,All · surprise only,0.8107480757117018,23.430526334065394,0.0346022135462217,0.0
2021-01-07 13:30:00+00:00,1.0,-8.758982571634988,0.9405812143227814,Trade Balance,0.2635492959073827,True,-8.758982571634988,0.9405812143227814,-9.69956378595777,Trade Balance,All · surprise only,-2.393271876416568,12.858238540937188,-0.18612750640743142,-1.0
2021-01-07 15:00:00+00:00,1.0,36.83364422879976,0.9385113268608416,ISM Services,1.367125704490848,True,36.83364422879976,0.9385113268608416,35.89513290193892,ISM Services,All · surprise only,5.277274322265712,26.278119999045128,0.20082389160478273,1.0
2021-01-08 13:30:00+00:00,-1.0,1.936295872049243,0.9349711448560466,Employment Report (NFP),-0.5060290613892353,True,-1.936295872049243,0.9349711448560466,-2.8712670169052896,Employment Report (NFP),All · surprise only,-5.726316072653535,20.412832070441326,-0.2805253113773219,-1.0
2021-01-12 15:00:00+00:00,-1.0,16.81868563867539,0.9382987672695506,JOLTS,-0.3181384779314583,True,-16.81868563867539,0.9382987672695506,-17.75698440594494,JOLTS,All · surprise only,-11.072129344169053,48.82040963342479,-0.22679304469802203,-1.0
2021-01-13 13:30:00+00:00,-1.0,0.9697596619773208,0.9378436064937584,CPI,-0.1379258705550614,True,-0.9697596619773208,0.9378436064937584,-1.907603268471079,CPI,All · surprise only,9.583097469695428,21.02597992916771,0.4557741185894285,1.0
2021-01-15 13:30:00+00:00,-1.0,-13.008131915572818,0.9425377015080604,PPI+Retail Sales,-0.6955791139535827,True,13.008131915572818,0.9425377015080604,12.065594214064758,PPI+Retail Sales,All · surprise only,1.5856516446400823,8.603665172756918,0.18429955289996294,1.0
2021-01-28 13:30:00+00:00,1.0,60.74430219529248,0.9603284985760646,GDP,0.92389157098814,True,60.74430219529248,0.9603284985760646,59.78397369671641,GDP,All · surprise only,-4.379106523187522,15.142883452184927,-0.28918577739932827,-1.0
2021-02-01 15:00:00+00:00,1.0,-11.348465837457413,0.9666988899629988,ISM Manufacturing,0.2335430042915381,True,-11.348465837457413,0.9666988899629988,-12.315164727420411,ISM Manufacturing,All · surprise only,2.8078731008872215,16.059942216811336,0.17483706124097861,1.0
2021-02-03 15:00:00+00:00,1.0,-39.663730231946914,0.9485183489239224,ISM Services,1.0113251796339238,True,-39.663730231946914,0.9485183489239224,-40.61224858087083,ISM Services,All · surprise only,-6.970475600027405,17.96953785466161,-0.38790511232981667,-1.0
2021-02-05 13:30:00+00:00,1.0,0.3217762046858752,0.932745810684764,Employment Report (NFP)+Trade Balance,0.3206940650826022,True,0.3217762046858752,0.932745810684764,-0.6109696059988888,Employment Report (NFP)+Trade Balance,All · surprise only,2.2796913565099137,8.73641225206464,0.2609413670893522,1.0
2021-02-09 15:00:00+00:00,-1.0,5.446535977657874,0.9298149988778096,JOLTS,-1.0211883847669092,True,-5.446535977657874,0.9298149988778096,-6.376350976535683,JOLTS,All · surprise only,-1.0660951043733544,20.517186773060644,-0.051961076153634884,0.0
2021-02-10 13:30:00+00:00,1.0,13.697977708488908,0.9247448979591836,CPI,1.288137979686124,True,13.697977708488908,0.9247448979591836,12.773232810529725,CPI,All · surprise only,-0.4055186893696969,8.670024850993006,-0.0467724944667548,0.0
2021-02-17 13:30:00+00:00,0.0,-17.81624294121542,0.9218640727318964,PPI+Retail Sales,1.021989622888536,True,-0.0,0.0,-0.0,PPI+Retail Sales,All · surprise only,7.222899488185326,26.405792040663396,0.2735346653136735,1.0
2021-02-25 13:30:00+00:00,1.0,10.342072783533496,0.9093759799310128,GDP,0.0338883419510687,True,10.342072783533496,0.9093759799310128,9.432696803602482,GDP,All · surprise only,-7.91380390086264,14.168031409481202,-0.5585676423308003,-1.0
2021-03-01 15:00:00+00:00,1.0,30.80687809568161,0.9221278895990332,ISM Manufacturing,1.0794239590770696,True,30.80687809568161,0.9221278895990332,29.88475020608258,ISM Manufacturing,All · surprise only,7.302954508258387,9.68689395184293,0.7539005324683049,1.0
2021-03-03 15:00:00+00:00,-1.0,8.606263978485629,0.9245974812689304,ISM Services,-1.7215708290436416,True,-8.606263978485629,0.9245974812689304,-9.53086145975456,ISM Services,All · surprise only,3.611452250696459,42.16154850585032,0.08565748599568954,0.0
2021-03-05 13:30:00+00:00,0.0,69.36742393667927,0.9363900548918308,Employment Report (NFP)+Trade Balance,-0.0324545327698142,True,0.0,0.0,0.0,Employment Report (NFP)+Trade Balance,All · surprise only,1.9880935648684583,14.360705973487947,0.1384398210323909,0.0
2021-03-10 13:30:00+00:00,1.0,12.19645828482996,0.9085782317187794,CPI,0.4696093137644077,True,12.19645828482996,0.9085782317187794,11.28788005311118,CPI,All · surprise only,4.622292982286412,24.646380117636653,0.18754449782176144,1.0
2021-03-11 15:00:00+00:00,-1.0,-0.9230059232834265,0.892472456453499,JOLTS,-0.9024757408176772,True,0.9230059232834265,0.892472456453499,0.030533466829927414,JOLTS,All · surprise only,-4.013761436847521,25.570401539512453,-0.15696904214215368,0.0
2021-03-12 13:30:00+00:00,-1.0,-12.90917652763568,0.890937019969278,PPI,-0.069215660612978,True,12.90917652763568,0.890937019969278,12.0182395076664,PPI,All · surprise only,7.568691791653922,22.124482210756828,0.34209577062888535,1.0
2021-03-16 12:30:00+00:00,-1.0,-7.891222941971421,0.8802015357999211,Retail Sales,-2.326259970568737,True,7.891222941971421,0.8802015357999211,7.0110214061714995,Retail Sales,All · surprise only,4.705448602414546,23.48587756355874,0.20035225806148435,1.0
2021-03-25 12:30:00+00:00,-1.0,-12.11688278365486,0.9010408575423332,GDP,-0.2023839788957458,True,12.11688278365486,0.9010408575423332,11.215841926112528,GDP,All · surprise only,5.117135254229614,11.61574009128607,0.44053458617487495,1.0
2021-04-01 14:00:00+00:00,1.0,7.899854567376963,0.8820487864225318,ISM Manufacturing,0.7017066736259269,True,7.899854567376963,0.8820487864225318,7.017805780954431,ISM Manufacturing,All · surprise only,11.600964905397701,44.71454643331591,0.2594449867158678,1.0
2021-04-02 12:30:00+00:00,1.0,,,Employment Report (NFP),0.5004287026007675,False,0.0,0.0,0.0,Employment Report (NFP),All · surprise only,-1.368426339628515e-09,0.00037025053597584273,-3.695946951222777e-06,0.0
2021-04-05 14:00:00+00:00,1.0,18.29716904429901,0.8701392222755641,ISM Services,2.356061001276855,True,18.29716904429901,0.8701392222755641,17.427029822023446,ISM Services,All · surprise only,1.5179218768347091,23.29551240109272,0.06515941142224063,0.0
2021-04-06 14:00:00+00:00,-1.0,0.0,0.868367469157983,JOLTS,-1.9473912117295336,True,-0.0,0.868367469157983,-0.868367469157983,JOLTS,All · surprise only,3.965816950079692,20.12217079646069,0.19708693411832304,1.0
2021-04-07 12:30:00+00:00,1.0,-6.611769189603933,0.8712633318311551,Trade Balance,0.1997691979585386,True,-6.611769189603933,0.8712633318311551,-7.483032521435089,Trade Balance,All · surprise only,-4.144756783990569,12.365108235966249,-0.3351977762665079,-1.0
2021-04-09 12:30:00+00:00,-1.0,-9.867979210813616,0.8666547128085589,PPI,-1.0604732421740208,True,9.867979210813616,0.8666547128085589,9.001324498005056,PPI,All · surprise only,0.08750173913559967,11.573631638332754,0.007560439270054804,0.0
2021-04-13 12:30:00+00:00,-1.0,15.799910872313916,0.86536166149439,CPI,-0.9993076866861766,True,-15.799910872313916,0.86536166149439,-16.665272533808306,CPI,All · surprise only,5.034763964036931,25.628532470185696,0.19645151238737513,1.0
2021-04-15 12:30:00+00:00,1.0,-6.214396885653173,0.8581658923445683,Retail Sales,1.9770806014857172,True,-6.214396885653173,0.8581658923445683,-7.072562777997741,Retail Sales,All · surprise only,1.853655942265877,9.21691408439059,0.20111459489517833,1.0
2021-04-29 12:30:00+00:00,-1.0,2.0654146393361827,0.8559874848726349,GDP,-1.23637120910591,True,-2.0654146393361827,0.8559874848726349,-2.9214021242088175,GDP,All · surprise only,9.399590392759643,19.99116039200876,0.4701873332233893,1.0
2021-05-03 14:00:00+00:00,-1.0,-5.873025364078188,0.8506643982282714,ISM Manufacturing,-0.9598333764214058,True,5.873025364078188,0.8506643982282714,5.022360965849916,ISM Manufacturing,All · surprise only,6.24355843053097,14.14458269610593,0.44140987151567584,1.0
2021-05-04 12:30:00+00:00,0.0,-1.4763416281304842,0.8566702115089212,Trade Balance,0.0,True,-0.0,0.0,-0.0,Trade Balance,All · surprise only,-10.277182106550283,19.825200462016923,-0.518389820382413,-1.0
2021-05-05 14:00:00+00:00,-1.0,-20.578558532111657,0.8515886533153227,ISM Services,-0.6925628326738643,True,20.578558532111657,0.8515886533153227,19.726969878796336,ISM Services,All · surprise only,-2.088343820882731,16.03998129312998,-0.1301961506511969,0.0
2021-05-07 12:30:00+00:00,-1.0,-25.24191495906436,0.8392660762863923,Employment Report (NFP),-0.7089676985876704,True,25.24191495906436,0.8392660762863923,24.402648882777967,Employment Report (NFP),All · surprise only,3.7803908813852587,13.495319746165729,0.28012606981463617,1.0
2021-05-11 14:00:00+00:00,-1.0,-72.9440400623993,0.8433174363149936,JOLTS,-2.576269168488608,True,72.9440400623993,0.8433174363149936,72.1007226260843,JOLTS,All · surprise only,-8.856298254666035,50.34059001365342,-0.1759275815453101,0.0
2021-05-12 12:30:00+00:00,-1.0,34.09261200770786,0.8511387649683024,CPI,-5.0,True,-34.09261200770786,0.8511387649683024,-34.94375077267616,CPI,All · surprise only,-4.195190509416321,27.239836426577636,-0.1540093869771962,0.0
2021-05-13 12:30:00+00:00,-1.0,11.347688379874654,0.8660335662664993,PPI,-0.8302527767355794,True,-11.347688379874654,0.8660335662664993,-12.213721946141153,PPI,All · surprise only,2.0634246031751853,11.738183258688387,0.1757873904079557,1.0
2021-05-14 12:30:00+00:00,-1.0,0.2934659799791461,0.8506643982282714,Retail Sales,-0.9672108239926273,True,-0.2934659799791461,0.8506643982282714,-1.1441303782074175,Retail Sales,All · surprise only,-11.030035980246758,31.59580034232772,-0.3490981668684059,-1.0
2021-05-27 12:30:00+00:00,1.0,18.894530569202317,0.8439800937108931,GDP,0.1407265703459278,True,18.894530569202317,0.8439800937108931,18.050550475491423,GDP,All · surprise only,1.5064217640659656,16.44468476223669,0.09160539018207806,0.0
2021-06-01 14:00:00+00:00,-1.0,-16.745586543880364,0.8366510876464139,ISM Manufacturing,-0.16436168117448,True,16.745586543880364,0.8366510876464139,15.90893545623395,ISM Manufacturing,All · surprise only,-13.493457789706694,22.329616915931098,-0.6042852342925672,-1.0
2021-06-03 14:00:00+00:00,1.0,11.618113944447115,0.8431458060764645,ISM Services,0.4207804931419375,True,11.618113944447115,0.8431458060764645,10.774968138370651,ISM Services,All · surprise only,9.31212884430468,85.83316090127852,0.10849103943655386,0.0
2021-06-04 12:30:00+00:00,-1.0,15.593419272867948,0.8395819460930488,Employment Report (NFP),-0.2310781870635939,True,-15.593419272867948,0.8395819460930488,-16.433001218960996,Employment Report (NFP),All · surprise only,9.679051930816978,23.6773423372905,0.40878962651027806,1.0
2021-06-08 12:30:00+00:00,1.0,-3.46600430944477,0.837472565553887,Trade Balance,0.0838456269548831,True,-3.46600430944477,0.837472565553887,-4.303476874998657,Trade Balance,All · surprise only,-0.09706470560402125,8.3525892340151,-0.01162091213688981,0.0
2021-06-08 14:00:00+00:00,-1.0,5.500789067642842,0.8397278123642682,JOLTS,-4.405984045331288,True,-5.500789067642842,0.8397278123642682,-6.34051688000711,JOLTS,All · surprise only,15.054237835503743,62.5560773502907,0.24065188344859967,1.0
2021-06-10 12:30:00+00:00,-1.0,42.891157158262416,0.8407990490272825,CPI,-2.161322880787721,True,-42.891157158262416,0.8407990490272825,-43.7319562072897,CPI,All · surprise only,-2.1694832475959984,22.669983827026943,-0.09569849119210931,0.0
2021-06-15 12:30:00+00:00,-1.0,3.4907060307354243,0.8435872821944905,PPI+Retail Sales,-0.6834304107887602,True,-3.4907060307354243,0.8435872821944905,-4.334293312929915,PPI+Retail Sales,All · surprise only,-0.4196872841214361,11.901578275667072,-0.03526316211182613,0.0
2021-06-24 12:30:00+00:00,0.0,-7.369957440452879,0.8547512379155859,GDP,0.0,True,-0.0,0.0,-0.0,GDP,All · surprise only,-1.1307250883950792,15.309274640692054,-0.0738588283856122,0.0
2021-07-01 14:00:00+00:00,1.0,0.0,0.8411648683141896,ISM Manufacturing,0.1067633581298379,True,0.0,0.8411648683141896,-0.8411648683141896,ISM Manufacturing,All · surprise only,-0.5233276165555963,22.9926123056704,-0.022760685458369345,0.0
2021-07-02 12:30:00+00:00,-1.0,9.834548981935145,0.8402874362540566,Employment Report (NFP)+Trade Balance,-0.1780729192107524,True,-9.834548981935145,0.8402874362540566,-10.674836418189201,Employment Report (NFP)+Trade Balance,All · surprise only,29.982251470659655,50.92986053664207,0.5886969089398661,1.0
2021-07-06 14:00:00+00:00,-1.0,-28.128598053260845,0.8394847300622377,ISM Services,-1.689007885678819,True,28.128598053260845,0.8394847300622377,27.289113323198606,ISM Services,All · surprise only,-4.814622165155649,23.199053897049453,-0.2075352808145332,-1.0
2021-07-07 14:00:00+00:00,1.0,-27.88024923319199,0.8412380703739158,JOLTS,0.4402456017540864,True,-27.88024923319199,0.8412380703739158,-28.721487303565905,JOLTS,All · surprise only,7.490969534274236,23.095267342153363,0.3243508474397158,1.0
2021-07-13 12:30:00+00:00,-1.0,-11.2154382181906,0.8323287985764307,CPI,-4.096583947692579,True,11.2154382181906,0.8323287985764307,10.38310941961417,CPI,All · surprise only,-6.964296570664102,33.2405828656041,-0.20951186682922013,-1.0
2021-07-14 12:30:00+00:00,-1.0,13.487339730176018,0.8336687173000632,PPI,-0.6879992737588922,True,-13.487339730176018,0.8336687173000632,-14.321008447476082,PPI,All · surprise only,16.48603858518577,30.395289528372384,0.5423879436909765,1.0
2021-07-16 12:30:00+00:00,1.0,1.1452457996341536,0.8306361527224816,Retail Sales,0.6405548929336561,True,1.1452457996341536,0.8306361527224816,0.31460964691167204,Retail Sales,All · surprise only,-1.4079278377906108,12.705386967448122,-0.11081345585126977,0.0
2021-07-29 12:30:00+00:00,1.0,8.294839083777816,0.8294719981694411,GDP,0.1221303058056106,True,8.294839083777816,0.8294719981694411,7.465367085608375,GDP,All · surprise only,0.8658745773040406,25.25280929520494,0.03428824758394128,0.0
2021-08-02 14:00:00+00:00,-1.0,3.142902067327924,0.8284057474219442,ISM Manufacturing,-0.6086009376906233,True,-3.142902067327924,0.8284057474219442,-3.971307814749868,ISM Manufacturing,All · surprise only,-4.886174098974365,24.685328533679485,-0.1979383864512033,-1.0
2021-08-04 14:00:00+00:00,1.0,-10.6222646892995,0.8324243642000114,ISM Services,1.796580882777009,True,-10.6222646892995,0.8324243642000114,-11.454689053499512,ISM Services,All · surprise only,1.7518154780300024,15.748896302998439,0.11123417440347699,0.0
2021-08-05 12:30:00+00:00,1.0,-5.755064615566852,0.83422029168944,Trade Balance,0.5236379038162516,True,-5.755064615566852,0.83422029168944,-6.589284907256292,Trade Balance,All · surprise only,1.8918710272327313,10.160745432736444,0.1861941173270022,1.0
2021-08-06 12:30:00+00:00,1.0,0.2854573740940225,0.8297805373544307,Employment Report (NFP),0.1588482546896125,True,0.2854573740940225,0.8297805373544307,-0.5443231632604082,Employment Report (NFP),All · surprise only,12.14698355455258,22.420246005035956,0.541786363620817,1.0
2021-08-09 14:00:00+00:00,-1.0,-6.862829470684062,0.8289977702818592,JOLTS,-3.053810074860797,True,6.862829470684062,0.8289977702818592,6.033831700402203,JOLTS,All · surprise only,8.619062577943334,31.44132980842758,0.2741316169023191,1.0
2021-08-11 12:30:00+00:00,1.0,6.817988389435925,0.8247305406250889,CPI,0.1684786406014942,True,6.817988389435925,0.8247305406250889,5.993257848810837,CPI,All · surprise only,21.388039989164213,41.61722356209703,0.5139227982676724,1.0
2021-08-12 12:30:00+00:00,-1.0,0.565019634581887,0.8195794709473209,PPI,-0.946188387587959,True,-0.565019634581887,0.8195794709473209,-1.3845991055292077,PPI,All · surprise only,1.1055118287205348,29.678454409698123,0.03724964290456053,0.0
2021-08-17 12:30:00+00:00,-1.0,10.469871780838249,0.8209715773978031,Retail Sales,-0.5855245724150736,True,-10.469871780838249,0.8209715773978031,-11.290843358236051,Retail Sales,All · surprise only,5.274223170750819,27.469727118403604,0.19200129466219937,1.0
2021-08-26 12:30:00+00:00,1.0,-1.6952504773293242,0.8191396209360788,GDP,0.127742889213022,True,-1.6952504773293242,0.8191396209360788,-2.514390098265403,GDP,All · surprise only,3.1034055792104702,23.591335376870912,0.13154853379995893,0.0
2021-09-01 14:00:00+00:00,-1.0,-5.098139289607673,0.821622846781505,ISM Manufacturing,-0.0509947575904686,True,5.098139289607673,0.821622846781505,4.276516442826168,ISM Manufacturing,All · surprise only,3.997801439578936,19.25207102401441,0.2076556560897894,1.0
2021-09-02 12:30:00+00:00,-1.0,11.0255152875105,0.8204141677039719,Trade Balance,-0.2709942544124359,True,-11.0255152875105,0.8204141677039719,-11.84592945521447,Trade Balance,All · surprise only,2.5516532378879297,13.285987063503999,0.19205597790300466,1.0
2021-09-03 12:30:00+00:00,-1.0,7.05825916172742,0.8176384346453142,Employment Report (NFP),-0.4613882754079159,True,-7.05825916172742,0.8176384346453142,-7.8758975963727345,Employment Report (NFP),All · surprise only,9.908332663627991,24.391134056514282,0.4062268134261562,1.0
2021-09-03 14:00:00+00:00,1.0,24.63160034169576,0.8218091135796871,ISM Services,0.0489473110129649,True,24.63160034169576,0.8218091135796871,23.809791228116072,ISM Services,All · surprise only,10.92832412212319,34.236463666986424,0.31920131204033103,1.0
2021-09-08 14:00:00+00:00,-1.0,-29.063989685358393,0.8259049354939766,JOLTS,-3.2721174906357176,True,29.063989685358393,0.8259049354939766,28.238084749864417,JOLTS,All · surprise only,-6.077245660386782,23.809029847845547,-0.2552496132443929,-1.0
2021-09-10 12:30:00+00:00,1.0,1.9978024239897252,0.8281691749721564,PPI,0.1954043895388476,True,1.9978024239897252,0.8281691749721564,1.169633249017569,PPI,All · surprise only,9.966071514603577,43.61652261930924,0.22849303236731558,1.0
2021-09-14 12:30:00+00:00,1.0,1.1441974897330454,0.8321377331420373,CPI,1.0799284758122711,True,1.1441974897330454,0.8321377331420373,0.31205975659100804,CPI,All · surprise only,5.530399262733377,16.728312308468144,0.330601148564987,1.0
2021-09-16 12:30:00+00:00,1.0,,,Retail Sales,1.5672071054552583,False,0.0,0.0,0.0,Retail Sales,All · surprise only,-1.4842553191923024e-09,0.00042943836674866543,-3.456270874048342e-06,0.0
2021-09-30 12:30:00+00:00,-1.0,-6.980600033319462,0.8434646035716362,GDP,-0.1032129502898795,True,6.980600033319462,0.8434646035716362,6.1371354297478256,GDP,All · surprise only,4.762598587577129,13.79464700627884,0.3452497614045043,1.0
2021-10-01 14:00:00+00:00,1.0,-59.75288440460247,0.8568220764639839,ISM Manufacturing,0.3998980415989841,True,-59.75288440460247,0.8568220764639839,-60.60970648106645,ISM Manufacturing,All · surprise only,7.0866133610552975,44.52876911143962,0.159146850507366,1.0
2021-10-05 12:30:00+00:00,1.0,9.404850068683857,0.8525650448331618,Trade Balance,0.8666285064246295,True,9.404850068683857,0.8525650448331618,8.552285023850695,Trade Balance,All · surprise only,-2.153487944807103,6.487408480836491,-0.3319488746806076,-1.0
2021-10-05 14:00:00+00:00,1.0,56.7452090117726,0.8519388954171562,ISM Services,0.9823803319833486,True,56.7452090117726,0.8519388954171562,55.893270116355446,ISM Services,All · surprise only,1.5264228060138711,24.755383444012498,0.06166023683155924,0.0
2021-10-08 12:30:00+00:00,1.0,5.196004966503409,0.8358312197371455,Employment Report (NFP),0.0737649946512602,True,5.196004966503409,0.8358312197371455,4.360173746766264,Employment Report (NFP),All · surprise only,2.244180454284255,9.584085764096674,0.2341569670308324,1.0
2021-10-12 14:00:00+00:00,1.0,-10.764107109402232,0.8442503639010189,JOLTS,1.842855664506987,True,-10.764107109402232,0.8442503639010189,-11.60835747330325,JOLTS,All · surprise only,5.325812617100968,34.08123410191205,0.15626818562894043,1.0
2021-10-13 12:30:00+00:00,-1.0,-30.34726577654467,0.8456289729981922,CPI,-0.3493036801244267,True,30.34726577654467,0.8456289729981922,29.50163680354648,CPI,All · surprise only,-1.2243850621653807,11.949249097789723,-0.10246543963937095,0.0
2021-10-14 12:30:00+00:00,1.0,-0.2894900632632868,0.8397521283372907,PPI,0.3563744558977513,True,-0.2894900632632868,0.8397521283372907,-1.1292421916005775,PPI,All · surprise only,-7.880835679207666,19.73832737495927,-0.3992656282115155,-1.0
2021-10-15 12:30:00+00:00,1.0,22.87806991928321,0.8302318923561408,Retail Sales,0.3990036587866098,True,22.87806991928321,0.8302318923561408,22.047838026927067,Retail Sales,All · surprise only,-0.15543612971029663,9.267385295825767,-0.016772382365531784,0.0
2021-10-28 12:30:00+00:00,-1.0,0.5640953322583186,0.8180997517490408,GDP,-0.1823536221253097,True,-0.5640953322583186,0.8180997517490408,-1.3821950840073596,GDP,All · surprise only,-2.485931048749168,14.666874941219087,-0.16949289188815717,0.0
2021-11-01 14:00:00+00:00,1.0,-14.540169773606948,0.809852271775252,ISM Manufacturing,0.0809631870047498,True,-14.540169773606948,0.809852271775252,-15.3500220453822,ISM Manufacturing,All · surprise only,5.369718243835697,17.804325673778838,0.30159627172760056,1.0
2021-11-03 14:00:00+00:00,1.0,0.5578178168441639,0.8091517857142857,ISM Services,2.3118173296113196,True,0.5578178168441639,0.8091517857142857,-0.2513339688701218,ISM Services,All · surprise only,6.101221546102137,21.4927095016207,0.2838740060038527,1.0
2021-11-04 12:30:00+00:00,1.0,-4.163486285957418,0.8047061435151784,Trade Balance,0.2381428190482827,True,-4.163486285957418,0.8047061435151784,-4.968192429472597,Trade Balance,All · surprise only,-0.144768143837667,15.854122345255993,-0.009131261932073193,0.0
2021-11-05 12:30:00+00:00,-1.0,16.88792084765467,0.8041259982253771,Employment Report (NFP),-0.0215085391508514,True,-16.88792084765467,0.8041259982253771,-17.692046845880046,Employment Report (NFP),All · surprise only,3.2308518121663066,19.760701424367625,0.163498842616094,1.0
2021-11-09 13:30:00+00:00,-1.0,1.1032048110770631,0.7999337985821863,PPI,-0.0079645240247039,True,-1.1032048110770631,0.7999337985821863,-1.9031386096592495,PPI,All · surprise only,-1.7733742146600266,5.586069847594994,-0.31746366641361073,-1.0
2021-11-10 13:30:00+00:00,-1.0,4.980493171764522,0.8020133300146575,CPI,-2.420980080545173,True,-4.980493171764522,0.8020133300146575,-5.78250650177918,CPI,All · surprise only,9.436509948434054,20.857582986753673,0.45242586134870155,1.0
2021-11-12 15:00:00+00:00,-1.0,-9.476296035089147,0.8081371046398216,JOLTS,-0.486150746678363,True,9.476296035089147,0.8081371046398216,8.668158930449327,JOLTS,All · surprise only,-11.106768946745579,15.199494669995758,-0.7307327768383419,-1.0
2021-11-16 13:30:00+00:00,1.0,0.0,0.8040368193412443,Retail Sales,0.4871289610150603,True,0.0,0.8040368193412443,-0.8040368193412443,Retail Sales,All · surprise only,6.792268862661289,23.93879500349117,0.2837347853837557,1.0
2021-11-24 13:30:00+00:00,-1.0,-13.484284426503734,0.8137381446770301,GDP,-0.1272158414158342,True,13.484284426503734,0.8137381446770301,12.670546281826704,GDP,All · surprise only,-1.3277083491664792,11.002253487609918,-0.12067603701929475,0.0
2021-12-01 15:00:00+00:00,-1.0,15.23141989755672,0.8347485679744394,ISM Manufacturing,-0.3089423528573359,True,-15.23141989755672,0.8347485679744394,-16.06616846553116,ISM Manufacturing,All · surprise only,-2.950997012097245,23.749092353401366,-0.12425725447459472,0.0
2021-12-03 13:30:00+00:00,1.0,25.081094229015832,0.8361927280066895,Employment Report (NFP),0.1810886929354415,True,25.081094229015832,0.8361927280066895,24.244901501009142,Employment Report (NFP),All · surprise only,-0.37670191074604104,12.871245300634778,-0.029266935867305943,0.0
2021-12-03 15:00:00+00:00,1.0,13.582443170641056,0.8392660762863923,ISM Services,1.9929575373020203,True,13.582443170641056,0.8392660762863923,12.743177094354664,ISM Services,All · surprise only,2.158034769028669,22.545095147573896,0.09572080999892775,0.0
2021-12-07 13:30:00+00:00,1.0,-9.563726081260882,0.8152021139034126,Trade Balance,0.1024063908340238,True,-9.563726081260882,0.8152021139034126,-10.378928195164294,Trade Balance,All · surprise only,2.1804929491295777,4.938138752656108,0.44156170135088696,1.0
2021-12-08 15:00:00+00:00,-1.0,-19.891026183156413,0.811801920331439,JOLTS,-1.9952001245085245,True,19.891026183156413,0.811801920331439,19.079224262824972,JOLTS,All · surprise only,9.128676854509301,20.242215092392062,0.4509722287231435,1.0
2021-12-10 13:30:00+00:00,1.0,13.63971874257075,0.8089712117830842,CPI,0.1033839697781252,True,13.63971874257075,0.8089712117830842,12.830747530787665,CPI,All · surprise only,6.29090331209453,19.338569203947394,0.32530345165403596,1.0
2021-12-14 13:30:00+00:00,-1.0,-21.073639066617744,0.8136696501220504,PPI,-0.5433250393537279,True,21.073639066617744,0.8136696501220504,20.259969416495693,PPI,All · surprise only,13.59403157544993,41.79587563058659,0.32524815834942566,1.0
2021-12-15 13:30:00+00:00,-1.0,-1.6881436087601287,0.8162805753370675,Retail Sales,-0.5041755102447956,True,1.6881436087601287,0.8162805753370675,0.8718630334230612,Retail Sales,All · surprise only,2.3871743928852456,8.730126824924444,0.2734409752295787,1.0
2021-12-22 13:30:00+00:00,-1.0,-15.838003197572448,0.8200197935812243,GDP,-0.1170923485502144,True,15.838003197572448,0.8200197935812243,15.017983403991224,GDP,All · surprise only,-8.630137516743265,15.105978786267372,-0.571306079457016,-1.0
2022-01-03 15:00:00+00:00,-1.0,18.451460008215292,0.8003974387281961,ISM Manufacturing,-0.1861257709692591,True,-18.451460008215292,0.8003974387281961,-19.25185744694349,ISM Manufacturing,All · surprise only,3.900248409763878,38.50863619594043,0.10128243415109675,0.0
2022-01-04 15:00:00+00:00,0.0,13.602483189920632,0.7897173356570992,ISM Manufacturing+JOLTS,0.1138096107157146,True,0.0,0.0,0.0,ISM Manufacturing+JOLTS,All · surprise only,0.02430018430125308,14.513769522997476,0.001674284841215699,0.0
2022-01-06 13:30:00+00:00,-1.0,-5.2217169641899375,0.796768964475094,Trade Balance,-0.2740383401628957,True,5.2217169641899375,0.796768964475094,4.424947999714844,Trade Balance,All · surprise only,0.5665085833991681,11.641905625680822,0.04866115579476178,0.0
2022-01-06 15:00:00+00:00,-1.0,11.349325103022778,0.8027015057573074,ISM Services,-2.412558322591876,True,-11.349325103022778,0.8027015057573074,-12.152026608780085,ISM Services,All · surprise only,-10.204953504866188,19.694932967641666,-0.5181512179621377,-1.0
2022-01-07 13:30:00+00:00,-1.0,-19.941842919433128,0.8028570637579248,Employment Report (NFP),-0.3320289676518577,True,19.941842919433128,0.8028570637579248,19.1389858556752,Employment Report (NFP),All · surprise only,0.09532737571274652,7.76061301907723,0.012283485270868635,0.0
2022-01-12 13:30:00+00:00,-1.0,12.141281844666452,0.8007952725465289,CPI,-0.4997300887678889,True,-12.141281844666452,0.8007952725465289,-12.94207711721298,CPI,All · surprise only,2.9898896823215795,9.851079492115026,0.3035088372512615,1.0
2022-01-13 13:30:00+00:00,1.0,6.893414305206846,0.8004858120790548,PPI,0.4807046086658338,True,6.893414305206846,0.8004858120790548,6.092928493127792,PPI,All · surprise only,2.8598032208033732,19.10891274412577,0.14965808149825266,0.0
2022-01-14 13:30:00+00:00,-1.0,-18.46929306319467,0.8103274840728736,Retail Sales,-1.9593029065911824,True,18.46929306319467,0.8103274840728736,17.658965579121794,Retail Sales,All · surprise only,1.104450170313899,19.428300818575032,0.056847491740397334,0.0
2022-01-27 13:30:00+00:00,1.0,27.495849071783596,0.8497172492601599,GDP,0.2236054726641499,True,27.495849071783596,0.8497172492601599,26.646131822523436,GDP,All · surprise only,0.1421208569206698,10.772569558694554,0.013192846529912995,0.0
2022-02-01 15:00:00+00:00,0.0,-6.578100882137505,0.8277200593675077,ISM Manufacturing+JOLTS,-0.8041592791255101,True,-0.0,0.0,-0.0,ISM Manufacturing+JOLTS,All · surprise only,-2.144678183630273,27.975999312558248,-0.07666136103554809,0.0
2022-02-03 15:00:00+00:00,1.0,11.07026894587193,0.8245429473145489,ISM Services,0.1891494198741799,True,11.07026894587193,0.8245429473145489,10.245725998557381,ISM Services,All · surprise only,-10.751905973708164,23.76887806051759,-0.4523522711645411,-1.0
2022-02-04 13:30:00+00:00,-1.0,-0.28735219322229,0.8321138561303837,Employment Report (NFP),-0.1854492103308658,True,0.28735219322229,0.8321138561303837,-0.5447616629080937,Employment Report (NFP),All · surprise only,-8.933566128881932,29.703708066384365,-0.30075592275942253,-1.0
2022-02-08 13:30:00+00:00,-1.0,5.708414357545877,0.8281455251584898,Trade Balance,-0.7903581264518175,True,-5.708414357545877,0.8281455251584898,-6.536559882704367,Trade Balance,All · surprise only,2.051074921573556,8.783809270111286,0.23350631354812762,1.0
2022-02-10 13:30:00+00:00,-1.0,-43.566929988969605,0.8120519713261648,CPI,-1.61325895784376,True,43.566929988969605,0.8120519713261648,42.75487801764344,CPI,All · surprise only,2.287111361233593,43.20855957121469,0.052931904787616536,0.0
2022-02-15 13:30:00+00:00,-1.0,-4.021601800729968,0.8319228893542556,PPI,-0.6511826772341509,True,4.021601800729968,0.8319228893542556,3.1896789113757125,PPI,All · surprise only,-12.955567779671014,33.62575009100145,-0.38528710124262894,-1.0
2022-02-16 13:30:00+00:00,1.0,-20.963465211920607,0.8325677537896188,Retail Sales,2.1129494816818224,True,-20.963465211920607,0.8325677537896188,-21.796032965710225,Retail Sales,All · surprise only,1.954141010816181,10.233633807007857,0.19095279816227262,1.0
2022-02-24 13:30:00+00:00,1.0,13.336436806490326,0.899978276386432,GDP,0.2123248741486038,True,13.336436806490326,0.899978276386432,12.436458530103893,GDP,All · surprise only,-6.219626805839383,21.204065992241027,-0.2933223660082582,-1.0
2022-03-01 15:00:00+00:00,1.0,-43.14776597846404,0.8625817965496728,ISM Manufacturing,0.349873758647468,True,-43.14776597846404,0.8625817965496728,-44.010347775013706,ISM Manufacturing,All · surprise only,2.400784707355754,25.655774767381036,0.09357677673441894,0.0
2022-03-03 15:00:00+00:00,-1.0,-35.325323752672944,0.8519889535225337,ISM Services,-2.182755811397317,True,35.325323752672944,0.8519889535225337,34.47333479915041,ISM Services,All · surprise only,-16.213379828093256,24.946507722423718,-0.6499258336476292,-1.0
2022-03-04 13:30:00+00:00,1.0,-26.8945894838879,0.8668101386896222,Employment Report (NFP),0.6060723791251506,True,-26.8945894838879,0.8668101386896222,-27.76139962257752,Employment Report (NFP),All · surprise only,22.624224384784473,51.995729568918904,0.43511697157353446,1.0
2022-03-08 13:30:00+00:00,1.0,16.464924291614835,0.8851178122329385,Trade Balance,0.8256799814898106,True,16.464924291614835,0.8851178122329385,15.579806479381897,Trade Balance,All · surprise only,-5.57513152805453,10.370659606495513,-0.5375869751392309,-1.0
2022-03-09 15:00:00+00:00,-1.0,19.580383705228854,0.874732301752481,JOLTS,-1.0717271716781405,True,-19.580383705228854,0.874732301752481,-20.455116006981335,JOLTS,All · surprise only,-3.650616001648125,27.61160615817441,-0.13221309838824283,0.0
2022-03-10 13:30:00+00:00,1.0,-25.22452673924036,0.8813518113299295,CPI,0.0264741975797815,True,-25.22452673924036,0.8813518113299295,-26.10587855057029,CPI,All · surprise only,11.741584927478689,39.51131480658578,0.29717018998116435,1.0
2022-03-15 12:30:00+00:00,-1.0,6.3489186296550315,0.8790809057564642,PPI,-0.1296911193823611,True,-6.3489186296550315,0.8790809057564642,-7.227999535411496,PPI,All · surprise only,12.57297921155096,22.626219469198816,0.555681837554286,1.0
2022-03-16 12:30:00+00:00,-1.0,-19.48627720233631,0.855053661988442,Retail Sales,-0.5947381173431102,True,19.48627720233631,0.855053661988442,18.631223540347868,Retail Sales,All · surprise only,-9.705737110490507,28.597366722045713,-0.33939268621569807,-1.0
2022-03-29 14:00:00+00:00,-1.0,-15.096492221253754,0.8252938330629784,JOLTS,-0.9123856280539984,True,15.096492221253754,0.8252938330629784,14.271198388190776,JOLTS,All · surprise only,5.686205056387423,17.461561450633774,0.32564127053947056,1.0
2022-03-30 12:30:00+00:00,1.0,8.269294302039043,0.8275783345699447,GDP,0.2276406640801994,True,8.269294302039043,0.8275783345699447,7.441715967469098,GDP,All · surprise only,-3.903478896903671,12.17966867117287,-0.3204913862839732,-1.0
2022-04-01 12:30:00+00:00,-1.0,-15.535547875629163,0.8335489063263488,Employment Report (NFP),-0.1274737485164525,True,15.535547875629163,0.8335489063263488,14.701998969302814,Employment Report (NFP),All · surprise only,-3.8793230245640795,12.089008111880805,-0.3208967178003271,-1.0
2022-04-01 14:00:00+00:00,1.0,-42.79318370821627,0.8365786816673878,ISM Manufacturing,0.0012485720534209,True,-42.79318370821627,0.8365786816673878,-43.62976238988366,ISM Manufacturing,All · surprise only,1.0331739397437145,20.018502081816546,0.05161095148483561,0.0
2022-04-05 12:30:00+00:00,1.0,-5.468491552189647,0.8345563901119456,Trade Balance,0.2411188275538081,True,-5.468491552189647,0.8345563901119456,-6.303047942301593,Trade Balance,All · surprise only,4.435879707594049,47.64767739972567,0.09309750127756675,0.0
2022-04-05 14:00:00+00:00,-1.0,-51.04392821740689,0.8302318923561408,ISM Services,-0.093419175501195,True,51.04392821740689,0.8302318923561408,50.21369632505075,ISM Services,All · surprise only,1.5054423864962816,13.140048308559527,0.1145690145991035,0.0
2022-04-12 12:30:00+00:00,1.0,22.97347429895069,0.8467647745853772,CPI,0.4571686878991705,True,22.97347429895069,0.8467647745853772,22.126709524365314,CPI,All · surprise only,1.6987117974744506,10.932454999064369,0.1553824641967272,0.0
2022-04-13 12:30:00+00:00,1.0,0.8802687759690286,0.8503401360544217,PPI,0.0024666352576084,True,0.8802687759690286,0.8503401360544217,0.029928639914606925,PPI,All · surprise only,-4.832236919429154,22.17628679478006,-0.2179010834476845,-1.0
2022-04-14 12:30:00+00:00,-1.0,-16.51958815882537,0.8400926998841252,Retail Sales,-0.0279694329794041,True,16.51958815882537,0.8400926998841252,15.679495458941247,Retail Sales,All · surprise only,6.84535596278562,23.824212586847313,0.2873276897539418,1.0
2022-04-28 12:30:00+00:00,-1.0,-3.291787021169057,0.8673026886383348,GDP,-2.0420964362854717,True,3.291787021169057,0.8673026886383348,2.424484332530722,GDP,All · surprise only,4.954618884740681,21.640203700853583,0.22895435520069754,1.0
2022-05-02 14:00:00+00:00,-1.0,26.97257404806308,0.8822097834022877,ISM Manufacturing,-0.8139702679728233,True,-26.97257404806308,0.8822097834022877,-27.85478383146537,ISM Manufacturing,All · surprise only,-1.1400831427308031,18.677097429990447,-0.06104177305945479,0.0
2022-05-03 14:00:00+00:00,-1.0,6.063546147458965,0.8801213960546282,JOLTS,-1.2002697035053405,True,-6.063546147458965,0.8801213960546282,-6.943667543513593,JOLTS,All · surprise only,7.347158199038999,35.74315584070115,0.20555426699823479,1.0
2022-05-04 12:30:00+00:00,1.0,-17.813207614718607,0.8747850743567313,Trade Balance,0.9330638195367176,True,-17.813207614718607,0.8747850743567313,-18.687992689075337,Trade Balance,All · surprise only,7.4111047339393945,43.02826412326309,0.1722380599112434,0.0
2022-05-04 14:00:00+00:00,-1.0,5.4418479439455325,0.8758418652411585,ISM Services,-0.6559932760921712,True,-5.4418479439455325,0.8758418652411585,-6.317689809186691,ISM Services,All · surprise only,5.129516712855631,24.471943577154974,0.20960806389093398,1.0
2022-05-06 12:30:00+00:00,-1.0,-67.00600710574989,0.8836883322668129,Employment Report (NFP),-0.233528634462617,True,67.00600710574989,0.8836883322668129,66.12231877348307,Employment Report (NFP),All · surprise only,7.16287385057602,15.959735939947745,0.4488090453080186,1.0
2022-05-11 12:30:00+00:00,-1.0,-71.58405710509186,0.8973327557398353,CPI,-1.5388224718203969,True,71.58405710509186,0.8973327557398353,70.68672434935202,CPI,All · surprise only,-4.697769660185031,30.785453817725486,-0.1525970572985406,0.0
2022-05-12 12:30:00+00:00,-1.0,10.447502256223371,0.9195256515949012,PPI,-0.4597710593956168,True,-10.447502256223371,0.9195256515949012,-11.367027907818272,PPI,All · surprise only,-1.5065233760304158,6.554402985890017,-0.22984906165726796,-1.0
2022-05-17 12:30:00+00:00,1.0,17.82805623896877,0.8920332205475238,Retail Sales,0.1340217149027289,True,17.82805623896877,0.8920332205475238,16.936023018421245,Retail Sales,All · surprise only,9.997856183080298,41.17652388510117,0.24280476445700666,1.0
2022-05-26 12:30:00+00:00,-1.0,19.843737132969608,0.8994479250666831,GDP,-0.5140978831954705,True,-19.843737132969608,0.8994479250666831,-20.74318505803629,GDP,All · surprise only,-6.015691635177795,30.979560239394438,-0.19418260261577505,-1.0
2022-06-01 14:00:00+00:00,0.0,-66.87768117112469,0.8772725897691865,ISM Manufacturing+JOLTS,0.0586516193716905,True,-0.0,0.0,-0.0,ISM Manufacturing+JOLTS,All · surprise only,-4.001012496238393,28.58715823946819,-0.1399583849056563,0.0
2022-06-03 12:30:00+00:00,-1.0,-48.05158915560881,0.8766891381238853,Employment Report (NFP),-0.0033727501354075,True,48.05158915560881,0.8766891381238853,47.17490001748492,Employment Report (NFP),All · surprise only,-1.4548113233318478,23.373807848523718,-0.062241091941882,0.0
2022-06-03 14:00:00+00:00,-1.0,-17.2463394285316,0.8775114984265311,ISM Services,-0.2814203399984905,True,17.2463394285316,0.8775114984265311,16.368827930105066,ISM Services,All · surprise only,-2.7632877469044375,28.99972127602772,-0.0952867001928283,0.0
2022-06-07 12:30:00+00:00,-1.0,-12.250399669984091,0.8872571515985925,Trade Balance,-0.8299152898608582,True,12.250399669984091,0.8872571515985925,11.363142518385498,Trade Balance,All · surprise only,3.8228655955551423,11.539269449069083,0.3312918215861185,1.0
2022-06-10 12:30:00+00:00,-1.0,-64.60132853154832,0.8998665715083626,CPI,-1.677151671555776,True,64.60132853154832,0.8998665715083626,63.70146196003996,CPI,All · surprise only,0.7237353241689983,28.50835883043378,0.025386776154802105,0.0
2022-06-14 12:30:00+00:00,-1.0,7.185785519556731,0.9480222294867604,PPI,-0.1933914360630419,True,-7.185785519556731,0.9480222294867604,-8.133807749043491,PPI,All · surprise only,-2.3856593661258247,15.988539877977429,-0.14921058360130968,0.0
2022-06-15 12:30:00+00:00,-1.0,15.372290390818222,0.949232431016988,Retail Sales,-0.2463296072426562,True,-15.372290390818222,0.949232431016988,-16.32152282183521,Retail Sales,All · surprise only,1.3882194315116994,12.944111711858445,0.10724717635431982,0.0
2022-06-29 12:30:00+00:00,1.0,-7.745183851231019,0.9350615850906042,GDP,0.6963837988901,True,-7.745183851231019,0.9350615850906042,-8.680245436321623,GDP,All · surprise only,5.818454236446808,45.250387075211776,0.1285835240873368,0.0
2022-07-01 14:00:00+00:00,-1.0,-106.830967497622,0.9398800842651108,ISM Manufacturing,-0.5444569124057376,True,106.830967497622,0.9398800842651108,105.89108741335689,ISM Manufacturing,All · surprise only,-0.3550747281111176,25.998928562340083,-0.013657283116868507,0.0
2022-07-06 14:00:00+00:00,0.0,27.143196940802028,0.937085985717517,ISM Services+JOLTS,-0.1332482329128235,True,0.0,0.0,0.0,ISM Services+JOLTS,All · surprise only,4.417460013077465,28.98923548942402,0.15238277031103709,0.0
2022-07-07 12:30:00+00:00,1.0,6.413545627754758,0.9308596006933298,Trade Balance,0.2768778699804552,True,6.413545627754758,0.9308596006933298,5.482686027061428,Trade Balance,All · surprise only,2.8960819911587707,12.760268553318335,0.2269608965561809,1.0
2022-07-08 12:30:00+00:00,-1.0,-17.878811990641452,0.9235668789808916,Employment Report (NFP),-0.198783708190455,True,17.878811990641452,0.9235668789808916,16.95524511166056,Employment Report (NFP),All · surprise only,3.2658654946418437,23.03591994701951,0.1417727402314747,0.0
2022-07-13 12:30:00+00:00,-1.0,-60.204877815834834,0.9297851875601154,CPI,-1.5538946362320831,True,60.204877815834834,0.9297851875601154,59.27509262827472,CPI,All · surprise only,1.3025287706991375,34.588924356222655,0.03765739452562099,0.0
2022-07-14 12:30:00+00:00,-1.0,-8.254230761668424,0.957000957000957,PPI,-0.5225101673722837,True,8.254230761668424,0.957000957000957,7.297229804667467,PPI,All · surprise only,-3.9689882902394285,15.167959190331654,-0.2616692358171254,-1.0
2022-07-15 12:30:00+00:00,1.0,65.861216252312,0.9447177248591068,Retail Sales,0.2984816868429151,True,65.861216252312,0.9447177248591068,64.9164985274529,Retail Sales,All · surprise only,-3.535548740141539,13.715628276466667,-0.2577751940250414,-1.0
2022-07-28 12:30:00+00:00,-1.0,18.687519064748415,0.9031735650440684,GDP,-1.0838879379196935,True,-18.687519064748415,0.9031735650440684,-19.590692629792482,GDP,All · surprise only,15.851920431931294,24.829085783057977,0.6384415668960226,1.0
2022-08-01 14:00:00+00:00,-1.0,-25.95223195404728,0.8851178122329385,ISM Manufacturing,-1.260670758080165,True,25.95223195404728,0.8851178122329385,25.067114141814343,ISM Manufacturing,All · surprise only,-1.8890670555154134,27.477690401537863,-0.06874912075614939,0.0
2022-08-02 14:00:00+00:00,1.0,21.246139810440212,0.8931596291847609,JOLTS,1.046700149805808,True,21.246139810440212,0.8931596291847609,20.35298018125545,JOLTS,All · surprise only,3.494201808720608,49.62246680857512,0.07041572161658004,0.0
2022-08-03 14:00:00+00:00,1.0,8.294039518883523,0.8900346806616947,ISM Services,1.5089898496349374,True,8.294039518883523,0.8900346806616947,7.4040048382218275,ISM Services,All · surprise only,-7.598136713365656,35.95036192025115,-0.21135077110546585,-1.0
2022-08-04 12:30:00+00:00,-1.0,5.1852191916879065,0.8846048256718422,Trade Balance,-0.138874245300786,True,-5.1852191916879065,0.8846048256718422,-6.069824017359749,Trade Balance,All · surprise only,-1.2399951085369083,12.06178012149409,-0.10280365717554718,0.0
2022-08-05 12:30:00+00:00,1.0,-33.21036262716959,0.885009765625,Employment Report (NFP),0.0312710124948264,True,-33.21036262716959,0.885009765625,-34.09537239279459,Employment Report (NFP),All · surprise only,-10.461234646748322,37.962704047807456,-0.2755661091363304,-1.0
2022-08-10 12:30:00+00:00,1.0,33.5514997287234,0.8836344800268138,CPI,1.74167183418779,True,33.5514997287234,0.8836344800268138,32.667865248696586,CPI,All · surprise only,0.13459749762117498,25.51739329371918,0.00527473539604473,0.0
2022-08-11 12:30:00+00:00,1.0,10.14108119241186,0.8660335662664993,PPI,0.8302784428462872,True,10.14108119241186,0.8660335662664993,9.275047626145362,PPI,All · surprise only,8.568088041727217,25.049606030225124,0.3420448222374783,1.0
2022-08-17 12:30:00+00:00,1.0,0.0,0.8552049542907696,Retail Sales,0.1803467463892216,True,0.0,0.8552049542907696,-0.8552049542907696,Retail Sales,All · surprise only,-7.105279058582451,17.398877396461216,-0.4083757185407608,-1.0
2022-08-25 12:30:00+00:00,-1.0,-2.424022070481868,0.8776708431692996,GDP,-0.0840725787732145,True,2.424022070481868,0.8776708431692996,1.5463512273125684,GDP,All · surprise only,-8.27026326296224,31.773926930469475,-0.2602845811617797,-1.0
2022-08-30 14:00:00+00:00,-1.0,-48.44592137866144,0.9048926610084872,JOLTS,-2.984015343430321,True,48.44592137866144,0.9048926610084872,47.54102871765295,JOLTS,All · surprise only,0.08871024815936157,31.132150332797398,0.0028494738465240626,0.0
2022-09-01 14:00:00+00:00,-1.0,-2.231111262016583,0.9239788440706048,ISM Manufacturing,-0.0884224837236756,True,2.231111262016583,0.9239788440706048,1.307132417945978,ISM Manufacturing,All · surprise only,1.8297684487723125,16.83047714583788,0.10871756236719694,0.0
2022-09-02 12:30:00+00:00,1.0,8.794522835824381,0.9149130832570904,Employment Report (NFP),0.0141555828368743,True,8.794522835824381,0.9149130832570904,7.879609752567291,Employment Report (NFP),All · surprise only,-0.11923213008228561,22.629232032148764,-0.005268942839637493,0.0
2022-09-06 14:00:00+00:00,1.0,-10.573026952958031,0.9274954424792912,ISM Services,0.7526292317321648,True,-10.573026952958031,0.9274954424792912,-11.500522395437322,ISM Services,All · surprise only,4.023585901219367,26.77076713832574,0.15029774381994063,0.0
2022-09-07 12:30:00+00:00,1.0,7.075092753723311,0.933496426961952,Trade Balance,0.1393231402027631,True,7.075092753723311,0.933496426961952,6.141596326761359,Trade Balance,All · surprise only,-1.4329508277613128,19.55889736656423,-0.07326337476523243,0.0
2022-09-13 12:30:00+00:00,-1.0,-36.68118169301238,0.8891886919727724,CPI,-1.9624844944587772,True,36.68118169301238,0.8891886919727724,35.79199300103961,CPI,All · surprise only,-14.988622780371639,35.24210842231742,-0.42530437171233326,-1.0
2022-09-14 12:30:00+00:00,1.0,8.347781901321127,0.9313678260590296,PPI,0.3598362715654778,True,8.347781901321127,0.9313678260590296,7.4164140752620975,PPI,All · surprise only,-1.7221720903513154,10.401053132072072,-0.16557670348216255,-1.0
2022-09-15 12:30:00+00:00,-1.0,0.9625411092706316,0.9319364997750498,Retail Sales,-0.0951957764696095,True,-0.9625411092706316,0.9319364997750498,-1.8944776090456814,Retail Sales,All · surprise only,9.04314696947989,37.68365848451563,0.23997529255806616,1.0
2022-09-29 12:30:00+00:00,1.0,-19.00238101489649,0.9810886701173924,GDP,0.3178126327884218,True,-19.00238101489649,0.9810886701173924,-19.98346968501388,GDP,All · surprise only,0.8088838456211256,8.527851461453379,0.09485200924023478,0.0
2022-10-03 14:00:00+00:00,-1.0,63.505283588494166,0.997248968363136,ISM Manufacturing,-0.3360217870663531,True,-63.505283588494166,0.997248968363136,-64.5025325568573,ISM Manufacturing,All · surprise only,-0.7303253789723014,15.562278061755954,-0.04692920766960618,0.0
2022-10-04 14:00:00+00:00,1.0,-17.51805964534725,0.9591215769281652,JOLTS,3.4901044149064337,True,-17.51805964534725,0.9591215769281652,-18.477181222275416,JOLTS,All · surprise only,2.9953206696284065,9.755672173567838,0.30703375598700133,1.0
2022-10-05 12:30:00+00:00,-1.0,-3.657462094608377,0.9639034767001264,Trade Balance,-0.1048336321522138,True,3.657462094608377,0.9639034767001264,2.6935586179082502,Trade Balance,All · surprise only,1.084633032773628,10.809621953635228,0.10033958980488404,0.0
2022-10-05 14:00:00+00:00,1.0,-26.30835558392164,0.9616978942132316,ISM Services,0.3300205285754439,True,-26.30835558392164,0.9616978942132316,-27.27005347813487,ISM Services,All · surprise only,4.2679875085533485,38.67852043373218,0.1103451595534964,0.0
2022-10-07 12:30:00+00:00,1.0,-48.97695130720692,0.9631671593211332,Employment Report (NFP),0.0007554931387266,True,-48.97695130720692,0.9631671593211332,-49.94011846652805,Employment Report (NFP),All · surprise only,-6.196396363538985,35.319495843169115,-0.1754384148361898,-1.0
2022-10-12 12:30:00+00:00,-1.0,-1.7063972875597244,0.9846864283046416,PPI,-0.442545729548588,True,1.7063972875597244,0.9846864283046416,0.7217108592550828,PPI,All · surprise only,-2.1833583262517737,32.506486209767495,-0.06716685132199007,0.0
2022-10-13 12:30:00+00:00,-1.0,-70.90633792765644,0.9824181035942952,CPI,-1.2059188282899334,True,70.90633792765644,0.9824181035942952,69.92391982406214,CPI,All · surprise only,-16.321982247574702,36.79065710752891,-0.4436447601321734,-1.0
2022-10-14 12:30:00+00:00,1.0,83.53329629501971,0.9624639076034648,Retail Sales,0.0357834565117858,True,83.53329629501971,0.9624639076034648,82.57083238741625,Retail Sales,All · surprise only,-1.9284454916122153,13.092787726467343,-0.14729067116194228,0.0
2022-10-27 12:30:00+00:00,1.0,6.522448323416086,0.902555164794124,GDP,0.7517856630945409,True,6.522448323416086,0.902555164794124,5.619893158621962,GDP,All · surprise only,8.976785211741335,24.921249785612538,0.36020606064964633,1.0
2022-11-01 14:00:00+00:00,-1.0,-18.922058993773305,0.8826393961529096,ISM Manufacturing+JOLTS,-1.6310661583739317,True,18.922058993773305,0.8826393961529096,18.039419597620395,ISM Manufacturing+JOLTS,All · surprise only,0.6181984670749339,27.29249338949282,0.022650860742277602,0.0
2022-11-03 12:30:00+00:00,1.0,-23.782712424100794,0.9066183136899364,Trade Balance,0.3856293059100614,True,-23.782712424100794,0.9066183136899364,-24.68933073779073,Trade Balance,All · surprise only,10.928186644837691,41.02629505665133,0.2663703029909832,1.0
2022-11-03 14:00:00+00:00,-1.0,78.39488252269433,0.9129257696908644,ISM Services,-0.4020310664789877,True,-78.39488252269433,0.9129257696908644,-79.30780829238519,ISM Services,All · surprise only,7.7270202470794604,34.76684568742842,0.22225255395756324,1.0
2022-11-04 12:30:00+00:00,-1.0,78.91425673230756,0.9028923690027708,Employment Report (NFP),-0.0775933543744445,True,-78.91425673230756,0.9028923690027708,-79.81714910131033,Employment Report (NFP),All · surprise only,-6.625362956820375,31.069254051245505,-0.2132449960302403,-1.0
2022-11-10 13:30:00+00:00,1.0,59.90836010457912,0.8899800521712444,CPI,1.6880497222729307,True,59.90836010457912,0.8899800521712444,59.01838005240787,CPI,All · surprise only,5.421592004321031,25.714394920687912,0.21083879364235852,1.0
2022-11-15 13:30:00+00:00,-1.0,10.317028432105246,0.8589792956369775,PPI,-0.1783414027625315,True,-10.317028432105246,0.8589792956369775,-11.176007727742224,PPI,All · surprise only,4.851476930921621,24.765826787591294,0.1958940023497383,1.0
2022-11-16 13:30:00+00:00,1.0,7.752169504779971,0.8637379002233805,Retail Sales,0.456405113151525,True,7.752169504779971,0.8637379002233805,6.88843160455659,Retail Sales,All · surprise only,-10.837248502717468,31.780818029609208,-0.34099967133069825,-1.0
2022-11-30 13:30:00+00:00,1.0,-6.207049634010531,0.8554067606630876,GDP,0.0763882829874281,True,-6.207049634010531,0.8554067606630876,-7.062456394673618,GDP,All · surprise only,2.158913403304579,19.542228776696373,0.11047426718691526,0.0
2022-11-30 15:00:00+00:00,-1.0,-29.362499407667997,0.8576075706047612,JOLTS,-0.2624963561417571,True,29.362499407667997,0.8576075706047612,28.504891837063237,JOLTS,All · surprise only,20.531297112458258,61.308558162988135,0.3348846837643128,1.0
2022-12-01 15:00:00+00:00,-1.0,-72.17516270721092,0.8396305625524769,ISM Manufacturing,-0.3675123786348069,True,72.17516270721092,0.8396305625524769,71.33553214465844,ISM Manufacturing,All · surprise only,-0.16355825416514969,29.549655889155783,-0.005535030755643174,0.0
2022-12-02 13:30:00+00:00,-1.0,16.167201746011273,0.8441766366838412,Employment Report (NFP),-0.4385290896736585,True,-16.167201746011273,0.8441766366838412,-17.011378382695113,Employment Report (NFP),All · surprise only,-25.799969945005145,34.83596023156124,-0.7406131415212284,-1.0
2022-12-05 15:00:00+00:00,1.0,25.75963019170402,0.8483501053124269,ISM Services,1.4456121550439016,True,25.75963019170402,0.8483501053124269,24.911280086391592,ISM Services,All · surprise only,13.320451093153745,32.7921975306305,0.4062079426275531,1.0
2022-12-06 13:30:00+00:00,-1.0,-5.299729248999796,0.8538703883638077,Trade Balance,-0.632828227530701,True,5.299729248999796,0.8538703883638077,4.445858860635989,Trade Balance,All · surprise only,0.148535340920684,19.26254545016769,0.007711096194682356,0.0
2022-12-09 13:30:00+00:00,1.0,35.03670557650551,0.8548520221671972,PPI,0.0193439018961355,True,35.03670557650551,0.8548520221671972,34.18185355433831,PPI,All · surprise only,-25.888382101927384,36.39876888284145,-0.7112433441157205,-1.0
2022-12-13 13:30:00+00:00,1.0,-4.884847014654525,0.8411160740182145,CPI,1.225713226427208,True,-4.884847014654525,0.8411160740182145,-5.7259630886727395,CPI,All · surprise only,4.765665705969009,31.079062931377564,0.15334007066080396,0.0
2022-12-15 13:30:00+00:00,-1.0,-4.753699061534888,0.8612241261544857,Retail Sales,-0.2617915301232739,True,4.753699061534888,0.8612241261544857,3.8924749353804025,Retail Sales,All · surprise only,-9.240583548775804,15.423838372208001,-0.5991105019244939,-1.0
2022-12-22 13:30:00+00:00,1.0,-26.049088789985575,0.8660335662664993,GDP,0.0101727453098051,True,-26.049088789985575,0.8660335662664993,-26.915122356252073,GDP,All · surprise only,-9.868166311144954,28.605630982754622,-0.34497285926306404,-1.0
2023-01-03 15:00:00+00:00,1.0,-8.125310788749118,0.8741522230595327,ISM Manufacturing,0.5737619019599842,True,-8.125310788749118,0.8741522230595327,-8.99946301180865,ISM Manufacturing,All · surprise only,8.74243386339537,36.33080964559686,0.24063416006075483,1.0
2023-01-04 15:00:00+00:00,-1.0,-16.205027103524117,0.8673545685658741,ISM Manufacturing,-0.3932150820756493,True,16.205027103524117,0.8673545685658741,15.337672534958243,ISM Manufacturing,All · surprise only,-16.40819596330167,49.7391094552902,-0.329885197845184,-1.0
2023-01-06 13:30:00+00:00,1.0,66.61690052347069,0.8770072882329815,Employment Report (NFP),0.1361526061100796,True,66.61690052347069,0.8770072882329815,65.7398932352377,Employment Report (NFP),All · surprise only,16.94373503536925,28.526277607210382,0.593969366374199,1.0
2023-01-06 15:00:00+00:00,-1.0,50.06831128268274,0.872836719337848,ISM Services,-2.5548283484338925,True,-50.06831128268274,0.872836719337848,-50.94114800202059,ISM Services,All · surprise only,5.297787907017957,31.7003820623152,0.1671206326978584,0.0
2023-01-12 13:30:00+00:00,-1.0,83.47905129587829,0.8516886930983847,CPI,-0.1737270973932303,True,-83.47905129587829,0.8516886930983847,-84.33073998897667,CPI,All · surprise only,-13.838415699160283,38.112846022994994,-0.363090588690517,-1.0
2023-01-13 15:00:00+00:00,1.0,31.20127336243783,0.8476557932889045,U. of Michigan Sentiment,1.433531383298232,True,31.20127336243783,0.8476557932889045,30.353617569148927,U. of Michigan Sentiment,All · surprise only,1.6260132007256216,15.345527785180458,0.10596007015776292,0.0
2023-01-18 13:30:00+00:00,0.0,-14.95886591582618,0.8514886370309471,PPI+Retail Sales,0.1484139768774567,True,-0.0,0.0,-0.0,PPI+Retail Sales,All · surprise only,24.987588788147505,46.638003151722664,0.5357774154021545,1.0
2023-01-18 15:00:00+00:00,0.0,-21.160918991061095,0.8512636862653007,Business Inventories,0.0,True,-0.0,0.0,-0.0,Business Inventories,All · surprise only,-4.384929620436999,31.230643037779835,-0.14040471773612,-1.0
2023-01-27 15:00:00+00:00,1.0,6.752095607858166,0.8507392630837831,U. of Michigan Sentiment,0.0754756949491661,True,6.752095607858166,0.8507392630837831,5.901356344774383,U. of Michigan Sentiment,All · surprise only,-19.579812526135672,41.49565160868533,-0.4718521523840219,-1.0
2023-02-01 15:00:00+00:00,1.0,-13.545349538652829,0.8524898583103062,ISM Manufacturing,0.0484414575342933,True,-13.545349538652829,0.8524898583103062,-14.397839396963136,ISM Manufacturing,All · surprise only,-12.534894015946065,35.96808359721548,-0.3485004693693625,-1.0
2023-02-03 13:30:00+00:00,1.0,3.245172833938881,0.8524146850474706,Employment Report (NFP),0.632025497230853,True,3.245172833938881,0.8524146850474706,2.39275814889141,Employment Report (NFP),All · surprise only,-11.951061609013054,38.05158665081415,-0.31407525049306584,-1.0
2023-02-03 15:00:00+00:00,1.0,42.36795792786907,0.8543231698335542,ISM Services,2.1784465622733866,True,42.36795792786907,0.8543231698335542,41.513634758035515,ISM Services,All · surprise only,-3.465188282541295,17.806879176127886,-0.19459829250634597,-1.0
2023-02-10 15:00:00+00:00,1.0,40.023177897943185,0.8605596605240512,U. of Michigan Sentiment,0.4479144333015603,True,40.023177897943185,0.8605596605240512,39.16261823741913,U. of Michigan Sentiment,All · surprise only,7.729659160529471,23.369709100151642,0.3307554718547744,1.0
2023-02-14 13:30:00+00:00,-1.0,7.296820369582235,0.8443486868922145,CPI,-1.205365729380446,True,-7.296820369582235,0.8443486868922145,-8.14116905647445,CPI,All · surprise only,-4.344163751315449,45.30596651297482,-0.09588502543194521,0.0
2023-02-15 13:30:00+00:00,1.0,7.652010497576356,0.8528408422538525,Retail Sales,1.0234002319190705,True,7.652010497576356,0.8528408422538525,6.799169655322503,Retail Sales,All · surprise only,8.155373207741528,24.15406087456157,0.33763983829032057,1.0
2023-02-15 15:00:00+00:00,0.0,3.827413157093673,0.8549024232061788,Business Inventories,0.0,True,0.0,0.0,0.0,Business Inventories,All · surprise only,-13.523832018954328,21.616503155575096,-0.6256253345706568,-1.0
2023-02-16 13:30:00+00:00,-1.0,-37.383221106086495,0.850764220964004,PPI,-1.4779162848442813,True,37.383221106086495,0.850764220964004,36.53245688512249,PPI,All · surprise only,0.3005716185865933,37.96874986611269,0.007916289570936205,0.0
2023-02-24 15:00:00+00:00,1.0,-13.452368422228744,0.8863622470811173,U. of Michigan Sentiment,0.0836820878863775,True,-13.452368422228744,0.8863622470811173,-14.33873066930986,U. of Michigan Sentiment,All · surprise only,5.676650420265098,31.778269637230746,0.17863308748612464,0.0
2023-03-01 15:00:00+00:00,1.0,-16.83579380479472,0.8865519244290911,ISM Manufacturing,0.18640401748042,True,-16.83579380479472,0.8865519244290911,-17.72234572922381,ISM Manufacturing,All · surprise only,-2.2884126265237876,20.93597015522824,-0.10930530610984432,0.0
2023-03-03 15:00:00+00:00,1.0,18.70851481104552,0.8749170337295601,ISM Services,0.2755029006060786,True,18.70851481104552,0.8749170337295601,17.833597777315962,ISM Services,All · surprise only,7.401181025972293,14.811629615169013,0.49968715247865314,1.0
2023-03-10 13:30:00+00:00,-1.0,-2.7895299822944253,0.9005092535088809,Employment Report (NFP),-0.0418714406574234,True,2.7895299822944253,0.9005092535088809,1.8890207287855443,Employment Report (NFP),All · surprise only,12.301145947704496,48.990987255434966,0.25108997872542016,1.0
2023-03-14 12:30:00+00:00,-1.0,14.948151392957245,0.9054011863877616,CPI,-0.2683351757655611,True,-14.948151392957245,0.9054011863877616,-15.853552579345006,CPI,All · surprise only,-5.478996275367884,13.69387326397295,-0.4001056654863683,-1.0
2023-03-15 12:30:00+00:00,1.0,-38.909939478752875,0.9171410499683744,PPI+Retail Sales,0.9227344344425924,True,-38.909939478752875,0.9171410499683744,-39.82708052872125,PPI+Retail Sales,All · surprise only,0.7571497926722398,17.411989563550623,0.0434843927460891,0.0
2023-03-15 14:00:00+00:00,-1.0,-4.4278576218381716,0.9171410499683744,Business Inventories,-0.6974570477871316,True,4.4278576218381716,0.9171410499683744,3.5107165718697972,Business Inventories,All · surprise only,-4.2709174224360105,19.51961486000671,-0.2188013161666727,-1.0
2023-03-17 14:00:00+00:00,-1.0,,,U. of Michigan Sentiment,-1.047310607398139,False,-0.0,0.0,-0.0,U. of Michigan Sentiment,All · surprise only,-0.04680563760416517,15.587374013890573,-0.0030027917186342405,0.0
2023-03-31 14:00:00+00:00,-1.0,-8.130204154621623,0.8730995032364895,U. of Michigan Sentiment,-0.3380898508399028,True,8.130204154621623,0.8730995032364895,7.257104651385133,U. of Michigan Sentiment,All · surprise only,10.608095227494271,14.862845580156344,0.7137324525296376,1.0
2023-04-03 14:00:00+00:00,-1.0,9.17471985278695,0.8593611094648255,ISM Manufacturing,-0.3909344633754496,True,-9.17471985278695,0.8593611094648255,-10.034080962251775,ISM Manufacturing,All · surprise only,6.2491557145410335,16.15258085907344,0.3868828002820785,1.0
2023-04-05 14:00:00+00:00,-1.0,-25.261919965320345,0.8607384542324586,ISM Services,-1.473986429421692,True,25.261919965320345,0.8607384542324586,24.401181511087888,ISM Services,All · surprise only,3.4323739228552625,16.697974369015007,0.20555630563336014,1.0
2023-04-07 12:30:00+00:00,-1.0,,,Employment Report (NFP),-0.0016729343970629,False,-0.0,0.0,-0.0,Employment Report (NFP),All · surprise only,-8.778354078989816e-09,0.00043542606689167817,-2.0160377952690703e-05,0.0
2023-04-12 12:30:00+00:00,1.0,-7.64188968206625,0.8553058455730549,CPI,0.5740553717884737,True,-7.64188968206625,0.8553058455730549,-8.497195527639304,CPI,All · surprise only,27.71977644703757,44.61614335559073,0.6212947682660716,1.0
2023-04-13 12:30:00+00:00,1.0,1.4757751535832142,0.8574300750990479,PPI,0.8801177449554096,True,1.4757751535832142,0.8574300750990479,0.6183450784841663,PPI,All · surprise only,5.652855484284865,33.36050168759607,0.169447556191479,0.0
2023-04-14 12:30:00+00:00,-1.0,-9.93948688840618,0.8471110591809312,Retail Sales,-0.1118972388397462,True,9.93948688840618,0.8471110591809312,9.092375829225247,Retail Sales,All · surprise only,5.90686908972892,8.623404704061496,0.6849810825817871,1.0
2023-04-14 14:00:00+00:00,0.0,-44.01544709935479,0.8480276047606515,Business Inventories+U. of Michigan Sentiment,-0.0827830604374955,True,-0.0,0.0,-0.0,Business Inventories+U. of Michigan Sentiment,All · surprise only,-9.860823426177662,23.261935798257667,-0.42390381917038233,-1.0
2023-04-28 14:00:00+00:00,-1.0,34.97380532170524,0.8541470311027333,U. of Michigan Sentiment,-0.0252358627093348,True,-34.97380532170524,0.8541470311027333,-35.827952352807976,U. of Michigan Sentiment,All · surprise only,6.78099551293261,15.854200969808407,0.4277096982588935,1.0
2023-05-01 14:00:00+00:00,1.0,-5.544774192518531,0.8460236886632826,ISM Manufacturing,0.4191953420164795,True,-5.544774192518531,0.8460236886632826,-6.390797881181814,ISM Manufacturing,All · surprise only,2.059453414208268,17.492052393774127,0.11773652215570088,0.0
2023-05-03 14:00:00+00:00,1.0,-13.907590754609345,0.8579881656804733,ISM Services,0.0458100815953766,True,-13.907590754609345,0.8579881656804733,-14.765578920289817,ISM Services,All · surprise only,-5.186095093908786,52.926570107277215,-0.09798660830273068,0.0
2023-05-05 12:30:00+00:00,-1.0,17.384532148589926,0.8689398933301371,Employment Report (NFP),-0.0265887280936876,True,-17.384532148589926,0.8689398933301371,-18.253472041920062,Employment Report (NFP),All · surprise only,11.395663499366194,22.257911993779086,0.5119825930909958,1.0
2023-05-10 12:30:00+00:00,1.0,26.37233916081172,0.863532144239645,CPI,0.0811362628588261,True,26.37233916081172,0.863532144239645,25.508807016572074,CPI,All · surprise only,4.863297177780752,30.740941930267933,0.15820260774092568,0.0
2023-05-11 12:30:00+00:00,1.0,-20.00149931685513,0.8652583840553765,PPI,0.3418379801607591,True,-20.00149931685513,0.8652583840553765,-20.866757700910508,PPI,All · surprise only,1.5548822472952344,12.551188731625755,0.1238832656047417,0.0
2023-05-12 14:00:00+00:00,-1.0,-4.492026728222243,0.8686275684418618,U. of Michigan Sentiment,-1.5059821423350075,True,4.492026728222243,0.8686275684418618,3.623399159780381,U. of Michigan Sentiment,All · surprise only,0.6017781368525554,21.755744798437107,0.027660654343389157,0.0
2023-05-16 12:30:00+00:00,1.0,-1.5012986261275785,0.8704526353703925,Retail Sales,0.0569340677573058,True,-1.5012986261275785,0.8704526353703925,-2.371751261497971,Retail Sales,All · surprise only,2.6826009726265774,10.326056817217788,0.2597894840316564,1.0
2023-05-16 14:00:00+00:00,-1.0,-2.4086228815178856,0.8728629906091981,Business Inventories,-0.6994527547255744,True,2.4086228815178856,0.8728629906091981,1.5357598909086874,Business Inventories,All · surprise only,0.5221422180691397,32.885642842016864,0.015877512888451628,0.0
2023-05-26 14:00:00+00:00,1.0,39.57171108044832,0.878654749280412,U. of Michigan Sentiment,0.4475004257730126,True,39.57171108044832,0.878654749280412,38.6930563311679,U. of Michigan Sentiment,All · surprise only,-4.951640739552572,32.25069312438193,-0.15353594790832786,-1.0
2023-06-01 14:00:00+00:00,-1.0,33.496788225324536,0.8851448280072033,ISM Manufacturing,-0.2671864031629926,True,-33.496788225324536,0.8851448280072033,-34.38193305333174,ISM Manufacturing,All · surprise only,-7.874314035838461,20.33007163446036,-0.3873234771338019,-1.0
2023-06-02 12:30:00+00:00,-1.0,6.008171293441222,0.8723903495577883,Employment Report (NFP),-0.1001406153175313,True,-6.008171293441222,0.8723903495577883,-6.880561642999011,Employment Report (NFP),All · surprise only,-2.694394409961246,22.71336111888692,-0.11862596626972866,0.0
2023-06-05 14:00:00+00:00,-1.0,-18.07381123400731,0.8589029735813292,ISM Services,-0.9649783688993916,True,18.07381123400731,0.8589029735813292,17.21490826042598,ISM Services,All · surprise only,5.042406152162668,25.536478919560736,0.19745894365648922,1.0
2023-06-13 12:30:00+00:00,-1.0,19.613302345717894,0.8508141411177936,CPI,-0.1620995717982549,True,-19.613302345717894,0.8508141411177936,-20.46411648683569,CPI,All · surprise only,20.832667222612805,44.32512335068849,0.46999682455004865,1.0
2023-06-14 12:30:00+00:00,1.0,,,PPI,0.6815921796680281,False,0.0,0.0,0.0,PPI,All · surprise only,-2.6408025708245596e-09,0.0004136680141923404,-6.383869383714748e-06,0.0
2023-06-15 12:30:00+00:00,1.0,,,Retail Sales,0.1580425612543802,False,0.0,0.0,0.0,Retail Sales,All · surprise only,-1.0682108000216978e-08,0.0005198372882910009,-2.054894529658522e-05,0.0
2023-06-15 14:00:00+00:00,0.0,,,Business Inventories,0.0,False,0.0,0.0,0.0,Business Inventories,All · surprise only,1.5819031805993897,16.918557368744732,0.09350106785829096,0.0
2023-06-16 14:00:00+00:00,1.0,,,U. of Michigan Sentiment,1.212492484550577,False,0.0,0.0,0.0,U. of Michigan Sentiment,All · surprise only,5.546539953514029,7.953761982981297,0.6973479927337513,1.0
2023-06-30 14:00:00+00:00,1.0,13.591084028963252,0.8393146561704098,U. of Michigan Sentiment,0.1616951687740749,True,13.591084028963252,0.8393146561704098,12.751769372792841,U. of Michigan Sentiment,All · surprise only,-6.509543312598878,24.210207228043018,-0.26887598488040965,-1.0
2023-07-03 14:00:00+00:00,-1.0,,,ISM Manufacturing,-0.2687949254928601,False,-0.0,0.0,-0.0,ISM Manufacturing,All · surprise only,3.834077390844642,16.91583182808188,0.2266561544126793,1.0
2023-07-06 14:00:00+00:00,1.0,-24.356973584147568,0.8495181181708996,ISM Services,1.2395289916634271,True,-24.356973584147568,0.8495181181708996,-25.206491702318466,ISM Services,All · surprise only,-0.26341353810357726,23.03428719803387,-0.01143571476030139,0.0
2023-07-07 12:30:00+00:00,1.0,-16.71383091743195,0.8501407129455909,Employment Report (NFP),0.0159018729373952,True,-16.71383091743195,0.8501407129455909,-17.56397163037754,Employment Report (NFP),All · surprise only,17.635724693870323,44.43595370103947,0.396879626181125,1.0
2023-07-12 12:30:00+00:00,1.0,4.618537737606232,0.8402143995364334,CPI,0.9296650037596498,True,4.618537737606232,0.8402143995364334,3.7783233380697987,CPI,All · surprise only,19.020420318575542,31.702197538976122,0.5999716674275016,1.0
2023-07-13 12:30:00+00:00,1.0,-3.177400046947554,0.8378112902293869,PPI,0.3941350978376103,True,-3.177400046947554,0.8378112902293869,-4.0152113371769405,PPI,All · surprise only,0.547443995231985,8.473568424570423,0.06460607477300664,0.0
2023-07-14 14:00:00+00:00,1.0,-14.395948587786478,0.8343402957592496,U. of Michigan Sentiment,2.0597370727237494,True,-14.395948587786478,0.8343402957592496,-15.230288883545727,U. of Michigan Sentiment,All · surprise only,-7.049385002324639,32.00208837440571,-0.22027890554675555,-1.0
2023-07-18 12:30:00+00:00,-1.0,-6.332393280512605,0.8345323741007193,Retail Sales,-0.0353422090008289,True,6.332393280512605,0.8345323741007193,5.497860906411885,Retail Sales,All · surprise only,-5.131607269572256,28.931683564958607,-0.177369811820683,-1.0
2023-07-18 14:00:00+00:00,0.0,7.146226382133136,0.8294957238065273,Business Inventories,0.0,True,0.0,0.0,0.0,Business Inventories,All · surprise only,6.635204038123046,13.921643982409947,0.47661066800060775,1.0
2023-07-28 14:00:00+00:00,-1.0,8.14984518250128,0.8153854805150987,U. of Michigan Sentiment,-0.369532730031979,True,-8.14984518250128,0.8153854805150987,-8.96523066301638,U. of Michigan Sentiment,All · surprise only,7.526080550346013,29.533611430836068,0.25483102762326,1.0
2023-08-01 14:00:00+00:00,-1.0,-25.45990044223956,0.8105539717144614,ISM Manufacturing,-0.2270582924881411,True,25.45990044223956,0.8105539717144614,24.6493464705251,ISM Manufacturing,All · surprise only,-0.008302633229116618,19.656924820307086,-0.0004223770149713027,0.0
2023-08-03 14:00:00+00:00,-1.0,-20.699538107074034,0.8220420658767504,ISM Services,-0.1606138185504726,True,20.699538107074034,0.8220420658767504,19.877496041197283,ISM Services,All · surprise only,7.26069100320492,43.128067671771085,0.16835187373714197,0.0
2023-08-04 12:30:00+00:00,-1.0,1.4140071572299462,0.8211110481907242,Employment Report (NFP),-0.1831535520390406,True,-1.4140071572299462,0.8211110481907242,-2.2351182054206706,Employment Report (NFP),All · surprise only,10.338777902443567,24.822448586078426,0.4165091879067092,1.0
2023-08-10 12:30:00+00:00,1.0,-7.620983475682408,0.819672131147541,CPI,0.3020127789670528,True,-7.620983475682408,0.819672131147541,-8.44065560682995,CPI,All · surprise only,-3.8472411957561325,24.836553010784737,-0.1549023809417334,-1.0
2023-08-11 12:30:00+00:00,-1.0,-12.504975198570634,0.8226716972568153,PPI,-0.3678353489783135,True,12.504975198570634,0.8226716972568153,11.682303501313818,PPI,All · surprise only,-11.207144423193427,31.61172995500322,-0.3545248690642968,-1.0
2023-08-11 14:00:00+00:00,1.0,31.142089604507817,0.823278921220724,U. of Michigan Sentiment,0.0517958537398417,True,31.142089604507817,0.823278921220724,30.318810683287094,U. of Michigan Sentiment,All · surprise only,1.6041489089075485,27.215259644742712,0.05894299484360895,0.0
2023-08-15 12:30:00+00:00,1.0,2.2802417154998977,0.8260696177291631,Retail Sales,0.4206347894681734,True,2.2802417154998977,0.8260696177291631,1.4541720977707346,Retail Sales,All · surprise only,4.039319530709355,14.455949825770642,0.27942263077784446,1.0
2023-08-15 14:00:00+00:00,-1.0,-25.639578743117397,0.8250590343964266,Business Inventories,-0.7048202114489214,True,25.639578743117397,0.8250590343964266,24.814519708720972,Business Inventories,All · surprise only,-15.176644393605294,25.29452124296988,-0.5999972977477622,-1.0
2023-08-25 14:00:00+00:00,-1.0,-30.400491112665406,0.8459249752056472,U. of Michigan Sentiment,-0.6300396832195052,True,30.400491112665406,0.8459249752056472,29.55456613745976,U. of Michigan Sentiment,All · surprise only,7.746918061461924,38.23858950096398,0.20259424216645405,1.0
2023-09-01 12:30:00+00:00,1.0,0.8584059406935296,0.830612361803288,Employment Report (NFP),0.2061479043812086,True,0.8584059406935296,0.830612361803288,0.027793578890241588,Employment Report (NFP),All · surprise only,2.120910280739773,21.011160708935883,0.10094208074082106,0.0
2023-09-01 14:00:00+00:00,1.0,16.025185859014357,0.8290688698933645,ISM Manufacturing,0.4918277641841351,True,16.025185859014357,0.8290688698933645,15.196116989120993,ISM Manufacturing,All · surprise only,-3.7007105318258375,17.629850310652124,-0.20991162526149373,-1.0
2023-09-06 14:00:00+00:00,1.0,-4.3423510170370605,0.8387805865679412,ISM Services,0.9202972779379625,True,-4.3423510170370605,0.8387805865679412,-5.181131603605001,ISM Services,All · surprise only,-5.7452386841025875,27.203501099778812,-0.2111948261008691,-1.0
2023-09-13 12:30:00+00:00,-1.0,,,CPI,-0.4305861898891642,False,-0.0,0.0,-0.0,CPI,All · surprise only,2.2565937391774227e-09,0.00045703668989380524,4.937445481022002e-06,0.0
2023-09-14 12:30:00+00:00,0.0,,,PPI+Retail Sales,-0.1553579092930225,False,0.0,0.0,0.0,PPI+Retail Sales,All · surprise only,-1.1432263899652653e-08,0.0005086641239608374,-2.247507414250594e-05,0.0
2023-09-14 14:00:00+00:00,-1.0,,,Business Inventories,-0.7058149899767884,False,-0.0,0.0,-0.0,Business Inventories,All · surprise only,-0.6905017910391887,15.490486455806622,-0.04457586228871164,0.0
2023-09-15 14:00:00+00:00,-1.0,,,U. of Michigan Sentiment,-0.4768353124361976,False,-0.0,0.0,-0.0,U. of Michigan Sentiment,All · surprise only,3.3907958888618426,16.692934510643237,0.20312760986990677,1.0
2023-09-29 14:00:00+00:00,1.0,-23.550202229660755,0.8533678604007886,U. of Michigan Sentiment,0.1514252515685921,True,-23.550202229660755,0.8533678604007886,-24.403570090061542,U. of Michigan Sentiment,All · surprise only,-14.419342128362889,26.254059449426673,-0.5492233365334964,-1.0
2023-10-02 14:00:00+00:00,-1.0,-10.702819430523649,0.8629154640402297,ISM Manufacturing,-0.1566272894723631,True,10.702819430523649,0.8629154640402297,9.83990396648342,ISM Manufacturing,All · surprise only,21.446902973436273,45.35455303037939,0.4728721052343015,1.0
2023-10-04 14:00:00+00:00,1.0,-31.691920946244068,0.8734676666365471,ISM Services,0.046078196022437,True,-31.691920946244068,0.8734676666365471,-32.56538861288062,ISM Services,All · surprise only,-8.360562039077918,27.537553413011747,-0.3036058401298452,-1.0
2023-10-06 12:30:00+00:00,1.0,-18.719247034972852,0.8700087000870008,Employment Report (NFP),0.0892200242871756,True,-18.719247034972852,0.8700087000870008,-19.589255735059854,Employment Report (NFP),All · surprise only,-11.770340276311446,37.77101169641308,-0.31162364330922104,-1.0
2023-10-11 12:30:00+00:00,-1.0,22.925677971699088,0.852189244784014,PPI,-0.6482130946295078,True,-22.925677971699088,0.852189244784014,-23.777867216483102,PPI,All · surprise only,-6.458314118626754,26.960411997505982,-0.2395480499045857,-1.0
2023-10-12 12:30:00+00:00,-1.0,-19.95305826303806,0.8494932333470032,CPI,-0.5048087791850232,True,19.95305826303806,0.8494932333470032,19.103565029691055,CPI,All · surprise only,6.068088400470941,14.183760461515156,0.4278194359623814,1.0
2023-10-13 14:00:00+00:00,-1.0,-21.18769552561517,0.8514386376981796,U. of Michigan Sentiment,-1.1963745297656416,True,21.18769552561517,0.8514386376981796,20.33625688791699,U. of Michigan Sentiment,All · surprise only,-3.596519077013107,26.028717250959293,-0.13817504114155132,-1.0
2023-10-17 12:30:00+00:00,1.0,-1.762580422290938,0.8511887290871735,Retail Sales,0.3814422292219561,True,-1.762580422290938,0.8511887290871735,-2.6137691513781114,Retail Sales,All · surprise only,-0.419691056526186,14.992665013666825,-0.02799309236507381,0.0
2023-10-17 14:00:00+00:00,1.0,7.046595905073616,0.8517637383616764,Business Inventories,0.7068159910615361,True,7.046595905073616,0.8517637383616764,6.194832166711939,Business Inventories,All · surprise only,11.35057974979997,38.238382827931154,0.29683733752225944,1.0
2023-10-27 14:00:00+00:00,1.0,-8.544400886023595,0.8837421910711565,U. of Michigan Sentiment,0.2971298403222687,True,-8.544400886023595,0.8837421910711565,-9.428143077094752,U. of Michigan Sentiment,All · surprise only,-13.571042771721366,20.505660555341702,-0.6618193417907781,-1.0
2023-11-01 14:00:00+00:00,-1.0,26.483703934925273,0.8742049256925812,ISM Manufacturing,-0.4370947484304193,True,-26.483703934925273,0.8742049256925812,-27.357908860617854,ISM Manufacturing,All · surprise only,-0.8137538323761747,53.09992517032035,-0.015324952526129245,0.0
2023-11-03 12:30:00+00:00,-1.0,17.039783193428804,0.8549276259544235,Employment Report (NFP),-0.2327788883684226,True,-17.039783193428804,0.8549276259544235,-17.894710819383228,Employment Report (NFP),All · surprise only,16.24793492844349,26.840138558580392,0.6053595771490259,1.0
2023-11-03 14:00:00+00:00,-1.0,-9.979161991591212,0.8506893517160458,ISM Services,-0.5545907482542947,True,9.979161991591212,0.8506893517160458,9.128472639875167,ISM Services,All · surprise only,0.4260275123116446,21.24133763614283,0.020056529377262232,0.0
2023-11-10 15:00:00+00:00,-1.0,-7.055918444098808,0.8519639237345398,U. of Michigan Sentiment,-1.1149234859701074,True,7.055918444098808,0.8519639237345398,6.203954520364268,U. of Michigan Sentiment,All · surprise only,-3.531063155164677,20.65483642890798,-0.1709557549544518,-1.0
2023-11-14 13:30:00+00:00,1.0,38.339073496249654,0.8429742456833904,CPI,0.8053453819483084,True,38.339073496249654,0.8429742456833904,37.49609925056626,CPI,All · surprise only,15.347593525049003,30.78148500509539,0.4985982165093221,1.0
2023-11-15 13:30:00+00:00,1.0,-16.861723604684187,0.828666133272374,PPI+Retail Sales,0.546873600388985,True,-16.861723604684187,0.828666133272374,-17.69038973795656,PPI+Retail Sales,All · surprise only,9.051734395270682,27.84740532413095,0.325047676432065,1.0
2023-11-15 15:00:00+00:00,0.0,10.288066751069636,0.8292348164245683,Business Inventories,0.0,True,0.0,0.0,0.0,Business Inventories,All · surprise only,4.542945118130034,42.18704572921281,0.1076857845721164,0.0
2023-11-22 15:00:00+00:00,1.0,11.636323667509885,0.8229051389007122,U. of Michigan Sentiment,0.1115179097470865,True,11.636323667509885,0.8229051389007122,10.813418528609173,U. of Michigan Sentiment,All · surprise only,2.3618678078291584,19.215063265069844,0.1229175139965678,0.0
2023-12-01 15:00:00+00:00,1.0,1.109231580951331,0.8040368193412443,ISM Manufacturing,0.1669719534082837,True,1.109231580951331,0.8040368193412443,0.30519476161008663,ISM Manufacturing,All · surprise only,-0.2631195151654535,14.876254124764566,-0.017687215676655946,0.0
2023-12-05 15:00:00+00:00,1.0,0.2766136951493081,0.8032795966982438,ISM Services,0.1851212529593981,True,0.2766136951493081,0.8032795966982438,-0.5266659015489357,ISM Services,All · surprise only,0.13718061250069669,26.557755760877264,0.005165369157539285,0.0
2023-12-08 13:30:00+00:00,1.0,11.914494142981624,0.8031683607056804,Employment Report (NFP),0.186887473709646,True,11.914494142981624,0.8031683607056804,11.111325782275944,Employment Report (NFP),All · surprise only,8.278210038286277,21.703821632623427,0.3814171613833732,1.0
2023-12-08 15:00:00+00:00,1.0,1.1034178378643844,0.8014370595550643,U. of Michigan Sentiment,2.126770358773564,True,1.1034178378643844,0.8014370595550643,0.30198077830932013,U. of Michigan Sentiment,All · surprise only,-19.545897581298306,44.94318717093974,-0.4349023469776679,-1.0
2023-12-12 13:30:00+00:00,-1.0,-30.129579888313884,0.793194934493039,CPI,-0.2654370051827885,True,30.129579888313884,0.793194934493039,29.336384953820847,CPI,All · surprise only,11.877877756318206,19.278371842969648,0.6161245282054137,1.0
2023-12-13 13:30:00+00:00,1.0,,,PPI,0.536558552849708,False,0.0,0.0,0.0,PPI,All · surprise only,4.433417650265971e-09,0.0003869849629049359,1.1456304702348483e-05,0.0
2023-12-14 13:30:00+00:00,1.0,,,Retail Sales,0.2835822483307001,False,0.0,0.0,0.0,Retail Sales,All · surprise only,4.433417650265968e-09,0.00038698496290493585,1.1456304702348478e-05,0.0
2023-12-14 15:00:00+00:00,0.0,,,Business Inventories,0.0,False,0.0,0.0,0.0,Business Inventories,All · surprise only,-1.2803582431363623,17.420266510464998,-0.07349820063701114,0.0
2023-12-22 15:00:00+00:00,-1.0,3.9633784356141177,0.7663645252503898,U. of Michigan Sentiment,-0.0794559767056472,True,-3.9633784356141177,0.7663645252503898,-4.729742960864508,U. of Michigan Sentiment,All · surprise only,11.625288172908904,17.760610303581917,0.6545545436895457,1.0
2024-01-02 15:00:00+00:00,-1.0,-6.853287210084602,0.7643043512637377,ISM Manufacturing,-0.147552730685314,True,6.853287210084602,0.7643043512637377,6.088982858820865,ISM Manufacturing,All · surprise only,-3.0302353816928655,20.13904067783043,-0.1504657262561978,-1.0
2024-01-03 15:00:00+00:00,0.0,-15.084755351413293,0.7673378668007302,ISM Manufacturing+JOLTS,-0.1400060732610997,True,-0.0,0.0,-0.0,ISM Manufacturing+JOLTS,All · surprise only,4.172894482434862,21.261159192519806,0.19626843694877127,0.0
2024-01-05 13:30:00+00:00,-1.0,19.146905115459138,0.7704979010574419,Employment Report (NFP),-0.3349725293676338,True,-19.146905115459138,0.7704979010574419,-19.91740301651658,Employment Report (NFP),All · surprise only,-0.02005439442206991,10.603039409809387,-0.0018913816734017431,0.0
2024-01-05 15:00:00+00:00,-1.0,6.618571953840302,0.7689248309691104,ISM Services,-0.8819703762954058,True,-6.618571953840302,0.7689248309691104,-7.387496784809413,ISM Services,All · surprise only,7.314389712652753,30.666460292921457,0.2385143131221143,1.0
2024-01-11 13:30:00+00:00,-1.0,-11.35358618006066,0.7639821913116783,CPI,-0.7572578714008459,True,11.35358618006066,0.7639821913116783,10.589603988748982,CPI,All · surprise only,-7.158487878877614,37.420063213279825,-0.19130079599483876,-1.0
2024-01-12 13:30:00+00:00,1.0,6.0820014303253345,0.7682322710535378,PPI,0.4874189349370815,True,6.0820014303253345,0.7682322710535378,5.313769159271796,PPI,All · surprise only,2.4769898112840467,21.336065447966106,0.11609402948846737,0.0
2024-01-17 13:30:00+00:00,1.0,-4.2816238712362065,0.7752145205699164,Retail Sales,0.2695311791201982,True,-4.2816238712362065,0.7752145205699164,-5.056838391806123,Retail Sales,All · surprise only,1.2978979928949141,21.1868453275874,0.061259615238938886,0.0
2024-01-19 15:00:00+00:00,1.0,1.059939584422409,0.7687210072895958,U. of Michigan Sentiment,2.1144540405073533,True,1.059939584422409,0.7687210072895958,0.2912185771328133,U. of Michigan Sentiment,All · surprise only,11.222058416992061,89.54337705267804,0.1253253873861622,0.0
2024-01-30 15:00:00+00:00,-1.0,-7.024025054978011,0.7537557831262671,JOLTS,-0.8204848023574096,True,7.024025054978011,0.7537557831262671,6.2702692718517445,JOLTS,All · surprise only,-8.214355262748581,19.86833374817411,-0.4134395650316412,-1.0
2024-01-31 19:00:00+00:00,0.0,0.2595346543898813,0.7511591162224467,FOMC Rate Decision,0.0,True,0.0,0.0,0.0,FOMC Rate Decision,All · surprise only,13.327551906205288,33.97985005402007,0.3922192677430176,1.0
2024-02-01 15:00:00+00:00,1.0,35.2145186720243,0.7571406192888099,ISM Manufacturing,0.9351872603869764,True,35.2145186720243,0.7571406192888099,34.457378052735486,ISM Manufacturing,All · surprise only,5.587258527007961,17.248579816218154,0.3239257136842353,1.0
2024-02-02 13:30:00+00:00,-1.0,-16.09762777841084,0.7503040024837649,Employment Report (NFP),-0.38775356028151,True,16.09762777841084,0.7503040024837649,15.347323775927075,Employment Report (NFP),All · surprise only,-9.684791175890696,44.0161023830225,-0.22002836806437065,-1.0
2024-02-02 15:00:00+00:00,-1.0,11.167527034228186,0.7534033045827704,U. of Michigan Sentiment,-0.020724720425678,True,-11.167527034228186,0.7534033045827704,-11.920930338810956,U. of Michigan Sentiment,All · surprise only,4.70303882518755,19.47925409656551,0.24143834265280043,1.0
2024-02-05 15:00:00+00:00,1.0,-30.68284689131673,0.7518407134709115,ISM Services,0.6496483098356184,True,-30.68284689131673,0.7518407134709115,-31.43468760478764,ISM Services,All · surprise only,-1.5183837335561559,33.7845441689253,-0.04494314695986784,0.0
2024-02-13 13:30:00+00:00,-1.0,-42.99299569940018,0.7468644569780319,CPI,-1.1752230772837458,True,42.99299569940018,0.7468644569780319,42.24613124242215,CPI,All · surprise only,-18.33084960460404,35.79185582787567,-0.5121514149128717,-1.0
2024-02-15 13:30:00+00:00,-1.0,-2.33381307216618,0.7523673628226748,Retail Sales,-0.5833450170591599,True,2.33381307216618,0.7523673628226748,1.581445709343505,Retail Sales,All · surprise only,-0.20079672489313688,20.234564711690265,-0.009923451665709869,0.0
2024-02-16 13:30:00+00:00,-1.0,-2.322191126769013,0.7469029283745847,PPI,-1.3558344873028956,True,2.322191126769013,0.7469029283745847,1.5752881983944285,PPI,All · surprise only,-10.919386262755792,32.44794567057844,-0.33652011050600156,-1.0
2024-02-16 15:00:00+00:00,-1.0,15.747424936609631,0.7493927334745981,U. of Michigan Sentiment,-0.0875138795886973,True,-15.747424936609631,0.7493927334745981,-16.49681767008423,U. of Michigan Sentiment,All · surprise only,-0.3732244292050062,31.114257129767754,-0.011995286522458333,0.0
2024-03-01 15:00:00+00:00,-1.0,35.90668130728503,0.7452330780695894,ISM Manufacturing+U. of Michigan Sentiment,-0.5416049513565653,True,-35.90668130728503,0.7452330780695894,-36.651914385354615,ISM Manufacturing+U. of Michigan Sentiment,All · surprise only,5.452259308038721,28.15503887602341,0.1936512796891152,0.0
2024-03-05 15:00:00+00:00,-1.0,-2.830564973930194,0.7470568536026173,ISM Services,-0.1860395184034023,True,2.830564973930194,0.7470568536026173,2.083508120327577,ISM Services,All · surprise only,-18.431867213912767,37.15166257160339,-0.49612496287046476,-1.0
2024-03-06 15:00:00+00:00,-1.0,-6.9667533877826315,0.7480782128669453,JOLTS,-0.0387423482543086,True,6.9667533877826315,0.7480782128669453,6.2186751749156866,JOLTS,All · surprise only,7.205320988429102,28.316293844290183,0.2544584763829188,1.0
2024-03-08 13:30:00+00:00,-1.0,13.66032404387596,0.7492959202129034,Employment Report (NFP),-0.0706665400889625,True,-13.66032404387596,0.7492959202129034,-14.409619964088863,Employment Report (NFP),All · surprise only,1.6372003902772203,17.683852088085203,0.09258166049580974,0.0
2024-03-12 12:30:00+00:00,-1.0,38.67579078409733,0.747576819962879,CPI,-0.4778384284304798,True,-38.67579078409733,0.747576819962879,-39.42336760406021,CPI,All · surprise only,-5.037501223836732,36.18482022553603,-0.1392158698713587,-1.0
2024-03-14 12:30:00+00:00,-1.0,,,PPI+Retail Sales,-0.4441833671280292,False,-0.0,0.0,-0.0,PPI+Retail Sales,All · surprise only,1.3368121855323424e-09,0.00043383459453681417,3.081386782812e-06,0.0
2024-03-15 14:00:00+00:00,-1.0,,,U. of Michigan Sentiment,-0.0305883809511615,False,-0.0,0.0,-0.0,U. of Michigan Sentiment,All · surprise only,-2.4755010786892013,16.775293218167977,-0.14756827475350381,-1.0
2024-03-20 18:00:00+00:00,0.0,24.96691291245412,0.7336942771846379,FOMC Rate Decision,0.0,True,0.0,0.0,0.0,FOMC Rate Decision,All · surprise only,1.944398887707396,15.937877593715843,0.12199860842663608,0.0
2024-03-28 14:00:00+00:00,1.0,-8.222557678578823,0.7222554293684001,U. of Michigan Sentiment,0.7495036627979537,True,-8.222557678578823,0.7222554293684001,-8.944813107947224,U. of Michigan Sentiment,All · surprise only,27.392684569190475,60.08143398889097,0.45592594501415146,1.0
2024-04-01 14:00:00+00:00,1.0,-19.012839390146752,0.7244747558020435,ISM Manufacturing,0.2691173535014057,True,-19.012839390146752,0.7244747558020435,-19.737314145948794,ISM Manufacturing,All · surprise only,-2.3875757664557518,27.66060565630349,-0.08631682892712274,0.0
2024-04-02 14:00:00+00:00,-1.0,12.420944828139824,0.7353127614797534,JOLTS,-0.0777388175333528,True,-12.420944828139824,0.7353127614797534,-13.156257589619578,JOLTS,All · surprise only,-11.722046537014485,21.476475613125736,-0.5458086675008419,-1.0
2024-04-03 14:00:00+00:00,-1.0,-0.7581980164061974,0.7341400435420992,ISM Services,-0.652812306132463,True,0.7581980164061974,0.7341400435420992,0.024057972864098276,ISM Services,All · surprise only,8.652050102817295,22.03073254809339,0.39272639182241226,1.0
2024-04-05 12:30:00+00:00,1.0,-1.0261672661648902,0.7431133888532991,Employment Report (NFP),0.194963804370428,True,-1.0261672661648902,0.7431133888532991,-1.7692806550181892,Employment Report (NFP),All · surprise only,2.0615598783605678,26.083328423498273,0.07903745430369707,0.0
2024-04-10 12:30:00+00:00,-1.0,-44.016081566446985,0.7383267987168389,CPI,-0.7664412194645043,True,44.016081566446985,0.7383267987168389,43.277754767730144,CPI,All · surprise only,-15.293900937711726,33.312569219866724,-0.459103014143708,-1.0
2024-04-11 12:30:00+00:00,1.0,13.165539171744456,0.7517822423849643,PPI,0.0592735121268001,True,13.165539171744456,0.7517822423849643,12.413756929359492,PPI,All · surprise only,8.41217351601345,31.145226925595935,0.2700951107567662,1.0
2024-04-12 14:00:00+00:00,-1.0,-26.788400784294453,0.7528556593977155,U. of Michigan Sentiment,-0.4673436856939909,True,26.788400784294453,0.7528556593977155,26.035545124896736,U. of Michigan Sentiment,All · surprise only,6.8628498941577165,28.810916029144053,0.23820311326496915,1.0
2024-04-15 12:30:00+00:00,1.0,25.467127404930068,0.7537949677687669,Retail Sales,0.4899628127387242,True,25.467127404930068,0.7537949677687669,24.713332437161302,Retail Sales,All · surprise only,1.683739344931185,11.640592730994701,0.14464378093462493,0.0
2024-04-26 14:00:00+00:00,-1.0,10.406911127631702,0.7551493372913574,U. of Michigan Sentiment,-0.2085880846826101,True,-10.406911127631702,0.7551493372913574,-11.162060464923059,U. of Michigan Sentiment,All · surprise only,1.895119947456931,16.1984677076398,0.11699377877347755,0.0
2024-05-01 14:00:00+00:00,1.0,17.891445822932894,0.7631779783678517,ISM Manufacturing+JOLTS,0.3242630803040228,True,17.891445822932894,0.7631779783678517,17.12826784456504,ISM Manufacturing+JOLTS,All · surprise only,-0.3056046781103794,25.551399209153185,-0.011960389159467389,0.0
2024-05-01 18:00:00+00:00,0.0,21.208915691381947,0.7611149021048763,FOMC Rate Decision,0.0,True,0.0,0.0,0.0,FOMC Rate Decision,All · surprise only,-2.550621191005819,32.54329053191308,-0.07837625357843245,0.0
2024-05-03 12:30:00+00:00,-1.0,-8.230241456317344,0.750168141135082,Employment Report (NFP),-0.0870246832772972,True,8.230241456317344,0.750168141135082,7.4800733151822625,Employment Report (NFP),All · surprise only,18.6979718904584,29.83890969967209,0.6266305330406855,1.0
2024-05-03 14:00:00+00:00,-1.0,-27.581957759625908,0.7454629582026632,ISM Services,-1.2135094696925872,True,27.581957759625908,0.7454629582026632,26.836494801423246,ISM Services,All · surprise only,-1.9261357267773458,26.194488845531797,-0.07353209822629932,0.0
2024-05-10 14:00:00+00:00,-1.0,-4.034494986395742,0.730570600831339,U. of Michigan Sentiment,-2.1726175926367697,True,4.034494986395742,0.730570600831339,3.3039243855644034,U. of Michigan Sentiment,All · surprise only,3.4019231124759113,19.589210039818994,0.1736631086991676,0.0
2024-05-14 12:30:00+00:00,-1.0,28.330780591510063,0.7323047397792986,PPI,-0.6190507357095073,True,-28.330780591510063,0.7323047397792986,-29.06308533128936,PPI,All · surprise only,-22.870579738132577,33.73526379616697,-0.6779428160490968,-1.0
2024-05-15 12:30:00+00:00,0.0,-4.769136249223038,0.7306074118862268,CPI+Retail Sales,0.040853595856144,True,-0.0,0.0,-0.0,CPI+Retail Sales,All · surprise only,18.095798460677994,30.90353218039733,0.5855576105360696,1.0
2024-05-24 14:00:00+00:00,1.0,-5.354342882348817,0.7402869250012764,U. of Michigan Sentiment,0.3551438966268981,True,-5.354342882348817,0.7402869250012764,-6.094629807350094,U. of Michigan Sentiment,All · surprise only,13.4370928523201,39.339569279494924,0.341566852368258,1.0
2024-06-03 14:00:00+00:00,-1.0,-4.132444916500333,0.7493346425156971,ISM Manufacturing,-0.4027774288517774,True,4.132444916500333,0.7493346425156971,3.3831102739846357,ISM Manufacturing,All · surprise only,-2.1728773944243645,25.851065931602648,-0.08405368661290076,0.0
2024-06-04 14:00:00+00:00,1.0,12.39285504063048,0.7496639437493537,JOLTS,0.8737619779775578,True,12.39285504063048,0.7496639437493537,11.643191096881125,JOLTS,All · surprise only,0.8939594951612879,23.72617235690343,0.037678201174374384,0.0
2024-06-05 14:00:00+00:00,1.0,-9.044512535947293,0.7486382528332085,ISM Services,1.3034573972252783,True,-9.044512535947293,0.7486382528332085,-9.793150788780501,ISM Services,All · surprise only,-3.078855896029001,33.42811377326596,-0.0921037877551831,0.0
2024-06-07 12:30:00+00:00,-1.0,4.896844210673379,0.7441621760328458,Employment Report (NFP),-0.20423991577674,True,-4.896844210673379,0.7441621760328458,-5.641006386706225,Employment Report (NFP),All · surprise only,-19.95679912556598,36.172778220666665,-0.5517076682311347,-1.0
2024-06-12 12:30:00+00:00,1.0,26.60596621796074,0.746941403734707,CPI,0.9012986804965564,True,26.60596621796074,0.746941403734707,25.859024814226036,CPI,All · surprise only,15.161387493264572,30.996386418335454,0.4891340328721698,1.0
2024-06-12 18:00:00+00:00,0.0,11.342253684194503,0.7468836921809003,FOMC Rate Decision,0.0,True,0.0,0.0,0.0,FOMC Rate Decision,All · surprise only,-2.1453922567847448,24.601356753925657,-0.08720625769724684,0.0
2024-06-13 12:30:00+00:00,1.0,-13.687841911877996,0.7495670604047662,PPI,1.0325509387972418,True,-13.687841911877996,0.7495670604047662,-14.437408972282762,PPI,All · surprise only,15.66123863058285,25.183498326261862,0.6218849513155602,1.0
2024-06-14 14:00:00+00:00,-1.0,-9.635793810396365,0.7540301612064483,U. of Michigan Sentiment,-1.5077009336686769,True,9.635793810396365,0.7540301612064483,8.881763649189917,U. of Michigan Sentiment,All · surprise only,-6.65346864267894,32.52648784401729,-0.20455539726840613,-1.0
2024-06-18 12:30:00+00:00,-1.0,,,Retail Sales,-0.1991426389856368,False,-0.0,0.0,-0.0,Retail Sales,All · surprise only,-3.299312719361441,14.560820436295808,-0.22658838035920234,-1.0
2024-06-28 14:00:00+00:00,1.0,26.71372556369178,0.7322862481692843,U. of Michigan Sentiment,0.5564715042583241,True,26.71372556369178,0.7322862481692843,25.981439315522497,U. of Michigan Sentiment,All · surprise only,1.7771432188043232,26.953273950012463,0.06593422461776675,0.0
2024-07-01 14:00:00+00:00,-1.0,-45.91677467173483,0.7301475401581148,ISM Manufacturing,-0.4876935484636415,True,45.91677467173483,0.7301475401581148,45.186627131576714,ISM Manufacturing,All · surprise only,4.920811038684864,13.784898508104352,0.3569711475054999,1.0
2024-07-02 14:00:00+00:00,-1.0,0.0,0.7344561225781943,JOLTS,-0.5833799148516129,True,-0.0,0.7344561225781943,-0.7344561225781943,JOLTS,All · surprise only,-1.3120521300660835,30.749798027221203,-0.04266864221041685,0.0
2024-07-03 14:00:00+00:00,-1.0,,,ISM Services,-1.7907001556583515,False,-0.0,0.0,-0.0,ISM Services,All · surprise only,-2.5944334587295557,15.84694140253697,-0.1637182464948225,-1.0
2024-07-05 12:30:00+00:00,-1.0,-2.269145928419647,0.7316950093354191,Employment Report (NFP),-0.042536768431817,True,2.269145928419647,0.7316950093354191,1.5374509190842278,Employment Report (NFP),All · surprise only,-1.2777840262364388,11.59629595498305,-0.11018898027411603,0.0
2024-07-11 12:30:00+00:00,1.0,-24.468814485469892,0.725,CPI,1.1642994529213304,True,-24.468814485469892,0.725,-25.193814485469893,CPI,All · surprise only,6.112263755622287,25.934189920725924,0.23568361974312244,1.0
2024-07-12 12:30:00+00:00,-1.0,16.943244198799334,0.7225973637654798,PPI,-0.5983242205782651,True,-16.943244198799334,0.7225973637654798,-17.665841562564815,PPI,All · surprise only,-0.030966660106168886,14.60395066863255,-0.0021204303416801715,0.0
2024-07-12 14:00:00+00:00,-1.0,25.36620693163627,0.7222554293684001,U. of Michigan Sentiment,-0.4645606680910795,True,-25.36620693163627,0.7222554293684001,-26.08846236100467,U. of Michigan Sentiment,All · surprise only,-9.470391358759997,32.96813615476992,-0.28725892523316926,-1.0
2024-07-16 12:30:00+00:00,1.0,16.000988089945878,0.7147434317543254,Retail Sales,0.4072349741296833,True,16.000988089945878,0.7147434317543254,15.286244658191553,Retail Sales,All · surprise only,-2.4511666913760544,15.14829990941307,-0.16181133896437533,-1.0
2024-07-26 14:00:00+00:00,-1.0,13.00151049710152,0.7123031955395083,U. of Michigan Sentiment,-0.0311151528672282,True,-13.00151049710152,0.7123031955395083,-13.713813692641029,U. of Michigan Sentiment,All · surprise only,5.980496221267008,22.532349210204778,0.26541822894163536,1.0
2024-07-30 14:00:00+00:00,-1.0,-19.780950806946866,0.7075241534107544,JOLTS,-0.5535765291927877,True,19.780950806946866,0.7075241534107544,19.07342665353611,JOLTS,All · surprise only,7.868967198122267,18.331151969013334,0.42926746837426444,1.0
2024-07-31 18:00:00+00:00,0.0,16.982051630947126,0.7033201561855795,FOMC Rate Decision,0.0,True,0.0,0.0,0.0,FOMC Rate Decision,All · surprise only,4.95895777196001,17.117744084437977,0.28969692194827706,1.0
2024-08-01 14:00:00+00:00,-1.0,-57.92583624183223,0.7061974917813223,ISM Manufacturing,-0.4767604809750534,True,57.92583624183223,0.7061974917813223,57.219638750050905,ISM Manufacturing,All · surprise only,10.54030047358401,32.41302197055811,0.32518721898742226,1.0
2024-08-02 12:30:00+00:00,-1.0,5.996701993709053,0.7208550832711905,Employment Report (NFP),-0.0520498972563421,True,-5.996701993709053,0.7208550832711905,-6.717557076980243,Employment Report (NFP),All · surprise only,-22.323343667610754,33.947050648467545,-0.6575930232872377,-1.0
2024-08-05 14:00:00+00:00,1.0,-87.90926446849312,0.747866003043041,ISM Services,0.1845635808619574,True,-87.90926446849312,0.747866003043041,-88.65713047153616,ISM Services,All · surprise only,-5.034319958781315,42.63992552512281,-0.11806587128805297,-1.0
2024-08-13 12:30:00+00:00,1.0,1.5151515180455988,0.7335829201659414,PPI,0.3450978502168926,True,1.5151515180455988,0.7335829201659414,0.7815685978796574,PPI,All · surprise only,2.648279007542744,20.998362645677723,0.12611835752288345,0.0
2024-08-14 12:30:00+00:00,1.0,4.25985096963899,0.727145077980041,CPI,0.3098392583032254,True,4.25985096963899,0.727145077980041,3.5327058916589484,CPI,All · surprise only,3.446746067682352,15.516092506591457,0.22214008238337873,1.0
2024-08-15 12:30:00+00:00,1.0,35.61098800036078,0.7200496585971445,Retail Sales,0.2996817509038771,True,35.61098800036078,0.7200496585971445,34.89093834176363,Retail Sales,All · surprise only,7.36672571947474,31.250690659397257,0.2357300131304306,1.0
2024-08-16 14:00:00+00:00,1.0,-24.592998475547745,0.7132492191150791,U. of Michigan Sentiment,0.1227898524426557,True,-24.592998475547745,0.7132492191150791,-25.306247694662822,U. of Michigan Sentiment,All · surprise only,1.1511304931013566,31.096960521765364,0.03701746002782678,0.0
2024-08-30 14:00:00+00:00,1.0,0.0,0.698997300424219,U. of Michigan Sentiment,0.0464482738396356,True,0.0,0.698997300424219,-0.698997300424219,U. of Michigan Sentiment,All · surprise only,3.9386431368030155,43.17019447321086,0.09123524192709229,0.0
2024-09-03 14:00:00+00:00,-1.0,-32.958540885523746,0.7005677014132141,ISM Manufacturing,-0.0485814437334042,True,32.958540885523746,0.7005677014132141,32.25797318411053,ISM Manufacturing,All · surprise only,2.8033540643810833,17.066400476179325,0.16426158921407624,0.0
2024-09-04 14:00:00+00:00,1.0,31.14888265486115,0.7050128847182379,JOLTS,1.2886503542298795,True,31.14888265486115,0.7050128847182379,30.443869770142914,JOLTS,All · surprise only,9.216400733454499,19.243962891890963,0.4789242623897448,1.0
2024-09-05 14:00:00+00:00,1.0,5.364414554041019,0.7081115397763345,ISM Services,0.0462731692942805,True,5.364414554041019,0.7081115397763345,4.656303014264685,ISM Services,All · surprise only,-1.2383422722742767,24.664232265614956,-0.05020802021884467,0.0
2024-09-06 12:30:00+00:00,-1.0,23.542694249361062,0.7130387745568095,Employment Report (NFP),-0.0943309445874508,True,-23.542694249361062,0.7130387745568095,-24.255733023917873,Employment Report (NFP),All · surprise only,-0.623071796239008,9.752890257900003,-0.06388586149980613,0.0
2024-09-11 12:30:00+00:00,-1.0,27.604582141123046,0.7128109330449317,CPI,-0.1677863014867797,True,-27.604582141123046,0.7128109330449317,-28.317393074167978,CPI,All · surprise only,-13.601110869451222,34.0315762166914,-0.3996615020958187,-1.0
2024-09-12 12:30:00+00:00,-1.0,-8.789492240275365,0.7073170731707317,PPI,-0.2352160732074721,True,8.789492240275365,0.7073170731707317,8.082175167104634,PPI,All · surprise only,-3.588676016274281,17.9147479663104,-0.20031964853890044,-1.0
2024-09-13 14:00:00+00:00,1.0,8.218516295315226,0.7012453149558698,U. of Michigan Sentiment,0.2144307516473969,True,8.218516295315226,0.7012453149558698,7.517270980359356,U. of Michigan Sentiment,All · surprise only,-10.474892928501397,27.23817491652601,-0.3845666224188187,-1.0
2024-09-17 12:30:00+00:00,1.0,,,Retail Sales,0.0277408614337283,False,0.0,0.0,0.0,Retail Sales,All · surprise only,-5.630021802204219,12.322930689335623,-0.456873607759272,-1.0
2024-09-18 18:00:00+00:00,-1.0,,,FOMC Rate Decision,-5.0,False,-0.0,0.0,-0.0,FOMC Rate Decision,All · surprise only,-2.4319035343406528,10.243868432945519,-0.23740089500948267,-1.0
2024-09-27 14:00:00+00:00,1.0,29.891199688236725,0.678918412735573,U. of Michigan Sentiment,0.1418831971197052,True,29.891199688236725,0.678918412735573,29.21228127550115,U. of Michigan Sentiment,All · surprise only,-1.405357387119233,14.562052213882334,-0.09650819585576503,0.0
2024-10-01 14:00:00+00:00,-1.0,-13.220020811104405,0.6837042625424368,ISM Manufacturing+JOLTS,-0.7875306739426045,True,13.220020811104405,0.6837042625424368,12.536316548561969,ISM Manufacturing+JOLTS,All · surprise only,-1.7800716593433101,20.767023073947474,-0.08571626530219613,0.0
2024-10-03 14:00:00+00:00,1.0,-1.8922818610356271,0.686731866726657,ISM Services,1.484916701919426,True,-1.8922818610356271,0.686731866726657,-2.579013727762284,ISM Services,All · surprise only,-5.0160305276505674,19.86766996966052,-0.2524720078051647,-1.0
2024-10-04 12:30:00+00:00,-1.0,28.93336763154508,0.6837848671335266,Employment Report (NFP),-0.1422415160513053,True,-28.93336763154508,0.6837848671335266,-29.617152498678607,Employment Report (NFP),All · surprise only,3.5346183603302044,17.25418756625987,0.20485568194715015,1.0
2024-10-10 12:30:00+00:00,-1.0,-5.851032874186757,0.6778234854151085,CPI,-0.9099158715024142,True,5.851032874186757,0.6778234854151085,5.173209388771649,CPI,All · surprise only,1.4589472578452718,27.25508621722362,0.05352935764786913,0.0
2024-10-11 12:30:00+00:00,-1.0,-10.991710551344624,0.6783625730994152,PPI,-0.1107712752265794,True,10.991710551344624,0.6783625730994152,10.31334797824521,PPI,All · surprise only,2.8771180180689075,13.873858051283898,0.2073769248203211,1.0
2024-10-11 14:00:00+00:00,-1.0,34.910548174948985,0.6757386522509087,U. of Michigan Sentiment,-0.5357844291061307,True,-34.910548174948985,0.6757386522509087,-35.58628682719989,U. of Michigan Sentiment,All · surprise only,-9.316822734227028,27.324789064939868,-0.34096595264046664,-1.0
2024-10-17 12:30:00+00:00,1.0,5.296549306894605,0.6681103994839422,Retail Sales,0.2800718448031246,True,5.296549306894605,0.6681103994839422,4.628438907410662,Retail Sales,All · surprise only,-1.1474258740188787,12.267313521768587,-0.0935352204036156,0.0
2024-10-25 14:00:00+00:00,1.0,4.209541689856877,0.6786642016334745,U. of Michigan Sentiment,0.5011153801950475,True,4.209541689856877,0.6786642016334745,3.5308774882234024,U. of Michigan Sentiment,All · surprise only,1.5551692583695347,29.628653061906906,0.052488692453218244,0.0
2024-10-29 14:00:00+00:00,1.0,26.32817693843492,0.6820640669833952,JOLTS,1.6752316714054052,True,26.32817693843492,0.6820640669833952,25.646112871451525,JOLTS,All · surprise only,-0.37172219144108276,20.113454729088726,-0.018481270196883986,0.0
2024-11-01 12:30:00+00:00,-1.0,24.45772765117482,0.6892945426887241,Employment Report (NFP),-0.0293379522497713,True,-24.45772765117482,0.6892945426887241,-25.147022193863545,Employment Report (NFP),All · surprise only,6.385800826342364,21.05305052859829,0.30331950316026385,1.0
2024-11-01 14:00:00+00:00,1.0,52.43652329491866,0.6867481292033722,ISM Manufacturing,0.1638772187770114,True,52.43652329491866,0.6867481292033722,51.749775165715285,ISM Manufacturing,All · surprise only,1.5359173014136664,16.026796663007623,0.09583432882497386,0.0
2024-11-05 15:00:00+00:00,1.0,20.622718365839177,0.6877905322075704,ISM Services,1.018693733877215,True,20.622718365839177,0.6877905322075704,19.934927833631605,ISM Services,All · surprise only,-1.714508821180476,22.512673655627477,-0.07615749454760569,0.0
2024-11-07 19:00:00+00:00,0.0,-4.785070671093905,0.6606675019933934,FOMC Rate Decision,0.0,True,-0.0,0.0,-0.0,FOMC Rate Decision,All · surprise only,-2.832395158671078,12.10877455354519,-0.2339126181717384,-1.0
2024-11-08 15:00:00+00:00,1.0,14.523342013159636,0.6587316009449391,U. of Michigan Sentiment,0.406251960696072,True,14.523342013159636,0.6587316009449391,13.864610412214697,U. of Michigan Sentiment,All · surprise only,0.4150424140331616,31.28781256369949,0.013265306201517552,0.0
2024-11-13 13:30:00+00:00,-1.0,-7.710450309428296,0.6592557230216645,CPI,-0.1113847084764326,True,7.710450309428296,0.6592557230216645,7.051194586406631,CPI,All · surprise only,5.88719226142025,30.551621493992233,0.19269655663212265,0.0
2024-11-14 13:30:00+00:00,-1.0,-8.59553537505775,0.6554709219537553,PPI,-0.3007165348079867,True,8.59553537505775,0.6554709219537553,7.940064453103995,PPI,All · surprise only,0.24169128610753998,12.643052641216364,0.019116529288158317,0.0
2024-11-15 13:30:00+00:00,-1.0,-9.829358568591571,0.662735956853604,Retail Sales,-0.1431691057747343,True,9.829358568591571,0.662735956853604,9.166622611737967,Retail Sales,All · surprise only,4.393813813045102,18.977221486989205,0.23153093386497617,1.0
2024-11-22 15:00:00+00:00,-1.0,-32.35040770837472,0.6547605608362873,U. of Michigan Sentiment,-0.2664711518329156,True,32.35040770837472,0.6547605608362873,31.69564714753843,U. of Michigan Sentiment,All · surprise only,-6.8322066667782675,35.86218721635334,-0.19051282693830637,-1.0
2024-12-02 15:00:00+00:00,-1.0,-10.473655260003769,0.6460236132768992,ISM Manufacturing,-0.096633504170564,True,10.473655260003769,0.6460236132768992,9.82763164672687,ISM Manufacturing,All · surprise only,-7.472422439750837,22.74014503185369,-0.3286004741519326,-1.0
2024-12-03 15:00:00+00:00,-1.0,-15.627096094412709,0.6470037035384409,JOLTS,-0.6706551994181498,True,15.627096094412709,0.6470037035384409,14.980092390874267,JOLTS,All · surprise only,-6.552572083094427,17.275390106031736,-0.37930096182352396,-1.0
2024-12-04 15:00:00+00:00,-1.0,-23.559231220033897,0.6436291808154117,ISM Services,-1.645045572289697,True,23.559231220033897,0.6436291808154117,22.915602039218484,ISM Services,All · surprise only,-3.7683847052228403,23.69945543958648,-0.15900722760609529,-1.0
2024-12-06 13:30:00+00:00,-1.0,4.899886509743823,0.64709032488397,Employment Report (NFP),-0.2100303674944581,True,-4.899886509743823,0.64709032488397,-5.546976834627793,Employment Report (NFP),All · surprise only,7.837606795112462,26.173477114326268,0.2994484363265011,1.0
2024-12-06 15:00:00+00:00,1.0,2.450134212779176,0.6457502950410831,U. of Michigan Sentiment,0.2923674902313188,True,2.450134212779176,0.6457502950410831,1.8043839177380927,U. of Michigan Sentiment,All · surprise only,-2.3114169448272355,30.56784858074085,-0.07561595114297753,0.0
2024-12-11 13:30:00+00:00,-1.0,10.808134172304309,0.6541107477162513,CPI,-0.2110413005637379,True,-10.808134172304309,0.6541107477162513,-11.46224492002056,CPI,All · surprise only,0.7036674618267036,21.374445699491886,0.03292096888591741,0.0
2024-12-12 13:30:00+00:00,-1.0,1.5841584191633729,0.6563907562074194,PPI,-0.4486737564965931,True,-1.5841584191633729,0.6563907562074194,-2.2405491753707922,PPI,All · surprise only,-3.979637319324673,15.556537772314474,-0.25581767470182987,-1.0
2024-12-17 13:30:00+00:00,-1.0,2.7547577135322854,0.6660236093886361,Retail Sales,-0.0652756240882107,True,-2.7547577135322854,0.6660236093886361,-3.4207813229209214,Retail Sales,All · surprise only,-5.028169748723013,11.499198600270924,-0.4372626235540055,-1.0
2024-12-18 19:00:00+00:00,0.0,,,FOMC Rate Decision,0.0,False,0.0,0.0,0.0,FOMC Rate Decision,All · surprise only,-3.154183765206167,8.283329626444587,-0.38078694286611675,-1.0
2024-12-20 15:00:00+00:00,1.0,,,U. of Michigan Sentiment,0.0238163640640968,False,0.0,0.0,0.0,U. of Michigan Sentiment,All · surprise only,-2.4942309790099064,15.854583891229291,-0.15731923310770127,-1.0
2025-01-02 15:00:00+00:00,-1.0,-51.55488532833985,0.671653889802441,ISM Manufacturing,-0.3042494696872734,True,51.55488532833985,0.671653889802441,50.88323143853741,ISM Manufacturing,All · surprise only,15.7064010800782,15.26902260398408,1.028644824717202,1.0
2025-01-03 15:00:00+00:00,1.0,18.44566641356238,0.6778868630201028,ISM Manufacturing,0.398200966071176,True,18.44566641356238,0.6778868630201028,17.767779550542276,ISM Manufacturing,All · surprise only,7.9984735388687,34.288132405883545,0.23327235919959965,1.0
2025-01-07 15:00:00+00:00,0.0,-7.891011619332033,0.6716694459885121,ISM Services+JOLTS,-0.3968452530235616,True,-0.0,0.0,-0.0,ISM Services+JOLTS,All · surprise only,-15.354774786005853,29.447797155261494,-0.5214235450294925,-1.0
2025-01-10 13:30:00+00:00,1.0,-3.289473713881108,0.676779463243874,Employment Report (NFP),0.0612542611775792,True,-3.289473713881108,0.676779463243874,-3.9662531771249823,Employment Report (NFP),All · surprise only,-12.704853244585314,36.44046956290876,-0.34864680386876945,-1.0
2025-01-10 15:00:00+00:00,-1.0,-15.582946913053064,0.6826741996233522,U. of Michigan Sentiment,-0.8575793052114389,True,15.582946913053064,0.6826741996233522,14.900272713429711,U. of Michigan Sentiment,All · surprise only,-13.63253469435865,40.348902438334335,-0.3378663078925976,-1.0
2025-01-15 13:30:00+00:00,1.0,55.180515195409896,0.6750151296494576,CPI,0.2327917835171692,True,55.180515195409896,0.6750151296494576,54.50550006576044,CPI,All · surprise only,9.200186668343576,24.86487376014887,0.37000737494548586,1.0
2025-01-16 13:30:00+00:00,-1.0,-6.231464480368487,0.6692513615803563,Retail Sales,-0.0346000004121031,True,6.231464480368487,0.6692513615803563,5.562213118788131,Retail Sales,All · surprise only,-2.556175215612714,12.794920918436791,-0.1997804622558787,-1.0
2025-01-24 15:00:00+00:00,-1.0,9.63272512572999,0.649830819907231,U. of Michigan Sentiment,-0.360604682867341,True,-9.63272512572999,0.649830819907231,-10.282555945637222,U. of Michigan Sentiment,All · surprise only,4.858221878937894,37.21229106079709,0.13055422658606472,0.0
2025-01-28 14:00:00+00:00,0.0,12.256405505368662,0.6466574499397939,FHFA House Price Index MoM,0.0,True,0.0,0.0,0.0,FHFA House Price Index MoM,All · surprise only,0.3617574748162796,9.350437134464677,0.03868883022408456,0.0
2025-01-29 19:00:00+00:00,0.0,-18.52782493298122,0.6451612903225806,FOMC Rate Decision,0.0,True,-0.0,0.0,-0.0,FOMC Rate Decision,All · surprise only,6.495154112545269,12.559314445848033,0.5171583322123521,1.0
2025-02-03 15:00:00+00:00,1.0,92.84111005653628,0.6580141586494826,ISM Manufacturing,0.3285179854499119,True,92.84111005653628,0.6580141586494826,92.1830958978868,ISM Manufacturing,All · surprise only,-4.857189691230413,22.34032680448344,-0.21741802318915196,-1.0
2025-02-04 15:00:00+00:00,1.0,9.88009241909893,0.6518318723308608,JOLTS,1.196853989327626,True,9.88009241909893,0.6518318723308608,9.228260546768068,JOLTS,All · surprise only,-8.080623661577027,33.42902314355246,-0.24172479186355036,-1.0
2025-02-05 15:00:00+00:00,-1.0,17.917539340750466,0.6503262843944116,ISM Services,-0.5541087527484676,True,-17.917539340750466,0.6503262843944116,-18.567865625144876,ISM Services,All · surprise only,10.033958453551206,33.449554104769675,0.29997286128607714,1.0
2025-02-07 13:30:00+00:00,-1.0,25.63732413108255,0.6467007113707824,Employment Report (NFP),-0.2996901978770552,True,-25.63732413108255,0.6467007113707824,-26.284024842453334,Employment Report (NFP),All · surprise only,0.9955155571278067,26.008161010403633,0.03827704529857326,0.0
2025-02-07 15:00:00+00:00,-1.0,-33.02321317780965,0.6450464878330886,U. of Michigan Sentiment,-1.4965950659776912,True,33.02321317780965,0.6450464878330886,32.37816668997656,U. of Michigan Sentiment,All · surprise only,-5.421211207474397,29.507774204396682,-0.18372145489261038,-1.0
2025-02-12 13:30:00+00:00,-1.0,-0.9028530161536708,0.6487986039643832,CPI,-1.189852178331003,True,0.9028530161536708,0.6487986039643832,0.2540544121892876,CPI,All · surprise only,-14.181150054709269,33.47734766641135,-0.42360434870823316,-1.0
2025-02-14 13:30:00+00:00,-1.0,8.271761350684415,0.6486825034670961,Retail Sales,-0.7247486316763638,True,-8.271761350684415,0.6486825034670961,-8.920443854151511,Retail Sales,All · surprise only,-2.305305616086948,9.423093767942486,-0.24464424029501158,-1.0
2025-02-21 15:00:00+00:00,-1.0,1.3678019444185452,0.6608331054598486,U. of Michigan Sentiment,-0.8842460210678148,True,-1.3678019444185452,0.6608331054598486,-2.028635049878394,U. of Michigan Sentiment,All · surprise only,2.3745374901008507,29.24396054276944,0.08119753432945848,0.0
2025-02-25 14:00:00+00:00,-1.0,2.0629190377441375,0.6646497983131646,FHFA House Price Index MoM,-0.2355228020676789,True,-2.0629190377441375,0.6646497983131646,-2.7275688360573023,FHFA House Price Index MoM,All · surprise only,-3.696063703246267,8.949175395473228,-0.4130060636777609,-1.0
2025-03-03 15:00:00+00:00,1.0,18.21411186123001,0.6594356140709917,ISM Manufacturing,0.3639688655626393,True,18.21411186123001,0.6594356140709917,17.554676247159016,ISM Manufacturing,All · surprise only,8.11155594586843,23.665937546247914,0.3427523600118038,1.0
2025-03-05 15:00:00+00:00,1.0,-41.416646897243226,0.6801604240448437,ISM Services,0.4623938070862627,True,-41.416646897243226,0.6801604240448437,-42.09680732128807,ISM Services,All · surprise only,1.7308162735884662,21.86652437147595,0.07915369832831093,0.0
2025-03-07 13:30:00+00:00,-1.0,-68.47896181579216,0.6807192150603258,Employment Report (NFP),-0.2240515841887758,True,68.47896181579216,0.6807192150603258,67.79824260073184,Employment Report (NFP),All · surprise only,8.785948355397727,26.636763640822736,0.3298429371476885,1.0
2025-03-11 14:00:00+00:00,-1.0,-73.00529531184097,0.6955103607060629,JOLTS,-0.4173958516420434,True,73.00529531184097,0.6955103607060629,72.3097849511349,JOLTS,All · surprise only,1.488599840100484,19.374209855814158,0.07683409290902042,0.0
2025-03-12 12:30:00+00:00,1.0,-42.74276120659337,0.6953769422597352,CPI,0.7784635318901826,True,-42.74276120659337,0.6953769422597352,-43.438138148853106,CPI,All · surprise only,14.856785138693638,26.74359983955627,0.5555267513657257,1.0
2025-03-14 14:00:00+00:00,-1.0,5.349804373384615,0.7034395769659924,U. of Michigan Sentiment,-2.046775047943191,True,-5.349804373384615,0.7034395769659924,-6.053243950350607,U. of Michigan Sentiment,All · surprise only,-18.05198957557729,33.00130759897681,-0.547008312365689,-1.0
2025-03-17 12:30:00+00:00,1.0,26.337105820957163,0.7021451745678176,Retail Sales,0.050911087260033,True,26.337105820957163,0.7021451745678176,25.634960646389345,Retail Sales,All · surprise only,-6.586293016566138,14.237292824515917,-0.46260852380762063,-1.0
2025-03-19 18:00:00+00:00,0.0,,,FOMC Rate Decision,0.0,False,0.0,0.0,0.0,FOMC Rate Decision,All · surprise only,-0.3466640085569344,10.114872035138895,-0.0342727033374846,0.0
2025-03-25 13:00:00+00:00,1.0,-2.559955331111752,0.6748423428664511,FHFA House Price Index MoM,0.2361709122058689,True,-2.559955331111752,0.6748423428664511,-3.2347976739782034,FHFA House Price Index MoM,All · surprise only,1.658483647724631,11.564223287133737,0.143415048857613,0.0
2025-03-28 14:00:00+00:00,-1.0,-41.68745230433757,0.685417159064051,U. of Michigan Sentiment,-0.5443649981427631,True,41.68745230433757,0.685417159064051,41.00203514527352,U. of Michigan Sentiment,All · surprise only,3.2461212228090996,41.345516368406706,0.07851204938123724,0.0
2025-04-01 14:00:00+00:00,1.0,-28.146187840007997,0.6904104371012285,ISM Manufacturing+JOLTS,0.3255554205855685,True,-28.146187840007997,0.6904104371012285,-28.836598277109225,ISM Manufacturing+JOLTS,All · surprise only,-7.111207473294225,36.227320373348114,-0.19629405100924419,-1.0
2025-04-03 14:00:00+00:00,-1.0,-27.05570002584423,0.7053729963758422,ISM Services,-0.9734492133649968,True,27.05570002584423,0.7053729963758422,26.35032702946839,ISM Services,All · surprise only,-2.0068987139221433,33.152182604629274,-0.06053594533597633,0.0
2025-04-04 12:30:00+00:00,1.0,19.88297389443616,0.7307362797964017,Employment Report (NFP),0.1223000522620952,True,19.88297389443616,0.7307362797964017,19.152237614639755,Employment Report (NFP),All · surprise only,3.339362683000805,16.186244103360806,0.20630868172236705,1.0
2025-04-10 12:30:00+00:00,1.0,-47.609691199443915,0.7206401272302569,CPI,1.618402676110022,True,-47.609691199443915,0.7206401272302569,-48.33033132667417,CPI,All · surprise only,-4.903480023127136,22.575994665414576,-0.21719884752803606,-1.0
2025-04-11 14:00:00+00:00,-1.0,-73.16798127268598,0.7272362514732803,U. of Michigan Sentiment,-1.6701118546383291,True,73.16798127268598,0.7272362514732803,72.44074502121269,U. of Michigan Sentiment,All · surprise only,-19.449855901105686,36.23344210339367,-0.536792939671718,-1.0
2025-04-16 12:30:00+00:00,1.0,-16.050376925527132,0.7156606287942352,Retail Sales,0.0281239372900855,True,-16.050376925527132,0.7156606287942352,-16.766037554321368,Retail Sales,All · surprise only,0.6855617070734217,8.049140336862042,0.08517204053876491,0.0
2025-04-25 14:00:00+00:00,1.0,-35.51069051200173,0.725,U. of Michigan Sentiment,0.524735107697148,True,-35.51069051200173,0.725,-36.23569051200173,U. of Michigan Sentiment,All · surprise only,5.465466066552775,29.414690643564338,0.1858073617969043,1.0
2025-04-29 13:00:00+00:00,1.0,-15.099199640893346,0.7171649726735415,FHFA House Price Index MoM,0.4734538804168421,True,-15.099199640893346,0.7171649726735415,-15.816364613566888,FHFA House Price Index MoM,All · surprise only,-1.3880002377105298,9.677401166829577,-0.14342696079067827,-1.0
2025-04-29 14:00:00+00:00,1.0,-24.487082320678866,0.7161554798241715,JOLTS,0.9232936666600016,True,-24.487082320678866,0.7161554798241715,-25.203237800503036,JOLTS,All · surprise only,0.25941753331563555,25.34270397846202,0.010236379414608105,0.0
2025-05-01 14:00:00+00:00,-1.0,31.67180935282232,0.7086999022482894,ISM Manufacturing,-0.3113836597681761,True,-31.67180935282232,0.7086999022482894,-32.380509255070606,ISM Manufacturing,All · surprise only,1.9267471602956403,29.815807693892065,0.06462166579811773,0.0
2025-05-02 12:30:00+00:00,1.0,30.78752992482947,0.7064211244275552,Employment Report (NFP),0.2537000601207916,True,30.78752992482947,0.7064211244275552,30.081108800401914,Employment Report (NFP),All · surprise only,9.001269128774645,34.78646321985845,0.2587578125400261,1.0
2025-05-05 14:00:00+00:00,1.0,14.028300764703516,0.7026044821320412,ISM Services,0.6484950760036935,True,14.028300764703516,0.7026044821320412,13.325696282571474,ISM Services,All · surprise only,5.552765144165548,18.92426579490094,0.2934203738388475,1.0
2025-05-07 18:00:00+00:00,0.0,-22.87272574177379,0.7050471652241563,FOMC Rate Decision,0.0,True,-0.0,0.0,-0.0,FOMC Rate Decision,All · surprise only,-3.799807007026173,10.852543077694634,-0.35013056200955917,-1.0
2025-05-13 12:30:00+00:00,1.0,-21.247470102245813,0.6849153302945136,CPI,0.5760432513396548,True,-21.247470102245813,0.6849153302945136,-21.932385432540325,CPI,All · surprise only,-6.851160552525474,20.02947969884942,-0.3420538454086271,-1.0
2025-05-15 12:30:00+00:00,-1.0,2.8592532778404234,0.6913815711050184,Retail Sales,-0.142707384745476,True,-2.8592532778404234,0.6913815711050184,-3.5506348489454416,Retail Sales,All · surprise only,1.504691400751577,6.9259411597225675,0.2172544302718059,1.0
2025-05-16 14:00:00+00:00,-1.0,8.954661735138814,0.6829957607159679,U. of Michigan Sentiment,-1.2089375491239178,True,-8.954661735138814,0.6829957607159679,-9.637657495854782,U. of Michigan Sentiment,All · surprise only,3.094359381074034,21.065987823834487,0.1468888811173152,0.0
2025-05-27 13:00:00+00:00,1.0,-12.579961545586826,0.6880189798339265,FHFA House Price Index MoM,0.4742569891490832,True,-12.579961545586826,0.6880189798339265,-13.267980525420754,FHFA House Price Index MoM,All · surprise only,-2.2077155974585665,7.121100846028636,-0.3100244814942884,-1.0
2025-05-30 14:00:00+00:00,1.0,14.188089116569104,0.6871875074050379,U. of Michigan Sentiment,0.8893707051609464,True,14.188089116569104,0.6871875074050379,13.500901609164066,U. of Michigan Sentiment,All · surprise only,13.043364656438317,22.442129531351064,0.5811999542297036,1.0
2025-06-02 14:00:00+00:00,-1.0,51.63297414666701,0.6902625377859234,ISM Manufacturing,-0.3922045965264702,True,-51.63297414666701,0.6902625377859234,-52.32323668445294,ISM Manufacturing,All · surprise only,-1.417870969270676,32.4026805872227,-0.04375782940099662,0.0
2025-06-03 14:00:00+00:00,-1.0,21.250480229664248,0.6857899590890818,JOLTS,-0.8713049777974989,True,-21.250480229664248,0.6857899590890818,-21.93627018875333,JOLTS,All · surprise only,5.126514824923191,32.059710108480694,0.15990521460039916,0.0
2025-06-04 14:00:00+00:00,-1.0,6.098848445006411,0.6800966206233438,ISM Services,-0.974734872182686,True,-6.098848445006411,0.6800966206233438,-6.778945065629754,ISM Services,All · surprise only,2.3779170465301127,30.06124555091438,0.07910241252321573,0.0
2025-06-06 12:30:00+00:00,-1.0,16.180664123321975,0.6817273560732504,Employment Report (NFP),-0.2143938808868251,True,-16.180664123321975,0.6817273560732504,-16.862391479395225,Employment Report (NFP),All · surprise only,-2.329814433783767,28.282825582088176,-0.08237558963200849,0.0
2025-06-11 12:30:00+00:00,1.0,-9.770396478270271,0.676890040379992,CPI,0.9506292676136467,True,-9.770396478270271,0.676890040379992,-10.447286518650262,CPI,All · surprise only,4.709476989203568,33.14749392825005,0.14207641155007206,0.0
2025-06-13 14:00:00+00:00,1.0,-23.86269457581136,0.6845919595854677,U. of Michigan Sentiment,1.8509034633116452,True,-23.86269457581136,0.6845919595854677,-24.54728653539683,U. of Michigan Sentiment,All · surprise only,-0.432770686789928,28.77335792151301,-0.015040673666605935,0.0
2025-06-17 12:30:00+00:00,-1.0,,,Retail Sales,-0.2585694143348537,False,-0.0,0.0,-0.0,Retail Sales,All · surprise only,-4.865646236722403,12.62871529599249,-0.38528433990957367,-1.0
2025-06-18 18:00:00+00:00,0.0,,,FOMC Rate Decision,0.0,False,0.0,0.0,0.0,FOMC Rate Decision,All · surprise only,-1.1826430928232612,8.498859758925398,-0.13915314834807857,0.0
2025-06-24 13:00:00+00:00,1.0,2.084274159077637,0.6717005605225367,FHFA House Price Index MoM,0.9501215042141444,True,2.084274159077637,0.6717005605225367,1.4125735985551002,FHFA House Price Index MoM,All · surprise only,1.7620815173105708,8.496972392976346,0.2073775735422089,1.0
2025-06-27 14:00:00+00:00,1.0,4.544938153454581,0.6597656694346491,U. of Michigan Sentiment,0.3870321965440912,True,4.544938153454581,0.6597656694346491,3.8851724840199315,U. of Michigan Sentiment,All · surprise only,3.3637071469776503,18.513388463641736,0.18169051838260739,0.0
2025-07-01 14:00:00+00:00,0.0,29.40353389416117,0.6519784172661871,ISM Manufacturing+JOLTS,-0.6935702435934467,True,0.0,0.0,0.0,ISM Manufacturing+JOLTS,All · surprise only,-3.6552735617425136,31.58256610966353,-0.11573706674278392,0.0
2025-07-03 12:30:00+00:00,-1.0,,,Employment Report (NFP),-0.0919240510168998,False,-0.0,0.0,-0.0,Employment Report (NFP),All · surprise only,-3.7432266406976664,14.120173687750256,-0.2650977759533543,-1.0
2025-07-03 14:00:00+00:00,1.0,,,ISM Services,0.1391494614362207,False,0.0,0.0,0.0,ISM Services,All · surprise only,1.4247341599298673,18.73461381080362,0.0760482267912174,0.0
2025-07-15 12:30:00+00:00,1.0,-13.431234110825583,0.649859943977591,CPI,0.0644818690751983,True,-13.431234110825583,0.649859943977591,-14.081094054803174,CPI,All · surprise only,-7.1916581618712065,16.980382791021892,-0.42352744637027157,-1.0
2025-07-17 12:30:00+00:00,1.0,14.626300691453764,0.6534916736147104,Retail Sales,0.27689300869802,True,14.626300691453764,0.6534916736147104,13.972809017839054,Retail Sales,All · surprise only,4.740868527471572,17.990630283044833,0.26351875686865606,1.0
2025-07-18 14:00:00+00:00,1.0,-27.591174874217472,0.6500784577449001,U. of Michigan Sentiment,0.9506944944696216,True,-27.591174874217472,0.6500784577449001,-28.241253331962373,U. of Michigan Sentiment,All · surprise only,-5.854299454265288,21.980921264139056,-0.266335490852075,-1.0
2025-07-29 13:00:00+00:00,0.0,0.6661263644147652,0.6439578984767065,FHFA House Price Index MoM,0.0,True,0.0,0.0,0.0,FHFA House Price Index MoM,All · surprise only,-0.2691755593445249,9.394194425291984,-0.028653394549704416,0.0
2025-07-29 14:00:00+00:00,1.0,0.6669112010193601,0.6449030421633161,JOLTS,0.1887993111058416,True,0.6669112010193601,0.6449030421633161,0.022008158856044013,JOLTS,All · surprise only,-14.711009365672227,23.578523458391594,-0.6239156320213334,-1.0
2025-07-30 18:00:00+00:00,0.0,3.122212335799901,0.6470758863823994,FOMC Rate Decision,0.0,True,0.0,0.0,0.0,FOMC Rate Decision,All · surprise only,-7.70804346118814,20.90127067561968,-0.3687834859810317,-1.0
2025-08-01 12:30:00+00:00,-1.0,6.835893261687431,0.6598407281001138,Employment Report (NFP),-0.0014816984050695,True,-6.835893261687431,0.6598407281001138,-7.495733989787545,Employment Report (NFP),All · surprise only,4.612540032192525,30.80158421899693,0.14975009075499868,0.0
2025-08-01 14:00:00+00:00,0.0,45.39314060124866,0.6650765984772039,ISM Manufacturing+U. of Michigan Sentiment,-0.3136860339760812,True,0.0,0.0,0.0,ISM Manufacturing+U. of Michigan Sentiment,All · surprise only,-2.045794993964295,25.196979958694342,-0.08119207132434074,0.0
2025-08-05 14:00:00+00:00,-1.0,-14.701727273411793,0.6546570951284483,ISM Services,-0.6511167583061719,True,14.701727273411793,0.6546570951284483,14.047070178283345,ISM Services,All · surprise only,7.302889068328998,30.178481247462486,0.24198994669233234,1.0
2025-08-12 12:30:00+00:00,1.0,11.289996005832135,0.6573727756998753,CPI,0.1025946970753493,True,11.289996005832135,0.6573727756998753,10.63262323013226,CPI,All · surprise only,1.746396463035802,25.42179337480857,0.06869682391354708,0.0
2025-08-15 12:30:00+00:00,-1.0,2.4307512245869134,0.6410823238128923,Retail Sales,-0.027395456254454,True,-2.4307512245869134,0.6410823238128923,-3.071833548399806,Retail Sales,All · surprise only,-8.302048037431856,17.5819442607955,-0.47219169360830565,-1.0
2025-08-15 14:00:00+00:00,-1.0,-10.429265016504983,0.6425311295254131,U. of Michigan Sentiment,-1.56265149024656,True,10.429265016504983,0.6425311295254131,9.78673388697957,U. of Michigan Sentiment,All · surprise only,-11.768260177698027,27.49830206812866,-0.427963157453921,-1.0
2025-08-26 13:00:00+00:00,1.0,-1.103448276982277,0.6400070621468926,FHFA House Price Index MoM,0.2380444118759815,True,-1.103448276982277,0.6400070621468926,-1.7434553391291696,FHFA House Price Index MoM,All · surprise only,5.280529549803098,8.560140393923332,0.6168741757496918,1.0
2025-08-29 14:00:00+00:00,1.0,-19.098847800993468,0.6362439666520403,U. of Michigan Sentiment,0.5469179170924701,True,-19.098847800993468,0.6362439666520403,-19.735091767645507,U. of Michigan Sentiment,All · surprise only,12.591817198278719,29.116282809906554,0.43246650956400473,1.0
2025-09-02 14:00:00+00:00,-1.0,-6.61974030661483,0.6405442417281442,ISM Manufacturing,-0.1424221086103491,True,6.61974030661483,0.6405442417281442,5.979196064886685,ISM Manufacturing,All · surprise only,-6.226587071583308,32.65877863951755,-0.19065584602263894,-1.0
2025-09-03 14:00:00+00:00,1.0,2.434301533469352,0.6420190391853,JOLTS,0.5978599515841808,True,2.434301533469352,0.6420190391853,1.7922824942840518,JOLTS,All · surprise only,1.2079706005987692,33.846409697408895,0.03568977068463616,0.0
2025-09-04 14:00:00+00:00,1.0,-1.982182389301812,0.6388790976383504,ISM Services,0.4655421871175034,True,-1.982182389301812,0.6388790976383504,-2.6210614869401625,ISM Services,All · surprise only,5.217822022674473,24.339521414787725,0.21437652506611457,1.0
2025-09-05 12:30:00+00:00,-1.0,32.003534549343016,0.636467386533228,Employment Report (NFP),-0.0436924868887427,True,-32.003534549343016,0.636467386533228,-32.64000193587624,Employment Report (NFP),All · surprise only,-3.909375416590817,21.027373144927996,-0.18591839264210688,-1.0
2025-09-11 12:30:00+00:00,-1.0,1.9705512133505465,0.6354771556919031,CPI,-0.244939793035148,True,-1.9705512133505465,0.6354771556919031,-2.6060283690424497,CPI,All · surprise only,9.281011225923457,13.708011801632859,0.6770501339091297,1.0
2025-09-12 14:00:00+00:00,-1.0,-13.0378114948293,0.6294905467885129,U. of Michigan Sentiment,-1.0531392396291432,True,13.0378114948293,0.6294905467885129,12.408320948040787,U. of Michigan Sentiment,All · surprise only,2.9359317731070615,12.778989960214393,0.22974677828589557,1.0
2025-09-16 12:30:00+00:00,1.0,,,Retail Sales,0.3016514300003414,False,0.0,0.0,0.0,Retail Sales,All · surprise only,-0.18801694491384113,11.020095326212225,-0.01706128117300646,0.0
2025-09-17 18:00:00+00:00,0.0,,,FOMC Rate Decision,0.0,False,0.0,0.0,0.0,FOMC Rate Decision,All · surprise only,-0.7675418434980008,9.758428271215752,-0.07865424863161664,0.0
2025-09-26 14:00:00+00:00,1.0,-51.36316805526064,0.6217438843985164,U. of Michigan Sentiment,0.2051989586470638,True,-51.36316805526064,0.6217438843985164,-51.984911939659156,U. of Michigan Sentiment,All · surprise only,-0.06729495774104288,25.395503979789392,-0.0026498768362541066,0.0
2025-09-30 13:00:00+00:00,-1.0,3.4365737698038856,0.6229057479164877,FHFA House Price Index MoM,-0.2385957507830114,True,-3.4365737698038856,0.6229057479164877,-4.059479517720373,FHFA House Price Index MoM,All · surprise only,1.8473988360944986,9.125322911026508,0.20244750285627805,1.0
2025-09-30 14:00:00+00:00,-1.0,-19.73741308390231,0.6216239389522421,JOLTS,-0.0811867080847369,True,19.73741308390231,0.6216239389522421,19.115789144950067,JOLTS,All · surprise only,-6.535957239314836,22.37644545342884,-0.2920909513049269,-1.0
2025-10-01 14:00:00+00:00,-1.0,16.726356482550386,0.6226115333419211,ISM Manufacturing,-0.0572338901897926,True,-16.726356482550386,0.6226115333419211,-17.348968015892307,ISM Manufacturing,All · surprise only,-7.185701995901276,14.138582162292897,-0.5082335635510392,-1.0
2025-10-03 14:00:00+00:00,-1.0,32.26767967683841,0.6167719432569813,ISM Services,-0.7933136743995304,True,-32.26767967683841,0.6167719432569813,-32.88445162009539,ISM Services,All · surprise only,4.03795711829828,21.72481910085751,0.1858683885721698,1.0
2025-10-10 14:00:00+00:00,1.0,-1.2833401082801288,0.6202677845745819,U. of Michigan Sentiment,0.1647981318716983,True,-1.2833401082801288,0.6202677845745819,-1.9036078928547107,U. of Michigan Sentiment,All · surprise only,-0.5990344222936599,23.7461508304091,-0.02522659047236161,0.0
2025-10-24 12:30:00+00:00,1.0,-18.236184786228904,0.6171394522355345,CPI,0.7878861410131068,True,-18.236184786228904,0.6171394522355345,-18.853324238464438,CPI,All · surprise only,3.757489850312398,31.721321073910737,0.11845313256523711,0.0
2025-10-24 14:00:00+00:00,-1.0,-10.35754766702368,0.6128616412012088,U. of Michigan Sentiment,-0.4360548216792228,True,10.35754766702368,0.6128616412012088,9.744686025822471,U. of Michigan Sentiment,All · surprise only,-3.357273121885927,17.673387481869394,-0.1899620616211835,-1.0
2025-10-28 13:00:00+00:00,-1.0,23.542903733240195,0.6050490298351763,FHFA House Price Index MoM,-1.0789070265965162,True,-23.542903733240195,0.6050490298351763,-24.14795276307537,FHFA House Price Index MoM,All · surprise only,0.12028309261833893,14.509666742696007,0.008289859081628322,0.0
2025-10-29 18:00:00+00:00,0.0,-6.45665213786728,0.6042170180848404,FOMC Rate Decision,0.0,True,-0.0,0.0,-0.0,FOMC Rate Decision,All · surprise only,3.1304577151247797,21.785027348198735,0.14369767203361428,0.0
2025-11-03 15:00:00+00:00,-1.0,-38.3999121530465,0.6102436766129371,ISM Manufacturing,-0.7309139671703577,True,38.3999121530465,0.6102436766129371,37.78966847643356,ISM Manufacturing,All · surprise only,-3.7769752577030067,23.60394253979361,-0.16001459295774206,-1.0
2025-11-05 15:00:00+00:00,1.0,-1.2686062263256304,0.6124992079751621,ISM Services,0.7468984094152175,True,-1.2686062263256304,0.6124992079751621,-1.8811054343007925,ISM Services,All · surprise only,3.4569072713029176,24.227093938223806,0.14268765705526293,0.0
2025-11-07 15:00:00+00:00,-1.0,4.691832033163479,0.6181918952910831,U. of Michigan Sentiment,-0.402726655518658,True,-4.691832033163479,0.6181918952910831,-5.310023928454562,U. of Michigan Sentiment,All · surprise only,5.500228176504024,21.89853225159968,0.2511688049824542,1.0
2025-11-17 15:00:00+00:00,1.0,3.811459835247888,0.6145630244977537,ISM Manufacturing,0.3108101856061852,True,3.811459835247888,0.6145630244977537,3.1968968107501343,ISM Manufacturing,All · surprise only,-0.8145996717097321,24.070144993973738,-0.03384274053661402,0.0
2025-11-20 13:30:00+00:00,1.0,25.748324492571584,0.624246598932323,Employment Report (NFP),0.0556114252710208,True,25.748324492571584,0.624246598932323,25.12407789363926,Employment Report (NFP),All · surprise only,-2.316897810992087,22.26864019274782,-0.10404307541628095,0.0
2025-11-21 15:00:00+00:00,1.0,4.562589022469865,0.6310933147632313,U. of Michigan Sentiment,0.6095992833172718,True,4.562589022469865,0.6310933147632313,3.9314957077066337,U. of Michigan Sentiment,All · surprise only,-1.4652064834974245,32.669324450665094,-0.04484961070162549,0.0
2025-11-25 13:30:00+00:00,-1.0,-5.369934938048715,0.622945889631173,Retail Sales,-0.1757199303429791,True,5.369934938048715,0.622945889631173,4.746989048417542,Retail Sales,All · surprise only,-0.23739268241052858,12.063252794506885,-0.01967899425258066,0.0
2025-11-25 14:00:00+00:00,1.0,15.027266577813949,0.6230797327202802,FHFA House Price Index MoM,0.4785879183452772,True,15.027266577813949,0.6230797327202802,14.404186845093669,FHFA House Price Index MoM,All · surprise only,-5.729561929517553,12.503955359283365,-0.45821996039547036,-1.0
2025-12-01 15:00:00+00:00,-1.0,-55.71162171250421,0.6081449482028268,ISM Manufacturing,-0.1309420904523225,True,55.71162171250421,0.6081449482028268,55.103476764301384,ISM Manufacturing,All · surprise only,-2.109718393374859,23.395623625349177,-0.0901757707834288,0.0
2025-12-03 15:00:00+00:00,1.0,19.09538828705593,0.6093845216331505,ISM Services,0.2805540239291464,True,19.09538828705593,0.6093845216331505,18.48600376542278,ISM Services,All · surprise only,3.8290336913847973,23.436042224519824,0.16338226628464994,0.0
2025-12-05 15:00:00+00:00,1.0,4.365405272466205,0.6031739428856674,U. of Michigan Sentiment,0.5534880802563135,True,4.365405272466205,0.6031739428856674,3.762231329580538,U. of Michigan Sentiment,All · surprise only,-0.6229539809253686,27.12655548594602,-0.022964728464994914,0.0
2025-12-09 15:00:00+00:00,-1.0,-9.395259217299667,0.6047588263508018,JOLTS,-1.6678048616684846,True,9.395259217299667,0.6047588263508018,8.790500390948866,JOLTS,All · surprise only,-10.242579414960275,23.348457222013284,-0.4386833492922785,-1.0
2025-12-10 19:00:00+00:00,0.0,-7.100493156055876,0.606872305696229,FOMC Rate Decision,0.0,True,-0.0,0.0,-0.0,FOMC Rate Decision,All · surprise only,1.4935596753527927,29.912842360057876,0.04993038298985315,0.0
2025-12-16 13:30:00+00:00,1.0,,,Employment Report (NFP)+Retail Sales,0.1917612793579974,False,0.0,0.0,0.0,Employment Report (NFP)+Retail Sales,All · surprise only,-1.2430821520400643,12.428095492744191,-0.10002193439580541,0.0
2025-12-18 13:30:00+00:00,1.0,,,CPI,3.36314522542601,False,0.0,0.0,0.0,CPI,All · surprise only,2.3312558480841186,8.724521626429448,0.26720729776426677,1.0
2025-12-19 15:00:00+00:00,-1.0,,,U. of Michigan Sentiment,-0.1575394409037782,False,-0.0,0.0,-0.0,U. of Michigan Sentiment,All · surprise only,1.8088979983938005,22.26449111167467,0.08124587215223984,0.0
2025-12-30 14:00:00+00:00,-1.0,3.692459219770683,0.5950304696637052,FHFA House Price Index MoM,-0.7190617030178846,True,-3.692459219770683,0.5950304696637052,-4.287489689434388,FHFA House Price Index MoM,All · surprise only,3.4835952612762995,14.226914698318737,0.24485950293129774,1.0
2026-01-05 15:00:00+00:00,-1.0,36.5735128095146,0.5899584994710717,ISM Manufacturing,-0.1404627230991095,True,-36.5735128095146,0.5899584994710717,-37.16347130898567,ISM Manufacturing,All · surprise only,1.6366883863418549,24.059419933798985,0.06802692628688914,0.0
2026-01-07 15:00:00+00:00,1.0,-19.990112563963436,0.5844417573559049,ISM Services+JOLTS,1.2696164133328065,True,-19.990112563963436,0.5844417573559049,-20.57455432131934,ISM Services+JOLTS,All · surprise only,-7.455951476261155,28.112867304016415,-0.26521490659887054,-1.0
2026-01-09 13:30:00+00:00,-1.0,9.875349714754122,0.5850430712743852,Employment Report (NFP),-0.1603348236710877,True,-9.875349714754122,0.5850430712743852,-10.460392786028507,Employment Report (NFP),All · surprise only,0.46300938279738896,11.573370667112759,0.04000644203966356,0.0
2026-01-09 15:00:00+00:00,-1.0,14.507941611352493,0.5847835292694239,U. of Michigan Sentiment,-0.111581256913749,True,-14.507941611352493,0.5847835292694239,-15.092725140621917,U. of Michigan Sentiment,All · surprise only,6.38480769823035,11.491746711709528,0.5555994104642547,1.0
2026-01-13 13:30:00+00:00,1.0,-18.268511981620605,0.5836419256158428,CPI,0.4535632684287407,True,-18.268511981620605,0.5836419256158428,-18.85215390723645,CPI,All · surprise only,7.032386270162948,26.838376684798455,0.2620272586808936,1.0
2026-01-14 13:30:00+00:00,0.0,-5.075987642353397,0.5884143248452877,PPI+Retail Sales,-0.2351874943541257,True,-0.0,0.0,-0.0,PPI+Retail Sales,All · surprise only,-2.200574326608838,9.354572563709029,-0.23524049993967058,-1.0
2026-01-21 15:00:00+00:00,1.0,15.904413767877656,0.5920058792308006,ISM Manufacturing,0.4152235226372847,True,15.904413767877656,0.5920058792308006,15.312407888646856,ISM Manufacturing,All · surprise only,-9.544524866681604,26.61831147005471,-0.3585698843977794,-1.0
2026-01-23 15:00:00+00:00,1.0,-11.565738300625128,0.5881875709881551,U. of Michigan Sentiment,0.6544798563332821,True,-11.565738300625128,0.5881875709881551,-12.153925871613284,U. of Michigan Sentiment,All · surprise only,-1.795436413924285,25.110994340811565,-0.07150001268592768,0.0
2026-01-28 19:00:00+00:00,0.0,-14.662460625043394,0.5904269397560926,FOMC Rate Decision,0.0,True,-0.0,0.0,-0.0,FOMC Rate Decision,All · surprise only,-0.65172967186913,20.195796340367362,-0.03227056070903491,0.0
2026-01-30 13:30:00+00:00,-1.0,-4.29320555715762,0.5923323597295697,PPI,-0.9705075034791948,True,4.29320555715762,0.5923323597295697,3.7008731974280504,PPI,All · surprise only,-5.598105049776912,16.461013435565295,-0.3400826487196573,-1.0
2026-02-02 15:00:00+00:00,1.0,37.775746615640315,0.5892632177835575,ISM Manufacturing,1.268226978928238,True,37.775746615640315,0.5892632177835575,37.186483397856755,ISM Manufacturing,All · surprise only,5.998194266597791,19.025264756085424,0.3152752060745545,1.0
2026-02-04 15:00:00+00:00,1.0,60.32561748062548,0.58637981235846,ISM Services,0.1407176251675325,True,60.32561748062548,0.58637981235846,59.73923766826702,ISM Services,All · surprise only,14.092207390642002,29.24722043327909,0.4818306554221172,1.0
2026-02-05 15:00:00+00:00,1.0,-50.29484950672014,0.5882114315849255,JOLTS,2.1153999179618577,True,-50.29484950672014,0.5882114315849255,-50.883060938305064,JOLTS,All · surprise only,5.83898423036791,15.491974288300938,0.37690381624098945,1.0
2026-02-06 15:00:00+00:00,1.0,6.830052495327976,0.5832545604472958,U. of Michigan Sentiment,0.5690686861415758,True,6.830052495327976,0.5832545604472958,6.24679793488068,U. of Michigan Sentiment,All · surprise only,3.224022245771832,24.697168633819974,0.13054218050553773,0.0
2026-02-10 13:30:00+00:00,-1.0,8.768434200696618,0.5778734257930814,Retail Sales,-0.3865537699737626,True,-8.768434200696618,0.5778734257930814,-9.346307626489699,Retail Sales,All · surprise only,-3.1212415832154625,12.704638887011937,-0.24567731605550278,-1.0
2026-02-11 13:30:00+00:00,1.0,27.542495243455537,0.5758995948844229,Employment Report (NFP),0.213944847370512,True,27.542495243455537,0.5758995948844229,26.966595648571115,Employment Report (NFP),All · surprise only,0.1436656467382207,12.605145287081537,0.01139738126505034,0.0
2026-02-13 13:30:00+00:00,1.0,-4.843103716893893,0.5863916691942169,CPI,0.422053010643054,True,-4.843103716893893,0.5863916691942169,-5.42949538608811,CPI,All · surprise only,-0.36702888131782496,16.848818387639465,-0.02178365704191355,0.0
2026-02-20 15:00:00+00:00,1.0,26.463325377559244,0.5869732421163422,U. of Michigan Sentiment,0.0518455382328269,True,26.463325377559244,0.5869732421163422,25.8763521354429,U. of Michigan Sentiment,All · surprise only,-10.032392054763749,40.64617155155458,-0.24682255847980455,-1.0
2026-02-27 13:30:00+00:00,-1.0,8.56915564646954,0.591257543630729,PPI,-0.9035255951697488,True,-8.56915564646954,0.591257543630729,-9.160413190100268,PPI,All · surprise only,0.035521392698139864,15.173147703091422,0.0023410694598921377,0.0
2026-02-27 15:00:00+00:00,1.0,29.309606036225233,0.5952380952380952,ISM Manufacturing,0.1039757589489705,True,29.309606036225233,0.5952380952380952,28.714367940987138,ISM Manufacturing,All · surprise only,-11.05342876280031,23.567774300063288,-0.4690060513168877,-1.0
2026-03-02 15:00:00+00:00,-1.0,30.5544116062606,0.595164799080573,ISM Manufacturing,-0.8869698522359512,True,-30.5544116062606,0.595164799080573,-31.149576405341175,ISM Manufacturing,All · surprise only,2.371271110855723,25.644337514339565,0.0924676299214116,0.0
2026-03-04 15:00:00+00:00,1.0,52.11764915856065,0.5971993410214168,ISM Services,1.222724377101921,True,52.11764915856065,0.5971993410214168,51.52044981753924,ISM Services,All · surprise only,0.5696642802043222,13.520896607926904,0.04213213788428386,0.0
2026-03-06 13:30:00+00:00,0.0,-46.16122440461723,0.6074061662198391,Employment Report (NFP)+Retail Sales,-0.2108742649003906,True,-0.0,0.0,-0.0,Employment Report (NFP)+Retail Sales,All · surprise only,-22.463406423659933,28.971265878836345,-0.7753684812257224,-1.0
2026-03-11 12:30:00+00:00,1.0,-31.074183062749228,0.6080429404117919,CPI,0.051943009100903,True,-31.074183062749228,0.6080429404117919,-31.68222600316102,CPI,All · surprise only,-0.9524603536117334,21.366977905071202,-0.04457627830399348,0.0
2026-03-13 14:00:00+00:00,0.0,-26.4037800055128,0.6171394522355345,JOLTS+U. of Michigan Sentiment,-0.0031023015152904,True,-0.0,0.0,-0.0,JOLTS+U. of Michigan Sentiment,All · surprise only,4.38849935820393,20.05714204422853,0.21879983441941703,1.0
2026-03-18 12:30:00+00:00,-1.0,,,PPI,-0.905116608222459,False,-0.0,0.0,-0.0,PPI,All · surprise only,-2.871599161539009,13.405685462398818,-0.214207559142982,-1.0
2026-03-18 18:00:00+00:00,0.0,,,FOMC Rate Decision,0.0,False,0.0,0.0,0.0,FOMC Rate Decision,All · surprise only,0.2144824807255491,15.570416926314472,0.013774999201406565,0.0
2026-03-23 14:00:00+00:00,-1.0,-1.281613125474479,0.6194331119037956,ISM Manufacturing,-0.4168989663635654,True,1.281613125474479,0.6194331119037956,0.6621800135706833,ISM Manufacturing,All · surprise only,4.311406474634884,25.29726877248402,0.1704297216197673,1.0
2026-03-27 14:00:00+00:00,1.0,-4.805906988973874,0.6338936370193885,U. of Michigan Sentiment,0.1773741599864908,True,-4.805906988973874,0.6338936370193885,-5.4398006259932625,U. of Michigan Sentiment,All · surprise only,-8.692523279826139,31.571991886507693,-0.2753238791861242,-1.0
2026-03-31 14:00:00+00:00,1.0,-18.015089792733363,0.6289308176100629,JOLTS,0.0236451695070799,True,-18.015089792733363,0.6289308176100629,-18.644020610343425,JOLTS,All · surprise only,-2.7983129131565825,34.80486289237504,-0.08040005564192668,0.0
2026-04-01 12:30:00+00:00,1.0,-20.295899719187105,0.6189439535578606,Retail Sales,0.135812637569315,True,-20.295899719187105,0.6189439535578606,-20.914843672744965,Retail Sales,All · surprise only,-8.633009713934278,26.37591425765739,-0.3273065581576178,-1.0
2026-04-01 14:00:00+00:00,-1.0,-1.921578262198409,0.6187722704674932,ISM Manufacturing,-0.348696867086986,True,1.921578262198409,0.6187722704674932,1.3028059917309158,ISM Manufacturing,All · surprise only,3.7080781759597574,22.616362207126038,0.16395555315219545,0.0
2026-04-03 12:30:00+00:00,1.0,,,Employment Report (NFP),0.0074519053871673,False,0.0,0.0,0.0,Employment Report (NFP),All · surprise only,-2.6831864601311035,12.682501155174858,-0.2115660331744799,-1.0
2026-04-06 14:00:00+00:00,-1.0,16.86683079347162,0.6194066511459023,ISM Services,-0.3995840674723146,True,-16.86683079347162,0.6194066511459023,-17.486237444617522,ISM Services,All · surprise only,4.087811827867669,17.609343152773867,0.23213880224849537,1.0
2026-04-10 12:30:00+00:00,1.0,-8.671594877949218,0.5989879169678819,CPI,0.7460995267174582,True,-8.671594877949218,0.5989879169678819,-9.2705827949171,CPI,All · surprise only,3.394047201607893,14.812783344827226,0.22912960532789597,1.0
2026-04-10 14:00:00+00:00,-1.0,22.165379309129207,0.600998901622697,U. of Michigan Sentiment,-0.982116189214137,True,-22.165379309129207,0.600998901622697,-22.766378210751903,U. of Michigan Sentiment,All · surprise only,-1.6698614180800266,23.222208325998686,-0.0719079509854588,0.0
2026-04-14 12:30:00+00:00,1.0,2.682541827638829,0.5983823043908881,PPI,1.2698279428023478,True,2.682541827638829,0.5983823043908881,2.084159523247941,PPI,All · surprise only,1.4561223595649215,21.089158742547177,0.06904601446368785,0.0
2026-04-21 12:30:00+00:00,1.0,-9.21862226851644,0.5808364044223682,Retail Sales,0.3715447344904067,True,-9.21862226851644,0.5808364044223682,-9.799458672938808,Retail Sales,All · surprise only,9.001703696284814,17.847918866803415,0.5043559287479566,1.0
2026-04-24 14:00:00+00:00,1.0,6.695953256770082,0.5881040741416722,U. of Michigan Sentiment,0.1292647090303701,True,6.695953256770082,0.5881040741416722,6.10784918262841,U. of Michigan Sentiment,All · surprise only,-2.3836409102708576,20.460791760156823,-0.11649798004945768,0.0
2026-04-29 18:00:00+00:00,0.0,-9.195402946780009,0.5919575423555827,FOMC Rate Decision,0.0,True,-0.0,0.0,-0.0,FOMC Rate Decision,All · surprise only,-1.4046191561554027,25.49526677643446,-0.055093330400202235,0.0
2026-05-01 14:00:00+00:00,-1.0,-11.185460069640383,0.5792122713110169,ISM Manufacturing,-0.617866536975998,True,11.185460069640383,0.5792122713110169,10.606247798329367,ISM Manufacturing,All · surprise only,-7.642484163515066,41.35186472016168,-0.18481595002386594,-1.0
2026-05-05 14:00:00+00:00,-1.0,10.13664280122839,0.5882830249918858,ISM Services+JOLTS,-0.0472582992908579,True,-10.13664280122839,0.5882830249918858,-10.724925826220277,ISM Services+JOLTS,All · surprise only,6.632564875803816,25.54348666381861,0.25965777354892566,1.0
2026-05-07 14:00:00+00:00,1.0,-31.05685896890975,0.580092814850376,ISM Manufacturing,0.3657007435482061,True,-31.05685896890975,0.580092814850376,-31.636951783760125,ISM Manufacturing,All · surprise only,-7.77049793825669,16.038908835827485,-0.48447796653716635,-1.0
2026-05-08 12:30:00+00:00,1.0,-5.815411002618731,0.5815119310206537,Employment Report (NFP),0.1411894213215493,True,-5.815411002618731,0.5815119310206537,-6.3969229336393845,Employment Report (NFP),All · surprise only,2.3813991292627312,7.264632370339171,0.32780724582647375,1.0
2026-05-08 14:00:00+00:00,-1.0,13.054701043646588,0.5823994858818331,U. of Michigan Sentiment,-0.0162164560236857,True,-13.054701043646588,0.5823994858818331,-13.637100529528421,U. of Michigan Sentiment,All · surprise only,5.1062143259128,22.20737203472679,0.22993329953350422,1.0
2026-05-12 12:30:00+00:00,-1.0,15.266258514028408,0.5828559943724249,CPI,-0.6364808779246304,True,-15.266258514028408,0.5828559943724249,-15.849114508400833,CPI,All · surprise only,1.013452000936997,10.873596512409765,0.09320301703124347,0.0
2026-05-13 12:30:00+00:00,-1.0,-1.0075871319514818,0.583336685843022,PPI,-2.4174972817531666,True,1.0075871319514818,0.583336685843022,0.42425044610845974,PPI,All · surprise only,-6.405473105382008,17.316197264264,-0.36991222770378057,-1.0
2026-05-14 12:30:00+00:00,1.0,9.359474163073145,0.5777237683526903,Retail Sales,0.077148759017881,True,9.359474163073145,0.5777237683526903,8.781750394720454,Retail Sales,All · surprise only,3.0696062399083788,28.387161398512408,0.10813361000826371,0.0
2026-05-22 14:00:00+00:00,-1.0,-6.5094537316490175,0.5712372210294089,U. of Michigan Sentiment,-1.3036979747570476,True,6.5094537316490175,0.5712372210294089,5.9382165106196085,U. of Michigan Sentiment,All · surprise only,11.503197750775785,13.76933433586558,0.8354214859038545,1.0
2026-06-01 14:00:00+00:00,1.0,-15.29832016876398,0.5682931608857534,ISM Manufacturing,0.4802999848660721,True,-15.29832016876398,0.5682931608857534,-15.866613329649732,ISM Manufacturing,All · surprise only,-6.411578534242509,36.94444115572558,-0.1735465020899052,-1.0
2026-06-02 14:00:00+00:00,-1.0,10.392871034401452,0.5688058998901616,JOLTS,-2.2352720103720944,True,-10.392871034401452,0.5688058998901616,-10.961676934291614,JOLTS,All · surprise only,6.042037618490649,22.17056733739506,0.27252516936269616,1.0
2026-06-03 14:00:00+00:00,1.0,-15.669072463175835,0.5677257688768818,ISM Services,0.33046852418755,True,-15.669072463175835,0.5677257688768818,-16.236798232052717,ISM Services,All · surprise only,6.230589636112006,30.65051235846525,0.203278482370661,1.0
2026-06-05 12:30:00+00:00,1.0,4.256389485188805,0.5609284332688588,Employment Report (NFP),0.0258653500459686,True,4.256389485188805,0.5609284332688588,3.6954610519199464,Employment Report (NFP),All · surprise only,5.960431934024704,13.00224993431697,0.45841542534060015,1.0
2026-06-10 12:30:00+00:00,1.0,12.047361406555268,0.5733718217406777,CPI,0.2410948932308557,True,12.047361406555268,0.5733718217406777,11.473989584814591,CPI,All · surprise only,5.5196526354044595,11.640664906184933,0.47416987602415656,1.0
2026-06-11 12:30:00+00:00,-1.0,9.952230120813256,0.5775971956660293,PPI,-0.3898603740662698,True,-9.952230120813256,0.5775971956660293,-10.529827316479286,PPI,All · surprise only,-2.0892190651789226,21.15957346240232,-0.09873635065901401,0.0
2026-06-12 14:00:00+00:00,1.0,13.321841951405844,0.5695096325680956,U. of Michigan Sentiment,1.1413658435568907,True,13.321841951405844,0.5695096325680956,12.752332318837748,U. of Michigan Sentiment,All · surprise only,0.22933670439382214,10.761355828834628,0.0213111347716357,0.0
2026-06-17 12:30:00+00:00,1.0,,,Retail Sales,0.2542769838457484,False,0.0,0.0,0.0,Retail Sales,All · surprise only,0.675906526732068,11.195894183400746,0.060370928454663346,0.0
2026-06-17 18:00:00+00:00,0.0,,,FOMC Rate Decision,0.0,False,0.0,0.0,0.0,FOMC Rate Decision,All · surprise only,-2.0193167453729832,14.066899521962501,-0.14355094683233113,0.0
2026-06-26 14:00:00+00:00,-1.0,37.099407655549754,0.5555874858708355,U. of Michigan Sentiment,-0.0741536954016894,True,-37.099407655549754,0.5555874858708355,-37.65499514142059,U. of Michigan Sentiment,All · surprise only,-7.5187560171728824,35.20742778469703,-0.2135559593603973,-1.0
2019-01-03 15:00:00+00:00,-1.0,-56.86804477123886,1.260979215583964,ISM Manufacturing,-1.3343215472866703,True,56.86804477123886,1.260979215583964,55.60706555565489,ISM Manufacturing,All · DTW only,-3.3609906412171893,13.738738534162188,-0.24463604375757547,-1.0
2019-01-04 13:30:00+00:00,-1.0,32.74897584478964,1.2638368343066329,Employment Report (NFP),0.6625166444532855,True,-32.74897584478964,1.2638368343066329,-34.01281267909627,Employment Report (NFP),All · DTW only,-3.7731333307663464,13.07961083509169,-0.28847443386031724,-1.0
2019-01-07 15:00:00+00:00,1.0,18.405569668953348,1.2411726942007275,ISM Services,-0.5210478309027367,True,18.405569668953348,1.2411726942007275,17.16439697475262,ISM Services,All · DTW only,3.955353871318737,10.676481134862739,0.37047355035387214,1.0
2019-01-08 15:00:00+00:00,-1.0,-46.397923627861104,1.2214126268795011,JOLTS,0.9583408947660512,True,46.397923627861104,1.2214126268795011,45.176511000981606,JOLTS,All · DTW only,-4.887456316542458,20.484427125412456,-0.23859375156648657,-1.0
2019-01-29 14:00:00+00:00,-1.0,-15.493764821741252,1.1814552269208831,Case-Shiller 20-City,-0.1129788487261893,True,15.493764821741252,1.1814552269208831,14.312309594820368,Case-Shiller 20-City,All · DTW only,-1.0420546588775559,4.439548791986962,-0.2347208483795432,-1.0
2019-01-30 15:00:00+00:00,-1.0,17.348157579473167,1.1709129083054064,Pending Home Sales MoM,-0.6933623791751943,True,-17.348157579473167,1.1709129083054064,-18.519070487778574,Pending Home Sales MoM,All · DTW only,-5.608142436529744,13.318991342002207,-0.4210635995268008,-1.0
2019-02-01 13:30:00+00:00,0.0,18.781599558828077,1.1619520794935492,Employment Report (NFP),0.8687741470886851,True,0.0,0.0,0.0,Employment Report (NFP),All · DTW only,-1.0300316602277566,13.807323731667815,-0.07460038456730941,0.0
2019-02-01 15:00:00+00:00,0.0,31.892867090697052,1.16,ISM Manufacturing+Wholesale Inventories,-0.0250479446109195,True,0.0,0.0,0.0,ISM Manufacturing+Wholesale Inventories,All · DTW only,-3.342006623787177,22.951029715262035,-0.1456146702457015,0.0
2019-02-05 15:00:00+00:00,1.0,-5.1351939664101565,1.145158742694677,ISM Services,-0.2321861209891769,True,-5.1351939664101565,1.145158742694677,-6.280352709104833,ISM Services,All · DTW only,3.5600512733477414,16.92789231081528,0.21030682426265282,1.0
2019-02-06 13:30:00+00:00,1.0,2.7623764505513293,1.144661535425301,Trade Balance,-1.474980460269625,True,2.7623764505513293,1.144661535425301,1.6177149151260284,Trade Balance,All · DTW only,1.9066494799304776,5.754002658267599,0.33136054902423817,1.0
2019-02-12 15:00:00+00:00,1.0,-11.080333543613818,1.1473788328387735,JOLTS,-2.8864328688998295,True,-11.080333543613818,1.1473788328387735,-12.227712376452592,JOLTS,All · DTW only,2.7940977449708098,9.891878267947483,0.2824638222676563,1.0
2019-02-25 15:00:00+00:00,1.0,-5.3498415430119906,1.1073351407079308,Wholesale Inventories+Wholesale Trade Sales MoM,0.4014513011972027,True,-5.3498415430119906,1.1073351407079308,-6.457176683719921,Wholesale Inventories+Wholesale Trade Sales MoM,All · DTW only,4.17053717136376,20.882152307013495,0.19971778339932136,1.0
2019-02-26 14:00:00+00:00,-1.0,10.00654357445896,1.1170602056931551,Case-Shiller 20-City,-0.258272112608477,True,-10.00654357445896,1.1170602056931551,-11.123603780152115,Case-Shiller 20-City,All · DTW only,-5.499847796930858,3.94798475887625,-1.3930772616498976,-1.0
2019-02-27 13:30:00+00:00,0.0,-1.5398236932284703,1.116157339696713,Wholesale Inventories,1.5484792677074253,True,-0.0,0.0,-0.0,Wholesale Inventories,All · DTW only,0.4841747208215879,7.51423857285162,0.06443430244161728,0.0
2019-02-27 15:00:00+00:00,-1.0,-36.612431301872306,1.115556239421449,Pending Home Sales MoM,0.9273046559046504,True,36.612431301872306,1.115556239421449,35.496875062450854,Pending Home Sales MoM,All · DTW only,-6.35261796660132,16.716672156157042,-0.3800169021237603,-1.0
2019-03-01 15:00:00+00:00,0.0,-37.22540996383472,1.1100903383861582,ISM Manufacturing,-0.7311263757915653,True,-0.0,0.0,-0.0,ISM Manufacturing,All · DTW only,0.308611121223309,23.1121047001078,0.01335279176118779,0.0
2019-03-04 15:00:00+00:00,0.0,-8.049832729852824,1.1117074292724067,ISM Manufacturing,-0.7435651291317272,True,-0.0,0.0,-0.0,ISM Manufacturing,All · DTW only,1.4363149919842049,18.168118855630773,0.0790568909966732,0.0
2019-03-05 15:00:00+00:00,0.0,-18.2343748996594,1.1260386736041004,ISM Services,1.3695473373794276,True,-0.0,0.0,-0.0,ISM Services,All · DTW only,-3.398130225376945,25.962801024361227,-0.1308845768293042,0.0
2019-03-06 13:30:00+00:00,0.0,13.967024578978029,1.125776397515528,Trade Balance,0.592887359587822,True,0.0,0.0,0.0,Trade Balance,All · DTW only,0.563472189428015,12.059938455660145,0.04672264220084457,0.0
2019-03-08 13:30:00+00:00,0.0,-3.5624517961352353,1.1442550505050504,Employment Report (NFP),-1.2678035042234366,True,-0.0,0.0,-0.0,Employment Report (NFP),All · DTW only,0.08957794479059134,26.92444926090666,0.0033270112202686843,0.0
2019-03-13 14:00:00+00:00,-1.0,-10.905551226905176,1.1291955455182618,ISM Manufacturing,0.906188773849323,True,10.905551226905176,1.1291955455182618,9.776355681386914,ISM Manufacturing,All · DTW only,-2.884359465419555,10.71046886317209,-0.2693028197241126,-1.0
2019-03-15 14:00:00+00:00,0.0,,,JOLTS,-2.0299093398454366,False,0.0,0.0,0.0,JOLTS,All · DTW only,-1.5521381912628134,15.225291120532308,-0.10194472992175846,0.0
2019-03-22 14:00:00+00:00,0.0,3.495213534883135,1.1274395459140036,Wholesale Inventories,2.4258662097692496,True,0.0,0.0,0.0,Wholesale Inventories,All · DTW only,1.1358409193502699,14.791096122283346,0.07679220728199329,0.0
2019-03-26 13:00:00+00:00,0.0,16.32970813883361,1.1285803237858032,Case-Shiller 20-City,0.0560252099076334,True,0.0,0.0,0.0,Case-Shiller 20-City,All · DTW only,0.807029752935841,11.008179723304428,0.073311825680621,0.0
2019-03-27 12:30:00+00:00,-1.0,19.48406820117654,1.1311775948823966,Trade Balance,-1.8467308373800184,True,-19.48406820117654,1.1311775948823966,-20.615245796058936,Trade Balance,All · DTW only,-2.4379888633053444,6.134206075824089,-0.3974416302891841,-1.0
2019-03-28 14:00:00+00:00,1.0,7.779074682439102,1.128009646427321,Pending Home Sales MoM,-0.1287472026516276,True,7.779074682439102,1.128009646427321,6.651065036011781,Pending Home Sales MoM,All · DTW only,8.86629876857808,14.80459599825343,0.5988882621061784,1.0
2019-04-01 14:00:00+00:00,1.0,1.912155578800423,1.110855741975025,ISM Manufacturing,0.7145588866896876,True,1.912155578800423,1.110855741975025,0.8012998368253981,ISM Manufacturing,All · DTW only,5.601368065710167,15.909866034821547,0.3520688391373369,1.0
2019-04-03 14:00:00+00:00,-1.0,12.97809175211384,1.1070815041038369,ISM Services,-1.1046992464638967,True,-12.97809175211384,1.1070815041038369,-14.085173256217677,ISM Services,All · DTW only,-7.741591087919272,16.368967940077393,-0.4729431394978143,-1.0
2019-04-05 12:30:00+00:00,1.0,-0.3777362268486683,1.0974871329094762,Employment Report (NFP),0.2548391815149274,True,-0.3777362268486683,1.0974871329094762,-1.4752233597581446,Employment Report (NFP),All · DTW only,1.68074839087347,12.4268300389436,0.13525157949423036,1.0
2019-04-09 14:00:00+00:00,-1.0,13.00042243284949,1.1093684250793772,JOLTS,2.609324605457694,True,-13.00042243284949,1.1093684250793772,-14.109790857928868,JOLTS,All · DTW only,-9.410042820411164,22.39513408696481,-0.42018247284745314,-1.0
2019-04-17 12:30:00+00:00,0.0,7.172653622973257,1.0952902519167578,Trade Balance,-1.2383182885962627,True,0.0,0.0,0.0,Trade Balance,All · DTW only,-0.5474212880840482,6.629957256954456,-0.08256784574437999,0.0
2019-04-17 14:00:00+00:00,-1.0,10.59482466292394,1.0981104926350864,Wholesale Inventories+Wholesale Trade Sales MoM,-0.1087319624357112,True,-10.59482466292394,1.0981104926350864,-11.692935155559027,Wholesale Inventories+Wholesale Trade Sales MoM,All · DTW only,-6.3164907399081995,16.406302176450232,-0.38500392544122175,-1.0
2019-04-30 13:00:00+00:00,0.0,1.5042683643073929,1.0904305320548977,Case-Shiller 20-City,0.0753943061381535,True,0.0,0.0,0.0,Case-Shiller 20-City,All · DTW only,-0.3801313301335024,8.917289149856407,-0.04262857509107727,0.0
2019-04-30 14:00:00+00:00,-1.0,-4.904272474046678,1.0937205355459174,Pending Home Sales MoM,0.607854696796068,True,4.904272474046678,1.0937205355459174,3.810551938500761,Pending Home Sales MoM,All · DTW only,-1.6543632029880302,9.867045167569033,-0.1676655143350904,-1.0
2019-05-01 14:00:00+00:00,-1.0,-3.3825049650637595,1.089038266551504,ISM Manufacturing,-1.1185881038486878,True,3.3825049650637595,1.089038266551504,2.2934666985122556,ISM Manufacturing,All · DTW only,-4.217557116311268,20.28289693544772,-0.207936624128893,-1.0
2019-05-03 12:30:00+00:00,0.0,10.230567552032,1.1004439722232762,Employment Report (NFP)+Wholesale Inventories,-0.2115333138905982,True,0.0,0.0,0.0,Employment Report (NFP)+Wholesale Inventories,All · DTW only,-0.525386640646893,15.212906431907452,-0.034535586148413455,0.0
2019-05-03 14:00:00+00:00,0.0,-15.161855682936933,1.0979857640466455,ISM Services,-0.8700061825114989,True,-0.0,0.0,-0.0,ISM Services,All · DTW only,1.9812590520255855,17.066119522356683,0.11609311943644414,0.0
2019-05-07 14:00:00+00:00,-1.0,0.0,1.1086474501108647,JOLTS,-0.7458879769912665,True,-0.0,1.1086474501108647,-1.1086474501108647,JOLTS,All · DTW only,-8.141152121901277,15.961065838845638,-0.5100631877657911,-1.0
2019-05-09 12:30:00+00:00,-1.0,-19.372342362267148,1.1222041637644145,Trade Balance,-0.0308851550716713,True,19.372342362267148,1.1222041637644145,18.250138198502732,Trade Balance,All · DTW only,-2.5508343378617306,8.957178041181114,-0.2847810243509876,-1.0
2019-05-09 14:00:00+00:00,0.0,-30.45568712298774,1.1295474020409753,Wholesale Inventories+Wholesale Trade Sales MoM,0.9816606553187176,True,-0.0,0.0,-0.0,Wholesale Inventories+Wholesale Trade Sales MoM,All · DTW only,-0.6531040344771045,14.057080239029393,-0.04646085982092962,0.0
2019-05-28 13:00:00+00:00,-1.0,-3.122316784391898,1.1311775948823966,Case-Shiller 20-City,1.0305531067298288,True,3.122316784391898,1.1311775948823966,1.9911391895095016,Case-Shiller 20-City,All · DTW only,-1.6883562070313123,7.356131748500906,-0.22951685270935768,-1.0
2019-05-30 12:30:00+00:00,-1.0,-9.139860359290708,1.152348406580307,Wholesale Inventories,1.3152303803357457,True,9.139860359290708,1.152348406580307,7.987511952710401,Wholesale Inventories,All · DTW only,-2.654913897582622,10.769814502403484,-0.24651435704766583,-1.0
2019-05-30 14:00:00+00:00,-1.0,-0.7939343420382272,1.150976345451659,Pending Home Sales MoM,-0.5184683414121161,True,0.7939343420382272,1.150976345451659,-0.35704200341343184,Pending Home Sales MoM,All · DTW only,-4.2163832429475985,9.233692702536906,-0.4566302322135076,-1.0
2019-06-03 14:00:00+00:00,0.0,49.52199350730879,1.170534813319879,ISM Manufacturing,-0.1607686790482518,True,0.0,0.0,0.0,ISM Manufacturing,All · DTW only,0.7369587582384535,14.679798272287425,0.05020224015133007,0.0
2019-06-05 14:00:00+00:00,0.0,-11.779026843861118,1.138370951913641,ISM Services,0.8700286671132983,True,-0.0,0.0,-0.0,ISM Services,All · DTW only,1.6584627816248125,21.110094989713136,0.07856254471772746,0.0
2019-06-06 12:30:00+00:00,-1.0,-21.097878503777423,1.1317514829847015,Trade Balance,0.0310236654453449,True,21.097878503777423,1.1317514829847015,19.966127020792722,Trade Balance,All · DTW only,-3.539417145449717,9.881005763546096,-0.35820413732655193,-1.0
2019-06-07 12:30:00+00:00,0.0,3.1030604182014088,1.123508445684178,Employment Report (NFP),-0.4292841940610685,True,0.0,0.0,0.0,Employment Report (NFP),All · DTW only,2.6361219187960203,26.634385346339446,0.098974385348762,0.0
2019-06-07 14:00:00+00:00,1.0,7.321631894878777,1.118309424649082,Wholesale Inventories+Wholesale Trade Sales MoM,-0.011526009887174,True,7.321631894878777,1.118309424649082,6.203322470229695,Wholesale Inventories+Wholesale Trade Sales MoM,All · DTW only,4.641611844610166,7.789276210700378,0.5958977084717878,1.0
2019-06-10 14:00:00+00:00,-1.0,2.2934903200599877,1.1087322220523017,JOLTS,0.2551781291483067,True,-2.2934903200599877,1.1087322220523017,-3.4022225421122894,JOLTS,All · DTW only,-17.62928204070939,19.486574149046497,-0.9046886284817803,-1.0
2019-06-25 13:00:00+00:00,-1.0,-2.988308266242967,1.0833022039596565,Case-Shiller 20-City,0.2642101217812244,True,2.988308266242967,1.0833022039596565,1.9050060622833107,Case-Shiller 20-City,All · DTW only,-0.9987087562831876,4.635322770245444,-0.2154561409820238,-1.0
2019-06-26 12:30:00+00:00,1.0,-6.004879144594355,1.0879759894954042,Wholesale Inventories,-0.1098920725221081,True,-6.004879144594355,1.0879759894954042,-7.092855134089759,Wholesale Inventories,All · DTW only,1.1099264582077362,6.16467525863607,0.1800462168145588,1.0
2019-06-27 14:00:00+00:00,-1.0,-9.419567019648412,1.091867469879518,Pending Home Sales MoM,0.0260187727135922,True,9.419567019648412,1.091867469879518,8.327699549768894,Pending Home Sales MoM,All · DTW only,-14.02429888875203,26.225145478211815,-0.5347653419274108,-1.0
2019-07-01 14:00:00+00:00,-1.0,-24.62320300947951,1.081040781331544,ISM Manufacturing,-0.5150897520442002,True,24.62320300947951,1.081040781331544,23.542162228147966,ISM Manufacturing,All · DTW only,-9.689213605480637,21.006624550311827,-0.46124562193581015,-1.0
2019-07-03 12:30:00+00:00,0.0,,,Trade Balance,0.4674279842482597,False,0.0,0.0,0.0,Trade Balance,All · DTW only,-0.16327300912409892,7.892231298490769,-0.020687813490124347,0.0
2019-07-03 14:00:00+00:00,1.0,,,ISM Services,-0.5230512818626962,False,0.0,0.0,0.0,ISM Services,All · DTW only,2.757234617015568,12.123225224233472,0.2274340834239432,1.0
2019-07-05 12:30:00+00:00,-1.0,-7.808869040495381,1.0773460138197488,Employment Report (NFP),0.6730071664656323,True,7.808869040495381,1.0773460138197488,6.731523026675632,Employment Report (NFP),All · DTW only,-3.8322186656696613,11.215095482717661,-0.3417018313910094,-1.0
2019-07-09 14:00:00+00:00,1.0,0.7490075653215911,1.0865899808910038,JOLTS,0.8014699032501351,True,0.7490075653215911,1.0865899808910038,-0.3375824155694127,JOLTS,All · DTW only,6.2159518045347015,20.21537290157866,0.30748637854952876,1.0
2019-07-10 14:00:00+00:00,1.0,-17.07498558880971,1.0755080848538792,Wholesale Inventories+Wholesale Trade Sales MoM,-0.1219301602902608,True,-17.07498558880971,1.0755080848538792,-18.15049367366359,Wholesale Inventories+Wholesale Trade Sales MoM,All · DTW only,2.950458860658853,10.507053610855307,0.280807443259888,1.0
2019-07-25 12:30:00+00:00,-1.0,-11.347207425576045,1.0608721100380452,Wholesale Inventories,-0.6635937629932486,True,11.347207425576045,1.0608721100380452,10.286335315538,Wholesale Inventories,All · DTW only,-2.8779500561299107,13.683321412956786,-0.21032540048388906,-1.0
2019-07-30 13:00:00+00:00,-1.0,3.691262822904662,1.0703871848817037,Case-Shiller 20-City,0.1071969239928343,True,-3.691262822904662,1.0703871848817037,-4.761650007786366,Case-Shiller 20-City,All · DTW only,-1.401335378946138,8.532452704350025,-0.16423593865708833,-1.0
2019-07-30 14:00:00+00:00,0.0,3.318400561393986,1.0693609646373392,Pending Home Sales MoM,0.6010290004464247,True,0.0,0.0,0.0,Pending Home Sales MoM,All · DTW only,-0.2797744705249006,10.714319908852382,-0.026112200578754928,0.0
2019-08-01 14:00:00+00:00,0.0,41.92411579582611,1.0775862068965516,ISM Manufacturing,-1.012131827489508,True,0.0,0.0,0.0,ISM Manufacturing,All · DTW only,-0.39522914928038455,11.05372056510605,-0.035755304917696976,0.0
2019-08-02 12:30:00+00:00,1.0,3.3964186978430178,1.0940919037199124,Employment Report (NFP)+Trade Balance,-0.0041668014234944,True,3.3964186978430178,1.0940919037199124,2.3023267941231054,Employment Report (NFP)+Trade Balance,All · DTW only,1.1849802914719372,6.989403028414518,0.16953955676250923,1.0
2019-08-05 14:00:00+00:00,-1.0,-16.578317050015556,1.1166730843280708,ISM Services,-1.0487641661378926,True,16.578317050015556,1.1166730843280708,15.461643965687486,ISM Services,All · DTW only,-8.396394831135096,17.85874717756229,-0.47015587082638793,-1.0
2019-08-06 14:00:00+00:00,-1.0,-39.53953284753453,1.1233778810768933,JOLTS,-0.1198635692040546,True,39.53953284753453,1.1233778810768933,38.41615496645764,JOLTS,All · DTW only,-5.084262142431119,20.129624547373858,-0.25257610396386754,-1.0
2019-08-08 14:00:00+00:00,-1.0,5.362751986339731,1.1113665976852916,Wholesale Inventories+Wholesale Trade Sales MoM,-0.528434093932597,True,-5.362751986339731,1.1113665976852916,-6.474118584025023,Wholesale Inventories+Wholesale Trade Sales MoM,All · DTW only,-6.581435065810345,9.662107729117206,-0.6811593547003091,-1.0
2019-08-27 13:00:00+00:00,-1.0,1.920602306793029,1.1140135218192992,Case-Shiller 20-City,-0.1377150001179232,True,-1.920602306793029,1.1140135218192992,-3.034615828612328,Case-Shiller 20-City,All · DTW only,-2.035647884337734,7.2579394939287,-0.28047187304889537,-1.0
2019-08-29 12:30:00+00:00,1.0,-11.02556902871754,1.1020330609918298,Wholesale Inventories,0.1109170389268115,True,-11.02556902871754,1.1020330609918298,-12.12760208970937,Wholesale Inventories,All · DTW only,1.0911767709969622,7.746962805547294,0.1408522021321199,1.0
2019-08-29 14:00:00+00:00,1.0,-11.021378787852145,1.101112503322322,Pending Home Sales MoM,-0.6547388591058947,True,-11.021378787852145,1.101112503322322,-12.122491291174466,Pending Home Sales MoM,All · DTW only,4.1169536223495085,24.554878521393245,0.16766336753662392,1.0
2019-09-03 14:00:00+00:00,1.0,,,ISM Manufacturing,-0.5595389851222737,False,0.0,0.0,0.0,ISM Manufacturing,All · DTW only,3.4690639253290048,9.899275617061383,0.3504361389180921,1.0
2019-09-04 12:30:00+00:00,-1.0,,,Trade Balance,0.1884003916971352,False,-0.0,0.0,-0.0,Trade Balance,All · DTW only,-2.112539545058904,8.420358043798219,-0.25088476452789754,-1.0
2019-09-05 14:00:00+00:00,1.0,,,ISM Services,1.396145510547349,False,0.0,0.0,0.0,ISM Services,All · DTW only,3.3101708874932916,9.972561534013106,0.3319278478456507,1.0
2019-09-06 12:30:00+00:00,-1.0,,,Employment Report (NFP),-0.4856947459450375,False,-0.0,0.0,-0.0,Employment Report (NFP),All · DTW only,-1.9606115262823167,7.86961465328576,-0.24913691618479852,-1.0
2019-09-10 14:00:00+00:00,1.0,,,JOLTS,0.6218292334900785,False,0.0,0.0,0.0,JOLTS,All · DTW only,5.155082776476355,10.436021982860494,0.49397009559224375,1.0
2019-09-11 14:00:00+00:00,1.0,,,Wholesale Inventories,0.0,False,0.0,0.0,0.0,Wholesale Inventories,All · DTW only,2.0340163998251537,10.979216759533307,0.18526061051295006,1.0
2019-09-24 13:00:00+00:00,1.0,,,Case-Shiller 20-City,0.010802298855498,False,0.0,0.0,0.0,Case-Shiller 20-City,All · DTW only,3.776212692870918,13.384739918336354,0.28212820838585856,1.0
2019-09-26 12:30:00+00:00,-1.0,,,Wholesale Inventories,0.669884793997939,False,-0.0,0.0,-0.0,Wholesale Inventories,All · DTW only,-4.889625066119063,8.190663015908722,-0.5969754898500824,-1.0
2019-09-26 14:00:00+00:00,1.0,,,Pending Home Sales MoM,0.1576085301410243,False,0.0,0.0,0.0,Pending Home Sales MoM,All · DTW only,2.0243214356119195,15.643822178727323,0.12940069328866566,1.0
2019-10-01 14:00:00+00:00,-1.0,-62.55139912671126,1.07403429502611,ISM Manufacturing,-0.6392916219864412,True,62.55139912671126,1.07403429502611,61.47736483168515,ISM Manufacturing,All · DTW only,-5.410645578382702,24.45924844519835,-0.2212106226610114,-1.0
2019-10-03 14:00:00+00:00,0.0,28.993931590033384,1.1141847241432303,ISM Services,-1.3923680829816754,True,0.0,0.0,0.0,ISM Services,All · DTW only,2.9797572479412944,24.209444729289675,0.12308242841837054,0.0
2019-10-04 12:30:00+00:00,0.0,8.383827326934323,1.1106855610877058,Employment Report (NFP)+Trade Balance,0.1313738836117203,True,0.0,0.0,0.0,Employment Report (NFP)+Trade Balance,All · DTW only,0.5745986409209993,17.118625834676127,0.033565698933443064,0.0
2019-10-09 14:00:00+00:00,-1.0,6.848272981088144,1.1044673801272042,JOLTS+Wholesale Inventories,0.3219991669158658,True,-6.848272981088144,1.1044673801272042,-7.952740361215348,JOLTS+Wholesale Inventories,All · DTW only,-9.581992864363386,25.460153878166953,-0.37635251185894475,-1.0
2019-10-28 12:30:00+00:00,-1.0,15.174790557459517,1.0742332197362572,Wholesale Inventories,-1.121516987398828,True,-15.174790557459517,1.0742332197362572,-16.249023777195774,Wholesale Inventories,All · DTW only,-1.4228046563753747,6.566241064705158,-0.21668480373394003,-1.0
2019-10-29 13:00:00+00:00,0.0,-2.5921605803524983,1.0736764161421697,Case-Shiller 20-City,0.0158358411377602,True,-0.0,0.0,-0.0,Case-Shiller 20-City,All · DTW only,-0.46161664350243914,8.418808502124218,-0.05483158850637414,0.0
2019-10-29 14:00:00+00:00,-1.0,4.805826232505694,1.072802604320805,Pending Home Sales MoM,0.1582405075879513,True,-4.805826232505694,1.072802604320805,-5.8786288368265,Pending Home Sales MoM,All · DTW only,-10.852899377475095,36.9357015950182,-0.29383222488831534,-1.0
2019-11-01 12:30:00+00:00,0.0,5.538836616683085,1.0736764161421697,Employment Report (NFP),0.5209469624313295,True,0.0,0.0,0.0,Employment Report (NFP),All · DTW only,-0.7713191750792401,8.795772687793765,-0.08769203144024285,0.0
2019-11-01 14:00:00+00:00,0.0,25.023012136848877,1.0680219496924832,ISM Manufacturing,-0.3411753815848861,True,0.0,0.0,0.0,ISM Manufacturing,All · DTW only,0.19765702141521269,16.55916570386304,0.01193641183076644,0.0
2019-11-05 13:30:00+00:00,1.0,3.640865109773017,1.056043115691344,Trade Balance,0.0316646894236355,True,3.640865109773017,1.056043115691344,2.5848219940816732,Trade Balance,All · DTW only,2.7045114023538956,10.438683992397074,0.25908547517327885,1.0
2019-11-05 15:00:00+00:00,1.0,-22.590645424465094,1.0567357796159311,ISM Services+JOLTS,0.4513695903865941,True,-22.590645424465094,1.0567357796159311,-23.647381204081025,ISM Services+JOLTS,All · DTW only,5.3179313133745385,14.428302366445804,0.3685763701308217,1.0
2019-11-08 15:00:00+00:00,0.0,12.69380893996086,1.0518298211889303,Wholesale Inventories+Wholesale Trade Sales MoM,-0.2044582875798339,True,0.0,0.0,0.0,Wholesale Inventories+Wholesale Trade Sales MoM,All · DTW only,-2.0553515117792283,15.991013956340739,-0.12853165642846823,0.0
2019-11-26 13:30:00+00:00,0.0,-0.7126313917105165,1.0332787002066557,Wholesale Inventories,0.1121947791793919,True,-0.0,0.0,-0.0,Wholesale Inventories,All · DTW only,-1.4404619997014612,8.971121124964144,-0.16056655345930562,0.0
2019-11-26 14:00:00+00:00,1.0,1.4253643611716882,1.033352337514253,Case-Shiller 20-City,0.0151072976505187,True,1.4253643611716882,1.033352337514253,0.39201202365743515,Case-Shiller 20-City,All · DTW only,1.6340767521076964,9.586297410925216,0.17045963441999912,1.0
2019-11-27 15:00:00+00:00,0.0,-2.849002868288153,1.032285622752999,Pending Home Sales MoM,-0.5030883860479812,True,-0.0,0.0,-0.0,Pending Home Sales MoM,All · DTW only,1.6210454106542498,15.934194326780618,0.10173375430283017,0.0
2019-12-02 15:00:00+00:00,-1.0,-16.109115871536517,1.0358992677263796,ISM Manufacturing,-0.6709934216827046,True,16.109115871536517,1.0358992677263796,15.073216603810137,ISM Manufacturing,All · DTW only,-9.730149534440217,22.957692971248957,-0.42382958717262054,-1.0
2019-12-04 15:00:00+00:00,0.0,-6.501950814232771,1.0470070041158206,ISM Services,-0.3471809391470089,True,-0.0,0.0,-0.0,ISM Services,All · DTW only,1.19643976854254,10.970186215542336,0.10906284953006984,0.0
2019-12-05 13:30:00+00:00,-1.0,-5.409206601303396,1.0454971519215517,Trade Balance,-0.4133945248912698,True,5.409206601303396,1.0454971519215517,4.363709449381844,Trade Balance,All · DTW only,-2.9727689666414934,11.022867979951968,-0.26969106153210476,-1.0
2019-12-06 13:30:00+00:00,1.0,24.80186746110391,1.0463270313176505,Employment Report (NFP),0.4413152239638416,True,24.80186746110391,1.0463270313176505,23.755540429786258,Employment Report (NFP),All · DTW only,2.9569884838775655,16.768061543812482,0.1763464713050694,1.0
2019-12-06 15:00:00+00:00,1.0,-7.152820304252572,1.037010548900411,Wholesale Inventories,-0.2251134155301338,True,-7.152820304252572,1.037010548900411,-8.189830853152984,Wholesale Inventories,All · DTW only,2.26523692564721,8.106185907529504,0.2794454693597792,1.0
2019-12-17 15:00:00+00:00,1.0,6.367173897441347,1.026512335846519,JOLTS,-1.4157727572782377,True,6.367173897441347,1.026512335846519,5.340661561594828,JOLTS,All · DTW only,5.308251299693446,14.497280699325543,0.3661549644920928,1.0
2019-12-30 13:30:00+00:00,-1.0,3.142622719085608,1.0128527521654092,Wholesale Inventories,-0.4514373795043512,True,-3.142622719085608,1.0128527521654092,-4.155475471251018,Wholesale Inventories,All · DTW only,-2.3056761333222835,7.348993272033287,-0.31374040606304154,-1.0
2019-12-30 15:00:00+00:00,-1.0,-28.809351338647815,1.017579564195235,Pending Home Sales MoM,-0.0531442073475608,True,28.809351338647815,1.017579564195235,27.79177177445258,Pending Home Sales MoM,All · DTW only,-3.73145395643819,11.316591866479703,-0.3297330150688688,-1.0
2019-12-31 14:00:00+00:00,0.0,-3.875354555358257,1.021486438886932,Case-Shiller 20-City,-0.0682881902438581,True,-0.0,0.0,-0.0,Case-Shiller 20-City,All · DTW only,-1.2720072615594233,8.805348742326345,-0.14445847618107663,0.0
2020-01-03 15:00:00+00:00,0.0,8.037321558607147,1.0124991271559247,ISM Manufacturing,0.0207532118471872,True,0.0,0.0,0.0,ISM Manufacturing,All · DTW only,0.6949562057355865,10.439727677431621,0.06656842277964088,0.0
2020-01-07 13:30:00+00:00,-1.0,-13.972337050294216,1.012004466778336,Trade Balance,-0.1595559397292306,True,13.972337050294216,1.012004466778336,12.96033258351588,Trade Balance,All · DTW only,-4.177562346665106,10.023549616150998,-0.41677474613721455,-1.0
2020-01-07 15:00:00+00:00,0.0,5.247599343789489,1.0150507525376269,ISM Services,0.2902789813530346,True,0.0,0.0,0.0,ISM Services,All · DTW only,-3.927786883475505,27.396669173541927,-0.14336731442042333,0.0
2020-01-10 13:30:00+00:00,0.0,-1.7266683976124853,1.0010355540214015,Employment Report (NFP),-0.065520798516164,True,-0.0,0.0,-0.0,Employment Report (NFP),All · DTW only,1.5667021089132618,12.909799878700522,0.12135758289314112,0.0
2020-01-10 15:00:00+00:00,0.0,-2.4185885925831485,1.0017963244438304,Wholesale Inventories+Wholesale Trade Sales MoM,0.6950059133044145,True,-0.0,0.0,-0.0,Wholesale Inventories+Wholesale Trade Sales MoM,All · DTW only,1.2176817976659828,15.789825066393485,0.07711813098282225,0.0
2020-01-14 13:30:00+00:00,0.0,13.162910210482435,1.0046769443963277,CPI,0.8660898068244481,True,0.0,0.0,0.0,CPI,All · DTW only,0.43016559172385843,6.259108216398808,0.06872633877727635,0.0
2020-01-15 13:30:00+00:00,0.0,-20.0810232629145,1.0032519200166057,Empire Manufacturing,0.1583313998281338,True,-0.0,0.0,-0.0,Empire Manufacturing,All · DTW only,0.4588212194917647,7.48650378260249,0.06128644729439612,0.0
2020-01-16 13:30:00+00:00,0.0,2.061359817648878,0.9965293288890416,Retail Sales,0.2727480458287097,True,0.0,0.0,0.0,Retail Sales,All · DTW only,-1.0164966539703932,14.36980799319988,-0.07073836020992226,0.0
2020-01-29 13:30:00+00:00,1.0,-4.507237659741037,1.0054432617966231,Wholesale Inventories,-0.3401360904090461,True,-4.507237659741037,1.0054432617966231,-5.51268092153766,Wholesale Inventories,All · DTW only,2.228442260178733,6.907019100193646,0.3226344429996228,1.0
2020-02-03 15:00:00+00:00,1.0,13.66383675843963,1.0181511778955867,ISM Manufacturing,0.3955551823144471,True,13.66383675843963,1.0181511778955867,12.645685580544043,ISM Manufacturing,All · DTW only,3.75897578404539,12.171563213910524,0.3088326222345349,1.0
2020-02-05 13:30:00+00:00,1.0,-4.131946894396776,0.9987945582917168,Trade Balance,0.2242922918801791,True,-4.131946894396776,0.9987945582917168,-5.130741452688493,Trade Balance,All · DTW only,3.782620732383562,4.740435164541838,0.7979479944536171,1.0
2020-02-05 15:00:00+00:00,1.0,-33.08066421309874,0.9980726872246696,ISM Services,0.2331662435895157,True,-33.08066421309874,0.9980726872246696,-34.07873690032341,ISM Services,All · DTW only,3.294236930288698,12.317694027667667,0.2674394186841525,1.0
2020-02-06 13:30:00+00:00,0.0,-11.923215911160412,0.9877047784476004,Unit Labor Costs,-0.2551339804489138,True,-0.0,0.0,-0.0,Unit Labor Costs,All · DTW only,-1.7084259726762627,10.665832213188846,-0.16017746562370508,0.0
2020-02-07 13:30:00+00:00,-1.0,-28.71109741358069,0.990978676872608,Employment Report (NFP),0.2757701238089594,True,28.71109741358069,0.990978676872608,27.72011873670808,Employment Report (NFP),All · DTW only,-4.076264227468674,10.721859193085049,-0.38018259278182076,-1.0
2020-02-07 15:00:00+00:00,-1.0,24.364727826799992,0.9958791208791208,Wholesale Inventories+Wholesale Trade Sales MoM,-0.6049536991472197,True,-24.364727826799992,0.9958791208791208,-25.360606947679113,Wholesale Inventories+Wholesale Trade Sales MoM,All · DTW only,-3.0415691489415932,12.877086859259672,-0.23620009573473194,-1.0
2020-02-13 13:30:00+00:00,1.0,3.4054146421347298,0.9878730072216922,CPI,-0.313487807128756,True,3.4054146421347298,0.9878730072216922,2.4175416349130376,CPI,All · DTW only,2.6942925386512147,8.02164943465143,0.3358776222521736,1.0
2020-02-14 13:30:00+00:00,0.0,-8.832722411469263,0.9841851625602388,Retail Sales,-0.1320605680860598,True,-0.0,0.0,-0.0,Retail Sales,All · DTW only,-0.7630717565323358,12.079077637722236,-0.06317301530948924,0.0
2020-02-18 13:30:00+00:00,1.0,-4.786324877699144,0.991419096783016,Empire Manufacturing,1.004420619205327,True,-4.786324877699144,0.991419096783016,-5.77774397448216,Empire Manufacturing,All · DTW only,1.4078996769415215,7.411206687032201,0.18996902075406985,1.0
2020-02-28 13:30:00+00:00,0.0,,,Wholesale Inventories,-0.6836569783784273,False,0.0,0.0,0.0,Wholesale Inventories,All · DTW only,-1.6755260230753177,9.420778297584791,-0.1778543099252079,0.0
2020-03-02 15:00:00+00:00,0.0,21.16237024456069,1.1363636363636365,ISM Manufacturing,-0.0046870840831074,True,0.0,0.0,0.0,ISM Manufacturing,All · DTW only,1.290206112619475,23.42827895689203,0.05507046057431068,0.0
2020-03-04 15:00:00+00:00,1.0,56.31688322997874,1.1010288925168,ISM Services,1.4632635374555136,True,56.31688322997874,1.1010288925168,55.21585433746194,ISM Services,All · DTW only,4.3804500166249305,17.95960202279755,0.24390573972989363,1.0
2020-03-05 13:30:00+00:00,1.0,28.43226511158647,1.101196126827416,Unit Labor Costs,0.1728618374002194,True,28.43226511158647,1.101196126827416,27.331068984759057,Unit Labor Costs,All · DTW only,8.509376080925808,23.27561762002293,0.3655918489400508,1.0
2020-03-06 13:30:00+00:00,-1.0,5.519199067798297,1.1448874851954205,Employment Report (NFP)+Trade Balance,0.2105670283364228,True,-5.519199067798297,1.1448874851954205,-6.664086552993718,Employment Report (NFP)+Trade Balance,All · DTW only,-1.8467890673290366,5.385716860645341,-0.3429049679206021,-1.0
2020-03-06 15:00:00+00:00,-1.0,90.16133205363984,1.1435331230283912,Wholesale Inventories,-0.456164382027693,True,-90.16133205363984,1.1435331230283912,-91.30486517666823,Wholesale Inventories,All · DTW only,-5.768147374063794,17.09878983119137,-0.3373424336464807,-1.0
2020-03-11 12:30:00+00:00,-1.0,-59.32765757634684,1.199884149116637,CPI,-0.8721423415768248,True,59.32765757634684,1.199884149116637,58.1277734272302,CPI,All · DTW only,-4.427619010933273,6.944875896456693,-0.6375375279480897,-1.0
2020-03-16 12:30:00+00:00,-1.0,,,Empire Manufacturing,-3.110547589800201,False,-0.0,0.0,-0.0,Empire Manufacturing,All · DTW only,-1.9721164479898752,6.529634905822955,-0.3020255307431039,-1.0
2020-03-17 12:30:00+00:00,1.0,31.0303279290558,1.406060606060606,Retail Sales,-1.454407343214982,True,31.0303279290558,1.406060606060606,29.624267322995195,Retail Sales,All · DTW only,1.5818662752842065,6.91333736562557,0.22881369613893673,1.0
2020-03-26 12:30:00+00:00,0.0,97.10439602717004,1.41030005349414,Wholesale Inventories,-0.6855550636468352,True,0.0,0.0,0.0,Wholesale Inventories,All · DTW only,2.151709015090086,17.87295958578095,0.12038907181337243,0.0
2020-04-01 14:00:00+00:00,-1.0,42.18115688097157,1.3754505786378295,ISM Manufacturing,-0.0888018544197422,True,-42.18115688097157,1.3754505786378295,-43.5566074596094,ISM Manufacturing,All · DTW only,-7.019211715371927,27.95025359374222,-0.25113230875813797,-1.0
2020-04-02 12:30:00+00:00,-1.0,-105.69962339802784,1.375385345032013,Trade Balance,-0.0322931461328361,True,105.69962339802784,1.375385345032013,104.32423805299582,Trade Balance,All · DTW only,-1.5700990183987942,7.261409655094234,-0.2162250985657162,-1.0
2020-04-03 12:30:00+00:00,1.0,44.49079659949007,1.374994073301408,Employment Report (NFP),-0.9910207378555704,True,44.49079659949007,1.374994073301408,43.11580252618866,Employment Report (NFP),All · DTW only,4.977841437641699,23.136052611826642,0.2151551745303836,1.0
2020-04-03 14:00:00+00:00,0.0,-78.40954630406571,1.3663776856388994,ISM Services,5.0,True,-0.0,0.0,-0.0,ISM Services,All · DTW only,2.0037680957597965,26.36491906933952,0.07600129894159367,0.0
2020-04-09 14:00:00+00:00,0.0,-23.527445522191215,1.2152195776064365,Wholesale Inventories,-0.457441898157632,True,-0.0,0.0,-0.0,Wholesale Inventories,All · DTW only,1.31830854937216,14.234523951688638,0.0926134624414868,0.0
2020-04-10 12:30:00+00:00,0.0,,,CPI,1.2932156674136484,False,0.0,0.0,0.0,CPI,All · DTW only,-3.4438851192322295e-09,0.00035298223831171883,-9.756539410322772e-06,0.0
2020-04-15 12:30:00+00:00,1.0,-53.16424801279141,1.2402172518496344,Empire Manufacturing+Retail Sales,-1.3225673738078847,True,-53.16424801279141,1.2402172518496344,-54.40446526464105,Empire Manufacturing+Retail Sales,All · DTW only,3.9895081095725073,24.777936417491368,0.16101050718477966,1.0
2020-04-28 12:30:00+00:00,-1.0,10.654865363388666,1.1894995898277276,Wholesale Inventories,-1.4895347273420316,True,-10.654865363388666,1.1894995898277276,-11.844364953216393,Wholesale Inventories,All · DTW only,-7.06189694731221,20.163521389042657,-0.3502313316735347,-1.0
2020-05-01 14:00:00+00:00,1.0,1.2600012616736933,1.2185897974619715,ISM Manufacturing,2.8031352485608907,True,1.2600012616736933,1.2185897974619715,0.041411464211721816,ISM Manufacturing,All · DTW only,15.34427581113686,37.08140340661698,0.4137997594880337,1.0
2020-05-05 12:30:00+00:00,1.0,-4.607233437852187,1.2137954126904402,Trade Balance,0.064850258722308,True,-4.607233437852187,1.2137954126904402,-5.8210288505426275,Trade Balance,All · DTW only,2.3927839238563138,5.149993741337353,0.4646188022812926,1.0
2020-05-05 14:00:00+00:00,1.0,-24.196924613573145,1.2089378022344506,ISM Services,2.000220896486279,True,-24.196924613573145,1.2089378022344506,-25.405862415807597,ISM Services,All · DTW only,1.4258175509386974,8.792355679589154,0.16216559053094662,1.0
2020-05-07 12:30:00+00:00,0.0,-4.614190815743768,1.2167491818410674,Unit Labor Costs,2.3420800129725508,True,-0.0,0.0,-0.0,Unit Labor Costs,All · DTW only,1.145077580014952,16.42731400278596,0.06970570963827408,0.0
2020-05-08 12:30:00+00:00,1.0,-16.997993354959107,1.2065737466195132,Employment Report (NFP),0.7142857142857143,True,-16.997993354959107,1.2065737466195132,-18.20456710157862,Employment Report (NFP),All · DTW only,6.852340991910847,28.747855727791695,0.23836007307099485,1.0
2020-05-08 14:00:00+00:00,-1.0,-10.780778089412024,1.203469311532556,Wholesale Inventories+Wholesale Trade Sales MoM,-1.1237762984102937,True,10.780778089412024,1.203469311532556,9.577308777879468,Wholesale Inventories+Wholesale Trade Sales MoM,All · DTW only,-14.414052221377768,48.81422456615676,-0.295283851161924,-1.0
2020-05-12 12:30:00+00:00,1.0,8.664975475607406,1.1973575557390586,CPI,1.654865259542607,True,8.664975475607406,1.1973575557390586,7.467617919868347,CPI,All · DTW only,2.1365404653873976,8.524613606000369,0.2506319422951339,1.0
2020-05-15 12:30:00+00:00,0.0,18.44900233678004,1.243621081521506,Empire Manufacturing+Retail Sales,-1.8552032225609776,True,0.0,0.0,0.0,Empire Manufacturing+Retail Sales,All · DTW only,0.33851426686332475,11.873785634433494,0.02850938001454626,0.0
2020-05-29 12:30:00+00:00,0.0,-14.232064074537476,1.145701643489254,Wholesale Inventories,2.5148660912203837,True,-0.0,0.0,-0.0,Wholesale Inventories,All · DTW only,0.49928888987410946,5.603174298398742,0.08910822032018434,0.0
2020-06-01 14:00:00+00:00,0.0,22.06810479457033,1.1443905133972614,ISM Manufacturing,1.2618393178942018,True,0.0,0.0,0.0,ISM Manufacturing,All · DTW only,-1.8393795155406951,14.968167337131357,-0.12288608712823298,0.0
2020-06-03 14:00:00+00:00,-1.0,27.304033729826926,1.1174475955610357,ISM Services,0.5213888809543974,True,-27.304033729826926,1.1174475955610357,-28.421481325387962,ISM Services,All · DTW only,-3.6219498322026604,11.364695293988339,-0.318701886720939,-1.0
2020-06-04 12:30:00+00:00,0.0,-20.649313291158933,1.1074197120708749,Trade Balance+Unit Labor Costs,0.6726763672315097,True,-0.0,0.0,-0.0,Trade Balance+Unit Labor Costs,All · DTW only,3.036058260118652,30.528630930943798,0.09944953859825091,0.0
2020-06-05 12:30:00+00:00,1.0,81.78248244934849,1.091292240535862,Employment Report (NFP),3.2633592957201203,True,81.78248244934849,1.091292240535862,80.69119020881263,Employment Report (NFP),All · DTW only,12.292688318539007,44.32829557080155,0.27731019567185966,1.0
2020-06-09 14:00:00+00:00,0.0,36.01753314825373,1.0664117084651026,Wholesale Inventories+Wholesale Trade Sales MoM,-2.6127731239913934,True,0.0,0.0,0.0,Wholesale Inventories+Wholesale Trade Sales MoM,All · DTW only,1.202590822677264,17.900181780474913,0.06718316257486397,0.0
2020-06-10 12:30:00+00:00,1.0,0.7323861142971566,1.0622321526684004,CPI,1.4295895341461098,True,0.7323861142971566,1.0622321526684004,-0.3298460383712438,CPI,All · DTW only,4.652052209322489,23.008499942871758,0.20218841823122577,1.0
2020-06-15 12:30:00+00:00,1.0,-7.609893227957798,1.1628839522014596,Empire Manufacturing,3.281339135974473,True,-7.609893227957798,1.1628839522014596,-8.772777180159258,Empire Manufacturing,All · DTW only,1.7468160051099053,7.854762678795928,0.22238940583468758,1.0
2020-06-16 12:30:00+00:00,1.0,74.37492026063808,1.0967400347931322,Retail Sales,5.0,True,74.37492026063808,1.0967400347931322,73.27818022584495,Retail Sales,All · DTW only,1.7256119015968605,7.469623782863928,0.23101724420921824,1.0
2020-06-25 12:30:00+00:00,0.0,6.760653257043003,1.1521652761223675,Wholesale Inventories,-3.617963925854053,True,0.0,0.0,0.0,Wholesale Inventories,All · DTW only,0.07280350671744518,11.373796337249455,0.006400985612781895,0.0
2020-07-01 14:00:00+00:00,0.0,4.264640380995388,1.12673867433367,ISM Manufacturing,0.0791088164575656,True,0.0,0.0,0.0,ISM Manufacturing,All · DTW only,-1.574600179126846,21.6462489937171,-0.07274240352607415,0.0
2020-07-02 12:30:00+00:00,1.0,26.15184937905468,1.123290854863075,Employment Report (NFP)+Trade Balance,0.3781505682994868,True,26.15184937905468,1.123290854863075,25.028558524191606,Employment Report (NFP)+Trade Balance,All · DTW only,16.08371724522748,37.781477029379275,0.4257037709965815,1.0
2020-07-06 14:00:00+00:00,0.0,-60.6039214413201,1.110345355693391,ISM Services,3.6364068164642505,True,-0.0,0.0,-0.0,ISM Services,All · DTW only,1.1904511636085542,17.568049794282505,0.06776228309621395,0.0
2020-07-09 14:00:00+00:00,-1.0,-40.6685689405073,1.121596534653465,Wholesale Inventories+Wholesale Trade Sales MoM,0.2330172427357023,True,40.6685689405073,1.121596534653465,39.546972405853836,Wholesale Inventories+Wholesale Trade Sales MoM,All · DTW only,-3.6509853097814315,18.574984564341282,-0.19655388122315273,-1.0
2020-07-14 12:30:00+00:00,0.0,-36.54201585257866,1.111579592931887,CPI,-0.7819599103905879,True,-0.0,0.0,-0.0,CPI,All · DTW only,4.9613570242615515,47.743607588703675,0.10391667649001514,0.0
2020-07-15 12:30:00+00:00,-1.0,8.137599857231947,1.073358501739581,Empire Manufacturing,0.7707516561158496,True,-8.137599857231947,1.073358501739581,-9.210958358971528,Empire Manufacturing,All · DTW only,-4.932912394803924,17.490128910656885,-0.28203979627607306,-1.0
2020-07-16 12:30:00+00:00,0.0,-8.278769194145497,1.0905945620698732,Retail Sales,1.875026811510453,True,-0.0,0.0,-0.0,Retail Sales,All · DTW only,-0.5827778838342011,6.310248038149287,-0.09235419595409791,0.0
2020-07-29 12:30:00+00:00,1.0,-5.693139920346368,1.1005692599620494,Wholesale Inventories,-3.276677785167689,True,-5.693139920346368,1.1005692599620494,-6.793709180308418,Wholesale Inventories,All · DTW only,2.8877831478489195,12.328855104111366,0.2342296282552559,1.0
2020-08-03 14:00:00+00:00,0.0,0.7547454624479144,1.0962425342103272,ISM Manufacturing,-0.296357751754649,True,0.0,0.0,0.0,ISM Manufacturing,All · DTW only,-2.275148343936085,13.896853367465681,-0.16371679860007013,0.0
2020-08-05 12:30:00+00:00,0.0,3.7173339709006825,1.078227245687091,Trade Balance,0.1639483699770445,True,0.0,0.0,0.0,Trade Balance,All · DTW only,0.14862982716689585,16.243814677197435,0.00914993368987014,0.0
2020-08-05 14:00:00+00:00,0.0,5.926584608779706,1.0744720266765468,ISM Services,1.5559721000234692,True,0.0,0.0,0.0,ISM Services,All · DTW only,-6.126611227774291,38.3359290324801,-0.1598138191090536,0.0
2020-08-07 12:30:00+00:00,1.0,-11.017261488994734,1.0671180453341182,Employment Report (NFP),-0.5492246572325834,True,-11.017261488994734,1.0671180453341182,-12.084379534328852,Employment Report (NFP),All · DTW only,3.1556881150764617,16.04315704373872,0.19669994543300037,1.0
2020-08-07 14:00:00+00:00,0.0,-10.296389818975626,1.065902157532988,Wholesale Inventories+Wholesale Trade Sales MoM,1.6243182274460457,True,-0.0,0.0,-0.0,Wholesale Inventories+Wholesale Trade Sales MoM,All · DTW only,1.0551259576916363,14.702784915693071,0.07176368040080922,0.0
2020-08-12 12:30:00+00:00,-1.0,20.44440374231016,1.0410683515221135,CPI,-3.996133963581365,True,-20.44440374231016,1.0410683515221135,-21.485472093832275,CPI,All · DTW only,-2.2052976699465217,8.094456320483586,-0.2724454345829086,-1.0
2020-08-14 12:30:00+00:00,-1.0,-4.328223692464661,1.0451957038852446,Retail Sales+Unit Labor Costs,0.0802428632380274,True,4.328223692464661,1.0451957038852446,3.2830279885794162,Retail Sales+Unit Labor Costs,All · DTW only,-2.1228151136272944,9.139655735912871,-0.23226423127580384,-1.0
2020-08-17 12:30:00+00:00,1.0,13.274735109298774,1.0409936104530118,Empire Manufacturing,-1.2104555527416634,True,13.274735109298774,1.0409936104530118,12.233741498845763,Empire Manufacturing,All · DTW only,2.076081852341949,15.175515546301444,0.1368047000451282,1.0
2020-08-28 12:30:00+00:00,-1.0,-15.386770415766192,1.0131358300726665,Wholesale Inventories,1.5885314771201302,True,15.386770415766192,1.0131358300726665,14.373634585693525,Wholesale Inventories,All · DTW only,-2.0211891552384667,9.794494865507893,-0.2063597135934236,-1.0
2020-09-01 14:00:00+00:00,1.0,17.567904451585292,1.0209110751249737,ISM Manufacturing,0.3668217735328734,True,17.567904451585292,1.0209110751249737,16.546993376460318,ISM Manufacturing,All · DTW only,2.4302966903329795,9.989183180248187,0.24329283450707503,1.0
2020-09-03 12:30:00+00:00,-1.0,-2.7520726720808852,0.9979009669316266,Trade Balance+Unit Labor Costs,2.3148351627159673,True,2.7520726720808852,0.9979009669316266,1.7541717051492587,Trade Balance+Unit Labor Costs,All · DTW only,-2.839654798825057,8.195899279318343,-0.3464726324774006,-1.0
2020-09-03 14:00:00+00:00,1.0,-81.72882018710581,0.9949907362931448,ISM Services,-0.0500250029462718,True,-81.72882018710581,0.9949907362931448,-82.72381092339896,ISM Services,All · DTW only,7.37775733060197,14.121147195990378,0.5224616122333774,1.0
2020-09-04 12:30:00+00:00,0.0,31.28902691535984,1.0207314068494595,Employment Report (NFP),-0.5016270518172774,True,0.0,0.0,0.0,Employment Report (NFP),All · DTW only,-0.6575290405303729,6.503353234638072,-0.10110615505678679,0.0
2020-09-10 14:00:00+00:00,-1.0,-28.160497694305064,1.03291067103576,Wholesale Inventories,-0.4221794026410042,True,28.160497694305064,1.03291067103576,27.127587023269303,Wholesale Inventories,All · DTW only,-10.599804209992634,31.103215651804785,-0.3407944801803017,-1.0
2020-09-11 12:30:00+00:00,-1.0,-12.660747951773743,1.0484075051516577,CPI,-1.3558031003421431,True,12.660747951773743,1.0484075051516577,11.612340446622085,CPI,All · DTW only,-1.427661703258727,5.7869057064267295,-0.2467055410412541,-1.0
2020-09-15 12:30:00+00:00,0.0,16.314953078016003,1.0296101682880068,Empire Manufacturing,1.0813133915123598,True,0.0,0.0,0.0,Empire Manufacturing,All · DTW only,0.8726346338951251,10.074800833033224,0.08661557169784771,0.0
2020-09-16 12:30:00+00:00,0.0,-8.171241239818272,1.0296832836244851,Retail Sales,-0.2807807688610645,True,-0.0,0.0,-0.0,Retail Sales,All · DTW only,0.49393379550420763,12.287306296460864,0.040198704548162545,0.0
2020-09-29 12:30:00+00:00,0.0,0.7282260416907604,1.0562739027499546,Wholesale Inventories,1.163368098143154,True,0.0,0.0,0.0,Wholesale Inventories,All · DTW only,-0.12099024545524026,11.948795144204864,-0.010125727656643291,0.0
2020-10-01 14:00:00+00:00,0.0,5.052510122283138,1.0454217736121123,ISM Manufacturing,0.296926032243375,True,0.0,0.0,0.0,ISM Manufacturing,All · DTW only,1.5817280892688226,23.737010471021218,0.06663552224488585,0.0
2020-10-02 12:30:00+00:00,0.0,-17.22463915134753,1.0603678379465429,Employment Report (NFP),0.1309679333818734,True,-0.0,0.0,-0.0,Employment Report (NFP),All · DTW only,-0.26924329215854614,11.816254999983313,-0.022785839689387744,0.0
2020-10-05 14:00:00+00:00,0.0,28.033370860249818,1.0444052292289407,ISM Services,0.8033496541843892,True,0.0,0.0,0.0,ISM Services,All · DTW only,-1.5289103850395613,17.881418074008135,-0.08550274808808017,0.0
2020-10-06 12:30:00+00:00,1.0,7.82055423599104,1.0312211080293008,Trade Balance,0.2935368519307854,True,7.82055423599104,1.0312211080293008,6.789333127961739,Trade Balance,All · DTW only,3.9672129324078753,6.22698171670366,0.6371004626151328,1.0
2020-10-09 14:00:00+00:00,1.0,-15.867701984131344,1.021486438886932,Wholesale Inventories,-0.2114658581555675,True,-15.867701984131344,1.021486438886932,-16.889188423018275,Wholesale Inventories,All · DTW only,2.5082213996365,14.327469207650331,0.17506381366342103,1.0
2020-10-13 12:30:00+00:00,1.0,-1.7446830827339,1.011969152388596,CPI,0.0984578301877035,True,-1.7446830827339,1.011969152388596,-2.756652235122496,CPI,All · DTW only,14.813792991362712,39.03600399210535,0.37949050815648694,1.0
2020-10-15 12:30:00+00:00,-1.0,-2.493543516344232,1.0315512396400242,Empire Manufacturing,-0.3739885898393377,True,2.493543516344232,1.0315512396400242,1.461992276704208,Empire Manufacturing,All · DTW only,-3.8570219830635084,15.28102483311657,-0.25240597572387213,-1.0
2020-10-16 12:30:00+00:00,1.0,9.473518716980324,1.018830803822372,Retail Sales,0.9863107475674128,True,9.473518716980324,1.018830803822372,8.454687913157953,Retail Sales,All · DTW only,9.08030229181644,21.23575840541206,0.4275949141285329,1.0
2020-10-28 12:30:00+00:00,-1.0,-47.00273509602226,1.0791500762847468,Wholesale Inventories,-1.0600125233618949,True,47.00273509602226,1.0791500762847468,45.923585019737516,Wholesale Inventories,All · DTW only,-3.7728514310962864,17.868268214583335,-0.21114813062952809,-1.0
2020-11-02 15:00:00+00:00,-1.0,25.31458428769895,1.0835450605290688,ISM Manufacturing,0.713259446371875,True,-25.31458428769895,1.0835450605290688,-26.398129348228018,ISM Manufacturing,All · DTW only,-18.05675360322688,56.17762028541533,-0.3214225435589468,-1.0
2020-11-04 13:30:00+00:00,1.0,-20.70506923963933,1.0512197774313987,Trade Balance,0.0,True,-20.70506923963933,1.0512197774313987,-21.756289017070728,Trade Balance,All · DTW only,2.709082056321319,13.107213595993947,0.20668634385795892,1.0
2020-11-04 15:00:00+00:00,-1.0,48.52546320373463,1.044819138204352,ISM Services,-0.4530035691642165,True,-48.52546320373463,1.044819138204352,-49.570282341938984,ISM Services,All · DTW only,-6.399626513282229,25.02817659530739,-0.2556968738378694,-1.0
2020-11-05 13:30:00+00:00,0.0,1.423639536888288,1.0323591185789045,Unit Labor Costs,-1.2880771122265486,True,0.0,0.0,0.0,Unit Labor Costs,All · DTW only,0.12172614617118518,30.19276945411256,0.004031632353440994,0.0
2020-11-06 13:30:00+00:00,1.0,48.160438708304554,1.031844867461306,Employment Report (NFP),0.0114085489231468,True,48.160438708304554,1.031844867461306,47.128593840843244,Employment Report (NFP),All · DTW only,6.473668993562155,21.79877326980321,0.2969740046119851,1.0
2020-11-06 15:00:00+00:00,-1.0,21.99284345726582,1.0307079897640037,Wholesale Inventories+Wholesale Trade Sales MoM,0.2877853761355006,True,-21.99284345726582,1.0307079897640037,-23.023551447029824,Wholesale Inventories+Wholesale Trade Sales MoM,All · DTW only,-5.193648721844453,12.461072461256228,-0.4167898660402196,-1.0
2020-11-12 13:30:00+00:00,-1.0,23.371723991569837,0.9975233902036325,CPI,1.133771684728648,True,-23.371723991569837,0.9975233902036325,-24.36924738177347,CPI,All · DTW only,-4.4214824916428315,15.57302308334679,-0.2839193435968768,-1.0
2020-11-16 13:30:00+00:00,0.0,-12.719241238130508,0.9699645461234864,Empire Manufacturing,-0.7721790076701166,True,-0.0,0.0,-0.0,Empire Manufacturing,All · DTW only,1.0862551638623563,13.857165866727094,0.07838941774310432,0.0
2020-11-17 13:30:00+00:00,0.0,-7.763058359664399,0.9781435509983808,Retail Sales,-0.3132798024650201,True,-0.0,0.0,-0.0,Retail Sales,All · DTW only,-1.1797296121469785,12.863325787362855,-0.09171264349892812,0.0
2020-11-25 13:30:00+00:00,0.0,-3.673707981537433,0.9686038744154976,Wholesale Inventories,1.059192869154276,True,-0.0,0.0,-0.0,Wholesale Inventories,All · DTW only,-0.013423886166124332,8.568324174878173,-0.0015666874749536654,0.0
2020-12-01 15:00:00+00:00,1.0,21.67570669428187,0.9679895857672152,ISM Manufacturing,0.0854166451469887,True,21.67570669428187,0.9679895857672152,20.707717108514657,ISM Manufacturing,All · DTW only,6.1403830194293905,13.455823375167984,0.45633647590537973,1.0
2020-12-03 15:00:00+00:00,0.0,6.005805792614893,0.9686362269948896,ISM Services,0.0504448970387398,True,0.0,0.0,0.0,ISM Services,All · DTW only,-6.32437596143694,36.96228866472239,-0.17110347302365672,0.0
2020-12-04 13:30:00+00:00,-1.0,-2.663027211902147,0.9647692870687647,Employment Report (NFP)+Trade Balance,-0.381605804821828,True,2.663027211902147,0.9647692870687647,1.6982579248333822,Employment Report (NFP)+Trade Balance,All · DTW only,-3.3029127223503094,14.102694893649875,-0.23420436641776432,-1.0
2020-12-08 13:30:00+00:00,0.0,-5.338494004210048,0.967117988394584,Unit Labor Costs,-1.1480377362460092,True,-0.0,0.0,-0.0,Unit Labor Costs,All · DTW only,1.2293445409832895,11.062213925155422,0.11113006395471758,0.0
2020-12-09 15:00:00+00:00,1.0,-10.597782081482876,0.9596293845135672,Wholesale Inventories,0.423818775781096,True,-10.597782081482876,0.9596293845135672,-11.557411465996443,Wholesale Inventories,All · DTW only,3.985462613983668,20.332142353001636,0.19601783937909986,1.0
2020-12-10 13:30:00+00:00,1.0,-34.00116612777282,0.9650261222588268,CPI,-1.0027173158855538,True,-34.00116612777282,0.9650261222588268,-34.966192250031646,CPI,All · DTW only,2.322491115577132,7.360834828366964,0.3155200693577291,1.0
2020-12-15 13:30:00+00:00,-1.0,-1.9980020046617144,0.9656366542354822,Empire Manufacturing,-0.145120139788289,True,1.9980020046617144,0.9656366542354822,1.0323653504262322,Empire Manufacturing,All · DTW only,-4.625976390432574,22.370625107834233,-0.20678798058318668,-1.0
2020-12-16 13:30:00+00:00,1.0,-8.270614978105328,0.9584558945037512,Retail Sales,-0.7689728679940302,True,-8.270614978105328,0.9584558945037512,-9.22907087260908,Retail Sales,All · DTW only,6.2261775205519605,11.787975592669735,0.5281803878541844,1.0
2020-12-30 13:30:00+00:00,1.0,-10.232205932929617,0.9567483751773284,Wholesale Inventories,-1.4871310221860072,True,-10.232205932929617,0.9567483751773284,-11.188954308106945,Wholesale Inventories,All · DTW only,2.4632782479280446,12.627934666899279,0.1950658055259712,1.0
2021-01-04 15:00:00+00:00,0.0,-51.78197226628711,0.954072904329517,ISM Manufacturing,-0.0900778194989784,True,-0.0,0.0,-0.0,ISM Manufacturing,All · DTW only,-1.327579047368897,17.007713408067126,-0.07805746813320583,0.0
2021-01-05 15:00:00+00:00,0.0,-30.469653301086197,0.9603603006921216,ISM Manufacturing,2.4155231030244364,True,-0.0,0.0,-0.0,ISM Manufacturing,All · DTW only,0.8107480757117018,23.430526334065394,0.0346022135462217,0.0
2021-01-07 13:30:00+00:00,-1.0,-8.758982571634988,0.9405812143227814,Trade Balance,0.2635492959073827,True,8.758982571634988,0.9405812143227814,7.818401357312206,Trade Balance,All · DTW only,-2.393271876416568,12.858238540937188,-0.18612750640743142,-1.0
2021-01-07 15:00:00+00:00,1.0,36.83364422879976,0.9385113268608416,ISM Services,1.367125704490848,True,36.83364422879976,0.9385113268608416,35.89513290193892,ISM Services,All · DTW only,5.277274322265712,26.278119999045128,0.20082389160478273,1.0
2021-01-08 13:30:00+00:00,-1.0,1.936295872049243,0.9349711448560466,Employment Report (NFP),-0.5060290613892353,True,-1.936295872049243,0.9349711448560466,-2.8712670169052896,Employment Report (NFP),All · DTW only,-5.726316072653535,20.412832070441326,-0.2805253113773219,-1.0
2021-01-12 15:00:00+00:00,-1.0,16.81868563867539,0.9382987672695506,JOLTS,-0.3181384779314583,True,-16.81868563867539,0.9382987672695506,-17.75698440594494,JOLTS,All · DTW only,-11.072129344169053,48.82040963342479,-0.22679304469802203,-1.0
2021-01-13 13:30:00+00:00,1.0,0.9697596619773208,0.9378436064937584,CPI,-0.1379258705550614,True,0.9697596619773208,0.9378436064937584,0.031916055483562356,CPI,All · DTW only,9.583097469695428,21.02597992916771,0.4557741185894285,1.0
2021-01-15 13:30:00+00:00,1.0,-13.008131915572818,0.9425377015080604,PPI+Retail Sales,-0.6955791139535827,True,-13.008131915572818,0.9425377015080604,-13.950669617080878,PPI+Retail Sales,All · DTW only,1.5856516446400823,8.603665172756918,0.18429955289996294,1.0
2021-01-28 13:30:00+00:00,-1.0,60.74430219529248,0.9603284985760646,GDP,0.92389157098814,True,-60.74430219529248,0.9603284985760646,-61.704630693868545,GDP,All · DTW only,-4.379106523187522,15.142883452184927,-0.28918577739932827,-1.0
2021-02-01 15:00:00+00:00,1.0,-11.348465837457413,0.9666988899629988,ISM Manufacturing,0.2335430042915381,True,-11.348465837457413,0.9666988899629988,-12.315164727420411,ISM Manufacturing,All · DTW only,2.8078731008872215,16.059942216811336,0.17483706124097861,1.0
2021-02-03 15:00:00+00:00,-1.0,-39.663730231946914,0.9485183489239224,ISM Services,1.0113251796339238,True,39.663730231946914,0.9485183489239224,38.715211883022995,ISM Services,All · DTW only,-6.970475600027405,17.96953785466161,-0.38790511232981667,-1.0
2021-02-05 13:30:00+00:00,1.0,0.3217762046858752,0.932745810684764,Employment Report (NFP)+Trade Balance,0.3206940650826022,True,0.3217762046858752,0.932745810684764,-0.6109696059988888,Employment Report (NFP)+Trade Balance,All · DTW only,2.2796913565099137,8.73641225206464,0.2609413670893522,1.0
2021-02-09 15:00:00+00:00,0.0,5.446535977657874,0.9298149988778096,JOLTS,-1.0211883847669092,True,0.0,0.0,0.0,JOLTS,All · DTW only,-1.0660951043733544,20.517186773060644,-0.051961076153634884,0.0
2021-02-10 13:30:00+00:00,0.0,13.697977708488908,0.9247448979591836,CPI,1.288137979686124,True,0.0,0.0,0.0,CPI,All · DTW only,-0.4055186893696969,8.670024850993006,-0.0467724944667548,0.0
2021-02-17 13:30:00+00:00,1.0,-17.81624294121542,0.9218640727318964,PPI+Retail Sales,1.021989622888536,True,-17.81624294121542,0.9218640727318964,-18.738107013947317,PPI+Retail Sales,All · DTW only,7.222899488185326,26.405792040663396,0.2735346653136735,1.0
2021-02-25 13:30:00+00:00,-1.0,10.342072783533496,0.9093759799310128,GDP,0.0338883419510687,True,-10.342072783533496,0.9093759799310128,-11.25144876346451,GDP,All · DTW only,-7.91380390086264,14.168031409481202,-0.5585676423308003,-1.0
2021-03-01 15:00:00+00:00,1.0,30.80687809568161,0.9221278895990332,ISM Manufacturing,1.0794239590770696,True,30.80687809568161,0.9221278895990332,29.88475020608258,ISM Manufacturing,All · DTW only,7.302954508258387,9.68689395184293,0.7539005324683049,1.0
2021-03-03 15:00:00+00:00,0.0,8.606263978485629,0.9245974812689304,ISM Services,-1.7215708290436416,True,0.0,0.0,0.0,ISM Services,All · DTW only,3.611452250696459,42.16154850585032,0.08565748599568954,0.0
2021-03-05 13:30:00+00:00,0.0,69.36742393667927,0.9363900548918308,Employment Report (NFP)+Trade Balance,-0.0324545327698142,True,0.0,0.0,0.0,Employment Report (NFP)+Trade Balance,All · DTW only,1.9880935648684583,14.360705973487947,0.1384398210323909,0.0
2021-03-10 13:30:00+00:00,1.0,12.19645828482996,0.9085782317187794,CPI,0.4696093137644077,True,12.19645828482996,0.9085782317187794,11.28788005311118,CPI,All · DTW only,4.622292982286412,24.646380117636653,0.18754449782176144,1.0
2021-03-11 15:00:00+00:00,0.0,-0.9230059232834265,0.892472456453499,JOLTS,-0.9024757408176772,True,-0.0,0.0,-0.0,JOLTS,All · DTW only,-4.013761436847521,25.570401539512453,-0.15696904214215368,0.0
2021-03-12 13:30:00+00:00,1.0,-12.90917652763568,0.890937019969278,PPI,-0.069215660612978,True,-12.90917652763568,0.890937019969278,-13.800113547604958,PPI,All · DTW only,7.568691791653922,22.124482210756828,0.34209577062888535,1.0
2021-03-16 12:30:00+00:00,1.0,-7.891222941971421,0.8802015357999211,Retail Sales,-2.326259970568737,True,-7.891222941971421,0.8802015357999211,-8.771424477771342,Retail Sales,All · DTW only,4.705448602414546,23.48587756355874,0.20035225806148435,1.0
2021-03-25 12:30:00+00:00,1.0,-12.11688278365486,0.9010408575423332,GDP,-0.2023839788957458,True,-12.11688278365486,0.9010408575423332,-13.017923641197193,GDP,All · DTW only,5.117135254229614,11.61574009128607,0.44053458617487495,1.0
2021-04-01 14:00:00+00:00,1.0,7.899854567376963,0.8820487864225318,ISM Manufacturing,0.7017066736259269,True,7.899854567376963,0.8820487864225318,7.017805780954431,ISM Manufacturing,All · DTW only,11.600964905397701,44.71454643331591,0.2594449867158678,1.0
2021-04-02 12:30:00+00:00,0.0,,,Employment Report (NFP),0.5004287026007675,False,0.0,0.0,0.0,Employment Report (NFP),All · DTW only,-1.368426339628515e-09,0.00037025053597584273,-3.695946951222777e-06,0.0
2021-04-05 14:00:00+00:00,0.0,18.29716904429901,0.8701392222755641,ISM Services,2.356061001276855,True,0.0,0.0,0.0,ISM Services,All · DTW only,1.5179218768347091,23.29551240109272,0.06515941142224063,0.0
2021-04-06 14:00:00+00:00,1.0,0.0,0.868367469157983,JOLTS,-1.9473912117295336,True,0.0,0.868367469157983,-0.868367469157983,JOLTS,All · DTW only,3.965816950079692,20.12217079646069,0.19708693411832304,1.0
2021-04-07 12:30:00+00:00,-1.0,-6.611769189603933,0.8712633318311551,Trade Balance,0.1997691979585386,True,6.611769189603933,0.8712633318311551,5.740505857772778,Trade Balance,All · DTW only,-4.144756783990569,12.365108235966249,-0.3351977762665079,-1.0
2021-04-09 12:30:00+00:00,0.0,-9.867979210813616,0.8666547128085589,PPI,-1.0604732421740208,True,-0.0,0.0,-0.0,PPI,All · DTW only,0.08750173913559967,11.573631638332754,0.007560439270054804,0.0
2021-04-13 12:30:00+00:00,1.0,15.799910872313916,0.86536166149439,CPI,-0.9993076866861766,True,15.799910872313916,0.86536166149439,14.934549210819526,CPI,All · DTW only,5.034763964036931,25.628532470185696,0.19645151238737513,1.0
2021-04-15 12:30:00+00:00,1.0,-6.214396885653173,0.8581658923445683,Retail Sales,1.9770806014857172,True,-6.214396885653173,0.8581658923445683,-7.072562777997741,Retail Sales,All · DTW only,1.853655942265877,9.21691408439059,0.20111459489517833,1.0
2021-04-29 12:30:00+00:00,1.0,2.0654146393361827,0.8559874848726349,GDP,-1.23637120910591,True,2.0654146393361827,0.8559874848726349,1.209427154463548,GDP,All · DTW only,9.399590392759643,19.99116039200876,0.4701873332233893,1.0
2021-05-03 14:00:00+00:00,1.0,-5.873025364078188,0.8506643982282714,ISM Manufacturing,-0.9598333764214058,True,-5.873025364078188,0.8506643982282714,-6.72368976230646,ISM Manufacturing,All · DTW only,6.24355843053097,14.14458269610593,0.44140987151567584,1.0
2021-05-04 12:30:00+00:00,-1.0,-1.4763416281304842,0.8566702115089212,Trade Balance,0.0,True,1.4763416281304842,0.8566702115089212,0.619671416621563,Trade Balance,All · DTW only,-10.277182106550283,19.825200462016923,-0.518389820382413,-1.0
2021-05-05 14:00:00+00:00,0.0,-20.578558532111657,0.8515886533153227,ISM Services,-0.6925628326738643,True,-0.0,0.0,-0.0,ISM Services,All · DTW only,-2.088343820882731,16.03998129312998,-0.1301961506511969,0.0
2021-05-07 12:30:00+00:00,1.0,-25.24191495906436,0.8392660762863923,Employment Report (NFP),-0.7089676985876704,True,-25.24191495906436,0.8392660762863923,-26.081181035350752,Employment Report (NFP),All · DTW only,3.7803908813852587,13.495319746165729,0.28012606981463617,1.0
2021-05-11 14:00:00+00:00,0.0,-72.9440400623993,0.8433174363149936,JOLTS,-2.576269168488608,True,-0.0,0.0,-0.0,JOLTS,All · DTW only,-8.856298254666035,50.34059001365342,-0.1759275815453101,0.0
2021-05-12 12:30:00+00:00,0.0,34.09261200770786,0.8511387649683024,CPI,-5.0,True,0.0,0.0,0.0,CPI,All · DTW only,-4.195190509416321,27.239836426577636,-0.1540093869771962,0.0
2021-05-13 12:30:00+00:00,1.0,11.347688379874654,0.8660335662664993,PPI,-0.8302527767355794,True,11.347688379874654,0.8660335662664993,10.481654813608156,PPI,All · DTW only,2.0634246031751853,11.738183258688387,0.1757873904079557,1.0
2021-05-14 12:30:00+00:00,-1.0,0.2934659799791461,0.8506643982282714,Retail Sales,-0.9672108239926273,True,-0.2934659799791461,0.8506643982282714,-1.1441303782074175,Retail Sales,All · DTW only,-11.030035980246758,31.59580034232772,-0.3490981668684059,-1.0
2021-05-27 12:30:00+00:00,0.0,18.894530569202317,0.8439800937108931,GDP,0.1407265703459278,True,0.0,0.0,0.0,GDP,All · DTW only,1.5064217640659656,16.44468476223669,0.09160539018207806,0.0
2021-06-01 14:00:00+00:00,-1.0,-16.745586543880364,0.8366510876464139,ISM Manufacturing,-0.16436168117448,True,16.745586543880364,0.8366510876464139,15.90893545623395,ISM Manufacturing,All · DTW only,-13.493457789706694,22.329616915931098,-0.6042852342925672,-1.0
2021-06-03 14:00:00+00:00,0.0,11.618113944447115,0.8431458060764645,ISM Services,0.4207804931419375,True,0.0,0.0,0.0,ISM Services,All · DTW only,9.31212884430468,85.83316090127852,0.10849103943655386,0.0
2021-06-04 12:30:00+00:00,1.0,15.593419272867948,0.8395819460930488,Employment Report (NFP),-0.2310781870635939,True,15.593419272867948,0.8395819460930488,14.7538373267749,Employment Report (NFP),All · DTW only,9.679051930816978,23.6773423372905,0.40878962651027806,1.0
2021-06-08 12:30:00+00:00,0.0,-3.46600430944477,0.837472565553887,Trade Balance,0.0838456269548831,True,-0.0,0.0,-0.0,Trade Balance,All · DTW only,-0.09706470560402125,8.3525892340151,-0.01162091213688981,0.0
2021-06-08 14:00:00+00:00,1.0,5.500789067642842,0.8397278123642682,JOLTS,-4.405984045331288,True,5.500789067642842,0.8397278123642682,4.6610612552785735,JOLTS,All · DTW only,15.054237835503743,62.5560773502907,0.24065188344859967,1.0
2021-06-10 12:30:00+00:00,0.0,42.891157158262416,0.8407990490272825,CPI,-2.161322880787721,True,0.0,0.0,0.0,CPI,All · DTW only,-2.1694832475959984,22.669983827026943,-0.09569849119210931,0.0
2021-06-15 12:30:00+00:00,0.0,3.4907060307354243,0.8435872821944905,PPI+Retail Sales,-0.6834304107887602,True,0.0,0.0,0.0,PPI+Retail Sales,All · DTW only,-0.4196872841214361,11.901578275667072,-0.03526316211182613,0.0
2021-06-24 12:30:00+00:00,0.0,-7.369957440452879,0.8547512379155859,GDP,0.0,True,-0.0,0.0,-0.0,GDP,All · DTW only,-1.1307250883950792,15.309274640692054,-0.0738588283856122,0.0
2021-07-01 14:00:00+00:00,0.0,0.0,0.8411648683141896,ISM Manufacturing,0.1067633581298379,True,0.0,0.0,0.0,ISM Manufacturing,All · DTW only,-0.5233276165555963,22.9926123056704,-0.022760685458369345,0.0
2021-07-02 12:30:00+00:00,1.0,9.834548981935145,0.8402874362540566,Employment Report (NFP)+Trade Balance,-0.1780729192107524,True,9.834548981935145,0.8402874362540566,8.994261545681088,Employment Report (NFP)+Trade Balance,All · DTW only,29.982251470659655,50.92986053664207,0.5886969089398661,1.0
2021-07-06 14:00:00+00:00,-1.0,-28.128598053260845,0.8394847300622377,ISM Services,-1.689007885678819,True,28.128598053260845,0.8394847300622377,27.289113323198606,ISM Services,All · DTW only,-4.814622165155649,23.199053897049453,-0.2075352808145332,-1.0
2021-07-07 14:00:00+00:00,1.0,-27.88024923319199,0.8412380703739158,JOLTS,0.4402456017540864,True,-27.88024923319199,0.8412380703739158,-28.721487303565905,JOLTS,All · DTW only,7.490969534274236,23.095267342153363,0.3243508474397158,1.0
2021-07-13 12:30:00+00:00,-1.0,-11.2154382181906,0.8323287985764307,CPI,-4.096583947692579,True,11.2154382181906,0.8323287985764307,10.38310941961417,CPI,All · DTW only,-6.964296570664102,33.2405828656041,-0.20951186682922013,-1.0
2021-07-14 12:30:00+00:00,1.0,13.487339730176018,0.8336687173000632,PPI,-0.6879992737588922,True,13.487339730176018,0.8336687173000632,12.653671012875954,PPI,All · DTW only,16.48603858518577,30.395289528372384,0.5423879436909765,1.0
2021-07-16 12:30:00+00:00,0.0,1.1452457996341536,0.8306361527224816,Retail Sales,0.6405548929336561,True,0.0,0.0,0.0,Retail Sales,All · DTW only,-1.4079278377906108,12.705386967448122,-0.11081345585126977,0.0
2021-07-29 12:30:00+00:00,0.0,8.294839083777816,0.8294719981694411,GDP,0.1221303058056106,True,0.0,0.0,0.0,GDP,All · DTW only,0.8658745773040406,25.25280929520494,0.03428824758394128,0.0
2021-08-02 14:00:00+00:00,-1.0,3.142902067327924,0.8284057474219442,ISM Manufacturing,-0.6086009376906233,True,-3.142902067327924,0.8284057474219442,-3.971307814749868,ISM Manufacturing,All · DTW only,-4.886174098974365,24.685328533679485,-0.1979383864512033,-1.0
2021-08-04 14:00:00+00:00,0.0,-10.6222646892995,0.8324243642000114,ISM Services,1.796580882777009,True,-0.0,0.0,-0.0,ISM Services,All · DTW only,1.7518154780300024,15.748896302998439,0.11123417440347699,0.0
2021-08-05 12:30:00+00:00,1.0,-5.755064615566852,0.83422029168944,Trade Balance,0.5236379038162516,True,-5.755064615566852,0.83422029168944,-6.589284907256292,Trade Balance,All · DTW only,1.8918710272327313,10.160745432736444,0.1861941173270022,1.0
2021-08-06 12:30:00+00:00,1.0,0.2854573740940225,0.8297805373544307,Employment Report (NFP),0.1588482546896125,True,0.2854573740940225,0.8297805373544307,-0.5443231632604082,Employment Report (NFP),All · DTW only,12.14698355455258,22.420246005035956,0.541786363620817,1.0
2021-08-09 14:00:00+00:00,1.0,-6.862829470684062,0.8289977702818592,JOLTS,-3.053810074860797,True,-6.862829470684062,0.8289977702818592,-7.691827240965921,JOLTS,All · DTW only,8.619062577943334,31.44132980842758,0.2741316169023191,1.0
2021-08-11 12:30:00+00:00,1.0,6.817988389435925,0.8247305406250889,CPI,0.1684786406014942,True,6.817988389435925,0.8247305406250889,5.993257848810837,CPI,All · DTW only,21.388039989164213,41.61722356209703,0.5139227982676724,1.0
2021-08-12 12:30:00+00:00,0.0,0.565019634581887,0.8195794709473209,PPI,-0.946188387587959,True,0.0,0.0,0.0,PPI,All · DTW only,1.1055118287205348,29.678454409698123,0.03724964290456053,0.0
2021-08-17 12:30:00+00:00,1.0,10.469871780838249,0.8209715773978031,Retail Sales,-0.5855245724150736,True,10.469871780838249,0.8209715773978031,9.648900203440446,Retail Sales,All · DTW only,5.274223170750819,27.469727118403604,0.19200129466219937,1.0
2021-08-26 12:30:00+00:00,0.0,-1.6952504773293242,0.8191396209360788,GDP,0.127742889213022,True,-0.0,0.0,-0.0,GDP,All · DTW only,3.1034055792104702,23.591335376870912,0.13154853379995893,0.0
2021-09-01 14:00:00+00:00,1.0,-5.098139289607673,0.821622846781505,ISM Manufacturing,-0.0509947575904686,True,-5.098139289607673,0.821622846781505,-5.919762136389178,ISM Manufacturing,All · DTW only,3.997801439578936,19.25207102401441,0.2076556560897894,1.0
2021-09-02 12:30:00+00:00,1.0,11.0255152875105,0.8204141677039719,Trade Balance,-0.2709942544124359,True,11.0255152875105,0.8204141677039719,10.205101119806528,Trade Balance,All · DTW only,2.5516532378879297,13.285987063503999,0.19205597790300466,1.0
2021-09-03 12:30:00+00:00,1.0,7.05825916172742,0.8176384346453142,Employment Report (NFP),-0.4613882754079159,True,7.05825916172742,0.8176384346453142,6.240620727082106,Employment Report (NFP),All · DTW only,9.908332663627991,24.391134056514282,0.4062268134261562,1.0
2021-09-03 14:00:00+00:00,1.0,24.63160034169576,0.8218091135796871,ISM Services,0.0489473110129649,True,24.63160034169576,0.8218091135796871,23.809791228116072,ISM Services,All · DTW only,10.92832412212319,34.236463666986424,0.31920131204033103,1.0
2021-09-08 14:00:00+00:00,-1.0,-29.063989685358393,0.8259049354939766,JOLTS,-3.2721174906357176,True,29.063989685358393,0.8259049354939766,28.238084749864417,JOLTS,All · DTW only,-6.077245660386782,23.809029847845547,-0.2552496132443929,-1.0
2021-09-10 12:30:00+00:00,1.0,1.9978024239897252,0.8281691749721564,PPI,0.1954043895388476,True,1.9978024239897252,0.8281691749721564,1.169633249017569,PPI,All · DTW only,9.966071514603577,43.61652261930924,0.22849303236731558,1.0
2021-09-14 12:30:00+00:00,1.0,1.1441974897330454,0.8321377331420373,CPI,1.0799284758122711,True,1.1441974897330454,0.8321377331420373,0.31205975659100804,CPI,All · DTW only,5.530399262733377,16.728312308468144,0.330601148564987,1.0
2021-09-16 12:30:00+00:00,0.0,,,Retail Sales,1.5672071054552583,False,0.0,0.0,0.0,Retail Sales,All · DTW only,-1.4842553191923024e-09,0.00042943836674866543,-3.456270874048342e-06,0.0
2021-09-30 12:30:00+00:00,1.0,-6.980600033319462,0.8434646035716362,GDP,-0.1032129502898795,True,-6.980600033319462,0.8434646035716362,-7.824064636891098,GDP,All · DTW only,4.762598587577129,13.79464700627884,0.3452497614045043,1.0
2021-10-01 14:00:00+00:00,1.0,-59.75288440460247,0.8568220764639839,ISM Manufacturing,0.3998980415989841,True,-59.75288440460247,0.8568220764639839,-60.60970648106645,ISM Manufacturing,All · DTW only,7.0866133610552975,44.52876911143962,0.159146850507366,1.0
2021-10-05 12:30:00+00:00,-1.0,9.404850068683857,0.8525650448331618,Trade Balance,0.8666285064246295,True,-9.404850068683857,0.8525650448331618,-10.257415113517018,Trade Balance,All · DTW only,-2.153487944807103,6.487408480836491,-0.3319488746806076,-1.0
2021-10-05 14:00:00+00:00,0.0,56.7452090117726,0.8519388954171562,ISM Services,0.9823803319833486,True,0.0,0.0,0.0,ISM Services,All · DTW only,1.5264228060138711,24.755383444012498,0.06166023683155924,0.0
2021-10-08 12:30:00+00:00,1.0,5.196004966503409,0.8358312197371455,Employment Report (NFP),0.0737649946512602,True,5.196004966503409,0.8358312197371455,4.360173746766264,Employment Report (NFP),All · DTW only,2.244180454284255,9.584085764096674,0.2341569670308324,1.0
2021-10-12 14:00:00+00:00,1.0,-10.764107109402232,0.8442503639010189,JOLTS,1.842855664506987,True,-10.764107109402232,0.8442503639010189,-11.60835747330325,JOLTS,All · DTW only,5.325812617100968,34.08123410191205,0.15626818562894043,1.0
2021-10-13 12:30:00+00:00,0.0,-30.34726577654467,0.8456289729981922,CPI,-0.3493036801244267,True,-0.0,0.0,-0.0,CPI,All · DTW only,-1.2243850621653807,11.949249097789723,-0.10246543963937095,0.0
2021-10-14 12:30:00+00:00,-1.0,-0.2894900632632868,0.8397521283372907,PPI,0.3563744558977513,True,0.2894900632632868,0.8397521283372907,-0.550262065074004,PPI,All · DTW only,-7.880835679207666,19.73832737495927,-0.3992656282115155,-1.0
2021-10-15 12:30:00+00:00,0.0,22.87806991928321,0.8302318923561408,Retail Sales,0.3990036587866098,True,0.0,0.0,0.0,Retail Sales,All · DTW only,-0.15543612971029663,9.267385295825767,-0.016772382365531784,0.0
2021-10-28 12:30:00+00:00,0.0,0.5640953322583186,0.8180997517490408,GDP,-0.1823536221253097,True,0.0,0.0,0.0,GDP,All · DTW only,-2.485931048749168,14.666874941219087,-0.16949289188815717,0.0
2021-11-01 14:00:00+00:00,1.0,-14.540169773606948,0.809852271775252,ISM Manufacturing,0.0809631870047498,True,-14.540169773606948,0.809852271775252,-15.3500220453822,ISM Manufacturing,All · DTW only,5.369718243835697,17.804325673778838,0.30159627172760056,1.0
2021-11-03 14:00:00+00:00,1.0,0.5578178168441639,0.8091517857142857,ISM Services,2.3118173296113196,True,0.5578178168441639,0.8091517857142857,-0.2513339688701218,ISM Services,All · DTW only,6.101221546102137,21.4927095016207,0.2838740060038527,1.0
2021-11-04 12:30:00+00:00,0.0,-4.163486285957418,0.8047061435151784,Trade Balance,0.2381428190482827,True,-0.0,0.0,-0.0,Trade Balance,All · DTW only,-0.144768143837667,15.854122345255993,-0.009131261932073193,0.0
2021-11-05 12:30:00+00:00,1.0,16.88792084765467,0.8041259982253771,Employment Report (NFP),-0.0215085391508514,True,16.88792084765467,0.8041259982253771,16.083794849429292,Employment Report (NFP),All · DTW only,3.2308518121663066,19.760701424367625,0.163498842616094,1.0
2021-11-09 13:30:00+00:00,-1.0,1.1032048110770631,0.7999337985821863,PPI,-0.0079645240247039,True,-1.1032048110770631,0.7999337985821863,-1.9031386096592495,PPI,All · DTW only,-1.7733742146600266,5.586069847594994,-0.31746366641361073,-1.0
2021-11-10 13:30:00+00:00,1.0,4.980493171764522,0.8020133300146575,CPI,-2.420980080545173,True,4.980493171764522,0.8020133300146575,4.178479841749864,CPI,All · DTW only,9.436509948434054,20.857582986753673,0.45242586134870155,1.0
2021-11-12 15:00:00+00:00,-1.0,-9.476296035089147,0.8081371046398216,JOLTS,-0.486150746678363,True,9.476296035089147,0.8081371046398216,8.668158930449327,JOLTS,All · DTW only,-11.106768946745579,15.199494669995758,-0.7307327768383419,-1.0
2021-11-16 13:30:00+00:00,1.0,0.0,0.8040368193412443,Retail Sales,0.4871289610150603,True,0.0,0.8040368193412443,-0.8040368193412443,Retail Sales,All · DTW only,6.792268862661289,23.93879500349117,0.2837347853837557,1.0
2021-11-24 13:30:00+00:00,0.0,-13.484284426503734,0.8137381446770301,GDP,-0.1272158414158342,True,-0.0,0.0,-0.0,GDP,All · DTW only,-1.3277083491664792,11.002253487609918,-0.12067603701929475,0.0
2021-12-01 15:00:00+00:00,0.0,15.23141989755672,0.8347485679744394,ISM Manufacturing,-0.3089423528573359,True,0.0,0.0,0.0,ISM Manufacturing,All · DTW only,-2.950997012097245,23.749092353401366,-0.12425725447459472,0.0
2021-12-03 13:30:00+00:00,0.0,25.081094229015832,0.8361927280066895,Employment Report (NFP),0.1810886929354415,True,0.0,0.0,0.0,Employment Report (NFP),All · DTW only,-0.37670191074604104,12.871245300634778,-0.029266935867305943,0.0
2021-12-03 15:00:00+00:00,0.0,13.582443170641056,0.8392660762863923,ISM Services,1.9929575373020203,True,0.0,0.0,0.0,ISM Services,All · DTW only,2.158034769028669,22.545095147573896,0.09572080999892775,0.0
2021-12-07 13:30:00+00:00,1.0,-9.563726081260882,0.8152021139034126,Trade Balance,0.1024063908340238,True,-9.563726081260882,0.8152021139034126,-10.378928195164294,Trade Balance,All · DTW only,2.1804929491295777,4.938138752656108,0.44156170135088696,1.0
2021-12-08 15:00:00+00:00,1.0,-19.891026183156413,0.811801920331439,JOLTS,-1.9952001245085245,True,-19.891026183156413,0.811801920331439,-20.702828103487853,JOLTS,All · DTW only,9.128676854509301,20.242215092392062,0.4509722287231435,1.0
2021-12-10 13:30:00+00:00,1.0,13.63971874257075,0.8089712117830842,CPI,0.1033839697781252,True,13.63971874257075,0.8089712117830842,12.830747530787665,CPI,All · DTW only,6.29090331209453,19.338569203947394,0.32530345165403596,1.0
2021-12-14 13:30:00+00:00,1.0,-21.073639066617744,0.8136696501220504,PPI,-0.5433250393537279,True,-21.073639066617744,0.8136696501220504,-21.887308716739795,PPI,All · DTW only,13.59403157544993,41.79587563058659,0.32524815834942566,1.0
2021-12-15 13:30:00+00:00,1.0,-1.6881436087601287,0.8162805753370675,Retail Sales,-0.5041755102447956,True,-1.6881436087601287,0.8162805753370675,-2.5044241840971964,Retail Sales,All · DTW only,2.3871743928852456,8.730126824924444,0.2734409752295787,1.0
2021-12-22 13:30:00+00:00,-1.0,-15.838003197572448,0.8200197935812243,GDP,-0.1170923485502144,True,15.838003197572448,0.8200197935812243,15.017983403991224,GDP,All · DTW only,-8.630137516743265,15.105978786267372,-0.571306079457016,-1.0
2022-01-03 15:00:00+00:00,0.0,18.451460008215292,0.8003974387281961,ISM Manufacturing,-0.1861257709692591,True,0.0,0.0,0.0,ISM Manufacturing,All · DTW only,3.900248409763878,38.50863619594043,0.10128243415109675,0.0
2022-01-04 15:00:00+00:00,0.0,13.602483189920632,0.7897173356570992,ISM Manufacturing+JOLTS,0.1138096107157146,True,0.0,0.0,0.0,ISM Manufacturing+JOLTS,All · DTW only,0.02430018430125308,14.513769522997476,0.001674284841215699,0.0
2022-01-06 13:30:00+00:00,0.0,-5.2217169641899375,0.796768964475094,Trade Balance,-0.2740383401628957,True,-0.0,0.0,-0.0,Trade Balance,All · DTW only,0.5665085833991681,11.641905625680822,0.04866115579476178,0.0
2022-01-06 15:00:00+00:00,-1.0,11.349325103022778,0.8027015057573074,ISM Services,-2.412558322591876,True,-11.349325103022778,0.8027015057573074,-12.152026608780085,ISM Services,All · DTW only,-10.204953504866188,19.694932967641666,-0.5181512179621377,-1.0
2022-01-07 13:30:00+00:00,0.0,-19.941842919433128,0.8028570637579248,Employment Report (NFP),-0.3320289676518577,True,-0.0,0.0,-0.0,Employment Report (NFP),All · DTW only,0.09532737571274652,7.76061301907723,0.012283485270868635,0.0
2022-01-12 13:30:00+00:00,1.0,12.141281844666452,0.8007952725465289,CPI,-0.4997300887678889,True,12.141281844666452,0.8007952725465289,11.340486572119923,CPI,All · DTW only,2.9898896823215795,9.851079492115026,0.3035088372512615,1.0
2022-01-13 13:30:00+00:00,0.0,6.893414305206846,0.8004858120790548,PPI,0.4807046086658338,True,0.0,0.0,0.0,PPI,All · DTW only,2.8598032208033732,19.10891274412577,0.14965808149825266,0.0
2022-01-14 13:30:00+00:00,0.0,-18.46929306319467,0.8103274840728736,Retail Sales,-1.9593029065911824,True,-0.0,0.0,-0.0,Retail Sales,All · DTW only,1.104450170313899,19.428300818575032,0.056847491740397334,0.0
2022-01-27 13:30:00+00:00,0.0,27.495849071783596,0.8497172492601599,GDP,0.2236054726641499,True,0.0,0.0,0.0,GDP,All · DTW only,0.1421208569206698,10.772569558694554,0.013192846529912995,0.0
2022-02-01 15:00:00+00:00,0.0,-6.578100882137505,0.8277200593675077,ISM Manufacturing+JOLTS,-0.8041592791255101,True,-0.0,0.0,-0.0,ISM Manufacturing+JOLTS,All · DTW only,-2.144678183630273,27.975999312558248,-0.07666136103554809,0.0
2022-02-03 15:00:00+00:00,-1.0,11.07026894587193,0.8245429473145489,ISM Services,0.1891494198741799,True,-11.07026894587193,0.8245429473145489,-11.89481189318648,ISM Services,All · DTW only,-10.751905973708164,23.76887806051759,-0.4523522711645411,-1.0
2022-02-04 13:30:00+00:00,-1.0,-0.28735219322229,0.8321138561303837,Employment Report (NFP),-0.1854492103308658,True,0.28735219322229,0.8321138561303837,-0.5447616629080937,Employment Report (NFP),All · DTW only,-8.933566128881932,29.703708066384365,-0.30075592275942253,-1.0
2022-02-08 13:30:00+00:00,1.0,5.708414357545877,0.8281455251584898,Trade Balance,-0.7903581264518175,True,5.708414357545877,0.8281455251584898,4.880268832387387,Trade Balance,All · DTW only,2.051074921573556,8.783809270111286,0.23350631354812762,1.0
2022-02-10 13:30:00+00:00,0.0,-43.566929988969605,0.8120519713261648,CPI,-1.61325895784376,True,-0.0,0.0,-0.0,CPI,All · DTW only,2.287111361233593,43.20855957121469,0.052931904787616536,0.0
2022-02-15 13:30:00+00:00,-1.0,-4.021601800729968,0.8319228893542556,PPI,-0.6511826772341509,True,4.021601800729968,0.8319228893542556,3.1896789113757125,PPI,All · DTW only,-12.955567779671014,33.62575009100145,-0.38528710124262894,-1.0
2022-02-16 13:30:00+00:00,1.0,-20.963465211920607,0.8325677537896188,Retail Sales,2.1129494816818224,True,-20.963465211920607,0.8325677537896188,-21.796032965710225,Retail Sales,All · DTW only,1.954141010816181,10.233633807007857,0.19095279816227262,1.0
2022-02-24 13:30:00+00:00,-1.0,13.336436806490326,0.899978276386432,GDP,0.2123248741486038,True,-13.336436806490326,0.899978276386432,-14.236415082876759,GDP,All · DTW only,-6.219626805839383,21.204065992241027,-0.2933223660082582,-1.0
2022-03-01 15:00:00+00:00,0.0,-43.14776597846404,0.8625817965496728,ISM Manufacturing,0.349873758647468,True,-0.0,0.0,-0.0,ISM Manufacturing,All · DTW only,2.400784707355754,25.655774767381036,0.09357677673441894,0.0
2022-03-03 15:00:00+00:00,-1.0,-35.325323752672944,0.8519889535225337,ISM Services,-2.182755811397317,True,35.325323752672944,0.8519889535225337,34.47333479915041,ISM Services,All · DTW only,-16.213379828093256,24.946507722423718,-0.6499258336476292,-1.0
2022-03-04 13:30:00+00:00,1.0,-26.8945894838879,0.8668101386896222,Employment Report (NFP),0.6060723791251506,True,-26.8945894838879,0.8668101386896222,-27.76139962257752,Employment Report (NFP),All · DTW only,22.624224384784473,51.995729568918904,0.43511697157353446,1.0
2022-03-08 13:30:00+00:00,-1.0,16.464924291614835,0.8851178122329385,Trade Balance,0.8256799814898106,True,-16.464924291614835,0.8851178122329385,-17.350042103847773,Trade Balance,All · DTW only,-5.57513152805453,10.370659606495513,-0.5375869751392309,-1.0
2022-03-09 15:00:00+00:00,0.0,19.580383705228854,0.874732301752481,JOLTS,-1.0717271716781405,True,0.0,0.0,0.0,JOLTS,All · DTW only,-3.650616001648125,27.61160615817441,-0.13221309838824283,0.0
2022-03-10 13:30:00+00:00,1.0,-25.22452673924036,0.8813518113299295,CPI,0.0264741975797815,True,-25.22452673924036,0.8813518113299295,-26.10587855057029,CPI,All · DTW only,11.741584927478689,39.51131480658578,0.29717018998116435,1.0
2022-03-15 12:30:00+00:00,1.0,6.3489186296550315,0.8790809057564642,PPI,-0.1296911193823611,True,6.3489186296550315,0.8790809057564642,5.469837723898567,PPI,All · DTW only,12.57297921155096,22.626219469198816,0.555681837554286,1.0
2022-03-16 12:30:00+00:00,-1.0,-19.48627720233631,0.855053661988442,Retail Sales,-0.5947381173431102,True,19.48627720233631,0.855053661988442,18.631223540347868,Retail Sales,All · DTW only,-9.705737110490507,28.597366722045713,-0.33939268621569807,-1.0
2022-03-29 14:00:00+00:00,1.0,-15.096492221253754,0.8252938330629784,JOLTS,-0.9123856280539984,True,-15.096492221253754,0.8252938330629784,-15.921786054316733,JOLTS,All · DTW only,5.686205056387423,17.461561450633774,0.32564127053947056,1.0
2022-03-30 12:30:00+00:00,-1.0,8.269294302039043,0.8275783345699447,GDP,0.2276406640801994,True,-8.269294302039043,0.8275783345699447,-9.096872636608987,GDP,All · DTW only,-3.903478896903671,12.17966867117287,-0.3204913862839732,-1.0
2022-04-01 12:30:00+00:00,-1.0,-15.535547875629163,0.8335489063263488,Employment Report (NFP),-0.1274737485164525,True,15.535547875629163,0.8335489063263488,14.701998969302814,Employment Report (NFP),All · DTW only,-3.8793230245640795,12.089008111880805,-0.3208967178003271,-1.0
2022-04-01 14:00:00+00:00,0.0,-42.79318370821627,0.8365786816673878,ISM Manufacturing,0.0012485720534209,True,-0.0,0.0,-0.0,ISM Manufacturing,All · DTW only,1.0331739397437145,20.018502081816546,0.05161095148483561,0.0
2022-04-05 12:30:00+00:00,0.0,-5.468491552189647,0.8345563901119456,Trade Balance,0.2411188275538081,True,-0.0,0.0,-0.0,Trade Balance,All · DTW only,4.435879707594049,47.64767739972567,0.09309750127756675,0.0
2022-04-05 14:00:00+00:00,0.0,-51.04392821740689,0.8302318923561408,ISM Services,-0.093419175501195,True,-0.0,0.0,-0.0,ISM Services,All · DTW only,1.5054423864962816,13.140048308559527,0.1145690145991035,0.0
2022-04-12 12:30:00+00:00,0.0,22.97347429895069,0.8467647745853772,CPI,0.4571686878991705,True,0.0,0.0,0.0,CPI,All · DTW only,1.6987117974744506,10.932454999064369,0.1553824641967272,0.0
2022-04-13 12:30:00+00:00,-1.0,0.8802687759690286,0.8503401360544217,PPI,0.0024666352576084,True,-0.8802687759690286,0.8503401360544217,-1.7306089120234502,PPI,All · DTW only,-4.832236919429154,22.17628679478006,-0.2179010834476845,-1.0
2022-04-14 12:30:00+00:00,1.0,-16.51958815882537,0.8400926998841252,Retail Sales,-0.0279694329794041,True,-16.51958815882537,0.8400926998841252,-17.359680858709496,Retail Sales,All · DTW only,6.84535596278562,23.824212586847313,0.2873276897539418,1.0
2022-04-28 12:30:00+00:00,1.0,-3.291787021169057,0.8673026886383348,GDP,-2.0420964362854717,True,-3.291787021169057,0.8673026886383348,-4.159089709807391,GDP,All · DTW only,4.954618884740681,21.640203700853583,0.22895435520069754,1.0
2022-05-02 14:00:00+00:00,0.0,26.97257404806308,0.8822097834022877,ISM Manufacturing,-0.8139702679728233,True,0.0,0.0,0.0,ISM Manufacturing,All · DTW only,-1.1400831427308031,18.677097429990447,-0.06104177305945479,0.0
2022-05-03 14:00:00+00:00,1.0,6.063546147458965,0.8801213960546282,JOLTS,-1.2002697035053405,True,6.063546147458965,0.8801213960546282,5.183424751404337,JOLTS,All · DTW only,7.347158199038999,35.74315584070115,0.20555426699823479,1.0
2022-05-04 12:30:00+00:00,0.0,-17.813207614718607,0.8747850743567313,Trade Balance,0.9330638195367176,True,-0.0,0.0,-0.0,Trade Balance,All · DTW only,7.4111047339393945,43.02826412326309,0.1722380599112434,0.0
2022-05-04 14:00:00+00:00,1.0,5.4418479439455325,0.8758418652411585,ISM Services,-0.6559932760921712,True,5.4418479439455325,0.8758418652411585,4.566006078704374,ISM Services,All · DTW only,5.129516712855631,24.471943577154974,0.20960806389093398,1.0
2022-05-06 12:30:00+00:00,1.0,-67.00600710574989,0.8836883322668129,Employment Report (NFP),-0.233528634462617,True,-67.00600710574989,0.8836883322668129,-67.8896954380167,Employment Report (NFP),All · DTW only,7.16287385057602,15.959735939947745,0.4488090453080186,1.0
2022-05-11 12:30:00+00:00,0.0,-71.58405710509186,0.8973327557398353,CPI,-1.5388224718203969,True,-0.0,0.0,-0.0,CPI,All · DTW only,-4.697769660185031,30.785453817725486,-0.1525970572985406,0.0
2022-05-12 12:30:00+00:00,-1.0,10.447502256223371,0.9195256515949012,PPI,-0.4597710593956168,True,-10.447502256223371,0.9195256515949012,-11.367027907818272,PPI,All · DTW only,-1.5065233760304158,6.554402985890017,-0.22984906165726796,-1.0
2022-05-17 12:30:00+00:00,1.0,17.82805623896877,0.8920332205475238,Retail Sales,0.1340217149027289,True,17.82805623896877,0.8920332205475238,16.936023018421245,Retail Sales,All · DTW only,9.997856183080298,41.17652388510117,0.24280476445700666,1.0
2022-05-26 12:30:00+00:00,-1.0,19.843737132969608,0.8994479250666831,GDP,-0.5140978831954705,True,-19.843737132969608,0.8994479250666831,-20.74318505803629,GDP,All · DTW only,-6.015691635177795,30.979560239394438,-0.19418260261577505,-1.0
2022-06-01 14:00:00+00:00,0.0,-66.87768117112469,0.8772725897691865,ISM Manufacturing+JOLTS,0.0586516193716905,True,-0.0,0.0,-0.0,ISM Manufacturing+JOLTS,All · DTW only,-4.001012496238393,28.58715823946819,-0.1399583849056563,0.0
2022-06-03 12:30:00+00:00,0.0,-48.05158915560881,0.8766891381238853,Employment Report (NFP),-0.0033727501354075,True,-0.0,0.0,-0.0,Employment Report (NFP),All · DTW only,-1.4548113233318478,23.373807848523718,-0.062241091941882,0.0
2022-06-03 14:00:00+00:00,0.0,-17.2463394285316,0.8775114984265311,ISM Services,-0.2814203399984905,True,-0.0,0.0,-0.0,ISM Services,All · DTW only,-2.7632877469044375,28.99972127602772,-0.0952867001928283,0.0
2022-06-07 12:30:00+00:00,1.0,-12.250399669984091,0.8872571515985925,Trade Balance,-0.8299152898608582,True,-12.250399669984091,0.8872571515985925,-13.137656821582684,Trade Balance,All · DTW only,3.8228655955551423,11.539269449069083,0.3312918215861185,1.0
2022-06-10 12:30:00+00:00,0.0,-64.60132853154832,0.8998665715083626,CPI,-1.677151671555776,True,-0.0,0.0,-0.0,CPI,All · DTW only,0.7237353241689983,28.50835883043378,0.025386776154802105,0.0
2022-06-14 12:30:00+00:00,0.0,7.185785519556731,0.9480222294867604,PPI,-0.1933914360630419,True,0.0,0.0,0.0,PPI,All · DTW only,-2.3856593661258247,15.988539877977429,-0.14921058360130968,0.0
2022-06-15 12:30:00+00:00,0.0,15.372290390818222,0.949232431016988,Retail Sales,-0.2463296072426562,True,0.0,0.0,0.0,Retail Sales,All · DTW only,1.3882194315116994,12.944111711858445,0.10724717635431982,0.0
2022-06-29 12:30:00+00:00,0.0,-7.745183851231019,0.9350615850906042,GDP,0.6963837988901,True,-0.0,0.0,-0.0,GDP,All · DTW only,5.818454236446808,45.250387075211776,0.1285835240873368,0.0
2022-07-01 14:00:00+00:00,0.0,-106.830967497622,0.9398800842651108,ISM Manufacturing,-0.5444569124057376,True,-0.0,0.0,-0.0,ISM Manufacturing,All · DTW only,-0.3550747281111176,25.998928562340083,-0.013657283116868507,0.0
2022-07-06 14:00:00+00:00,0.0,27.143196940802028,0.937085985717517,ISM Services+JOLTS,-0.1332482329128235,True,0.0,0.0,0.0,ISM Services+JOLTS,All · DTW only,4.417460013077465,28.98923548942402,0.15238277031103709,0.0
2022-07-07 12:30:00+00:00,1.0,6.413545627754758,0.9308596006933298,Trade Balance,0.2768778699804552,True,6.413545627754758,0.9308596006933298,5.482686027061428,Trade Balance,All · DTW only,2.8960819911587707,12.760268553318335,0.2269608965561809,1.0
2022-07-08 12:30:00+00:00,0.0,-17.878811990641452,0.9235668789808916,Employment Report (NFP),-0.198783708190455,True,-0.0,0.0,-0.0,Employment Report (NFP),All · DTW only,3.2658654946418437,23.03591994701951,0.1417727402314747,0.0
2022-07-13 12:30:00+00:00,0.0,-60.204877815834834,0.9297851875601154,CPI,-1.5538946362320831,True,-0.0,0.0,-0.0,CPI,All · DTW only,1.3025287706991375,34.588924356222655,0.03765739452562099,0.0
2022-07-14 12:30:00+00:00,-1.0,-8.254230761668424,0.957000957000957,PPI,-0.5225101673722837,True,8.254230761668424,0.957000957000957,7.297229804667467,PPI,All · DTW only,-3.9689882902394285,15.167959190331654,-0.2616692358171254,-1.0
2022-07-15 12:30:00+00:00,-1.0,65.861216252312,0.9447177248591068,Retail Sales,0.2984816868429151,True,-65.861216252312,0.9447177248591068,-66.80593397717111,Retail Sales,All · DTW only,-3.535548740141539,13.715628276466667,-0.2577751940250414,-1.0
2022-07-28 12:30:00+00:00,1.0,18.687519064748415,0.9031735650440684,GDP,-1.0838879379196935,True,18.687519064748415,0.9031735650440684,17.784345499704347,GDP,All · DTW only,15.851920431931294,24.829085783057977,0.6384415668960226,1.0
2022-08-01 14:00:00+00:00,0.0,-25.95223195404728,0.8851178122329385,ISM Manufacturing,-1.260670758080165,True,-0.0,0.0,-0.0,ISM Manufacturing,All · DTW only,-1.8890670555154134,27.477690401537863,-0.06874912075614939,0.0
2022-08-02 14:00:00+00:00,0.0,21.246139810440212,0.8931596291847609,JOLTS,1.046700149805808,True,0.0,0.0,0.0,JOLTS,All · DTW only,3.494201808720608,49.62246680857512,0.07041572161658004,0.0
2022-08-03 14:00:00+00:00,-1.0,8.294039518883523,0.8900346806616947,ISM Services,1.5089898496349374,True,-8.294039518883523,0.8900346806616947,-9.184074199545217,ISM Services,All · DTW only,-7.598136713365656,35.95036192025115,-0.21135077110546585,-1.0
2022-08-04 12:30:00+00:00,0.0,5.1852191916879065,0.8846048256718422,Trade Balance,-0.138874245300786,True,0.0,0.0,0.0,Trade Balance,All · DTW only,-1.2399951085369083,12.06178012149409,-0.10280365717554718,0.0
2022-08-05 12:30:00+00:00,-1.0,-33.21036262716959,0.885009765625,Employment Report (NFP),0.0312710124948264,True,33.21036262716959,0.885009765625,32.32535286154459,Employment Report (NFP),All · DTW only,-10.461234646748322,37.962704047807456,-0.2755661091363304,-1.0
2022-08-10 12:30:00+00:00,0.0,33.5514997287234,0.8836344800268138,CPI,1.74167183418779,True,0.0,0.0,0.0,CPI,All · DTW only,0.13459749762117498,25.51739329371918,0.00527473539604473,0.0
2022-08-11 12:30:00+00:00,1.0,10.14108119241186,0.8660335662664993,PPI,0.8302784428462872,True,10.14108119241186,0.8660335662664993,9.275047626145362,PPI,All · DTW only,8.568088041727217,25.049606030225124,0.3420448222374783,1.0
2022-08-17 12:30:00+00:00,-1.0,0.0,0.8552049542907696,Retail Sales,0.1803467463892216,True,-0.0,0.8552049542907696,-0.8552049542907696,Retail Sales,All · DTW only,-7.105279058582451,17.398877396461216,-0.4083757185407608,-1.0
2022-08-25 12:30:00+00:00,-1.0,-2.424022070481868,0.8776708431692996,GDP,-0.0840725787732145,True,2.424022070481868,0.8776708431692996,1.5463512273125684,GDP,All · DTW only,-8.27026326296224,31.773926930469475,-0.2602845811617797,-1.0
2022-08-30 14:00:00+00:00,0.0,-48.44592137866144,0.9048926610084872,JOLTS,-2.984015343430321,True,-0.0,0.0,-0.0,JOLTS,All · DTW only,0.08871024815936157,31.132150332797398,0.0028494738465240626,0.0
2022-09-01 14:00:00+00:00,0.0,-2.231111262016583,0.9239788440706048,ISM Manufacturing,-0.0884224837236756,True,-0.0,0.0,-0.0,ISM Manufacturing,All · DTW only,1.8297684487723125,16.83047714583788,0.10871756236719694,0.0
2022-09-02 12:30:00+00:00,0.0,8.794522835824381,0.9149130832570904,Employment Report (NFP),0.0141555828368743,True,0.0,0.0,0.0,Employment Report (NFP),All · DTW only,-0.11923213008228561,22.629232032148764,-0.005268942839637493,0.0
2022-09-06 14:00:00+00:00,0.0,-10.573026952958031,0.9274954424792912,ISM Services,0.7526292317321648,True,-0.0,0.0,-0.0,ISM Services,All · DTW only,4.023585901219367,26.77076713832574,0.15029774381994063,0.0
2022-09-07 12:30:00+00:00,0.0,7.075092753723311,0.933496426961952,Trade Balance,0.1393231402027631,True,0.0,0.0,0.0,Trade Balance,All · DTW only,-1.4329508277613128,19.55889736656423,-0.07326337476523243,0.0
2022-09-13 12:30:00+00:00,-1.0,-36.68118169301238,0.8891886919727724,CPI,-1.9624844944587772,True,36.68118169301238,0.8891886919727724,35.79199300103961,CPI,All · DTW only,-14.988622780371639,35.24210842231742,-0.42530437171233326,-1.0
2022-09-14 12:30:00+00:00,-1.0,8.347781901321127,0.9313678260590296,PPI,0.3598362715654778,True,-8.347781901321127,0.9313678260590296,-9.279149727380156,PPI,All · DTW only,-1.7221720903513154,10.401053132072072,-0.16557670348216255,-1.0
2022-09-15 12:30:00+00:00,1.0,0.9625411092706316,0.9319364997750498,Retail Sales,-0.0951957764696095,True,0.9625411092706316,0.9319364997750498,0.030604609495581858,Retail Sales,All · DTW only,9.04314696947989,37.68365848451563,0.23997529255806616,1.0
2022-09-29 12:30:00+00:00,0.0,-19.00238101489649,0.9810886701173924,GDP,0.3178126327884218,True,-0.0,0.0,-0.0,GDP,All · DTW only,0.8088838456211256,8.527851461453379,0.09485200924023478,0.0
2022-10-03 14:00:00+00:00,0.0,63.505283588494166,0.997248968363136,ISM Manufacturing,-0.3360217870663531,True,0.0,0.0,0.0,ISM Manufacturing,All · DTW only,-0.7303253789723014,15.562278061755954,-0.04692920766960618,0.0
2022-10-04 14:00:00+00:00,1.0,-17.51805964534725,0.9591215769281652,JOLTS,3.4901044149064337,True,-17.51805964534725,0.9591215769281652,-18.477181222275416,JOLTS,All · DTW only,2.9953206696284065,9.755672173567838,0.30703375598700133,1.0
2022-10-05 12:30:00+00:00,0.0,-3.657462094608377,0.9639034767001264,Trade Balance,-0.1048336321522138,True,-0.0,0.0,-0.0,Trade Balance,All · DTW only,1.084633032773628,10.809621953635228,0.10033958980488404,0.0
2022-10-05 14:00:00+00:00,0.0,-26.30835558392164,0.9616978942132316,ISM Services,0.3300205285754439,True,-0.0,0.0,-0.0,ISM Services,All · DTW only,4.2679875085533485,38.67852043373218,0.1103451595534964,0.0
2022-10-07 12:30:00+00:00,-1.0,-48.97695130720692,0.9631671593211332,Employment Report (NFP),0.0007554931387266,True,48.97695130720692,0.9631671593211332,48.01378414788579,Employment Report (NFP),All · DTW only,-6.196396363538985,35.319495843169115,-0.1754384148361898,-1.0
2022-10-12 12:30:00+00:00,0.0,-1.7063972875597244,0.9846864283046416,PPI,-0.442545729548588,True,-0.0,0.0,-0.0,PPI,All · DTW only,-2.1833583262517737,32.506486209767495,-0.06716685132199007,0.0
2022-10-13 12:30:00+00:00,-1.0,-70.90633792765644,0.9824181035942952,CPI,-1.2059188282899334,True,70.90633792765644,0.9824181035942952,69.92391982406214,CPI,All · DTW only,-16.321982247574702,36.79065710752891,-0.4436447601321734,-1.0
2022-10-14 12:30:00+00:00,0.0,83.53329629501971,0.9624639076034648,Retail Sales,0.0357834565117858,True,0.0,0.0,0.0,Retail Sales,All · DTW only,-1.9284454916122153,13.092787726467343,-0.14729067116194228,0.0
2022-10-27 12:30:00+00:00,1.0,6.522448323416086,0.902555164794124,GDP,0.7517856630945409,True,6.522448323416086,0.902555164794124,5.619893158621962,GDP,All · DTW only,8.976785211741335,24.921249785612538,0.36020606064964633,1.0
2022-11-01 14:00:00+00:00,0.0,-18.922058993773305,0.8826393961529096,ISM Manufacturing+JOLTS,-1.6310661583739317,True,-0.0,0.0,-0.0,ISM Manufacturing+JOLTS,All · DTW only,0.6181984670749339,27.29249338949282,0.022650860742277602,0.0
2022-11-03 12:30:00+00:00,1.0,-23.782712424100794,0.9066183136899364,Trade Balance,0.3856293059100614,True,-23.782712424100794,0.9066183136899364,-24.68933073779073,Trade Balance,All · DTW only,10.928186644837691,41.02629505665133,0.2663703029909832,1.0
2022-11-03 14:00:00+00:00,1.0,78.39488252269433,0.9129257696908644,ISM Services,-0.4020310664789877,True,78.39488252269433,0.9129257696908644,77.48195675300347,ISM Services,All · DTW only,7.7270202470794604,34.76684568742842,0.22225255395756324,1.0
2022-11-04 12:30:00+00:00,-1.0,78.91425673230756,0.9028923690027708,Employment Report (NFP),-0.0775933543744445,True,-78.91425673230756,0.9028923690027708,-79.81714910131033,Employment Report (NFP),All · DTW only,-6.625362956820375,31.069254051245505,-0.2132449960302403,-1.0
2022-11-10 13:30:00+00:00,1.0,59.90836010457912,0.8899800521712444,CPI,1.6880497222729307,True,59.90836010457912,0.8899800521712444,59.01838005240787,CPI,All · DTW only,5.421592004321031,25.714394920687912,0.21083879364235852,1.0
2022-11-15 13:30:00+00:00,1.0,10.317028432105246,0.8589792956369775,PPI,-0.1783414027625315,True,10.317028432105246,0.8589792956369775,9.458049136468269,PPI,All · DTW only,4.851476930921621,24.765826787591294,0.1958940023497383,1.0
2022-11-16 13:30:00+00:00,-1.0,7.752169504779971,0.8637379002233805,Retail Sales,0.456405113151525,True,-7.752169504779971,0.8637379002233805,-8.615907405003352,Retail Sales,All · DTW only,-10.837248502717468,31.780818029609208,-0.34099967133069825,-1.0
2022-11-30 13:30:00+00:00,0.0,-6.207049634010531,0.8554067606630876,GDP,0.0763882829874281,True,-0.0,0.0,-0.0,GDP,All · DTW only,2.158913403304579,19.542228776696373,0.11047426718691526,0.0
2022-11-30 15:00:00+00:00,1.0,-29.362499407667997,0.8576075706047612,JOLTS,-0.2624963561417571,True,-29.362499407667997,0.8576075706047612,-30.220106978272756,JOLTS,All · DTW only,20.531297112458258,61.308558162988135,0.3348846837643128,1.0
2022-12-01 15:00:00+00:00,0.0,-72.17516270721092,0.8396305625524769,ISM Manufacturing,-0.3675123786348069,True,-0.0,0.0,-0.0,ISM Manufacturing,All · DTW only,-0.16355825416514969,29.549655889155783,-0.005535030755643174,0.0
2022-12-02 13:30:00+00:00,-1.0,16.167201746011273,0.8441766366838412,Employment Report (NFP),-0.4385290896736585,True,-16.167201746011273,0.8441766366838412,-17.011378382695113,Employment Report (NFP),All · DTW only,-25.799969945005145,34.83596023156124,-0.7406131415212284,-1.0
2022-12-05 15:00:00+00:00,1.0,25.75963019170402,0.8483501053124269,ISM Services,1.4456121550439016,True,25.75963019170402,0.8483501053124269,24.911280086391592,ISM Services,All · DTW only,13.320451093153745,32.7921975306305,0.4062079426275531,1.0
2022-12-06 13:30:00+00:00,0.0,-5.299729248999796,0.8538703883638077,Trade Balance,-0.632828227530701,True,-0.0,0.0,-0.0,Trade Balance,All · DTW only,0.148535340920684,19.26254545016769,0.007711096194682356,0.0
2022-12-09 13:30:00+00:00,-1.0,35.03670557650551,0.8548520221671972,PPI,0.0193439018961355,True,-35.03670557650551,0.8548520221671972,-35.89155759867271,PPI,All · DTW only,-25.888382101927384,36.39876888284145,-0.7112433441157205,-1.0
2022-12-13 13:30:00+00:00,0.0,-4.884847014654525,0.8411160740182145,CPI,1.225713226427208,True,-0.0,0.0,-0.0,CPI,All · DTW only,4.765665705969009,31.079062931377564,0.15334007066080396,0.0
2022-12-15 13:30:00+00:00,-1.0,-4.753699061534888,0.8612241261544857,Retail Sales,-0.2617915301232739,True,4.753699061534888,0.8612241261544857,3.8924749353804025,Retail Sales,All · DTW only,-9.240583548775804,15.423838372208001,-0.5991105019244939,-1.0
2022-12-22 13:30:00+00:00,-1.0,-26.049088789985575,0.8660335662664993,GDP,0.0101727453098051,True,26.049088789985575,0.8660335662664993,25.183055223719077,GDP,All · DTW only,-9.868166311144954,28.605630982754622,-0.34497285926306404,-1.0
2023-01-03 15:00:00+00:00,1.0,-8.125310788749118,0.8741522230595327,ISM Manufacturing,0.5737619019599842,True,-8.125310788749118,0.8741522230595327,-8.99946301180865,ISM Manufacturing,All · DTW only,8.74243386339537,36.33080964559686,0.24063416006075483,1.0
2023-01-04 15:00:00+00:00,-1.0,-16.205027103524117,0.8673545685658741,ISM Manufacturing,-0.3932150820756493,True,16.205027103524117,0.8673545685658741,15.337672534958243,ISM Manufacturing,All · DTW only,-16.40819596330167,49.7391094552902,-0.329885197845184,-1.0
2023-01-06 13:30:00+00:00,1.0,66.61690052347069,0.8770072882329815,Employment Report (NFP),0.1361526061100796,True,66.61690052347069,0.8770072882329815,65.7398932352377,Employment Report (NFP),All · DTW only,16.94373503536925,28.526277607210382,0.593969366374199,1.0
2023-01-06 15:00:00+00:00,0.0,50.06831128268274,0.872836719337848,ISM Services,-2.5548283484338925,True,0.0,0.0,0.0,ISM Services,All · DTW only,5.297787907017957,31.7003820623152,0.1671206326978584,0.0
2023-01-12 13:30:00+00:00,-1.0,83.47905129587829,0.8516886930983847,CPI,-0.1737270973932303,True,-83.47905129587829,0.8516886930983847,-84.33073998897667,CPI,All · DTW only,-13.838415699160283,38.112846022994994,-0.363090588690517,-1.0
2023-01-13 15:00:00+00:00,0.0,31.20127336243783,0.8476557932889045,U. of Michigan Sentiment,1.433531383298232,True,0.0,0.0,0.0,U. of Michigan Sentiment,All · DTW only,1.6260132007256216,15.345527785180458,0.10596007015776292,0.0
2023-01-18 13:30:00+00:00,1.0,-14.95886591582618,0.8514886370309471,PPI+Retail Sales,0.1484139768774567,True,-14.95886591582618,0.8514886370309471,-15.810354552857127,PPI+Retail Sales,All · DTW only,24.987588788147505,46.638003151722664,0.5357774154021545,1.0
2023-01-18 15:00:00+00:00,-1.0,-21.160918991061095,0.8512636862653007,Business Inventories,0.0,True,21.160918991061095,0.8512636862653007,20.309655304795793,Business Inventories,All · DTW only,-4.384929620436999,31.230643037779835,-0.14040471773612,-1.0
2023-01-27 15:00:00+00:00,-1.0,6.752095607858166,0.8507392630837831,U. of Michigan Sentiment,0.0754756949491661,True,-6.752095607858166,0.8507392630837831,-7.602834870941949,U. of Michigan Sentiment,All · DTW only,-19.579812526135672,41.49565160868533,-0.4718521523840219,-1.0
2023-02-01 15:00:00+00:00,-1.0,-13.545349538652829,0.8524898583103062,ISM Manufacturing,0.0484414575342933,True,13.545349538652829,0.8524898583103062,12.692859680342522,ISM Manufacturing,All · DTW only,-12.534894015946065,35.96808359721548,-0.3485004693693625,-1.0
2023-02-03 13:30:00+00:00,-1.0,3.245172833938881,0.8524146850474706,Employment Report (NFP),0.632025497230853,True,-3.245172833938881,0.8524146850474706,-4.0975875189863515,Employment Report (NFP),All · DTW only,-11.951061609013054,38.05158665081415,-0.31407525049306584,-1.0
2023-02-03 15:00:00+00:00,-1.0,42.36795792786907,0.8543231698335542,ISM Services,2.1784465622733866,True,-42.36795792786907,0.8543231698335542,-43.22228109770263,ISM Services,All · DTW only,-3.465188282541295,17.806879176127886,-0.19459829250634597,-1.0
2023-02-10 15:00:00+00:00,1.0,40.023177897943185,0.8605596605240512,U. of Michigan Sentiment,0.4479144333015603,True,40.023177897943185,0.8605596605240512,39.16261823741913,U. of Michigan Sentiment,All · DTW only,7.729659160529471,23.369709100151642,0.3307554718547744,1.0
2023-02-14 13:30:00+00:00,0.0,7.296820369582235,0.8443486868922145,CPI,-1.205365729380446,True,0.0,0.0,0.0,CPI,All · DTW only,-4.344163751315449,45.30596651297482,-0.09588502543194521,0.0
2023-02-15 13:30:00+00:00,1.0,7.652010497576356,0.8528408422538525,Retail Sales,1.0234002319190705,True,7.652010497576356,0.8528408422538525,6.799169655322503,Retail Sales,All · DTW only,8.155373207741528,24.15406087456157,0.33763983829032057,1.0
2023-02-15 15:00:00+00:00,-1.0,3.827413157093673,0.8549024232061788,Business Inventories,0.0,True,-3.827413157093673,0.8549024232061788,-4.682315580299852,Business Inventories,All · DTW only,-13.523832018954328,21.616503155575096,-0.6256253345706568,-1.0
2023-02-16 13:30:00+00:00,0.0,-37.383221106086495,0.850764220964004,PPI,-1.4779162848442813,True,-0.0,0.0,-0.0,PPI,All · DTW only,0.3005716185865933,37.96874986611269,0.007916289570936205,0.0
2023-02-24 15:00:00+00:00,0.0,-13.452368422228744,0.8863622470811173,U. of Michigan Sentiment,0.0836820878863775,True,-0.0,0.0,-0.0,U. of Michigan Sentiment,All · DTW only,5.676650420265098,31.778269637230746,0.17863308748612464,0.0
2023-03-01 15:00:00+00:00,0.0,-16.83579380479472,0.8865519244290911,ISM Manufacturing,0.18640401748042,True,-0.0,0.0,-0.0,ISM Manufacturing,All · DTW only,-2.2884126265237876,20.93597015522824,-0.10930530610984432,0.0
2023-03-03 15:00:00+00:00,1.0,18.70851481104552,0.8749170337295601,ISM Services,0.2755029006060786,True,18.70851481104552,0.8749170337295601,17.833597777315962,ISM Services,All · DTW only,7.401181025972293,14.811629615169013,0.49968715247865314,1.0
2023-03-10 13:30:00+00:00,1.0,-2.7895299822944253,0.9005092535088809,Employment Report (NFP),-0.0418714406574234,True,-2.7895299822944253,0.9005092535088809,-3.6900392358033063,Employment Report (NFP),All · DTW only,12.301145947704496,48.990987255434966,0.25108997872542016,1.0
2023-03-14 12:30:00+00:00,-1.0,14.948151392957245,0.9054011863877616,CPI,-0.2683351757655611,True,-14.948151392957245,0.9054011863877616,-15.853552579345006,CPI,All · DTW only,-5.478996275367884,13.69387326397295,-0.4001056654863683,-1.0
2023-03-15 12:30:00+00:00,0.0,-38.909939478752875,0.9171410499683744,PPI+Retail Sales,0.9227344344425924,True,-0.0,0.0,-0.0,PPI+Retail Sales,All · DTW only,0.7571497926722398,17.411989563550623,0.0434843927460891,0.0
2023-03-15 14:00:00+00:00,-1.0,-4.4278576218381716,0.9171410499683744,Business Inventories,-0.6974570477871316,True,4.4278576218381716,0.9171410499683744,3.5107165718697972,Business Inventories,All · DTW only,-4.2709174224360105,19.51961486000671,-0.2188013161666727,-1.0
2023-03-17 14:00:00+00:00,0.0,,,U. of Michigan Sentiment,-1.047310607398139,False,0.0,0.0,0.0,U. of Michigan Sentiment,All · DTW only,-0.04680563760416517,15.587374013890573,-0.0030027917186342405,0.0
2023-03-31 14:00:00+00:00,1.0,-8.130204154621623,0.8730995032364895,U. of Michigan Sentiment,-0.3380898508399028,True,-8.130204154621623,0.8730995032364895,-9.003303657858112,U. of Michigan Sentiment,All · DTW only,10.608095227494271,14.862845580156344,0.7137324525296376,1.0
2023-04-03 14:00:00+00:00,1.0,9.17471985278695,0.8593611094648255,ISM Manufacturing,-0.3909344633754496,True,9.17471985278695,0.8593611094648255,8.315358743322125,ISM Manufacturing,All · DTW only,6.2491557145410335,16.15258085907344,0.3868828002820785,1.0
2023-04-05 14:00:00+00:00,1.0,-25.261919965320345,0.8607384542324586,ISM Services,-1.473986429421692,True,-25.261919965320345,0.8607384542324586,-26.122658419552803,ISM Services,All · DTW only,3.4323739228552625,16.697974369015007,0.20555630563336014,1.0
2023-04-07 12:30:00+00:00,0.0,,,Employment Report (NFP),-0.0016729343970629,False,0.0,0.0,0.0,Employment Report (NFP),All · DTW only,-8.778354078989816e-09,0.00043542606689167817,-2.0160377952690703e-05,0.0
2023-04-12 12:30:00+00:00,1.0,-7.64188968206625,0.8553058455730549,CPI,0.5740553717884737,True,-7.64188968206625,0.8553058455730549,-8.497195527639304,CPI,All · DTW only,27.71977644703757,44.61614335559073,0.6212947682660716,1.0
2023-04-13 12:30:00+00:00,0.0,1.4757751535832142,0.8574300750990479,PPI,0.8801177449554096,True,0.0,0.0,0.0,PPI,All · DTW only,5.652855484284865,33.36050168759607,0.169447556191479,0.0
2023-04-14 12:30:00+00:00,1.0,-9.93948688840618,0.8471110591809312,Retail Sales,-0.1118972388397462,True,-9.93948688840618,0.8471110591809312,-10.786597947587111,Retail Sales,All · DTW only,5.90686908972892,8.623404704061496,0.6849810825817871,1.0
2023-04-14 14:00:00+00:00,-1.0,-44.01544709935479,0.8480276047606515,Business Inventories+U. of Michigan Sentiment,-0.0827830604374955,True,44.01544709935479,0.8480276047606515,43.167419494594135,Business Inventories+U. of Michigan Sentiment,All · DTW only,-9.860823426177662,23.261935798257667,-0.42390381917038233,-1.0
2023-04-28 14:00:00+00:00,1.0,34.97380532170524,0.8541470311027333,U. of Michigan Sentiment,-0.0252358627093348,True,34.97380532170524,0.8541470311027333,34.11965829060251,U. of Michigan Sentiment,All · DTW only,6.78099551293261,15.854200969808407,0.4277096982588935,1.0
2023-05-01 14:00:00+00:00,0.0,-5.544774192518531,0.8460236886632826,ISM Manufacturing,0.4191953420164795,True,-0.0,0.0,-0.0,ISM Manufacturing,All · DTW only,2.059453414208268,17.492052393774127,0.11773652215570088,0.0
2023-05-03 14:00:00+00:00,0.0,-13.907590754609345,0.8579881656804733,ISM Services,0.0458100815953766,True,-0.0,0.0,-0.0,ISM Services,All · DTW only,-5.186095093908786,52.926570107277215,-0.09798660830273068,0.0
2023-05-05 12:30:00+00:00,1.0,17.384532148589926,0.8689398933301371,Employment Report (NFP),-0.0265887280936876,True,17.384532148589926,0.8689398933301371,16.51559225525979,Employment Report (NFP),All · DTW only,11.395663499366194,22.257911993779086,0.5119825930909958,1.0
2023-05-10 12:30:00+00:00,0.0,26.37233916081172,0.863532144239645,CPI,0.0811362628588261,True,0.0,0.0,0.0,CPI,All · DTW only,4.863297177780752,30.740941930267933,0.15820260774092568,0.0
2023-05-11 12:30:00+00:00,0.0,-20.00149931685513,0.8652583840553765,PPI,0.3418379801607591,True,-0.0,0.0,-0.0,PPI,All · DTW only,1.5548822472952344,12.551188731625755,0.1238832656047417,0.0
2023-05-12 14:00:00+00:00,0.0,-4.492026728222243,0.8686275684418618,U. of Michigan Sentiment,-1.5059821423350075,True,-0.0,0.0,-0.0,U. of Michigan Sentiment,All · DTW only,0.6017781368525554,21.755744798437107,0.027660654343389157,0.0
2023-05-16 12:30:00+00:00,1.0,-1.5012986261275785,0.8704526353703925,Retail Sales,0.0569340677573058,True,-1.5012986261275785,0.8704526353703925,-2.371751261497971,Retail Sales,All · DTW only,2.6826009726265774,10.326056817217788,0.2597894840316564,1.0
2023-05-16 14:00:00+00:00,0.0,-2.4086228815178856,0.8728629906091981,Business Inventories,-0.6994527547255744,True,-0.0,0.0,-0.0,Business Inventories,All · DTW only,0.5221422180691397,32.885642842016864,0.015877512888451628,0.0
2023-05-26 14:00:00+00:00,-1.0,39.57171108044832,0.878654749280412,U. of Michigan Sentiment,0.4475004257730126,True,-39.57171108044832,0.878654749280412,-40.45036582972873,U. of Michigan Sentiment,All · DTW only,-4.951640739552572,32.25069312438193,-0.15353594790832786,-1.0
2023-06-01 14:00:00+00:00,-1.0,33.496788225324536,0.8851448280072033,ISM Manufacturing,-0.2671864031629926,True,-33.496788225324536,0.8851448280072033,-34.38193305333174,ISM Manufacturing,All · DTW only,-7.874314035838461,20.33007163446036,-0.3873234771338019,-1.0
2023-06-02 12:30:00+00:00,0.0,6.008171293441222,0.8723903495577883,Employment Report (NFP),-0.1001406153175313,True,0.0,0.0,0.0,Employment Report (NFP),All · DTW only,-2.694394409961246,22.71336111888692,-0.11862596626972866,0.0
2023-06-05 14:00:00+00:00,1.0,-18.07381123400731,0.8589029735813292,ISM Services,-0.9649783688993916,True,-18.07381123400731,0.8589029735813292,-18.93271420758864,ISM Services,All · DTW only,5.042406152162668,25.536478919560736,0.19745894365648922,1.0
2023-06-13 12:30:00+00:00,1.0,19.613302345717894,0.8508141411177936,CPI,-0.1620995717982549,True,19.613302345717894,0.8508141411177936,18.7624882046001,CPI,All · DTW only,20.832667222612805,44.32512335068849,0.46999682455004865,1.0
2023-06-14 12:30:00+00:00,0.0,,,PPI,0.6815921796680281,False,0.0,0.0,0.0,PPI,All · DTW only,-2.6408025708245596e-09,0.0004136680141923404,-6.383869383714748e-06,0.0
2023-06-15 12:30:00+00:00,0.0,,,Retail Sales,0.1580425612543802,False,0.0,0.0,0.0,Retail Sales,All · DTW only,-1.0682108000216978e-08,0.0005198372882910009,-2.054894529658522e-05,0.0
2023-06-15 14:00:00+00:00,0.0,,,Business Inventories,0.0,False,0.0,0.0,0.0,Business Inventories,All · DTW only,1.5819031805993897,16.918557368744732,0.09350106785829096,0.0
2023-06-16 14:00:00+00:00,1.0,,,U. of Michigan Sentiment,1.212492484550577,False,0.0,0.0,0.0,U. of Michigan Sentiment,All · DTW only,5.546539953514029,7.953761982981297,0.6973479927337513,1.0
2023-06-30 14:00:00+00:00,-1.0,13.591084028963252,0.8393146561704098,U. of Michigan Sentiment,0.1616951687740749,True,-13.591084028963252,0.8393146561704098,-14.430398685133662,U. of Michigan Sentiment,All · DTW only,-6.509543312598878,24.210207228043018,-0.26887598488040965,-1.0
2023-07-03 14:00:00+00:00,1.0,,,ISM Manufacturing,-0.2687949254928601,False,0.0,0.0,0.0,ISM Manufacturing,All · DTW only,3.834077390844642,16.91583182808188,0.2266561544126793,1.0
2023-07-06 14:00:00+00:00,0.0,-24.356973584147568,0.8495181181708996,ISM Services,1.2395289916634271,True,-0.0,0.0,-0.0,ISM Services,All · DTW only,-0.26341353810357726,23.03428719803387,-0.01143571476030139,0.0
2023-07-07 12:30:00+00:00,1.0,-16.71383091743195,0.8501407129455909,Employment Report (NFP),0.0159018729373952,True,-16.71383091743195,0.8501407129455909,-17.56397163037754,Employment Report (NFP),All · DTW only,17.635724693870323,44.43595370103947,0.396879626181125,1.0
2023-07-12 12:30:00+00:00,1.0,4.618537737606232,0.8402143995364334,CPI,0.9296650037596498,True,4.618537737606232,0.8402143995364334,3.7783233380697987,CPI,All · DTW only,19.020420318575542,31.702197538976122,0.5999716674275016,1.0
2023-07-13 12:30:00+00:00,0.0,-3.177400046947554,0.8378112902293869,PPI,0.3941350978376103,True,-0.0,0.0,-0.0,PPI,All · DTW only,0.547443995231985,8.473568424570423,0.06460607477300664,0.0
2023-07-14 14:00:00+00:00,-1.0,-14.395948587786478,0.8343402957592496,U. of Michigan Sentiment,2.0597370727237494,True,14.395948587786478,0.8343402957592496,13.561608292027229,U. of Michigan Sentiment,All · DTW only,-7.049385002324639,32.00208837440571,-0.22027890554675555,-1.0
2023-07-18 12:30:00+00:00,-1.0,-6.332393280512605,0.8345323741007193,Retail Sales,-0.0353422090008289,True,6.332393280512605,0.8345323741007193,5.497860906411885,Retail Sales,All · DTW only,-5.131607269572256,28.931683564958607,-0.177369811820683,-1.0
2023-07-18 14:00:00+00:00,1.0,7.146226382133136,0.8294957238065273,Business Inventories,0.0,True,7.146226382133136,0.8294957238065273,6.316730658326609,Business Inventories,All · DTW only,6.635204038123046,13.921643982409947,0.47661066800060775,1.0
2023-07-28 14:00:00+00:00,1.0,8.14984518250128,0.8153854805150987,U. of Michigan Sentiment,-0.369532730031979,True,8.14984518250128,0.8153854805150987,7.334459701986182,U. of Michigan Sentiment,All · DTW only,7.526080550346013,29.533611430836068,0.25483102762326,1.0
2023-08-01 14:00:00+00:00,0.0,-25.45990044223956,0.8105539717144614,ISM Manufacturing,-0.2270582924881411,True,-0.0,0.0,-0.0,ISM Manufacturing,All · DTW only,-0.008302633229116618,19.656924820307086,-0.0004223770149713027,0.0
2023-08-03 14:00:00+00:00,0.0,-20.699538107074034,0.8220420658767504,ISM Services,-0.1606138185504726,True,-0.0,0.0,-0.0,ISM Services,All · DTW only,7.26069100320492,43.128067671771085,0.16835187373714197,0.0
2023-08-04 12:30:00+00:00,1.0,1.4140071572299462,0.8211110481907242,Employment Report (NFP),-0.1831535520390406,True,1.4140071572299462,0.8211110481907242,0.592896109039222,Employment Report (NFP),All · DTW only,10.338777902443567,24.822448586078426,0.4165091879067092,1.0
2023-08-10 12:30:00+00:00,-1.0,-7.620983475682408,0.819672131147541,CPI,0.3020127789670528,True,7.620983475682408,0.819672131147541,6.8013113445348665,CPI,All · DTW only,-3.8472411957561325,24.836553010784737,-0.1549023809417334,-1.0
2023-08-11 12:30:00+00:00,-1.0,-12.504975198570634,0.8226716972568153,PPI,-0.3678353489783135,True,12.504975198570634,0.8226716972568153,11.682303501313818,PPI,All · DTW only,-11.207144423193427,31.61172995500322,-0.3545248690642968,-1.0
2023-08-11 14:00:00+00:00,0.0,31.142089604507817,0.823278921220724,U. of Michigan Sentiment,0.0517958537398417,True,0.0,0.0,0.0,U. of Michigan Sentiment,All · DTW only,1.6041489089075485,27.215259644742712,0.05894299484360895,0.0
2023-08-15 12:30:00+00:00,1.0,2.2802417154998977,0.8260696177291631,Retail Sales,0.4206347894681734,True,2.2802417154998977,0.8260696177291631,1.4541720977707346,Retail Sales,All · DTW only,4.039319530709355,14.455949825770642,0.27942263077784446,1.0
2023-08-15 14:00:00+00:00,-1.0,-25.639578743117397,0.8250590343964266,Business Inventories,-0.7048202114489214,True,25.639578743117397,0.8250590343964266,24.814519708720972,Business Inventories,All · DTW only,-15.176644393605294,25.29452124296988,-0.5999972977477622,-1.0
2023-08-25 14:00:00+00:00,1.0,-30.400491112665406,0.8459249752056472,U. of Michigan Sentiment,-0.6300396832195052,True,-30.400491112665406,0.8459249752056472,-31.246416087871054,U. of Michigan Sentiment,All · DTW only,7.746918061461924,38.23858950096398,0.20259424216645405,1.0
2023-09-01 12:30:00+00:00,0.0,0.8584059406935296,0.830612361803288,Employment Report (NFP),0.2061479043812086,True,0.0,0.0,0.0,Employment Report (NFP),All · DTW only,2.120910280739773,21.011160708935883,0.10094208074082106,0.0
2023-09-01 14:00:00+00:00,-1.0,16.025185859014357,0.8290688698933645,ISM Manufacturing,0.4918277641841351,True,-16.025185859014357,0.8290688698933645,-16.854254728907723,ISM Manufacturing,All · DTW only,-3.7007105318258375,17.629850310652124,-0.20991162526149373,-1.0
2023-09-06 14:00:00+00:00,-1.0,-4.3423510170370605,0.8387805865679412,ISM Services,0.9202972779379625,True,4.3423510170370605,0.8387805865679412,3.5035704304691193,ISM Services,All · DTW only,-5.7452386841025875,27.203501099778812,-0.2111948261008691,-1.0
2023-09-13 12:30:00+00:00,0.0,,,CPI,-0.4305861898891642,False,0.0,0.0,0.0,CPI,All · DTW only,2.2565937391774227e-09,0.00045703668989380524,4.937445481022002e-06,0.0
2023-09-14 12:30:00+00:00,0.0,,,PPI+Retail Sales,-0.1553579092930225,False,0.0,0.0,0.0,PPI+Retail Sales,All · DTW only,-1.1432263899652653e-08,0.0005086641239608374,-2.247507414250594e-05,0.0
2023-09-14 14:00:00+00:00,0.0,,,Business Inventories,-0.7058149899767884,False,0.0,0.0,0.0,Business Inventories,All · DTW only,-0.6905017910391887,15.490486455806622,-0.04457586228871164,0.0
2023-09-15 14:00:00+00:00,1.0,,,U. of Michigan Sentiment,-0.4768353124361976,False,0.0,0.0,0.0,U. of Michigan Sentiment,All · DTW only,3.3907958888618426,16.692934510643237,0.20312760986990677,1.0
2023-09-29 14:00:00+00:00,-1.0,-23.550202229660755,0.8533678604007886,U. of Michigan Sentiment,0.1514252515685921,True,23.550202229660755,0.8533678604007886,22.696834369259967,U. of Michigan Sentiment,All · DTW only,-14.419342128362889,26.254059449426673,-0.5492233365334964,-1.0
2023-10-02 14:00:00+00:00,1.0,-10.702819430523649,0.8629154640402297,ISM Manufacturing,-0.1566272894723631,True,-10.702819430523649,0.8629154640402297,-11.565734894563878,ISM Manufacturing,All · DTW only,21.446902973436273,45.35455303037939,0.4728721052343015,1.0
2023-10-04 14:00:00+00:00,-1.0,-31.691920946244068,0.8734676666365471,ISM Services,0.046078196022437,True,31.691920946244068,0.8734676666365471,30.81845327960752,ISM Services,All · DTW only,-8.360562039077918,27.537553413011747,-0.3036058401298452,-1.0
2023-10-06 12:30:00+00:00,-1.0,-18.719247034972852,0.8700087000870008,Employment Report (NFP),0.0892200242871756,True,18.719247034972852,0.8700087000870008,17.84923833488585,Employment Report (NFP),All · DTW only,-11.770340276311446,37.77101169641308,-0.31162364330922104,-1.0
2023-10-11 12:30:00+00:00,-1.0,22.925677971699088,0.852189244784014,PPI,-0.6482130946295078,True,-22.925677971699088,0.852189244784014,-23.777867216483102,PPI,All · DTW only,-6.458314118626754,26.960411997505982,-0.2395480499045857,-1.0
2023-10-12 12:30:00+00:00,1.0,-19.95305826303806,0.8494932333470032,CPI,-0.5048087791850232,True,-19.95305826303806,0.8494932333470032,-20.802551496385064,CPI,All · DTW only,6.068088400470941,14.183760461515156,0.4278194359623814,1.0
2023-10-13 14:00:00+00:00,-1.0,-21.18769552561517,0.8514386376981796,U. of Michigan Sentiment,-1.1963745297656416,True,21.18769552561517,0.8514386376981796,20.33625688791699,U. of Michigan Sentiment,All · DTW only,-3.596519077013107,26.028717250959293,-0.13817504114155132,-1.0
2023-10-17 12:30:00+00:00,0.0,-1.762580422290938,0.8511887290871735,Retail Sales,0.3814422292219561,True,-0.0,0.0,-0.0,Retail Sales,All · DTW only,-0.419691056526186,14.992665013666825,-0.02799309236507381,0.0
2023-10-17 14:00:00+00:00,1.0,7.046595905073616,0.8517637383616764,Business Inventories,0.7068159910615361,True,7.046595905073616,0.8517637383616764,6.194832166711939,Business Inventories,All · DTW only,11.35057974979997,38.238382827931154,0.29683733752225944,1.0
2023-10-27 14:00:00+00:00,-1.0,-8.544400886023595,0.8837421910711565,U. of Michigan Sentiment,0.2971298403222687,True,8.544400886023595,0.8837421910711565,7.6606586949524385,U. of Michigan Sentiment,All · DTW only,-13.571042771721366,20.505660555341702,-0.6618193417907781,-1.0
2023-11-01 14:00:00+00:00,0.0,26.483703934925273,0.8742049256925812,ISM Manufacturing,-0.4370947484304193,True,0.0,0.0,0.0,ISM Manufacturing,All · DTW only,-0.8137538323761747,53.09992517032035,-0.015324952526129245,0.0
2023-11-03 12:30:00+00:00,1.0,17.039783193428804,0.8549276259544235,Employment Report (NFP),-0.2327788883684226,True,17.039783193428804,0.8549276259544235,16.18485556747438,Employment Report (NFP),All · DTW only,16.24793492844349,26.840138558580392,0.6053595771490259,1.0
2023-11-03 14:00:00+00:00,0.0,-9.979161991591212,0.8506893517160458,ISM Services,-0.5545907482542947,True,-0.0,0.0,-0.0,ISM Services,All · DTW only,0.4260275123116446,21.24133763614283,0.020056529377262232,0.0
2023-11-10 15:00:00+00:00,-1.0,-7.055918444098808,0.8519639237345398,U. of Michigan Sentiment,-1.1149234859701074,True,7.055918444098808,0.8519639237345398,6.203954520364268,U. of Michigan Sentiment,All · DTW only,-3.531063155164677,20.65483642890798,-0.1709557549544518,-1.0
2023-11-14 13:30:00+00:00,1.0,38.339073496249654,0.8429742456833904,CPI,0.8053453819483084,True,38.339073496249654,0.8429742456833904,37.49609925056626,CPI,All · DTW only,15.347593525049003,30.78148500509539,0.4985982165093221,1.0
2023-11-15 13:30:00+00:00,1.0,-16.861723604684187,0.828666133272374,PPI+Retail Sales,0.546873600388985,True,-16.861723604684187,0.828666133272374,-17.69038973795656,PPI+Retail Sales,All · DTW only,9.051734395270682,27.84740532413095,0.325047676432065,1.0
2023-11-15 15:00:00+00:00,0.0,10.288066751069636,0.8292348164245683,Business Inventories,0.0,True,0.0,0.0,0.0,Business Inventories,All · DTW only,4.542945118130034,42.18704572921281,0.1076857845721164,0.0
2023-11-22 15:00:00+00:00,0.0,11.636323667509885,0.8229051389007122,U. of Michigan Sentiment,0.1115179097470865,True,0.0,0.0,0.0,U. of Michigan Sentiment,All · DTW only,2.3618678078291584,19.215063265069844,0.1229175139965678,0.0
2023-12-01 15:00:00+00:00,0.0,1.109231580951331,0.8040368193412443,ISM Manufacturing,0.1669719534082837,True,0.0,0.0,0.0,ISM Manufacturing,All · DTW only,-0.2631195151654535,14.876254124764566,-0.017687215676655946,0.0
2023-12-05 15:00:00+00:00,0.0,0.2766136951493081,0.8032795966982438,ISM Services,0.1851212529593981,True,0.0,0.0,0.0,ISM Services,All · DTW only,0.13718061250069669,26.557755760877264,0.005165369157539285,0.0
2023-12-08 13:30:00+00:00,1.0,11.914494142981624,0.8031683607056804,Employment Report (NFP),0.186887473709646,True,11.914494142981624,0.8031683607056804,11.111325782275944,Employment Report (NFP),All · DTW only,8.278210038286277,21.703821632623427,0.3814171613833732,1.0
2023-12-08 15:00:00+00:00,-1.0,1.1034178378643844,0.8014370595550643,U. of Michigan Sentiment,2.126770358773564,True,-1.1034178378643844,0.8014370595550643,-1.9048548974194488,U. of Michigan Sentiment,All · DTW only,-19.545897581298306,44.94318717093974,-0.4349023469776679,-1.0
2023-12-12 13:30:00+00:00,1.0,-30.129579888313884,0.793194934493039,CPI,-0.2654370051827885,True,-30.129579888313884,0.793194934493039,-30.92277482280692,CPI,All · DTW only,11.877877756318206,19.278371842969648,0.6161245282054137,1.0
2023-12-13 13:30:00+00:00,0.0,,,PPI,0.536558552849708,False,0.0,0.0,0.0,PPI,All · DTW only,4.433417650265971e-09,0.0003869849629049359,1.1456304702348483e-05,0.0
2023-12-14 13:30:00+00:00,0.0,,,Retail Sales,0.2835822483307001,False,0.0,0.0,0.0,Retail Sales,All · DTW only,4.433417650265968e-09,0.00038698496290493585,1.1456304702348478e-05,0.0
2023-12-14 15:00:00+00:00,0.0,,,Business Inventories,0.0,False,0.0,0.0,0.0,Business Inventories,All · DTW only,-1.2803582431363623,17.420266510464998,-0.07349820063701114,0.0
2023-12-22 15:00:00+00:00,1.0,3.9633784356141177,0.7663645252503898,U. of Michigan Sentiment,-0.0794559767056472,True,3.9633784356141177,0.7663645252503898,3.197013910363728,U. of Michigan Sentiment,All · DTW only,11.625288172908904,17.760610303581917,0.6545545436895457,1.0
2024-01-02 15:00:00+00:00,-1.0,-6.853287210084602,0.7643043512637377,ISM Manufacturing,-0.147552730685314,True,6.853287210084602,0.7643043512637377,6.088982858820865,ISM Manufacturing,All · DTW only,-3.0302353816928655,20.13904067783043,-0.1504657262561978,-1.0
2024-01-03 15:00:00+00:00,0.0,-15.084755351413293,0.7673378668007302,ISM Manufacturing+JOLTS,-0.1400060732610997,True,-0.0,0.0,-0.0,ISM Manufacturing+JOLTS,All · DTW only,4.172894482434862,21.261159192519806,0.19626843694877127,0.0
2024-01-05 13:30:00+00:00,0.0,19.146905115459138,0.7704979010574419,Employment Report (NFP),-0.3349725293676338,True,0.0,0.0,0.0,Employment Report (NFP),All · DTW only,-0.02005439442206991,10.603039409809387,-0.0018913816734017431,0.0
2024-01-05 15:00:00+00:00,1.0,6.618571953840302,0.7689248309691104,ISM Services,-0.8819703762954058,True,6.618571953840302,0.7689248309691104,5.8496471228711915,ISM Services,All · DTW only,7.314389712652753,30.666460292921457,0.2385143131221143,1.0
2024-01-11 13:30:00+00:00,-1.0,-11.35358618006066,0.7639821913116783,CPI,-0.7572578714008459,True,11.35358618006066,0.7639821913116783,10.589603988748982,CPI,All · DTW only,-7.158487878877614,37.420063213279825,-0.19130079599483876,-1.0
2024-01-12 13:30:00+00:00,0.0,6.0820014303253345,0.7682322710535378,PPI,0.4874189349370815,True,0.0,0.0,0.0,PPI,All · DTW only,2.4769898112840467,21.336065447966106,0.11609402948846737,0.0
2024-01-17 13:30:00+00:00,0.0,-4.2816238712362065,0.7752145205699164,Retail Sales,0.2695311791201982,True,-0.0,0.0,-0.0,Retail Sales,All · DTW only,1.2978979928949141,21.1868453275874,0.061259615238938886,0.0
2024-01-19 15:00:00+00:00,0.0,1.059939584422409,0.7687210072895958,U. of Michigan Sentiment,2.1144540405073533,True,0.0,0.0,0.0,U. of Michigan Sentiment,All · DTW only,11.222058416992061,89.54337705267804,0.1253253873861622,0.0
2024-01-30 15:00:00+00:00,-1.0,-7.024025054978011,0.7537557831262671,JOLTS,-0.8204848023574096,True,7.024025054978011,0.7537557831262671,6.2702692718517445,JOLTS,All · DTW only,-8.214355262748581,19.86833374817411,-0.4134395650316412,-1.0
2024-01-31 19:00:00+00:00,1.0,0.2595346543898813,0.7511591162224467,FOMC Rate Decision,0.0,True,0.2595346543898813,0.7511591162224467,-0.49162446183256536,FOMC Rate Decision,All · DTW only,13.327551906205288,33.97985005402007,0.3922192677430176,1.0
2024-02-01 15:00:00+00:00,1.0,35.2145186720243,0.7571406192888099,ISM Manufacturing,0.9351872603869764,True,35.2145186720243,0.7571406192888099,34.457378052735486,ISM Manufacturing,All · DTW only,5.587258527007961,17.248579816218154,0.3239257136842353,1.0
2024-02-02 13:30:00+00:00,-1.0,-16.09762777841084,0.7503040024837649,Employment Report (NFP),-0.38775356028151,True,16.09762777841084,0.7503040024837649,15.347323775927075,Employment Report (NFP),All · DTW only,-9.684791175890696,44.0161023830225,-0.22002836806437065,-1.0
2024-02-02 15:00:00+00:00,1.0,11.167527034228186,0.7534033045827704,U. of Michigan Sentiment,-0.020724720425678,True,11.167527034228186,0.7534033045827704,10.414123729645416,U. of Michigan Sentiment,All · DTW only,4.70303882518755,19.47925409656551,0.24143834265280043,1.0
2024-02-05 15:00:00+00:00,0.0,-30.68284689131673,0.7518407134709115,ISM Services,0.6496483098356184,True,-0.0,0.0,-0.0,ISM Services,All · DTW only,-1.5183837335561559,33.7845441689253,-0.04494314695986784,0.0
2024-02-13 13:30:00+00:00,-1.0,-42.99299569940018,0.7468644569780319,CPI,-1.1752230772837458,True,42.99299569940018,0.7468644569780319,42.24613124242215,CPI,All · DTW only,-18.33084960460404,35.79185582787567,-0.5121514149128717,-1.0
2024-02-15 13:30:00+00:00,0.0,-2.33381307216618,0.7523673628226748,Retail Sales,-0.5833450170591599,True,-0.0,0.0,-0.0,Retail Sales,All · DTW only,-0.20079672489313688,20.234564711690265,-0.009923451665709869,0.0
2024-02-16 13:30:00+00:00,-1.0,-2.322191126769013,0.7469029283745847,PPI,-1.3558344873028956,True,2.322191126769013,0.7469029283745847,1.5752881983944285,PPI,All · DTW only,-10.919386262755792,32.44794567057844,-0.33652011050600156,-1.0
2024-02-16 15:00:00+00:00,0.0,15.747424936609631,0.7493927334745981,U. of Michigan Sentiment,-0.0875138795886973,True,0.0,0.0,0.0,U. of Michigan Sentiment,All · DTW only,-0.3732244292050062,31.114257129767754,-0.011995286522458333,0.0
2024-03-01 15:00:00+00:00,0.0,35.90668130728503,0.7452330780695894,ISM Manufacturing+U. of Michigan Sentiment,-0.5416049513565653,True,0.0,0.0,0.0,ISM Manufacturing+U. of Michigan Sentiment,All · DTW only,5.452259308038721,28.15503887602341,0.1936512796891152,0.0
2024-03-05 15:00:00+00:00,-1.0,-2.830564973930194,0.7470568536026173,ISM Services,-0.1860395184034023,True,2.830564973930194,0.7470568536026173,2.083508120327577,ISM Services,All · DTW only,-18.431867213912767,37.15166257160339,-0.49612496287046476,-1.0
2024-03-06 15:00:00+00:00,1.0,-6.9667533877826315,0.7480782128669453,JOLTS,-0.0387423482543086,True,-6.9667533877826315,0.7480782128669453,-7.7148316006495765,JOLTS,All · DTW only,7.205320988429102,28.316293844290183,0.2544584763829188,1.0
2024-03-08 13:30:00+00:00,0.0,13.66032404387596,0.7492959202129034,Employment Report (NFP),-0.0706665400889625,True,0.0,0.0,0.0,Employment Report (NFP),All · DTW only,1.6372003902772203,17.683852088085203,0.09258166049580974,0.0
2024-03-12 12:30:00+00:00,-1.0,38.67579078409733,0.747576819962879,CPI,-0.4778384284304798,True,-38.67579078409733,0.747576819962879,-39.42336760406021,CPI,All · DTW only,-5.037501223836732,36.18482022553603,-0.1392158698713587,-1.0
2024-03-14 12:30:00+00:00,0.0,,,PPI+Retail Sales,-0.4441833671280292,False,0.0,0.0,0.0,PPI+Retail Sales,All · DTW only,1.3368121855323424e-09,0.00043383459453681417,3.081386782812e-06,0.0
2024-03-15 14:00:00+00:00,-1.0,,,U. of Michigan Sentiment,-0.0305883809511615,False,-0.0,0.0,-0.0,U. of Michigan Sentiment,All · DTW only,-2.4755010786892013,16.775293218167977,-0.14756827475350381,-1.0
2024-03-20 18:00:00+00:00,0.0,24.96691291245412,0.7336942771846379,FOMC Rate Decision,0.0,True,0.0,0.0,0.0,FOMC Rate Decision,All · DTW only,1.944398887707396,15.937877593715843,0.12199860842663608,0.0
2024-03-28 14:00:00+00:00,1.0,-8.222557678578823,0.7222554293684001,U. of Michigan Sentiment,0.7495036627979537,True,-8.222557678578823,0.7222554293684001,-8.944813107947224,U. of Michigan Sentiment,All · DTW only,27.392684569190475,60.08143398889097,0.45592594501415146,1.0
2024-04-01 14:00:00+00:00,0.0,-19.012839390146752,0.7244747558020435,ISM Manufacturing,0.2691173535014057,True,-0.0,0.0,-0.0,ISM Manufacturing,All · DTW only,-2.3875757664557518,27.66060565630349,-0.08631682892712274,0.0
2024-04-02 14:00:00+00:00,-1.0,12.420944828139824,0.7353127614797534,JOLTS,-0.0777388175333528,True,-12.420944828139824,0.7353127614797534,-13.156257589619578,JOLTS,All · DTW only,-11.722046537014485,21.476475613125736,-0.5458086675008419,-1.0
2024-04-03 14:00:00+00:00,1.0,-0.7581980164061974,0.7341400435420992,ISM Services,-0.652812306132463,True,-0.7581980164061974,0.7341400435420992,-1.4923380599482967,ISM Services,All · DTW only,8.652050102817295,22.03073254809339,0.39272639182241226,1.0
2024-04-05 12:30:00+00:00,0.0,-1.0261672661648902,0.7431133888532991,Employment Report (NFP),0.194963804370428,True,-0.0,0.0,-0.0,Employment Report (NFP),All · DTW only,2.0615598783605678,26.083328423498273,0.07903745430369707,0.0
2024-04-10 12:30:00+00:00,-1.0,-44.016081566446985,0.7383267987168389,CPI,-0.7664412194645043,True,44.016081566446985,0.7383267987168389,43.277754767730144,CPI,All · DTW only,-15.293900937711726,33.312569219866724,-0.459103014143708,-1.0
2024-04-11 12:30:00+00:00,1.0,13.165539171744456,0.7517822423849643,PPI,0.0592735121268001,True,13.165539171744456,0.7517822423849643,12.413756929359492,PPI,All · DTW only,8.41217351601345,31.145226925595935,0.2700951107567662,1.0
2024-04-12 14:00:00+00:00,1.0,-26.788400784294453,0.7528556593977155,U. of Michigan Sentiment,-0.4673436856939909,True,-26.788400784294453,0.7528556593977155,-27.54125644369217,U. of Michigan Sentiment,All · DTW only,6.8628498941577165,28.810916029144053,0.23820311326496915,1.0
2024-04-15 12:30:00+00:00,0.0,25.467127404930068,0.7537949677687669,Retail Sales,0.4899628127387242,True,0.0,0.0,0.0,Retail Sales,All · DTW only,1.683739344931185,11.640592730994701,0.14464378093462493,0.0
2024-04-26 14:00:00+00:00,0.0,10.406911127631702,0.7551493372913574,U. of Michigan Sentiment,-0.2085880846826101,True,0.0,0.0,0.0,U. of Michigan Sentiment,All · DTW only,1.895119947456931,16.1984677076398,0.11699377877347755,0.0
2024-05-01 14:00:00+00:00,0.0,17.891445822932894,0.7631779783678517,ISM Manufacturing+JOLTS,0.3242630803040228,True,0.0,0.0,0.0,ISM Manufacturing+JOLTS,All · DTW only,-0.3056046781103794,25.551399209153185,-0.011960389159467389,0.0
2024-05-01 18:00:00+00:00,0.0,21.208915691381947,0.7611149021048763,FOMC Rate Decision,0.0,True,0.0,0.0,0.0,FOMC Rate Decision,All · DTW only,-2.550621191005819,32.54329053191308,-0.07837625357843245,0.0
2024-05-03 12:30:00+00:00,1.0,-8.230241456317344,0.750168141135082,Employment Report (NFP),-0.0870246832772972,True,-8.230241456317344,0.750168141135082,-8.980409597452427,Employment Report (NFP),All · DTW only,18.6979718904584,29.83890969967209,0.6266305330406855,1.0
2024-05-03 14:00:00+00:00,0.0,-27.581957759625908,0.7454629582026632,ISM Services,-1.2135094696925872,True,-0.0,0.0,-0.0,ISM Services,All · DTW only,-1.9261357267773458,26.194488845531797,-0.07353209822629932,0.0
2024-05-10 14:00:00+00:00,0.0,-4.034494986395742,0.730570600831339,U. of Michigan Sentiment,-2.1726175926367697,True,-0.0,0.0,-0.0,U. of Michigan Sentiment,All · DTW only,3.4019231124759113,19.589210039818994,0.1736631086991676,0.0
2024-05-14 12:30:00+00:00,-1.0,28.330780591510063,0.7323047397792986,PPI,-0.6190507357095073,True,-28.330780591510063,0.7323047397792986,-29.06308533128936,PPI,All · DTW only,-22.870579738132577,33.73526379616697,-0.6779428160490968,-1.0
2024-05-15 12:30:00+00:00,1.0,-4.769136249223038,0.7306074118862268,CPI+Retail Sales,0.040853595856144,True,-4.769136249223038,0.7306074118862268,-5.499743661109265,CPI+Retail Sales,All · DTW only,18.095798460677994,30.90353218039733,0.5855576105360696,1.0
2024-05-24 14:00:00+00:00,1.0,-5.354342882348817,0.7402869250012764,U. of Michigan Sentiment,0.3551438966268981,True,-5.354342882348817,0.7402869250012764,-6.094629807350094,U. of Michigan Sentiment,All · DTW only,13.4370928523201,39.339569279494924,0.341566852368258,1.0
2024-06-03 14:00:00+00:00,0.0,-4.132444916500333,0.7493346425156971,ISM Manufacturing,-0.4027774288517774,True,-0.0,0.0,-0.0,ISM Manufacturing,All · DTW only,-2.1728773944243645,25.851065931602648,-0.08405368661290076,0.0
2024-06-04 14:00:00+00:00,0.0,12.39285504063048,0.7496639437493537,JOLTS,0.8737619779775578,True,0.0,0.0,0.0,JOLTS,All · DTW only,0.8939594951612879,23.72617235690343,0.037678201174374384,0.0
2024-06-05 14:00:00+00:00,0.0,-9.044512535947293,0.7486382528332085,ISM Services,1.3034573972252783,True,-0.0,0.0,-0.0,ISM Services,All · DTW only,-3.078855896029001,33.42811377326596,-0.0921037877551831,0.0
2024-06-07 12:30:00+00:00,-1.0,4.896844210673379,0.7441621760328458,Employment Report (NFP),-0.20423991577674,True,-4.896844210673379,0.7441621760328458,-5.641006386706225,Employment Report (NFP),All · DTW only,-19.95679912556598,36.172778220666665,-0.5517076682311347,-1.0
2024-06-12 12:30:00+00:00,1.0,26.60596621796074,0.746941403734707,CPI,0.9012986804965564,True,26.60596621796074,0.746941403734707,25.859024814226036,CPI,All · DTW only,15.161387493264572,30.996386418335454,0.4891340328721698,1.0
2024-06-12 18:00:00+00:00,0.0,11.342253684194503,0.7468836921809003,FOMC Rate Decision,0.0,True,0.0,0.0,0.0,FOMC Rate Decision,All · DTW only,-2.1453922567847448,24.601356753925657,-0.08720625769724684,0.0
2024-06-13 12:30:00+00:00,1.0,-13.687841911877996,0.7495670604047662,PPI,1.0325509387972418,True,-13.687841911877996,0.7495670604047662,-14.437408972282762,PPI,All · DTW only,15.66123863058285,25.183498326261862,0.6218849513155602,1.0
2024-06-14 14:00:00+00:00,-1.0,-9.635793810396365,0.7540301612064483,U. of Michigan Sentiment,-1.5077009336686769,True,9.635793810396365,0.7540301612064483,8.881763649189917,U. of Michigan Sentiment,All · DTW only,-6.65346864267894,32.52648784401729,-0.20455539726840613,-1.0
2024-06-18 12:30:00+00:00,-1.0,,,Retail Sales,-0.1991426389856368,False,-0.0,0.0,-0.0,Retail Sales,All · DTW only,-3.299312719361441,14.560820436295808,-0.22658838035920234,-1.0
2024-06-28 14:00:00+00:00,0.0,26.71372556369178,0.7322862481692843,U. of Michigan Sentiment,0.5564715042583241,True,0.0,0.0,0.0,U. of Michigan Sentiment,All · DTW only,1.7771432188043232,26.953273950012463,0.06593422461776675,0.0
2024-07-01 14:00:00+00:00,1.0,-45.91677467173483,0.7301475401581148,ISM Manufacturing,-0.4876935484636415,True,-45.91677467173483,0.7301475401581148,-46.64692221189294,ISM Manufacturing,All · DTW only,4.920811038684864,13.784898508104352,0.3569711475054999,1.0
2024-07-02 14:00:00+00:00,0.0,0.0,0.7344561225781943,JOLTS,-0.5833799148516129,True,0.0,0.0,0.0,JOLTS,All · DTW only,-1.3120521300660835,30.749798027221203,-0.04266864221041685,0.0
2024-07-03 14:00:00+00:00,-1.0,,,ISM Services,-1.7907001556583515,False,-0.0,0.0,-0.0,ISM Services,All · DTW only,-2.5944334587295557,15.84694140253697,-0.1637182464948225,-1.0
2024-07-05 12:30:00+00:00,0.0,-2.269145928419647,0.7316950093354191,Employment Report (NFP),-0.042536768431817,True,-0.0,0.0,-0.0,Employment Report (NFP),All · DTW only,-1.2777840262364388,11.59629595498305,-0.11018898027411603,0.0
2024-07-11 12:30:00+00:00,1.0,-24.468814485469892,0.725,CPI,1.1642994529213304,True,-24.468814485469892,0.725,-25.193814485469893,CPI,All · DTW only,6.112263755622287,25.934189920725924,0.23568361974312244,1.0
2024-07-12 12:30:00+00:00,0.0,16.943244198799334,0.7225973637654798,PPI,-0.5983242205782651,True,0.0,0.0,0.0,PPI,All · DTW only,-0.030966660106168886,14.60395066863255,-0.0021204303416801715,0.0
2024-07-12 14:00:00+00:00,-1.0,25.36620693163627,0.7222554293684001,U. of Michigan Sentiment,-0.4645606680910795,True,-25.36620693163627,0.7222554293684001,-26.08846236100467,U. of Michigan Sentiment,All · DTW only,-9.470391358759997,32.96813615476992,-0.28725892523316926,-1.0
2024-07-16 12:30:00+00:00,-1.0,16.000988089945878,0.7147434317543254,Retail Sales,0.4072349741296833,True,-16.000988089945878,0.7147434317543254,-16.715731521700203,Retail Sales,All · DTW only,-2.4511666913760544,15.14829990941307,-0.16181133896437533,-1.0
2024-07-26 14:00:00+00:00,1.0,13.00151049710152,0.7123031955395083,U. of Michigan Sentiment,-0.0311151528672282,True,13.00151049710152,0.7123031955395083,12.289207301562012,U. of Michigan Sentiment,All · DTW only,5.980496221267008,22.532349210204778,0.26541822894163536,1.0
2024-07-30 14:00:00+00:00,1.0,-19.780950806946866,0.7075241534107544,JOLTS,-0.5535765291927877,True,-19.780950806946866,0.7075241534107544,-20.48847496035762,JOLTS,All · DTW only,7.868967198122267,18.331151969013334,0.42926746837426444,1.0
2024-07-31 18:00:00+00:00,1.0,16.982051630947126,0.7033201561855795,FOMC Rate Decision,0.0,True,16.982051630947126,0.7033201561855795,16.278731474761546,FOMC Rate Decision,All · DTW only,4.95895777196001,17.117744084437977,0.28969692194827706,1.0
2024-08-01 14:00:00+00:00,1.0,-57.92583624183223,0.7061974917813223,ISM Manufacturing,-0.4767604809750534,True,-57.92583624183223,0.7061974917813223,-58.632033733613554,ISM Manufacturing,All · DTW only,10.54030047358401,32.41302197055811,0.32518721898742226,1.0
2024-08-02 12:30:00+00:00,-1.0,5.996701993709053,0.7208550832711905,Employment Report (NFP),-0.0520498972563421,True,-5.996701993709053,0.7208550832711905,-6.717557076980243,Employment Report (NFP),All · DTW only,-22.323343667610754,33.947050648467545,-0.6575930232872377,-1.0
2024-08-05 14:00:00+00:00,-1.0,-87.90926446849312,0.747866003043041,ISM Services,0.1845635808619574,True,87.90926446849312,0.747866003043041,87.16139846545008,ISM Services,All · DTW only,-5.034319958781315,42.63992552512281,-0.11806587128805297,-1.0
2024-08-13 12:30:00+00:00,0.0,1.5151515180455988,0.7335829201659414,PPI,0.3450978502168926,True,0.0,0.0,0.0,PPI,All · DTW only,2.648279007542744,20.998362645677723,0.12611835752288345,0.0
2024-08-14 12:30:00+00:00,1.0,4.25985096963899,0.727145077980041,CPI,0.3098392583032254,True,4.25985096963899,0.727145077980041,3.5327058916589484,CPI,All · DTW only,3.446746067682352,15.516092506591457,0.22214008238337873,1.0
2024-08-15 12:30:00+00:00,1.0,35.61098800036078,0.7200496585971445,Retail Sales,0.2996817509038771,True,35.61098800036078,0.7200496585971445,34.89093834176363,Retail Sales,All · DTW only,7.36672571947474,31.250690659397257,0.2357300131304306,1.0
2024-08-16 14:00:00+00:00,0.0,-24.592998475547745,0.7132492191150791,U. of Michigan Sentiment,0.1227898524426557,True,-0.0,0.0,-0.0,U. of Michigan Sentiment,All · DTW only,1.1511304931013566,31.096960521765364,0.03701746002782678,0.0
2024-08-30 14:00:00+00:00,0.0,0.0,0.698997300424219,U. of Michigan Sentiment,0.0464482738396356,True,0.0,0.0,0.0,U. of Michigan Sentiment,All · DTW only,3.9386431368030155,43.17019447321086,0.09123524192709229,0.0
2024-09-03 14:00:00+00:00,0.0,-32.958540885523746,0.7005677014132141,ISM Manufacturing,-0.0485814437334042,True,-0.0,0.0,-0.0,ISM Manufacturing,All · DTW only,2.8033540643810833,17.066400476179325,0.16426158921407624,0.0
2024-09-04 14:00:00+00:00,1.0,31.14888265486115,0.7050128847182379,JOLTS,1.2886503542298795,True,31.14888265486115,0.7050128847182379,30.443869770142914,JOLTS,All · DTW only,9.216400733454499,19.243962891890963,0.4789242623897448,1.0
2024-09-05 14:00:00+00:00,0.0,5.364414554041019,0.7081115397763345,ISM Services,0.0462731692942805,True,0.0,0.0,0.0,ISM Services,All · DTW only,-1.2383422722742767,24.664232265614956,-0.05020802021884467,0.0
2024-09-06 12:30:00+00:00,0.0,23.542694249361062,0.7130387745568095,Employment Report (NFP),-0.0943309445874508,True,0.0,0.0,0.0,Employment Report (NFP),All · DTW only,-0.623071796239008,9.752890257900003,-0.06388586149980613,0.0
2024-09-11 12:30:00+00:00,-1.0,27.604582141123046,0.7128109330449317,CPI,-0.1677863014867797,True,-27.604582141123046,0.7128109330449317,-28.317393074167978,CPI,All · DTW only,-13.601110869451222,34.0315762166914,-0.3996615020958187,-1.0
2024-09-12 12:30:00+00:00,-1.0,-8.789492240275365,0.7073170731707317,PPI,-0.2352160732074721,True,8.789492240275365,0.7073170731707317,8.082175167104634,PPI,All · DTW only,-3.588676016274281,17.9147479663104,-0.20031964853890044,-1.0
2024-09-13 14:00:00+00:00,-1.0,8.218516295315226,0.7012453149558698,U. of Michigan Sentiment,0.2144307516473969,True,-8.218516295315226,0.7012453149558698,-8.919761610271095,U. of Michigan Sentiment,All · DTW only,-10.474892928501397,27.23817491652601,-0.3845666224188187,-1.0
2024-09-17 12:30:00+00:00,-1.0,,,Retail Sales,0.0277408614337283,False,-0.0,0.0,-0.0,Retail Sales,All · DTW only,-5.630021802204219,12.322930689335623,-0.456873607759272,-1.0
2024-09-18 18:00:00+00:00,-1.0,,,FOMC Rate Decision,-5.0,False,-0.0,0.0,-0.0,FOMC Rate Decision,All · DTW only,-2.4319035343406528,10.243868432945519,-0.23740089500948267,-1.0
2024-09-27 14:00:00+00:00,0.0,29.891199688236725,0.678918412735573,U. of Michigan Sentiment,0.1418831971197052,True,0.0,0.0,0.0,U. of Michigan Sentiment,All · DTW only,-1.405357387119233,14.562052213882334,-0.09650819585576503,0.0
2024-10-01 14:00:00+00:00,0.0,-13.220020811104405,0.6837042625424368,ISM Manufacturing+JOLTS,-0.7875306739426045,True,-0.0,0.0,-0.0,ISM Manufacturing+JOLTS,All · DTW only,-1.7800716593433101,20.767023073947474,-0.08571626530219613,0.0
2024-10-03 14:00:00+00:00,-1.0,-1.8922818610356271,0.686731866726657,ISM Services,1.484916701919426,True,1.8922818610356271,0.686731866726657,1.2055499943089703,ISM Services,All · DTW only,-5.0160305276505674,19.86766996966052,-0.2524720078051647,-1.0
2024-10-04 12:30:00+00:00,1.0,28.93336763154508,0.6837848671335266,Employment Report (NFP),-0.1422415160513053,True,28.93336763154508,0.6837848671335266,28.249582764411556,Employment Report (NFP),All · DTW only,3.5346183603302044,17.25418756625987,0.20485568194715015,1.0
2024-10-10 12:30:00+00:00,0.0,-5.851032874186757,0.6778234854151085,CPI,-0.9099158715024142,True,-0.0,0.0,-0.0,CPI,All · DTW only,1.4589472578452718,27.25508621722362,0.05352935764786913,0.0
2024-10-11 12:30:00+00:00,1.0,-10.991710551344624,0.6783625730994152,PPI,-0.1107712752265794,True,-10.991710551344624,0.6783625730994152,-11.67007312444404,PPI,All · DTW only,2.8771180180689075,13.873858051283898,0.2073769248203211,1.0
2024-10-11 14:00:00+00:00,-1.0,34.910548174948985,0.6757386522509087,U. of Michigan Sentiment,-0.5357844291061307,True,-34.910548174948985,0.6757386522509087,-35.58628682719989,U. of Michigan Sentiment,All · DTW only,-9.316822734227028,27.324789064939868,-0.34096595264046664,-1.0
2024-10-17 12:30:00+00:00,0.0,5.296549306894605,0.6681103994839422,Retail Sales,0.2800718448031246,True,0.0,0.0,0.0,Retail Sales,All · DTW only,-1.1474258740188787,12.267313521768587,-0.0935352204036156,0.0
2024-10-25 14:00:00+00:00,0.0,4.209541689856877,0.6786642016334745,U. of Michigan Sentiment,0.5011153801950475,True,0.0,0.0,0.0,U. of Michigan Sentiment,All · DTW only,1.5551692583695347,29.628653061906906,0.052488692453218244,0.0
2024-10-29 14:00:00+00:00,0.0,26.32817693843492,0.6820640669833952,JOLTS,1.6752316714054052,True,0.0,0.0,0.0,JOLTS,All · DTW only,-0.37172219144108276,20.113454729088726,-0.018481270196883986,0.0
2024-11-01 12:30:00+00:00,1.0,24.45772765117482,0.6892945426887241,Employment Report (NFP),-0.0293379522497713,True,24.45772765117482,0.6892945426887241,23.768433108486096,Employment Report (NFP),All · DTW only,6.385800826342364,21.05305052859829,0.30331950316026385,1.0
2024-11-01 14:00:00+00:00,0.0,52.43652329491866,0.6867481292033722,ISM Manufacturing,0.1638772187770114,True,0.0,0.0,0.0,ISM Manufacturing,All · DTW only,1.5359173014136664,16.026796663007623,0.09583432882497386,0.0
2024-11-05 15:00:00+00:00,0.0,20.622718365839177,0.6877905322075704,ISM Services,1.018693733877215,True,0.0,0.0,0.0,ISM Services,All · DTW only,-1.714508821180476,22.512673655627477,-0.07615749454760569,0.0
2024-11-07 19:00:00+00:00,-1.0,-4.785070671093905,0.6606675019933934,FOMC Rate Decision,0.0,True,4.785070671093905,0.6606675019933934,4.124403169100511,FOMC Rate Decision,All · DTW only,-2.832395158671078,12.10877455354519,-0.2339126181717384,-1.0
2024-11-08 15:00:00+00:00,0.0,14.523342013159636,0.6587316009449391,U. of Michigan Sentiment,0.406251960696072,True,0.0,0.0,0.0,U. of Michigan Sentiment,All · DTW only,0.4150424140331616,31.28781256369949,0.013265306201517552,0.0
2024-11-13 13:30:00+00:00,0.0,-7.710450309428296,0.6592557230216645,CPI,-0.1113847084764326,True,-0.0,0.0,-0.0,CPI,All · DTW only,5.88719226142025,30.551621493992233,0.19269655663212265,0.0
2024-11-14 13:30:00+00:00,0.0,-8.59553537505775,0.6554709219537553,PPI,-0.3007165348079867,True,-0.0,0.0,-0.0,PPI,All · DTW only,0.24169128610753998,12.643052641216364,0.019116529288158317,0.0
2024-11-15 13:30:00+00:00,1.0,-9.829358568591571,0.662735956853604,Retail Sales,-0.1431691057747343,True,-9.829358568591571,0.662735956853604,-10.492094525445175,Retail Sales,All · DTW only,4.393813813045102,18.977221486989205,0.23153093386497617,1.0
2024-11-22 15:00:00+00:00,-1.0,-32.35040770837472,0.6547605608362873,U. of Michigan Sentiment,-0.2664711518329156,True,32.35040770837472,0.6547605608362873,31.69564714753843,U. of Michigan Sentiment,All · DTW only,-6.8322066667782675,35.86218721635334,-0.19051282693830637,-1.0
2024-12-02 15:00:00+00:00,-1.0,-10.473655260003769,0.6460236132768992,ISM Manufacturing,-0.096633504170564,True,10.473655260003769,0.6460236132768992,9.82763164672687,ISM Manufacturing,All · DTW only,-7.472422439750837,22.74014503185369,-0.3286004741519326,-1.0
2024-12-03 15:00:00+00:00,-1.0,-15.627096094412709,0.6470037035384409,JOLTS,-0.6706551994181498,True,15.627096094412709,0.6470037035384409,14.980092390874267,JOLTS,All · DTW only,-6.552572083094427,17.275390106031736,-0.37930096182352396,-1.0
2024-12-04 15:00:00+00:00,-1.0,-23.559231220033897,0.6436291808154117,ISM Services,-1.645045572289697,True,23.559231220033897,0.6436291808154117,22.915602039218484,ISM Services,All · DTW only,-3.7683847052228403,23.69945543958648,-0.15900722760609529,-1.0
2024-12-06 13:30:00+00:00,1.0,4.899886509743823,0.64709032488397,Employment Report (NFP),-0.2100303674944581,True,4.899886509743823,0.64709032488397,4.252796184859853,Employment Report (NFP),All · DTW only,7.837606795112462,26.173477114326268,0.2994484363265011,1.0
2024-12-06 15:00:00+00:00,0.0,2.450134212779176,0.6457502950410831,U. of Michigan Sentiment,0.2923674902313188,True,0.0,0.0,0.0,U. of Michigan Sentiment,All · DTW only,-2.3114169448272355,30.56784858074085,-0.07561595114297753,0.0
2024-12-11 13:30:00+00:00,0.0,10.808134172304309,0.6541107477162513,CPI,-0.2110413005637379,True,0.0,0.0,0.0,CPI,All · DTW only,0.7036674618267036,21.374445699491886,0.03292096888591741,0.0
2024-12-12 13:30:00+00:00,-1.0,1.5841584191633729,0.6563907562074194,PPI,-0.4486737564965931,True,-1.5841584191633729,0.6563907562074194,-2.2405491753707922,PPI,All · DTW only,-3.979637319324673,15.556537772314474,-0.25581767470182987,-1.0
2024-12-17 13:30:00+00:00,-1.0,2.7547577135322854,0.6660236093886361,Retail Sales,-0.0652756240882107,True,-2.7547577135322854,0.6660236093886361,-3.4207813229209214,Retail Sales,All · DTW only,-5.028169748723013,11.499198600270924,-0.4372626235540055,-1.0
2024-12-18 19:00:00+00:00,-1.0,,,FOMC Rate Decision,0.0,False,-0.0,0.0,-0.0,FOMC Rate Decision,All · DTW only,-3.154183765206167,8.283329626444587,-0.38078694286611675,-1.0
2024-12-20 15:00:00+00:00,-1.0,,,U. of Michigan Sentiment,0.0238163640640968,False,-0.0,0.0,-0.0,U. of Michigan Sentiment,All · DTW only,-2.4942309790099064,15.854583891229291,-0.15731923310770127,-1.0
2025-01-02 15:00:00+00:00,1.0,-51.55488532833985,0.671653889802441,ISM Manufacturing,-0.3042494696872734,True,-51.55488532833985,0.671653889802441,-52.22653921814229,ISM Manufacturing,All · DTW only,15.7064010800782,15.26902260398408,1.028644824717202,1.0
2025-01-03 15:00:00+00:00,1.0,18.44566641356238,0.6778868630201028,ISM Manufacturing,0.398200966071176,True,18.44566641356238,0.6778868630201028,17.767779550542276,ISM Manufacturing,All · DTW only,7.9984735388687,34.288132405883545,0.23327235919959965,1.0
2025-01-07 15:00:00+00:00,-1.0,-7.891011619332033,0.6716694459885121,ISM Services+JOLTS,-0.3968452530235616,True,7.891011619332033,0.6716694459885121,7.219342173343521,ISM Services+JOLTS,All · DTW only,-15.354774786005853,29.447797155261494,-0.5214235450294925,-1.0
2025-01-10 13:30:00+00:00,-1.0,-3.289473713881108,0.676779463243874,Employment Report (NFP),0.0612542611775792,True,3.289473713881108,0.676779463243874,2.612694250637234,Employment Report (NFP),All · DTW only,-12.704853244585314,36.44046956290876,-0.34864680386876945,-1.0
2025-01-10 15:00:00+00:00,-1.0,-15.582946913053064,0.6826741996233522,U. of Michigan Sentiment,-0.8575793052114389,True,15.582946913053064,0.6826741996233522,14.900272713429711,U. of Michigan Sentiment,All · DTW only,-13.63253469435865,40.348902438334335,-0.3378663078925976,-1.0
2025-01-15 13:30:00+00:00,1.0,55.180515195409896,0.6750151296494576,CPI,0.2327917835171692,True,55.180515195409896,0.6750151296494576,54.50550006576044,CPI,All · DTW only,9.200186668343576,24.86487376014887,0.37000737494548586,1.0
2025-01-16 13:30:00+00:00,-1.0,-6.231464480368487,0.6692513615803563,Retail Sales,-0.0346000004121031,True,6.231464480368487,0.6692513615803563,5.562213118788131,Retail Sales,All · DTW only,-2.556175215612714,12.794920918436791,-0.1997804622558787,-1.0
2025-01-24 15:00:00+00:00,0.0,9.63272512572999,0.649830819907231,U. of Michigan Sentiment,-0.360604682867341,True,0.0,0.0,0.0,U. of Michigan Sentiment,All · DTW only,4.858221878937894,37.21229106079709,0.13055422658606472,0.0
2025-01-28 14:00:00+00:00,0.0,12.256405505368662,0.6466574499397939,FHFA House Price Index MoM,0.0,True,0.0,0.0,0.0,FHFA House Price Index MoM,All · DTW only,0.3617574748162796,9.350437134464677,0.03868883022408456,0.0
2025-01-29 19:00:00+00:00,1.0,-18.52782493298122,0.6451612903225806,FOMC Rate Decision,0.0,True,-18.52782493298122,0.6451612903225806,-19.1729862233038,FOMC Rate Decision,All · DTW only,6.495154112545269,12.559314445848033,0.5171583322123521,1.0
2025-02-03 15:00:00+00:00,-1.0,92.84111005653628,0.6580141586494826,ISM Manufacturing,0.3285179854499119,True,-92.84111005653628,0.6580141586494826,-93.49912421518576,ISM Manufacturing,All · DTW only,-4.857189691230413,22.34032680448344,-0.21741802318915196,-1.0
2025-02-04 15:00:00+00:00,-1.0,9.88009241909893,0.6518318723308608,JOLTS,1.196853989327626,True,-9.88009241909893,0.6518318723308608,-10.53192429142979,JOLTS,All · DTW only,-8.080623661577027,33.42902314355246,-0.24172479186355036,-1.0
2025-02-05 15:00:00+00:00,1.0,17.917539340750466,0.6503262843944116,ISM Services,-0.5541087527484676,True,17.917539340750466,0.6503262843944116,17.267213056356056,ISM Services,All · DTW only,10.033958453551206,33.449554104769675,0.29997286128607714,1.0
2025-02-07 13:30:00+00:00,0.0,25.63732413108255,0.6467007113707824,Employment Report (NFP),-0.2996901978770552,True,0.0,0.0,0.0,Employment Report (NFP),All · DTW only,0.9955155571278067,26.008161010403633,0.03827704529857326,0.0
2025-02-07 15:00:00+00:00,-1.0,-33.02321317780965,0.6450464878330886,U. of Michigan Sentiment,-1.4965950659776912,True,33.02321317780965,0.6450464878330886,32.37816668997656,U. of Michigan Sentiment,All · DTW only,-5.421211207474397,29.507774204396682,-0.18372145489261038,-1.0
2025-02-12 13:30:00+00:00,-1.0,-0.9028530161536708,0.6487986039643832,CPI,-1.189852178331003,True,0.9028530161536708,0.6487986039643832,0.2540544121892876,CPI,All · DTW only,-14.181150054709269,33.47734766641135,-0.42360434870823316,-1.0
2025-02-14 13:30:00+00:00,-1.0,8.271761350684415,0.6486825034670961,Retail Sales,-0.7247486316763638,True,-8.271761350684415,0.6486825034670961,-8.920443854151511,Retail Sales,All · DTW only,-2.305305616086948,9.423093767942486,-0.24464424029501158,-1.0
2025-02-21 15:00:00+00:00,0.0,1.3678019444185452,0.6608331054598486,U. of Michigan Sentiment,-0.8842460210678148,True,0.0,0.0,0.0,U. of Michigan Sentiment,All · DTW only,2.3745374901008507,29.24396054276944,0.08119753432945848,0.0
2025-02-25 14:00:00+00:00,-1.0,2.0629190377441375,0.6646497983131646,FHFA House Price Index MoM,-0.2355228020676789,True,-2.0629190377441375,0.6646497983131646,-2.7275688360573023,FHFA House Price Index MoM,All · DTW only,-3.696063703246267,8.949175395473228,-0.4130060636777609,-1.0
2025-03-03 15:00:00+00:00,1.0,18.21411186123001,0.6594356140709917,ISM Manufacturing,0.3639688655626393,True,18.21411186123001,0.6594356140709917,17.554676247159016,ISM Manufacturing,All · DTW only,8.11155594586843,23.665937546247914,0.3427523600118038,1.0
2025-03-05 15:00:00+00:00,0.0,-41.416646897243226,0.6801604240448437,ISM Services,0.4623938070862627,True,-0.0,0.0,-0.0,ISM Services,All · DTW only,1.7308162735884662,21.86652437147595,0.07915369832831093,0.0
2025-03-07 13:30:00+00:00,1.0,-68.47896181579216,0.6807192150603258,Employment Report (NFP),-0.2240515841887758,True,-68.47896181579216,0.6807192150603258,-69.15968103085248,Employment Report (NFP),All · DTW only,8.785948355397727,26.636763640822736,0.3298429371476885,1.0
2025-03-11 14:00:00+00:00,0.0,-73.00529531184097,0.6955103607060629,JOLTS,-0.4173958516420434,True,-0.0,0.0,-0.0,JOLTS,All · DTW only,1.488599840100484,19.374209855814158,0.07683409290902042,0.0
2025-03-12 12:30:00+00:00,1.0,-42.74276120659337,0.6953769422597352,CPI,0.7784635318901826,True,-42.74276120659337,0.6953769422597352,-43.438138148853106,CPI,All · DTW only,14.856785138693638,26.74359983955627,0.5555267513657257,1.0
2025-03-14 14:00:00+00:00,-1.0,5.349804373384615,0.7034395769659924,U. of Michigan Sentiment,-2.046775047943191,True,-5.349804373384615,0.7034395769659924,-6.053243950350607,U. of Michigan Sentiment,All · DTW only,-18.05198957557729,33.00130759897681,-0.547008312365689,-1.0
2025-03-17 12:30:00+00:00,-1.0,26.337105820957163,0.7021451745678176,Retail Sales,0.050911087260033,True,-26.337105820957163,0.7021451745678176,-27.03925099552498,Retail Sales,All · DTW only,-6.586293016566138,14.237292824515917,-0.46260852380762063,-1.0
2025-03-19 18:00:00+00:00,0.0,,,FOMC Rate Decision,0.0,False,0.0,0.0,0.0,FOMC Rate Decision,All · DTW only,-0.3466640085569344,10.114872035138895,-0.0342727033374846,0.0
2025-03-25 13:00:00+00:00,0.0,-2.559955331111752,0.6748423428664511,FHFA House Price Index MoM,0.2361709122058689,True,-0.0,0.0,-0.0,FHFA House Price Index MoM,All · DTW only,1.658483647724631,11.564223287133737,0.143415048857613,0.0
2025-03-28 14:00:00+00:00,0.0,-41.68745230433757,0.685417159064051,U. of Michigan Sentiment,-0.5443649981427631,True,-0.0,0.0,-0.0,U. of Michigan Sentiment,All · DTW only,3.2461212228090996,41.345516368406706,0.07851204938123724,0.0
2025-04-01 14:00:00+00:00,-1.0,-28.146187840007997,0.6904104371012285,ISM Manufacturing+JOLTS,0.3255554205855685,True,28.146187840007997,0.6904104371012285,27.45577740290677,ISM Manufacturing+JOLTS,All · DTW only,-7.111207473294225,36.227320373348114,-0.19629405100924419,-1.0
2025-04-03 14:00:00+00:00,0.0,-27.05570002584423,0.7053729963758422,ISM Services,-0.9734492133649968,True,-0.0,0.0,-0.0,ISM Services,All · DTW only,-2.0068987139221433,33.152182604629274,-0.06053594533597633,0.0
2025-04-04 12:30:00+00:00,1.0,19.88297389443616,0.7307362797964017,Employment Report (NFP),0.1223000522620952,True,19.88297389443616,0.7307362797964017,19.152237614639755,Employment Report (NFP),All · DTW only,3.339362683000805,16.186244103360806,0.20630868172236705,1.0
2025-04-10 12:30:00+00:00,-1.0,-47.609691199443915,0.7206401272302569,CPI,1.618402676110022,True,47.609691199443915,0.7206401272302569,46.88905107221366,CPI,All · DTW only,-4.903480023127136,22.575994665414576,-0.21719884752803606,-1.0
2025-04-11 14:00:00+00:00,-1.0,-73.16798127268598,0.7272362514732803,U. of Michigan Sentiment,-1.6701118546383291,True,73.16798127268598,0.7272362514732803,72.44074502121269,U. of Michigan Sentiment,All · DTW only,-19.449855901105686,36.23344210339367,-0.536792939671718,-1.0
2025-04-16 12:30:00+00:00,0.0,-16.050376925527132,0.7156606287942352,Retail Sales,0.0281239372900855,True,-0.0,0.0,-0.0,Retail Sales,All · DTW only,0.6855617070734217,8.049140336862042,0.08517204053876491,0.0
2025-04-25 14:00:00+00:00,1.0,-35.51069051200173,0.725,U. of Michigan Sentiment,0.524735107697148,True,-35.51069051200173,0.725,-36.23569051200173,U. of Michigan Sentiment,All · DTW only,5.465466066552775,29.414690643564338,0.1858073617969043,1.0
2025-04-29 13:00:00+00:00,-1.0,-15.099199640893346,0.7171649726735415,FHFA House Price Index MoM,0.4734538804168421,True,15.099199640893346,0.7171649726735415,14.382034668219804,FHFA House Price Index MoM,All · DTW only,-1.3880002377105298,9.677401166829577,-0.14342696079067827,-1.0
2025-04-29 14:00:00+00:00,0.0,-24.487082320678866,0.7161554798241715,JOLTS,0.9232936666600016,True,-0.0,0.0,-0.0,JOLTS,All · DTW only,0.25941753331563555,25.34270397846202,0.010236379414608105,0.0
2025-05-01 14:00:00+00:00,0.0,31.67180935282232,0.7086999022482894,ISM Manufacturing,-0.3113836597681761,True,0.0,0.0,0.0,ISM Manufacturing,All · DTW only,1.9267471602956403,29.815807693892065,0.06462166579811773,0.0
2025-05-02 12:30:00+00:00,1.0,30.78752992482947,0.7064211244275552,Employment Report (NFP),0.2537000601207916,True,30.78752992482947,0.7064211244275552,30.081108800401914,Employment Report (NFP),All · DTW only,9.001269128774645,34.78646321985845,0.2587578125400261,1.0
2025-05-05 14:00:00+00:00,1.0,14.028300764703516,0.7026044821320412,ISM Services,0.6484950760036935,True,14.028300764703516,0.7026044821320412,13.325696282571474,ISM Services,All · DTW only,5.552765144165548,18.92426579490094,0.2934203738388475,1.0
2025-05-07 18:00:00+00:00,-1.0,-22.87272574177379,0.7050471652241563,FOMC Rate Decision,0.0,True,22.87272574177379,0.7050471652241563,22.167678576549637,FOMC Rate Decision,All · DTW only,-3.799807007026173,10.852543077694634,-0.35013056200955917,-1.0
2025-05-13 12:30:00+00:00,-1.0,-21.247470102245813,0.6849153302945136,CPI,0.5760432513396548,True,21.247470102245813,0.6849153302945136,20.5625547719513,CPI,All · DTW only,-6.851160552525474,20.02947969884942,-0.3420538454086271,-1.0
2025-05-15 12:30:00+00:00,1.0,2.8592532778404234,0.6913815711050184,Retail Sales,-0.142707384745476,True,2.8592532778404234,0.6913815711050184,2.167871706735405,Retail Sales,All · DTW only,1.504691400751577,6.9259411597225675,0.2172544302718059,1.0
2025-05-16 14:00:00+00:00,0.0,8.954661735138814,0.6829957607159679,U. of Michigan Sentiment,-1.2089375491239178,True,0.0,0.0,0.0,U. of Michigan Sentiment,All · DTW only,3.094359381074034,21.065987823834487,0.1468888811173152,0.0
2025-05-27 13:00:00+00:00,-1.0,-12.579961545586826,0.6880189798339265,FHFA House Price Index MoM,0.4742569891490832,True,12.579961545586826,0.6880189798339265,11.891942565752899,FHFA House Price Index MoM,All · DTW only,-2.2077155974585665,7.121100846028636,-0.3100244814942884,-1.0
2025-05-30 14:00:00+00:00,1.0,14.188089116569104,0.6871875074050379,U. of Michigan Sentiment,0.8893707051609464,True,14.188089116569104,0.6871875074050379,13.500901609164066,U. of Michigan Sentiment,All · DTW only,13.043364656438317,22.442129531351064,0.5811999542297036,1.0
2025-06-02 14:00:00+00:00,0.0,51.63297414666701,0.6902625377859234,ISM Manufacturing,-0.3922045965264702,True,0.0,0.0,0.0,ISM Manufacturing,All · DTW only,-1.417870969270676,32.4026805872227,-0.04375782940099662,0.0
2025-06-03 14:00:00+00:00,0.0,21.250480229664248,0.6857899590890818,JOLTS,-0.8713049777974989,True,0.0,0.0,0.0,JOLTS,All · DTW only,5.126514824923191,32.059710108480694,0.15990521460039916,0.0
2025-06-04 14:00:00+00:00,0.0,6.098848445006411,0.6800966206233438,ISM Services,-0.974734872182686,True,0.0,0.0,0.0,ISM Services,All · DTW only,2.3779170465301127,30.06124555091438,0.07910241252321573,0.0
2025-06-06 12:30:00+00:00,0.0,16.180664123321975,0.6817273560732504,Employment Report (NFP),-0.2143938808868251,True,0.0,0.0,0.0,Employment Report (NFP),All · DTW only,-2.329814433783767,28.282825582088176,-0.08237558963200849,0.0
2025-06-11 12:30:00+00:00,0.0,-9.770396478270271,0.676890040379992,CPI,0.9506292676136467,True,-0.0,0.0,-0.0,CPI,All · DTW only,4.709476989203568,33.14749392825005,0.14207641155007206,0.0
2025-06-13 14:00:00+00:00,0.0,-23.86269457581136,0.6845919595854677,U. of Michigan Sentiment,1.8509034633116452,True,-0.0,0.0,-0.0,U. of Michigan Sentiment,All · DTW only,-0.432770686789928,28.77335792151301,-0.015040673666605935,0.0
2025-06-17 12:30:00+00:00,-1.0,,,Retail Sales,-0.2585694143348537,False,-0.0,0.0,-0.0,Retail Sales,All · DTW only,-4.865646236722403,12.62871529599249,-0.38528433990957367,-1.0
2025-06-18 18:00:00+00:00,0.0,,,FOMC Rate Decision,0.0,False,0.0,0.0,0.0,FOMC Rate Decision,All · DTW only,-1.1826430928232612,8.498859758925398,-0.13915314834807857,0.0
2025-06-24 13:00:00+00:00,1.0,2.084274159077637,0.6717005605225367,FHFA House Price Index MoM,0.9501215042141444,True,2.084274159077637,0.6717005605225367,1.4125735985551002,FHFA House Price Index MoM,All · DTW only,1.7620815173105708,8.496972392976346,0.2073775735422089,1.0
2025-06-27 14:00:00+00:00,0.0,4.544938153454581,0.6597656694346491,U. of Michigan Sentiment,0.3870321965440912,True,0.0,0.0,0.0,U. of Michigan Sentiment,All · DTW only,3.3637071469776503,18.513388463641736,0.18169051838260739,0.0
2025-07-01 14:00:00+00:00,0.0,29.40353389416117,0.6519784172661871,ISM Manufacturing+JOLTS,-0.6935702435934467,True,0.0,0.0,0.0,ISM Manufacturing+JOLTS,All · DTW only,-3.6552735617425136,31.58256610966353,-0.11573706674278392,0.0
2025-07-03 12:30:00+00:00,-1.0,,,Employment Report (NFP),-0.0919240510168998,False,-0.0,0.0,-0.0,Employment Report (NFP),All · DTW only,-3.7432266406976664,14.120173687750256,-0.2650977759533543,-1.0
2025-07-03 14:00:00+00:00,0.0,,,ISM Services,0.1391494614362207,False,0.0,0.0,0.0,ISM Services,All · DTW only,1.4247341599298673,18.73461381080362,0.0760482267912174,0.0
2025-07-15 12:30:00+00:00,-1.0,-13.431234110825583,0.649859943977591,CPI,0.0644818690751983,True,13.431234110825583,0.649859943977591,12.781374166847993,CPI,All · DTW only,-7.1916581618712065,16.980382791021892,-0.42352744637027157,-1.0
2025-07-17 12:30:00+00:00,1.0,14.626300691453764,0.6534916736147104,Retail Sales,0.27689300869802,True,14.626300691453764,0.6534916736147104,13.972809017839054,Retail Sales,All · DTW only,4.740868527471572,17.990630283044833,0.26351875686865606,1.0
2025-07-18 14:00:00+00:00,-1.0,-27.591174874217472,0.6500784577449001,U. of Michigan Sentiment,0.9506944944696216,True,27.591174874217472,0.6500784577449001,26.941096416472572,U. of Michigan Sentiment,All · DTW only,-5.854299454265288,21.980921264139056,-0.266335490852075,-1.0
2025-07-29 13:00:00+00:00,0.0,0.6661263644147652,0.6439578984767065,FHFA House Price Index MoM,0.0,True,0.0,0.0,0.0,FHFA House Price Index MoM,All · DTW only,-0.2691755593445249,9.394194425291984,-0.028653394549704416,0.0
2025-07-29 14:00:00+00:00,-1.0,0.6669112010193601,0.6449030421633161,JOLTS,0.1887993111058416,True,-0.6669112010193601,0.6449030421633161,-1.3118142431826763,JOLTS,All · DTW only,-14.711009365672227,23.578523458391594,-0.6239156320213334,-1.0
2025-07-30 18:00:00+00:00,-1.0,3.122212335799901,0.6470758863823994,FOMC Rate Decision,0.0,True,-3.122212335799901,0.6470758863823994,-3.7692882221823005,FOMC Rate Decision,All · DTW only,-7.70804346118814,20.90127067561968,-0.3687834859810317,-1.0
2025-08-01 12:30:00+00:00,0.0,6.835893261687431,0.6598407281001138,Employment Report (NFP),-0.0014816984050695,True,0.0,0.0,0.0,Employment Report (NFP),All · DTW only,4.612540032192525,30.80158421899693,0.14975009075499868,0.0
2025-08-01 14:00:00+00:00,0.0,45.39314060124866,0.6650765984772039,ISM Manufacturing+U. of Michigan Sentiment,-0.3136860339760812,True,0.0,0.0,0.0,ISM Manufacturing+U. of Michigan Sentiment,All · DTW only,-2.045794993964295,25.196979958694342,-0.08119207132434074,0.0
2025-08-05 14:00:00+00:00,1.0,-14.701727273411793,0.6546570951284483,ISM Services,-0.6511167583061719,True,-14.701727273411793,0.6546570951284483,-15.35638436854024,ISM Services,All · DTW only,7.302889068328998,30.178481247462486,0.24198994669233234,1.0
2025-08-12 12:30:00+00:00,0.0,11.289996005832135,0.6573727756998753,CPI,0.1025946970753493,True,0.0,0.0,0.0,CPI,All · DTW only,1.746396463035802,25.42179337480857,0.06869682391354708,0.0
2025-08-15 12:30:00+00:00,-1.0,2.4307512245869134,0.6410823238128923,Retail Sales,-0.027395456254454,True,-2.4307512245869134,0.6410823238128923,-3.071833548399806,Retail Sales,All · DTW only,-8.302048037431856,17.5819442607955,-0.47219169360830565,-1.0
2025-08-15 14:00:00+00:00,-1.0,-10.429265016504983,0.6425311295254131,U. of Michigan Sentiment,-1.56265149024656,True,10.429265016504983,0.6425311295254131,9.78673388697957,U. of Michigan Sentiment,All · DTW only,-11.768260177698027,27.49830206812866,-0.427963157453921,-1.0
2025-08-26 13:00:00+00:00,1.0,-1.103448276982277,0.6400070621468926,FHFA House Price Index MoM,0.2380444118759815,True,-1.103448276982277,0.6400070621468926,-1.7434553391291696,FHFA House Price Index MoM,All · DTW only,5.280529549803098,8.560140393923332,0.6168741757496918,1.0
2025-08-29 14:00:00+00:00,1.0,-19.098847800993468,0.6362439666520403,U. of Michigan Sentiment,0.5469179170924701,True,-19.098847800993468,0.6362439666520403,-19.735091767645507,U. of Michigan Sentiment,All · DTW only,12.591817198278719,29.116282809906554,0.43246650956400473,1.0
2025-09-02 14:00:00+00:00,-1.0,-6.61974030661483,0.6405442417281442,ISM Manufacturing,-0.1424221086103491,True,6.61974030661483,0.6405442417281442,5.979196064886685,ISM Manufacturing,All · DTW only,-6.226587071583308,32.65877863951755,-0.19065584602263894,-1.0
2025-09-03 14:00:00+00:00,0.0,2.434301533469352,0.6420190391853,JOLTS,0.5978599515841808,True,0.0,0.0,0.0,JOLTS,All · DTW only,1.2079706005987692,33.846409697408895,0.03568977068463616,0.0
2025-09-04 14:00:00+00:00,1.0,-1.982182389301812,0.6388790976383504,ISM Services,0.4655421871175034,True,-1.982182389301812,0.6388790976383504,-2.6210614869401625,ISM Services,All · DTW only,5.217822022674473,24.339521414787725,0.21437652506611457,1.0
2025-09-05 12:30:00+00:00,-1.0,32.003534549343016,0.636467386533228,Employment Report (NFP),-0.0436924868887427,True,-32.003534549343016,0.636467386533228,-32.64000193587624,Employment Report (NFP),All · DTW only,-3.909375416590817,21.027373144927996,-0.18591839264210688,-1.0
2025-09-11 12:30:00+00:00,1.0,1.9705512133505465,0.6354771556919031,CPI,-0.244939793035148,True,1.9705512133505465,0.6354771556919031,1.3350740576586433,CPI,All · DTW only,9.281011225923457,13.708011801632859,0.6770501339091297,1.0
2025-09-12 14:00:00+00:00,1.0,-13.0378114948293,0.6294905467885129,U. of Michigan Sentiment,-1.0531392396291432,True,-13.0378114948293,0.6294905467885129,-13.667302041617814,U. of Michigan Sentiment,All · DTW only,2.9359317731070615,12.778989960214393,0.22974677828589557,1.0
2025-09-16 12:30:00+00:00,0.0,,,Retail Sales,0.3016514300003414,False,0.0,0.0,0.0,Retail Sales,All · DTW only,-0.18801694491384113,11.020095326212225,-0.01706128117300646,0.0
2025-09-17 18:00:00+00:00,0.0,,,FOMC Rate Decision,0.0,False,0.0,0.0,0.0,FOMC Rate Decision,All · DTW only,-0.7675418434980008,9.758428271215752,-0.07865424863161664,0.0
2025-09-26 14:00:00+00:00,0.0,-51.36316805526064,0.6217438843985164,U. of Michigan Sentiment,0.2051989586470638,True,-0.0,0.0,-0.0,U. of Michigan Sentiment,All · DTW only,-0.06729495774104288,25.395503979789392,-0.0026498768362541066,0.0
2025-09-30 13:00:00+00:00,1.0,3.4365737698038856,0.6229057479164877,FHFA House Price Index MoM,-0.2385957507830114,True,3.4365737698038856,0.6229057479164877,2.813668021887398,FHFA House Price Index MoM,All · DTW only,1.8473988360944986,9.125322911026508,0.20244750285627805,1.0
2025-09-30 14:00:00+00:00,-1.0,-19.73741308390231,0.6216239389522421,JOLTS,-0.0811867080847369,True,19.73741308390231,0.6216239389522421,19.115789144950067,JOLTS,All · DTW only,-6.535957239314836,22.37644545342884,-0.2920909513049269,-1.0
2025-10-01 14:00:00+00:00,-1.0,16.726356482550386,0.6226115333419211,ISM Manufacturing,-0.0572338901897926,True,-16.726356482550386,0.6226115333419211,-17.348968015892307,ISM Manufacturing,All · DTW only,-7.185701995901276,14.138582162292897,-0.5082335635510392,-1.0
2025-10-03 14:00:00+00:00,1.0,32.26767967683841,0.6167719432569813,ISM Services,-0.7933136743995304,True,32.26767967683841,0.6167719432569813,31.65090773358143,ISM Services,All · DTW only,4.03795711829828,21.72481910085751,0.1858683885721698,1.0
2025-10-10 14:00:00+00:00,0.0,-1.2833401082801288,0.6202677845745819,U. of Michigan Sentiment,0.1647981318716983,True,-0.0,0.0,-0.0,U. of Michigan Sentiment,All · DTW only,-0.5990344222936599,23.7461508304091,-0.02522659047236161,0.0
2025-10-24 12:30:00+00:00,0.0,-18.236184786228904,0.6171394522355345,CPI,0.7878861410131068,True,-0.0,0.0,-0.0,CPI,All · DTW only,3.757489850312398,31.721321073910737,0.11845313256523711,0.0
2025-10-24 14:00:00+00:00,-1.0,-10.35754766702368,0.6128616412012088,U. of Michigan Sentiment,-0.4360548216792228,True,10.35754766702368,0.6128616412012088,9.744686025822471,U. of Michigan Sentiment,All · DTW only,-3.357273121885927,17.673387481869394,-0.1899620616211835,-1.0
2025-10-28 13:00:00+00:00,0.0,23.542903733240195,0.6050490298351763,FHFA House Price Index MoM,-1.0789070265965162,True,0.0,0.0,0.0,FHFA House Price Index MoM,All · DTW only,0.12028309261833893,14.509666742696007,0.008289859081628322,0.0
2025-10-29 18:00:00+00:00,0.0,-6.45665213786728,0.6042170180848404,FOMC Rate Decision,0.0,True,-0.0,0.0,-0.0,FOMC Rate Decision,All · DTW only,3.1304577151247797,21.785027348198735,0.14369767203361428,0.0
2025-11-03 15:00:00+00:00,-1.0,-38.3999121530465,0.6102436766129371,ISM Manufacturing,-0.7309139671703577,True,38.3999121530465,0.6102436766129371,37.78966847643356,ISM Manufacturing,All · DTW only,-3.7769752577030067,23.60394253979361,-0.16001459295774206,-1.0
2025-11-05 15:00:00+00:00,0.0,-1.2686062263256304,0.6124992079751621,ISM Services,0.7468984094152175,True,-0.0,0.0,-0.0,ISM Services,All · DTW only,3.4569072713029176,24.227093938223806,0.14268765705526293,0.0
2025-11-07 15:00:00+00:00,1.0,4.691832033163479,0.6181918952910831,U. of Michigan Sentiment,-0.402726655518658,True,4.691832033163479,0.6181918952910831,4.073640137872395,U. of Michigan Sentiment,All · DTW only,5.500228176504024,21.89853225159968,0.2511688049824542,1.0
2025-11-17 15:00:00+00:00,0.0,3.811459835247888,0.6145630244977537,ISM Manufacturing,0.3108101856061852,True,0.0,0.0,0.0,ISM Manufacturing,All · DTW only,-0.8145996717097321,24.070144993973738,-0.03384274053661402,0.0
2025-11-20 13:30:00+00:00,0.0,25.748324492571584,0.624246598932323,Employment Report (NFP),0.0556114252710208,True,0.0,0.0,0.0,Employment Report (NFP),All · DTW only,-2.316897810992087,22.26864019274782,-0.10404307541628095,0.0
2025-11-21 15:00:00+00:00,0.0,4.562589022469865,0.6310933147632313,U. of Michigan Sentiment,0.6095992833172718,True,0.0,0.0,0.0,U. of Michigan Sentiment,All · DTW only,-1.4652064834974245,32.669324450665094,-0.04484961070162549,0.0
2025-11-25 13:30:00+00:00,0.0,-5.369934938048715,0.622945889631173,Retail Sales,-0.1757199303429791,True,-0.0,0.0,-0.0,Retail Sales,All · DTW only,-0.23739268241052858,12.063252794506885,-0.01967899425258066,0.0
2025-11-25 14:00:00+00:00,-1.0,15.027266577813949,0.6230797327202802,FHFA House Price Index MoM,0.4785879183452772,True,-15.027266577813949,0.6230797327202802,-15.650346310534228,FHFA House Price Index MoM,All · DTW only,-5.729561929517553,12.503955359283365,-0.45821996039547036,-1.0
2025-12-01 15:00:00+00:00,0.0,-55.71162171250421,0.6081449482028268,ISM Manufacturing,-0.1309420904523225,True,-0.0,0.0,-0.0,ISM Manufacturing,All · DTW only,-2.109718393374859,23.395623625349177,-0.0901757707834288,0.0
2025-12-03 15:00:00+00:00,0.0,19.09538828705593,0.6093845216331505,ISM Services,0.2805540239291464,True,0.0,0.0,0.0,ISM Services,All · DTW only,3.8290336913847973,23.436042224519824,0.16338226628464994,0.0
2025-12-05 15:00:00+00:00,0.0,4.365405272466205,0.6031739428856674,U. of Michigan Sentiment,0.5534880802563135,True,0.0,0.0,0.0,U. of Michigan Sentiment,All · DTW only,-0.6229539809253686,27.12655548594602,-0.022964728464994914,0.0
2025-12-09 15:00:00+00:00,-1.0,-9.395259217299667,0.6047588263508018,JOLTS,-1.6678048616684846,True,9.395259217299667,0.6047588263508018,8.790500390948866,JOLTS,All · DTW only,-10.242579414960275,23.348457222013284,-0.4386833492922785,-1.0
2025-12-10 19:00:00+00:00,0.0,-7.100493156055876,0.606872305696229,FOMC Rate Decision,0.0,True,-0.0,0.0,-0.0,FOMC Rate Decision,All · DTW only,1.4935596753527927,29.912842360057876,0.04993038298985315,0.0
2025-12-16 13:30:00+00:00,0.0,,,Employment Report (NFP)+Retail Sales,0.1917612793579974,False,0.0,0.0,0.0,Employment Report (NFP)+Retail Sales,All · DTW only,-1.2430821520400643,12.428095492744191,-0.10002193439580541,0.0
2025-12-18 13:30:00+00:00,1.0,,,CPI,3.36314522542601,False,0.0,0.0,0.0,CPI,All · DTW only,2.3312558480841186,8.724521626429448,0.26720729776426677,1.0
2025-12-19 15:00:00+00:00,0.0,,,U. of Michigan Sentiment,-0.1575394409037782,False,0.0,0.0,0.0,U. of Michigan Sentiment,All · DTW only,1.8088979983938005,22.26449111167467,0.08124587215223984,0.0
2025-12-30 14:00:00+00:00,1.0,3.692459219770683,0.5950304696637052,FHFA House Price Index MoM,-0.7190617030178846,True,3.692459219770683,0.5950304696637052,3.0974287501069777,FHFA House Price Index MoM,All · DTW only,3.4835952612762995,14.226914698318737,0.24485950293129774,1.0
2026-01-05 15:00:00+00:00,0.0,36.5735128095146,0.5899584994710717,ISM Manufacturing,-0.1404627230991095,True,0.0,0.0,0.0,ISM Manufacturing,All · DTW only,1.6366883863418549,24.059419933798985,0.06802692628688914,0.0
2026-01-07 15:00:00+00:00,-1.0,-19.990112563963436,0.5844417573559049,ISM Services+JOLTS,1.2696164133328065,True,19.990112563963436,0.5844417573559049,19.40567080660753,ISM Services+JOLTS,All · DTW only,-7.455951476261155,28.112867304016415,-0.26521490659887054,-1.0
2026-01-09 13:30:00+00:00,0.0,9.875349714754122,0.5850430712743852,Employment Report (NFP),-0.1603348236710877,True,0.0,0.0,0.0,Employment Report (NFP),All · DTW only,0.46300938279738896,11.573370667112759,0.04000644203966356,0.0
2026-01-09 15:00:00+00:00,1.0,14.507941611352493,0.5847835292694239,U. of Michigan Sentiment,-0.111581256913749,True,14.507941611352493,0.5847835292694239,13.923158082083068,U. of Michigan Sentiment,All · DTW only,6.38480769823035,11.491746711709528,0.5555994104642547,1.0
2026-01-13 13:30:00+00:00,1.0,-18.268511981620605,0.5836419256158428,CPI,0.4535632684287407,True,-18.268511981620605,0.5836419256158428,-18.85215390723645,CPI,All · DTW only,7.032386270162948,26.838376684798455,0.2620272586808936,1.0
2026-01-14 13:30:00+00:00,-1.0,-5.075987642353397,0.5884143248452877,PPI+Retail Sales,-0.2351874943541257,True,5.075987642353397,0.5884143248452877,4.487573317508109,PPI+Retail Sales,All · DTW only,-2.200574326608838,9.354572563709029,-0.23524049993967058,-1.0
2026-01-21 15:00:00+00:00,-1.0,15.904413767877656,0.5920058792308006,ISM Manufacturing,0.4152235226372847,True,-15.904413767877656,0.5920058792308006,-16.496419647108457,ISM Manufacturing,All · DTW only,-9.544524866681604,26.61831147005471,-0.3585698843977794,-1.0
2026-01-23 15:00:00+00:00,0.0,-11.565738300625128,0.5881875709881551,U. of Michigan Sentiment,0.6544798563332821,True,-0.0,0.0,-0.0,U. of Michigan Sentiment,All · DTW only,-1.795436413924285,25.110994340811565,-0.07150001268592768,0.0
2026-01-28 19:00:00+00:00,0.0,-14.662460625043394,0.5904269397560926,FOMC Rate Decision,0.0,True,-0.0,0.0,-0.0,FOMC Rate Decision,All · DTW only,-0.65172967186913,20.195796340367362,-0.03227056070903491,0.0
2026-01-30 13:30:00+00:00,-1.0,-4.29320555715762,0.5923323597295697,PPI,-0.9705075034791948,True,4.29320555715762,0.5923323597295697,3.7008731974280504,PPI,All · DTW only,-5.598105049776912,16.461013435565295,-0.3400826487196573,-1.0
2026-02-02 15:00:00+00:00,1.0,37.775746615640315,0.5892632177835575,ISM Manufacturing,1.268226978928238,True,37.775746615640315,0.5892632177835575,37.186483397856755,ISM Manufacturing,All · DTW only,5.998194266597791,19.025264756085424,0.3152752060745545,1.0
2026-02-04 15:00:00+00:00,1.0,60.32561748062548,0.58637981235846,ISM Services,0.1407176251675325,True,60.32561748062548,0.58637981235846,59.73923766826702,ISM Services,All · DTW only,14.092207390642002,29.24722043327909,0.4818306554221172,1.0
2026-02-05 15:00:00+00:00,1.0,-50.29484950672014,0.5882114315849255,JOLTS,2.1153999179618577,True,-50.29484950672014,0.5882114315849255,-50.883060938305064,JOLTS,All · DTW only,5.83898423036791,15.491974288300938,0.37690381624098945,1.0
2026-02-06 15:00:00+00:00,0.0,6.830052495327976,0.5832545604472958,U. of Michigan Sentiment,0.5690686861415758,True,0.0,0.0,0.0,U. of Michigan Sentiment,All · DTW only,3.224022245771832,24.697168633819974,0.13054218050553773,0.0
2026-02-10 13:30:00+00:00,-1.0,8.768434200696618,0.5778734257930814,Retail Sales,-0.3865537699737626,True,-8.768434200696618,0.5778734257930814,-9.346307626489699,Retail Sales,All · DTW only,-3.1212415832154625,12.704638887011937,-0.24567731605550278,-1.0
2026-02-11 13:30:00+00:00,0.0,27.542495243455537,0.5758995948844229,Employment Report (NFP),0.213944847370512,True,0.0,0.0,0.0,Employment Report (NFP),All · DTW only,0.1436656467382207,12.605145287081537,0.01139738126505034,0.0
2026-02-13 13:30:00+00:00,0.0,-4.843103716893893,0.5863916691942169,CPI,0.422053010643054,True,-0.0,0.0,-0.0,CPI,All · DTW only,-0.36702888131782496,16.848818387639465,-0.02178365704191355,0.0
2026-02-20 15:00:00+00:00,-1.0,26.463325377559244,0.5869732421163422,U. of Michigan Sentiment,0.0518455382328269,True,-26.463325377559244,0.5869732421163422,-27.050298619675587,U. of Michigan Sentiment,All · DTW only,-10.032392054763749,40.64617155155458,-0.24682255847980455,-1.0
2026-02-27 13:30:00+00:00,0.0,8.56915564646954,0.591257543630729,PPI,-0.9035255951697488,True,0.0,0.0,0.0,PPI,All · DTW only,0.035521392698139864,15.173147703091422,0.0023410694598921377,0.0
2026-02-27 15:00:00+00:00,-1.0,29.309606036225233,0.5952380952380952,ISM Manufacturing,0.1039757589489705,True,-29.309606036225233,0.5952380952380952,-29.904844131463328,ISM Manufacturing,All · DTW only,-11.05342876280031,23.567774300063288,-0.4690060513168877,-1.0
2026-03-02 15:00:00+00:00,0.0,30.5544116062606,0.595164799080573,ISM Manufacturing,-0.8869698522359512,True,0.0,0.0,0.0,ISM Manufacturing,All · DTW only,2.371271110855723,25.644337514339565,0.0924676299214116,0.0
2026-03-04 15:00:00+00:00,0.0,52.11764915856065,0.5971993410214168,ISM Services,1.222724377101921,True,0.0,0.0,0.0,ISM Services,All · DTW only,0.5696642802043222,13.520896607926904,0.04213213788428386,0.0
2026-03-06 13:30:00+00:00,-1.0,-46.16122440461723,0.6074061662198391,Employment Report (NFP)+Retail Sales,-0.2108742649003906,True,46.16122440461723,0.6074061662198391,45.55381823839739,Employment Report (NFP)+Retail Sales,All · DTW only,-22.463406423659933,28.971265878836345,-0.7753684812257224,-1.0
2026-03-11 12:30:00+00:00,0.0,-31.074183062749228,0.6080429404117919,CPI,0.051943009100903,True,-0.0,0.0,-0.0,CPI,All · DTW only,-0.9524603536117334,21.366977905071202,-0.04457627830399348,0.0
2026-03-13 14:00:00+00:00,1.0,-26.4037800055128,0.6171394522355345,JOLTS+U. of Michigan Sentiment,-0.0031023015152904,True,-26.4037800055128,0.6171394522355345,-27.020919457748334,JOLTS+U. of Michigan Sentiment,All · DTW only,4.38849935820393,20.05714204422853,0.21879983441941703,1.0
2026-03-18 12:30:00+00:00,-1.0,,,PPI,-0.905116608222459,False,-0.0,0.0,-0.0,PPI,All · DTW only,-2.871599161539009,13.405685462398818,-0.214207559142982,-1.0
2026-03-18 18:00:00+00:00,0.0,,,FOMC Rate Decision,0.0,False,0.0,0.0,0.0,FOMC Rate Decision,All · DTW only,0.2144824807255491,15.570416926314472,0.013774999201406565,0.0
2026-03-23 14:00:00+00:00,1.0,-1.281613125474479,0.6194331119037956,ISM Manufacturing,-0.4168989663635654,True,-1.281613125474479,0.6194331119037956,-1.9010462373782744,ISM Manufacturing,All · DTW only,4.311406474634884,25.29726877248402,0.1704297216197673,1.0
2026-03-27 14:00:00+00:00,-1.0,-4.805906988973874,0.6338936370193885,U. of Michigan Sentiment,0.1773741599864908,True,4.805906988973874,0.6338936370193885,4.172013351954485,U. of Michigan Sentiment,All · DTW only,-8.692523279826139,31.571991886507693,-0.2753238791861242,-1.0
2026-03-31 14:00:00+00:00,0.0,-18.015089792733363,0.6289308176100629,JOLTS,0.0236451695070799,True,-0.0,0.0,-0.0,JOLTS,All · DTW only,-2.7983129131565825,34.80486289237504,-0.08040005564192668,0.0
2026-04-01 12:30:00+00:00,-1.0,-20.295899719187105,0.6189439535578606,Retail Sales,0.135812637569315,True,20.295899719187105,0.6189439535578606,19.676955765629245,Retail Sales,All · DTW only,-8.633009713934278,26.37591425765739,-0.3273065581576178,-1.0
2026-04-01 14:00:00+00:00,0.0,-1.921578262198409,0.6187722704674932,ISM Manufacturing,-0.348696867086986,True,-0.0,0.0,-0.0,ISM Manufacturing,All · DTW only,3.7080781759597574,22.616362207126038,0.16395555315219545,0.0
2026-04-03 12:30:00+00:00,-1.0,,,Employment Report (NFP),0.0074519053871673,False,-0.0,0.0,-0.0,Employment Report (NFP),All · DTW only,-2.6831864601311035,12.682501155174858,-0.2115660331744799,-1.0
2026-04-06 14:00:00+00:00,1.0,16.86683079347162,0.6194066511459023,ISM Services,-0.3995840674723146,True,16.86683079347162,0.6194066511459023,16.24742414232572,ISM Services,All · DTW only,4.087811827867669,17.609343152773867,0.23213880224849537,1.0
2026-04-10 12:30:00+00:00,1.0,-8.671594877949218,0.5989879169678819,CPI,0.7460995267174582,True,-8.671594877949218,0.5989879169678819,-9.2705827949171,CPI,All · DTW only,3.394047201607893,14.812783344827226,0.22912960532789597,1.0
2026-04-10 14:00:00+00:00,0.0,22.165379309129207,0.600998901622697,U. of Michigan Sentiment,-0.982116189214137,True,0.0,0.0,0.0,U. of Michigan Sentiment,All · DTW only,-1.6698614180800266,23.222208325998686,-0.0719079509854588,0.0
2026-04-14 12:30:00+00:00,0.0,2.682541827638829,0.5983823043908881,PPI,1.2698279428023478,True,0.0,0.0,0.0,PPI,All · DTW only,1.4561223595649215,21.089158742547177,0.06904601446368785,0.0
2026-04-21 12:30:00+00:00,1.0,-9.21862226851644,0.5808364044223682,Retail Sales,0.3715447344904067,True,-9.21862226851644,0.5808364044223682,-9.799458672938808,Retail Sales,All · DTW only,9.001703696284814,17.847918866803415,0.5043559287479566,1.0
2026-04-24 14:00:00+00:00,0.0,6.695953256770082,0.5881040741416722,U. of Michigan Sentiment,0.1292647090303701,True,0.0,0.0,0.0,U. of Michigan Sentiment,All · DTW only,-2.3836409102708576,20.460791760156823,-0.11649798004945768,0.0
2026-04-29 18:00:00+00:00,0.0,-9.195402946780009,0.5919575423555827,FOMC Rate Decision,0.0,True,-0.0,0.0,-0.0,FOMC Rate Decision,All · DTW only,-1.4046191561554027,25.49526677643446,-0.055093330400202235,0.0
2026-05-01 14:00:00+00:00,-1.0,-11.185460069640383,0.5792122713110169,ISM Manufacturing,-0.617866536975998,True,11.185460069640383,0.5792122713110169,10.606247798329367,ISM Manufacturing,All · DTW only,-7.642484163515066,41.35186472016168,-0.18481595002386594,-1.0
2026-05-05 14:00:00+00:00,1.0,10.13664280122839,0.5882830249918858,ISM Services+JOLTS,-0.0472582992908579,True,10.13664280122839,0.5882830249918858,9.548359776236504,ISM Services+JOLTS,All · DTW only,6.632564875803816,25.54348666381861,0.25965777354892566,1.0
2026-05-07 14:00:00+00:00,-1.0,-31.05685896890975,0.580092814850376,ISM Manufacturing,0.3657007435482061,True,31.05685896890975,0.580092814850376,30.476766154059376,ISM Manufacturing,All · DTW only,-7.77049793825669,16.038908835827485,-0.48447796653716635,-1.0
2026-05-08 12:30:00+00:00,1.0,-5.815411002618731,0.5815119310206537,Employment Report (NFP),0.1411894213215493,True,-5.815411002618731,0.5815119310206537,-6.3969229336393845,Employment Report (NFP),All · DTW only,2.3813991292627312,7.264632370339171,0.32780724582647375,1.0
2026-05-08 14:00:00+00:00,1.0,13.054701043646588,0.5823994858818331,U. of Michigan Sentiment,-0.0162164560236857,True,13.054701043646588,0.5823994858818331,12.472301557764755,U. of Michigan Sentiment,All · DTW only,5.1062143259128,22.20737203472679,0.22993329953350422,1.0
2026-05-12 12:30:00+00:00,0.0,15.266258514028408,0.5828559943724249,CPI,-0.6364808779246304,True,0.0,0.0,0.0,CPI,All · DTW only,1.013452000936997,10.873596512409765,0.09320301703124347,0.0
2026-05-13 12:30:00+00:00,-1.0,-1.0075871319514818,0.583336685843022,PPI,-2.4174972817531666,True,1.0075871319514818,0.583336685843022,0.42425044610845974,PPI,All · DTW only,-6.405473105382008,17.316197264264,-0.36991222770378057,-1.0
2026-05-14 12:30:00+00:00,0.0,9.359474163073145,0.5777237683526903,Retail Sales,0.077148759017881,True,0.0,0.0,0.0,Retail Sales,All · DTW only,3.0696062399083788,28.387161398512408,0.10813361000826371,0.0
2026-05-22 14:00:00+00:00,1.0,-6.5094537316490175,0.5712372210294089,U. of Michigan Sentiment,-1.3036979747570476,True,-6.5094537316490175,0.5712372210294089,-7.0806909526784265,U. of Michigan Sentiment,All · DTW only,11.503197750775785,13.76933433586558,0.8354214859038545,1.0
2026-06-01 14:00:00+00:00,-1.0,-15.29832016876398,0.5682931608857534,ISM Manufacturing,0.4802999848660721,True,15.29832016876398,0.5682931608857534,14.730027007878226,ISM Manufacturing,All · DTW only,-6.411578534242509,36.94444115572558,-0.1735465020899052,-1.0
2026-06-02 14:00:00+00:00,1.0,10.392871034401452,0.5688058998901616,JOLTS,-2.2352720103720944,True,10.392871034401452,0.5688058998901616,9.82406513451129,JOLTS,All · DTW only,6.042037618490649,22.17056733739506,0.27252516936269616,1.0
2026-06-03 14:00:00+00:00,1.0,-15.669072463175835,0.5677257688768818,ISM Services,0.33046852418755,True,-15.669072463175835,0.5677257688768818,-16.236798232052717,ISM Services,All · DTW only,6.230589636112006,30.65051235846525,0.203278482370661,1.0
2026-06-05 12:30:00+00:00,1.0,4.256389485188805,0.5609284332688588,Employment Report (NFP),0.0258653500459686,True,4.256389485188805,0.5609284332688588,3.6954610519199464,Employment Report (NFP),All · DTW only,5.960431934024704,13.00224993431697,0.45841542534060015,1.0
2026-06-10 12:30:00+00:00,1.0,12.047361406555268,0.5733718217406777,CPI,0.2410948932308557,True,12.047361406555268,0.5733718217406777,11.473989584814591,CPI,All · DTW only,5.5196526354044595,11.640664906184933,0.47416987602415656,1.0
2026-06-11 12:30:00+00:00,0.0,9.952230120813256,0.5775971956660293,PPI,-0.3898603740662698,True,0.0,0.0,0.0,PPI,All · DTW only,-2.0892190651789226,21.15957346240232,-0.09873635065901401,0.0
2026-06-12 14:00:00+00:00,0.0,13.321841951405844,0.5695096325680956,U. of Michigan Sentiment,1.1413658435568907,True,0.0,0.0,0.0,U. of Michigan Sentiment,All · DTW only,0.22933670439382214,10.761355828834628,0.0213111347716357,0.0
2026-06-17 12:30:00+00:00,0.0,,,Retail Sales,0.2542769838457484,False,0.0,0.0,0.0,Retail Sales,All · DTW only,0.675906526732068,11.195894183400746,0.060370928454663346,0.0
2026-06-17 18:00:00+00:00,0.0,,,FOMC Rate Decision,0.0,False,0.0,0.0,0.0,FOMC Rate Decision,All · DTW only,-2.0193167453729832,14.066899521962501,-0.14355094683233113,0.0
2026-06-26 14:00:00+00:00,-1.0,37.099407655549754,0.5555874858708355,U. of Michigan Sentiment,-0.0741536954016894,True,-37.099407655549754,0.5555874858708355,-37.65499514142059,U. of Michigan Sentiment,All · DTW only,-7.5187560171728824,35.20742778469703,-0.2135559593603973,-1.0
2019-01-03 15:00:00+00:00,-1.0,-56.86804477123886,1.260979215583964,ISM Manufacturing,-1.3343215472866703,True,56.86804477123886,1.260979215583964,55.60706555565489,ISM Manufacturing,All · surprise + DTW agree,-3.3609906412171893,13.738738534162188,-0.24463604375757547,-1.0
2019-01-04 13:30:00+00:00,0.0,32.74897584478964,1.2638368343066329,Employment Report (NFP),0.6625166444532855,True,0.0,0.0,0.0,Employment Report (NFP),All · surprise + DTW agree,-3.7731333307663464,13.07961083509169,-0.28847443386031724,-1.0
2019-01-07 15:00:00+00:00,0.0,18.405569668953348,1.2411726942007275,ISM Services,-0.5210478309027367,True,0.0,0.0,0.0,ISM Services,All · surprise + DTW agree,3.955353871318737,10.676481134862739,0.37047355035387214,1.0
2019-01-08 15:00:00+00:00,0.0,-46.397923627861104,1.2214126268795011,JOLTS,0.9583408947660512,True,-0.0,0.0,-0.0,JOLTS,All · surprise + DTW agree,-4.887456316542458,20.484427125412456,-0.23859375156648657,-1.0
2019-01-29 14:00:00+00:00,-1.0,-15.493764821741252,1.1814552269208831,Case-Shiller 20-City,-0.1129788487261893,True,15.493764821741252,1.1814552269208831,14.312309594820368,Case-Shiller 20-City,All · surprise + DTW agree,-1.0420546588775559,4.439548791986962,-0.2347208483795432,-1.0
2019-01-30 15:00:00+00:00,-1.0,17.348157579473167,1.1709129083054064,Pending Home Sales MoM,-0.6933623791751943,True,-17.348157579473167,1.1709129083054064,-18.519070487778574,Pending Home Sales MoM,All · surprise + DTW agree,-5.608142436529744,13.318991342002207,-0.4210635995268008,-1.0
2019-02-01 13:30:00+00:00,0.0,18.781599558828077,1.1619520794935492,Employment Report (NFP),0.8687741470886851,True,0.0,0.0,0.0,Employment Report (NFP),All · surprise + DTW agree,-1.0300316602277566,13.807323731667815,-0.07460038456730941,0.0
2019-02-01 15:00:00+00:00,0.0,31.892867090697052,1.16,ISM Manufacturing+Wholesale Inventories,-0.0250479446109195,True,0.0,0.0,0.0,ISM Manufacturing+Wholesale Inventories,All · surprise + DTW agree,-3.342006623787177,22.951029715262035,-0.1456146702457015,0.0
2019-02-05 15:00:00+00:00,0.0,-5.1351939664101565,1.145158742694677,ISM Services,-0.2321861209891769,True,-0.0,0.0,-0.0,ISM Services,All · surprise + DTW agree,3.5600512733477414,16.92789231081528,0.21030682426265282,1.0
2019-02-06 13:30:00+00:00,0.0,2.7623764505513293,1.144661535425301,Trade Balance,-1.474980460269625,True,0.0,0.0,0.0,Trade Balance,All · surprise + DTW agree,1.9066494799304776,5.754002658267599,0.33136054902423817,1.0
2019-02-12 15:00:00+00:00,0.0,-11.080333543613818,1.1473788328387735,JOLTS,-2.8864328688998295,True,-0.0,0.0,-0.0,JOLTS,All · surprise + DTW agree,2.7940977449708098,9.891878267947483,0.2824638222676563,1.0
2019-02-25 15:00:00+00:00,0.0,-5.3498415430119906,1.1073351407079308,Wholesale Inventories+Wholesale Trade Sales MoM,0.4014513011972027,True,-0.0,0.0,-0.0,Wholesale Inventories+Wholesale Trade Sales MoM,All · surprise + DTW agree,4.17053717136376,20.882152307013495,0.19971778339932136,1.0
2019-02-26 14:00:00+00:00,-1.0,10.00654357445896,1.1170602056931551,Case-Shiller 20-City,-0.258272112608477,True,-10.00654357445896,1.1170602056931551,-11.123603780152115,Case-Shiller 20-City,All · surprise + DTW agree,-5.499847796930858,3.94798475887625,-1.3930772616498976,-1.0
2019-02-27 13:30:00+00:00,1.0,-1.5398236932284703,1.116157339696713,Wholesale Inventories,1.5484792677074253,True,-1.5398236932284703,1.116157339696713,-2.655981032925183,Wholesale Inventories,All · surprise + DTW agree,0.4841747208215879,7.51423857285162,0.06443430244161728,0.0
2019-02-27 15:00:00+00:00,0.0,-36.612431301872306,1.115556239421449,Pending Home Sales MoM,0.9273046559046504,True,-0.0,0.0,-0.0,Pending Home Sales MoM,All · surprise + DTW agree,-6.35261796660132,16.716672156157042,-0.3800169021237603,-1.0
2019-03-01 15:00:00+00:00,0.0,-37.22540996383472,1.1100903383861582,ISM Manufacturing,-0.7311263757915653,True,-0.0,0.0,-0.0,ISM Manufacturing,All · surprise + DTW agree,0.308611121223309,23.1121047001078,0.01335279176118779,0.0
2019-03-04 15:00:00+00:00,0.0,-8.049832729852824,1.1117074292724067,ISM Manufacturing,-0.7435651291317272,True,-0.0,0.0,-0.0,ISM Manufacturing,All · surprise + DTW agree,1.4363149919842049,18.168118855630773,0.0790568909966732,0.0
2019-03-05 15:00:00+00:00,0.0,-18.2343748996594,1.1260386736041004,ISM Services,1.3695473373794276,True,-0.0,0.0,-0.0,ISM Services,All · surprise + DTW agree,-3.398130225376945,25.962801024361227,-0.1308845768293042,0.0
2019-03-06 13:30:00+00:00,1.0,13.967024578978029,1.125776397515528,Trade Balance,0.592887359587822,True,13.967024578978029,1.125776397515528,12.8412481814625,Trade Balance,All · surprise + DTW agree,0.563472189428015,12.059938455660145,0.04672264220084457,0.0
2019-03-08 13:30:00+00:00,0.0,-3.5624517961352353,1.1442550505050504,Employment Report (NFP),-1.2678035042234366,True,-0.0,0.0,-0.0,Employment Report (NFP),All · surprise + DTW agree,0.08957794479059134,26.92444926090666,0.0033270112202686843,0.0
2019-03-13 14:00:00+00:00,0.0,-10.905551226905176,1.1291955455182618,ISM Manufacturing,0.906188773849323,True,-0.0,0.0,-0.0,ISM Manufacturing,All · surprise + DTW agree,-2.884359465419555,10.71046886317209,-0.2693028197241126,-1.0
2019-03-15 14:00:00+00:00,-1.0,,,JOLTS,-2.0299093398454366,False,-0.0,0.0,-0.0,JOLTS,All · surprise + DTW agree,-1.5521381912628134,15.225291120532308,-0.10194472992175846,0.0
2019-03-22 14:00:00+00:00,1.0,3.495213534883135,1.1274395459140036,Wholesale Inventories,2.4258662097692496,True,3.495213534883135,1.1274395459140036,2.367773988969131,Wholesale Inventories,All · surprise + DTW agree,1.1358409193502699,14.791096122283346,0.07679220728199329,0.0
2019-03-26 13:00:00+00:00,1.0,16.32970813883361,1.1285803237858032,Case-Shiller 20-City,0.0560252099076334,True,16.32970813883361,1.1285803237858032,15.201127815047807,Case-Shiller 20-City,All · surprise + DTW agree,0.807029752935841,11.008179723304428,0.073311825680621,0.0
2019-03-27 12:30:00+00:00,-1.0,19.48406820117654,1.1311775948823966,Trade Balance,-1.8467308373800184,True,-19.48406820117654,1.1311775948823966,-20.615245796058936,Trade Balance,All · surprise + DTW agree,-2.4379888633053444,6.134206075824089,-0.3974416302891841,-1.0
2019-03-28 14:00:00+00:00,0.0,7.779074682439102,1.128009646427321,Pending Home Sales MoM,-0.1287472026516276,True,0.0,0.0,0.0,Pending Home Sales MoM,All · surprise + DTW agree,8.86629876857808,14.80459599825343,0.5988882621061784,1.0
2019-04-01 14:00:00+00:00,1.0,1.912155578800423,1.110855741975025,ISM Manufacturing,0.7145588866896876,True,1.912155578800423,1.110855741975025,0.8012998368253981,ISM Manufacturing,All · surprise + DTW agree,5.601368065710167,15.909866034821547,0.3520688391373369,1.0
2019-04-03 14:00:00+00:00,-1.0,12.97809175211384,1.1070815041038369,ISM Services,-1.1046992464638967,True,-12.97809175211384,1.1070815041038369,-14.085173256217677,ISM Services,All · surprise + DTW agree,-7.741591087919272,16.368967940077393,-0.4729431394978143,-1.0
2019-04-05 12:30:00+00:00,1.0,-0.3777362268486683,1.0974871329094762,Employment Report (NFP),0.2548391815149274,True,-0.3777362268486683,1.0974871329094762,-1.4752233597581446,Employment Report (NFP),All · surprise + DTW agree,1.68074839087347,12.4268300389436,0.13525157949423036,1.0
2019-04-09 14:00:00+00:00,0.0,13.00042243284949,1.1093684250793772,JOLTS,2.609324605457694,True,0.0,0.0,0.0,JOLTS,All · surprise + DTW agree,-9.410042820411164,22.39513408696481,-0.42018247284745314,-1.0
2019-04-17 12:30:00+00:00,-1.0,7.172653622973257,1.0952902519167578,Trade Balance,-1.2383182885962627,True,-7.172653622973257,1.0952902519167578,-8.267943874890015,Trade Balance,All · surprise + DTW agree,-0.5474212880840482,6.629957256954456,-0.08256784574437999,0.0
2019-04-17 14:00:00+00:00,0.0,10.59482466292394,1.0981104926350864,Wholesale Inventories+Wholesale Trade Sales MoM,-0.1087319624357112,True,0.0,0.0,0.0,Wholesale Inventories+Wholesale Trade Sales MoM,All · surprise + DTW agree,-6.3164907399081995,16.406302176450232,-0.38500392544122175,-1.0
2019-04-30 13:00:00+00:00,0.0,1.5042683643073929,1.0904305320548977,Case-Shiller 20-City,0.0753943061381535,True,0.0,0.0,0.0,Case-Shiller 20-City,All · surprise + DTW agree,-0.3801313301335024,8.917289149856407,-0.04262857509107727,0.0
2019-04-30 14:00:00+00:00,0.0,-4.904272474046678,1.0937205355459174,Pending Home Sales MoM,0.607854696796068,True,-0.0,0.0,-0.0,Pending Home Sales MoM,All · surprise + DTW agree,-1.6543632029880302,9.867045167569033,-0.1676655143350904,-1.0
2019-05-01 14:00:00+00:00,-1.0,-3.3825049650637595,1.089038266551504,ISM Manufacturing,-1.1185881038486878,True,3.3825049650637595,1.089038266551504,2.2934666985122556,ISM Manufacturing,All · surprise + DTW agree,-4.217557116311268,20.28289693544772,-0.207936624128893,-1.0
2019-05-03 12:30:00+00:00,0.0,10.230567552032,1.1004439722232762,Employment Report (NFP)+Wholesale Inventories,-0.2115333138905982,True,0.0,0.0,0.0,Employment Report (NFP)+Wholesale Inventories,All · surprise + DTW agree,-0.525386640646893,15.212906431907452,-0.034535586148413455,0.0
2019-05-03 14:00:00+00:00,0.0,-15.161855682936933,1.0979857640466455,ISM Services,-0.8700061825114989,True,-0.0,0.0,-0.0,ISM Services,All · surprise + DTW agree,1.9812590520255855,17.066119522356683,0.11609311943644414,0.0
2019-05-07 14:00:00+00:00,-1.0,0.0,1.1086474501108647,JOLTS,-0.7458879769912665,True,-0.0,1.1086474501108647,-1.1086474501108647,JOLTS,All · surprise + DTW agree,-8.141152121901277,15.961065838845638,-0.5100631877657911,-1.0
2019-05-09 12:30:00+00:00,-1.0,-19.372342362267148,1.1222041637644145,Trade Balance,-0.0308851550716713,True,19.372342362267148,1.1222041637644145,18.250138198502732,Trade Balance,All · surprise + DTW agree,-2.5508343378617306,8.957178041181114,-0.2847810243509876,-1.0
2019-05-09 14:00:00+00:00,0.0,-30.45568712298774,1.1295474020409753,Wholesale Inventories+Wholesale Trade Sales MoM,0.9816606553187176,True,-0.0,0.0,-0.0,Wholesale Inventories+Wholesale Trade Sales MoM,All · surprise + DTW agree,-0.6531040344771045,14.057080239029393,-0.04646085982092962,0.0
2019-05-28 13:00:00+00:00,0.0,-3.122316784391898,1.1311775948823966,Case-Shiller 20-City,1.0305531067298288,True,-0.0,0.0,-0.0,Case-Shiller 20-City,All · surprise + DTW agree,-1.6883562070313123,7.356131748500906,-0.22951685270935768,-1.0
2019-05-30 12:30:00+00:00,0.0,-9.139860359290708,1.152348406580307,Wholesale Inventories,1.3152303803357457,True,-0.0,0.0,-0.0,Wholesale Inventories,All · surprise + DTW agree,-2.654913897582622,10.769814502403484,-0.24651435704766583,-1.0
2019-05-30 14:00:00+00:00,-1.0,-0.7939343420382272,1.150976345451659,Pending Home Sales MoM,-0.5184683414121161,True,0.7939343420382272,1.150976345451659,-0.35704200341343184,Pending Home Sales MoM,All · surprise + DTW agree,-4.2163832429475985,9.233692702536906,-0.4566302322135076,-1.0
2019-06-03 14:00:00+00:00,0.0,49.52199350730879,1.170534813319879,ISM Manufacturing,-0.1607686790482518,True,0.0,0.0,0.0,ISM Manufacturing,All · surprise + DTW agree,0.7369587582384535,14.679798272287425,0.05020224015133007,0.0
2019-06-05 14:00:00+00:00,1.0,-11.779026843861118,1.138370951913641,ISM Services,0.8700286671132983,True,-11.779026843861118,1.138370951913641,-12.91739779577476,ISM Services,All · surprise + DTW agree,1.6584627816248125,21.110094989713136,0.07856254471772746,0.0
2019-06-06 12:30:00+00:00,0.0,-21.097878503777423,1.1317514829847015,Trade Balance,0.0310236654453449,True,-0.0,0.0,-0.0,Trade Balance,All · surprise + DTW agree,-3.539417145449717,9.881005763546096,-0.35820413732655193,-1.0
2019-06-07 12:30:00+00:00,0.0,3.1030604182014088,1.123508445684178,Employment Report (NFP),-0.4292841940610685,True,0.0,0.0,0.0,Employment Report (NFP),All · surprise + DTW agree,2.6361219187960203,26.634385346339446,0.098974385348762,0.0
2019-06-07 14:00:00+00:00,0.0,7.321631894878777,1.118309424649082,Wholesale Inventories+Wholesale Trade Sales MoM,-0.011526009887174,True,0.0,0.0,0.0,Wholesale Inventories+Wholesale Trade Sales MoM,All · surprise + DTW agree,4.641611844610166,7.789276210700378,0.5958977084717878,1.0
2019-06-10 14:00:00+00:00,0.0,2.2934903200599877,1.1087322220523017,JOLTS,0.2551781291483067,True,0.0,0.0,0.0,JOLTS,All · surprise + DTW agree,-17.62928204070939,19.486574149046497,-0.9046886284817803,-1.0
2019-06-25 13:00:00+00:00,0.0,-2.988308266242967,1.0833022039596565,Case-Shiller 20-City,0.2642101217812244,True,-0.0,0.0,-0.0,Case-Shiller 20-City,All · surprise + DTW agree,-0.9987087562831876,4.635322770245444,-0.2154561409820238,-1.0
2019-06-26 12:30:00+00:00,0.0,-6.004879144594355,1.0879759894954042,Wholesale Inventories,-0.1098920725221081,True,-0.0,0.0,-0.0,Wholesale Inventories,All · surprise + DTW agree,1.1099264582077362,6.16467525863607,0.1800462168145588,1.0
2019-06-27 14:00:00+00:00,0.0,-9.419567019648412,1.091867469879518,Pending Home Sales MoM,0.0260187727135922,True,-0.0,0.0,-0.0,Pending Home Sales MoM,All · surprise + DTW agree,-14.02429888875203,26.225145478211815,-0.5347653419274108,-1.0
2019-07-01 14:00:00+00:00,-1.0,-24.62320300947951,1.081040781331544,ISM Manufacturing,-0.5150897520442002,True,24.62320300947951,1.081040781331544,23.542162228147966,ISM Manufacturing,All · surprise + DTW agree,-9.689213605480637,21.006624550311827,-0.46124562193581015,-1.0
2019-07-03 12:30:00+00:00,0.0,,,Trade Balance,0.4674279842482597,False,0.0,0.0,0.0,Trade Balance,All · surprise + DTW agree,-0.16327300912409892,7.892231298490769,-0.020687813490124347,0.0
2019-07-03 14:00:00+00:00,0.0,,,ISM Services,-0.5230512818626962,False,0.0,0.0,0.0,ISM Services,All · surprise + DTW agree,2.757234617015568,12.123225224233472,0.2274340834239432,1.0
2019-07-05 12:30:00+00:00,0.0,-7.808869040495381,1.0773460138197488,Employment Report (NFP),0.6730071664656323,True,-0.0,0.0,-0.0,Employment Report (NFP),All · surprise + DTW agree,-3.8322186656696613,11.215095482717661,-0.3417018313910094,-1.0
2019-07-09 14:00:00+00:00,1.0,0.7490075653215911,1.0865899808910038,JOLTS,0.8014699032501351,True,0.7490075653215911,1.0865899808910038,-0.3375824155694127,JOLTS,All · surprise + DTW agree,6.2159518045347015,20.21537290157866,0.30748637854952876,1.0
2019-07-10 14:00:00+00:00,0.0,-17.07498558880971,1.0755080848538792,Wholesale Inventories+Wholesale Trade Sales MoM,-0.1219301602902608,True,-0.0,0.0,-0.0,Wholesale Inventories+Wholesale Trade Sales MoM,All · surprise + DTW agree,2.950458860658853,10.507053610855307,0.280807443259888,1.0
2019-07-25 12:30:00+00:00,-1.0,-11.347207425576045,1.0608721100380452,Wholesale Inventories,-0.6635937629932486,True,11.347207425576045,1.0608721100380452,10.286335315538,Wholesale Inventories,All · surprise + DTW agree,-2.8779500561299107,13.683321412956786,-0.21032540048388906,-1.0
2019-07-30 13:00:00+00:00,0.0,3.691262822904662,1.0703871848817037,Case-Shiller 20-City,0.1071969239928343,True,0.0,0.0,0.0,Case-Shiller 20-City,All · surprise + DTW agree,-1.401335378946138,8.532452704350025,-0.16423593865708833,-1.0
2019-07-30 14:00:00+00:00,0.0,3.318400561393986,1.0693609646373392,Pending Home Sales MoM,0.6010290004464247,True,0.0,0.0,0.0,Pending Home Sales MoM,All · surprise + DTW agree,-0.2797744705249006,10.714319908852382,-0.026112200578754928,0.0
2019-08-01 14:00:00+00:00,-1.0,41.92411579582611,1.0775862068965516,ISM Manufacturing,-1.012131827489508,True,-41.92411579582611,1.0775862068965516,-43.001702002722666,ISM Manufacturing,All · surprise + DTW agree,-0.39522914928038455,11.05372056510605,-0.035755304917696976,0.0
2019-08-02 12:30:00+00:00,0.0,3.3964186978430178,1.0940919037199124,Employment Report (NFP)+Trade Balance,-0.0041668014234944,True,0.0,0.0,0.0,Employment Report (NFP)+Trade Balance,All · surprise + DTW agree,1.1849802914719372,6.989403028414518,0.16953955676250923,1.0
2019-08-05 14:00:00+00:00,-1.0,-16.578317050015556,1.1166730843280708,ISM Services,-1.0487641661378926,True,16.578317050015556,1.1166730843280708,15.461643965687486,ISM Services,All · surprise + DTW agree,-8.396394831135096,17.85874717756229,-0.47015587082638793,-1.0
2019-08-06 14:00:00+00:00,-1.0,-39.53953284753453,1.1233778810768933,JOLTS,-0.1198635692040546,True,39.53953284753453,1.1233778810768933,38.41615496645764,JOLTS,All · surprise + DTW agree,-5.084262142431119,20.129624547373858,-0.25257610396386754,-1.0
2019-08-08 14:00:00+00:00,-1.0,5.362751986339731,1.1113665976852916,Wholesale Inventories+Wholesale Trade Sales MoM,-0.528434093932597,True,-5.362751986339731,1.1113665976852916,-6.474118584025023,Wholesale Inventories+Wholesale Trade Sales MoM,All · surprise + DTW agree,-6.581435065810345,9.662107729117206,-0.6811593547003091,-1.0
2019-08-27 13:00:00+00:00,-1.0,1.920602306793029,1.1140135218192992,Case-Shiller 20-City,-0.1377150001179232,True,-1.920602306793029,1.1140135218192992,-3.034615828612328,Case-Shiller 20-City,All · surprise + DTW agree,-2.035647884337734,7.2579394939287,-0.28047187304889537,-1.0
2019-08-29 12:30:00+00:00,1.0,-11.02556902871754,1.1020330609918298,Wholesale Inventories,0.1109170389268115,True,-11.02556902871754,1.1020330609918298,-12.12760208970937,Wholesale Inventories,All · surprise + DTW agree,1.0911767709969622,7.746962805547294,0.1408522021321199,1.0
2019-08-29 14:00:00+00:00,0.0,-11.021378787852145,1.101112503322322,Pending Home Sales MoM,-0.6547388591058947,True,-0.0,0.0,-0.0,Pending Home Sales MoM,All · surprise + DTW agree,4.1169536223495085,24.554878521393245,0.16766336753662392,1.0
2019-09-03 14:00:00+00:00,0.0,,,ISM Manufacturing,-0.5595389851222737,False,0.0,0.0,0.0,ISM Manufacturing,All · surprise + DTW agree,3.4690639253290048,9.899275617061383,0.3504361389180921,1.0
2019-09-04 12:30:00+00:00,0.0,,,Trade Balance,0.1884003916971352,False,0.0,0.0,0.0,Trade Balance,All · surprise + DTW agree,-2.112539545058904,8.420358043798219,-0.25088476452789754,-1.0
2019-09-05 14:00:00+00:00,1.0,,,ISM Services,1.396145510547349,False,0.0,0.0,0.0,ISM Services,All · surprise + DTW agree,3.3101708874932916,9.972561534013106,0.3319278478456507,1.0
2019-09-06 12:30:00+00:00,-1.0,,,Employment Report (NFP),-0.4856947459450375,False,-0.0,0.0,-0.0,Employment Report (NFP),All · surprise + DTW agree,-1.9606115262823167,7.86961465328576,-0.24913691618479852,-1.0
2019-09-10 14:00:00+00:00,1.0,,,JOLTS,0.6218292334900785,False,0.0,0.0,0.0,JOLTS,All · surprise + DTW agree,5.155082776476355,10.436021982860494,0.49397009559224375,1.0
2019-09-11 14:00:00+00:00,0.0,,,Wholesale Inventories,0.0,False,0.0,0.0,0.0,Wholesale Inventories,All · surprise + DTW agree,2.0340163998251537,10.979216759533307,0.18526061051295006,1.0
2019-09-24 13:00:00+00:00,1.0,,,Case-Shiller 20-City,0.010802298855498,False,0.0,0.0,0.0,Case-Shiller 20-City,All · surprise + DTW agree,3.776212692870918,13.384739918336354,0.28212820838585856,1.0
2019-09-26 12:30:00+00:00,0.0,,,Wholesale Inventories,0.669884793997939,False,0.0,0.0,0.0,Wholesale Inventories,All · surprise + DTW agree,-4.889625066119063,8.190663015908722,-0.5969754898500824,-1.0
2019-09-26 14:00:00+00:00,1.0,,,Pending Home Sales MoM,0.1576085301410243,False,0.0,0.0,0.0,Pending Home Sales MoM,All · surprise + DTW agree,2.0243214356119195,15.643822178727323,0.12940069328866566,1.0
2019-10-01 14:00:00+00:00,-1.0,-62.55139912671126,1.07403429502611,ISM Manufacturing,-0.6392916219864412,True,62.55139912671126,1.07403429502611,61.47736483168515,ISM Manufacturing,All · surprise + DTW agree,-5.410645578382702,24.45924844519835,-0.2212106226610114,-1.0
2019-10-03 14:00:00+00:00,0.0,28.993931590033384,1.1141847241432303,ISM Services,-1.3923680829816754,True,0.0,0.0,0.0,ISM Services,All · surprise + DTW agree,2.9797572479412944,24.209444729289675,0.12308242841837054,0.0
2019-10-04 12:30:00+00:00,1.0,8.383827326934323,1.1106855610877058,Employment Report (NFP)+Trade Balance,0.1313738836117203,True,8.383827326934323,1.1106855610877058,7.273141765846617,Employment Report (NFP)+Trade Balance,All · surprise + DTW agree,0.5745986409209993,17.118625834676127,0.033565698933443064,0.0
2019-10-09 14:00:00+00:00,0.0,6.848272981088144,1.1044673801272042,JOLTS+Wholesale Inventories,0.3219991669158658,True,0.0,0.0,0.0,JOLTS+Wholesale Inventories,All · surprise + DTW agree,-9.581992864363386,25.460153878166953,-0.37635251185894475,-1.0
2019-10-28 12:30:00+00:00,-1.0,15.174790557459517,1.0742332197362572,Wholesale Inventories,-1.121516987398828,True,-15.174790557459517,1.0742332197362572,-16.249023777195774,Wholesale Inventories,All · surprise + DTW agree,-1.4228046563753747,6.566241064705158,-0.21668480373394003,-1.0
2019-10-29 13:00:00+00:00,0.0,-2.5921605803524983,1.0736764161421697,Case-Shiller 20-City,0.0158358411377602,True,-0.0,0.0,-0.0,Case-Shiller 20-City,All · surprise + DTW agree,-0.46161664350243914,8.418808502124218,-0.05483158850637414,0.0
2019-10-29 14:00:00+00:00,0.0,4.805826232505694,1.072802604320805,Pending Home Sales MoM,0.1582405075879513,True,0.0,0.0,0.0,Pending Home Sales MoM,All · surprise + DTW agree,-10.852899377475095,36.9357015950182,-0.29383222488831534,-1.0
2019-11-01 12:30:00+00:00,0.0,5.538836616683085,1.0736764161421697,Employment Report (NFP),0.5209469624313295,True,0.0,0.0,0.0,Employment Report (NFP),All · surprise + DTW agree,-0.7713191750792401,8.795772687793765,-0.08769203144024285,0.0
2019-11-01 14:00:00+00:00,0.0,25.023012136848877,1.0680219496924832,ISM Manufacturing,-0.3411753815848861,True,0.0,0.0,0.0,ISM Manufacturing,All · surprise + DTW agree,0.19765702141521269,16.55916570386304,0.01193641183076644,0.0
2019-11-05 13:30:00+00:00,1.0,3.640865109773017,1.056043115691344,Trade Balance,0.0316646894236355,True,3.640865109773017,1.056043115691344,2.5848219940816732,Trade Balance,All · surprise + DTW agree,2.7045114023538956,10.438683992397074,0.25908547517327885,1.0
2019-11-05 15:00:00+00:00,1.0,-22.590645424465094,1.0567357796159311,ISM Services+JOLTS,0.4513695903865941,True,-22.590645424465094,1.0567357796159311,-23.647381204081025,ISM Services+JOLTS,All · surprise + DTW agree,5.3179313133745385,14.428302366445804,0.3685763701308217,1.0
2019-11-08 15:00:00+00:00,-1.0,12.69380893996086,1.0518298211889303,Wholesale Inventories+Wholesale Trade Sales MoM,-0.2044582875798339,True,-12.69380893996086,1.0518298211889303,-13.74563876114979,Wholesale Inventories+Wholesale Trade Sales MoM,All · surprise + DTW agree,-2.0553515117792283,15.991013956340739,-0.12853165642846823,0.0
2019-11-26 13:30:00+00:00,0.0,-0.7126313917105165,1.0332787002066557,Wholesale Inventories,0.1121947791793919,True,-0.0,0.0,-0.0,Wholesale Inventories,All · surprise + DTW agree,-1.4404619997014612,8.971121124964144,-0.16056655345930562,0.0
2019-11-26 14:00:00+00:00,1.0,1.4253643611716882,1.033352337514253,Case-Shiller 20-City,0.0151072976505187,True,1.4253643611716882,1.033352337514253,0.39201202365743515,Case-Shiller 20-City,All · surprise + DTW agree,1.6340767521076964,9.586297410925216,0.17045963441999912,1.0
2019-11-27 15:00:00+00:00,0.0,-2.849002868288153,1.032285622752999,Pending Home Sales MoM,-0.5030883860479812,True,-0.0,0.0,-0.0,Pending Home Sales MoM,All · surprise + DTW agree,1.6210454106542498,15.934194326780618,0.10173375430283017,0.0
2019-12-02 15:00:00+00:00,-1.0,-16.109115871536517,1.0358992677263796,ISM Manufacturing,-0.6709934216827046,True,16.109115871536517,1.0358992677263796,15.073216603810137,ISM Manufacturing,All · surprise + DTW agree,-9.730149534440217,22.957692971248957,-0.42382958717262054,-1.0
2019-12-04 15:00:00+00:00,0.0,-6.501950814232771,1.0470070041158206,ISM Services,-0.3471809391470089,True,-0.0,0.0,-0.0,ISM Services,All · surprise + DTW agree,1.19643976854254,10.970186215542336,0.10906284953006984,0.0
2019-12-05 13:30:00+00:00,-1.0,-5.409206601303396,1.0454971519215517,Trade Balance,-0.4133945248912698,True,5.409206601303396,1.0454971519215517,4.363709449381844,Trade Balance,All · surprise + DTW agree,-2.9727689666414934,11.022867979951968,-0.26969106153210476,-1.0
2019-12-06 13:30:00+00:00,1.0,24.80186746110391,1.0463270313176505,Employment Report (NFP),0.4413152239638416,True,24.80186746110391,1.0463270313176505,23.755540429786258,Employment Report (NFP),All · surprise + DTW agree,2.9569884838775655,16.768061543812482,0.1763464713050694,1.0
2019-12-06 15:00:00+00:00,0.0,-7.152820304252572,1.037010548900411,Wholesale Inventories,-0.2251134155301338,True,-0.0,0.0,-0.0,Wholesale Inventories,All · surprise + DTW agree,2.26523692564721,8.106185907529504,0.2794454693597792,1.0
2019-12-17 15:00:00+00:00,0.0,6.367173897441347,1.026512335846519,JOLTS,-1.4157727572782377,True,0.0,0.0,0.0,JOLTS,All · surprise + DTW agree,5.308251299693446,14.497280699325543,0.3661549644920928,1.0
2019-12-30 13:30:00+00:00,-1.0,3.142622719085608,1.0128527521654092,Wholesale Inventories,-0.4514373795043512,True,-3.142622719085608,1.0128527521654092,-4.155475471251018,Wholesale Inventories,All · surprise + DTW agree,-2.3056761333222835,7.348993272033287,-0.31374040606304154,-1.0
2019-12-30 15:00:00+00:00,-1.0,-28.809351338647815,1.017579564195235,Pending Home Sales MoM,-0.0531442073475608,True,28.809351338647815,1.017579564195235,27.79177177445258,Pending Home Sales MoM,All · surprise + DTW agree,-3.73145395643819,11.316591866479703,-0.3297330150688688,-1.0
2019-12-31 14:00:00+00:00,-1.0,-3.875354555358257,1.021486438886932,Case-Shiller 20-City,-0.0682881902438581,True,3.875354555358257,1.021486438886932,2.853868116471325,Case-Shiller 20-City,All · surprise + DTW agree,-1.2720072615594233,8.805348742326345,-0.14445847618107663,0.0
2020-01-03 15:00:00+00:00,1.0,8.037321558607147,1.0124991271559247,ISM Manufacturing,0.0207532118471872,True,8.037321558607147,1.0124991271559247,7.024822431451222,ISM Manufacturing,All · surprise + DTW agree,0.6949562057355865,10.439727677431621,0.06656842277964088,0.0
2020-01-07 13:30:00+00:00,-1.0,-13.972337050294216,1.012004466778336,Trade Balance,-0.1595559397292306,True,13.972337050294216,1.012004466778336,12.96033258351588,Trade Balance,All · surprise + DTW agree,-4.177562346665106,10.023549616150998,-0.41677474613721455,-1.0
2020-01-07 15:00:00+00:00,0.0,5.247599343789489,1.0150507525376269,ISM Services,0.2902789813530346,True,0.0,0.0,0.0,ISM Services,All · surprise + DTW agree,-3.927786883475505,27.396669173541927,-0.14336731442042333,0.0
2020-01-10 13:30:00+00:00,0.0,-1.7266683976124853,1.0010355540214015,Employment Report (NFP),-0.065520798516164,True,-0.0,0.0,-0.0,Employment Report (NFP),All · surprise + DTW agree,1.5667021089132618,12.909799878700522,0.12135758289314112,0.0
2020-01-10 15:00:00+00:00,0.0,-2.4185885925831485,1.0017963244438304,Wholesale Inventories+Wholesale Trade Sales MoM,0.6950059133044145,True,-0.0,0.0,-0.0,Wholesale Inventories+Wholesale Trade Sales MoM,All · surprise + DTW agree,1.2176817976659828,15.789825066393485,0.07711813098282225,0.0
2020-01-14 13:30:00+00:00,1.0,13.162910210482435,1.0046769443963277,CPI,0.8660898068244481,True,13.162910210482435,1.0046769443963277,12.158233266086107,CPI,All · surprise + DTW agree,0.43016559172385843,6.259108216398808,0.06872633877727635,0.0
2020-01-15 13:30:00+00:00,1.0,-20.0810232629145,1.0032519200166057,Empire Manufacturing,0.1583313998281338,True,-20.0810232629145,1.0032519200166057,-21.084275182931105,Empire Manufacturing,All · surprise + DTW agree,0.4588212194917647,7.48650378260249,0.06128644729439612,0.0
2020-01-16 13:30:00+00:00,0.0,2.061359817648878,0.9965293288890416,Retail Sales,0.2727480458287097,True,0.0,0.0,0.0,Retail Sales,All · surprise + DTW agree,-1.0164966539703932,14.36980799319988,-0.07073836020992226,0.0
2020-01-29 13:30:00+00:00,0.0,-4.507237659741037,1.0054432617966231,Wholesale Inventories,-0.3401360904090461,True,-0.0,0.0,-0.0,Wholesale Inventories,All · surprise + DTW agree,2.228442260178733,6.907019100193646,0.3226344429996228,1.0
2020-02-03 15:00:00+00:00,1.0,13.66383675843963,1.0181511778955867,ISM Manufacturing,0.3955551823144471,True,13.66383675843963,1.0181511778955867,12.645685580544043,ISM Manufacturing,All · surprise + DTW agree,3.75897578404539,12.171563213910524,0.3088326222345349,1.0
2020-02-05 13:30:00+00:00,1.0,-4.131946894396776,0.9987945582917168,Trade Balance,0.2242922918801791,True,-4.131946894396776,0.9987945582917168,-5.130741452688493,Trade Balance,All · surprise + DTW agree,3.782620732383562,4.740435164541838,0.7979479944536171,1.0
2020-02-05 15:00:00+00:00,1.0,-33.08066421309874,0.9980726872246696,ISM Services,0.2331662435895157,True,-33.08066421309874,0.9980726872246696,-34.07873690032341,ISM Services,All · surprise + DTW agree,3.294236930288698,12.317694027667667,0.2674394186841525,1.0
2020-02-06 13:30:00+00:00,-1.0,-11.923215911160412,0.9877047784476004,Unit Labor Costs,-0.2551339804489138,True,11.923215911160412,0.9877047784476004,10.935511132712811,Unit Labor Costs,All · surprise + DTW agree,-1.7084259726762627,10.665832213188846,-0.16017746562370508,0.0
2020-02-07 13:30:00+00:00,0.0,-28.71109741358069,0.990978676872608,Employment Report (NFP),0.2757701238089594,True,-0.0,0.0,-0.0,Employment Report (NFP),All · surprise + DTW agree,-4.076264227468674,10.721859193085049,-0.38018259278182076,-1.0
2020-02-07 15:00:00+00:00,-1.0,24.364727826799992,0.9958791208791208,Wholesale Inventories+Wholesale Trade Sales MoM,-0.6049536991472197,True,-24.364727826799992,0.9958791208791208,-25.360606947679113,Wholesale Inventories+Wholesale Trade Sales MoM,All · surprise + DTW agree,-3.0415691489415932,12.877086859259672,-0.23620009573473194,-1.0
2020-02-13 13:30:00+00:00,0.0,3.4054146421347298,0.9878730072216922,CPI,-0.313487807128756,True,0.0,0.0,0.0,CPI,All · surprise + DTW agree,2.6942925386512147,8.02164943465143,0.3358776222521736,1.0
2020-02-14 13:30:00+00:00,-1.0,-8.832722411469263,0.9841851625602388,Retail Sales,-0.1320605680860598,True,8.832722411469263,0.9841851625602388,7.8485372489090235,Retail Sales,All · surprise + DTW agree,-0.7630717565323358,12.079077637722236,-0.06317301530948924,0.0
2020-02-18 13:30:00+00:00,1.0,-4.786324877699144,0.991419096783016,Empire Manufacturing,1.004420619205327,True,-4.786324877699144,0.991419096783016,-5.77774397448216,Empire Manufacturing,All · surprise + DTW agree,1.4078996769415215,7.411206687032201,0.18996902075406985,1.0
2020-02-28 13:30:00+00:00,-1.0,,,Wholesale Inventories,-0.6836569783784273,False,-0.0,0.0,-0.0,Wholesale Inventories,All · surprise + DTW agree,-1.6755260230753177,9.420778297584791,-0.1778543099252079,0.0
2020-03-02 15:00:00+00:00,0.0,21.16237024456069,1.1363636363636365,ISM Manufacturing,-0.0046870840831074,True,0.0,0.0,0.0,ISM Manufacturing,All · surprise + DTW agree,1.290206112619475,23.42827895689203,0.05507046057431068,0.0
2020-03-04 15:00:00+00:00,1.0,56.31688322997874,1.1010288925168,ISM Services,1.4632635374555136,True,56.31688322997874,1.1010288925168,55.21585433746194,ISM Services,All · surprise + DTW agree,4.3804500166249305,17.95960202279755,0.24390573972989363,1.0
2020-03-05 13:30:00+00:00,1.0,28.43226511158647,1.101196126827416,Unit Labor Costs,0.1728618374002194,True,28.43226511158647,1.101196126827416,27.331068984759057,Unit Labor Costs,All · surprise + DTW agree,8.509376080925808,23.27561762002293,0.3655918489400508,1.0
2020-03-06 13:30:00+00:00,0.0,5.519199067798297,1.1448874851954205,Employment Report (NFP)+Trade Balance,0.2105670283364228,True,0.0,0.0,0.0,Employment Report (NFP)+Trade Balance,All · surprise + DTW agree,-1.8467890673290366,5.385716860645341,-0.3429049679206021,-1.0
2020-03-06 15:00:00+00:00,-1.0,90.16133205363984,1.1435331230283912,Wholesale Inventories,-0.456164382027693,True,-90.16133205363984,1.1435331230283912,-91.30486517666823,Wholesale Inventories,All · surprise + DTW agree,-5.768147374063794,17.09878983119137,-0.3373424336464807,-1.0
2020-03-11 12:30:00+00:00,-1.0,-59.32765757634684,1.199884149116637,CPI,-0.8721423415768248,True,59.32765757634684,1.199884149116637,58.1277734272302,CPI,All · surprise + DTW agree,-4.427619010933273,6.944875896456693,-0.6375375279480897,-1.0
2020-03-16 12:30:00+00:00,-1.0,,,Empire Manufacturing,-3.110547589800201,False,-0.0,0.0,-0.0,Empire Manufacturing,All · surprise + DTW agree,-1.9721164479898752,6.529634905822955,-0.3020255307431039,-1.0
2020-03-17 12:30:00+00:00,0.0,31.0303279290558,1.406060606060606,Retail Sales,-1.454407343214982,True,0.0,0.0,0.0,Retail Sales,All · surprise + DTW agree,1.5818662752842065,6.91333736562557,0.22881369613893673,1.0
2020-03-26 12:30:00+00:00,0.0,97.10439602717004,1.41030005349414,Wholesale Inventories,-0.6855550636468352,True,0.0,0.0,0.0,Wholesale Inventories,All · surprise + DTW agree,2.151709015090086,17.87295958578095,0.12038907181337243,0.0
2020-04-01 14:00:00+00:00,-1.0,42.18115688097157,1.3754505786378295,ISM Manufacturing,-0.0888018544197422,True,-42.18115688097157,1.3754505786378295,-43.5566074596094,ISM Manufacturing,All · surprise + DTW agree,-7.019211715371927,27.95025359374222,-0.25113230875813797,-1.0
2020-04-02 12:30:00+00:00,-1.0,-105.69962339802784,1.375385345032013,Trade Balance,-0.0322931461328361,True,105.69962339802784,1.375385345032013,104.32423805299582,Trade Balance,All · surprise + DTW agree,-1.5700990183987942,7.261409655094234,-0.2162250985657162,-1.0
2020-04-03 12:30:00+00:00,0.0,44.49079659949007,1.374994073301408,Employment Report (NFP),-0.9910207378555704,True,0.0,0.0,0.0,Employment Report (NFP),All · surprise + DTW agree,4.977841437641699,23.136052611826642,0.2151551745303836,1.0
2020-04-03 14:00:00+00:00,1.0,-78.40954630406571,1.3663776856388994,ISM Services,5.0,True,-78.40954630406571,1.3663776856388994,-79.77592398970461,ISM Services,All · surprise + DTW agree,2.0037680957597965,26.36491906933952,0.07600129894159367,0.0
2020-04-09 14:00:00+00:00,0.0,-23.527445522191215,1.2152195776064365,Wholesale Inventories,-0.457441898157632,True,-0.0,0.0,-0.0,Wholesale Inventories,All · surprise + DTW agree,1.31830854937216,14.234523951688638,0.0926134624414868,0.0
2020-04-10 12:30:00+00:00,0.0,,,CPI,1.2932156674136484,False,0.0,0.0,0.0,CPI,All · surprise + DTW agree,-3.4438851192322295e-09,0.00035298223831171883,-9.756539410322772e-06,0.0
2020-04-15 12:30:00+00:00,0.0,-53.16424801279141,1.2402172518496344,Empire Manufacturing+Retail Sales,-1.3225673738078847,True,-0.0,0.0,-0.0,Empire Manufacturing+Retail Sales,All · surprise + DTW agree,3.9895081095725073,24.777936417491368,0.16101050718477966,1.0
2020-04-28 12:30:00+00:00,-1.0,10.654865363388666,1.1894995898277276,Wholesale Inventories,-1.4895347273420316,True,-10.654865363388666,1.1894995898277276,-11.844364953216393,Wholesale Inventories,All · surprise + DTW agree,-7.06189694731221,20.163521389042657,-0.3502313316735347,-1.0
2020-05-01 14:00:00+00:00,1.0,1.2600012616736933,1.2185897974619715,ISM Manufacturing,2.8031352485608907,True,1.2600012616736933,1.2185897974619715,0.041411464211721816,ISM Manufacturing,All · surprise + DTW agree,15.34427581113686,37.08140340661698,0.4137997594880337,1.0
2020-05-05 12:30:00+00:00,1.0,-4.607233437852187,1.2137954126904402,Trade Balance,0.064850258722308,True,-4.607233437852187,1.2137954126904402,-5.8210288505426275,Trade Balance,All · surprise + DTW agree,2.3927839238563138,5.149993741337353,0.4646188022812926,1.0
2020-05-05 14:00:00+00:00,1.0,-24.196924613573145,1.2089378022344506,ISM Services,2.000220896486279,True,-24.196924613573145,1.2089378022344506,-25.405862415807597,ISM Services,All · surprise + DTW agree,1.4258175509386974,8.792355679589154,0.16216559053094662,1.0
2020-05-07 12:30:00+00:00,1.0,-4.614190815743768,1.2167491818410674,Unit Labor Costs,2.3420800129725508,True,-4.614190815743768,1.2167491818410674,-5.830939997584836,Unit Labor Costs,All · surprise + DTW agree,1.145077580014952,16.42731400278596,0.06970570963827408,0.0
2020-05-08 12:30:00+00:00,1.0,-16.997993354959107,1.2065737466195132,Employment Report (NFP),0.7142857142857143,True,-16.997993354959107,1.2065737466195132,-18.20456710157862,Employment Report (NFP),All · surprise + DTW agree,6.852340991910847,28.747855727791695,0.23836007307099485,1.0
2020-05-08 14:00:00+00:00,0.0,-10.780778089412024,1.203469311532556,Wholesale Inventories+Wholesale Trade Sales MoM,-1.1237762984102937,True,-0.0,0.0,-0.0,Wholesale Inventories+Wholesale Trade Sales MoM,All · surprise + DTW agree,-14.414052221377768,48.81422456615676,-0.295283851161924,-1.0
2020-05-12 12:30:00+00:00,1.0,8.664975475607406,1.1973575557390586,CPI,1.654865259542607,True,8.664975475607406,1.1973575557390586,7.467617919868347,CPI,All · surprise + DTW agree,2.1365404653873976,8.524613606000369,0.2506319422951339,1.0
2020-05-15 12:30:00+00:00,0.0,18.44900233678004,1.243621081521506,Empire Manufacturing+Retail Sales,-1.8552032225609776,True,0.0,0.0,0.0,Empire Manufacturing+Retail Sales,All · surprise + DTW agree,0.33851426686332475,11.873785634433494,0.02850938001454626,0.0
2020-05-29 12:30:00+00:00,1.0,-14.232064074537476,1.145701643489254,Wholesale Inventories,2.5148660912203837,True,-14.232064074537476,1.145701643489254,-15.37776571802673,Wholesale Inventories,All · surprise + DTW agree,0.49928888987410946,5.603174298398742,0.08910822032018434,0.0
2020-06-01 14:00:00+00:00,0.0,22.06810479457033,1.1443905133972614,ISM Manufacturing,1.2618393178942018,True,0.0,0.0,0.0,ISM Manufacturing,All · surprise + DTW agree,-1.8393795155406951,14.968167337131357,-0.12288608712823298,0.0
2020-06-03 14:00:00+00:00,0.0,27.304033729826926,1.1174475955610357,ISM Services,0.5213888809543974,True,0.0,0.0,0.0,ISM Services,All · surprise + DTW agree,-3.6219498322026604,11.364695293988339,-0.318701886720939,-1.0
2020-06-04 12:30:00+00:00,0.5,-20.649313291158933,1.1074197120708749,Trade Balance+Unit Labor Costs,0.6726763672315097,True,-10.324656645579466,0.5537098560354374,-10.878366501614904,Trade Balance+Unit Labor Costs,All · surprise + DTW agree,3.036058260118652,30.528630930943798,0.09944953859825091,0.0
2020-06-05 12:30:00+00:00,1.0,81.78248244934849,1.091292240535862,Employment Report (NFP),3.2633592957201203,True,81.78248244934849,1.091292240535862,80.69119020881263,Employment Report (NFP),All · surprise + DTW agree,12.292688318539007,44.32829557080155,0.27731019567185966,1.0
2020-06-09 14:00:00+00:00,0.0,36.01753314825373,1.0664117084651026,Wholesale Inventories+Wholesale Trade Sales MoM,-2.6127731239913934,True,0.0,0.0,0.0,Wholesale Inventories+Wholesale Trade Sales MoM,All · surprise + DTW agree,1.202590822677264,17.900181780474913,0.06718316257486397,0.0
2020-06-10 12:30:00+00:00,1.0,0.7323861142971566,1.0622321526684004,CPI,1.4295895341461098,True,0.7323861142971566,1.0622321526684004,-0.3298460383712438,CPI,All · surprise + DTW agree,4.652052209322489,23.008499942871758,0.20218841823122577,1.0
2020-06-15 12:30:00+00:00,1.0,-7.609893227957798,1.1628839522014596,Empire Manufacturing,3.281339135974473,True,-7.609893227957798,1.1628839522014596,-8.772777180159258,Empire Manufacturing,All · surprise + DTW agree,1.7468160051099053,7.854762678795928,0.22238940583468758,1.0
2020-06-16 12:30:00+00:00,1.0,74.37492026063808,1.0967400347931322,Retail Sales,5.0,True,74.37492026063808,1.0967400347931322,73.27818022584495,Retail Sales,All · surprise + DTW agree,1.7256119015968605,7.469623782863928,0.23101724420921824,1.0
2020-06-25 12:30:00+00:00,0.0,6.760653257043003,1.1521652761223675,Wholesale Inventories,-3.617963925854053,True,0.0,0.0,0.0,Wholesale Inventories,All · surprise + DTW agree,0.07280350671744518,11.373796337249455,0.006400985612781895,0.0
2020-07-01 14:00:00+00:00,0.0,4.264640380995388,1.12673867433367,ISM Manufacturing,0.0791088164575656,True,0.0,0.0,0.0,ISM Manufacturing,All · surprise + DTW agree,-1.574600179126846,21.6462489937171,-0.07274240352607415,0.0
2020-07-02 12:30:00+00:00,1.0,26.15184937905468,1.123290854863075,Employment Report (NFP)+Trade Balance,0.3781505682994868,True,26.15184937905468,1.123290854863075,25.028558524191606,Employment Report (NFP)+Trade Balance,All · surprise + DTW agree,16.08371724522748,37.781477029379275,0.4257037709965815,1.0
2020-07-06 14:00:00+00:00,1.0,-60.6039214413201,1.110345355693391,ISM Services,3.6364068164642505,True,-60.6039214413201,1.110345355693391,-61.71426679701349,ISM Services,All · surprise + DTW agree,1.1904511636085542,17.568049794282505,0.06776228309621395,0.0
2020-07-09 14:00:00+00:00,0.0,-40.6685689405073,1.121596534653465,Wholesale Inventories+Wholesale Trade Sales MoM,0.2330172427357023,True,-0.0,0.0,-0.0,Wholesale Inventories+Wholesale Trade Sales MoM,All · surprise + DTW agree,-3.6509853097814315,18.574984564341282,-0.19655388122315273,-1.0
2020-07-14 12:30:00+00:00,0.0,-36.54201585257866,1.111579592931887,CPI,-0.7819599103905879,True,-0.0,0.0,-0.0,CPI,All · surprise + DTW agree,4.9613570242615515,47.743607588703675,0.10391667649001514,0.0
2020-07-15 12:30:00+00:00,0.0,8.137599857231947,1.073358501739581,Empire Manufacturing,0.7707516561158496,True,0.0,0.0,0.0,Empire Manufacturing,All · surprise + DTW agree,-4.932912394803924,17.490128910656885,-0.28203979627607306,-1.0
2020-07-16 12:30:00+00:00,0.0,-8.278769194145497,1.0905945620698732,Retail Sales,1.875026811510453,True,-0.0,0.0,-0.0,Retail Sales,All · surprise + DTW agree,-0.5827778838342011,6.310248038149287,-0.09235419595409791,0.0
2020-07-29 12:30:00+00:00,0.0,-5.693139920346368,1.1005692599620494,Wholesale Inventories,-3.276677785167689,True,-0.0,0.0,-0.0,Wholesale Inventories,All · surprise + DTW agree,2.8877831478489195,12.328855104111366,0.2342296282552559,1.0
2020-08-03 14:00:00+00:00,-1.0,0.7547454624479144,1.0962425342103272,ISM Manufacturing,-0.296357751754649,True,-0.7547454624479144,1.0962425342103272,-1.8509879966582417,ISM Manufacturing,All · surprise + DTW agree,-2.275148343936085,13.896853367465681,-0.16371679860007013,0.0
2020-08-05 12:30:00+00:00,1.0,3.7173339709006825,1.078227245687091,Trade Balance,0.1639483699770445,True,3.7173339709006825,1.078227245687091,2.6391067252135914,Trade Balance,All · surprise + DTW agree,0.14862982716689585,16.243814677197435,0.00914993368987014,0.0
2020-08-05 14:00:00+00:00,0.0,5.926584608779706,1.0744720266765468,ISM Services,1.5559721000234692,True,0.0,0.0,0.0,ISM Services,All · surprise + DTW agree,-6.126611227774291,38.3359290324801,-0.1598138191090536,0.0
2020-08-07 12:30:00+00:00,0.0,-11.017261488994734,1.0671180453341182,Employment Report (NFP),-0.5492246572325834,True,-0.0,0.0,-0.0,Employment Report (NFP),All · surprise + DTW agree,3.1556881150764617,16.04315704373872,0.19669994543300037,1.0
2020-08-07 14:00:00+00:00,1.0,-10.296389818975626,1.065902157532988,Wholesale Inventories+Wholesale Trade Sales MoM,1.6243182274460457,True,-10.296389818975626,1.065902157532988,-11.362291976508615,Wholesale Inventories+Wholesale Trade Sales MoM,All · surprise + DTW agree,1.0551259576916363,14.702784915693071,0.07176368040080922,0.0
2020-08-12 12:30:00+00:00,-1.0,20.44440374231016,1.0410683515221135,CPI,-3.996133963581365,True,-20.44440374231016,1.0410683515221135,-21.485472093832275,CPI,All · surprise + DTW agree,-2.2052976699465217,8.094456320483586,-0.2724454345829086,-1.0
2020-08-14 12:30:00+00:00,0.0,-4.328223692464661,1.0451957038852446,Retail Sales+Unit Labor Costs,0.0802428632380274,True,-0.0,0.0,-0.0,Retail Sales+Unit Labor Costs,All · surprise + DTW agree,-2.1228151136272944,9.139655735912871,-0.23226423127580384,-1.0
2020-08-17 12:30:00+00:00,0.0,13.274735109298774,1.0409936104530118,Empire Manufacturing,-1.2104555527416634,True,0.0,0.0,0.0,Empire Manufacturing,All · surprise + DTW agree,2.076081852341949,15.175515546301444,0.1368047000451282,1.0
2020-08-28 12:30:00+00:00,0.0,-15.386770415766192,1.0131358300726665,Wholesale Inventories,1.5885314771201302,True,-0.0,0.0,-0.0,Wholesale Inventories,All · surprise + DTW agree,-2.0211891552384667,9.794494865507893,-0.2063597135934236,-1.0
2020-09-01 14:00:00+00:00,1.0,17.567904451585292,1.0209110751249737,ISM Manufacturing,0.3668217735328734,True,17.567904451585292,1.0209110751249737,16.546993376460318,ISM Manufacturing,All · surprise + DTW agree,2.4302966903329795,9.989183180248187,0.24329283450707503,1.0
2020-09-03 12:30:00+00:00,0.0,-2.7520726720808852,0.9979009669316266,Trade Balance+Unit Labor Costs,2.3148351627159673,True,-0.0,0.0,-0.0,Trade Balance+Unit Labor Costs,All · surprise + DTW agree,-2.839654798825057,8.195899279318343,-0.3464726324774006,-1.0
2020-09-03 14:00:00+00:00,0.0,-81.72882018710581,0.9949907362931448,ISM Services,-0.0500250029462718,True,-0.0,0.0,-0.0,ISM Services,All · surprise + DTW agree,7.37775733060197,14.121147195990378,0.5224616122333774,1.0
2020-09-04 12:30:00+00:00,-1.0,31.28902691535984,1.0207314068494595,Employment Report (NFP),-0.5016270518172774,True,-31.28902691535984,1.0207314068494595,-32.3097583222093,Employment Report (NFP),All · surprise + DTW agree,-0.6575290405303729,6.503353234638072,-0.10110615505678679,0.0
2020-09-10 14:00:00+00:00,-1.0,-28.160497694305064,1.03291067103576,Wholesale Inventories,-0.4221794026410042,True,28.160497694305064,1.03291067103576,27.127587023269303,Wholesale Inventories,All · surprise + DTW agree,-10.599804209992634,31.103215651804785,-0.3407944801803017,-1.0
2020-09-11 12:30:00+00:00,-1.0,-12.660747951773743,1.0484075051516577,CPI,-1.3558031003421431,True,12.660747951773743,1.0484075051516577,11.612340446622085,CPI,All · surprise + DTW agree,-1.427661703258727,5.7869057064267295,-0.2467055410412541,-1.0
2020-09-15 12:30:00+00:00,1.0,16.314953078016003,1.0296101682880068,Empire Manufacturing,1.0813133915123598,True,16.314953078016003,1.0296101682880068,15.285342909727996,Empire Manufacturing,All · surprise + DTW agree,0.8726346338951251,10.074800833033224,0.08661557169784771,0.0
2020-09-16 12:30:00+00:00,0.0,-8.171241239818272,1.0296832836244851,Retail Sales,-0.2807807688610645,True,-0.0,0.0,-0.0,Retail Sales,All · surprise + DTW agree,0.49393379550420763,12.287306296460864,0.040198704548162545,0.0
2020-09-29 12:30:00+00:00,0.0,0.7282260416907604,1.0562739027499546,Wholesale Inventories,1.163368098143154,True,0.0,0.0,0.0,Wholesale Inventories,All · surprise + DTW agree,-0.12099024545524026,11.948795144204864,-0.010125727656643291,0.0
2020-10-01 14:00:00+00:00,1.0,5.052510122283138,1.0454217736121123,ISM Manufacturing,0.296926032243375,True,5.052510122283138,1.0454217736121123,4.007088348671026,ISM Manufacturing,All · surprise + DTW agree,1.5817280892688226,23.737010471021218,0.06663552224488585,0.0
2020-10-02 12:30:00+00:00,0.0,-17.22463915134753,1.0603678379465429,Employment Report (NFP),0.1309679333818734,True,-0.0,0.0,-0.0,Employment Report (NFP),All · surprise + DTW agree,-0.26924329215854614,11.816254999983313,-0.022785839689387744,0.0
2020-10-05 14:00:00+00:00,0.0,28.033370860249818,1.0444052292289407,ISM Services,0.8033496541843892,True,0.0,0.0,0.0,ISM Services,All · surprise + DTW agree,-1.5289103850395613,17.881418074008135,-0.08550274808808017,0.0
2020-10-06 12:30:00+00:00,1.0,7.82055423599104,1.0312211080293008,Trade Balance,0.2935368519307854,True,7.82055423599104,1.0312211080293008,6.789333127961739,Trade Balance,All · surprise + DTW agree,3.9672129324078753,6.22698171670366,0.6371004626151328,1.0
2020-10-09 14:00:00+00:00,0.0,-15.867701984131344,1.021486438886932,Wholesale Inventories,-0.2114658581555675,True,-0.0,0.0,-0.0,Wholesale Inventories,All · surprise + DTW agree,2.5082213996365,14.327469207650331,0.17506381366342103,1.0
2020-10-13 12:30:00+00:00,1.0,-1.7446830827339,1.011969152388596,CPI,0.0984578301877035,True,-1.7446830827339,1.011969152388596,-2.756652235122496,CPI,All · surprise + DTW agree,14.813792991362712,39.03600399210535,0.37949050815648694,1.0
2020-10-15 12:30:00+00:00,-1.0,-2.493543516344232,1.0315512396400242,Empire Manufacturing,-0.3739885898393377,True,2.493543516344232,1.0315512396400242,1.461992276704208,Empire Manufacturing,All · surprise + DTW agree,-3.8570219830635084,15.28102483311657,-0.25240597572387213,-1.0
2020-10-16 12:30:00+00:00,1.0,9.473518716980324,1.018830803822372,Retail Sales,0.9863107475674128,True,9.473518716980324,1.018830803822372,8.454687913157953,Retail Sales,All · surprise + DTW agree,9.08030229181644,21.23575840541206,0.4275949141285329,1.0
2020-10-28 12:30:00+00:00,-1.0,-47.00273509602226,1.0791500762847468,Wholesale Inventories,-1.0600125233618949,True,47.00273509602226,1.0791500762847468,45.923585019737516,Wholesale Inventories,All · surprise + DTW agree,-3.7728514310962864,17.868268214583335,-0.21114813062952809,-1.0
2020-11-02 15:00:00+00:00,0.0,25.31458428769895,1.0835450605290688,ISM Manufacturing,0.713259446371875,True,0.0,0.0,0.0,ISM Manufacturing,All · surprise + DTW agree,-18.05675360322688,56.17762028541533,-0.3214225435589468,-1.0
2020-11-04 13:30:00+00:00,0.0,-20.70506923963933,1.0512197774313987,Trade Balance,0.0,True,-0.0,0.0,-0.0,Trade Balance,All · surprise + DTW agree,2.709082056321319,13.107213595993947,0.20668634385795892,1.0
2020-11-04 15:00:00+00:00,-1.0,48.52546320373463,1.044819138204352,ISM Services,-0.4530035691642165,True,-48.52546320373463,1.044819138204352,-49.570282341938984,ISM Services,All · surprise + DTW agree,-6.399626513282229,25.02817659530739,-0.2556968738378694,-1.0
2020-11-05 13:30:00+00:00,0.0,1.423639536888288,1.0323591185789045,Unit Labor Costs,-1.2880771122265486,True,0.0,0.0,0.0,Unit Labor Costs,All · surprise + DTW agree,0.12172614617118518,30.19276945411256,0.004031632353440994,0.0
2020-11-06 13:30:00+00:00,1.0,48.160438708304554,1.031844867461306,Employment Report (NFP),0.0114085489231468,True,48.160438708304554,1.031844867461306,47.128593840843244,Employment Report (NFP),All · surprise + DTW agree,6.473668993562155,21.79877326980321,0.2969740046119851,1.0
2020-11-06 15:00:00+00:00,0.0,21.99284345726582,1.0307079897640037,Wholesale Inventories+Wholesale Trade Sales MoM,0.2877853761355006,True,0.0,0.0,0.0,Wholesale Inventories+Wholesale Trade Sales MoM,All · surprise + DTW agree,-5.193648721844453,12.461072461256228,-0.4167898660402196,-1.0
2020-11-12 13:30:00+00:00,0.0,23.371723991569837,0.9975233902036325,CPI,1.133771684728648,True,0.0,0.0,0.0,CPI,All · surprise + DTW agree,-4.4214824916428315,15.57302308334679,-0.2839193435968768,-1.0
2020-11-16 13:30:00+00:00,0.0,-12.719241238130508,0.9699645461234864,Empire Manufacturing,-0.7721790076701166,True,-0.0,0.0,-0.0,Empire Manufacturing,All · surprise + DTW agree,1.0862551638623563,13.857165866727094,0.07838941774310432,0.0
2020-11-17 13:30:00+00:00,-1.0,-7.763058359664399,0.9781435509983808,Retail Sales,-0.3132798024650201,True,7.763058359664399,0.9781435509983808,6.784914808666018,Retail Sales,All · surprise + DTW agree,-1.1797296121469785,12.863325787362855,-0.09171264349892812,0.0
2020-11-25 13:30:00+00:00,0.0,-3.673707981537433,0.9686038744154976,Wholesale Inventories,1.059192869154276,True,-0.0,0.0,-0.0,Wholesale Inventories,All · surprise + DTW agree,-0.013423886166124332,8.568324174878173,-0.0015666874749536654,0.0
2020-12-01 15:00:00+00:00,1.0,21.67570669428187,0.9679895857672152,ISM Manufacturing,0.0854166451469887,True,21.67570669428187,0.9679895857672152,20.707717108514657,ISM Manufacturing,All · surprise + DTW agree,6.1403830194293905,13.455823375167984,0.45633647590537973,1.0
2020-12-03 15:00:00+00:00,0.0,6.005805792614893,0.9686362269948896,ISM Services,0.0504448970387398,True,0.0,0.0,0.0,ISM Services,All · surprise + DTW agree,-6.32437596143694,36.96228866472239,-0.17110347302365672,0.0
2020-12-04 13:30:00+00:00,-1.0,-2.663027211902147,0.9647692870687647,Employment Report (NFP)+Trade Balance,-0.381605804821828,True,2.663027211902147,0.9647692870687647,1.6982579248333822,Employment Report (NFP)+Trade Balance,All · surprise + DTW agree,-3.3029127223503094,14.102694893649875,-0.23420436641776432,-1.0
2020-12-08 13:30:00+00:00,0.0,-5.338494004210048,0.967117988394584,Unit Labor Costs,-1.1480377362460092,True,-0.0,0.0,-0.0,Unit Labor Costs,All · surprise + DTW agree,1.2293445409832895,11.062213925155422,0.11113006395471758,0.0
2020-12-09 15:00:00+00:00,1.0,-10.597782081482876,0.9596293845135672,Wholesale Inventories,0.423818775781096,True,-10.597782081482876,0.9596293845135672,-11.557411465996443,Wholesale Inventories,All · surprise + DTW agree,3.985462613983668,20.332142353001636,0.19601783937909986,1.0
2020-12-10 13:30:00+00:00,0.0,-34.00116612777282,0.9650261222588268,CPI,-1.0027173158855538,True,-0.0,0.0,-0.0,CPI,All · surprise + DTW agree,2.322491115577132,7.360834828366964,0.3155200693577291,1.0
2020-12-15 13:30:00+00:00,-1.0,-1.9980020046617144,0.9656366542354822,Empire Manufacturing,-0.145120139788289,True,1.9980020046617144,0.9656366542354822,1.0323653504262322,Empire Manufacturing,All · surprise + DTW agree,-4.625976390432574,22.370625107834233,-0.20678798058318668,-1.0
2020-12-16 13:30:00+00:00,0.0,-8.270614978105328,0.9584558945037512,Retail Sales,-0.7689728679940302,True,-0.0,0.0,-0.0,Retail Sales,All · surprise + DTW agree,6.2261775205519605,11.787975592669735,0.5281803878541844,1.0
2020-12-30 13:30:00+00:00,0.0,-10.232205932929617,0.9567483751773284,Wholesale Inventories,-1.4871310221860072,True,-0.0,0.0,-0.0,Wholesale Inventories,All · surprise + DTW agree,2.4632782479280446,12.627934666899279,0.1950658055259712,1.0
2021-01-04 15:00:00+00:00,-1.0,-51.78197226628711,0.954072904329517,ISM Manufacturing,-0.0900778194989784,True,51.78197226628711,0.954072904329517,50.8278993619576,ISM Manufacturing,All · surprise + DTW agree,-1.327579047368897,17.007713408067126,-0.07805746813320583,0.0
2021-01-05 15:00:00+00:00,1.0,-30.469653301086197,0.9603603006921216,ISM Manufacturing,2.4155231030244364,True,-30.469653301086197,0.9603603006921216,-31.43001360177832,ISM Manufacturing,All · surprise + DTW agree,0.8107480757117018,23.430526334065394,0.0346022135462217,0.0
2021-01-07 13:30:00+00:00,0.0,-8.758982571634988,0.9405812143227814,Trade Balance,0.2635492959073827,True,-0.0,0.0,-0.0,Trade Balance,All · surprise + DTW agree,-2.393271876416568,12.858238540937188,-0.18612750640743142,-1.0
2021-01-07 15:00:00+00:00,1.0,36.83364422879976,0.9385113268608416,ISM Services,1.367125704490848,True,36.83364422879976,0.9385113268608416,35.89513290193892,ISM Services,All · surprise + DTW agree,5.277274322265712,26.278119999045128,0.20082389160478273,1.0
2021-01-08 13:30:00+00:00,-1.0,1.936295872049243,0.9349711448560466,Employment Report (NFP),-0.5060290613892353,True,-1.936295872049243,0.9349711448560466,-2.8712670169052896,Employment Report (NFP),All · surprise + DTW agree,-5.726316072653535,20.412832070441326,-0.2805253113773219,-1.0
2021-01-12 15:00:00+00:00,-1.0,16.81868563867539,0.9382987672695506,JOLTS,-0.3181384779314583,True,-16.81868563867539,0.9382987672695506,-17.75698440594494,JOLTS,All · surprise + DTW agree,-11.072129344169053,48.82040963342479,-0.22679304469802203,-1.0
2021-01-13 13:30:00+00:00,0.0,0.9697596619773208,0.9378436064937584,CPI,-0.1379258705550614,True,0.0,0.0,0.0,CPI,All · surprise + DTW agree,9.583097469695428,21.02597992916771,0.4557741185894285,1.0
2021-01-15 13:30:00+00:00,0.0,-13.008131915572818,0.9425377015080604,PPI+Retail Sales,-0.6955791139535827,True,-0.0,0.0,-0.0,PPI+Retail Sales,All · surprise + DTW agree,1.5856516446400823,8.603665172756918,0.18429955289996294,1.0
2021-01-28 13:30:00+00:00,0.0,60.74430219529248,0.9603284985760646,GDP,0.92389157098814,True,0.0,0.0,0.0,GDP,All · surprise + DTW agree,-4.379106523187522,15.142883452184927,-0.28918577739932827,-1.0
2021-02-01 15:00:00+00:00,1.0,-11.348465837457413,0.9666988899629988,ISM Manufacturing,0.2335430042915381,True,-11.348465837457413,0.9666988899629988,-12.315164727420411,ISM Manufacturing,All · surprise + DTW agree,2.8078731008872215,16.059942216811336,0.17483706124097861,1.0
2021-02-03 15:00:00+00:00,0.0,-39.663730231946914,0.9485183489239224,ISM Services,1.0113251796339238,True,-0.0,0.0,-0.0,ISM Services,All · surprise + DTW agree,-6.970475600027405,17.96953785466161,-0.38790511232981667,-1.0
2021-02-05 13:30:00+00:00,1.0,0.3217762046858752,0.932745810684764,Employment Report (NFP)+Trade Balance,0.3206940650826022,True,0.3217762046858752,0.932745810684764,-0.6109696059988888,Employment Report (NFP)+Trade Balance,All · surprise + DTW agree,2.2796913565099137,8.73641225206464,0.2609413670893522,1.0
2021-02-09 15:00:00+00:00,-1.0,5.446535977657874,0.9298149988778096,JOLTS,-1.0211883847669092,True,-5.446535977657874,0.9298149988778096,-6.376350976535683,JOLTS,All · surprise + DTW agree,-1.0660951043733544,20.517186773060644,-0.051961076153634884,0.0
2021-02-10 13:30:00+00:00,0.0,13.697977708488908,0.9247448979591836,CPI,1.288137979686124,True,0.0,0.0,0.0,CPI,All · surprise + DTW agree,-0.4055186893696969,8.670024850993006,-0.0467724944667548,0.0
2021-02-17 13:30:00+00:00,0.0,-17.81624294121542,0.9218640727318964,PPI+Retail Sales,1.021989622888536,True,-0.0,0.0,-0.0,PPI+Retail Sales,All · surprise + DTW agree,7.222899488185326,26.405792040663396,0.2735346653136735,1.0
2021-02-25 13:30:00+00:00,0.0,10.342072783533496,0.9093759799310128,GDP,0.0338883419510687,True,0.0,0.0,0.0,GDP,All · surprise + DTW agree,-7.91380390086264,14.168031409481202,-0.5585676423308003,-1.0
2021-03-01 15:00:00+00:00,1.0,30.80687809568161,0.9221278895990332,ISM Manufacturing,1.0794239590770696,True,30.80687809568161,0.9221278895990332,29.88475020608258,ISM Manufacturing,All · surprise + DTW agree,7.302954508258387,9.68689395184293,0.7539005324683049,1.0
2021-03-03 15:00:00+00:00,0.0,8.606263978485629,0.9245974812689304,ISM Services,-1.7215708290436416,True,0.0,0.0,0.0,ISM Services,All · surprise + DTW agree,3.611452250696459,42.16154850585032,0.08565748599568954,0.0
2021-03-05 13:30:00+00:00,0.0,69.36742393667927,0.9363900548918308,Employment Report (NFP)+Trade Balance,-0.0324545327698142,True,0.0,0.0,0.0,Employment Report (NFP)+Trade Balance,All · surprise + DTW agree,1.9880935648684583,14.360705973487947,0.1384398210323909,0.0
2021-03-10 13:30:00+00:00,1.0,12.19645828482996,0.9085782317187794,CPI,0.4696093137644077,True,12.19645828482996,0.9085782317187794,11.28788005311118,CPI,All · surprise + DTW agree,4.622292982286412,24.646380117636653,0.18754449782176144,1.0
2021-03-11 15:00:00+00:00,-1.0,-0.9230059232834265,0.892472456453499,JOLTS,-0.9024757408176772,True,0.9230059232834265,0.892472456453499,0.030533466829927414,JOLTS,All · surprise + DTW agree,-4.013761436847521,25.570401539512453,-0.15696904214215368,0.0
2021-03-12 13:30:00+00:00,0.0,-12.90917652763568,0.890937019969278,PPI,-0.069215660612978,True,-0.0,0.0,-0.0,PPI,All · surprise + DTW agree,7.568691791653922,22.124482210756828,0.34209577062888535,1.0
2021-03-16 12:30:00+00:00,0.0,-7.891222941971421,0.8802015357999211,Retail Sales,-2.326259970568737,True,-0.0,0.0,-0.0,Retail Sales,All · surprise + DTW agree,4.705448602414546,23.48587756355874,0.20035225806148435,1.0
2021-03-25 12:30:00+00:00,0.0,-12.11688278365486,0.9010408575423332,GDP,-0.2023839788957458,True,-0.0,0.0,-0.0,GDP,All · surprise + DTW agree,5.117135254229614,11.61574009128607,0.44053458617487495,1.0
2021-04-01 14:00:00+00:00,1.0,7.899854567376963,0.8820487864225318,ISM Manufacturing,0.7017066736259269,True,7.899854567376963,0.8820487864225318,7.017805780954431,ISM Manufacturing,All · surprise + DTW agree,11.600964905397701,44.71454643331591,0.2594449867158678,1.0
2021-04-02 12:30:00+00:00,0.0,,,Employment Report (NFP),0.5004287026007675,False,0.0,0.0,0.0,Employment Report (NFP),All · surprise + DTW agree,-1.368426339628515e-09,0.00037025053597584273,-3.695946951222777e-06,0.0
2021-04-05 14:00:00+00:00,1.0,18.29716904429901,0.8701392222755641,ISM Services,2.356061001276855,True,18.29716904429901,0.8701392222755641,17.427029822023446,ISM Services,All · surprise + DTW agree,1.5179218768347091,23.29551240109272,0.06515941142224063,0.0
2021-04-06 14:00:00+00:00,0.0,0.0,0.868367469157983,JOLTS,-1.9473912117295336,True,0.0,0.0,0.0,JOLTS,All · surprise + DTW agree,3.965816950079692,20.12217079646069,0.19708693411832304,1.0
2021-04-07 12:30:00+00:00,0.0,-6.611769189603933,0.8712633318311551,Trade Balance,0.1997691979585386,True,-0.0,0.0,-0.0,Trade Balance,All · surprise + DTW agree,-4.144756783990569,12.365108235966249,-0.3351977762665079,-1.0
2021-04-09 12:30:00+00:00,0.0,-9.867979210813616,0.8666547128085589,PPI,-1.0604732421740208,True,-0.0,0.0,-0.0,PPI,All · surprise + DTW agree,0.08750173913559967,11.573631638332754,0.007560439270054804,0.0
2021-04-13 12:30:00+00:00,0.0,15.799910872313916,0.86536166149439,CPI,-0.9993076866861766,True,0.0,0.0,0.0,CPI,All · surprise + DTW agree,5.034763964036931,25.628532470185696,0.19645151238737513,1.0
2021-04-15 12:30:00+00:00,1.0,-6.214396885653173,0.8581658923445683,Retail Sales,1.9770806014857172,True,-6.214396885653173,0.8581658923445683,-7.072562777997741,Retail Sales,All · surprise + DTW agree,1.853655942265877,9.21691408439059,0.20111459489517833,1.0
2021-04-29 12:30:00+00:00,0.0,2.0654146393361827,0.8559874848726349,GDP,-1.23637120910591,True,0.0,0.0,0.0,GDP,All · surprise + DTW agree,9.399590392759643,19.99116039200876,0.4701873332233893,1.0
2021-05-03 14:00:00+00:00,0.0,-5.873025364078188,0.8506643982282714,ISM Manufacturing,-0.9598333764214058,True,-0.0,0.0,-0.0,ISM Manufacturing,All · surprise + DTW agree,6.24355843053097,14.14458269610593,0.44140987151567584,1.0
2021-05-04 12:30:00+00:00,0.0,-1.4763416281304842,0.8566702115089212,Trade Balance,0.0,True,-0.0,0.0,-0.0,Trade Balance,All · surprise + DTW agree,-10.277182106550283,19.825200462016923,-0.518389820382413,-1.0
2021-05-05 14:00:00+00:00,-1.0,-20.578558532111657,0.8515886533153227,ISM Services,-0.6925628326738643,True,20.578558532111657,0.8515886533153227,19.726969878796336,ISM Services,All · surprise + DTW agree,-2.088343820882731,16.03998129312998,-0.1301961506511969,0.0
2021-05-07 12:30:00+00:00,0.0,-25.24191495906436,0.8392660762863923,Employment Report (NFP),-0.7089676985876704,True,-0.0,0.0,-0.0,Employment Report (NFP),All · surprise + DTW agree,3.7803908813852587,13.495319746165729,0.28012606981463617,1.0
2021-05-11 14:00:00+00:00,-1.0,-72.9440400623993,0.8433174363149936,JOLTS,-2.576269168488608,True,72.9440400623993,0.8433174363149936,72.1007226260843,JOLTS,All · surprise + DTW agree,-8.856298254666035,50.34059001365342,-0.1759275815453101,0.0
2021-05-12 12:30:00+00:00,-1.0,34.09261200770786,0.8511387649683024,CPI,-5.0,True,-34.09261200770786,0.8511387649683024,-34.94375077267616,CPI,All · surprise + DTW agree,-4.195190509416321,27.239836426577636,-0.1540093869771962,0.0
2021-05-13 12:30:00+00:00,0.0,11.347688379874654,0.8660335662664993,PPI,-0.8302527767355794,True,0.0,0.0,0.0,PPI,All · surprise + DTW agree,2.0634246031751853,11.738183258688387,0.1757873904079557,1.0
2021-05-14 12:30:00+00:00,-1.0,0.2934659799791461,0.8506643982282714,Retail Sales,-0.9672108239926273,True,-0.2934659799791461,0.8506643982282714,-1.1441303782074175,Retail Sales,All · surprise + DTW agree,-11.030035980246758,31.59580034232772,-0.3490981668684059,-1.0
2021-05-27 12:30:00+00:00,1.0,18.894530569202317,0.8439800937108931,GDP,0.1407265703459278,True,18.894530569202317,0.8439800937108931,18.050550475491423,GDP,All · surprise + DTW agree,1.5064217640659656,16.44468476223669,0.09160539018207806,0.0
2021-06-01 14:00:00+00:00,-1.0,-16.745586543880364,0.8366510876464139,ISM Manufacturing,-0.16436168117448,True,16.745586543880364,0.8366510876464139,15.90893545623395,ISM Manufacturing,All · surprise + DTW agree,-13.493457789706694,22.329616915931098,-0.6042852342925672,-1.0
2021-06-03 14:00:00+00:00,1.0,11.618113944447115,0.8431458060764645,ISM Services,0.4207804931419375,True,11.618113944447115,0.8431458060764645,10.774968138370651,ISM Services,All · surprise + DTW agree,9.31212884430468,85.83316090127852,0.10849103943655386,0.0
2021-06-04 12:30:00+00:00,0.0,15.593419272867948,0.8395819460930488,Employment Report (NFP),-0.2310781870635939,True,0.0,0.0,0.0,Employment Report (NFP),All · surprise + DTW agree,9.679051930816978,23.6773423372905,0.40878962651027806,1.0
2021-06-08 12:30:00+00:00,0.0,-3.46600430944477,0.837472565553887,Trade Balance,0.0838456269548831,True,-0.0,0.0,-0.0,Trade Balance,All · surprise + DTW agree,-0.09706470560402125,8.3525892340151,-0.01162091213688981,0.0
2021-06-08 14:00:00+00:00,0.0,5.500789067642842,0.8397278123642682,JOLTS,-4.405984045331288,True,0.0,0.0,0.0,JOLTS,All · surprise + DTW agree,15.054237835503743,62.5560773502907,0.24065188344859967,1.0
2021-06-10 12:30:00+00:00,-1.0,42.891157158262416,0.8407990490272825,CPI,-2.161322880787721,True,-42.891157158262416,0.8407990490272825,-43.7319562072897,CPI,All · surprise + DTW agree,-2.1694832475959984,22.669983827026943,-0.09569849119210931,0.0
2021-06-15 12:30:00+00:00,-1.0,3.4907060307354243,0.8435872821944905,PPI+Retail Sales,-0.6834304107887602,True,-3.4907060307354243,0.8435872821944905,-4.334293312929915,PPI+Retail Sales,All · surprise + DTW agree,-0.4196872841214361,11.901578275667072,-0.03526316211182613,0.0
2021-06-24 12:30:00+00:00,0.0,-7.369957440452879,0.8547512379155859,GDP,0.0,True,-0.0,0.0,-0.0,GDP,All · surprise + DTW agree,-1.1307250883950792,15.309274640692054,-0.0738588283856122,0.0
2021-07-01 14:00:00+00:00,0.0,0.0,0.8411648683141896,ISM Manufacturing,0.1067633581298379,True,0.0,0.0,0.0,ISM Manufacturing,All · surprise + DTW agree,-0.5233276165555963,22.9926123056704,-0.022760685458369345,0.0
2021-07-02 12:30:00+00:00,0.0,9.834548981935145,0.8402874362540566,Employment Report (NFP)+Trade Balance,-0.1780729192107524,True,0.0,0.0,0.0,Employment Report (NFP)+Trade Balance,All · surprise + DTW agree,29.982251470659655,50.92986053664207,0.5886969089398661,1.0
2021-07-06 14:00:00+00:00,-1.0,-28.128598053260845,0.8394847300622377,ISM Services,-1.689007885678819,True,28.128598053260845,0.8394847300622377,27.289113323198606,ISM Services,All · surprise + DTW agree,-4.814622165155649,23.199053897049453,-0.2075352808145332,-1.0
2021-07-07 14:00:00+00:00,1.0,-27.88024923319199,0.8412380703739158,JOLTS,0.4402456017540864,True,-27.88024923319199,0.8412380703739158,-28.721487303565905,JOLTS,All · surprise + DTW agree,7.490969534274236,23.095267342153363,0.3243508474397158,1.0
2021-07-13 12:30:00+00:00,-1.0,-11.2154382181906,0.8323287985764307,CPI,-4.096583947692579,True,11.2154382181906,0.8323287985764307,10.38310941961417,CPI,All · surprise + DTW agree,-6.964296570664102,33.2405828656041,-0.20951186682922013,-1.0
2021-07-14 12:30:00+00:00,0.0,13.487339730176018,0.8336687173000632,PPI,-0.6879992737588922,True,0.0,0.0,0.0,PPI,All · surprise + DTW agree,16.48603858518577,30.395289528372384,0.5423879436909765,1.0
2021-07-16 12:30:00+00:00,0.0,1.1452457996341536,0.8306361527224816,Retail Sales,0.6405548929336561,True,0.0,0.0,0.0,Retail Sales,All · surprise + DTW agree,-1.4079278377906108,12.705386967448122,-0.11081345585126977,0.0
2021-07-29 12:30:00+00:00,1.0,8.294839083777816,0.8294719981694411,GDP,0.1221303058056106,True,8.294839083777816,0.8294719981694411,7.465367085608375,GDP,All · surprise + DTW agree,0.8658745773040406,25.25280929520494,0.03428824758394128,0.0
2021-08-02 14:00:00+00:00,-1.0,3.142902067327924,0.8284057474219442,ISM Manufacturing,-0.6086009376906233,True,-3.142902067327924,0.8284057474219442,-3.971307814749868,ISM Manufacturing,All · surprise + DTW agree,-4.886174098974365,24.685328533679485,-0.1979383864512033,-1.0
2021-08-04 14:00:00+00:00,1.0,-10.6222646892995,0.8324243642000114,ISM Services,1.796580882777009,True,-10.6222646892995,0.8324243642000114,-11.454689053499512,ISM Services,All · surprise + DTW agree,1.7518154780300024,15.748896302998439,0.11123417440347699,0.0
2021-08-05 12:30:00+00:00,1.0,-5.755064615566852,0.83422029168944,Trade Balance,0.5236379038162516,True,-5.755064615566852,0.83422029168944,-6.589284907256292,Trade Balance,All · surprise + DTW agree,1.8918710272327313,10.160745432736444,0.1861941173270022,1.0
2021-08-06 12:30:00+00:00,1.0,0.2854573740940225,0.8297805373544307,Employment Report (NFP),0.1588482546896125,True,0.2854573740940225,0.8297805373544307,-0.5443231632604082,Employment Report (NFP),All · surprise + DTW agree,12.14698355455258,22.420246005035956,0.541786363620817,1.0
2021-08-09 14:00:00+00:00,0.0,-6.862829470684062,0.8289977702818592,JOLTS,-3.053810074860797,True,-0.0,0.0,-0.0,JOLTS,All · surprise + DTW agree,8.619062577943334,31.44132980842758,0.2741316169023191,1.0
2021-08-11 12:30:00+00:00,1.0,6.817988389435925,0.8247305406250889,CPI,0.1684786406014942,True,6.817988389435925,0.8247305406250889,5.993257848810837,CPI,All · surprise + DTW agree,21.388039989164213,41.61722356209703,0.5139227982676724,1.0
2021-08-12 12:30:00+00:00,0.0,0.565019634581887,0.8195794709473209,PPI,-0.946188387587959,True,0.0,0.0,0.0,PPI,All · surprise + DTW agree,1.1055118287205348,29.678454409698123,0.03724964290456053,0.0
2021-08-17 12:30:00+00:00,0.0,10.469871780838249,0.8209715773978031,Retail Sales,-0.5855245724150736,True,0.0,0.0,0.0,Retail Sales,All · surprise + DTW agree,5.274223170750819,27.469727118403604,0.19200129466219937,1.0
2021-08-26 12:30:00+00:00,1.0,-1.6952504773293242,0.8191396209360788,GDP,0.127742889213022,True,-1.6952504773293242,0.8191396209360788,-2.514390098265403,GDP,All · surprise + DTW agree,3.1034055792104702,23.591335376870912,0.13154853379995893,0.0
2021-09-01 14:00:00+00:00,0.0,-5.098139289607673,0.821622846781505,ISM Manufacturing,-0.0509947575904686,True,-0.0,0.0,-0.0,ISM Manufacturing,All · surprise + DTW agree,3.997801439578936,19.25207102401441,0.2076556560897894,1.0
2021-09-02 12:30:00+00:00,0.0,11.0255152875105,0.8204141677039719,Trade Balance,-0.2709942544124359,True,0.0,0.0,0.0,Trade Balance,All · surprise + DTW agree,2.5516532378879297,13.285987063503999,0.19205597790300466,1.0
2021-09-03 12:30:00+00:00,0.0,7.05825916172742,0.8176384346453142,Employment Report (NFP),-0.4613882754079159,True,0.0,0.0,0.0,Employment Report (NFP),All · surprise + DTW agree,9.908332663627991,24.391134056514282,0.4062268134261562,1.0
2021-09-03 14:00:00+00:00,1.0,24.63160034169576,0.8218091135796871,ISM Services,0.0489473110129649,True,24.63160034169576,0.8218091135796871,23.809791228116072,ISM Services,All · surprise + DTW agree,10.92832412212319,34.236463666986424,0.31920131204033103,1.0
2021-09-08 14:00:00+00:00,-1.0,-29.063989685358393,0.8259049354939766,JOLTS,-3.2721174906357176,True,29.063989685358393,0.8259049354939766,28.238084749864417,JOLTS,All · surprise + DTW agree,-6.077245660386782,23.809029847845547,-0.2552496132443929,-1.0
2021-09-10 12:30:00+00:00,1.0,1.9978024239897252,0.8281691749721564,PPI,0.1954043895388476,True,1.9978024239897252,0.8281691749721564,1.169633249017569,PPI,All · surprise + DTW agree,9.966071514603577,43.61652261930924,0.22849303236731558,1.0
2021-09-14 12:30:00+00:00,1.0,1.1441974897330454,0.8321377331420373,CPI,1.0799284758122711,True,1.1441974897330454,0.8321377331420373,0.31205975659100804,CPI,All · surprise + DTW agree,5.530399262733377,16.728312308468144,0.330601148564987,1.0
2021-09-16 12:30:00+00:00,0.0,,,Retail Sales,1.5672071054552583,False,0.0,0.0,0.0,Retail Sales,All · surprise + DTW agree,-1.4842553191923024e-09,0.00042943836674866543,-3.456270874048342e-06,0.0
2021-09-30 12:30:00+00:00,0.0,-6.980600033319462,0.8434646035716362,GDP,-0.1032129502898795,True,-0.0,0.0,-0.0,GDP,All · surprise + DTW agree,4.762598587577129,13.79464700627884,0.3452497614045043,1.0
2021-10-01 14:00:00+00:00,1.0,-59.75288440460247,0.8568220764639839,ISM Manufacturing,0.3998980415989841,True,-59.75288440460247,0.8568220764639839,-60.60970648106645,ISM Manufacturing,All · surprise + DTW agree,7.0866133610552975,44.52876911143962,0.159146850507366,1.0
2021-10-05 12:30:00+00:00,0.0,9.404850068683857,0.8525650448331618,Trade Balance,0.8666285064246295,True,0.0,0.0,0.0,Trade Balance,All · surprise + DTW agree,-2.153487944807103,6.487408480836491,-0.3319488746806076,-1.0
2021-10-05 14:00:00+00:00,1.0,56.7452090117726,0.8519388954171562,ISM Services,0.9823803319833486,True,56.7452090117726,0.8519388954171562,55.893270116355446,ISM Services,All · surprise + DTW agree,1.5264228060138711,24.755383444012498,0.06166023683155924,0.0
2021-10-08 12:30:00+00:00,1.0,5.196004966503409,0.8358312197371455,Employment Report (NFP),0.0737649946512602,True,5.196004966503409,0.8358312197371455,4.360173746766264,Employment Report (NFP),All · surprise + DTW agree,2.244180454284255,9.584085764096674,0.2341569670308324,1.0
2021-10-12 14:00:00+00:00,1.0,-10.764107109402232,0.8442503639010189,JOLTS,1.842855664506987,True,-10.764107109402232,0.8442503639010189,-11.60835747330325,JOLTS,All · surprise + DTW agree,5.325812617100968,34.08123410191205,0.15626818562894043,1.0
2021-10-13 12:30:00+00:00,-1.0,-30.34726577654467,0.8456289729981922,CPI,-0.3493036801244267,True,30.34726577654467,0.8456289729981922,29.50163680354648,CPI,All · surprise + DTW agree,-1.2243850621653807,11.949249097789723,-0.10246543963937095,0.0
2021-10-14 12:30:00+00:00,0.0,-0.2894900632632868,0.8397521283372907,PPI,0.3563744558977513,True,-0.0,0.0,-0.0,PPI,All · surprise + DTW agree,-7.880835679207666,19.73832737495927,-0.3992656282115155,-1.0
2021-10-15 12:30:00+00:00,0.0,22.87806991928321,0.8302318923561408,Retail Sales,0.3990036587866098,True,0.0,0.0,0.0,Retail Sales,All · surprise + DTW agree,-0.15543612971029663,9.267385295825767,-0.016772382365531784,0.0
2021-10-28 12:30:00+00:00,-1.0,0.5640953322583186,0.8180997517490408,GDP,-0.1823536221253097,True,-0.5640953322583186,0.8180997517490408,-1.3821950840073596,GDP,All · surprise + DTW agree,-2.485931048749168,14.666874941219087,-0.16949289188815717,0.0
2021-11-01 14:00:00+00:00,1.0,-14.540169773606948,0.809852271775252,ISM Manufacturing,0.0809631870047498,True,-14.540169773606948,0.809852271775252,-15.3500220453822,ISM Manufacturing,All · surprise + DTW agree,5.369718243835697,17.804325673778838,0.30159627172760056,1.0
2021-11-03 14:00:00+00:00,1.0,0.5578178168441639,0.8091517857142857,ISM Services,2.3118173296113196,True,0.5578178168441639,0.8091517857142857,-0.2513339688701218,ISM Services,All · surprise + DTW agree,6.101221546102137,21.4927095016207,0.2838740060038527,1.0
2021-11-04 12:30:00+00:00,0.0,-4.163486285957418,0.8047061435151784,Trade Balance,0.2381428190482827,True,-0.0,0.0,-0.0,Trade Balance,All · surprise + DTW agree,-0.144768143837667,15.854122345255993,-0.009131261932073193,0.0
2021-11-05 12:30:00+00:00,0.0,16.88792084765467,0.8041259982253771,Employment Report (NFP),-0.0215085391508514,True,0.0,0.0,0.0,Employment Report (NFP),All · surprise + DTW agree,3.2308518121663066,19.760701424367625,0.163498842616094,1.0
2021-11-09 13:30:00+00:00,-1.0,1.1032048110770631,0.7999337985821863,PPI,-0.0079645240247039,True,-1.1032048110770631,0.7999337985821863,-1.9031386096592495,PPI,All · surprise + DTW agree,-1.7733742146600266,5.586069847594994,-0.31746366641361073,-1.0
2021-11-10 13:30:00+00:00,0.0,4.980493171764522,0.8020133300146575,CPI,-2.420980080545173,True,0.0,0.0,0.0,CPI,All · surprise + DTW agree,9.436509948434054,20.857582986753673,0.45242586134870155,1.0
2021-11-12 15:00:00+00:00,-1.0,-9.476296035089147,0.8081371046398216,JOLTS,-0.486150746678363,True,9.476296035089147,0.8081371046398216,8.668158930449327,JOLTS,All · surprise + DTW agree,-11.106768946745579,15.199494669995758,-0.7307327768383419,-1.0
2021-11-16 13:30:00+00:00,1.0,0.0,0.8040368193412443,Retail Sales,0.4871289610150603,True,0.0,0.8040368193412443,-0.8040368193412443,Retail Sales,All · surprise + DTW agree,6.792268862661289,23.93879500349117,0.2837347853837557,1.0
2021-11-24 13:30:00+00:00,-1.0,-13.484284426503734,0.8137381446770301,GDP,-0.1272158414158342,True,13.484284426503734,0.8137381446770301,12.670546281826704,GDP,All · surprise + DTW agree,-1.3277083491664792,11.002253487609918,-0.12067603701929475,0.0
2021-12-01 15:00:00+00:00,-1.0,15.23141989755672,0.8347485679744394,ISM Manufacturing,-0.3089423528573359,True,-15.23141989755672,0.8347485679744394,-16.06616846553116,ISM Manufacturing,All · surprise + DTW agree,-2.950997012097245,23.749092353401366,-0.12425725447459472,0.0
2021-12-03 13:30:00+00:00,0.0,25.081094229015832,0.8361927280066895,Employment Report (NFP),0.1810886929354415,True,0.0,0.0,0.0,Employment Report (NFP),All · surprise + DTW agree,-0.37670191074604104,12.871245300634778,-0.029266935867305943,0.0
2021-12-03 15:00:00+00:00,1.0,13.582443170641056,0.8392660762863923,ISM Services,1.9929575373020203,True,13.582443170641056,0.8392660762863923,12.743177094354664,ISM Services,All · surprise + DTW agree,2.158034769028669,22.545095147573896,0.09572080999892775,0.0
2021-12-07 13:30:00+00:00,1.0,-9.563726081260882,0.8152021139034126,Trade Balance,0.1024063908340238,True,-9.563726081260882,0.8152021139034126,-10.378928195164294,Trade Balance,All · surprise + DTW agree,2.1804929491295777,4.938138752656108,0.44156170135088696,1.0
2021-12-08 15:00:00+00:00,0.0,-19.891026183156413,0.811801920331439,JOLTS,-1.9952001245085245,True,-0.0,0.0,-0.0,JOLTS,All · surprise + DTW agree,9.128676854509301,20.242215092392062,0.4509722287231435,1.0
2021-12-10 13:30:00+00:00,1.0,13.63971874257075,0.8089712117830842,CPI,0.1033839697781252,True,13.63971874257075,0.8089712117830842,12.830747530787665,CPI,All · surprise + DTW agree,6.29090331209453,19.338569203947394,0.32530345165403596,1.0
2021-12-14 13:30:00+00:00,0.0,-21.073639066617744,0.8136696501220504,PPI,-0.5433250393537279,True,-0.0,0.0,-0.0,PPI,All · surprise + DTW agree,13.59403157544993,41.79587563058659,0.32524815834942566,1.0
2021-12-15 13:30:00+00:00,0.0,-1.6881436087601287,0.8162805753370675,Retail Sales,-0.5041755102447956,True,-0.0,0.0,-0.0,Retail Sales,All · surprise + DTW agree,2.3871743928852456,8.730126824924444,0.2734409752295787,1.0
2021-12-22 13:30:00+00:00,-1.0,-15.838003197572448,0.8200197935812243,GDP,-0.1170923485502144,True,15.838003197572448,0.8200197935812243,15.017983403991224,GDP,All · surprise + DTW agree,-8.630137516743265,15.105978786267372,-0.571306079457016,-1.0
2022-01-03 15:00:00+00:00,0.0,18.451460008215292,0.8003974387281961,ISM Manufacturing,-0.1861257709692591,True,0.0,0.0,0.0,ISM Manufacturing,All · surprise + DTW agree,3.900248409763878,38.50863619594043,0.10128243415109675,0.0
2022-01-04 15:00:00+00:00,0.0,13.602483189920632,0.7897173356570992,ISM Manufacturing+JOLTS,0.1138096107157146,True,0.0,0.0,0.0,ISM Manufacturing+JOLTS,All · surprise + DTW agree,0.02430018430125308,14.513769522997476,0.001674284841215699,0.0
2022-01-06 13:30:00+00:00,0.0,-5.2217169641899375,0.796768964475094,Trade Balance,-0.2740383401628957,True,-0.0,0.0,-0.0,Trade Balance,All · surprise + DTW agree,0.5665085833991681,11.641905625680822,0.04866115579476178,0.0
2022-01-06 15:00:00+00:00,-1.0,11.349325103022778,0.8027015057573074,ISM Services,-2.412558322591876,True,-11.349325103022778,0.8027015057573074,-12.152026608780085,ISM Services,All · surprise + DTW agree,-10.204953504866188,19.694932967641666,-0.5181512179621377,-1.0
2022-01-07 13:30:00+00:00,0.0,-19.941842919433128,0.8028570637579248,Employment Report (NFP),-0.3320289676518577,True,-0.0,0.0,-0.0,Employment Report (NFP),All · surprise + DTW agree,0.09532737571274652,7.76061301907723,0.012283485270868635,0.0
2022-01-12 13:30:00+00:00,0.0,12.141281844666452,0.8007952725465289,CPI,-0.4997300887678889,True,0.0,0.0,0.0,CPI,All · surprise + DTW agree,2.9898896823215795,9.851079492115026,0.3035088372512615,1.0
2022-01-13 13:30:00+00:00,1.0,6.893414305206846,0.8004858120790548,PPI,0.4807046086658338,True,6.893414305206846,0.8004858120790548,6.092928493127792,PPI,All · surprise + DTW agree,2.8598032208033732,19.10891274412577,0.14965808149825266,0.0
2022-01-14 13:30:00+00:00,0.0,-18.46929306319467,0.8103274840728736,Retail Sales,-1.9593029065911824,True,-0.0,0.0,-0.0,Retail Sales,All · surprise + DTW agree,1.104450170313899,19.428300818575032,0.056847491740397334,0.0
2022-01-27 13:30:00+00:00,1.0,27.495849071783596,0.8497172492601599,GDP,0.2236054726641499,True,27.495849071783596,0.8497172492601599,26.646131822523436,GDP,All · surprise + DTW agree,0.1421208569206698,10.772569558694554,0.013192846529912995,0.0
2022-02-01 15:00:00+00:00,0.0,-6.578100882137505,0.8277200593675077,ISM Manufacturing+JOLTS,-0.8041592791255101,True,-0.0,0.0,-0.0,ISM Manufacturing+JOLTS,All · surprise + DTW agree,-2.144678183630273,27.975999312558248,-0.07666136103554809,0.0
2022-02-03 15:00:00+00:00,0.0,11.07026894587193,0.8245429473145489,ISM Services,0.1891494198741799,True,0.0,0.0,0.0,ISM Services,All · surprise + DTW agree,-10.751905973708164,23.76887806051759,-0.4523522711645411,-1.0
2022-02-04 13:30:00+00:00,-1.0,-0.28735219322229,0.8321138561303837,Employment Report (NFP),-0.1854492103308658,True,0.28735219322229,0.8321138561303837,-0.5447616629080937,Employment Report (NFP),All · surprise + DTW agree,-8.933566128881932,29.703708066384365,-0.30075592275942253,-1.0
2022-02-08 13:30:00+00:00,0.0,5.708414357545877,0.8281455251584898,Trade Balance,-0.7903581264518175,True,0.0,0.0,0.0,Trade Balance,All · surprise + DTW agree,2.051074921573556,8.783809270111286,0.23350631354812762,1.0
2022-02-10 13:30:00+00:00,0.0,-43.566929988969605,0.8120519713261648,CPI,-1.61325895784376,True,-0.0,0.0,-0.0,CPI,All · surprise + DTW agree,2.287111361233593,43.20855957121469,0.052931904787616536,0.0
2022-02-15 13:30:00+00:00,-1.0,-4.021601800729968,0.8319228893542556,PPI,-0.6511826772341509,True,4.021601800729968,0.8319228893542556,3.1896789113757125,PPI,All · surprise + DTW agree,-12.955567779671014,33.62575009100145,-0.38528710124262894,-1.0
2022-02-16 13:30:00+00:00,1.0,-20.963465211920607,0.8325677537896188,Retail Sales,2.1129494816818224,True,-20.963465211920607,0.8325677537896188,-21.796032965710225,Retail Sales,All · surprise + DTW agree,1.954141010816181,10.233633807007857,0.19095279816227262,1.0
2022-02-24 13:30:00+00:00,0.0,13.336436806490326,0.899978276386432,GDP,0.2123248741486038,True,0.0,0.0,0.0,GDP,All · surprise + DTW agree,-6.219626805839383,21.204065992241027,-0.2933223660082582,-1.0
2022-03-01 15:00:00+00:00,1.0,-43.14776597846404,0.8625817965496728,ISM Manufacturing,0.349873758647468,True,-43.14776597846404,0.8625817965496728,-44.010347775013706,ISM Manufacturing,All · surprise + DTW agree,2.400784707355754,25.655774767381036,0.09357677673441894,0.0
2022-03-03 15:00:00+00:00,-1.0,-35.325323752672944,0.8519889535225337,ISM Services,-2.182755811397317,True,35.325323752672944,0.8519889535225337,34.47333479915041,ISM Services,All · surprise + DTW agree,-16.213379828093256,24.946507722423718,-0.6499258336476292,-1.0
2022-03-04 13:30:00+00:00,1.0,-26.8945894838879,0.8668101386896222,Employment Report (NFP),0.6060723791251506,True,-26.8945894838879,0.8668101386896222,-27.76139962257752,Employment Report (NFP),All · surprise + DTW agree,22.624224384784473,51.995729568918904,0.43511697157353446,1.0
2022-03-08 13:30:00+00:00,0.0,16.464924291614835,0.8851178122329385,Trade Balance,0.8256799814898106,True,0.0,0.0,0.0,Trade Balance,All · surprise + DTW agree,-5.57513152805453,10.370659606495513,-0.5375869751392309,-1.0
2022-03-09 15:00:00+00:00,-1.0,19.580383705228854,0.874732301752481,JOLTS,-1.0717271716781405,True,-19.580383705228854,0.874732301752481,-20.455116006981335,JOLTS,All · surprise + DTW agree,-3.650616001648125,27.61160615817441,-0.13221309838824283,0.0
2022-03-10 13:30:00+00:00,1.0,-25.22452673924036,0.8813518113299295,CPI,0.0264741975797815,True,-25.22452673924036,0.8813518113299295,-26.10587855057029,CPI,All · surprise + DTW agree,11.741584927478689,39.51131480658578,0.29717018998116435,1.0
2022-03-15 12:30:00+00:00,0.0,6.3489186296550315,0.8790809057564642,PPI,-0.1296911193823611,True,0.0,0.0,0.0,PPI,All · surprise + DTW agree,12.57297921155096,22.626219469198816,0.555681837554286,1.0
2022-03-16 12:30:00+00:00,-1.0,-19.48627720233631,0.855053661988442,Retail Sales,-0.5947381173431102,True,19.48627720233631,0.855053661988442,18.631223540347868,Retail Sales,All · surprise + DTW agree,-9.705737110490507,28.597366722045713,-0.33939268621569807,-1.0
2022-03-29 14:00:00+00:00,0.0,-15.096492221253754,0.8252938330629784,JOLTS,-0.9123856280539984,True,-0.0,0.0,-0.0,JOLTS,All · surprise + DTW agree,5.686205056387423,17.461561450633774,0.32564127053947056,1.0
2022-03-30 12:30:00+00:00,0.0,8.269294302039043,0.8275783345699447,GDP,0.2276406640801994,True,0.0,0.0,0.0,GDP,All · surprise + DTW agree,-3.903478896903671,12.17966867117287,-0.3204913862839732,-1.0
2022-04-01 12:30:00+00:00,-1.0,-15.535547875629163,0.8335489063263488,Employment Report (NFP),-0.1274737485164525,True,15.535547875629163,0.8335489063263488,14.701998969302814,Employment Report (NFP),All · surprise + DTW agree,-3.8793230245640795,12.089008111880805,-0.3208967178003271,-1.0
2022-04-01 14:00:00+00:00,1.0,-42.79318370821627,0.8365786816673878,ISM Manufacturing,0.0012485720534209,True,-42.79318370821627,0.8365786816673878,-43.62976238988366,ISM Manufacturing,All · surprise + DTW agree,1.0331739397437145,20.018502081816546,0.05161095148483561,0.0
2022-04-05 12:30:00+00:00,1.0,-5.468491552189647,0.8345563901119456,Trade Balance,0.2411188275538081,True,-5.468491552189647,0.8345563901119456,-6.303047942301593,Trade Balance,All · surprise + DTW agree,4.435879707594049,47.64767739972567,0.09309750127756675,0.0
2022-04-05 14:00:00+00:00,0.0,-51.04392821740689,0.8302318923561408,ISM Services,-0.093419175501195,True,-0.0,0.0,-0.0,ISM Services,All · surprise + DTW agree,1.5054423864962816,13.140048308559527,0.1145690145991035,0.0
2022-04-12 12:30:00+00:00,1.0,22.97347429895069,0.8467647745853772,CPI,0.4571686878991705,True,22.97347429895069,0.8467647745853772,22.126709524365314,CPI,All · surprise + DTW agree,1.6987117974744506,10.932454999064369,0.1553824641967272,0.0
2022-04-13 12:30:00+00:00,0.0,0.8802687759690286,0.8503401360544217,PPI,0.0024666352576084,True,0.0,0.0,0.0,PPI,All · surprise + DTW agree,-4.832236919429154,22.17628679478006,-0.2179010834476845,-1.0
2022-04-14 12:30:00+00:00,0.0,-16.51958815882537,0.8400926998841252,Retail Sales,-0.0279694329794041,True,-0.0,0.0,-0.0,Retail Sales,All · surprise + DTW agree,6.84535596278562,23.824212586847313,0.2873276897539418,1.0
2022-04-28 12:30:00+00:00,0.0,-3.291787021169057,0.8673026886383348,GDP,-2.0420964362854717,True,-0.0,0.0,-0.0,GDP,All · surprise + DTW agree,4.954618884740681,21.640203700853583,0.22895435520069754,1.0
2022-05-02 14:00:00+00:00,-1.0,26.97257404806308,0.8822097834022877,ISM Manufacturing,-0.8139702679728233,True,-26.97257404806308,0.8822097834022877,-27.85478383146537,ISM Manufacturing,All · surprise + DTW agree,-1.1400831427308031,18.677097429990447,-0.06104177305945479,0.0
2022-05-03 14:00:00+00:00,0.0,6.063546147458965,0.8801213960546282,JOLTS,-1.2002697035053405,True,0.0,0.0,0.0,JOLTS,All · surprise + DTW agree,7.347158199038999,35.74315584070115,0.20555426699823479,1.0
2022-05-04 12:30:00+00:00,1.0,-17.813207614718607,0.8747850743567313,Trade Balance,0.9330638195367176,True,-17.813207614718607,0.8747850743567313,-18.687992689075337,Trade Balance,All · surprise + DTW agree,7.4111047339393945,43.02826412326309,0.1722380599112434,0.0
2022-05-04 14:00:00+00:00,0.0,5.4418479439455325,0.8758418652411585,ISM Services,-0.6559932760921712,True,0.0,0.0,0.0,ISM Services,All · surprise + DTW agree,5.129516712855631,24.471943577154974,0.20960806389093398,1.0
2022-05-06 12:30:00+00:00,0.0,-67.00600710574989,0.8836883322668129,Employment Report (NFP),-0.233528634462617,True,-0.0,0.0,-0.0,Employment Report (NFP),All · surprise + DTW agree,7.16287385057602,15.959735939947745,0.4488090453080186,1.0
2022-05-11 12:30:00+00:00,-1.0,-71.58405710509186,0.8973327557398353,CPI,-1.5388224718203969,True,71.58405710509186,0.8973327557398353,70.68672434935202,CPI,All · surprise + DTW agree,-4.697769660185031,30.785453817725486,-0.1525970572985406,0.0
2022-05-12 12:30:00+00:00,-1.0,10.447502256223371,0.9195256515949012,PPI,-0.4597710593956168,True,-10.447502256223371,0.9195256515949012,-11.367027907818272,PPI,All · surprise + DTW agree,-1.5065233760304158,6.554402985890017,-0.22984906165726796,-1.0
2022-05-17 12:30:00+00:00,1.0,17.82805623896877,0.8920332205475238,Retail Sales,0.1340217149027289,True,17.82805623896877,0.8920332205475238,16.936023018421245,Retail Sales,All · surprise + DTW agree,9.997856183080298,41.17652388510117,0.24280476445700666,1.0
2022-05-26 12:30:00+00:00,-1.0,19.843737132969608,0.8994479250666831,GDP,-0.5140978831954705,True,-19.843737132969608,0.8994479250666831,-20.74318505803629,GDP,All · surprise + DTW agree,-6.015691635177795,30.979560239394438,-0.19418260261577505,-1.0
2022-06-01 14:00:00+00:00,0.0,-66.87768117112469,0.8772725897691865,ISM Manufacturing+JOLTS,0.0586516193716905,True,-0.0,0.0,-0.0,ISM Manufacturing+JOLTS,All · surprise + DTW agree,-4.001012496238393,28.58715823946819,-0.1399583849056563,0.0
2022-06-03 12:30:00+00:00,-1.0,-48.05158915560881,0.8766891381238853,Employment Report (NFP),-0.0033727501354075,True,48.05158915560881,0.8766891381238853,47.17490001748492,Employment Report (NFP),All · surprise + DTW agree,-1.4548113233318478,23.373807848523718,-0.062241091941882,0.0
2022-06-03 14:00:00+00:00,-1.0,-17.2463394285316,0.8775114984265311,ISM Services,-0.2814203399984905,True,17.2463394285316,0.8775114984265311,16.368827930105066,ISM Services,All · surprise + DTW agree,-2.7632877469044375,28.99972127602772,-0.0952867001928283,0.0
2022-06-07 12:30:00+00:00,0.0,-12.250399669984091,0.8872571515985925,Trade Balance,-0.8299152898608582,True,-0.0,0.0,-0.0,Trade Balance,All · surprise + DTW agree,3.8228655955551423,11.539269449069083,0.3312918215861185,1.0
2022-06-10 12:30:00+00:00,0.0,-64.60132853154832,0.8998665715083626,CPI,-1.677151671555776,True,-0.0,0.0,-0.0,CPI,All · surprise + DTW agree,0.7237353241689983,28.50835883043378,0.025386776154802105,0.0
2022-06-14 12:30:00+00:00,-1.0,7.185785519556731,0.9480222294867604,PPI,-0.1933914360630419,True,-7.185785519556731,0.9480222294867604,-8.133807749043491,PPI,All · surprise + DTW agree,-2.3856593661258247,15.988539877977429,-0.14921058360130968,0.0
2022-06-15 12:30:00+00:00,0.0,15.372290390818222,0.949232431016988,Retail Sales,-0.2463296072426562,True,0.0,0.0,0.0,Retail Sales,All · surprise + DTW agree,1.3882194315116994,12.944111711858445,0.10724717635431982,0.0
2022-06-29 12:30:00+00:00,1.0,-7.745183851231019,0.9350615850906042,GDP,0.6963837988901,True,-7.745183851231019,0.9350615850906042,-8.680245436321623,GDP,All · surprise + DTW agree,5.818454236446808,45.250387075211776,0.1285835240873368,0.0
2022-07-01 14:00:00+00:00,-1.0,-106.830967497622,0.9398800842651108,ISM Manufacturing,-0.5444569124057376,True,106.830967497622,0.9398800842651108,105.89108741335689,ISM Manufacturing,All · surprise + DTW agree,-0.3550747281111176,25.998928562340083,-0.013657283116868507,0.0
2022-07-06 14:00:00+00:00,0.0,27.143196940802028,0.937085985717517,ISM Services+JOLTS,-0.1332482329128235,True,0.0,0.0,0.0,ISM Services+JOLTS,All · surprise + DTW agree,4.417460013077465,28.98923548942402,0.15238277031103709,0.0
2022-07-07 12:30:00+00:00,1.0,6.413545627754758,0.9308596006933298,Trade Balance,0.2768778699804552,True,6.413545627754758,0.9308596006933298,5.482686027061428,Trade Balance,All · surprise + DTW agree,2.8960819911587707,12.760268553318335,0.2269608965561809,1.0
2022-07-08 12:30:00+00:00,0.0,-17.878811990641452,0.9235668789808916,Employment Report (NFP),-0.198783708190455,True,-0.0,0.0,-0.0,Employment Report (NFP),All · surprise + DTW agree,3.2658654946418437,23.03591994701951,0.1417727402314747,0.0
2022-07-13 12:30:00+00:00,0.0,-60.204877815834834,0.9297851875601154,CPI,-1.5538946362320831,True,-0.0,0.0,-0.0,CPI,All · surprise + DTW agree,1.3025287706991375,34.588924356222655,0.03765739452562099,0.0
2022-07-14 12:30:00+00:00,-1.0,-8.254230761668424,0.957000957000957,PPI,-0.5225101673722837,True,8.254230761668424,0.957000957000957,7.297229804667467,PPI,All · surprise + DTW agree,-3.9689882902394285,15.167959190331654,-0.2616692358171254,-1.0
2022-07-15 12:30:00+00:00,0.0,65.861216252312,0.9447177248591068,Retail Sales,0.2984816868429151,True,0.0,0.0,0.0,Retail Sales,All · surprise + DTW agree,-3.535548740141539,13.715628276466667,-0.2577751940250414,-1.0
2022-07-28 12:30:00+00:00,0.0,18.687519064748415,0.9031735650440684,GDP,-1.0838879379196935,True,0.0,0.0,0.0,GDP,All · surprise + DTW agree,15.851920431931294,24.829085783057977,0.6384415668960226,1.0
2022-08-01 14:00:00+00:00,-1.0,-25.95223195404728,0.8851178122329385,ISM Manufacturing,-1.260670758080165,True,25.95223195404728,0.8851178122329385,25.067114141814343,ISM Manufacturing,All · surprise + DTW agree,-1.8890670555154134,27.477690401537863,-0.06874912075614939,0.0
2022-08-02 14:00:00+00:00,1.0,21.246139810440212,0.8931596291847609,JOLTS,1.046700149805808,True,21.246139810440212,0.8931596291847609,20.35298018125545,JOLTS,All · surprise + DTW agree,3.494201808720608,49.62246680857512,0.07041572161658004,0.0
2022-08-03 14:00:00+00:00,0.0,8.294039518883523,0.8900346806616947,ISM Services,1.5089898496349374,True,0.0,0.0,0.0,ISM Services,All · surprise + DTW agree,-7.598136713365656,35.95036192025115,-0.21135077110546585,-1.0
2022-08-04 12:30:00+00:00,-1.0,5.1852191916879065,0.8846048256718422,Trade Balance,-0.138874245300786,True,-5.1852191916879065,0.8846048256718422,-6.069824017359749,Trade Balance,All · surprise + DTW agree,-1.2399951085369083,12.06178012149409,-0.10280365717554718,0.0
2022-08-05 12:30:00+00:00,0.0,-33.21036262716959,0.885009765625,Employment Report (NFP),0.0312710124948264,True,-0.0,0.0,-0.0,Employment Report (NFP),All · surprise + DTW agree,-10.461234646748322,37.962704047807456,-0.2755661091363304,-1.0
2022-08-10 12:30:00+00:00,1.0,33.5514997287234,0.8836344800268138,CPI,1.74167183418779,True,33.5514997287234,0.8836344800268138,32.667865248696586,CPI,All · surprise + DTW agree,0.13459749762117498,25.51739329371918,0.00527473539604473,0.0
2022-08-11 12:30:00+00:00,1.0,10.14108119241186,0.8660335662664993,PPI,0.8302784428462872,True,10.14108119241186,0.8660335662664993,9.275047626145362,PPI,All · surprise + DTW agree,8.568088041727217,25.049606030225124,0.3420448222374783,1.0
2022-08-17 12:30:00+00:00,0.0,0.0,0.8552049542907696,Retail Sales,0.1803467463892216,True,0.0,0.0,0.0,Retail Sales,All · surprise + DTW agree,-7.105279058582451,17.398877396461216,-0.4083757185407608,-1.0
2022-08-25 12:30:00+00:00,-1.0,-2.424022070481868,0.8776708431692996,GDP,-0.0840725787732145,True,2.424022070481868,0.8776708431692996,1.5463512273125684,GDP,All · surprise + DTW agree,-8.27026326296224,31.773926930469475,-0.2602845811617797,-1.0
2022-08-30 14:00:00+00:00,0.0,-48.44592137866144,0.9048926610084872,JOLTS,-2.984015343430321,True,-0.0,0.0,-0.0,JOLTS,All · surprise + DTW agree,0.08871024815936157,31.132150332797398,0.0028494738465240626,0.0
2022-09-01 14:00:00+00:00,0.0,-2.231111262016583,0.9239788440706048,ISM Manufacturing,-0.0884224837236756,True,-0.0,0.0,-0.0,ISM Manufacturing,All · surprise + DTW agree,1.8297684487723125,16.83047714583788,0.10871756236719694,0.0
2022-09-02 12:30:00+00:00,0.0,8.794522835824381,0.9149130832570904,Employment Report (NFP),0.0141555828368743,True,0.0,0.0,0.0,Employment Report (NFP),All · surprise + DTW agree,-0.11923213008228561,22.629232032148764,-0.005268942839637493,0.0
2022-09-06 14:00:00+00:00,1.0,-10.573026952958031,0.9274954424792912,ISM Services,0.7526292317321648,True,-10.573026952958031,0.9274954424792912,-11.500522395437322,ISM Services,All · surprise + DTW agree,4.023585901219367,26.77076713832574,0.15029774381994063,0.0
2022-09-07 12:30:00+00:00,0.0,7.075092753723311,0.933496426961952,Trade Balance,0.1393231402027631,True,0.0,0.0,0.0,Trade Balance,All · surprise + DTW agree,-1.4329508277613128,19.55889736656423,-0.07326337476523243,0.0
2022-09-13 12:30:00+00:00,-1.0,-36.68118169301238,0.8891886919727724,CPI,-1.9624844944587772,True,36.68118169301238,0.8891886919727724,35.79199300103961,CPI,All · surprise + DTW agree,-14.988622780371639,35.24210842231742,-0.42530437171233326,-1.0
2022-09-14 12:30:00+00:00,0.0,8.347781901321127,0.9313678260590296,PPI,0.3598362715654778,True,0.0,0.0,0.0,PPI,All · surprise + DTW agree,-1.7221720903513154,10.401053132072072,-0.16557670348216255,-1.0
2022-09-15 12:30:00+00:00,0.0,0.9625411092706316,0.9319364997750498,Retail Sales,-0.0951957764696095,True,0.0,0.0,0.0,Retail Sales,All · surprise + DTW agree,9.04314696947989,37.68365848451563,0.23997529255806616,1.0
2022-09-29 12:30:00+00:00,1.0,-19.00238101489649,0.9810886701173924,GDP,0.3178126327884218,True,-19.00238101489649,0.9810886701173924,-19.98346968501388,GDP,All · surprise + DTW agree,0.8088838456211256,8.527851461453379,0.09485200924023478,0.0
2022-10-03 14:00:00+00:00,-1.0,63.505283588494166,0.997248968363136,ISM Manufacturing,-0.3360217870663531,True,-63.505283588494166,0.997248968363136,-64.5025325568573,ISM Manufacturing,All · surprise + DTW agree,-0.7303253789723014,15.562278061755954,-0.04692920766960618,0.0
2022-10-04 14:00:00+00:00,1.0,-17.51805964534725,0.9591215769281652,JOLTS,3.4901044149064337,True,-17.51805964534725,0.9591215769281652,-18.477181222275416,JOLTS,All · surprise + DTW agree,2.9953206696284065,9.755672173567838,0.30703375598700133,1.0
2022-10-05 12:30:00+00:00,0.0,-3.657462094608377,0.9639034767001264,Trade Balance,-0.1048336321522138,True,-0.0,0.0,-0.0,Trade Balance,All · surprise + DTW agree,1.084633032773628,10.809621953635228,0.10033958980488404,0.0
2022-10-05 14:00:00+00:00,1.0,-26.30835558392164,0.9616978942132316,ISM Services,0.3300205285754439,True,-26.30835558392164,0.9616978942132316,-27.27005347813487,ISM Services,All · surprise + DTW agree,4.2679875085533485,38.67852043373218,0.1103451595534964,0.0
2022-10-07 12:30:00+00:00,0.0,-48.97695130720692,0.9631671593211332,Employment Report (NFP),0.0007554931387266,True,-0.0,0.0,-0.0,Employment Report (NFP),All · surprise + DTW agree,-6.196396363538985,35.319495843169115,-0.1754384148361898,-1.0
2022-10-12 12:30:00+00:00,-1.0,-1.7063972875597244,0.9846864283046416,PPI,-0.442545729548588,True,1.7063972875597244,0.9846864283046416,0.7217108592550828,PPI,All · surprise + DTW agree,-2.1833583262517737,32.506486209767495,-0.06716685132199007,0.0
2022-10-13 12:30:00+00:00,-1.0,-70.90633792765644,0.9824181035942952,CPI,-1.2059188282899334,True,70.90633792765644,0.9824181035942952,69.92391982406214,CPI,All · surprise + DTW agree,-16.321982247574702,36.79065710752891,-0.4436447601321734,-1.0
2022-10-14 12:30:00+00:00,0.0,83.53329629501971,0.9624639076034648,Retail Sales,0.0357834565117858,True,0.0,0.0,0.0,Retail Sales,All · surprise + DTW agree,-1.9284454916122153,13.092787726467343,-0.14729067116194228,0.0
2022-10-27 12:30:00+00:00,1.0,6.522448323416086,0.902555164794124,GDP,0.7517856630945409,True,6.522448323416086,0.902555164794124,5.619893158621962,GDP,All · surprise + DTW agree,8.976785211741335,24.921249785612538,0.36020606064964633,1.0
2022-11-01 14:00:00+00:00,0.0,-18.922058993773305,0.8826393961529096,ISM Manufacturing+JOLTS,-1.6310661583739317,True,-0.0,0.0,-0.0,ISM Manufacturing+JOLTS,All · surprise + DTW agree,0.6181984670749339,27.29249338949282,0.022650860742277602,0.0
2022-11-03 12:30:00+00:00,1.0,-23.782712424100794,0.9066183136899364,Trade Balance,0.3856293059100614,True,-23.782712424100794,0.9066183136899364,-24.68933073779073,Trade Balance,All · surprise + DTW agree,10.928186644837691,41.02629505665133,0.2663703029909832,1.0
2022-11-03 14:00:00+00:00,0.0,78.39488252269433,0.9129257696908644,ISM Services,-0.4020310664789877,True,0.0,0.0,0.0,ISM Services,All · surprise + DTW agree,7.7270202470794604,34.76684568742842,0.22225255395756324,1.0
2022-11-04 12:30:00+00:00,-1.0,78.91425673230756,0.9028923690027708,Employment Report (NFP),-0.0775933543744445,True,-78.91425673230756,0.9028923690027708,-79.81714910131033,Employment Report (NFP),All · surprise + DTW agree,-6.625362956820375,31.069254051245505,-0.2132449960302403,-1.0
2022-11-10 13:30:00+00:00,1.0,59.90836010457912,0.8899800521712444,CPI,1.6880497222729307,True,59.90836010457912,0.8899800521712444,59.01838005240787,CPI,All · surprise + DTW agree,5.421592004321031,25.714394920687912,0.21083879364235852,1.0
2022-11-15 13:30:00+00:00,0.0,10.317028432105246,0.8589792956369775,PPI,-0.1783414027625315,True,0.0,0.0,0.0,PPI,All · surprise + DTW agree,4.851476930921621,24.765826787591294,0.1958940023497383,1.0
2022-11-16 13:30:00+00:00,0.0,7.752169504779971,0.8637379002233805,Retail Sales,0.456405113151525,True,0.0,0.0,0.0,Retail Sales,All · surprise + DTW agree,-10.837248502717468,31.780818029609208,-0.34099967133069825,-1.0
2022-11-30 13:30:00+00:00,1.0,-6.207049634010531,0.8554067606630876,GDP,0.0763882829874281,True,-6.207049634010531,0.8554067606630876,-7.062456394673618,GDP,All · surprise + DTW agree,2.158913403304579,19.542228776696373,0.11047426718691526,0.0
2022-11-30 15:00:00+00:00,0.0,-29.362499407667997,0.8576075706047612,JOLTS,-0.2624963561417571,True,-0.0,0.0,-0.0,JOLTS,All · surprise + DTW agree,20.531297112458258,61.308558162988135,0.3348846837643128,1.0
2022-12-01 15:00:00+00:00,-1.0,-72.17516270721092,0.8396305625524769,ISM Manufacturing,-0.3675123786348069,True,72.17516270721092,0.8396305625524769,71.33553214465844,ISM Manufacturing,All · surprise + DTW agree,-0.16355825416514969,29.549655889155783,-0.005535030755643174,0.0
2022-12-02 13:30:00+00:00,-1.0,16.167201746011273,0.8441766366838412,Employment Report (NFP),-0.4385290896736585,True,-16.167201746011273,0.8441766366838412,-17.011378382695113,Employment Report (NFP),All · surprise + DTW agree,-25.799969945005145,34.83596023156124,-0.7406131415212284,-1.0
2022-12-05 15:00:00+00:00,1.0,25.75963019170402,0.8483501053124269,ISM Services,1.4456121550439016,True,25.75963019170402,0.8483501053124269,24.911280086391592,ISM Services,All · surprise + DTW agree,13.320451093153745,32.7921975306305,0.4062079426275531,1.0
2022-12-06 13:30:00+00:00,0.0,-5.299729248999796,0.8538703883638077,Trade Balance,-0.632828227530701,True,-0.0,0.0,-0.0,Trade Balance,All · surprise + DTW agree,0.148535340920684,19.26254545016769,0.007711096194682356,0.0
2022-12-09 13:30:00+00:00,0.0,35.03670557650551,0.8548520221671972,PPI,0.0193439018961355,True,0.0,0.0,0.0,PPI,All · surprise + DTW agree,-25.888382101927384,36.39876888284145,-0.7112433441157205,-1.0
2022-12-13 13:30:00+00:00,1.0,-4.884847014654525,0.8411160740182145,CPI,1.225713226427208,True,-4.884847014654525,0.8411160740182145,-5.7259630886727395,CPI,All · surprise + DTW agree,4.765665705969009,31.079062931377564,0.15334007066080396,0.0
2022-12-15 13:30:00+00:00,-1.0,-4.753699061534888,0.8612241261544857,Retail Sales,-0.2617915301232739,True,4.753699061534888,0.8612241261544857,3.8924749353804025,Retail Sales,All · surprise + DTW agree,-9.240583548775804,15.423838372208001,-0.5991105019244939,-1.0
2022-12-22 13:30:00+00:00,0.0,-26.049088789985575,0.8660335662664993,GDP,0.0101727453098051,True,-0.0,0.0,-0.0,GDP,All · surprise + DTW agree,-9.868166311144954,28.605630982754622,-0.34497285926306404,-1.0
2023-01-03 15:00:00+00:00,1.0,-8.125310788749118,0.8741522230595327,ISM Manufacturing,0.5737619019599842,True,-8.125310788749118,0.8741522230595327,-8.99946301180865,ISM Manufacturing,All · surprise + DTW agree,8.74243386339537,36.33080964559686,0.24063416006075483,1.0
2023-01-04 15:00:00+00:00,-1.0,-16.205027103524117,0.8673545685658741,ISM Manufacturing,-0.3932150820756493,True,16.205027103524117,0.8673545685658741,15.337672534958243,ISM Manufacturing,All · surprise + DTW agree,-16.40819596330167,49.7391094552902,-0.329885197845184,-1.0
2023-01-06 13:30:00+00:00,1.0,66.61690052347069,0.8770072882329815,Employment Report (NFP),0.1361526061100796,True,66.61690052347069,0.8770072882329815,65.7398932352377,Employment Report (NFP),All · surprise + DTW agree,16.94373503536925,28.526277607210382,0.593969366374199,1.0
2023-01-06 15:00:00+00:00,0.0,50.06831128268274,0.872836719337848,ISM Services,-2.5548283484338925,True,0.0,0.0,0.0,ISM Services,All · surprise + DTW agree,5.297787907017957,31.7003820623152,0.1671206326978584,0.0
2023-01-12 13:30:00+00:00,-1.0,83.47905129587829,0.8516886930983847,CPI,-0.1737270973932303,True,-83.47905129587829,0.8516886930983847,-84.33073998897667,CPI,All · surprise + DTW agree,-13.838415699160283,38.112846022994994,-0.363090588690517,-1.0
2023-01-13 15:00:00+00:00,1.0,31.20127336243783,0.8476557932889045,U. of Michigan Sentiment,1.433531383298232,True,31.20127336243783,0.8476557932889045,30.353617569148927,U. of Michigan Sentiment,All · surprise + DTW agree,1.6260132007256216,15.345527785180458,0.10596007015776292,0.0
2023-01-18 13:30:00+00:00,0.0,-14.95886591582618,0.8514886370309471,PPI+Retail Sales,0.1484139768774567,True,-0.0,0.0,-0.0,PPI+Retail Sales,All · surprise + DTW agree,24.987588788147505,46.638003151722664,0.5357774154021545,1.0
2023-01-18 15:00:00+00:00,0.0,-21.160918991061095,0.8512636862653007,Business Inventories,0.0,True,-0.0,0.0,-0.0,Business Inventories,All · surprise + DTW agree,-4.384929620436999,31.230643037779835,-0.14040471773612,-1.0
2023-01-27 15:00:00+00:00,0.0,6.752095607858166,0.8507392630837831,U. of Michigan Sentiment,0.0754756949491661,True,0.0,0.0,0.0,U. of Michigan Sentiment,All · surprise + DTW agree,-19.579812526135672,41.49565160868533,-0.4718521523840219,-1.0
2023-02-01 15:00:00+00:00,0.0,-13.545349538652829,0.8524898583103062,ISM Manufacturing,0.0484414575342933,True,-0.0,0.0,-0.0,ISM Manufacturing,All · surprise + DTW agree,-12.534894015946065,35.96808359721548,-0.3485004693693625,-1.0
2023-02-03 13:30:00+00:00,0.0,3.245172833938881,0.8524146850474706,Employment Report (NFP),0.632025497230853,True,0.0,0.0,0.0,Employment Report (NFP),All · surprise + DTW agree,-11.951061609013054,38.05158665081415,-0.31407525049306584,-1.0
2023-02-03 15:00:00+00:00,0.0,42.36795792786907,0.8543231698335542,ISM Services,2.1784465622733866,True,0.0,0.0,0.0,ISM Services,All · surprise + DTW agree,-3.465188282541295,17.806879176127886,-0.19459829250634597,-1.0
2023-02-10 15:00:00+00:00,1.0,40.023177897943185,0.8605596605240512,U. of Michigan Sentiment,0.4479144333015603,True,40.023177897943185,0.8605596605240512,39.16261823741913,U. of Michigan Sentiment,All · surprise + DTW agree,7.729659160529471,23.369709100151642,0.3307554718547744,1.0
2023-02-14 13:30:00+00:00,-1.0,7.296820369582235,0.8443486868922145,CPI,-1.205365729380446,True,-7.296820369582235,0.8443486868922145,-8.14116905647445,CPI,All · surprise + DTW agree,-4.344163751315449,45.30596651297482,-0.09588502543194521,0.0
2023-02-15 13:30:00+00:00,1.0,7.652010497576356,0.8528408422538525,Retail Sales,1.0234002319190705,True,7.652010497576356,0.8528408422538525,6.799169655322503,Retail Sales,All · surprise + DTW agree,8.155373207741528,24.15406087456157,0.33763983829032057,1.0
2023-02-15 15:00:00+00:00,0.0,3.827413157093673,0.8549024232061788,Business Inventories,0.0,True,0.0,0.0,0.0,Business Inventories,All · surprise + DTW agree,-13.523832018954328,21.616503155575096,-0.6256253345706568,-1.0
2023-02-16 13:30:00+00:00,0.0,-37.383221106086495,0.850764220964004,PPI,-1.4779162848442813,True,-0.0,0.0,-0.0,PPI,All · surprise + DTW agree,0.3005716185865933,37.96874986611269,0.007916289570936205,0.0
2023-02-24 15:00:00+00:00,1.0,-13.452368422228744,0.8863622470811173,U. of Michigan Sentiment,0.0836820878863775,True,-13.452368422228744,0.8863622470811173,-14.33873066930986,U. of Michigan Sentiment,All · surprise + DTW agree,5.676650420265098,31.778269637230746,0.17863308748612464,0.0
2023-03-01 15:00:00+00:00,0.0,-16.83579380479472,0.8865519244290911,ISM Manufacturing,0.18640401748042,True,-0.0,0.0,-0.0,ISM Manufacturing,All · surprise + DTW agree,-2.2884126265237876,20.93597015522824,-0.10930530610984432,0.0
2023-03-03 15:00:00+00:00,1.0,18.70851481104552,0.8749170337295601,ISM Services,0.2755029006060786,True,18.70851481104552,0.8749170337295601,17.833597777315962,ISM Services,All · surprise + DTW agree,7.401181025972293,14.811629615169013,0.49968715247865314,1.0
2023-03-10 13:30:00+00:00,0.0,-2.7895299822944253,0.9005092535088809,Employment Report (NFP),-0.0418714406574234,True,-0.0,0.0,-0.0,Employment Report (NFP),All · surprise + DTW agree,12.301145947704496,48.990987255434966,0.25108997872542016,1.0
2023-03-14 12:30:00+00:00,-1.0,14.948151392957245,0.9054011863877616,CPI,-0.2683351757655611,True,-14.948151392957245,0.9054011863877616,-15.853552579345006,CPI,All · surprise + DTW agree,-5.478996275367884,13.69387326397295,-0.4001056654863683,-1.0
2023-03-15 12:30:00+00:00,1.0,-38.909939478752875,0.9171410499683744,PPI+Retail Sales,0.9227344344425924,True,-38.909939478752875,0.9171410499683744,-39.82708052872125,PPI+Retail Sales,All · surprise + DTW agree,0.7571497926722398,17.411989563550623,0.0434843927460891,0.0
2023-03-15 14:00:00+00:00,-1.0,-4.4278576218381716,0.9171410499683744,Business Inventories,-0.6974570477871316,True,4.4278576218381716,0.9171410499683744,3.5107165718697972,Business Inventories,All · surprise + DTW agree,-4.2709174224360105,19.51961486000671,-0.2188013161666727,-1.0
2023-03-17 14:00:00+00:00,-1.0,,,U. of Michigan Sentiment,-1.047310607398139,False,-0.0,0.0,-0.0,U. of Michigan Sentiment,All · surprise + DTW agree,-0.04680563760416517,15.587374013890573,-0.0030027917186342405,0.0
2023-03-31 14:00:00+00:00,0.0,-8.130204154621623,0.8730995032364895,U. of Michigan Sentiment,-0.3380898508399028,True,-0.0,0.0,-0.0,U. of Michigan Sentiment,All · surprise + DTW agree,10.608095227494271,14.862845580156344,0.7137324525296376,1.0
2023-04-03 14:00:00+00:00,0.0,9.17471985278695,0.8593611094648255,ISM Manufacturing,-0.3909344633754496,True,0.0,0.0,0.0,ISM Manufacturing,All · surprise + DTW agree,6.2491557145410335,16.15258085907344,0.3868828002820785,1.0
2023-04-05 14:00:00+00:00,0.0,-25.261919965320345,0.8607384542324586,ISM Services,-1.473986429421692,True,-0.0,0.0,-0.0,ISM Services,All · surprise + DTW agree,3.4323739228552625,16.697974369015007,0.20555630563336014,1.0
2023-04-07 12:30:00+00:00,-1.0,,,Employment Report (NFP),-0.0016729343970629,False,-0.0,0.0,-0.0,Employment Report (NFP),All · surprise + DTW agree,-8.778354078989816e-09,0.00043542606689167817,-2.0160377952690703e-05,0.0
2023-04-12 12:30:00+00:00,1.0,-7.64188968206625,0.8553058455730549,CPI,0.5740553717884737,True,-7.64188968206625,0.8553058455730549,-8.497195527639304,CPI,All · surprise + DTW agree,27.71977644703757,44.61614335559073,0.6212947682660716,1.0
2023-04-13 12:30:00+00:00,1.0,1.4757751535832142,0.8574300750990479,PPI,0.8801177449554096,True,1.4757751535832142,0.8574300750990479,0.6183450784841663,PPI,All · surprise + DTW agree,5.652855484284865,33.36050168759607,0.169447556191479,0.0
2023-04-14 12:30:00+00:00,0.0,-9.93948688840618,0.8471110591809312,Retail Sales,-0.1118972388397462,True,-0.0,0.0,-0.0,Retail Sales,All · surprise + DTW agree,5.90686908972892,8.623404704061496,0.6849810825817871,1.0
2023-04-14 14:00:00+00:00,0.0,-44.01544709935479,0.8480276047606515,Business Inventories+U. of Michigan Sentiment,-0.0827830604374955,True,-0.0,0.0,-0.0,Business Inventories+U. of Michigan Sentiment,All · surprise + DTW agree,-9.860823426177662,23.261935798257667,-0.42390381917038233,-1.0
2023-04-28 14:00:00+00:00,0.0,34.97380532170524,0.8541470311027333,U. of Michigan Sentiment,-0.0252358627093348,True,0.0,0.0,0.0,U. of Michigan Sentiment,All · surprise + DTW agree,6.78099551293261,15.854200969808407,0.4277096982588935,1.0
2023-05-01 14:00:00+00:00,1.0,-5.544774192518531,0.8460236886632826,ISM Manufacturing,0.4191953420164795,True,-5.544774192518531,0.8460236886632826,-6.390797881181814,ISM Manufacturing,All · surprise + DTW agree,2.059453414208268,17.492052393774127,0.11773652215570088,0.0
2023-05-03 14:00:00+00:00,0.0,-13.907590754609345,0.8579881656804733,ISM Services,0.0458100815953766,True,-0.0,0.0,-0.0,ISM Services,All · surprise + DTW agree,-5.186095093908786,52.926570107277215,-0.09798660830273068,0.0
2023-05-05 12:30:00+00:00,0.0,17.384532148589926,0.8689398933301371,Employment Report (NFP),-0.0265887280936876,True,0.0,0.0,0.0,Employment Report (NFP),All · surprise + DTW agree,11.395663499366194,22.257911993779086,0.5119825930909958,1.0
2023-05-10 12:30:00+00:00,1.0,26.37233916081172,0.863532144239645,CPI,0.0811362628588261,True,26.37233916081172,0.863532144239645,25.508807016572074,CPI,All · surprise + DTW agree,4.863297177780752,30.740941930267933,0.15820260774092568,0.0
2023-05-11 12:30:00+00:00,1.0,-20.00149931685513,0.8652583840553765,PPI,0.3418379801607591,True,-20.00149931685513,0.8652583840553765,-20.866757700910508,PPI,All · surprise + DTW agree,1.5548822472952344,12.551188731625755,0.1238832656047417,0.0
2023-05-12 14:00:00+00:00,0.0,-4.492026728222243,0.8686275684418618,U. of Michigan Sentiment,-1.5059821423350075,True,-0.0,0.0,-0.0,U. of Michigan Sentiment,All · surprise + DTW agree,0.6017781368525554,21.755744798437107,0.027660654343389157,0.0
2023-05-16 12:30:00+00:00,1.0,-1.5012986261275785,0.8704526353703925,Retail Sales,0.0569340677573058,True,-1.5012986261275785,0.8704526353703925,-2.371751261497971,Retail Sales,All · surprise + DTW agree,2.6826009726265774,10.326056817217788,0.2597894840316564,1.0
2023-05-16 14:00:00+00:00,0.0,-2.4086228815178856,0.8728629906091981,Business Inventories,-0.6994527547255744,True,-0.0,0.0,-0.0,Business Inventories,All · surprise + DTW agree,0.5221422180691397,32.885642842016864,0.015877512888451628,0.0
2023-05-26 14:00:00+00:00,0.0,39.57171108044832,0.878654749280412,U. of Michigan Sentiment,0.4475004257730126,True,0.0,0.0,0.0,U. of Michigan Sentiment,All · surprise + DTW agree,-4.951640739552572,32.25069312438193,-0.15353594790832786,-1.0
2023-06-01 14:00:00+00:00,-1.0,33.496788225324536,0.8851448280072033,ISM Manufacturing,-0.2671864031629926,True,-33.496788225324536,0.8851448280072033,-34.38193305333174,ISM Manufacturing,All · surprise + DTW agree,-7.874314035838461,20.33007163446036,-0.3873234771338019,-1.0
2023-06-02 12:30:00+00:00,-1.0,6.008171293441222,0.8723903495577883,Employment Report (NFP),-0.1001406153175313,True,-6.008171293441222,0.8723903495577883,-6.880561642999011,Employment Report (NFP),All · surprise + DTW agree,-2.694394409961246,22.71336111888692,-0.11862596626972866,0.0
2023-06-05 14:00:00+00:00,0.0,-18.07381123400731,0.8589029735813292,ISM Services,-0.9649783688993916,True,-0.0,0.0,-0.0,ISM Services,All · surprise + DTW agree,5.042406152162668,25.536478919560736,0.19745894365648922,1.0
2023-06-13 12:30:00+00:00,0.0,19.613302345717894,0.8508141411177936,CPI,-0.1620995717982549,True,0.0,0.0,0.0,CPI,All · surprise + DTW agree,20.832667222612805,44.32512335068849,0.46999682455004865,1.0
2023-06-14 12:30:00+00:00,0.0,,,PPI,0.6815921796680281,False,0.0,0.0,0.0,PPI,All · surprise + DTW agree,-2.6408025708245596e-09,0.0004136680141923404,-6.383869383714748e-06,0.0
2023-06-15 12:30:00+00:00,0.0,,,Retail Sales,0.1580425612543802,False,0.0,0.0,0.0,Retail Sales,All · surprise + DTW agree,-1.0682108000216978e-08,0.0005198372882910009,-2.054894529658522e-05,0.0
2023-06-15 14:00:00+00:00,0.0,,,Business Inventories,0.0,False,0.0,0.0,0.0,Business Inventories,All · surprise + DTW agree,1.5819031805993897,16.918557368744732,0.09350106785829096,0.0
2023-06-16 14:00:00+00:00,1.0,,,U. of Michigan Sentiment,1.212492484550577,False,0.0,0.0,0.0,U. of Michigan Sentiment,All · surprise + DTW agree,5.546539953514029,7.953761982981297,0.6973479927337513,1.0
2023-06-30 14:00:00+00:00,0.0,13.591084028963252,0.8393146561704098,U. of Michigan Sentiment,0.1616951687740749,True,0.0,0.0,0.0,U. of Michigan Sentiment,All · surprise + DTW agree,-6.509543312598878,24.210207228043018,-0.26887598488040965,-1.0
2023-07-03 14:00:00+00:00,0.0,,,ISM Manufacturing,-0.2687949254928601,False,0.0,0.0,0.0,ISM Manufacturing,All · surprise + DTW agree,3.834077390844642,16.91583182808188,0.2266561544126793,1.0
2023-07-06 14:00:00+00:00,0.0,-24.356973584147568,0.8495181181708996,ISM Services,1.2395289916634271,True,-0.0,0.0,-0.0,ISM Services,All · surprise + DTW agree,-0.26341353810357726,23.03428719803387,-0.01143571476030139,0.0
2023-07-07 12:30:00+00:00,1.0,-16.71383091743195,0.8501407129455909,Employment Report (NFP),0.0159018729373952,True,-16.71383091743195,0.8501407129455909,-17.56397163037754,Employment Report (NFP),All · surprise + DTW agree,17.635724693870323,44.43595370103947,0.396879626181125,1.0
2023-07-12 12:30:00+00:00,1.0,4.618537737606232,0.8402143995364334,CPI,0.9296650037596498,True,4.618537737606232,0.8402143995364334,3.7783233380697987,CPI,All · surprise + DTW agree,19.020420318575542,31.702197538976122,0.5999716674275016,1.0
2023-07-13 12:30:00+00:00,1.0,-3.177400046947554,0.8378112902293869,PPI,0.3941350978376103,True,-3.177400046947554,0.8378112902293869,-4.0152113371769405,PPI,All · surprise + DTW agree,0.547443995231985,8.473568424570423,0.06460607477300664,0.0
2023-07-14 14:00:00+00:00,0.0,-14.395948587786478,0.8343402957592496,U. of Michigan Sentiment,2.0597370727237494,True,-0.0,0.0,-0.0,U. of Michigan Sentiment,All · surprise + DTW agree,-7.049385002324639,32.00208837440571,-0.22027890554675555,-1.0
2023-07-18 12:30:00+00:00,-1.0,-6.332393280512605,0.8345323741007193,Retail Sales,-0.0353422090008289,True,6.332393280512605,0.8345323741007193,5.497860906411885,Retail Sales,All · surprise + DTW agree,-5.131607269572256,28.931683564958607,-0.177369811820683,-1.0
2023-07-18 14:00:00+00:00,0.0,7.146226382133136,0.8294957238065273,Business Inventories,0.0,True,0.0,0.0,0.0,Business Inventories,All · surprise + DTW agree,6.635204038123046,13.921643982409947,0.47661066800060775,1.0
2023-07-28 14:00:00+00:00,0.0,8.14984518250128,0.8153854805150987,U. of Michigan Sentiment,-0.369532730031979,True,0.0,0.0,0.0,U. of Michigan Sentiment,All · surprise + DTW agree,7.526080550346013,29.533611430836068,0.25483102762326,1.0
2023-08-01 14:00:00+00:00,-1.0,-25.45990044223956,0.8105539717144614,ISM Manufacturing,-0.2270582924881411,True,25.45990044223956,0.8105539717144614,24.6493464705251,ISM Manufacturing,All · surprise + DTW agree,-0.008302633229116618,19.656924820307086,-0.0004223770149713027,0.0
2023-08-03 14:00:00+00:00,0.0,-20.699538107074034,0.8220420658767504,ISM Services,-0.1606138185504726,True,-0.0,0.0,-0.0,ISM Services,All · surprise + DTW agree,7.26069100320492,43.128067671771085,0.16835187373714197,0.0
2023-08-04 12:30:00+00:00,0.0,1.4140071572299462,0.8211110481907242,Employment Report (NFP),-0.1831535520390406,True,0.0,0.0,0.0,Employment Report (NFP),All · surprise + DTW agree,10.338777902443567,24.822448586078426,0.4165091879067092,1.0
2023-08-10 12:30:00+00:00,0.0,-7.620983475682408,0.819672131147541,CPI,0.3020127789670528,True,-0.0,0.0,-0.0,CPI,All · surprise + DTW agree,-3.8472411957561325,24.836553010784737,-0.1549023809417334,-1.0
2023-08-11 12:30:00+00:00,-1.0,-12.504975198570634,0.8226716972568153,PPI,-0.3678353489783135,True,12.504975198570634,0.8226716972568153,11.682303501313818,PPI,All · surprise + DTW agree,-11.207144423193427,31.61172995500322,-0.3545248690642968,-1.0
2023-08-11 14:00:00+00:00,1.0,31.142089604507817,0.823278921220724,U. of Michigan Sentiment,0.0517958537398417,True,31.142089604507817,0.823278921220724,30.318810683287094,U. of Michigan Sentiment,All · surprise + DTW agree,1.6041489089075485,27.215259644742712,0.05894299484360895,0.0
2023-08-15 12:30:00+00:00,1.0,2.2802417154998977,0.8260696177291631,Retail Sales,0.4206347894681734,True,2.2802417154998977,0.8260696177291631,1.4541720977707346,Retail Sales,All · surprise + DTW agree,4.039319530709355,14.455949825770642,0.27942263077784446,1.0
2023-08-15 14:00:00+00:00,-1.0,-25.639578743117397,0.8250590343964266,Business Inventories,-0.7048202114489214,True,25.639578743117397,0.8250590343964266,24.814519708720972,Business Inventories,All · surprise + DTW agree,-15.176644393605294,25.29452124296988,-0.5999972977477622,-1.0
2023-08-25 14:00:00+00:00,0.0,-30.400491112665406,0.8459249752056472,U. of Michigan Sentiment,-0.6300396832195052,True,-0.0,0.0,-0.0,U. of Michigan Sentiment,All · surprise + DTW agree,7.746918061461924,38.23858950096398,0.20259424216645405,1.0
2023-09-01 12:30:00+00:00,1.0,0.8584059406935296,0.830612361803288,Employment Report (NFP),0.2061479043812086,True,0.8584059406935296,0.830612361803288,0.027793578890241588,Employment Report (NFP),All · surprise + DTW agree,2.120910280739773,21.011160708935883,0.10094208074082106,0.0
2023-09-01 14:00:00+00:00,0.0,16.025185859014357,0.8290688698933645,ISM Manufacturing,0.4918277641841351,True,0.0,0.0,0.0,ISM Manufacturing,All · surprise + DTW agree,-3.7007105318258375,17.629850310652124,-0.20991162526149373,-1.0
2023-09-06 14:00:00+00:00,0.0,-4.3423510170370605,0.8387805865679412,ISM Services,0.9202972779379625,True,-0.0,0.0,-0.0,ISM Services,All · surprise + DTW agree,-5.7452386841025875,27.203501099778812,-0.2111948261008691,-1.0
2023-09-13 12:30:00+00:00,0.0,,,CPI,-0.4305861898891642,False,0.0,0.0,0.0,CPI,All · surprise + DTW agree,2.2565937391774227e-09,0.00045703668989380524,4.937445481022002e-06,0.0
2023-09-14 12:30:00+00:00,0.0,,,PPI+Retail Sales,-0.1553579092930225,False,0.0,0.0,0.0,PPI+Retail Sales,All · surprise + DTW agree,-1.1432263899652653e-08,0.0005086641239608374,-2.247507414250594e-05,0.0
2023-09-14 14:00:00+00:00,-1.0,,,Business Inventories,-0.7058149899767884,False,-0.0,0.0,-0.0,Business Inventories,All · surprise + DTW agree,-0.6905017910391887,15.490486455806622,-0.04457586228871164,0.0
2023-09-15 14:00:00+00:00,0.0,,,U. of Michigan Sentiment,-0.4768353124361976,False,0.0,0.0,0.0,U. of Michigan Sentiment,All · surprise + DTW agree,3.3907958888618426,16.692934510643237,0.20312760986990677,1.0
2023-09-29 14:00:00+00:00,0.0,-23.550202229660755,0.8533678604007886,U. of Michigan Sentiment,0.1514252515685921,True,-0.0,0.0,-0.0,U. of Michigan Sentiment,All · surprise + DTW agree,-14.419342128362889,26.254059449426673,-0.5492233365334964,-1.0
2023-10-02 14:00:00+00:00,0.0,-10.702819430523649,0.8629154640402297,ISM Manufacturing,-0.1566272894723631,True,-0.0,0.0,-0.0,ISM Manufacturing,All · surprise + DTW agree,21.446902973436273,45.35455303037939,0.4728721052343015,1.0
2023-10-04 14:00:00+00:00,0.0,-31.691920946244068,0.8734676666365471,ISM Services,0.046078196022437,True,-0.0,0.0,-0.0,ISM Services,All · surprise + DTW agree,-8.360562039077918,27.537553413011747,-0.3036058401298452,-1.0
2023-10-06 12:30:00+00:00,0.0,-18.719247034972852,0.8700087000870008,Employment Report (NFP),0.0892200242871756,True,-0.0,0.0,-0.0,Employment Report (NFP),All · surprise + DTW agree,-11.770340276311446,37.77101169641308,-0.31162364330922104,-1.0
2023-10-11 12:30:00+00:00,-1.0,22.925677971699088,0.852189244784014,PPI,-0.6482130946295078,True,-22.925677971699088,0.852189244784014,-23.777867216483102,PPI,All · surprise + DTW agree,-6.458314118626754,26.960411997505982,-0.2395480499045857,-1.0
2023-10-12 12:30:00+00:00,0.0,-19.95305826303806,0.8494932333470032,CPI,-0.5048087791850232,True,-0.0,0.0,-0.0,CPI,All · surprise + DTW agree,6.068088400470941,14.183760461515156,0.4278194359623814,1.0
2023-10-13 14:00:00+00:00,-1.0,-21.18769552561517,0.8514386376981796,U. of Michigan Sentiment,-1.1963745297656416,True,21.18769552561517,0.8514386376981796,20.33625688791699,U. of Michigan Sentiment,All · surprise + DTW agree,-3.596519077013107,26.028717250959293,-0.13817504114155132,-1.0
2023-10-17 12:30:00+00:00,0.0,-1.762580422290938,0.8511887290871735,Retail Sales,0.3814422292219561,True,-0.0,0.0,-0.0,Retail Sales,All · surprise + DTW agree,-0.419691056526186,14.992665013666825,-0.02799309236507381,0.0
2023-10-17 14:00:00+00:00,1.0,7.046595905073616,0.8517637383616764,Business Inventories,0.7068159910615361,True,7.046595905073616,0.8517637383616764,6.194832166711939,Business Inventories,All · surprise + DTW agree,11.35057974979997,38.238382827931154,0.29683733752225944,1.0
2023-10-27 14:00:00+00:00,0.0,-8.544400886023595,0.8837421910711565,U. of Michigan Sentiment,0.2971298403222687,True,-0.0,0.0,-0.0,U. of Michigan Sentiment,All · surprise + DTW agree,-13.571042771721366,20.505660555341702,-0.6618193417907781,-1.0
2023-11-01 14:00:00+00:00,-1.0,26.483703934925273,0.8742049256925812,ISM Manufacturing,-0.4370947484304193,True,-26.483703934925273,0.8742049256925812,-27.357908860617854,ISM Manufacturing,All · surprise + DTW agree,-0.8137538323761747,53.09992517032035,-0.015324952526129245,0.0
2023-11-03 12:30:00+00:00,0.0,17.039783193428804,0.8549276259544235,Employment Report (NFP),-0.2327788883684226,True,0.0,0.0,0.0,Employment Report (NFP),All · surprise + DTW agree,16.24793492844349,26.840138558580392,0.6053595771490259,1.0
2023-11-03 14:00:00+00:00,0.0,-9.979161991591212,0.8506893517160458,ISM Services,-0.5545907482542947,True,-0.0,0.0,-0.0,ISM Services,All · surprise + DTW agree,0.4260275123116446,21.24133763614283,0.020056529377262232,0.0
2023-11-10 15:00:00+00:00,-1.0,-7.055918444098808,0.8519639237345398,U. of Michigan Sentiment,-1.1149234859701074,True,7.055918444098808,0.8519639237345398,6.203954520364268,U. of Michigan Sentiment,All · surprise + DTW agree,-3.531063155164677,20.65483642890798,-0.1709557549544518,-1.0
2023-11-14 13:30:00+00:00,1.0,38.339073496249654,0.8429742456833904,CPI,0.8053453819483084,True,38.339073496249654,0.8429742456833904,37.49609925056626,CPI,All · surprise + DTW agree,15.347593525049003,30.78148500509539,0.4985982165093221,1.0
2023-11-15 13:30:00+00:00,1.0,-16.861723604684187,0.828666133272374,PPI+Retail Sales,0.546873600388985,True,-16.861723604684187,0.828666133272374,-17.69038973795656,PPI+Retail Sales,All · surprise + DTW agree,9.051734395270682,27.84740532413095,0.325047676432065,1.0
2023-11-15 15:00:00+00:00,0.0,10.288066751069636,0.8292348164245683,Business Inventories,0.0,True,0.0,0.0,0.0,Business Inventories,All · surprise + DTW agree,4.542945118130034,42.18704572921281,0.1076857845721164,0.0
2023-11-22 15:00:00+00:00,1.0,11.636323667509885,0.8229051389007122,U. of Michigan Sentiment,0.1115179097470865,True,11.636323667509885,0.8229051389007122,10.813418528609173,U. of Michigan Sentiment,All · surprise + DTW agree,2.3618678078291584,19.215063265069844,0.1229175139965678,0.0
2023-12-01 15:00:00+00:00,0.0,1.109231580951331,0.8040368193412443,ISM Manufacturing,0.1669719534082837,True,0.0,0.0,0.0,ISM Manufacturing,All · surprise + DTW agree,-0.2631195151654535,14.876254124764566,-0.017687215676655946,0.0
2023-12-05 15:00:00+00:00,1.0,0.2766136951493081,0.8032795966982438,ISM Services,0.1851212529593981,True,0.2766136951493081,0.8032795966982438,-0.5266659015489357,ISM Services,All · surprise + DTW agree,0.13718061250069669,26.557755760877264,0.005165369157539285,0.0
2023-12-08 13:30:00+00:00,1.0,11.914494142981624,0.8031683607056804,Employment Report (NFP),0.186887473709646,True,11.914494142981624,0.8031683607056804,11.111325782275944,Employment Report (NFP),All · surprise + DTW agree,8.278210038286277,21.703821632623427,0.3814171613833732,1.0
2023-12-08 15:00:00+00:00,0.0,1.1034178378643844,0.8014370595550643,U. of Michigan Sentiment,2.126770358773564,True,0.0,0.0,0.0,U. of Michigan Sentiment,All · surprise + DTW agree,-19.545897581298306,44.94318717093974,-0.4349023469776679,-1.0
2023-12-12 13:30:00+00:00,0.0,-30.129579888313884,0.793194934493039,CPI,-0.2654370051827885,True,-0.0,0.0,-0.0,CPI,All · surprise + DTW agree,11.877877756318206,19.278371842969648,0.6161245282054137,1.0
2023-12-13 13:30:00+00:00,1.0,,,PPI,0.536558552849708,False,0.0,0.0,0.0,PPI,All · surprise + DTW agree,4.433417650265971e-09,0.0003869849629049359,1.1456304702348483e-05,0.0
2023-12-14 13:30:00+00:00,1.0,,,Retail Sales,0.2835822483307001,False,0.0,0.0,0.0,Retail Sales,All · surprise + DTW agree,4.433417650265968e-09,0.00038698496290493585,1.1456304702348478e-05,0.0
2023-12-14 15:00:00+00:00,0.0,,,Business Inventories,0.0,False,0.0,0.0,0.0,Business Inventories,All · surprise + DTW agree,-1.2803582431363623,17.420266510464998,-0.07349820063701114,0.0
2023-12-22 15:00:00+00:00,0.0,3.9633784356141177,0.7663645252503898,U. of Michigan Sentiment,-0.0794559767056472,True,0.0,0.0,0.0,U. of Michigan Sentiment,All · surprise + DTW agree,11.625288172908904,17.760610303581917,0.6545545436895457,1.0
2024-01-02 15:00:00+00:00,-1.0,-6.853287210084602,0.7643043512637377,ISM Manufacturing,-0.147552730685314,True,6.853287210084602,0.7643043512637377,6.088982858820865,ISM Manufacturing,All · surprise + DTW agree,-3.0302353816928655,20.13904067783043,-0.1504657262561978,-1.0
2024-01-03 15:00:00+00:00,0.0,-15.084755351413293,0.7673378668007302,ISM Manufacturing+JOLTS,-0.1400060732610997,True,-0.0,0.0,-0.0,ISM Manufacturing+JOLTS,All · surprise + DTW agree,4.172894482434862,21.261159192519806,0.19626843694877127,0.0
2024-01-05 13:30:00+00:00,-1.0,19.146905115459138,0.7704979010574419,Employment Report (NFP),-0.3349725293676338,True,-19.146905115459138,0.7704979010574419,-19.91740301651658,Employment Report (NFP),All · surprise + DTW agree,-0.02005439442206991,10.603039409809387,-0.0018913816734017431,0.0
2024-01-05 15:00:00+00:00,0.0,6.618571953840302,0.7689248309691104,ISM Services,-0.8819703762954058,True,0.0,0.0,0.0,ISM Services,All · surprise + DTW agree,7.314389712652753,30.666460292921457,0.2385143131221143,1.0
2024-01-11 13:30:00+00:00,-1.0,-11.35358618006066,0.7639821913116783,CPI,-0.7572578714008459,True,11.35358618006066,0.7639821913116783,10.589603988748982,CPI,All · surprise + DTW agree,-7.158487878877614,37.420063213279825,-0.19130079599483876,-1.0
2024-01-12 13:30:00+00:00,1.0,6.0820014303253345,0.7682322710535378,PPI,0.4874189349370815,True,6.0820014303253345,0.7682322710535378,5.313769159271796,PPI,All · surprise + DTW agree,2.4769898112840467,21.336065447966106,0.11609402948846737,0.0
2024-01-17 13:30:00+00:00,1.0,-4.2816238712362065,0.7752145205699164,Retail Sales,0.2695311791201982,True,-4.2816238712362065,0.7752145205699164,-5.056838391806123,Retail Sales,All · surprise + DTW agree,1.2978979928949141,21.1868453275874,0.061259615238938886,0.0
2024-01-19 15:00:00+00:00,1.0,1.059939584422409,0.7687210072895958,U. of Michigan Sentiment,2.1144540405073533,True,1.059939584422409,0.7687210072895958,0.2912185771328133,U. of Michigan Sentiment,All · surprise + DTW agree,11.222058416992061,89.54337705267804,0.1253253873861622,0.0
2024-01-30 15:00:00+00:00,-1.0,-7.024025054978011,0.7537557831262671,JOLTS,-0.8204848023574096,True,7.024025054978011,0.7537557831262671,6.2702692718517445,JOLTS,All · surprise + DTW agree,-8.214355262748581,19.86833374817411,-0.4134395650316412,-1.0
2024-01-31 19:00:00+00:00,0.0,0.2595346543898813,0.7511591162224467,FOMC Rate Decision,0.0,True,0.0,0.0,0.0,FOMC Rate Decision,All · surprise + DTW agree,13.327551906205288,33.97985005402007,0.3922192677430176,1.0
2024-02-01 15:00:00+00:00,1.0,35.2145186720243,0.7571406192888099,ISM Manufacturing,0.9351872603869764,True,35.2145186720243,0.7571406192888099,34.457378052735486,ISM Manufacturing,All · surprise + DTW agree,5.587258527007961,17.248579816218154,0.3239257136842353,1.0
2024-02-02 13:30:00+00:00,-1.0,-16.09762777841084,0.7503040024837649,Employment Report (NFP),-0.38775356028151,True,16.09762777841084,0.7503040024837649,15.347323775927075,Employment Report (NFP),All · surprise + DTW agree,-9.684791175890696,44.0161023830225,-0.22002836806437065,-1.0
2024-02-02 15:00:00+00:00,0.0,11.167527034228186,0.7534033045827704,U. of Michigan Sentiment,-0.020724720425678,True,0.0,0.0,0.0,U. of Michigan Sentiment,All · surprise + DTW agree,4.70303882518755,19.47925409656551,0.24143834265280043,1.0
2024-02-05 15:00:00+00:00,0.0,-30.68284689131673,0.7518407134709115,ISM Services,0.6496483098356184,True,-0.0,0.0,-0.0,ISM Services,All · surprise + DTW agree,-1.5183837335561559,33.7845441689253,-0.04494314695986784,0.0
2024-02-13 13:30:00+00:00,-1.0,-42.99299569940018,0.7468644569780319,CPI,-1.1752230772837458,True,42.99299569940018,0.7468644569780319,42.24613124242215,CPI,All · surprise + DTW agree,-18.33084960460404,35.79185582787567,-0.5121514149128717,-1.0
2024-02-15 13:30:00+00:00,-1.0,-2.33381307216618,0.7523673628226748,Retail Sales,-0.5833450170591599,True,2.33381307216618,0.7523673628226748,1.581445709343505,Retail Sales,All · surprise + DTW agree,-0.20079672489313688,20.234564711690265,-0.009923451665709869,0.0
2024-02-16 13:30:00+00:00,-1.0,-2.322191126769013,0.7469029283745847,PPI,-1.3558344873028956,True,2.322191126769013,0.7469029283745847,1.5752881983944285,PPI,All · surprise + DTW agree,-10.919386262755792,32.44794567057844,-0.33652011050600156,-1.0
2024-02-16 15:00:00+00:00,-1.0,15.747424936609631,0.7493927334745981,U. of Michigan Sentiment,-0.0875138795886973,True,-15.747424936609631,0.7493927334745981,-16.49681767008423,U. of Michigan Sentiment,All · surprise + DTW agree,-0.3732244292050062,31.114257129767754,-0.011995286522458333,0.0
2024-03-01 15:00:00+00:00,0.0,35.90668130728503,0.7452330780695894,ISM Manufacturing+U. of Michigan Sentiment,-0.5416049513565653,True,0.0,0.0,0.0,ISM Manufacturing+U. of Michigan Sentiment,All · surprise + DTW agree,5.452259308038721,28.15503887602341,0.1936512796891152,0.0
2024-03-05 15:00:00+00:00,-1.0,-2.830564973930194,0.7470568536026173,ISM Services,-0.1860395184034023,True,2.830564973930194,0.7470568536026173,2.083508120327577,ISM Services,All · surprise + DTW agree,-18.431867213912767,37.15166257160339,-0.49612496287046476,-1.0
2024-03-06 15:00:00+00:00,0.0,-6.9667533877826315,0.7480782128669453,JOLTS,-0.0387423482543086,True,-0.0,0.0,-0.0,JOLTS,All · surprise + DTW agree,7.205320988429102,28.316293844290183,0.2544584763829188,1.0
2024-03-08 13:30:00+00:00,0.0,13.66032404387596,0.7492959202129034,Employment Report (NFP),-0.0706665400889625,True,0.0,0.0,0.0,Employment Report (NFP),All · surprise + DTW agree,1.6372003902772203,17.683852088085203,0.09258166049580974,0.0
2024-03-12 12:30:00+00:00,-1.0,38.67579078409733,0.747576819962879,CPI,-0.4778384284304798,True,-38.67579078409733,0.747576819962879,-39.42336760406021,CPI,All · surprise + DTW agree,-5.037501223836732,36.18482022553603,-0.1392158698713587,-1.0
2024-03-14 12:30:00+00:00,0.0,,,PPI+Retail Sales,-0.4441833671280292,False,0.0,0.0,0.0,PPI+Retail Sales,All · surprise + DTW agree,1.3368121855323424e-09,0.00043383459453681417,3.081386782812e-06,0.0
2024-03-15 14:00:00+00:00,-1.0,,,U. of Michigan Sentiment,-0.0305883809511615,False,-0.0,0.0,-0.0,U. of Michigan Sentiment,All · surprise + DTW agree,-2.4755010786892013,16.775293218167977,-0.14756827475350381,-1.0
2024-03-20 18:00:00+00:00,0.0,24.96691291245412,0.7336942771846379,FOMC Rate Decision,0.0,True,0.0,0.0,0.0,FOMC Rate Decision,All · surprise + DTW agree,1.944398887707396,15.937877593715843,0.12199860842663608,0.0
2024-03-28 14:00:00+00:00,1.0,-8.222557678578823,0.7222554293684001,U. of Michigan Sentiment,0.7495036627979537,True,-8.222557678578823,0.7222554293684001,-8.944813107947224,U. of Michigan Sentiment,All · surprise + DTW agree,27.392684569190475,60.08143398889097,0.45592594501415146,1.0
2024-04-01 14:00:00+00:00,0.0,-19.012839390146752,0.7244747558020435,ISM Manufacturing,0.2691173535014057,True,-0.0,0.0,-0.0,ISM Manufacturing,All · surprise + DTW agree,-2.3875757664557518,27.66060565630349,-0.08631682892712274,0.0
2024-04-02 14:00:00+00:00,-1.0,12.420944828139824,0.7353127614797534,JOLTS,-0.0777388175333528,True,-12.420944828139824,0.7353127614797534,-13.156257589619578,JOLTS,All · surprise + DTW agree,-11.722046537014485,21.476475613125736,-0.5458086675008419,-1.0
2024-04-03 14:00:00+00:00,0.0,-0.7581980164061974,0.7341400435420992,ISM Services,-0.652812306132463,True,-0.0,0.0,-0.0,ISM Services,All · surprise + DTW agree,8.652050102817295,22.03073254809339,0.39272639182241226,1.0
2024-04-05 12:30:00+00:00,1.0,-1.0261672661648902,0.7431133888532991,Employment Report (NFP),0.194963804370428,True,-1.0261672661648902,0.7431133888532991,-1.7692806550181892,Employment Report (NFP),All · surprise + DTW agree,2.0615598783605678,26.083328423498273,0.07903745430369707,0.0
2024-04-10 12:30:00+00:00,-1.0,-44.016081566446985,0.7383267987168389,CPI,-0.7664412194645043,True,44.016081566446985,0.7383267987168389,43.277754767730144,CPI,All · surprise + DTW agree,-15.293900937711726,33.312569219866724,-0.459103014143708,-1.0
2024-04-11 12:30:00+00:00,1.0,13.165539171744456,0.7517822423849643,PPI,0.0592735121268001,True,13.165539171744456,0.7517822423849643,12.413756929359492,PPI,All · surprise + DTW agree,8.41217351601345,31.145226925595935,0.2700951107567662,1.0
2024-04-12 14:00:00+00:00,0.0,-26.788400784294453,0.7528556593977155,U. of Michigan Sentiment,-0.4673436856939909,True,-0.0,0.0,-0.0,U. of Michigan Sentiment,All · surprise + DTW agree,6.8628498941577165,28.810916029144053,0.23820311326496915,1.0
2024-04-15 12:30:00+00:00,1.0,25.467127404930068,0.7537949677687669,Retail Sales,0.4899628127387242,True,25.467127404930068,0.7537949677687669,24.713332437161302,Retail Sales,All · surprise + DTW agree,1.683739344931185,11.640592730994701,0.14464378093462493,0.0
2024-04-26 14:00:00+00:00,0.0,10.406911127631702,0.7551493372913574,U. of Michigan Sentiment,-0.2085880846826101,True,0.0,0.0,0.0,U. of Michigan Sentiment,All · surprise + DTW agree,1.895119947456931,16.1984677076398,0.11699377877347755,0.0
2024-05-01 14:00:00+00:00,0.0,17.891445822932894,0.7631779783678517,ISM Manufacturing+JOLTS,0.3242630803040228,True,0.0,0.0,0.0,ISM Manufacturing+JOLTS,All · surprise + DTW agree,-0.3056046781103794,25.551399209153185,-0.011960389159467389,0.0
2024-05-01 18:00:00+00:00,0.0,21.208915691381947,0.7611149021048763,FOMC Rate Decision,0.0,True,0.0,0.0,0.0,FOMC Rate Decision,All · surprise + DTW agree,-2.550621191005819,32.54329053191308,-0.07837625357843245,0.0
2024-05-03 12:30:00+00:00,0.0,-8.230241456317344,0.750168141135082,Employment Report (NFP),-0.0870246832772972,True,-0.0,0.0,-0.0,Employment Report (NFP),All · surprise + DTW agree,18.6979718904584,29.83890969967209,0.6266305330406855,1.0
2024-05-03 14:00:00+00:00,-1.0,-27.581957759625908,0.7454629582026632,ISM Services,-1.2135094696925872,True,27.581957759625908,0.7454629582026632,26.836494801423246,ISM Services,All · surprise + DTW agree,-1.9261357267773458,26.194488845531797,-0.07353209822629932,0.0
2024-05-10 14:00:00+00:00,0.0,-4.034494986395742,0.730570600831339,U. of Michigan Sentiment,-2.1726175926367697,True,-0.0,0.0,-0.0,U. of Michigan Sentiment,All · surprise + DTW agree,3.4019231124759113,19.589210039818994,0.1736631086991676,0.0
2024-05-14 12:30:00+00:00,-1.0,28.330780591510063,0.7323047397792986,PPI,-0.6190507357095073,True,-28.330780591510063,0.7323047397792986,-29.06308533128936,PPI,All · surprise + DTW agree,-22.870579738132577,33.73526379616697,-0.6779428160490968,-1.0
2024-05-15 12:30:00+00:00,0.0,-4.769136249223038,0.7306074118862268,CPI+Retail Sales,0.040853595856144,True,-0.0,0.0,-0.0,CPI+Retail Sales,All · surprise + DTW agree,18.095798460677994,30.90353218039733,0.5855576105360696,1.0
2024-05-24 14:00:00+00:00,1.0,-5.354342882348817,0.7402869250012764,U. of Michigan Sentiment,0.3551438966268981,True,-5.354342882348817,0.7402869250012764,-6.094629807350094,U. of Michigan Sentiment,All · surprise + DTW agree,13.4370928523201,39.339569279494924,0.341566852368258,1.0
2024-06-03 14:00:00+00:00,-1.0,-4.132444916500333,0.7493346425156971,ISM Manufacturing,-0.4027774288517774,True,4.132444916500333,0.7493346425156971,3.3831102739846357,ISM Manufacturing,All · surprise + DTW agree,-2.1728773944243645,25.851065931602648,-0.08405368661290076,0.0
2024-06-04 14:00:00+00:00,1.0,12.39285504063048,0.7496639437493537,JOLTS,0.8737619779775578,True,12.39285504063048,0.7496639437493537,11.643191096881125,JOLTS,All · surprise + DTW agree,0.8939594951612879,23.72617235690343,0.037678201174374384,0.0
2024-06-05 14:00:00+00:00,0.0,-9.044512535947293,0.7486382528332085,ISM Services,1.3034573972252783,True,-0.0,0.0,-0.0,ISM Services,All · surprise + DTW agree,-3.078855896029001,33.42811377326596,-0.0921037877551831,0.0
2024-06-07 12:30:00+00:00,-1.0,4.896844210673379,0.7441621760328458,Employment Report (NFP),-0.20423991577674,True,-4.896844210673379,0.7441621760328458,-5.641006386706225,Employment Report (NFP),All · surprise + DTW agree,-19.95679912556598,36.172778220666665,-0.5517076682311347,-1.0
2024-06-12 12:30:00+00:00,1.0,26.60596621796074,0.746941403734707,CPI,0.9012986804965564,True,26.60596621796074,0.746941403734707,25.859024814226036,CPI,All · surprise + DTW agree,15.161387493264572,30.996386418335454,0.4891340328721698,1.0
2024-06-12 18:00:00+00:00,0.0,11.342253684194503,0.7468836921809003,FOMC Rate Decision,0.0,True,0.0,0.0,0.0,FOMC Rate Decision,All · surprise + DTW agree,-2.1453922567847448,24.601356753925657,-0.08720625769724684,0.0
2024-06-13 12:30:00+00:00,1.0,-13.687841911877996,0.7495670604047662,PPI,1.0325509387972418,True,-13.687841911877996,0.7495670604047662,-14.437408972282762,PPI,All · surprise + DTW agree,15.66123863058285,25.183498326261862,0.6218849513155602,1.0
2024-06-14 14:00:00+00:00,-1.0,-9.635793810396365,0.7540301612064483,U. of Michigan Sentiment,-1.5077009336686769,True,9.635793810396365,0.7540301612064483,8.881763649189917,U. of Michigan Sentiment,All · surprise + DTW agree,-6.65346864267894,32.52648784401729,-0.20455539726840613,-1.0
2024-06-18 12:30:00+00:00,-1.0,,,Retail Sales,-0.1991426389856368,False,-0.0,0.0,-0.0,Retail Sales,All · surprise + DTW agree,-3.299312719361441,14.560820436295808,-0.22658838035920234,-1.0
2024-06-28 14:00:00+00:00,1.0,26.71372556369178,0.7322862481692843,U. of Michigan Sentiment,0.5564715042583241,True,26.71372556369178,0.7322862481692843,25.981439315522497,U. of Michigan Sentiment,All · surprise + DTW agree,1.7771432188043232,26.953273950012463,0.06593422461776675,0.0
2024-07-01 14:00:00+00:00,0.0,-45.91677467173483,0.7301475401581148,ISM Manufacturing,-0.4876935484636415,True,-0.0,0.0,-0.0,ISM Manufacturing,All · surprise + DTW agree,4.920811038684864,13.784898508104352,0.3569711475054999,1.0
2024-07-02 14:00:00+00:00,-1.0,0.0,0.7344561225781943,JOLTS,-0.5833799148516129,True,-0.0,0.7344561225781943,-0.7344561225781943,JOLTS,All · surprise + DTW agree,-1.3120521300660835,30.749798027221203,-0.04266864221041685,0.0
2024-07-03 14:00:00+00:00,-1.0,,,ISM Services,-1.7907001556583515,False,-0.0,0.0,-0.0,ISM Services,All · surprise + DTW agree,-2.5944334587295557,15.84694140253697,-0.1637182464948225,-1.0
2024-07-05 12:30:00+00:00,-1.0,-2.269145928419647,0.7316950093354191,Employment Report (NFP),-0.042536768431817,True,2.269145928419647,0.7316950093354191,1.5374509190842278,Employment Report (NFP),All · surprise + DTW agree,-1.2777840262364388,11.59629595498305,-0.11018898027411603,0.0
2024-07-11 12:30:00+00:00,1.0,-24.468814485469892,0.725,CPI,1.1642994529213304,True,-24.468814485469892,0.725,-25.193814485469893,CPI,All · surprise + DTW agree,6.112263755622287,25.934189920725924,0.23568361974312244,1.0
2024-07-12 12:30:00+00:00,-1.0,16.943244198799334,0.7225973637654798,PPI,-0.5983242205782651,True,-16.943244198799334,0.7225973637654798,-17.665841562564815,PPI,All · surprise + DTW agree,-0.030966660106168886,14.60395066863255,-0.0021204303416801715,0.0
2024-07-12 14:00:00+00:00,-1.0,25.36620693163627,0.7222554293684001,U. of Michigan Sentiment,-0.4645606680910795,True,-25.36620693163627,0.7222554293684001,-26.08846236100467,U. of Michigan Sentiment,All · surprise + DTW agree,-9.470391358759997,32.96813615476992,-0.28725892523316926,-1.0
2024-07-16 12:30:00+00:00,0.0,16.000988089945878,0.7147434317543254,Retail Sales,0.4072349741296833,True,0.0,0.0,0.0,Retail Sales,All · surprise + DTW agree,-2.4511666913760544,15.14829990941307,-0.16181133896437533,-1.0
2024-07-26 14:00:00+00:00,0.0,13.00151049710152,0.7123031955395083,U. of Michigan Sentiment,-0.0311151528672282,True,0.0,0.0,0.0,U. of Michigan Sentiment,All · surprise + DTW agree,5.980496221267008,22.532349210204778,0.26541822894163536,1.0
2024-07-30 14:00:00+00:00,0.0,-19.780950806946866,0.7075241534107544,JOLTS,-0.5535765291927877,True,-0.0,0.0,-0.0,JOLTS,All · surprise + DTW agree,7.868967198122267,18.331151969013334,0.42926746837426444,1.0
2024-07-31 18:00:00+00:00,0.0,16.982051630947126,0.7033201561855795,FOMC Rate Decision,0.0,True,0.0,0.0,0.0,FOMC Rate Decision,All · surprise + DTW agree,4.95895777196001,17.117744084437977,0.28969692194827706,1.0
2024-08-01 14:00:00+00:00,0.0,-57.92583624183223,0.7061974917813223,ISM Manufacturing,-0.4767604809750534,True,-0.0,0.0,-0.0,ISM Manufacturing,All · surprise + DTW agree,10.54030047358401,32.41302197055811,0.32518721898742226,1.0
2024-08-02 12:30:00+00:00,-1.0,5.996701993709053,0.7208550832711905,Employment Report (NFP),-0.0520498972563421,True,-5.996701993709053,0.7208550832711905,-6.717557076980243,Employment Report (NFP),All · surprise + DTW agree,-22.323343667610754,33.947050648467545,-0.6575930232872377,-1.0
2024-08-05 14:00:00+00:00,0.0,-87.90926446849312,0.747866003043041,ISM Services,0.1845635808619574,True,-0.0,0.0,-0.0,ISM Services,All · surprise + DTW agree,-5.034319958781315,42.63992552512281,-0.11806587128805297,-1.0
2024-08-13 12:30:00+00:00,1.0,1.5151515180455988,0.7335829201659414,PPI,0.3450978502168926,True,1.5151515180455988,0.7335829201659414,0.7815685978796574,PPI,All · surprise + DTW agree,2.648279007542744,20.998362645677723,0.12611835752288345,0.0
2024-08-14 12:30:00+00:00,1.0,4.25985096963899,0.727145077980041,CPI,0.3098392583032254,True,4.25985096963899,0.727145077980041,3.5327058916589484,CPI,All · surprise + DTW agree,3.446746067682352,15.516092506591457,0.22214008238337873,1.0
2024-08-15 12:30:00+00:00,1.0,35.61098800036078,0.7200496585971445,Retail Sales,0.2996817509038771,True,35.61098800036078,0.7200496585971445,34.89093834176363,Retail Sales,All · surprise + DTW agree,7.36672571947474,31.250690659397257,0.2357300131304306,1.0
2024-08-16 14:00:00+00:00,1.0,-24.592998475547745,0.7132492191150791,U. of Michigan Sentiment,0.1227898524426557,True,-24.592998475547745,0.7132492191150791,-25.306247694662822,U. of Michigan Sentiment,All · surprise + DTW agree,1.1511304931013566,31.096960521765364,0.03701746002782678,0.0
2024-08-30 14:00:00+00:00,1.0,0.0,0.698997300424219,U. of Michigan Sentiment,0.0464482738396356,True,0.0,0.698997300424219,-0.698997300424219,U. of Michigan Sentiment,All · surprise + DTW agree,3.9386431368030155,43.17019447321086,0.09123524192709229,0.0
2024-09-03 14:00:00+00:00,0.0,-32.958540885523746,0.7005677014132141,ISM Manufacturing,-0.0485814437334042,True,-0.0,0.0,-0.0,ISM Manufacturing,All · surprise + DTW agree,2.8033540643810833,17.066400476179325,0.16426158921407624,0.0
2024-09-04 14:00:00+00:00,1.0,31.14888265486115,0.7050128847182379,JOLTS,1.2886503542298795,True,31.14888265486115,0.7050128847182379,30.443869770142914,JOLTS,All · surprise + DTW agree,9.216400733454499,19.243962891890963,0.4789242623897448,1.0
2024-09-05 14:00:00+00:00,0.0,5.364414554041019,0.7081115397763345,ISM Services,0.0462731692942805,True,0.0,0.0,0.0,ISM Services,All · surprise + DTW agree,-1.2383422722742767,24.664232265614956,-0.05020802021884467,0.0
2024-09-06 12:30:00+00:00,-1.0,23.542694249361062,0.7130387745568095,Employment Report (NFP),-0.0943309445874508,True,-23.542694249361062,0.7130387745568095,-24.255733023917873,Employment Report (NFP),All · surprise + DTW agree,-0.623071796239008,9.752890257900003,-0.06388586149980613,0.0
2024-09-11 12:30:00+00:00,-1.0,27.604582141123046,0.7128109330449317,CPI,-0.1677863014867797,True,-27.604582141123046,0.7128109330449317,-28.317393074167978,CPI,All · surprise + DTW agree,-13.601110869451222,34.0315762166914,-0.3996615020958187,-1.0
2024-09-12 12:30:00+00:00,-1.0,-8.789492240275365,0.7073170731707317,PPI,-0.2352160732074721,True,8.789492240275365,0.7073170731707317,8.082175167104634,PPI,All · surprise + DTW agree,-3.588676016274281,17.9147479663104,-0.20031964853890044,-1.0
2024-09-13 14:00:00+00:00,0.0,8.218516295315226,0.7012453149558698,U. of Michigan Sentiment,0.2144307516473969,True,0.0,0.0,0.0,U. of Michigan Sentiment,All · surprise + DTW agree,-10.474892928501397,27.23817491652601,-0.3845666224188187,-1.0
2024-09-17 12:30:00+00:00,0.0,,,Retail Sales,0.0277408614337283,False,0.0,0.0,0.0,Retail Sales,All · surprise + DTW agree,-5.630021802204219,12.322930689335623,-0.456873607759272,-1.0
2024-09-18 18:00:00+00:00,-1.0,,,FOMC Rate Decision,-5.0,False,-0.0,0.0,-0.0,FOMC Rate Decision,All · surprise + DTW agree,-2.4319035343406528,10.243868432945519,-0.23740089500948267,-1.0
2024-09-27 14:00:00+00:00,0.0,29.891199688236725,0.678918412735573,U. of Michigan Sentiment,0.1418831971197052,True,0.0,0.0,0.0,U. of Michigan Sentiment,All · surprise + DTW agree,-1.405357387119233,14.562052213882334,-0.09650819585576503,0.0
2024-10-01 14:00:00+00:00,-1.0,-13.220020811104405,0.6837042625424368,ISM Manufacturing+JOLTS,-0.7875306739426045,True,13.220020811104405,0.6837042625424368,12.536316548561969,ISM Manufacturing+JOLTS,All · surprise + DTW agree,-1.7800716593433101,20.767023073947474,-0.08571626530219613,0.0
2024-10-03 14:00:00+00:00,0.0,-1.8922818610356271,0.686731866726657,ISM Services,1.484916701919426,True,-0.0,0.0,-0.0,ISM Services,All · surprise + DTW agree,-5.0160305276505674,19.86766996966052,-0.2524720078051647,-1.0
2024-10-04 12:30:00+00:00,0.0,28.93336763154508,0.6837848671335266,Employment Report (NFP),-0.1422415160513053,True,0.0,0.0,0.0,Employment Report (NFP),All · surprise + DTW agree,3.5346183603302044,17.25418756625987,0.20485568194715015,1.0
2024-10-10 12:30:00+00:00,0.0,-5.851032874186757,0.6778234854151085,CPI,-0.9099158715024142,True,-0.0,0.0,-0.0,CPI,All · surprise + DTW agree,1.4589472578452718,27.25508621722362,0.05352935764786913,0.0
2024-10-11 12:30:00+00:00,0.0,-10.991710551344624,0.6783625730994152,PPI,-0.1107712752265794,True,-0.0,0.0,-0.0,PPI,All · surprise + DTW agree,2.8771180180689075,13.873858051283898,0.2073769248203211,1.0
2024-10-11 14:00:00+00:00,-1.0,34.910548174948985,0.6757386522509087,U. of Michigan Sentiment,-0.5357844291061307,True,-34.910548174948985,0.6757386522509087,-35.58628682719989,U. of Michigan Sentiment,All · surprise + DTW agree,-9.316822734227028,27.324789064939868,-0.34096595264046664,-1.0
2024-10-17 12:30:00+00:00,0.0,5.296549306894605,0.6681103994839422,Retail Sales,0.2800718448031246,True,0.0,0.0,0.0,Retail Sales,All · surprise + DTW agree,-1.1474258740188787,12.267313521768587,-0.0935352204036156,0.0
2024-10-25 14:00:00+00:00,1.0,4.209541689856877,0.6786642016334745,U. of Michigan Sentiment,0.5011153801950475,True,4.209541689856877,0.6786642016334745,3.5308774882234024,U. of Michigan Sentiment,All · surprise + DTW agree,1.5551692583695347,29.628653061906906,0.052488692453218244,0.0
2024-10-29 14:00:00+00:00,0.0,26.32817693843492,0.6820640669833952,JOLTS,1.6752316714054052,True,0.0,0.0,0.0,JOLTS,All · surprise + DTW agree,-0.37172219144108276,20.113454729088726,-0.018481270196883986,0.0
2024-11-01 12:30:00+00:00,0.0,24.45772765117482,0.6892945426887241,Employment Report (NFP),-0.0293379522497713,True,0.0,0.0,0.0,Employment Report (NFP),All · surprise + DTW agree,6.385800826342364,21.05305052859829,0.30331950316026385,1.0
2024-11-01 14:00:00+00:00,1.0,52.43652329491866,0.6867481292033722,ISM Manufacturing,0.1638772187770114,True,52.43652329491866,0.6867481292033722,51.749775165715285,ISM Manufacturing,All · surprise + DTW agree,1.5359173014136664,16.026796663007623,0.09583432882497386,0.0
2024-11-05 15:00:00+00:00,0.0,20.622718365839177,0.6877905322075704,ISM Services,1.018693733877215,True,0.0,0.0,0.0,ISM Services,All · surprise + DTW agree,-1.714508821180476,22.512673655627477,-0.07615749454760569,0.0
2024-11-07 19:00:00+00:00,0.0,-4.785070671093905,0.6606675019933934,FOMC Rate Decision,0.0,True,-0.0,0.0,-0.0,FOMC Rate Decision,All · surprise + DTW agree,-2.832395158671078,12.10877455354519,-0.2339126181717384,-1.0
2024-11-08 15:00:00+00:00,1.0,14.523342013159636,0.6587316009449391,U. of Michigan Sentiment,0.406251960696072,True,14.523342013159636,0.6587316009449391,13.864610412214697,U. of Michigan Sentiment,All · surprise + DTW agree,0.4150424140331616,31.28781256369949,0.013265306201517552,0.0
2024-11-13 13:30:00+00:00,0.0,-7.710450309428296,0.6592557230216645,CPI,-0.1113847084764326,True,-0.0,0.0,-0.0,CPI,All · surprise + DTW agree,5.88719226142025,30.551621493992233,0.19269655663212265,0.0
2024-11-14 13:30:00+00:00,0.0,-8.59553537505775,0.6554709219537553,PPI,-0.3007165348079867,True,-0.0,0.0,-0.0,PPI,All · surprise + DTW agree,0.24169128610753998,12.643052641216364,0.019116529288158317,0.0
2024-11-15 13:30:00+00:00,0.0,-9.829358568591571,0.662735956853604,Retail Sales,-0.1431691057747343,True,-0.0,0.0,-0.0,Retail Sales,All · surprise + DTW agree,4.393813813045102,18.977221486989205,0.23153093386497617,1.0
2024-11-22 15:00:00+00:00,-1.0,-32.35040770837472,0.6547605608362873,U. of Michigan Sentiment,-0.2664711518329156,True,32.35040770837472,0.6547605608362873,31.69564714753843,U. of Michigan Sentiment,All · surprise + DTW agree,-6.8322066667782675,35.86218721635334,-0.19051282693830637,-1.0
2024-12-02 15:00:00+00:00,-1.0,-10.473655260003769,0.6460236132768992,ISM Manufacturing,-0.096633504170564,True,10.473655260003769,0.6460236132768992,9.82763164672687,ISM Manufacturing,All · surprise + DTW agree,-7.472422439750837,22.74014503185369,-0.3286004741519326,-1.0
2024-12-03 15:00:00+00:00,-1.0,-15.627096094412709,0.6470037035384409,JOLTS,-0.6706551994181498,True,15.627096094412709,0.6470037035384409,14.980092390874267,JOLTS,All · surprise + DTW agree,-6.552572083094427,17.275390106031736,-0.37930096182352396,-1.0
2024-12-04 15:00:00+00:00,-1.0,-23.559231220033897,0.6436291808154117,ISM Services,-1.645045572289697,True,23.559231220033897,0.6436291808154117,22.915602039218484,ISM Services,All · surprise + DTW agree,-3.7683847052228403,23.69945543958648,-0.15900722760609529,-1.0
2024-12-06 13:30:00+00:00,0.0,4.899886509743823,0.64709032488397,Employment Report (NFP),-0.2100303674944581,True,0.0,0.0,0.0,Employment Report (NFP),All · surprise + DTW agree,7.837606795112462,26.173477114326268,0.2994484363265011,1.0
2024-12-06 15:00:00+00:00,0.0,2.450134212779176,0.6457502950410831,U. of Michigan Sentiment,0.2923674902313188,True,0.0,0.0,0.0,U. of Michigan Sentiment,All · surprise + DTW agree,-2.3114169448272355,30.56784858074085,-0.07561595114297753,0.0
2024-12-11 13:30:00+00:00,0.0,10.808134172304309,0.6541107477162513,CPI,-0.2110413005637379,True,0.0,0.0,0.0,CPI,All · surprise + DTW agree,0.7036674618267036,21.374445699491886,0.03292096888591741,0.0
2024-12-12 13:30:00+00:00,-1.0,1.5841584191633729,0.6563907562074194,PPI,-0.4486737564965931,True,-1.5841584191633729,0.6563907562074194,-2.2405491753707922,PPI,All · surprise + DTW agree,-3.979637319324673,15.556537772314474,-0.25581767470182987,-1.0
2024-12-17 13:30:00+00:00,-1.0,2.7547577135322854,0.6660236093886361,Retail Sales,-0.0652756240882107,True,-2.7547577135322854,0.6660236093886361,-3.4207813229209214,Retail Sales,All · surprise + DTW agree,-5.028169748723013,11.499198600270924,-0.4372626235540055,-1.0
2024-12-18 19:00:00+00:00,0.0,,,FOMC Rate Decision,0.0,False,0.0,0.0,0.0,FOMC Rate Decision,All · surprise + DTW agree,-3.154183765206167,8.283329626444587,-0.38078694286611675,-1.0
2024-12-20 15:00:00+00:00,0.0,,,U. of Michigan Sentiment,0.0238163640640968,False,0.0,0.0,0.0,U. of Michigan Sentiment,All · surprise + DTW agree,-2.4942309790099064,15.854583891229291,-0.15731923310770127,-1.0
2025-01-02 15:00:00+00:00,0.0,-51.55488532833985,0.671653889802441,ISM Manufacturing,-0.3042494696872734,True,-0.0,0.0,-0.0,ISM Manufacturing,All · surprise + DTW agree,15.7064010800782,15.26902260398408,1.028644824717202,1.0
2025-01-03 15:00:00+00:00,1.0,18.44566641356238,0.6778868630201028,ISM Manufacturing,0.398200966071176,True,18.44566641356238,0.6778868630201028,17.767779550542276,ISM Manufacturing,All · surprise + DTW agree,7.9984735388687,34.288132405883545,0.23327235919959965,1.0
2025-01-07 15:00:00+00:00,0.0,-7.891011619332033,0.6716694459885121,ISM Services+JOLTS,-0.3968452530235616,True,-0.0,0.0,-0.0,ISM Services+JOLTS,All · surprise + DTW agree,-15.354774786005853,29.447797155261494,-0.5214235450294925,-1.0
2025-01-10 13:30:00+00:00,0.0,-3.289473713881108,0.676779463243874,Employment Report (NFP),0.0612542611775792,True,-0.0,0.0,-0.0,Employment Report (NFP),All · surprise + DTW agree,-12.704853244585314,36.44046956290876,-0.34864680386876945,-1.0
2025-01-10 15:00:00+00:00,-1.0,-15.582946913053064,0.6826741996233522,U. of Michigan Sentiment,-0.8575793052114389,True,15.582946913053064,0.6826741996233522,14.900272713429711,U. of Michigan Sentiment,All · surprise + DTW agree,-13.63253469435865,40.348902438334335,-0.3378663078925976,-1.0
2025-01-15 13:30:00+00:00,1.0,55.180515195409896,0.6750151296494576,CPI,0.2327917835171692,True,55.180515195409896,0.6750151296494576,54.50550006576044,CPI,All · surprise + DTW agree,9.200186668343576,24.86487376014887,0.37000737494548586,1.0
2025-01-16 13:30:00+00:00,-1.0,-6.231464480368487,0.6692513615803563,Retail Sales,-0.0346000004121031,True,6.231464480368487,0.6692513615803563,5.562213118788131,Retail Sales,All · surprise + DTW agree,-2.556175215612714,12.794920918436791,-0.1997804622558787,-1.0
2025-01-24 15:00:00+00:00,0.0,9.63272512572999,0.649830819907231,U. of Michigan Sentiment,-0.360604682867341,True,0.0,0.0,0.0,U. of Michigan Sentiment,All · surprise + DTW agree,4.858221878937894,37.21229106079709,0.13055422658606472,0.0
2025-01-28 14:00:00+00:00,0.0,12.256405505368662,0.6466574499397939,FHFA House Price Index MoM,0.0,True,0.0,0.0,0.0,FHFA House Price Index MoM,All · surprise + DTW agree,0.3617574748162796,9.350437134464677,0.03868883022408456,0.0
2025-01-29 19:00:00+00:00,0.0,-18.52782493298122,0.6451612903225806,FOMC Rate Decision,0.0,True,-0.0,0.0,-0.0,FOMC Rate Decision,All · surprise + DTW agree,6.495154112545269,12.559314445848033,0.5171583322123521,1.0
2025-02-03 15:00:00+00:00,0.0,92.84111005653628,0.6580141586494826,ISM Manufacturing,0.3285179854499119,True,0.0,0.0,0.0,ISM Manufacturing,All · surprise + DTW agree,-4.857189691230413,22.34032680448344,-0.21741802318915196,-1.0
2025-02-04 15:00:00+00:00,0.0,9.88009241909893,0.6518318723308608,JOLTS,1.196853989327626,True,0.0,0.0,0.0,JOLTS,All · surprise + DTW agree,-8.080623661577027,33.42902314355246,-0.24172479186355036,-1.0
2025-02-05 15:00:00+00:00,0.0,17.917539340750466,0.6503262843944116,ISM Services,-0.5541087527484676,True,0.0,0.0,0.0,ISM Services,All · surprise + DTW agree,10.033958453551206,33.449554104769675,0.29997286128607714,1.0
2025-02-07 13:30:00+00:00,0.0,25.63732413108255,0.6467007113707824,Employment Report (NFP),-0.2996901978770552,True,0.0,0.0,0.0,Employment Report (NFP),All · surprise + DTW agree,0.9955155571278067,26.008161010403633,0.03827704529857326,0.0
2025-02-07 15:00:00+00:00,-1.0,-33.02321317780965,0.6450464878330886,U. of Michigan Sentiment,-1.4965950659776912,True,33.02321317780965,0.6450464878330886,32.37816668997656,U. of Michigan Sentiment,All · surprise + DTW agree,-5.421211207474397,29.507774204396682,-0.18372145489261038,-1.0
2025-02-12 13:30:00+00:00,-1.0,-0.9028530161536708,0.6487986039643832,CPI,-1.189852178331003,True,0.9028530161536708,0.6487986039643832,0.2540544121892876,CPI,All · surprise + DTW agree,-14.181150054709269,33.47734766641135,-0.42360434870823316,-1.0
2025-02-14 13:30:00+00:00,-1.0,8.271761350684415,0.6486825034670961,Retail Sales,-0.7247486316763638,True,-8.271761350684415,0.6486825034670961,-8.920443854151511,Retail Sales,All · surprise + DTW agree,-2.305305616086948,9.423093767942486,-0.24464424029501158,-1.0
2025-02-21 15:00:00+00:00,0.0,1.3678019444185452,0.6608331054598486,U. of Michigan Sentiment,-0.8842460210678148,True,0.0,0.0,0.0,U. of Michigan Sentiment,All · surprise + DTW agree,2.3745374901008507,29.24396054276944,0.08119753432945848,0.0
2025-02-25 14:00:00+00:00,-1.0,2.0629190377441375,0.6646497983131646,FHFA House Price Index MoM,-0.2355228020676789,True,-2.0629190377441375,0.6646497983131646,-2.7275688360573023,FHFA House Price Index MoM,All · surprise + DTW agree,-3.696063703246267,8.949175395473228,-0.4130060636777609,-1.0
2025-03-03 15:00:00+00:00,1.0,18.21411186123001,0.6594356140709917,ISM Manufacturing,0.3639688655626393,True,18.21411186123001,0.6594356140709917,17.554676247159016,ISM Manufacturing,All · surprise + DTW agree,8.11155594586843,23.665937546247914,0.3427523600118038,1.0
2025-03-05 15:00:00+00:00,1.0,-41.416646897243226,0.6801604240448437,ISM Services,0.4623938070862627,True,-41.416646897243226,0.6801604240448437,-42.09680732128807,ISM Services,All · surprise + DTW agree,1.7308162735884662,21.86652437147595,0.07915369832831093,0.0
2025-03-07 13:30:00+00:00,0.0,-68.47896181579216,0.6807192150603258,Employment Report (NFP),-0.2240515841887758,True,-0.0,0.0,-0.0,Employment Report (NFP),All · surprise + DTW agree,8.785948355397727,26.636763640822736,0.3298429371476885,1.0
2025-03-11 14:00:00+00:00,0.0,-73.00529531184097,0.6955103607060629,JOLTS,-0.4173958516420434,True,-0.0,0.0,-0.0,JOLTS,All · surprise + DTW agree,1.488599840100484,19.374209855814158,0.07683409290902042,0.0
2025-03-12 12:30:00+00:00,1.0,-42.74276120659337,0.6953769422597352,CPI,0.7784635318901826,True,-42.74276120659337,0.6953769422597352,-43.438138148853106,CPI,All · surprise + DTW agree,14.856785138693638,26.74359983955627,0.5555267513657257,1.0
2025-03-14 14:00:00+00:00,-1.0,5.349804373384615,0.7034395769659924,U. of Michigan Sentiment,-2.046775047943191,True,-5.349804373384615,0.7034395769659924,-6.053243950350607,U. of Michigan Sentiment,All · surprise + DTW agree,-18.05198957557729,33.00130759897681,-0.547008312365689,-1.0
2025-03-17 12:30:00+00:00,0.0,26.337105820957163,0.7021451745678176,Retail Sales,0.050911087260033,True,0.0,0.0,0.0,Retail Sales,All · surprise + DTW agree,-6.586293016566138,14.237292824515917,-0.46260852380762063,-1.0
2025-03-19 18:00:00+00:00,0.0,,,FOMC Rate Decision,0.0,False,0.0,0.0,0.0,FOMC Rate Decision,All · surprise + DTW agree,-0.3466640085569344,10.114872035138895,-0.0342727033374846,0.0
2025-03-25 13:00:00+00:00,1.0,-2.559955331111752,0.6748423428664511,FHFA House Price Index MoM,0.2361709122058689,True,-2.559955331111752,0.6748423428664511,-3.2347976739782034,FHFA House Price Index MoM,All · surprise + DTW agree,1.658483647724631,11.564223287133737,0.143415048857613,0.0
2025-03-28 14:00:00+00:00,0.0,-41.68745230433757,0.685417159064051,U. of Michigan Sentiment,-0.5443649981427631,True,-0.0,0.0,-0.0,U. of Michigan Sentiment,All · surprise + DTW agree,3.2461212228090996,41.345516368406706,0.07851204938123724,0.0
2025-04-01 14:00:00+00:00,0.0,-28.146187840007997,0.6904104371012285,ISM Manufacturing+JOLTS,0.3255554205855685,True,-0.0,0.0,-0.0,ISM Manufacturing+JOLTS,All · surprise + DTW agree,-7.111207473294225,36.227320373348114,-0.19629405100924419,-1.0
2025-04-03 14:00:00+00:00,-1.0,-27.05570002584423,0.7053729963758422,ISM Services,-0.9734492133649968,True,27.05570002584423,0.7053729963758422,26.35032702946839,ISM Services,All · surprise + DTW agree,-2.0068987139221433,33.152182604629274,-0.06053594533597633,0.0
2025-04-04 12:30:00+00:00,1.0,19.88297389443616,0.7307362797964017,Employment Report (NFP),0.1223000522620952,True,19.88297389443616,0.7307362797964017,19.152237614639755,Employment Report (NFP),All · surprise + DTW agree,3.339362683000805,16.186244103360806,0.20630868172236705,1.0
2025-04-10 12:30:00+00:00,0.0,-47.609691199443915,0.7206401272302569,CPI,1.618402676110022,True,-0.0,0.0,-0.0,CPI,All · surprise + DTW agree,-4.903480023127136,22.575994665414576,-0.21719884752803606,-1.0
2025-04-11 14:00:00+00:00,-1.0,-73.16798127268598,0.7272362514732803,U. of Michigan Sentiment,-1.6701118546383291,True,73.16798127268598,0.7272362514732803,72.44074502121269,U. of Michigan Sentiment,All · surprise + DTW agree,-19.449855901105686,36.23344210339367,-0.536792939671718,-1.0
2025-04-16 12:30:00+00:00,1.0,-16.050376925527132,0.7156606287942352,Retail Sales,0.0281239372900855,True,-16.050376925527132,0.7156606287942352,-16.766037554321368,Retail Sales,All · surprise + DTW agree,0.6855617070734217,8.049140336862042,0.08517204053876491,0.0
2025-04-25 14:00:00+00:00,1.0,-35.51069051200173,0.725,U. of Michigan Sentiment,0.524735107697148,True,-35.51069051200173,0.725,-36.23569051200173,U. of Michigan Sentiment,All · surprise + DTW agree,5.465466066552775,29.414690643564338,0.1858073617969043,1.0
2025-04-29 13:00:00+00:00,0.0,-15.099199640893346,0.7171649726735415,FHFA House Price Index MoM,0.4734538804168421,True,-0.0,0.0,-0.0,FHFA House Price Index MoM,All · surprise + DTW agree,-1.3880002377105298,9.677401166829577,-0.14342696079067827,-1.0
2025-04-29 14:00:00+00:00,1.0,-24.487082320678866,0.7161554798241715,JOLTS,0.9232936666600016,True,-24.487082320678866,0.7161554798241715,-25.203237800503036,JOLTS,All · surprise + DTW agree,0.25941753331563555,25.34270397846202,0.010236379414608105,0.0
2025-05-01 14:00:00+00:00,0.0,31.67180935282232,0.7086999022482894,ISM Manufacturing,-0.3113836597681761,True,0.0,0.0,0.0,ISM Manufacturing,All · surprise + DTW agree,1.9267471602956403,29.815807693892065,0.06462166579811773,0.0
2025-05-02 12:30:00+00:00,1.0,30.78752992482947,0.7064211244275552,Employment Report (NFP),0.2537000601207916,True,30.78752992482947,0.7064211244275552,30.081108800401914,Employment Report (NFP),All · surprise + DTW agree,9.001269128774645,34.78646321985845,0.2587578125400261,1.0
2025-05-05 14:00:00+00:00,1.0,14.028300764703516,0.7026044821320412,ISM Services,0.6484950760036935,True,14.028300764703516,0.7026044821320412,13.325696282571474,ISM Services,All · surprise + DTW agree,5.552765144165548,18.92426579490094,0.2934203738388475,1.0
2025-05-07 18:00:00+00:00,0.0,-22.87272574177379,0.7050471652241563,FOMC Rate Decision,0.0,True,-0.0,0.0,-0.0,FOMC Rate Decision,All · surprise + DTW agree,-3.799807007026173,10.852543077694634,-0.35013056200955917,-1.0
2025-05-13 12:30:00+00:00,0.0,-21.247470102245813,0.6849153302945136,CPI,0.5760432513396548,True,-0.0,0.0,-0.0,CPI,All · surprise + DTW agree,-6.851160552525474,20.02947969884942,-0.3420538454086271,-1.0
2025-05-15 12:30:00+00:00,0.0,2.8592532778404234,0.6913815711050184,Retail Sales,-0.142707384745476,True,0.0,0.0,0.0,Retail Sales,All · surprise + DTW agree,1.504691400751577,6.9259411597225675,0.2172544302718059,1.0
2025-05-16 14:00:00+00:00,0.0,8.954661735138814,0.6829957607159679,U. of Michigan Sentiment,-1.2089375491239178,True,0.0,0.0,0.0,U. of Michigan Sentiment,All · surprise + DTW agree,3.094359381074034,21.065987823834487,0.1468888811173152,0.0
2025-05-27 13:00:00+00:00,0.0,-12.579961545586826,0.6880189798339265,FHFA House Price Index MoM,0.4742569891490832,True,-0.0,0.0,-0.0,FHFA House Price Index MoM,All · surprise + DTW agree,-2.2077155974585665,7.121100846028636,-0.3100244814942884,-1.0
2025-05-30 14:00:00+00:00,1.0,14.188089116569104,0.6871875074050379,U. of Michigan Sentiment,0.8893707051609464,True,14.188089116569104,0.6871875074050379,13.500901609164066,U. of Michigan Sentiment,All · surprise + DTW agree,13.043364656438317,22.442129531351064,0.5811999542297036,1.0
2025-06-02 14:00:00+00:00,-1.0,51.63297414666701,0.6902625377859234,ISM Manufacturing,-0.3922045965264702,True,-51.63297414666701,0.6902625377859234,-52.32323668445294,ISM Manufacturing,All · surprise + DTW agree,-1.417870969270676,32.4026805872227,-0.04375782940099662,0.0
2025-06-03 14:00:00+00:00,0.0,21.250480229664248,0.6857899590890818,JOLTS,-0.8713049777974989,True,0.0,0.0,0.0,JOLTS,All · surprise + DTW agree,5.126514824923191,32.059710108480694,0.15990521460039916,0.0
2025-06-04 14:00:00+00:00,0.0,6.098848445006411,0.6800966206233438,ISM Services,-0.974734872182686,True,0.0,0.0,0.0,ISM Services,All · surprise + DTW agree,2.3779170465301127,30.06124555091438,0.07910241252321573,0.0
2025-06-06 12:30:00+00:00,-1.0,16.180664123321975,0.6817273560732504,Employment Report (NFP),-0.2143938808868251,True,-16.180664123321975,0.6817273560732504,-16.862391479395225,Employment Report (NFP),All · surprise + DTW agree,-2.329814433783767,28.282825582088176,-0.08237558963200849,0.0
2025-06-11 12:30:00+00:00,1.0,-9.770396478270271,0.676890040379992,CPI,0.9506292676136467,True,-9.770396478270271,0.676890040379992,-10.447286518650262,CPI,All · surprise + DTW agree,4.709476989203568,33.14749392825005,0.14207641155007206,0.0
2025-06-13 14:00:00+00:00,0.0,-23.86269457581136,0.6845919595854677,U. of Michigan Sentiment,1.8509034633116452,True,-0.0,0.0,-0.0,U. of Michigan Sentiment,All · surprise + DTW agree,-0.432770686789928,28.77335792151301,-0.015040673666605935,0.0
2025-06-17 12:30:00+00:00,-1.0,,,Retail Sales,-0.2585694143348537,False,-0.0,0.0,-0.0,Retail Sales,All · surprise + DTW agree,-4.865646236722403,12.62871529599249,-0.38528433990957367,-1.0
2025-06-18 18:00:00+00:00,0.0,,,FOMC Rate Decision,0.0,False,0.0,0.0,0.0,FOMC Rate Decision,All · surprise + DTW agree,-1.1826430928232612,8.498859758925398,-0.13915314834807857,0.0
2025-06-24 13:00:00+00:00,1.0,2.084274159077637,0.6717005605225367,FHFA House Price Index MoM,0.9501215042141444,True,2.084274159077637,0.6717005605225367,1.4125735985551002,FHFA House Price Index MoM,All · surprise + DTW agree,1.7620815173105708,8.496972392976346,0.2073775735422089,1.0
2025-06-27 14:00:00+00:00,1.0,4.544938153454581,0.6597656694346491,U. of Michigan Sentiment,0.3870321965440912,True,4.544938153454581,0.6597656694346491,3.8851724840199315,U. of Michigan Sentiment,All · surprise + DTW agree,3.3637071469776503,18.513388463641736,0.18169051838260739,0.0
2025-07-01 14:00:00+00:00,0.0,29.40353389416117,0.6519784172661871,ISM Manufacturing+JOLTS,-0.6935702435934467,True,0.0,0.0,0.0,ISM Manufacturing+JOLTS,All · surprise + DTW agree,-3.6552735617425136,31.58256610966353,-0.11573706674278392,0.0
2025-07-03 12:30:00+00:00,-1.0,,,Employment Report (NFP),-0.0919240510168998,False,-0.0,0.0,-0.0,Employment Report (NFP),All · surprise + DTW agree,-3.7432266406976664,14.120173687750256,-0.2650977759533543,-1.0
2025-07-03 14:00:00+00:00,1.0,,,ISM Services,0.1391494614362207,False,0.0,0.0,0.0,ISM Services,All · surprise + DTW agree,1.4247341599298673,18.73461381080362,0.0760482267912174,0.0
2025-07-15 12:30:00+00:00,0.0,-13.431234110825583,0.649859943977591,CPI,0.0644818690751983,True,-0.0,0.0,-0.0,CPI,All · surprise + DTW agree,-7.1916581618712065,16.980382791021892,-0.42352744637027157,-1.0
2025-07-17 12:30:00+00:00,1.0,14.626300691453764,0.6534916736147104,Retail Sales,0.27689300869802,True,14.626300691453764,0.6534916736147104,13.972809017839054,Retail Sales,All · surprise + DTW agree,4.740868527471572,17.990630283044833,0.26351875686865606,1.0
2025-07-18 14:00:00+00:00,0.0,-27.591174874217472,0.6500784577449001,U. of Michigan Sentiment,0.9506944944696216,True,-0.0,0.0,-0.0,U. of Michigan Sentiment,All · surprise + DTW agree,-5.854299454265288,21.980921264139056,-0.266335490852075,-1.0
2025-07-29 13:00:00+00:00,0.0,0.6661263644147652,0.6439578984767065,FHFA House Price Index MoM,0.0,True,0.0,0.0,0.0,FHFA House Price Index MoM,All · surprise + DTW agree,-0.2691755593445249,9.394194425291984,-0.028653394549704416,0.0
2025-07-29 14:00:00+00:00,0.0,0.6669112010193601,0.6449030421633161,JOLTS,0.1887993111058416,True,0.0,0.0,0.0,JOLTS,All · surprise + DTW agree,-14.711009365672227,23.578523458391594,-0.6239156320213334,-1.0
2025-07-30 18:00:00+00:00,0.0,3.122212335799901,0.6470758863823994,FOMC Rate Decision,0.0,True,0.0,0.0,0.0,FOMC Rate Decision,All · surprise + DTW agree,-7.70804346118814,20.90127067561968,-0.3687834859810317,-1.0
2025-08-01 12:30:00+00:00,0.0,6.835893261687431,0.6598407281001138,Employment Report (NFP),-0.0014816984050695,True,0.0,0.0,0.0,Employment Report (NFP),All · surprise + DTW agree,4.612540032192525,30.80158421899693,0.14975009075499868,0.0
2025-08-01 14:00:00+00:00,0.0,45.39314060124866,0.6650765984772039,ISM Manufacturing+U. of Michigan Sentiment,-0.3136860339760812,True,0.0,0.0,0.0,ISM Manufacturing+U. of Michigan Sentiment,All · surprise + DTW agree,-2.045794993964295,25.196979958694342,-0.08119207132434074,0.0
2025-08-05 14:00:00+00:00,0.0,-14.701727273411793,0.6546570951284483,ISM Services,-0.6511167583061719,True,-0.0,0.0,-0.0,ISM Services,All · surprise + DTW agree,7.302889068328998,30.178481247462486,0.24198994669233234,1.0
2025-08-12 12:30:00+00:00,1.0,11.289996005832135,0.6573727756998753,CPI,0.1025946970753493,True,11.289996005832135,0.6573727756998753,10.63262323013226,CPI,All · surprise + DTW agree,1.746396463035802,25.42179337480857,0.06869682391354708,0.0
2025-08-15 12:30:00+00:00,-1.0,2.4307512245869134,0.6410823238128923,Retail Sales,-0.027395456254454,True,-2.4307512245869134,0.6410823238128923,-3.071833548399806,Retail Sales,All · surprise + DTW agree,-8.302048037431856,17.5819442607955,-0.47219169360830565,-1.0
2025-08-15 14:00:00+00:00,-1.0,-10.429265016504983,0.6425311295254131,U. of Michigan Sentiment,-1.56265149024656,True,10.429265016504983,0.6425311295254131,9.78673388697957,U. of Michigan Sentiment,All · surprise + DTW agree,-11.768260177698027,27.49830206812866,-0.427963157453921,-1.0
2025-08-26 13:00:00+00:00,1.0,-1.103448276982277,0.6400070621468926,FHFA House Price Index MoM,0.2380444118759815,True,-1.103448276982277,0.6400070621468926,-1.7434553391291696,FHFA House Price Index MoM,All · surprise + DTW agree,5.280529549803098,8.560140393923332,0.6168741757496918,1.0
2025-08-29 14:00:00+00:00,1.0,-19.098847800993468,0.6362439666520403,U. of Michigan Sentiment,0.5469179170924701,True,-19.098847800993468,0.6362439666520403,-19.735091767645507,U. of Michigan Sentiment,All · surprise + DTW agree,12.591817198278719,29.116282809906554,0.43246650956400473,1.0
2025-09-02 14:00:00+00:00,-1.0,-6.61974030661483,0.6405442417281442,ISM Manufacturing,-0.1424221086103491,True,6.61974030661483,0.6405442417281442,5.979196064886685,ISM Manufacturing,All · surprise + DTW agree,-6.226587071583308,32.65877863951755,-0.19065584602263894,-1.0
2025-09-03 14:00:00+00:00,1.0,2.434301533469352,0.6420190391853,JOLTS,0.5978599515841808,True,2.434301533469352,0.6420190391853,1.7922824942840518,JOLTS,All · surprise + DTW agree,1.2079706005987692,33.846409697408895,0.03568977068463616,0.0
2025-09-04 14:00:00+00:00,1.0,-1.982182389301812,0.6388790976383504,ISM Services,0.4655421871175034,True,-1.982182389301812,0.6388790976383504,-2.6210614869401625,ISM Services,All · surprise + DTW agree,5.217822022674473,24.339521414787725,0.21437652506611457,1.0
2025-09-05 12:30:00+00:00,-1.0,32.003534549343016,0.636467386533228,Employment Report (NFP),-0.0436924868887427,True,-32.003534549343016,0.636467386533228,-32.64000193587624,Employment Report (NFP),All · surprise + DTW agree,-3.909375416590817,21.027373144927996,-0.18591839264210688,-1.0
2025-09-11 12:30:00+00:00,0.0,1.9705512133505465,0.6354771556919031,CPI,-0.244939793035148,True,0.0,0.0,0.0,CPI,All · surprise + DTW agree,9.281011225923457,13.708011801632859,0.6770501339091297,1.0
2025-09-12 14:00:00+00:00,0.0,-13.0378114948293,0.6294905467885129,U. of Michigan Sentiment,-1.0531392396291432,True,-0.0,0.0,-0.0,U. of Michigan Sentiment,All · surprise + DTW agree,2.9359317731070615,12.778989960214393,0.22974677828589557,1.0
2025-09-16 12:30:00+00:00,0.0,,,Retail Sales,0.3016514300003414,False,0.0,0.0,0.0,Retail Sales,All · surprise + DTW agree,-0.18801694491384113,11.020095326212225,-0.01706128117300646,0.0
2025-09-17 18:00:00+00:00,0.0,,,FOMC Rate Decision,0.0,False,0.0,0.0,0.0,FOMC Rate Decision,All · surprise + DTW agree,-0.7675418434980008,9.758428271215752,-0.07865424863161664,0.0
2025-09-26 14:00:00+00:00,0.0,-51.36316805526064,0.6217438843985164,U. of Michigan Sentiment,0.2051989586470638,True,-0.0,0.0,-0.0,U. of Michigan Sentiment,All · surprise + DTW agree,-0.06729495774104288,25.395503979789392,-0.0026498768362541066,0.0
2025-09-30 13:00:00+00:00,0.0,3.4365737698038856,0.6229057479164877,FHFA House Price Index MoM,-0.2385957507830114,True,0.0,0.0,0.0,FHFA House Price Index MoM,All · surprise + DTW agree,1.8473988360944986,9.125322911026508,0.20244750285627805,1.0
2025-09-30 14:00:00+00:00,-1.0,-19.73741308390231,0.6216239389522421,JOLTS,-0.0811867080847369,True,19.73741308390231,0.6216239389522421,19.115789144950067,JOLTS,All · surprise + DTW agree,-6.535957239314836,22.37644545342884,-0.2920909513049269,-1.0
2025-10-01 14:00:00+00:00,-1.0,16.726356482550386,0.6226115333419211,ISM Manufacturing,-0.0572338901897926,True,-16.726356482550386,0.6226115333419211,-17.348968015892307,ISM Manufacturing,All · surprise + DTW agree,-7.185701995901276,14.138582162292897,-0.5082335635510392,-1.0
2025-10-03 14:00:00+00:00,0.0,32.26767967683841,0.6167719432569813,ISM Services,-0.7933136743995304,True,0.0,0.0,0.0,ISM Services,All · surprise + DTW agree,4.03795711829828,21.72481910085751,0.1858683885721698,1.0
2025-10-10 14:00:00+00:00,0.0,-1.2833401082801288,0.6202677845745819,U. of Michigan Sentiment,0.1647981318716983,True,-0.0,0.0,-0.0,U. of Michigan Sentiment,All · surprise + DTW agree,-0.5990344222936599,23.7461508304091,-0.02522659047236161,0.0
2025-10-24 12:30:00+00:00,1.0,-18.236184786228904,0.6171394522355345,CPI,0.7878861410131068,True,-18.236184786228904,0.6171394522355345,-18.853324238464438,CPI,All · surprise + DTW agree,3.757489850312398,31.721321073910737,0.11845313256523711,0.0
2025-10-24 14:00:00+00:00,-1.0,-10.35754766702368,0.6128616412012088,U. of Michigan Sentiment,-0.4360548216792228,True,10.35754766702368,0.6128616412012088,9.744686025822471,U. of Michigan Sentiment,All · surprise + DTW agree,-3.357273121885927,17.673387481869394,-0.1899620616211835,-1.0
2025-10-28 13:00:00+00:00,0.0,23.542903733240195,0.6050490298351763,FHFA House Price Index MoM,-1.0789070265965162,True,0.0,0.0,0.0,FHFA House Price Index MoM,All · surprise + DTW agree,0.12028309261833893,14.509666742696007,0.008289859081628322,0.0
2025-10-29 18:00:00+00:00,0.0,-6.45665213786728,0.6042170180848404,FOMC Rate Decision,0.0,True,-0.0,0.0,-0.0,FOMC Rate Decision,All · surprise + DTW agree,3.1304577151247797,21.785027348198735,0.14369767203361428,0.0
2025-11-03 15:00:00+00:00,-1.0,-38.3999121530465,0.6102436766129371,ISM Manufacturing,-0.7309139671703577,True,38.3999121530465,0.6102436766129371,37.78966847643356,ISM Manufacturing,All · surprise + DTW agree,-3.7769752577030067,23.60394253979361,-0.16001459295774206,-1.0
2025-11-05 15:00:00+00:00,1.0,-1.2686062263256304,0.6124992079751621,ISM Services,0.7468984094152175,True,-1.2686062263256304,0.6124992079751621,-1.8811054343007925,ISM Services,All · surprise + DTW agree,3.4569072713029176,24.227093938223806,0.14268765705526293,0.0
2025-11-07 15:00:00+00:00,0.0,4.691832033163479,0.6181918952910831,U. of Michigan Sentiment,-0.402726655518658,True,0.0,0.0,0.0,U. of Michigan Sentiment,All · surprise + DTW agree,5.500228176504024,21.89853225159968,0.2511688049824542,1.0
2025-11-17 15:00:00+00:00,0.0,3.811459835247888,0.6145630244977537,ISM Manufacturing,0.3108101856061852,True,0.0,0.0,0.0,ISM Manufacturing,All · surprise + DTW agree,-0.8145996717097321,24.070144993973738,-0.03384274053661402,0.0
2025-11-20 13:30:00+00:00,0.0,25.748324492571584,0.624246598932323,Employment Report (NFP),0.0556114252710208,True,0.0,0.0,0.0,Employment Report (NFP),All · surprise + DTW agree,-2.316897810992087,22.26864019274782,-0.10404307541628095,0.0
2025-11-21 15:00:00+00:00,0.0,4.562589022469865,0.6310933147632313,U. of Michigan Sentiment,0.6095992833172718,True,0.0,0.0,0.0,U. of Michigan Sentiment,All · surprise + DTW agree,-1.4652064834974245,32.669324450665094,-0.04484961070162549,0.0
2025-11-25 13:30:00+00:00,-1.0,-5.369934938048715,0.622945889631173,Retail Sales,-0.1757199303429791,True,5.369934938048715,0.622945889631173,4.746989048417542,Retail Sales,All · surprise + DTW agree,-0.23739268241052858,12.063252794506885,-0.01967899425258066,0.0
2025-11-25 14:00:00+00:00,0.0,15.027266577813949,0.6230797327202802,FHFA House Price Index MoM,0.4785879183452772,True,0.0,0.0,0.0,FHFA House Price Index MoM,All · surprise + DTW agree,-5.729561929517553,12.503955359283365,-0.45821996039547036,-1.0
2025-12-01 15:00:00+00:00,-1.0,-55.71162171250421,0.6081449482028268,ISM Manufacturing,-0.1309420904523225,True,55.71162171250421,0.6081449482028268,55.103476764301384,ISM Manufacturing,All · surprise + DTW agree,-2.109718393374859,23.395623625349177,-0.0901757707834288,0.0
2025-12-03 15:00:00+00:00,1.0,19.09538828705593,0.6093845216331505,ISM Services,0.2805540239291464,True,19.09538828705593,0.6093845216331505,18.48600376542278,ISM Services,All · surprise + DTW agree,3.8290336913847973,23.436042224519824,0.16338226628464994,0.0
2025-12-05 15:00:00+00:00,0.0,4.365405272466205,0.6031739428856674,U. of Michigan Sentiment,0.5534880802563135,True,0.0,0.0,0.0,U. of Michigan Sentiment,All · surprise + DTW agree,-0.6229539809253686,27.12655548594602,-0.022964728464994914,0.0
2025-12-09 15:00:00+00:00,-1.0,-9.395259217299667,0.6047588263508018,JOLTS,-1.6678048616684846,True,9.395259217299667,0.6047588263508018,8.790500390948866,JOLTS,All · surprise + DTW agree,-10.242579414960275,23.348457222013284,-0.4386833492922785,-1.0
2025-12-10 19:00:00+00:00,0.0,-7.100493156055876,0.606872305696229,FOMC Rate Decision,0.0,True,-0.0,0.0,-0.0,FOMC Rate Decision,All · surprise + DTW agree,1.4935596753527927,29.912842360057876,0.04993038298985315,0.0
2025-12-16 13:30:00+00:00,0.0,,,Employment Report (NFP)+Retail Sales,0.1917612793579974,False,0.0,0.0,0.0,Employment Report (NFP)+Retail Sales,All · surprise + DTW agree,-1.2430821520400643,12.428095492744191,-0.10002193439580541,0.0
2025-12-18 13:30:00+00:00,1.0,,,CPI,3.36314522542601,False,0.0,0.0,0.0,CPI,All · surprise + DTW agree,2.3312558480841186,8.724521626429448,0.26720729776426677,1.0
2025-12-19 15:00:00+00:00,0.0,,,U. of Michigan Sentiment,-0.1575394409037782,False,0.0,0.0,0.0,U. of Michigan Sentiment,All · surprise + DTW agree,1.8088979983938005,22.26449111167467,0.08124587215223984,0.0
2025-12-30 14:00:00+00:00,0.0,3.692459219770683,0.5950304696637052,FHFA House Price Index MoM,-0.7190617030178846,True,0.0,0.0,0.0,FHFA House Price Index MoM,All · surprise + DTW agree,3.4835952612762995,14.226914698318737,0.24485950293129774,1.0
2026-01-05 15:00:00+00:00,0.0,36.5735128095146,0.5899584994710717,ISM Manufacturing,-0.1404627230991095,True,0.0,0.0,0.0,ISM Manufacturing,All · surprise + DTW agree,1.6366883863418549,24.059419933798985,0.06802692628688914,0.0
2026-01-07 15:00:00+00:00,0.0,-19.990112563963436,0.5844417573559049,ISM Services+JOLTS,1.2696164133328065,True,-0.0,0.0,-0.0,ISM Services+JOLTS,All · surprise + DTW agree,-7.455951476261155,28.112867304016415,-0.26521490659887054,-1.0
2026-01-09 13:30:00+00:00,0.0,9.875349714754122,0.5850430712743852,Employment Report (NFP),-0.1603348236710877,True,0.0,0.0,0.0,Employment Report (NFP),All · surprise + DTW agree,0.46300938279738896,11.573370667112759,0.04000644203966356,0.0
2026-01-09 15:00:00+00:00,0.0,14.507941611352493,0.5847835292694239,U. of Michigan Sentiment,-0.111581256913749,True,0.0,0.0,0.0,U. of Michigan Sentiment,All · surprise + DTW agree,6.38480769823035,11.491746711709528,0.5555994104642547,1.0
2026-01-13 13:30:00+00:00,1.0,-18.268511981620605,0.5836419256158428,CPI,0.4535632684287407,True,-18.268511981620605,0.5836419256158428,-18.85215390723645,CPI,All · surprise + DTW agree,7.032386270162948,26.838376684798455,0.2620272586808936,1.0
2026-01-14 13:30:00+00:00,0.0,-5.075987642353397,0.5884143248452877,PPI+Retail Sales,-0.2351874943541257,True,-0.0,0.0,-0.0,PPI+Retail Sales,All · surprise + DTW agree,-2.200574326608838,9.354572563709029,-0.23524049993967058,-1.0
2026-01-21 15:00:00+00:00,0.0,15.904413767877656,0.5920058792308006,ISM Manufacturing,0.4152235226372847,True,0.0,0.0,0.0,ISM Manufacturing,All · surprise + DTW agree,-9.544524866681604,26.61831147005471,-0.3585698843977794,-1.0
2026-01-23 15:00:00+00:00,0.0,-11.565738300625128,0.5881875709881551,U. of Michigan Sentiment,0.6544798563332821,True,-0.0,0.0,-0.0,U. of Michigan Sentiment,All · surprise + DTW agree,-1.795436413924285,25.110994340811565,-0.07150001268592768,0.0
2026-01-28 19:00:00+00:00,0.0,-14.662460625043394,0.5904269397560926,FOMC Rate Decision,0.0,True,-0.0,0.0,-0.0,FOMC Rate Decision,All · surprise + DTW agree,-0.65172967186913,20.195796340367362,-0.03227056070903491,0.0
2026-01-30 13:30:00+00:00,-1.0,-4.29320555715762,0.5923323597295697,PPI,-0.9705075034791948,True,4.29320555715762,0.5923323597295697,3.7008731974280504,PPI,All · surprise + DTW agree,-5.598105049776912,16.461013435565295,-0.3400826487196573,-1.0
2026-02-02 15:00:00+00:00,1.0,37.775746615640315,0.5892632177835575,ISM Manufacturing,1.268226978928238,True,37.775746615640315,0.5892632177835575,37.186483397856755,ISM Manufacturing,All · surprise + DTW agree,5.998194266597791,19.025264756085424,0.3152752060745545,1.0
2026-02-04 15:00:00+00:00,1.0,60.32561748062548,0.58637981235846,ISM Services,0.1407176251675325,True,60.32561748062548,0.58637981235846,59.73923766826702,ISM Services,All · surprise + DTW agree,14.092207390642002,29.24722043327909,0.4818306554221172,1.0
2026-02-05 15:00:00+00:00,1.0,-50.29484950672014,0.5882114315849255,JOLTS,2.1153999179618577,True,-50.29484950672014,0.5882114315849255,-50.883060938305064,JOLTS,All · surprise + DTW agree,5.83898423036791,15.491974288300938,0.37690381624098945,1.0
2026-02-06 15:00:00+00:00,1.0,6.830052495327976,0.5832545604472958,U. of Michigan Sentiment,0.5690686861415758,True,6.830052495327976,0.5832545604472958,6.24679793488068,U. of Michigan Sentiment,All · surprise + DTW agree,3.224022245771832,24.697168633819974,0.13054218050553773,0.0
2026-02-10 13:30:00+00:00,-1.0,8.768434200696618,0.5778734257930814,Retail Sales,-0.3865537699737626,True,-8.768434200696618,0.5778734257930814,-9.346307626489699,Retail Sales,All · surprise + DTW agree,-3.1212415832154625,12.704638887011937,-0.24567731605550278,-1.0
2026-02-11 13:30:00+00:00,1.0,27.542495243455537,0.5758995948844229,Employment Report (NFP),0.213944847370512,True,27.542495243455537,0.5758995948844229,26.966595648571115,Employment Report (NFP),All · surprise + DTW agree,0.1436656467382207,12.605145287081537,0.01139738126505034,0.0
2026-02-13 13:30:00+00:00,0.0,-4.843103716893893,0.5863916691942169,CPI,0.422053010643054,True,-0.0,0.0,-0.0,CPI,All · surprise + DTW agree,-0.36702888131782496,16.848818387639465,-0.02178365704191355,0.0
2026-02-20 15:00:00+00:00,0.0,26.463325377559244,0.5869732421163422,U. of Michigan Sentiment,0.0518455382328269,True,0.0,0.0,0.0,U. of Michigan Sentiment,All · surprise + DTW agree,-10.032392054763749,40.64617155155458,-0.24682255847980455,-1.0
2026-02-27 13:30:00+00:00,0.0,8.56915564646954,0.591257543630729,PPI,-0.9035255951697488,True,0.0,0.0,0.0,PPI,All · surprise + DTW agree,0.035521392698139864,15.173147703091422,0.0023410694598921377,0.0
2026-02-27 15:00:00+00:00,0.0,29.309606036225233,0.5952380952380952,ISM Manufacturing,0.1039757589489705,True,0.0,0.0,0.0,ISM Manufacturing,All · surprise + DTW agree,-11.05342876280031,23.567774300063288,-0.4690060513168877,-1.0
2026-03-02 15:00:00+00:00,0.0,30.5544116062606,0.595164799080573,ISM Manufacturing,-0.8869698522359512,True,0.0,0.0,0.0,ISM Manufacturing,All · surprise + DTW agree,2.371271110855723,25.644337514339565,0.0924676299214116,0.0
2026-03-04 15:00:00+00:00,1.0,52.11764915856065,0.5971993410214168,ISM Services,1.222724377101921,True,52.11764915856065,0.5971993410214168,51.52044981753924,ISM Services,All · surprise + DTW agree,0.5696642802043222,13.520896607926904,0.04213213788428386,0.0
2026-03-06 13:30:00+00:00,0.0,-46.16122440461723,0.6074061662198391,Employment Report (NFP)+Retail Sales,-0.2108742649003906,True,-0.0,0.0,-0.0,Employment Report (NFP)+Retail Sales,All · surprise + DTW agree,-22.463406423659933,28.971265878836345,-0.7753684812257224,-1.0
2026-03-11 12:30:00+00:00,0.0,-31.074183062749228,0.6080429404117919,CPI,0.051943009100903,True,-0.0,0.0,-0.0,CPI,All · surprise + DTW agree,-0.9524603536117334,21.366977905071202,-0.04457627830399348,0.0
2026-03-13 14:00:00+00:00,0.0,-26.4037800055128,0.6171394522355345,JOLTS+U. of Michigan Sentiment,-0.0031023015152904,True,-0.0,0.0,-0.0,JOLTS+U. of Michigan Sentiment,All · surprise + DTW agree,4.38849935820393,20.05714204422853,0.21879983441941703,1.0
2026-03-18 12:30:00+00:00,-1.0,,,PPI,-0.905116608222459,False,-0.0,0.0,-0.0,PPI,All · surprise + DTW agree,-2.871599161539009,13.405685462398818,-0.214207559142982,-1.0
2026-03-18 18:00:00+00:00,0.0,,,FOMC Rate Decision,0.0,False,0.0,0.0,0.0,FOMC Rate Decision,All · surprise + DTW agree,0.2144824807255491,15.570416926314472,0.013774999201406565,0.0
2026-03-23 14:00:00+00:00,0.0,-1.281613125474479,0.6194331119037956,ISM Manufacturing,-0.4168989663635654,True,-0.0,0.0,-0.0,ISM Manufacturing,All · surprise + DTW agree,4.311406474634884,25.29726877248402,0.1704297216197673,1.0
2026-03-27 14:00:00+00:00,0.0,-4.805906988973874,0.6338936370193885,U. of Michigan Sentiment,0.1773741599864908,True,-0.0,0.0,-0.0,U. of Michigan Sentiment,All · surprise + DTW agree,-8.692523279826139,31.571991886507693,-0.2753238791861242,-1.0
2026-03-31 14:00:00+00:00,0.0,-18.015089792733363,0.6289308176100629,JOLTS,0.0236451695070799,True,-0.0,0.0,-0.0,JOLTS,All · surprise + DTW agree,-2.7983129131565825,34.80486289237504,-0.08040005564192668,0.0
2026-04-01 12:30:00+00:00,0.0,-20.295899719187105,0.6189439535578606,Retail Sales,0.135812637569315,True,-0.0,0.0,-0.0,Retail Sales,All · surprise + DTW agree,-8.633009713934278,26.37591425765739,-0.3273065581576178,-1.0
2026-04-01 14:00:00+00:00,0.0,-1.921578262198409,0.6187722704674932,ISM Manufacturing,-0.348696867086986,True,-0.0,0.0,-0.0,ISM Manufacturing,All · surprise + DTW agree,3.7080781759597574,22.616362207126038,0.16395555315219545,0.0
2026-04-03 12:30:00+00:00,0.0,,,Employment Report (NFP),0.0074519053871673,False,0.0,0.0,0.0,Employment Report (NFP),All · surprise + DTW agree,-2.6831864601311035,12.682501155174858,-0.2115660331744799,-1.0
2026-04-06 14:00:00+00:00,0.0,16.86683079347162,0.6194066511459023,ISM Services,-0.3995840674723146,True,0.0,0.0,0.0,ISM Services,All · surprise + DTW agree,4.087811827867669,17.609343152773867,0.23213880224849537,1.0
2026-04-10 12:30:00+00:00,1.0,-8.671594877949218,0.5989879169678819,CPI,0.7460995267174582,True,-8.671594877949218,0.5989879169678819,-9.2705827949171,CPI,All · surprise + DTW agree,3.394047201607893,14.812783344827226,0.22912960532789597,1.0
2026-04-10 14:00:00+00:00,-1.0,22.165379309129207,0.600998901622697,U. of Michigan Sentiment,-0.982116189214137,True,-22.165379309129207,0.600998901622697,-22.766378210751903,U. of Michigan Sentiment,All · surprise + DTW agree,-1.6698614180800266,23.222208325998686,-0.0719079509854588,0.0
2026-04-14 12:30:00+00:00,1.0,2.682541827638829,0.5983823043908881,PPI,1.2698279428023478,True,2.682541827638829,0.5983823043908881,2.084159523247941,PPI,All · surprise + DTW agree,1.4561223595649215,21.089158742547177,0.06904601446368785,0.0
2026-04-21 12:30:00+00:00,1.0,-9.21862226851644,0.5808364044223682,Retail Sales,0.3715447344904067,True,-9.21862226851644,0.5808364044223682,-9.799458672938808,Retail Sales,All · surprise + DTW agree,9.001703696284814,17.847918866803415,0.5043559287479566,1.0
2026-04-24 14:00:00+00:00,0.0,6.695953256770082,0.5881040741416722,U. of Michigan Sentiment,0.1292647090303701,True,0.0,0.0,0.0,U. of Michigan Sentiment,All · surprise + DTW agree,-2.3836409102708576,20.460791760156823,-0.11649798004945768,0.0
2026-04-29 18:00:00+00:00,0.0,-9.195402946780009,0.5919575423555827,FOMC Rate Decision,0.0,True,-0.0,0.0,-0.0,FOMC Rate Decision,All · surprise + DTW agree,-1.4046191561554027,25.49526677643446,-0.055093330400202235,0.0
2026-05-01 14:00:00+00:00,-1.0,-11.185460069640383,0.5792122713110169,ISM Manufacturing,-0.617866536975998,True,11.185460069640383,0.5792122713110169,10.606247798329367,ISM Manufacturing,All · surprise + DTW agree,-7.642484163515066,41.35186472016168,-0.18481595002386594,-1.0
2026-05-05 14:00:00+00:00,0.0,10.13664280122839,0.5882830249918858,ISM Services+JOLTS,-0.0472582992908579,True,0.0,0.0,0.0,ISM Services+JOLTS,All · surprise + DTW agree,6.632564875803816,25.54348666381861,0.25965777354892566,1.0
2026-05-07 14:00:00+00:00,0.0,-31.05685896890975,0.580092814850376,ISM Manufacturing,0.3657007435482061,True,-0.0,0.0,-0.0,ISM Manufacturing,All · surprise + DTW agree,-7.77049793825669,16.038908835827485,-0.48447796653716635,-1.0
2026-05-08 12:30:00+00:00,1.0,-5.815411002618731,0.5815119310206537,Employment Report (NFP),0.1411894213215493,True,-5.815411002618731,0.5815119310206537,-6.3969229336393845,Employment Report (NFP),All · surprise + DTW agree,2.3813991292627312,7.264632370339171,0.32780724582647375,1.0
2026-05-08 14:00:00+00:00,0.0,13.054701043646588,0.5823994858818331,U. of Michigan Sentiment,-0.0162164560236857,True,0.0,0.0,0.0,U. of Michigan Sentiment,All · surprise + DTW agree,5.1062143259128,22.20737203472679,0.22993329953350422,1.0
2026-05-12 12:30:00+00:00,0.0,15.266258514028408,0.5828559943724249,CPI,-0.6364808779246304,True,0.0,0.0,0.0,CPI,All · surprise + DTW agree,1.013452000936997,10.873596512409765,0.09320301703124347,0.0
2026-05-13 12:30:00+00:00,-1.0,-1.0075871319514818,0.583336685843022,PPI,-2.4174972817531666,True,1.0075871319514818,0.583336685843022,0.42425044610845974,PPI,All · surprise + DTW agree,-6.405473105382008,17.316197264264,-0.36991222770378057,-1.0
2026-05-14 12:30:00+00:00,1.0,9.359474163073145,0.5777237683526903,Retail Sales,0.077148759017881,True,9.359474163073145,0.5777237683526903,8.781750394720454,Retail Sales,All · surprise + DTW agree,3.0696062399083788,28.387161398512408,0.10813361000826371,0.0
2026-05-22 14:00:00+00:00,0.0,-6.5094537316490175,0.5712372210294089,U. of Michigan Sentiment,-1.3036979747570476,True,-0.0,0.0,-0.0,U. of Michigan Sentiment,All · surprise + DTW agree,11.503197750775785,13.76933433586558,0.8354214859038545,1.0
2026-06-01 14:00:00+00:00,0.0,-15.29832016876398,0.5682931608857534,ISM Manufacturing,0.4802999848660721,True,-0.0,0.0,-0.0,ISM Manufacturing,All · surprise + DTW agree,-6.411578534242509,36.94444115572558,-0.1735465020899052,-1.0
2026-06-02 14:00:00+00:00,0.0,10.392871034401452,0.5688058998901616,JOLTS,-2.2352720103720944,True,0.0,0.0,0.0,JOLTS,All · surprise + DTW agree,6.042037618490649,22.17056733739506,0.27252516936269616,1.0
2026-06-03 14:00:00+00:00,1.0,-15.669072463175835,0.5677257688768818,ISM Services,0.33046852418755,True,-15.669072463175835,0.5677257688768818,-16.236798232052717,ISM Services,All · surprise + DTW agree,6.230589636112006,30.65051235846525,0.203278482370661,1.0
2026-06-05 12:30:00+00:00,1.0,4.256389485188805,0.5609284332688588,Employment Report (NFP),0.0258653500459686,True,4.256389485188805,0.5609284332688588,3.6954610519199464,Employment Report (NFP),All · surprise + DTW agree,5.960431934024704,13.00224993431697,0.45841542534060015,1.0
2026-06-10 12:30:00+00:00,1.0,12.047361406555268,0.5733718217406777,CPI,0.2410948932308557,True,12.047361406555268,0.5733718217406777,11.473989584814591,CPI,All · surprise + DTW agree,5.5196526354044595,11.640664906184933,0.47416987602415656,1.0
2026-06-11 12:30:00+00:00,-1.0,9.952230120813256,0.5775971956660293,PPI,-0.3898603740662698,True,-9.952230120813256,0.5775971956660293,-10.529827316479286,PPI,All · surprise + DTW agree,-2.0892190651789226,21.15957346240232,-0.09873635065901401,0.0
2026-06-12 14:00:00+00:00,1.0,13.321841951405844,0.5695096325680956,U. of Michigan Sentiment,1.1413658435568907,True,13.321841951405844,0.5695096325680956,12.752332318837748,U. of Michigan Sentiment,All · surprise + DTW agree,0.22933670439382214,10.761355828834628,0.0213111347716357,0.0
2026-06-17 12:30:00+00:00,1.0,,,Retail Sales,0.2542769838457484,False,0.0,0.0,0.0,Retail Sales,All · surprise + DTW agree,0.675906526732068,11.195894183400746,0.060370928454663346,0.0
2026-06-17 18:00:00+00:00,0.0,,,FOMC Rate Decision,0.0,False,0.0,0.0,0.0,FOMC Rate Decision,All · surprise + DTW agree,-2.0193167453729832,14.066899521962501,-0.14355094683233113,0.0
2026-06-26 14:00:00+00:00,-1.0,37.099407655549754,0.5555874858708355,U. of Michigan Sentiment,-0.0741536954016894,True,-37.099407655549754,0.5555874858708355,-37.65499514142059,U. of Michigan Sentiment,All · surprise + DTW agree,-7.5187560171728824,35.20742778469703,-0.2135559593603973,-1.0
2019-01-03 15:00:00+00:00,-1.0,-56.86804477123886,1.260979215583964,ISM Manufacturing,-1.3343215472866703,True,56.86804477123886,1.260979215583964,55.60706555565489,ISM Manufacturing,All · surprise + DTW blend,-3.3609906412171893,13.738738534162188,-0.24463604375757547,-1.0
2019-01-04 13:30:00+00:00,0.0,32.74897584478964,1.2638368343066329,Employment Report (NFP),0.6625166444532855,True,0.0,0.0,0.0,Employment Report (NFP),All · surprise + DTW blend,-3.7731333307663464,13.07961083509169,-0.28847443386031724,-1.0
2019-01-07 15:00:00+00:00,0.0,18.405569668953348,1.2411726942007275,ISM Services,-0.5210478309027367,True,0.0,0.0,0.0,ISM Services,All · surprise + DTW blend,3.955353871318737,10.676481134862739,0.37047355035387214,1.0
2019-01-08 15:00:00+00:00,0.0,-46.397923627861104,1.2214126268795011,JOLTS,0.9583408947660512,True,-0.0,0.0,-0.0,JOLTS,All · surprise + DTW blend,-4.887456316542458,20.484427125412456,-0.23859375156648657,-1.0
2019-01-29 14:00:00+00:00,-1.0,-15.493764821741252,1.1814552269208831,Case-Shiller 20-City,-0.1129788487261893,True,15.493764821741252,1.1814552269208831,14.312309594820368,Case-Shiller 20-City,All · surprise + DTW blend,-1.0420546588775559,4.439548791986962,-0.2347208483795432,-1.0
2019-01-30 15:00:00+00:00,-1.0,17.348157579473167,1.1709129083054064,Pending Home Sales MoM,-0.6933623791751943,True,-17.348157579473167,1.1709129083054064,-18.519070487778574,Pending Home Sales MoM,All · surprise + DTW blend,-5.608142436529744,13.318991342002207,-0.4210635995268008,-1.0
2019-02-01 13:30:00+00:00,0.5,18.781599558828077,1.1619520794935492,Employment Report (NFP),0.8687741470886851,True,9.390799779414039,0.5809760397467746,8.809823739667264,Employment Report (NFP),All · surprise + DTW blend,-1.0300316602277566,13.807323731667815,-0.07460038456730941,0.0
2019-02-01 15:00:00+00:00,0.0,31.892867090697052,1.16,ISM Manufacturing+Wholesale Inventories,-0.0250479446109195,True,0.0,0.0,0.0,ISM Manufacturing+Wholesale Inventories,All · surprise + DTW blend,-3.342006623787177,22.951029715262035,-0.1456146702457015,0.0
2019-02-05 15:00:00+00:00,0.0,-5.1351939664101565,1.145158742694677,ISM Services,-0.2321861209891769,True,-0.0,0.0,-0.0,ISM Services,All · surprise + DTW blend,3.5600512733477414,16.92789231081528,0.21030682426265282,1.0
2019-02-06 13:30:00+00:00,0.0,2.7623764505513293,1.144661535425301,Trade Balance,-1.474980460269625,True,0.0,0.0,0.0,Trade Balance,All · surprise + DTW blend,1.9066494799304776,5.754002658267599,0.33136054902423817,1.0
2019-02-12 15:00:00+00:00,0.0,-11.080333543613818,1.1473788328387735,JOLTS,-2.8864328688998295,True,-0.0,0.0,-0.0,JOLTS,All · surprise + DTW blend,2.7940977449708098,9.891878267947483,0.2824638222676563,1.0
2019-02-25 15:00:00+00:00,0.5,-5.3498415430119906,1.1073351407079308,Wholesale Inventories+Wholesale Trade Sales MoM,0.4014513011972027,True,-2.6749207715059953,0.5536675703539654,-3.2285883418599606,Wholesale Inventories+Wholesale Trade Sales MoM,All · surprise + DTW blend,4.17053717136376,20.882152307013495,0.19971778339932136,1.0
2019-02-26 14:00:00+00:00,-1.0,10.00654357445896,1.1170602056931551,Case-Shiller 20-City,-0.258272112608477,True,-10.00654357445896,1.1170602056931551,-11.123603780152115,Case-Shiller 20-City,All · surprise + DTW blend,-5.499847796930858,3.94798475887625,-1.3930772616498976,-1.0
2019-02-27 13:30:00+00:00,0.5,-1.5398236932284703,1.116157339696713,Wholesale Inventories,1.5484792677074253,True,-0.7699118466142352,0.5580786698483565,-1.3279905164625916,Wholesale Inventories,All · surprise + DTW blend,0.4841747208215879,7.51423857285162,0.06443430244161728,0.0
2019-02-27 15:00:00+00:00,0.0,-36.612431301872306,1.115556239421449,Pending Home Sales MoM,0.9273046559046504,True,-0.0,0.0,-0.0,Pending Home Sales MoM,All · surprise + DTW blend,-6.35261796660132,16.716672156157042,-0.3800169021237603,-1.0
2019-03-01 15:00:00+00:00,-0.5,-37.22540996383472,1.1100903383861582,ISM Manufacturing,-0.7311263757915653,True,18.61270498191736,0.5550451691930791,18.057659812724282,ISM Manufacturing,All · surprise + DTW blend,0.308611121223309,23.1121047001078,0.01335279176118779,0.0
2019-03-04 15:00:00+00:00,-0.5,-8.049832729852824,1.1117074292724067,ISM Manufacturing,-0.7435651291317272,True,4.024916364926412,0.5558537146362034,3.4690626502902084,ISM Manufacturing,All · surprise + DTW blend,1.4363149919842049,18.168118855630773,0.0790568909966732,0.0
2019-03-05 15:00:00+00:00,0.5,-18.2343748996594,1.1260386736041004,ISM Services,1.3695473373794276,True,-9.1171874498297,0.5630193368020502,-9.68020678663175,ISM Services,All · surprise + DTW blend,-3.398130225376945,25.962801024361227,-0.1308845768293042,0.0
2019-03-06 13:30:00+00:00,0.5,13.967024578978029,1.125776397515528,Trade Balance,0.592887359587822,True,6.983512289489014,0.562888198757764,6.42062409073125,Trade Balance,All · surprise + DTW blend,0.563472189428015,12.059938455660145,0.04672264220084457,0.0
2019-03-08 13:30:00+00:00,-0.5,-3.5624517961352353,1.1442550505050504,Employment Report (NFP),-1.2678035042234366,True,1.7812258980676177,0.5721275252525252,1.2090983728150926,Employment Report (NFP),All · surprise + DTW blend,0.08957794479059134,26.92444926090666,0.0033270112202686843,0.0
2019-03-13 14:00:00+00:00,0.0,-10.905551226905176,1.1291955455182618,ISM Manufacturing,0.906188773849323,True,-0.0,0.0,-0.0,ISM Manufacturing,All · surprise + DTW blend,-2.884359465419555,10.71046886317209,-0.2693028197241126,-1.0
2019-03-15 14:00:00+00:00,-0.5,,,JOLTS,-2.0299093398454366,False,-0.0,0.0,-0.0,JOLTS,All · surprise + DTW blend,-1.5521381912628134,15.225291120532308,-0.10194472992175846,0.0
2019-03-22 14:00:00+00:00,0.5,3.495213534883135,1.1274395459140036,Wholesale Inventories,2.4258662097692496,True,1.7476067674415674,0.5637197729570018,1.1838869944845656,Wholesale Inventories,All · surprise + DTW blend,1.1358409193502699,14.791096122283346,0.07679220728199329,0.0
2019-03-26 13:00:00+00:00,0.5,16.32970813883361,1.1285803237858032,Case-Shiller 20-City,0.0560252099076334,True,8.164854069416805,0.5642901618929016,7.600563907523903,Case-Shiller 20-City,All · surprise + DTW blend,0.807029752935841,11.008179723304428,0.073311825680621,0.0
2019-03-27 12:30:00+00:00,-1.0,19.48406820117654,1.1311775948823966,Trade Balance,-1.8467308373800184,True,-19.48406820117654,1.1311775948823966,-20.615245796058936,Trade Balance,All · surprise + DTW blend,-2.4379888633053444,6.134206075824089,-0.3974416302891841,-1.0
2019-03-28 14:00:00+00:00,0.0,7.779074682439102,1.128009646427321,Pending Home Sales MoM,-0.1287472026516276,True,0.0,0.0,0.0,Pending Home Sales MoM,All · surprise + DTW blend,8.86629876857808,14.80459599825343,0.5988882621061784,1.0
2019-04-01 14:00:00+00:00,1.0,1.912155578800423,1.110855741975025,ISM Manufacturing,0.7145588866896876,True,1.912155578800423,1.110855741975025,0.8012998368253981,ISM Manufacturing,All · surprise + DTW blend,5.601368065710167,15.909866034821547,0.3520688391373369,1.0
2019-04-03 14:00:00+00:00,-1.0,12.97809175211384,1.1070815041038369,ISM Services,-1.1046992464638967,True,-12.97809175211384,1.1070815041038369,-14.085173256217677,ISM Services,All · surprise + DTW blend,-7.741591087919272,16.368967940077393,-0.4729431394978143,-1.0
2019-04-05 12:30:00+00:00,1.0,-0.3777362268486683,1.0974871329094762,Employment Report (NFP),0.2548391815149274,True,-0.3777362268486683,1.0974871329094762,-1.4752233597581446,Employment Report (NFP),All · surprise + DTW blend,1.68074839087347,12.4268300389436,0.13525157949423036,1.0
2019-04-09 14:00:00+00:00,0.0,13.00042243284949,1.1093684250793772,JOLTS,2.609324605457694,True,0.0,0.0,0.0,JOLTS,All · surprise + DTW blend,-9.410042820411164,22.39513408696481,-0.42018247284745314,-1.0
2019-04-17 12:30:00+00:00,-0.5,7.172653622973257,1.0952902519167578,Trade Balance,-1.2383182885962627,True,-3.5863268114866287,0.5476451259583789,-4.133971937445008,Trade Balance,All · surprise + DTW blend,-0.5474212880840482,6.629957256954456,-0.08256784574437999,0.0
2019-04-17 14:00:00+00:00,-0.5,10.59482466292394,1.0981104926350864,Wholesale Inventories+Wholesale Trade Sales MoM,-0.1087319624357112,True,-5.29741233146197,0.5490552463175432,-5.846467577779514,Wholesale Inventories+Wholesale Trade Sales MoM,All · surprise + DTW blend,-6.3164907399081995,16.406302176450232,-0.38500392544122175,-1.0
2019-04-30 13:00:00+00:00,0.5,1.5042683643073929,1.0904305320548977,Case-Shiller 20-City,0.0753943061381535,True,0.7521341821536964,0.5452152660274489,0.20691891612624758,Case-Shiller 20-City,All · surprise + DTW blend,-0.3801313301335024,8.917289149856407,-0.04262857509107727,0.0
2019-04-30 14:00:00+00:00,0.0,-4.904272474046678,1.0937205355459174,Pending Home Sales MoM,0.607854696796068,True,-0.0,0.0,-0.0,Pending Home Sales MoM,All · surprise + DTW blend,-1.6543632029880302,9.867045167569033,-0.1676655143350904,-1.0
2019-05-01 14:00:00+00:00,-1.0,-3.3825049650637595,1.089038266551504,ISM Manufacturing,-1.1185881038486878,True,3.3825049650637595,1.089038266551504,2.2934666985122556,ISM Manufacturing,All · surprise + DTW blend,-4.217557116311268,20.28289693544772,-0.207936624128893,-1.0
2019-05-03 12:30:00+00:00,0.0,10.230567552032,1.1004439722232762,Employment Report (NFP)+Wholesale Inventories,-0.2115333138905982,True,0.0,0.0,0.0,Employment Report (NFP)+Wholesale Inventories,All · surprise + DTW blend,-0.525386640646893,15.212906431907452,-0.034535586148413455,0.0
2019-05-03 14:00:00+00:00,-0.5,-15.161855682936933,1.0979857640466455,ISM Services,-0.8700061825114989,True,7.580927841468466,0.5489928820233227,7.0319349594451435,ISM Services,All · surprise + DTW blend,1.9812590520255855,17.066119522356683,0.11609311943644414,0.0
2019-05-07 14:00:00+00:00,-1.0,0.0,1.1086474501108647,JOLTS,-0.7458879769912665,True,-0.0,1.1086474501108647,-1.1086474501108647,JOLTS,All · surprise + DTW blend,-8.141152121901277,15.961065838845638,-0.5100631877657911,-1.0
2019-05-09 12:30:00+00:00,-1.0,-19.372342362267148,1.1222041637644145,Trade Balance,-0.0308851550716713,True,19.372342362267148,1.1222041637644145,18.250138198502732,Trade Balance,All · surprise + DTW blend,-2.5508343378617306,8.957178041181114,-0.2847810243509876,-1.0
2019-05-09 14:00:00+00:00,0.0,-30.45568712298774,1.1295474020409753,Wholesale Inventories+Wholesale Trade Sales MoM,0.9816606553187176,True,-0.0,0.0,-0.0,Wholesale Inventories+Wholesale Trade Sales MoM,All · surprise + DTW blend,-0.6531040344771045,14.057080239029393,-0.04646085982092962,0.0
2019-05-28 13:00:00+00:00,0.0,-3.122316784391898,1.1311775948823966,Case-Shiller 20-City,1.0305531067298288,True,-0.0,0.0,-0.0,Case-Shiller 20-City,All · surprise + DTW blend,-1.6883562070313123,7.356131748500906,-0.22951685270935768,-1.0
2019-05-30 12:30:00+00:00,0.0,-9.139860359290708,1.152348406580307,Wholesale Inventories,1.3152303803357457,True,-0.0,0.0,-0.0,Wholesale Inventories,All · surprise + DTW blend,-2.654913897582622,10.769814502403484,-0.24651435704766583,-1.0
2019-05-30 14:00:00+00:00,-1.0,-0.7939343420382272,1.150976345451659,Pending Home Sales MoM,-0.5184683414121161,True,0.7939343420382272,1.150976345451659,-0.35704200341343184,Pending Home Sales MoM,All · surprise + DTW blend,-4.2163832429475985,9.233692702536906,-0.4566302322135076,-1.0
2019-06-03 14:00:00+00:00,-0.5,49.52199350730879,1.170534813319879,ISM Manufacturing,-0.1607686790482518,True,-24.760996753654396,0.5852674066599395,-25.346264160314334,ISM Manufacturing,All · surprise + DTW blend,0.7369587582384535,14.679798272287425,0.05020224015133007,0.0
2019-06-05 14:00:00+00:00,0.5,-11.779026843861118,1.138370951913641,ISM Services,0.8700286671132983,True,-5.889513421930559,0.5691854759568205,-6.45869889788738,ISM Services,All · surprise + DTW blend,1.6584627816248125,21.110094989713136,0.07856254471772746,0.0
2019-06-06 12:30:00+00:00,0.0,-21.097878503777423,1.1317514829847015,Trade Balance,0.0310236654453449,True,-0.0,0.0,-0.0,Trade Balance,All · surprise + DTW blend,-3.539417145449717,9.881005763546096,-0.35820413732655193,-1.0
2019-06-07 12:30:00+00:00,-0.5,3.1030604182014088,1.123508445684178,Employment Report (NFP),-0.4292841940610685,True,-1.5515302091007044,0.561754222842089,-2.1132844319427933,Employment Report (NFP),All · surprise + DTW blend,2.6361219187960203,26.634385346339446,0.098974385348762,0.0
2019-06-07 14:00:00+00:00,0.5,7.321631894878777,1.118309424649082,Wholesale Inventories+Wholesale Trade Sales MoM,-0.011526009887174,True,3.6608159474393887,0.559154712324541,3.1016612351148476,Wholesale Inventories+Wholesale Trade Sales MoM,All · surprise + DTW blend,4.641611844610166,7.789276210700378,0.5958977084717878,1.0
2019-06-10 14:00:00+00:00,0.0,2.2934903200599877,1.1087322220523017,JOLTS,0.2551781291483067,True,0.0,0.0,0.0,JOLTS,All · surprise + DTW blend,-17.62928204070939,19.486574149046497,-0.9046886284817803,-1.0
2019-06-25 13:00:00+00:00,0.0,-2.988308266242967,1.0833022039596565,Case-Shiller 20-City,0.2642101217812244,True,-0.0,0.0,-0.0,Case-Shiller 20-City,All · surprise + DTW blend,-0.9987087562831876,4.635322770245444,-0.2154561409820238,-1.0
2019-06-26 12:30:00+00:00,0.0,-6.004879144594355,1.0879759894954042,Wholesale Inventories,-0.1098920725221081,True,-0.0,0.0,-0.0,Wholesale Inventories,All · surprise + DTW blend,1.1099264582077362,6.16467525863607,0.1800462168145588,1.0
2019-06-27 14:00:00+00:00,0.0,-9.419567019648412,1.091867469879518,Pending Home Sales MoM,0.0260187727135922,True,-0.0,0.0,-0.0,Pending Home Sales MoM,All · surprise + DTW blend,-14.02429888875203,26.225145478211815,-0.5347653419274108,-1.0
2019-07-01 14:00:00+00:00,-1.0,-24.62320300947951,1.081040781331544,ISM Manufacturing,-0.5150897520442002,True,24.62320300947951,1.081040781331544,23.542162228147966,ISM Manufacturing,All · surprise + DTW blend,-9.689213605480637,21.006624550311827,-0.46124562193581015,-1.0
2019-07-03 12:30:00+00:00,0.5,,,Trade Balance,0.4674279842482597,False,0.0,0.0,0.0,Trade Balance,All · surprise + DTW blend,-0.16327300912409892,7.892231298490769,-0.020687813490124347,0.0
2019-07-03 14:00:00+00:00,0.0,,,ISM Services,-0.5230512818626962,False,0.0,0.0,0.0,ISM Services,All · surprise + DTW blend,2.757234617015568,12.123225224233472,0.2274340834239432,1.0
2019-07-05 12:30:00+00:00,0.0,-7.808869040495381,1.0773460138197488,Employment Report (NFP),0.6730071664656323,True,-0.0,0.0,-0.0,Employment Report (NFP),All · surprise + DTW blend,-3.8322186656696613,11.215095482717661,-0.3417018313910094,-1.0
2019-07-09 14:00:00+00:00,1.0,0.7490075653215911,1.0865899808910038,JOLTS,0.8014699032501351,True,0.7490075653215911,1.0865899808910038,-0.3375824155694127,JOLTS,All · surprise + DTW blend,6.2159518045347015,20.21537290157866,0.30748637854952876,1.0
2019-07-10 14:00:00+00:00,0.25,-17.07498558880971,1.0755080848538792,Wholesale Inventories+Wholesale Trade Sales MoM,-0.1219301602902608,True,-4.2687463972024275,0.2688770212134698,-4.5376234184158974,Wholesale Inventories+Wholesale Trade Sales MoM,All · surprise + DTW blend,2.950458860658853,10.507053610855307,0.280807443259888,1.0
2019-07-25 12:30:00+00:00,-1.0,-11.347207425576045,1.0608721100380452,Wholesale Inventories,-0.6635937629932486,True,11.347207425576045,1.0608721100380452,10.286335315538,Wholesale Inventories,All · surprise + DTW blend,-2.8779500561299107,13.683321412956786,-0.21032540048388906,-1.0
2019-07-30 13:00:00+00:00,0.0,3.691262822904662,1.0703871848817037,Case-Shiller 20-City,0.1071969239928343,True,0.0,0.0,0.0,Case-Shiller 20-City,All · surprise + DTW blend,-1.401335378946138,8.532452704350025,-0.16423593865708833,-1.0
2019-07-30 14:00:00+00:00,0.5,3.318400561393986,1.0693609646373392,Pending Home Sales MoM,0.6010290004464247,True,1.659200280696993,0.5346804823186696,1.1245197983783233,Pending Home Sales MoM,All · surprise + DTW blend,-0.2797744705249006,10.714319908852382,-0.026112200578754928,0.0
2019-08-01 14:00:00+00:00,-0.5,41.92411579582611,1.0775862068965516,ISM Manufacturing,-1.012131827489508,True,-20.962057897913056,0.5387931034482758,-21.500851001361333,ISM Manufacturing,All · surprise + DTW blend,-0.39522914928038455,11.05372056510605,-0.035755304917696976,0.0
2019-08-02 12:30:00+00:00,0.5,3.3964186978430178,1.0940919037199124,Employment Report (NFP)+Trade Balance,-0.0041668014234944,True,1.6982093489215089,0.5470459518599562,1.1511633970615527,Employment Report (NFP)+Trade Balance,All · surprise + DTW blend,1.1849802914719372,6.989403028414518,0.16953955676250923,1.0
2019-08-05 14:00:00+00:00,-1.0,-16.578317050015556,1.1166730843280708,ISM Services,-1.0487641661378926,True,16.578317050015556,1.1166730843280708,15.461643965687486,ISM Services,All · surprise + DTW blend,-8.396394831135096,17.85874717756229,-0.47015587082638793,-1.0
2019-08-06 14:00:00+00:00,-1.0,-39.53953284753453,1.1233778810768933,JOLTS,-0.1198635692040546,True,39.53953284753453,1.1233778810768933,38.41615496645764,JOLTS,All · surprise + DTW blend,-5.084262142431119,20.129624547373858,-0.25257610396386754,-1.0
2019-08-08 14:00:00+00:00,-1.0,5.362751986339731,1.1113665976852916,Wholesale Inventories+Wholesale Trade Sales MoM,-0.528434093932597,True,-5.362751986339731,1.1113665976852916,-6.474118584025023,Wholesale Inventories+Wholesale Trade Sales MoM,All · surprise + DTW blend,-6.581435065810345,9.662107729117206,-0.6811593547003091,-1.0
2019-08-27 13:00:00+00:00,-1.0,1.920602306793029,1.1140135218192992,Case-Shiller 20-City,-0.1377150001179232,True,-1.920602306793029,1.1140135218192992,-3.034615828612328,Case-Shiller 20-City,All · surprise + DTW blend,-2.035647884337734,7.2579394939287,-0.28047187304889537,-1.0
2019-08-29 12:30:00+00:00,1.0,-11.02556902871754,1.1020330609918298,Wholesale Inventories,0.1109170389268115,True,-11.02556902871754,1.1020330609918298,-12.12760208970937,Wholesale Inventories,All · surprise + DTW blend,1.0911767709969622,7.746962805547294,0.1408522021321199,1.0
2019-08-29 14:00:00+00:00,0.0,-11.021378787852145,1.101112503322322,Pending Home Sales MoM,-0.6547388591058947,True,-0.0,0.0,-0.0,Pending Home Sales MoM,All · surprise + DTW blend,4.1169536223495085,24.554878521393245,0.16766336753662392,1.0
2019-09-03 14:00:00+00:00,0.0,,,ISM Manufacturing,-0.5595389851222737,False,0.0,0.0,0.0,ISM Manufacturing,All · surprise + DTW blend,3.4690639253290048,9.899275617061383,0.3504361389180921,1.0
2019-09-04 12:30:00+00:00,0.0,,,Trade Balance,0.1884003916971352,False,0.0,0.0,0.0,Trade Balance,All · surprise + DTW blend,-2.112539545058904,8.420358043798219,-0.25088476452789754,-1.0
2019-09-05 14:00:00+00:00,1.0,,,ISM Services,1.396145510547349,False,0.0,0.0,0.0,ISM Services,All · surprise + DTW blend,3.3101708874932916,9.972561534013106,0.3319278478456507,1.0
2019-09-06 12:30:00+00:00,-1.0,,,Employment Report (NFP),-0.4856947459450375,False,-0.0,0.0,-0.0,Employment Report (NFP),All · surprise + DTW blend,-1.9606115262823167,7.86961465328576,-0.24913691618479852,-1.0
2019-09-10 14:00:00+00:00,1.0,,,JOLTS,0.6218292334900785,False,0.0,0.0,0.0,JOLTS,All · surprise + DTW blend,5.155082776476355,10.436021982860494,0.49397009559224375,1.0
2019-09-11 14:00:00+00:00,0.5,,,Wholesale Inventories,0.0,False,0.0,0.0,0.0,Wholesale Inventories,All · surprise + DTW blend,2.0340163998251537,10.979216759533307,0.18526061051295006,1.0
2019-09-24 13:00:00+00:00,1.0,,,Case-Shiller 20-City,0.010802298855498,False,0.0,0.0,0.0,Case-Shiller 20-City,All · surprise + DTW blend,3.776212692870918,13.384739918336354,0.28212820838585856,1.0
2019-09-26 12:30:00+00:00,0.0,,,Wholesale Inventories,0.669884793997939,False,0.0,0.0,0.0,Wholesale Inventories,All · surprise + DTW blend,-4.889625066119063,8.190663015908722,-0.5969754898500824,-1.0
2019-09-26 14:00:00+00:00,1.0,,,Pending Home Sales MoM,0.1576085301410243,False,0.0,0.0,0.0,Pending Home Sales MoM,All · surprise + DTW blend,2.0243214356119195,15.643822178727323,0.12940069328866566,1.0
2019-10-01 14:00:00+00:00,-1.0,-62.55139912671126,1.07403429502611,ISM Manufacturing,-0.6392916219864412,True,62.55139912671126,1.07403429502611,61.47736483168515,ISM Manufacturing,All · surprise + DTW blend,-5.410645578382702,24.45924844519835,-0.2212106226610114,-1.0
2019-10-03 14:00:00+00:00,-0.5,28.993931590033384,1.1141847241432303,ISM Services,-1.3923680829816754,True,-14.496965795016692,0.5570923620716152,-15.054058157088306,ISM Services,All · surprise + DTW blend,2.9797572479412944,24.209444729289675,0.12308242841837054,0.0
2019-10-04 12:30:00+00:00,0.5,8.383827326934323,1.1106855610877058,Employment Report (NFP)+Trade Balance,0.1313738836117203,True,4.191913663467162,0.5553427805438529,3.6365708829233085,Employment Report (NFP)+Trade Balance,All · surprise + DTW blend,0.5745986409209993,17.118625834676127,0.033565698933443064,0.0
2019-10-09 14:00:00+00:00,-0.5,6.848272981088144,1.1044673801272042,JOLTS+Wholesale Inventories,0.3219991669158658,True,-3.424136490544072,0.5522336900636021,-3.976370180607674,JOLTS+Wholesale Inventories,All · surprise + DTW blend,-9.581992864363386,25.460153878166953,-0.37635251185894475,-1.0
2019-10-28 12:30:00+00:00,-1.0,15.174790557459517,1.0742332197362572,Wholesale Inventories,-1.121516987398828,True,-15.174790557459517,1.0742332197362572,-16.249023777195774,Wholesale Inventories,All · surprise + DTW blend,-1.4228046563753747,6.566241064705158,-0.21668480373394003,-1.0
2019-10-29 13:00:00+00:00,0.5,-2.5921605803524983,1.0736764161421697,Case-Shiller 20-City,0.0158358411377602,True,-1.2960802901762492,0.5368382080710848,-1.8329184982473339,Case-Shiller 20-City,All · surprise + DTW blend,-0.46161664350243914,8.418808502124218,-0.05483158850637414,0.0
2019-10-29 14:00:00+00:00,0.0,4.805826232505694,1.072802604320805,Pending Home Sales MoM,0.1582405075879513,True,0.0,0.0,0.0,Pending Home Sales MoM,All · surprise + DTW blend,-10.852899377475095,36.9357015950182,-0.29383222488831534,-1.0
2019-11-01 12:30:00+00:00,0.5,5.538836616683085,1.0736764161421697,Employment Report (NFP),0.5209469624313295,True,2.7694183083415425,0.5368382080710848,2.2325801002704577,Employment Report (NFP),All · surprise + DTW blend,-0.7713191750792401,8.795772687793765,-0.08769203144024285,0.0
2019-11-01 14:00:00+00:00,-0.5,25.023012136848877,1.0680219496924832,ISM Manufacturing,-0.3411753815848861,True,-12.511506068424438,0.5340109748462416,-13.04551704327068,ISM Manufacturing,All · surprise + DTW blend,0.19765702141521269,16.55916570386304,0.01193641183076644,0.0
2019-11-05 13:30:00+00:00,1.0,3.640865109773017,1.056043115691344,Trade Balance,0.0316646894236355,True,3.640865109773017,1.056043115691344,2.5848219940816732,Trade Balance,All · surprise + DTW blend,2.7045114023538956,10.438683992397074,0.25908547517327885,1.0
2019-11-05 15:00:00+00:00,1.0,-22.590645424465094,1.0567357796159311,ISM Services+JOLTS,0.4513695903865941,True,-22.590645424465094,1.0567357796159311,-23.647381204081025,ISM Services+JOLTS,All · surprise + DTW blend,5.3179313133745385,14.428302366445804,0.3685763701308217,1.0
2019-11-08 15:00:00+00:00,-0.5,12.69380893996086,1.0518298211889303,Wholesale Inventories+Wholesale Trade Sales MoM,-0.2044582875798339,True,-6.34690446998043,0.5259149105944652,-6.872819380574895,Wholesale Inventories+Wholesale Trade Sales MoM,All · surprise + DTW blend,-2.0553515117792283,15.991013956340739,-0.12853165642846823,0.0
2019-11-26 13:30:00+00:00,0.5,-0.7126313917105165,1.0332787002066557,Wholesale Inventories,0.1121947791793919,True,-0.35631569585525824,0.5166393501033278,-0.8729550459585861,Wholesale Inventories,All · surprise + DTW blend,-1.4404619997014612,8.971121124964144,-0.16056655345930562,0.0
2019-11-26 14:00:00+00:00,1.0,1.4253643611716882,1.033352337514253,Case-Shiller 20-City,0.0151072976505187,True,1.4253643611716882,1.033352337514253,0.39201202365743515,Case-Shiller 20-City,All · surprise + DTW blend,1.6340767521076964,9.586297410925216,0.17045963441999912,1.0
2019-11-27 15:00:00+00:00,-0.5,-2.849002868288153,1.032285622752999,Pending Home Sales MoM,-0.5030883860479812,True,1.4245014341440765,0.5161428113764995,0.908358622767577,Pending Home Sales MoM,All · surprise + DTW blend,1.6210454106542498,15.934194326780618,0.10173375430283017,0.0
2019-12-02 15:00:00+00:00,-1.0,-16.109115871536517,1.0358992677263796,ISM Manufacturing,-0.6709934216827046,True,16.109115871536517,1.0358992677263796,15.073216603810137,ISM Manufacturing,All · surprise + DTW blend,-9.730149534440217,22.957692971248957,-0.42382958717262054,-1.0
2019-12-04 15:00:00+00:00,-0.5,-6.501950814232771,1.0470070041158206,ISM Services,-0.3471809391470089,True,3.2509754071163854,0.5235035020579103,2.7274719050584753,ISM Services,All · surprise + DTW blend,1.19643976854254,10.970186215542336,0.10906284953006984,0.0
2019-12-05 13:30:00+00:00,-1.0,-5.409206601303396,1.0454971519215517,Trade Balance,-0.4133945248912698,True,5.409206601303396,1.0454971519215517,4.363709449381844,Trade Balance,All · surprise + DTW blend,-2.9727689666414934,11.022867979951968,-0.26969106153210476,-1.0
2019-12-06 13:30:00+00:00,1.0,24.80186746110391,1.0463270313176505,Employment Report (NFP),0.4413152239638416,True,24.80186746110391,1.0463270313176505,23.755540429786258,Employment Report (NFP),All · surprise + DTW blend,2.9569884838775655,16.768061543812482,0.1763464713050694,1.0
2019-12-06 15:00:00+00:00,0.0,-7.152820304252572,1.037010548900411,Wholesale Inventories,-0.2251134155301338,True,-0.0,0.0,-0.0,Wholesale Inventories,All · surprise + DTW blend,2.26523692564721,8.106185907529504,0.2794454693597792,1.0
2019-12-17 15:00:00+00:00,0.0,6.367173897441347,1.026512335846519,JOLTS,-1.4157727572782377,True,0.0,0.0,0.0,JOLTS,All · surprise + DTW blend,5.308251299693446,14.497280699325543,0.3661549644920928,1.0
2019-12-30 13:30:00+00:00,-1.0,3.142622719085608,1.0128527521654092,Wholesale Inventories,-0.4514373795043512,True,-3.142622719085608,1.0128527521654092,-4.155475471251018,Wholesale Inventories,All · surprise + DTW blend,-2.3056761333222835,7.348993272033287,-0.31374040606304154,-1.0
2019-12-30 15:00:00+00:00,-1.0,-28.809351338647815,1.017579564195235,Pending Home Sales MoM,-0.0531442073475608,True,28.809351338647815,1.017579564195235,27.79177177445258,Pending Home Sales MoM,All · surprise + DTW blend,-3.73145395643819,11.316591866479703,-0.3297330150688688,-1.0
2019-12-31 14:00:00+00:00,-0.5,-3.875354555358257,1.021486438886932,Case-Shiller 20-City,-0.0682881902438581,True,1.9376772776791285,0.510743219443466,1.4269340582356624,Case-Shiller 20-City,All · surprise + DTW blend,-1.2720072615594233,8.805348742326345,-0.14445847618107663,0.0
2020-01-03 15:00:00+00:00,0.5,8.037321558607147,1.0124991271559247,ISM Manufacturing,0.0207532118471872,True,4.018660779303573,0.5062495635779624,3.512411215725611,ISM Manufacturing,All · surprise + DTW blend,0.6949562057355865,10.439727677431621,0.06656842277964088,0.0
2020-01-07 13:30:00+00:00,-1.0,-13.972337050294216,1.012004466778336,Trade Balance,-0.1595559397292306,True,13.972337050294216,1.012004466778336,12.96033258351588,Trade Balance,All · surprise + DTW blend,-4.177562346665106,10.023549616150998,-0.41677474613721455,-1.0
2020-01-07 15:00:00+00:00,0.5,5.247599343789489,1.0150507525376269,ISM Services,0.2902789813530346,True,2.6237996718947443,0.5075253762688134,2.1162742956259306,ISM Services,All · surprise + DTW blend,-3.927786883475505,27.396669173541927,-0.14336731442042333,0.0
2020-01-10 13:30:00+00:00,-0.5,-1.7266683976124853,1.0010355540214015,Employment Report (NFP),-0.065520798516164,True,0.8633341988062426,0.5005177770107008,0.36281642179554185,Employment Report (NFP),All · surprise + DTW blend,1.5667021089132618,12.909799878700522,0.12135758289314112,0.0
2020-01-10 15:00:00+00:00,0.0,-2.4185885925831485,1.0017963244438304,Wholesale Inventories+Wholesale Trade Sales MoM,0.6950059133044145,True,-0.0,0.0,-0.0,Wholesale Inventories+Wholesale Trade Sales MoM,All · surprise + DTW blend,1.2176817976659828,15.789825066393485,0.07711813098282225,0.0
2020-01-14 13:30:00+00:00,0.5,13.162910210482435,1.0046769443963277,CPI,0.8660898068244481,True,6.581455105241218,0.5023384721981639,6.0791166330430535,CPI,All · surprise + DTW blend,0.43016559172385843,6.259108216398808,0.06872633877727635,0.0
2020-01-15 13:30:00+00:00,0.5,-20.0810232629145,1.0032519200166057,Empire Manufacturing,0.1583313998281338,True,-10.04051163145725,0.5016259600083028,-10.542137591465552,Empire Manufacturing,All · surprise + DTW blend,0.4588212194917647,7.48650378260249,0.06128644729439612,0.0
2020-01-16 13:30:00+00:00,0.5,2.061359817648878,0.9965293288890416,Retail Sales,0.2727480458287097,True,1.030679908824439,0.4982646644445208,0.5324152443799182,Retail Sales,All · surprise + DTW blend,-1.0164966539703932,14.36980799319988,-0.07073836020992226,0.0
2020-01-29 13:30:00+00:00,0.0,-4.507237659741037,1.0054432617966231,Wholesale Inventories,-0.3401360904090461,True,-0.0,0.0,-0.0,Wholesale Inventories,All · surprise + DTW blend,2.228442260178733,6.907019100193646,0.3226344429996228,1.0
2020-02-03 15:00:00+00:00,1.0,13.66383675843963,1.0181511778955867,ISM Manufacturing,0.3955551823144471,True,13.66383675843963,1.0181511778955867,12.645685580544043,ISM Manufacturing,All · surprise + DTW blend,3.75897578404539,12.171563213910524,0.3088326222345349,1.0
2020-02-05 13:30:00+00:00,1.0,-4.131946894396776,0.9987945582917168,Trade Balance,0.2242922918801791,True,-4.131946894396776,0.9987945582917168,-5.130741452688493,Trade Balance,All · surprise + DTW blend,3.782620732383562,4.740435164541838,0.7979479944536171,1.0
2020-02-05 15:00:00+00:00,1.0,-33.08066421309874,0.9980726872246696,ISM Services,0.2331662435895157,True,-33.08066421309874,0.9980726872246696,-34.07873690032341,ISM Services,All · surprise + DTW blend,3.294236930288698,12.317694027667667,0.2674394186841525,1.0
2020-02-06 13:30:00+00:00,-0.5,-11.923215911160412,0.9877047784476004,Unit Labor Costs,-0.2551339804489138,True,5.961607955580206,0.4938523892238002,5.467755566356406,Unit Labor Costs,All · surprise + DTW blend,-1.7084259726762627,10.665832213188846,-0.16017746562370508,0.0
2020-02-07 13:30:00+00:00,0.0,-28.71109741358069,0.990978676872608,Employment Report (NFP),0.2757701238089594,True,-0.0,0.0,-0.0,Employment Report (NFP),All · surprise + DTW blend,-4.076264227468674,10.721859193085049,-0.38018259278182076,-1.0
2020-02-07 15:00:00+00:00,-1.0,24.364727826799992,0.9958791208791208,Wholesale Inventories+Wholesale Trade Sales MoM,-0.6049536991472197,True,-24.364727826799992,0.9958791208791208,-25.360606947679113,Wholesale Inventories+Wholesale Trade Sales MoM,All · surprise + DTW blend,-3.0415691489415932,12.877086859259672,-0.23620009573473194,-1.0
2020-02-13 13:30:00+00:00,0.0,3.4054146421347298,0.9878730072216922,CPI,-0.313487807128756,True,0.0,0.0,0.0,CPI,All · surprise + DTW blend,2.6942925386512147,8.02164943465143,0.3358776222521736,1.0
2020-02-14 13:30:00+00:00,-0.5,-8.832722411469263,0.9841851625602388,Retail Sales,-0.1320605680860598,True,4.416361205734631,0.4920925812801194,3.9242686244545117,Retail Sales,All · surprise + DTW blend,-0.7630717565323358,12.079077637722236,-0.06317301530948924,0.0
2020-02-18 13:30:00+00:00,1.0,-4.786324877699144,0.991419096783016,Empire Manufacturing,1.004420619205327,True,-4.786324877699144,0.991419096783016,-5.77774397448216,Empire Manufacturing,All · surprise + DTW blend,1.4078996769415215,7.411206687032201,0.18996902075406985,1.0
2020-02-28 13:30:00+00:00,-0.5,,,Wholesale Inventories,-0.6836569783784273,False,-0.0,0.0,-0.0,Wholesale Inventories,All · surprise + DTW blend,-1.6755260230753177,9.420778297584791,-0.1778543099252079,0.0
2020-03-02 15:00:00+00:00,-0.5,21.16237024456069,1.1363636363636365,ISM Manufacturing,-0.0046870840831074,True,-10.581185122280345,0.5681818181818182,-11.149366940462164,ISM Manufacturing,All · surprise + DTW blend,1.290206112619475,23.42827895689203,0.05507046057431068,0.0
2020-03-04 15:00:00+00:00,1.0,56.31688322997874,1.1010288925168,ISM Services,1.4632635374555136,True,56.31688322997874,1.1010288925168,55.21585433746194,ISM Services,All · surprise + DTW blend,4.3804500166249305,17.95960202279755,0.24390573972989363,1.0
2020-03-05 13:30:00+00:00,1.0,28.43226511158647,1.101196126827416,Unit Labor Costs,0.1728618374002194,True,28.43226511158647,1.101196126827416,27.331068984759057,Unit Labor Costs,All · surprise + DTW blend,8.509376080925808,23.27561762002293,0.3655918489400508,1.0
2020-03-06 13:30:00+00:00,-0.5,5.519199067798297,1.1448874851954205,Employment Report (NFP)+Trade Balance,0.2105670283364228,True,-2.7595995338991486,0.5724437425977102,-3.332043276496859,Employment Report (NFP)+Trade Balance,All · surprise + DTW blend,-1.8467890673290366,5.385716860645341,-0.3429049679206021,-1.0
2020-03-06 15:00:00+00:00,-1.0,90.16133205363984,1.1435331230283912,Wholesale Inventories,-0.456164382027693,True,-90.16133205363984,1.1435331230283912,-91.30486517666823,Wholesale Inventories,All · surprise + DTW blend,-5.768147374063794,17.09878983119137,-0.3373424336464807,-1.0
2020-03-11 12:30:00+00:00,-1.0,-59.32765757634684,1.199884149116637,CPI,-0.8721423415768248,True,59.32765757634684,1.199884149116637,58.1277734272302,CPI,All · surprise + DTW blend,-4.427619010933273,6.944875896456693,-0.6375375279480897,-1.0
2020-03-16 12:30:00+00:00,-1.0,,,Empire Manufacturing,-3.110547589800201,False,-0.0,0.0,-0.0,Empire Manufacturing,All · surprise + DTW blend,-1.9721164479898752,6.529634905822955,-0.3020255307431039,-1.0
2020-03-17 12:30:00+00:00,0.0,31.0303279290558,1.406060606060606,Retail Sales,-1.454407343214982,True,0.0,0.0,0.0,Retail Sales,All · surprise + DTW blend,1.5818662752842065,6.91333736562557,0.22881369613893673,1.0
2020-03-26 12:30:00+00:00,-0.5,97.10439602717004,1.41030005349414,Wholesale Inventories,-0.6855550636468352,True,-48.55219801358502,0.70515002674707,-49.25734804033209,Wholesale Inventories,All · surprise + DTW blend,2.151709015090086,17.87295958578095,0.12038907181337243,0.0
2020-04-01 14:00:00+00:00,-1.0,42.18115688097157,1.3754505786378295,ISM Manufacturing,-0.0888018544197422,True,-42.18115688097157,1.3754505786378295,-43.5566074596094,ISM Manufacturing,All · surprise + DTW blend,-7.019211715371927,27.95025359374222,-0.25113230875813797,-1.0
2020-04-02 12:30:00+00:00,-1.0,-105.69962339802784,1.375385345032013,Trade Balance,-0.0322931461328361,True,105.69962339802784,1.375385345032013,104.32423805299582,Trade Balance,All · surprise + DTW blend,-1.5700990183987942,7.261409655094234,-0.2162250985657162,-1.0
2020-04-03 12:30:00+00:00,0.0,44.49079659949007,1.374994073301408,Employment Report (NFP),-0.9910207378555704,True,0.0,0.0,0.0,Employment Report (NFP),All · surprise + DTW blend,4.977841437641699,23.136052611826642,0.2151551745303836,1.0
2020-04-03 14:00:00+00:00,0.5,-78.40954630406571,1.3663776856388994,ISM Services,5.0,True,-39.20477315203286,0.6831888428194497,-39.887961994852304,ISM Services,All · surprise + DTW blend,2.0037680957597965,26.36491906933952,0.07600129894159367,0.0
2020-04-09 14:00:00+00:00,-0.5,-23.527445522191215,1.2152195776064365,Wholesale Inventories,-0.457441898157632,True,11.763722761095607,0.6076097888032183,11.156112972292389,Wholesale Inventories,All · surprise + DTW blend,1.31830854937216,14.234523951688638,0.0926134624414868,0.0
2020-04-10 12:30:00+00:00,0.5,,,CPI,1.2932156674136484,False,0.0,0.0,0.0,CPI,All · surprise + DTW blend,-3.4438851192322295e-09,0.00035298223831171883,-9.756539410322772e-06,0.0
2020-04-15 12:30:00+00:00,0.5,-53.16424801279141,1.2402172518496344,Empire Manufacturing+Retail Sales,-1.3225673738078847,True,-26.582124006395706,0.6201086259248172,-27.202232632320523,Empire Manufacturing+Retail Sales,All · surprise + DTW blend,3.9895081095725073,24.777936417491368,0.16101050718477966,1.0
2020-04-28 12:30:00+00:00,-1.0,10.654865363388666,1.1894995898277276,Wholesale Inventories,-1.4895347273420316,True,-10.654865363388666,1.1894995898277276,-11.844364953216393,Wholesale Inventories,All · surprise + DTW blend,-7.06189694731221,20.163521389042657,-0.3502313316735347,-1.0
2020-05-01 14:00:00+00:00,1.0,1.2600012616736933,1.2185897974619715,ISM Manufacturing,2.8031352485608907,True,1.2600012616736933,1.2185897974619715,0.041411464211721816,ISM Manufacturing,All · surprise + DTW blend,15.34427581113686,37.08140340661698,0.4137997594880337,1.0
2020-05-05 12:30:00+00:00,1.0,-4.607233437852187,1.2137954126904402,Trade Balance,0.064850258722308,True,-4.607233437852187,1.2137954126904402,-5.8210288505426275,Trade Balance,All · surprise + DTW blend,2.3927839238563138,5.149993741337353,0.4646188022812926,1.0
2020-05-05 14:00:00+00:00,1.0,-24.196924613573145,1.2089378022344506,ISM Services,2.000220896486279,True,-24.196924613573145,1.2089378022344506,-25.405862415807597,ISM Services,All · surprise + DTW blend,1.4258175509386974,8.792355679589154,0.16216559053094662,1.0
2020-05-07 12:30:00+00:00,0.5,-4.614190815743768,1.2167491818410674,Unit Labor Costs,2.3420800129725508,True,-2.307095407871884,0.6083745909205337,-2.915469998792418,Unit Labor Costs,All · surprise + DTW blend,1.145077580014952,16.42731400278596,0.06970570963827408,0.0
2020-05-08 12:30:00+00:00,1.0,-16.997993354959107,1.2065737466195132,Employment Report (NFP),0.7142857142857143,True,-16.997993354959107,1.2065737466195132,-18.20456710157862,Employment Report (NFP),All · surprise + DTW blend,6.852340991910847,28.747855727791695,0.23836007307099485,1.0
2020-05-08 14:00:00+00:00,-0.5,-10.780778089412024,1.203469311532556,Wholesale Inventories+Wholesale Trade Sales MoM,-1.1237762984102937,True,5.390389044706012,0.601734655766278,4.788654388939734,Wholesale Inventories+Wholesale Trade Sales MoM,All · surprise + DTW blend,-14.414052221377768,48.81422456615676,-0.295283851161924,-1.0
2020-05-12 12:30:00+00:00,1.0,8.664975475607406,1.1973575557390586,CPI,1.654865259542607,True,8.664975475607406,1.1973575557390586,7.467617919868347,CPI,All · surprise + DTW blend,2.1365404653873976,8.524613606000369,0.2506319422951339,1.0
2020-05-15 12:30:00+00:00,0.0,18.44900233678004,1.243621081521506,Empire Manufacturing+Retail Sales,-1.8552032225609776,True,0.0,0.0,0.0,Empire Manufacturing+Retail Sales,All · surprise + DTW blend,0.33851426686332475,11.873785634433494,0.02850938001454626,0.0
2020-05-29 12:30:00+00:00,0.5,-14.232064074537476,1.145701643489254,Wholesale Inventories,2.5148660912203837,True,-7.116032037268738,0.572850821744627,-7.688882859013365,Wholesale Inventories,All · surprise + DTW blend,0.49928888987410946,5.603174298398742,0.08910822032018434,0.0
2020-06-01 14:00:00+00:00,0.5,22.06810479457033,1.1443905133972614,ISM Manufacturing,1.2618393178942018,True,11.034052397285166,0.5721952566986307,10.461857140586535,ISM Manufacturing,All · surprise + DTW blend,-1.8393795155406951,14.968167337131357,-0.12288608712823298,0.0
2020-06-03 14:00:00+00:00,0.0,27.304033729826926,1.1174475955610357,ISM Services,0.5213888809543974,True,0.0,0.0,0.0,ISM Services,All · surprise + DTW blend,-3.6219498322026604,11.364695293988339,-0.318701886720939,-1.0
2020-06-04 12:30:00+00:00,0.25,-20.649313291158933,1.1074197120708749,Trade Balance+Unit Labor Costs,0.6726763672315097,True,-5.162328322789733,0.2768549280177187,-5.439183250807452,Trade Balance+Unit Labor Costs,All · surprise + DTW blend,3.036058260118652,30.528630930943798,0.09944953859825091,0.0
2020-06-05 12:30:00+00:00,1.0,81.78248244934849,1.091292240535862,Employment Report (NFP),3.2633592957201203,True,81.78248244934849,1.091292240535862,80.69119020881263,Employment Report (NFP),All · surprise + DTW blend,12.292688318539007,44.32829557080155,0.27731019567185966,1.0
2020-06-09 14:00:00+00:00,-0.5,36.01753314825373,1.0664117084651026,Wholesale Inventories+Wholesale Trade Sales MoM,-2.6127731239913934,True,-18.008766574126867,0.5332058542325513,-18.54197242835942,Wholesale Inventories+Wholesale Trade Sales MoM,All · surprise + DTW blend,1.202590822677264,17.900181780474913,0.06718316257486397,0.0
2020-06-10 12:30:00+00:00,1.0,0.7323861142971566,1.0622321526684004,CPI,1.4295895341461098,True,0.7323861142971566,1.0622321526684004,-0.3298460383712438,CPI,All · surprise + DTW blend,4.652052209322489,23.008499942871758,0.20218841823122577,1.0
2020-06-15 12:30:00+00:00,1.0,-7.609893227957798,1.1628839522014596,Empire Manufacturing,3.281339135974473,True,-7.609893227957798,1.1628839522014596,-8.772777180159258,Empire Manufacturing,All · surprise + DTW blend,1.7468160051099053,7.854762678795928,0.22238940583468758,1.0
2020-06-16 12:30:00+00:00,1.0,74.37492026063808,1.0967400347931322,Retail Sales,5.0,True,74.37492026063808,1.0967400347931322,73.27818022584495,Retail Sales,All · surprise + DTW blend,1.7256119015968605,7.469623782863928,0.23101724420921824,1.0
2020-06-25 12:30:00+00:00,-0.5,6.760653257043003,1.1521652761223675,Wholesale Inventories,-3.617963925854053,True,-3.3803266285215017,0.5760826380611838,-3.9564092665826855,Wholesale Inventories,All · surprise + DTW blend,0.07280350671744518,11.373796337249455,0.006400985612781895,0.0
2020-07-01 14:00:00+00:00,0.5,4.264640380995388,1.12673867433367,ISM Manufacturing,0.0791088164575656,True,2.132320190497694,0.563369337166835,1.568950853330859,ISM Manufacturing,All · surprise + DTW blend,-1.574600179126846,21.6462489937171,-0.07274240352607415,0.0
2020-07-02 12:30:00+00:00,1.0,26.15184937905468,1.123290854863075,Employment Report (NFP)+Trade Balance,0.3781505682994868,True,26.15184937905468,1.123290854863075,25.028558524191606,Employment Report (NFP)+Trade Balance,All · surprise + DTW blend,16.08371724522748,37.781477029379275,0.4257037709965815,1.0
2020-07-06 14:00:00+00:00,0.5,-60.6039214413201,1.110345355693391,ISM Services,3.6364068164642505,True,-30.30196072066005,0.5551726778466956,-30.857133398506743,ISM Services,All · surprise + DTW blend,1.1904511636085542,17.568049794282505,0.06776228309621395,0.0
2020-07-09 14:00:00+00:00,-0.25,-40.6685689405073,1.121596534653465,Wholesale Inventories+Wholesale Trade Sales MoM,0.2330172427357023,True,10.167142235126825,0.2803991336633663,9.886743101463459,Wholesale Inventories+Wholesale Trade Sales MoM,All · surprise + DTW blend,-3.6509853097814315,18.574984564341282,-0.19655388122315273,-1.0
2020-07-14 12:30:00+00:00,-0.5,-36.54201585257866,1.111579592931887,CPI,-0.7819599103905879,True,18.27100792628933,0.5557897964659435,17.715218129823384,CPI,All · surprise + DTW blend,4.9613570242615515,47.743607588703675,0.10391667649001514,0.0
2020-07-15 12:30:00+00:00,0.0,8.137599857231947,1.073358501739581,Empire Manufacturing,0.7707516561158496,True,0.0,0.0,0.0,Empire Manufacturing,All · surprise + DTW blend,-4.932912394803924,17.490128910656885,-0.28203979627607306,-1.0
2020-07-16 12:30:00+00:00,0.5,-8.278769194145497,1.0905945620698732,Retail Sales,1.875026811510453,True,-4.139384597072748,0.5452972810349366,-4.684681878107685,Retail Sales,All · surprise + DTW blend,-0.5827778838342011,6.310248038149287,-0.09235419595409791,0.0
2020-07-29 12:30:00+00:00,0.0,-5.693139920346368,1.1005692599620494,Wholesale Inventories,-3.276677785167689,True,-0.0,0.0,-0.0,Wholesale Inventories,All · surprise + DTW blend,2.8877831478489195,12.328855104111366,0.2342296282552559,1.0
2020-08-03 14:00:00+00:00,-0.5,0.7547454624479144,1.0962425342103272,ISM Manufacturing,-0.296357751754649,True,-0.3773727312239572,0.5481212671051636,-0.9254939983291208,ISM Manufacturing,All · surprise + DTW blend,-2.275148343936085,13.896853367465681,-0.16371679860007013,0.0
2020-08-05 12:30:00+00:00,0.5,3.7173339709006825,1.078227245687091,Trade Balance,0.1639483699770445,True,1.8586669854503413,0.5391136228435455,1.3195533626067957,Trade Balance,All · surprise + DTW blend,0.14862982716689585,16.243814677197435,0.00914993368987014,0.0
2020-08-05 14:00:00+00:00,0.5,5.926584608779706,1.0744720266765468,ISM Services,1.5559721000234692,True,2.963292304389853,0.5372360133382734,2.4260562910515793,ISM Services,All · surprise + DTW blend,-6.126611227774291,38.3359290324801,-0.1598138191090536,0.0
2020-08-07 12:30:00+00:00,0.0,-11.017261488994734,1.0671180453341182,Employment Report (NFP),-0.5492246572325834,True,-0.0,0.0,-0.0,Employment Report (NFP),All · surprise + DTW blend,3.1556881150764617,16.04315704373872,0.19669994543300037,1.0
2020-08-07 14:00:00+00:00,0.5,-10.296389818975626,1.065902157532988,Wholesale Inventories+Wholesale Trade Sales MoM,1.6243182274460457,True,-5.148194909487813,0.532951078766494,-5.681145988254308,Wholesale Inventories+Wholesale Trade Sales MoM,All · surprise + DTW blend,1.0551259576916363,14.702784915693071,0.07176368040080922,0.0
2020-08-12 12:30:00+00:00,-1.0,20.44440374231016,1.0410683515221135,CPI,-3.996133963581365,True,-20.44440374231016,1.0410683515221135,-21.485472093832275,CPI,All · surprise + DTW blend,-2.2052976699465217,8.094456320483586,-0.2724454345829086,-1.0
2020-08-14 12:30:00+00:00,-0.25,-4.328223692464661,1.0451957038852446,Retail Sales+Unit Labor Costs,0.0802428632380274,True,1.0820559231161653,0.26129892597131116,0.8207569971448541,Retail Sales+Unit Labor Costs,All · surprise + DTW blend,-2.1228151136272944,9.139655735912871,-0.23226423127580384,-1.0
2020-08-17 12:30:00+00:00,0.0,13.274735109298774,1.0409936104530118,Empire Manufacturing,-1.2104555527416634,True,0.0,0.0,0.0,Empire Manufacturing,All · surprise + DTW blend,2.076081852341949,15.175515546301444,0.1368047000451282,1.0
2020-08-28 12:30:00+00:00,0.0,-15.386770415766192,1.0131358300726665,Wholesale Inventories,1.5885314771201302,True,-0.0,0.0,-0.0,Wholesale Inventories,All · surprise + DTW blend,-2.0211891552384667,9.794494865507893,-0.2063597135934236,-1.0
2020-09-01 14:00:00+00:00,1.0,17.567904451585292,1.0209110751249737,ISM Manufacturing,0.3668217735328734,True,17.567904451585292,1.0209110751249737,16.546993376460318,ISM Manufacturing,All · surprise + DTW blend,2.4302966903329795,9.989183180248187,0.24329283450707503,1.0
2020-09-03 12:30:00+00:00,0.0,-2.7520726720808852,0.9979009669316266,Trade Balance+Unit Labor Costs,2.3148351627159673,True,-0.0,0.0,-0.0,Trade Balance+Unit Labor Costs,All · surprise + DTW blend,-2.839654798825057,8.195899279318343,-0.3464726324774006,-1.0
2020-09-03 14:00:00+00:00,0.0,-81.72882018710581,0.9949907362931448,ISM Services,-0.0500250029462718,True,-0.0,0.0,-0.0,ISM Services,All · surprise + DTW blend,7.37775733060197,14.121147195990378,0.5224616122333774,1.0
2020-09-04 12:30:00+00:00,-0.5,31.28902691535984,1.0207314068494595,Employment Report (NFP),-0.5016270518172774,True,-15.64451345767992,0.5103657034247298,-16.15487916110465,Employment Report (NFP),All · surprise + DTW blend,-0.6575290405303729,6.503353234638072,-0.10110615505678679,0.0
2020-09-10 14:00:00+00:00,-1.0,-28.160497694305064,1.03291067103576,Wholesale Inventories,-0.4221794026410042,True,28.160497694305064,1.03291067103576,27.127587023269303,Wholesale Inventories,All · surprise + DTW blend,-10.599804209992634,31.103215651804785,-0.3407944801803017,-1.0
2020-09-11 12:30:00+00:00,-1.0,-12.660747951773743,1.0484075051516577,CPI,-1.3558031003421431,True,12.660747951773743,1.0484075051516577,11.612340446622085,CPI,All · surprise + DTW blend,-1.427661703258727,5.7869057064267295,-0.2467055410412541,-1.0
2020-09-15 12:30:00+00:00,0.5,16.314953078016003,1.0296101682880068,Empire Manufacturing,1.0813133915123598,True,8.157476539008002,0.5148050841440034,7.642671454863998,Empire Manufacturing,All · surprise + DTW blend,0.8726346338951251,10.074800833033224,0.08661557169784771,0.0
2020-09-16 12:30:00+00:00,-0.5,-8.171241239818272,1.0296832836244851,Retail Sales,-0.2807807688610645,True,4.085620619909136,0.5148416418122426,3.5707789780968935,Retail Sales,All · surprise + DTW blend,0.49393379550420763,12.287306296460864,0.040198704548162545,0.0
2020-09-29 12:30:00+00:00,0.5,0.7282260416907604,1.0562739027499546,Wholesale Inventories,1.163368098143154,True,0.3641130208453802,0.5281369513749773,-0.16402393052959707,Wholesale Inventories,All · surprise + DTW blend,-0.12099024545524026,11.948795144204864,-0.010125727656643291,0.0
2020-10-01 14:00:00+00:00,0.5,5.052510122283138,1.0454217736121123,ISM Manufacturing,0.296926032243375,True,2.526255061141569,0.5227108868060562,2.003544174335513,ISM Manufacturing,All · surprise + DTW blend,1.5817280892688226,23.737010471021218,0.06663552224488585,0.0
2020-10-02 12:30:00+00:00,0.5,-17.22463915134753,1.0603678379465429,Employment Report (NFP),0.1309679333818734,True,-8.612319575673766,0.5301839189732714,-9.142503494647038,Employment Report (NFP),All · surprise + DTW blend,-0.26924329215854614,11.816254999983313,-0.022785839689387744,0.0
2020-10-05 14:00:00+00:00,0.5,28.033370860249818,1.0444052292289407,ISM Services,0.8033496541843892,True,14.016685430124909,0.5222026146144704,13.49448281551044,ISM Services,All · surprise + DTW blend,-1.5289103850395613,17.881418074008135,-0.08550274808808017,0.0
2020-10-06 12:30:00+00:00,1.0,7.82055423599104,1.0312211080293008,Trade Balance,0.2935368519307854,True,7.82055423599104,1.0312211080293008,6.789333127961739,Trade Balance,All · surprise + DTW blend,3.9672129324078753,6.22698171670366,0.6371004626151328,1.0
2020-10-09 14:00:00+00:00,0.0,-15.867701984131344,1.021486438886932,Wholesale Inventories,-0.2114658581555675,True,-0.0,0.0,-0.0,Wholesale Inventories,All · surprise + DTW blend,2.5082213996365,14.327469207650331,0.17506381366342103,1.0
2020-10-13 12:30:00+00:00,1.0,-1.7446830827339,1.011969152388596,CPI,0.0984578301877035,True,-1.7446830827339,1.011969152388596,-2.756652235122496,CPI,All · surprise + DTW blend,14.813792991362712,39.03600399210535,0.37949050815648694,1.0
2020-10-15 12:30:00+00:00,-1.0,-2.493543516344232,1.0315512396400242,Empire Manufacturing,-0.3739885898393377,True,2.493543516344232,1.0315512396400242,1.461992276704208,Empire Manufacturing,All · surprise + DTW blend,-3.8570219830635084,15.28102483311657,-0.25240597572387213,-1.0
2020-10-16 12:30:00+00:00,1.0,9.473518716980324,1.018830803822372,Retail Sales,0.9863107475674128,True,9.473518716980324,1.018830803822372,8.454687913157953,Retail Sales,All · surprise + DTW blend,9.08030229181644,21.23575840541206,0.4275949141285329,1.0
2020-10-28 12:30:00+00:00,-1.0,-47.00273509602226,1.0791500762847468,Wholesale Inventories,-1.0600125233618949,True,47.00273509602226,1.0791500762847468,45.923585019737516,Wholesale Inventories,All · surprise + DTW blend,-3.7728514310962864,17.868268214583335,-0.21114813062952809,-1.0
2020-11-02 15:00:00+00:00,0.0,25.31458428769895,1.0835450605290688,ISM Manufacturing,0.713259446371875,True,0.0,0.0,0.0,ISM Manufacturing,All · surprise + DTW blend,-18.05675360322688,56.17762028541533,-0.3214225435589468,-1.0
2020-11-04 13:30:00+00:00,0.5,-20.70506923963933,1.0512197774313987,Trade Balance,0.0,True,-10.352534619819664,0.5256098887156994,-10.878144508535364,Trade Balance,All · surprise + DTW blend,2.709082056321319,13.107213595993947,0.20668634385795892,1.0
2020-11-04 15:00:00+00:00,-1.0,48.52546320373463,1.044819138204352,ISM Services,-0.4530035691642165,True,-48.52546320373463,1.044819138204352,-49.570282341938984,ISM Services,All · surprise + DTW blend,-6.399626513282229,25.02817659530739,-0.2556968738378694,-1.0
2020-11-05 13:30:00+00:00,-0.5,1.423639536888288,1.0323591185789045,Unit Labor Costs,-1.2880771122265486,True,-0.711819768444144,0.5161795592894522,-1.2279993277335963,Unit Labor Costs,All · surprise + DTW blend,0.12172614617118518,30.19276945411256,0.004031632353440994,0.0
2020-11-06 13:30:00+00:00,1.0,48.160438708304554,1.031844867461306,Employment Report (NFP),0.0114085489231468,True,48.160438708304554,1.031844867461306,47.128593840843244,Employment Report (NFP),All · surprise + DTW blend,6.473668993562155,21.79877326980321,0.2969740046119851,1.0
2020-11-06 15:00:00+00:00,-0.5,21.99284345726582,1.0307079897640037,Wholesale Inventories+Wholesale Trade Sales MoM,0.2877853761355006,True,-10.99642172863291,0.5153539948820018,-11.511775723514912,Wholesale Inventories+Wholesale Trade Sales MoM,All · surprise + DTW blend,-5.193648721844453,12.461072461256228,-0.4167898660402196,-1.0
2020-11-12 13:30:00+00:00,0.0,23.371723991569837,0.9975233902036325,CPI,1.133771684728648,True,0.0,0.0,0.0,CPI,All · surprise + DTW blend,-4.4214824916428315,15.57302308334679,-0.2839193435968768,-1.0
2020-11-16 13:30:00+00:00,-0.5,-12.719241238130508,0.9699645461234864,Empire Manufacturing,-0.7721790076701166,True,6.359620619065254,0.4849822730617432,5.87463834600351,Empire Manufacturing,All · surprise + DTW blend,1.0862551638623563,13.857165866727094,0.07838941774310432,0.0
2020-11-17 13:30:00+00:00,-0.5,-7.763058359664399,0.9781435509983808,Retail Sales,-0.3132798024650201,True,3.8815291798321994,0.4890717754991904,3.392457404333009,Retail Sales,All · surprise + DTW blend,-1.1797296121469785,12.863325787362855,-0.09171264349892812,0.0
2020-11-25 13:30:00+00:00,0.5,-3.673707981537433,0.9686038744154976,Wholesale Inventories,1.059192869154276,True,-1.8368539907687165,0.4843019372077488,-2.321155927976465,Wholesale Inventories,All · surprise + DTW blend,-0.013423886166124332,8.568324174878173,-0.0015666874749536654,0.0
2020-12-01 15:00:00+00:00,1.0,21.67570669428187,0.9679895857672152,ISM Manufacturing,0.0854166451469887,True,21.67570669428187,0.9679895857672152,20.707717108514657,ISM Manufacturing,All · surprise + DTW blend,6.1403830194293905,13.455823375167984,0.45633647590537973,1.0
2020-12-03 15:00:00+00:00,0.5,6.005805792614893,0.9686362269948896,ISM Services,0.0504448970387398,True,3.0029028963074467,0.4843181134974448,2.518584782810002,ISM Services,All · surprise + DTW blend,-6.32437596143694,36.96228866472239,-0.17110347302365672,0.0
2020-12-04 13:30:00+00:00,-1.0,-2.663027211902147,0.9647692870687647,Employment Report (NFP)+Trade Balance,-0.381605804821828,True,2.663027211902147,0.9647692870687647,1.6982579248333822,Employment Report (NFP)+Trade Balance,All · surprise + DTW blend,-3.3029127223503094,14.102694893649875,-0.23420436641776432,-1.0
2020-12-08 13:30:00+00:00,-0.5,-5.338494004210048,0.967117988394584,Unit Labor Costs,-1.1480377362460092,True,2.669247002105024,0.483558994197292,2.185688007907732,Unit Labor Costs,All · surprise + DTW blend,1.2293445409832895,11.062213925155422,0.11113006395471758,0.0
2020-12-09 15:00:00+00:00,1.0,-10.597782081482876,0.9596293845135672,Wholesale Inventories,0.423818775781096,True,-10.597782081482876,0.9596293845135672,-11.557411465996443,Wholesale Inventories,All · surprise + DTW blend,3.985462613983668,20.332142353001636,0.19601783937909986,1.0
2020-12-10 13:30:00+00:00,0.0,-34.00116612777282,0.9650261222588268,CPI,-1.0027173158855538,True,-0.0,0.0,-0.0,CPI,All · surprise + DTW blend,2.322491115577132,7.360834828366964,0.3155200693577291,1.0
2020-12-15 13:30:00+00:00,-1.0,-1.9980020046617144,0.9656366542354822,Empire Manufacturing,-0.145120139788289,True,1.9980020046617144,0.9656366542354822,1.0323653504262322,Empire Manufacturing,All · surprise + DTW blend,-4.625976390432574,22.370625107834233,-0.20678798058318668,-1.0
2020-12-16 13:30:00+00:00,0.0,-8.270614978105328,0.9584558945037512,Retail Sales,-0.7689728679940302,True,-0.0,0.0,-0.0,Retail Sales,All · surprise + DTW blend,6.2261775205519605,11.787975592669735,0.5281803878541844,1.0
2020-12-30 13:30:00+00:00,0.0,-10.232205932929617,0.9567483751773284,Wholesale Inventories,-1.4871310221860072,True,-0.0,0.0,-0.0,Wholesale Inventories,All · surprise + DTW blend,2.4632782479280446,12.627934666899279,0.1950658055259712,1.0
2021-01-04 15:00:00+00:00,-0.5,-51.78197226628711,0.954072904329517,ISM Manufacturing,-0.0900778194989784,True,25.890986133143556,0.4770364521647585,25.4139496809788,ISM Manufacturing,All · surprise + DTW blend,-1.327579047368897,17.007713408067126,-0.07805746813320583,0.0
2021-01-05 15:00:00+00:00,0.5,-30.469653301086197,0.9603603006921216,ISM Manufacturing,2.4155231030244364,True,-15.234826650543098,0.4801801503460608,-15.71500680088916,ISM Manufacturing,All · surprise + DTW blend,0.8107480757117018,23.430526334065394,0.0346022135462217,0.0
2021-01-07 13:30:00+00:00,0.0,-8.758982571634988,0.9405812143227814,Trade Balance,0.2635492959073827,True,-0.0,0.0,-0.0,Trade Balance,All · surprise + DTW blend,-2.393271876416568,12.858238540937188,-0.18612750640743142,-1.0
2021-01-07 15:00:00+00:00,1.0,36.83364422879976,0.9385113268608416,ISM Services,1.367125704490848,True,36.83364422879976,0.9385113268608416,35.89513290193892,ISM Services,All · surprise + DTW blend,5.277274322265712,26.278119999045128,0.20082389160478273,1.0
2021-01-08 13:30:00+00:00,-1.0,1.936295872049243,0.9349711448560466,Employment Report (NFP),-0.5060290613892353,True,-1.936295872049243,0.9349711448560466,-2.8712670169052896,Employment Report (NFP),All · surprise + DTW blend,-5.726316072653535,20.412832070441326,-0.2805253113773219,-1.0
2021-01-12 15:00:00+00:00,-1.0,16.81868563867539,0.9382987672695506,JOLTS,-0.3181384779314583,True,-16.81868563867539,0.9382987672695506,-17.75698440594494,JOLTS,All · surprise + DTW blend,-11.072129344169053,48.82040963342479,-0.22679304469802203,-1.0
2021-01-13 13:30:00+00:00,0.0,0.9697596619773208,0.9378436064937584,CPI,-0.1379258705550614,True,0.0,0.0,0.0,CPI,All · surprise + DTW blend,9.583097469695428,21.02597992916771,0.4557741185894285,1.0
2021-01-15 13:30:00+00:00,0.0,-13.008131915572818,0.9425377015080604,PPI+Retail Sales,-0.6955791139535827,True,-0.0,0.0,-0.0,PPI+Retail Sales,All · surprise + DTW blend,1.5856516446400823,8.603665172756918,0.18429955289996294,1.0
2021-01-28 13:30:00+00:00,0.0,60.74430219529248,0.9603284985760646,GDP,0.92389157098814,True,0.0,0.0,0.0,GDP,All · surprise + DTW blend,-4.379106523187522,15.142883452184927,-0.28918577739932827,-1.0
2021-02-01 15:00:00+00:00,1.0,-11.348465837457413,0.9666988899629988,ISM Manufacturing,0.2335430042915381,True,-11.348465837457413,0.9666988899629988,-12.315164727420411,ISM Manufacturing,All · surprise + DTW blend,2.8078731008872215,16.059942216811336,0.17483706124097861,1.0
2021-02-03 15:00:00+00:00,0.0,-39.663730231946914,0.9485183489239224,ISM Services,1.0113251796339238,True,-0.0,0.0,-0.0,ISM Services,All · surprise + DTW blend,-6.970475600027405,17.96953785466161,-0.38790511232981667,-1.0
2021-02-05 13:30:00+00:00,1.0,0.3217762046858752,0.932745810684764,Employment Report (NFP)+Trade Balance,0.3206940650826022,True,0.3217762046858752,0.932745810684764,-0.6109696059988888,Employment Report (NFP)+Trade Balance,All · surprise + DTW blend,2.2796913565099137,8.73641225206464,0.2609413670893522,1.0
2021-02-09 15:00:00+00:00,-0.5,5.446535977657874,0.9298149988778096,JOLTS,-1.0211883847669092,True,-2.723267988828937,0.4649074994389048,-3.1881754882678415,JOLTS,All · surprise + DTW blend,-1.0660951043733544,20.517186773060644,-0.051961076153634884,0.0
2021-02-10 13:30:00+00:00,0.5,13.697977708488908,0.9247448979591836,CPI,1.288137979686124,True,6.848988854244454,0.4623724489795918,6.386616405264863,CPI,All · surprise + DTW blend,-0.4055186893696969,8.670024850993006,-0.0467724944667548,0.0
2021-02-17 13:30:00+00:00,0.5,-17.81624294121542,0.9218640727318964,PPI+Retail Sales,1.021989622888536,True,-8.90812147060771,0.4609320363659482,-9.369053506973659,PPI+Retail Sales,All · surprise + DTW blend,7.222899488185326,26.405792040663396,0.2735346653136735,1.0
2021-02-25 13:30:00+00:00,0.0,10.342072783533496,0.9093759799310128,GDP,0.0338883419510687,True,0.0,0.0,0.0,GDP,All · surprise + DTW blend,-7.91380390086264,14.168031409481202,-0.5585676423308003,-1.0
2021-03-01 15:00:00+00:00,1.0,30.80687809568161,0.9221278895990332,ISM Manufacturing,1.0794239590770696,True,30.80687809568161,0.9221278895990332,29.88475020608258,ISM Manufacturing,All · surprise + DTW blend,7.302954508258387,9.68689395184293,0.7539005324683049,1.0
2021-03-03 15:00:00+00:00,-0.5,8.606263978485629,0.9245974812689304,ISM Services,-1.7215708290436416,True,-4.303131989242814,0.4622987406344652,-4.76543072987728,ISM Services,All · surprise + DTW blend,3.611452250696459,42.16154850585032,0.08565748599568954,0.0
2021-03-05 13:30:00+00:00,0.0,69.36742393667927,0.9363900548918308,Employment Report (NFP)+Trade Balance,-0.0324545327698142,True,0.0,0.0,0.0,Employment Report (NFP)+Trade Balance,All · surprise + DTW blend,1.9880935648684583,14.360705973487947,0.1384398210323909,0.0
2021-03-10 13:30:00+00:00,1.0,12.19645828482996,0.9085782317187794,CPI,0.4696093137644077,True,12.19645828482996,0.9085782317187794,11.28788005311118,CPI,All · surprise + DTW blend,4.622292982286412,24.646380117636653,0.18754449782176144,1.0
2021-03-11 15:00:00+00:00,-0.5,-0.9230059232834265,0.892472456453499,JOLTS,-0.9024757408176772,True,0.4615029616417132,0.4462362282267495,0.015266733414963707,JOLTS,All · surprise + DTW blend,-4.013761436847521,25.570401539512453,-0.15696904214215368,0.0
2021-03-12 13:30:00+00:00,0.0,-12.90917652763568,0.890937019969278,PPI,-0.069215660612978,True,-0.0,0.0,-0.0,PPI,All · surprise + DTW blend,7.568691791653922,22.124482210756828,0.34209577062888535,1.0
2021-03-16 12:30:00+00:00,0.0,-7.891222941971421,0.8802015357999211,Retail Sales,-2.326259970568737,True,-0.0,0.0,-0.0,Retail Sales,All · surprise + DTW blend,4.705448602414546,23.48587756355874,0.20035225806148435,1.0
2021-03-25 12:30:00+00:00,0.0,-12.11688278365486,0.9010408575423332,GDP,-0.2023839788957458,True,-0.0,0.0,-0.0,GDP,All · surprise + DTW blend,5.117135254229614,11.61574009128607,0.44053458617487495,1.0
2021-04-01 14:00:00+00:00,1.0,7.899854567376963,0.8820487864225318,ISM Manufacturing,0.7017066736259269,True,7.899854567376963,0.8820487864225318,7.017805780954431,ISM Manufacturing,All · surprise + DTW blend,11.600964905397701,44.71454643331591,0.2594449867158678,1.0
2021-04-02 12:30:00+00:00,0.5,,,Employment Report (NFP),0.5004287026007675,False,0.0,0.0,0.0,Employment Report (NFP),All · surprise + DTW blend,-1.368426339628515e-09,0.00037025053597584273,-3.695946951222777e-06,0.0
2021-04-05 14:00:00+00:00,0.5,18.29716904429901,0.8701392222755641,ISM Services,2.356061001276855,True,9.148584522149505,0.43506961113778203,8.713514911011723,ISM Services,All · surprise + DTW blend,1.5179218768347091,23.29551240109272,0.06515941142224063,0.0
2021-04-06 14:00:00+00:00,0.0,0.0,0.868367469157983,JOLTS,-1.9473912117295336,True,0.0,0.0,0.0,JOLTS,All · surprise + DTW blend,3.965816950079692,20.12217079646069,0.19708693411832304,1.0
2021-04-07 12:30:00+00:00,0.0,-6.611769189603933,0.8712633318311551,Trade Balance,0.1997691979585386,True,-0.0,0.0,-0.0,Trade Balance,All · surprise + DTW blend,-4.144756783990569,12.365108235966249,-0.3351977762665079,-1.0
2021-04-09 12:30:00+00:00,-0.5,-9.867979210813616,0.8666547128085589,PPI,-1.0604732421740208,True,4.933989605406808,0.43332735640427944,4.500662249002528,PPI,All · surprise + DTW blend,0.08750173913559967,11.573631638332754,0.007560439270054804,0.0
2021-04-13 12:30:00+00:00,0.0,15.799910872313916,0.86536166149439,CPI,-0.9993076866861766,True,0.0,0.0,0.0,CPI,All · surprise + DTW blend,5.034763964036931,25.628532470185696,0.19645151238737513,1.0
2021-04-15 12:30:00+00:00,1.0,-6.214396885653173,0.8581658923445683,Retail Sales,1.9770806014857172,True,-6.214396885653173,0.8581658923445683,-7.072562777997741,Retail Sales,All · surprise + DTW blend,1.853655942265877,9.21691408439059,0.20111459489517833,1.0
2021-04-29 12:30:00+00:00,0.0,2.0654146393361827,0.8559874848726349,GDP,-1.23637120910591,True,0.0,0.0,0.0,GDP,All · surprise + DTW blend,9.399590392759643,19.99116039200876,0.4701873332233893,1.0
2021-05-03 14:00:00+00:00,0.0,-5.873025364078188,0.8506643982282714,ISM Manufacturing,-0.9598333764214058,True,-0.0,0.0,-0.0,ISM Manufacturing,All · surprise + DTW blend,6.24355843053097,14.14458269610593,0.44140987151567584,1.0
2021-05-04 12:30:00+00:00,-0.5,-1.4763416281304842,0.8566702115089212,Trade Balance,0.0,True,0.7381708140652421,0.4283351057544606,0.3098357083107815,Trade Balance,All · surprise + DTW blend,-10.277182106550283,19.825200462016923,-0.518389820382413,-1.0
2021-05-05 14:00:00+00:00,-0.5,-20.578558532111657,0.8515886533153227,ISM Services,-0.6925628326738643,True,10.289279266055829,0.42579432665766137,9.863484939398168,ISM Services,All · surprise + DTW blend,-2.088343820882731,16.03998129312998,-0.1301961506511969,0.0
2021-05-07 12:30:00+00:00,0.0,-25.24191495906436,0.8392660762863923,Employment Report (NFP),-0.7089676985876704,True,-0.0,0.0,-0.0,Employment Report (NFP),All · surprise + DTW blend,3.7803908813852587,13.495319746165729,0.28012606981463617,1.0
2021-05-11 14:00:00+00:00,-0.5,-72.9440400623993,0.8433174363149936,JOLTS,-2.576269168488608,True,36.47202003119965,0.4216587181574968,36.05036131304215,JOLTS,All · surprise + DTW blend,-8.856298254666035,50.34059001365342,-0.1759275815453101,0.0
2021-05-12 12:30:00+00:00,-0.5,34.09261200770786,0.8511387649683024,CPI,-5.0,True,-17.04630600385393,0.4255693824841512,-17.47187538633808,CPI,All · surprise + DTW blend,-4.195190509416321,27.239836426577636,-0.1540093869771962,0.0
2021-05-13 12:30:00+00:00,0.0,11.347688379874654,0.8660335662664993,PPI,-0.8302527767355794,True,0.0,0.0,0.0,PPI,All · surprise + DTW blend,2.0634246031751853,11.738183258688387,0.1757873904079557,1.0
2021-05-14 12:30:00+00:00,-1.0,0.2934659799791461,0.8506643982282714,Retail Sales,-0.9672108239926273,True,-0.2934659799791461,0.8506643982282714,-1.1441303782074175,Retail Sales,All · surprise + DTW blend,-11.030035980246758,31.59580034232772,-0.3490981668684059,-1.0
2021-05-27 12:30:00+00:00,0.5,18.894530569202317,0.8439800937108931,GDP,0.1407265703459278,True,9.447265284601158,0.42199004685544655,9.025275237745712,GDP,All · surprise + DTW blend,1.5064217640659656,16.44468476223669,0.09160539018207806,0.0
2021-06-01 14:00:00+00:00,-1.0,-16.745586543880364,0.8366510876464139,ISM Manufacturing,-0.16436168117448,True,16.745586543880364,0.8366510876464139,15.90893545623395,ISM Manufacturing,All · surprise + DTW blend,-13.493457789706694,22.329616915931098,-0.6042852342925672,-1.0
2021-06-03 14:00:00+00:00,0.5,11.618113944447115,0.8431458060764645,ISM Services,0.4207804931419375,True,5.809056972223558,0.42157290303823225,5.387484069185326,ISM Services,All · surprise + DTW blend,9.31212884430468,85.83316090127852,0.10849103943655386,0.0
2021-06-04 12:30:00+00:00,0.0,15.593419272867948,0.8395819460930488,Employment Report (NFP),-0.2310781870635939,True,0.0,0.0,0.0,Employment Report (NFP),All · surprise + DTW blend,9.679051930816978,23.6773423372905,0.40878962651027806,1.0
2021-06-08 12:30:00+00:00,0.5,-3.46600430944477,0.837472565553887,Trade Balance,0.0838456269548831,True,-1.733002154722385,0.4187362827769435,-2.1517384374993287,Trade Balance,All · surprise + DTW blend,-0.09706470560402125,8.3525892340151,-0.01162091213688981,0.0
2021-06-08 14:00:00+00:00,0.0,5.500789067642842,0.8397278123642682,JOLTS,-4.405984045331288,True,0.0,0.0,0.0,JOLTS,All · surprise + DTW blend,15.054237835503743,62.5560773502907,0.24065188344859967,1.0
2021-06-10 12:30:00+00:00,-0.5,42.891157158262416,0.8407990490272825,CPI,-2.161322880787721,True,-21.445578579131208,0.42039952451364127,-21.86597810364485,CPI,All · surprise + DTW blend,-2.1694832475959984,22.669983827026943,-0.09569849119210931,0.0
2021-06-15 12:30:00+00:00,-0.5,3.4907060307354243,0.8435872821944905,PPI+Retail Sales,-0.6834304107887602,True,-1.7453530153677121,0.42179364109724526,-2.1671466564649573,PPI+Retail Sales,All · surprise + DTW blend,-0.4196872841214361,11.901578275667072,-0.03526316211182613,0.0
2021-06-24 12:30:00+00:00,0.0,-7.369957440452879,0.8547512379155859,GDP,0.0,True,-0.0,0.0,-0.0,GDP,All · surprise + DTW blend,-1.1307250883950792,15.309274640692054,-0.0738588283856122,0.0
2021-07-01 14:00:00+00:00,0.5,0.0,0.8411648683141896,ISM Manufacturing,0.1067633581298379,True,0.0,0.4205824341570948,-0.4205824341570948,ISM Manufacturing,All · surprise + DTW blend,-0.5233276165555963,22.9926123056704,-0.022760685458369345,0.0
2021-07-02 12:30:00+00:00,0.0,9.834548981935145,0.8402874362540566,Employment Report (NFP)+Trade Balance,-0.1780729192107524,True,0.0,0.0,0.0,Employment Report (NFP)+Trade Balance,All · surprise + DTW blend,29.982251470659655,50.92986053664207,0.5886969089398661,1.0
2021-07-06 14:00:00+00:00,-1.0,-28.128598053260845,0.8394847300622377,ISM Services,-1.689007885678819,True,28.128598053260845,0.8394847300622377,27.289113323198606,ISM Services,All · surprise + DTW blend,-4.814622165155649,23.199053897049453,-0.2075352808145332,-1.0
2021-07-07 14:00:00+00:00,1.0,-27.88024923319199,0.8412380703739158,JOLTS,0.4402456017540864,True,-27.88024923319199,0.8412380703739158,-28.721487303565905,JOLTS,All · surprise + DTW blend,7.490969534274236,23.095267342153363,0.3243508474397158,1.0
2021-07-13 12:30:00+00:00,-1.0,-11.2154382181906,0.8323287985764307,CPI,-4.096583947692579,True,11.2154382181906,0.8323287985764307,10.38310941961417,CPI,All · surprise + DTW blend,-6.964296570664102,33.2405828656041,-0.20951186682922013,-1.0
2021-07-14 12:30:00+00:00,0.0,13.487339730176018,0.8336687173000632,PPI,-0.6879992737588922,True,0.0,0.0,0.0,PPI,All · surprise + DTW blend,16.48603858518577,30.395289528372384,0.5423879436909765,1.0
2021-07-16 12:30:00+00:00,0.5,1.1452457996341536,0.8306361527224816,Retail Sales,0.6405548929336561,True,0.5726228998170768,0.4153180763612408,0.15730482345583602,Retail Sales,All · surprise + DTW blend,-1.4079278377906108,12.705386967448122,-0.11081345585126977,0.0
2021-07-29 12:30:00+00:00,0.5,8.294839083777816,0.8294719981694411,GDP,0.1221303058056106,True,4.147419541888908,0.41473599908472053,3.7326835428041876,GDP,All · surprise + DTW blend,0.8658745773040406,25.25280929520494,0.03428824758394128,0.0
2021-08-02 14:00:00+00:00,-1.0,3.142902067327924,0.8284057474219442,ISM Manufacturing,-0.6086009376906233,True,-3.142902067327924,0.8284057474219442,-3.971307814749868,ISM Manufacturing,All · surprise + DTW blend,-4.886174098974365,24.685328533679485,-0.1979383864512033,-1.0
2021-08-04 14:00:00+00:00,0.5,-10.6222646892995,0.8324243642000114,ISM Services,1.796580882777009,True,-5.31113234464975,0.4162121821000057,-5.727344526749756,ISM Services,All · surprise + DTW blend,1.7518154780300024,15.748896302998439,0.11123417440347699,0.0
2021-08-05 12:30:00+00:00,1.0,-5.755064615566852,0.83422029168944,Trade Balance,0.5236379038162516,True,-5.755064615566852,0.83422029168944,-6.589284907256292,Trade Balance,All · surprise + DTW blend,1.8918710272327313,10.160745432736444,0.1861941173270022,1.0
2021-08-06 12:30:00+00:00,1.0,0.2854573740940225,0.8297805373544307,Employment Report (NFP),0.1588482546896125,True,0.2854573740940225,0.8297805373544307,-0.5443231632604082,Employment Report (NFP),All · surprise + DTW blend,12.14698355455258,22.420246005035956,0.541786363620817,1.0
2021-08-09 14:00:00+00:00,0.0,-6.862829470684062,0.8289977702818592,JOLTS,-3.053810074860797,True,-0.0,0.0,-0.0,JOLTS,All · surprise + DTW blend,8.619062577943334,31.44132980842758,0.2741316169023191,1.0
2021-08-11 12:30:00+00:00,1.0,6.817988389435925,0.8247305406250889,CPI,0.1684786406014942,True,6.817988389435925,0.8247305406250889,5.993257848810837,CPI,All · surprise + DTW blend,21.388039989164213,41.61722356209703,0.5139227982676724,1.0
2021-08-12 12:30:00+00:00,-0.5,0.565019634581887,0.8195794709473209,PPI,-0.946188387587959,True,-0.2825098172909435,0.40978973547366043,-0.6922995527646039,PPI,All · surprise + DTW blend,1.1055118287205348,29.678454409698123,0.03724964290456053,0.0
2021-08-17 12:30:00+00:00,0.0,10.469871780838249,0.8209715773978031,Retail Sales,-0.5855245724150736,True,0.0,0.0,0.0,Retail Sales,All · surprise + DTW blend,5.274223170750819,27.469727118403604,0.19200129466219937,1.0
2021-08-26 12:30:00+00:00,0.5,-1.6952504773293242,0.8191396209360788,GDP,0.127742889213022,True,-0.8476252386646621,0.4095698104680394,-1.2571950491327015,GDP,All · surprise + DTW blend,3.1034055792104702,23.591335376870912,0.13154853379995893,0.0
2021-09-01 14:00:00+00:00,0.0,-5.098139289607673,0.821622846781505,ISM Manufacturing,-0.0509947575904686,True,-0.0,0.0,-0.0,ISM Manufacturing,All · surprise + DTW blend,3.997801439578936,19.25207102401441,0.2076556560897894,1.0
2021-09-02 12:30:00+00:00,0.0,11.0255152875105,0.8204141677039719,Trade Balance,-0.2709942544124359,True,0.0,0.0,0.0,Trade Balance,All · surprise + DTW blend,2.5516532378879297,13.285987063503999,0.19205597790300466,1.0
2021-09-03 12:30:00+00:00,0.0,7.05825916172742,0.8176384346453142,Employment Report (NFP),-0.4613882754079159,True,0.0,0.0,0.0,Employment Report (NFP),All · surprise + DTW blend,9.908332663627991,24.391134056514282,0.4062268134261562,1.0
2021-09-03 14:00:00+00:00,1.0,24.63160034169576,0.8218091135796871,ISM Services,0.0489473110129649,True,24.63160034169576,0.8218091135796871,23.809791228116072,ISM Services,All · surprise + DTW blend,10.92832412212319,34.236463666986424,0.31920131204033103,1.0
2021-09-08 14:00:00+00:00,-1.0,-29.063989685358393,0.8259049354939766,JOLTS,-3.2721174906357176,True,29.063989685358393,0.8259049354939766,28.238084749864417,JOLTS,All · surprise + DTW blend,-6.077245660386782,23.809029847845547,-0.2552496132443929,-1.0
2021-09-10 12:30:00+00:00,1.0,1.9978024239897252,0.8281691749721564,PPI,0.1954043895388476,True,1.9978024239897252,0.8281691749721564,1.169633249017569,PPI,All · surprise + DTW blend,9.966071514603577,43.61652261930924,0.22849303236731558,1.0
2021-09-14 12:30:00+00:00,1.0,1.1441974897330454,0.8321377331420373,CPI,1.0799284758122711,True,1.1441974897330454,0.8321377331420373,0.31205975659100804,CPI,All · surprise + DTW blend,5.530399262733377,16.728312308468144,0.330601148564987,1.0
2021-09-16 12:30:00+00:00,0.5,,,Retail Sales,1.5672071054552583,False,0.0,0.0,0.0,Retail Sales,All · surprise + DTW blend,-1.4842553191923024e-09,0.00042943836674866543,-3.456270874048342e-06,0.0
2021-09-30 12:30:00+00:00,0.0,-6.980600033319462,0.8434646035716362,GDP,-0.1032129502898795,True,-0.0,0.0,-0.0,GDP,All · surprise + DTW blend,4.762598587577129,13.79464700627884,0.3452497614045043,1.0
2021-10-01 14:00:00+00:00,1.0,-59.75288440460247,0.8568220764639839,ISM Manufacturing,0.3998980415989841,True,-59.75288440460247,0.8568220764639839,-60.60970648106645,ISM Manufacturing,All · surprise + DTW blend,7.0866133610552975,44.52876911143962,0.159146850507366,1.0
2021-10-05 12:30:00+00:00,0.0,9.404850068683857,0.8525650448331618,Trade Balance,0.8666285064246295,True,0.0,0.0,0.0,Trade Balance,All · surprise + DTW blend,-2.153487944807103,6.487408480836491,-0.3319488746806076,-1.0
2021-10-05 14:00:00+00:00,0.5,56.7452090117726,0.8519388954171562,ISM Services,0.9823803319833486,True,28.3726045058863,0.4259694477085781,27.946635058177723,ISM Services,All · surprise + DTW blend,1.5264228060138711,24.755383444012498,0.06166023683155924,0.0
2021-10-08 12:30:00+00:00,1.0,5.196004966503409,0.8358312197371455,Employment Report (NFP),0.0737649946512602,True,5.196004966503409,0.8358312197371455,4.360173746766264,Employment Report (NFP),All · surprise + DTW blend,2.244180454284255,9.584085764096674,0.2341569670308324,1.0
2021-10-12 14:00:00+00:00,1.0,-10.764107109402232,0.8442503639010189,JOLTS,1.842855664506987,True,-10.764107109402232,0.8442503639010189,-11.60835747330325,JOLTS,All · surprise + DTW blend,5.325812617100968,34.08123410191205,0.15626818562894043,1.0
2021-10-13 12:30:00+00:00,-0.5,-30.34726577654467,0.8456289729981922,CPI,-0.3493036801244267,True,15.173632888272335,0.4228144864990961,14.75081840177324,CPI,All · surprise + DTW blend,-1.2243850621653807,11.949249097789723,-0.10246543963937095,0.0
2021-10-14 12:30:00+00:00,0.0,-0.2894900632632868,0.8397521283372907,PPI,0.3563744558977513,True,-0.0,0.0,-0.0,PPI,All · surprise + DTW blend,-7.880835679207666,19.73832737495927,-0.3992656282115155,-1.0
2021-10-15 12:30:00+00:00,0.5,22.87806991928321,0.8302318923561408,Retail Sales,0.3990036587866098,True,11.439034959641605,0.4151159461780704,11.023919013463534,Retail Sales,All · surprise + DTW blend,-0.15543612971029663,9.267385295825767,-0.016772382365531784,0.0
2021-10-28 12:30:00+00:00,-0.5,0.5640953322583186,0.8180997517490408,GDP,-0.1823536221253097,True,-0.2820476661291593,0.4090498758745204,-0.6910975420036798,GDP,All · surprise + DTW blend,-2.485931048749168,14.666874941219087,-0.16949289188815717,0.0
2021-11-01 14:00:00+00:00,1.0,-14.540169773606948,0.809852271775252,ISM Manufacturing,0.0809631870047498,True,-14.540169773606948,0.809852271775252,-15.3500220453822,ISM Manufacturing,All · surprise + DTW blend,5.369718243835697,17.804325673778838,0.30159627172760056,1.0
2021-11-03 14:00:00+00:00,1.0,0.5578178168441639,0.8091517857142857,ISM Services,2.3118173296113196,True,0.5578178168441639,0.8091517857142857,-0.2513339688701218,ISM Services,All · surprise + DTW blend,6.101221546102137,21.4927095016207,0.2838740060038527,1.0
2021-11-04 12:30:00+00:00,0.5,-4.163486285957418,0.8047061435151784,Trade Balance,0.2381428190482827,True,-2.081743142978709,0.4023530717575892,-2.4840962147362986,Trade Balance,All · surprise + DTW blend,-0.144768143837667,15.854122345255993,-0.009131261932073193,0.0
2021-11-05 12:30:00+00:00,0.0,16.88792084765467,0.8041259982253771,Employment Report (NFP),-0.0215085391508514,True,0.0,0.0,0.0,Employment Report (NFP),All · surprise + DTW blend,3.2308518121663066,19.760701424367625,0.163498842616094,1.0
2021-11-09 13:30:00+00:00,-1.0,1.1032048110770631,0.7999337985821863,PPI,-0.0079645240247039,True,-1.1032048110770631,0.7999337985821863,-1.9031386096592495,PPI,All · surprise + DTW blend,-1.7733742146600266,5.586069847594994,-0.31746366641361073,-1.0
2021-11-10 13:30:00+00:00,0.0,4.980493171764522,0.8020133300146575,CPI,-2.420980080545173,True,0.0,0.0,0.0,CPI,All · surprise + DTW blend,9.436509948434054,20.857582986753673,0.45242586134870155,1.0
2021-11-12 15:00:00+00:00,-1.0,-9.476296035089147,0.8081371046398216,JOLTS,-0.486150746678363,True,9.476296035089147,0.8081371046398216,8.668158930449327,JOLTS,All · surprise + DTW blend,-11.106768946745579,15.199494669995758,-0.7307327768383419,-1.0
2021-11-16 13:30:00+00:00,1.0,0.0,0.8040368193412443,Retail Sales,0.4871289610150603,True,0.0,0.8040368193412443,-0.8040368193412443,Retail Sales,All · surprise + DTW blend,6.792268862661289,23.93879500349117,0.2837347853837557,1.0
2021-11-24 13:30:00+00:00,-0.5,-13.484284426503734,0.8137381446770301,GDP,-0.1272158414158342,True,6.742142213251867,0.40686907233851505,6.335273140913352,GDP,All · surprise + DTW blend,-1.3277083491664792,11.002253487609918,-0.12067603701929475,0.0
2021-12-01 15:00:00+00:00,-0.5,15.23141989755672,0.8347485679744394,ISM Manufacturing,-0.3089423528573359,True,-7.61570994877836,0.4173742839872197,-8.03308423276558,ISM Manufacturing,All · surprise + DTW blend,-2.950997012097245,23.749092353401366,-0.12425725447459472,0.0
2021-12-03 13:30:00+00:00,0.5,25.081094229015832,0.8361927280066895,Employment Report (NFP),0.1810886929354415,True,12.540547114507916,0.41809636400334477,12.122450750504571,Employment Report (NFP),All · surprise + DTW blend,-0.37670191074604104,12.871245300634778,-0.029266935867305943,0.0
2021-12-03 15:00:00+00:00,0.5,13.582443170641056,0.8392660762863923,ISM Services,1.9929575373020203,True,6.791221585320528,0.41963303814319614,6.371588547177332,ISM Services,All · surprise + DTW blend,2.158034769028669,22.545095147573896,0.09572080999892775,0.0
2021-12-07 13:30:00+00:00,1.0,-9.563726081260882,0.8152021139034126,Trade Balance,0.1024063908340238,True,-9.563726081260882,0.8152021139034126,-10.378928195164294,Trade Balance,All · surprise + DTW blend,2.1804929491295777,4.938138752656108,0.44156170135088696,1.0
2021-12-08 15:00:00+00:00,0.0,-19.891026183156413,0.811801920331439,JOLTS,-1.9952001245085245,True,-0.0,0.0,-0.0,JOLTS,All · surprise + DTW blend,9.128676854509301,20.242215092392062,0.4509722287231435,1.0
2021-12-10 13:30:00+00:00,1.0,13.63971874257075,0.8089712117830842,CPI,0.1033839697781252,True,13.63971874257075,0.8089712117830842,12.830747530787665,CPI,All · surprise + DTW blend,6.29090331209453,19.338569203947394,0.32530345165403596,1.0
2021-12-14 13:30:00+00:00,0.0,-21.073639066617744,0.8136696501220504,PPI,-0.5433250393537279,True,-0.0,0.0,-0.0,PPI,All · surprise + DTW blend,13.59403157544993,41.79587563058659,0.32524815834942566,1.0
2021-12-15 13:30:00+00:00,0.0,-1.6881436087601287,0.8162805753370675,Retail Sales,-0.5041755102447956,True,-0.0,0.0,-0.0,Retail Sales,All · surprise + DTW blend,2.3871743928852456,8.730126824924444,0.2734409752295787,1.0
2021-12-22 13:30:00+00:00,-1.0,-15.838003197572448,0.8200197935812243,GDP,-0.1170923485502144,True,15.838003197572448,0.8200197935812243,15.017983403991224,GDP,All · surprise + DTW blend,-8.630137516743265,15.105978786267372,-0.571306079457016,-1.0
2022-01-03 15:00:00+00:00,-0.5,18.451460008215292,0.8003974387281961,ISM Manufacturing,-0.1861257709692591,True,-9.225730004107646,0.40019871936409807,-9.625928723471745,ISM Manufacturing,All · surprise + DTW blend,3.900248409763878,38.50863619594043,0.10128243415109675,0.0
2022-01-04 15:00:00+00:00,0.0,13.602483189920632,0.7897173356570992,ISM Manufacturing+JOLTS,0.1138096107157146,True,0.0,0.0,0.0,ISM Manufacturing+JOLTS,All · surprise + DTW blend,0.02430018430125308,14.513769522997476,0.001674284841215699,0.0
2022-01-06 13:30:00+00:00,-0.5,-5.2217169641899375,0.796768964475094,Trade Balance,-0.2740383401628957,True,2.6108584820949687,0.398384482237547,2.212473999857422,Trade Balance,All · surprise + DTW blend,0.5665085833991681,11.641905625680822,0.04866115579476178,0.0
2022-01-06 15:00:00+00:00,-1.0,11.349325103022778,0.8027015057573074,ISM Services,-2.412558322591876,True,-11.349325103022778,0.8027015057573074,-12.152026608780085,ISM Services,All · surprise + DTW blend,-10.204953504866188,19.694932967641666,-0.5181512179621377,-1.0
2022-01-07 13:30:00+00:00,-0.5,-19.941842919433128,0.8028570637579248,Employment Report (NFP),-0.3320289676518577,True,9.970921459716564,0.4014285318789624,9.5694929278376,Employment Report (NFP),All · surprise + DTW blend,0.09532737571274652,7.76061301907723,0.012283485270868635,0.0
2022-01-12 13:30:00+00:00,0.0,12.141281844666452,0.8007952725465289,CPI,-0.4997300887678889,True,0.0,0.0,0.0,CPI,All · surprise + DTW blend,2.9898896823215795,9.851079492115026,0.3035088372512615,1.0
2022-01-13 13:30:00+00:00,0.5,6.893414305206846,0.8004858120790548,PPI,0.4807046086658338,True,3.446707152603423,0.4002429060395274,3.046464246563896,PPI,All · surprise + DTW blend,2.8598032208033732,19.10891274412577,0.14965808149825266,0.0
2022-01-14 13:30:00+00:00,-0.5,-18.46929306319467,0.8103274840728736,Retail Sales,-1.9593029065911824,True,9.234646531597335,0.4051637420364368,8.829482789560897,Retail Sales,All · surprise + DTW blend,1.104450170313899,19.428300818575032,0.056847491740397334,0.0
2022-01-27 13:30:00+00:00,0.5,27.495849071783596,0.8497172492601599,GDP,0.2236054726641499,True,13.747924535891798,0.42485862463007995,13.323065911261718,GDP,All · surprise + DTW blend,0.1421208569206698,10.772569558694554,0.013192846529912995,0.0
2022-02-01 15:00:00+00:00,0.0,-6.578100882137505,0.8277200593675077,ISM Manufacturing+JOLTS,-0.8041592791255101,True,-0.0,0.0,-0.0,ISM Manufacturing+JOLTS,All · surprise + DTW blend,-2.144678183630273,27.975999312558248,-0.07666136103554809,0.0
2022-02-03 15:00:00+00:00,0.0,11.07026894587193,0.8245429473145489,ISM Services,0.1891494198741799,True,0.0,0.0,0.0,ISM Services,All · surprise + DTW blend,-10.751905973708164,23.76887806051759,-0.4523522711645411,-1.0
2022-02-04 13:30:00+00:00,-1.0,-0.28735219322229,0.8321138561303837,Employment Report (NFP),-0.1854492103308658,True,0.28735219322229,0.8321138561303837,-0.5447616629080937,Employment Report (NFP),All · surprise + DTW blend,-8.933566128881932,29.703708066384365,-0.30075592275942253,-1.0
2022-02-08 13:30:00+00:00,0.0,5.708414357545877,0.8281455251584898,Trade Balance,-0.7903581264518175,True,0.0,0.0,0.0,Trade Balance,All · surprise + DTW blend,2.051074921573556,8.783809270111286,0.23350631354812762,1.0
2022-02-10 13:30:00+00:00,-0.5,-43.566929988969605,0.8120519713261648,CPI,-1.61325895784376,True,21.783464994484802,0.4060259856630824,21.37743900882172,CPI,All · surprise + DTW blend,2.287111361233593,43.20855957121469,0.052931904787616536,0.0
2022-02-15 13:30:00+00:00,-1.0,-4.021601800729968,0.8319228893542556,PPI,-0.6511826772341509,True,4.021601800729968,0.8319228893542556,3.1896789113757125,PPI,All · surprise + DTW blend,-12.955567779671014,33.62575009100145,-0.38528710124262894,-1.0
2022-02-16 13:30:00+00:00,1.0,-20.963465211920607,0.8325677537896188,Retail Sales,2.1129494816818224,True,-20.963465211920607,0.8325677537896188,-21.796032965710225,Retail Sales,All · surprise + DTW blend,1.954141010816181,10.233633807007857,0.19095279816227262,1.0
2022-02-24 13:30:00+00:00,0.0,13.336436806490326,0.899978276386432,GDP,0.2123248741486038,True,0.0,0.0,0.0,GDP,All · surprise + DTW blend,-6.219626805839383,21.204065992241027,-0.2933223660082582,-1.0
2022-03-01 15:00:00+00:00,0.5,-43.14776597846404,0.8625817965496728,ISM Manufacturing,0.349873758647468,True,-21.57388298923202,0.4312908982748364,-22.005173887506853,ISM Manufacturing,All · surprise + DTW blend,2.400784707355754,25.655774767381036,0.09357677673441894,0.0
2022-03-03 15:00:00+00:00,-1.0,-35.325323752672944,0.8519889535225337,ISM Services,-2.182755811397317,True,35.325323752672944,0.8519889535225337,34.47333479915041,ISM Services,All · surprise + DTW blend,-16.213379828093256,24.946507722423718,-0.6499258336476292,-1.0
2022-03-04 13:30:00+00:00,1.0,-26.8945894838879,0.8668101386896222,Employment Report (NFP),0.6060723791251506,True,-26.8945894838879,0.8668101386896222,-27.76139962257752,Employment Report (NFP),All · surprise + DTW blend,22.624224384784473,51.995729568918904,0.43511697157353446,1.0
2022-03-08 13:30:00+00:00,0.0,16.464924291614835,0.8851178122329385,Trade Balance,0.8256799814898106,True,0.0,0.0,0.0,Trade Balance,All · surprise + DTW blend,-5.57513152805453,10.370659606495513,-0.5375869751392309,-1.0
2022-03-09 15:00:00+00:00,-0.5,19.580383705228854,0.874732301752481,JOLTS,-1.0717271716781405,True,-9.790191852614427,0.4373661508762405,-10.227558003490667,JOLTS,All · surprise + DTW blend,-3.650616001648125,27.61160615817441,-0.13221309838824283,0.0
2022-03-10 13:30:00+00:00,1.0,-25.22452673924036,0.8813518113299295,CPI,0.0264741975797815,True,-25.22452673924036,0.8813518113299295,-26.10587855057029,CPI,All · surprise + DTW blend,11.741584927478689,39.51131480658578,0.29717018998116435,1.0
2022-03-15 12:30:00+00:00,0.0,6.3489186296550315,0.8790809057564642,PPI,-0.1296911193823611,True,0.0,0.0,0.0,PPI,All · surprise + DTW blend,12.57297921155096,22.626219469198816,0.555681837554286,1.0
2022-03-16 12:30:00+00:00,-1.0,-19.48627720233631,0.855053661988442,Retail Sales,-0.5947381173431102,True,19.48627720233631,0.855053661988442,18.631223540347868,Retail Sales,All · surprise + DTW blend,-9.705737110490507,28.597366722045713,-0.33939268621569807,-1.0
2022-03-29 14:00:00+00:00,0.0,-15.096492221253754,0.8252938330629784,JOLTS,-0.9123856280539984,True,-0.0,0.0,-0.0,JOLTS,All · surprise + DTW blend,5.686205056387423,17.461561450633774,0.32564127053947056,1.0
2022-03-30 12:30:00+00:00,0.0,8.269294302039043,0.8275783345699447,GDP,0.2276406640801994,True,0.0,0.0,0.0,GDP,All · surprise + DTW blend,-3.903478896903671,12.17966867117287,-0.3204913862839732,-1.0
2022-04-01 12:30:00+00:00,-1.0,-15.535547875629163,0.8335489063263488,Employment Report (NFP),-0.1274737485164525,True,15.535547875629163,0.8335489063263488,14.701998969302814,Employment Report (NFP),All · surprise + DTW blend,-3.8793230245640795,12.089008111880805,-0.3208967178003271,-1.0
2022-04-01 14:00:00+00:00,0.5,-42.79318370821627,0.8365786816673878,ISM Manufacturing,0.0012485720534209,True,-21.396591854108134,0.4182893408336939,-21.81488119494183,ISM Manufacturing,All · surprise + DTW blend,1.0331739397437145,20.018502081816546,0.05161095148483561,0.0
2022-04-05 12:30:00+00:00,0.5,-5.468491552189647,0.8345563901119456,Trade Balance,0.2411188275538081,True,-2.7342457760948236,0.4172781950559728,-3.1515239711507963,Trade Balance,All · surprise + DTW blend,4.435879707594049,47.64767739972567,0.09309750127756675,0.0
2022-04-05 14:00:00+00:00,-0.5,-51.04392821740689,0.8302318923561408,ISM Services,-0.093419175501195,True,25.521964108703443,0.4151159461780704,25.106848162525374,ISM Services,All · surprise + DTW blend,1.5054423864962816,13.140048308559527,0.1145690145991035,0.0
2022-04-12 12:30:00+00:00,0.5,22.97347429895069,0.8467647745853772,CPI,0.4571686878991705,True,11.486737149475346,0.4233823872926886,11.063354762182657,CPI,All · surprise + DTW blend,1.6987117974744506,10.932454999064369,0.1553824641967272,0.0
2022-04-13 12:30:00+00:00,0.0,0.8802687759690286,0.8503401360544217,PPI,0.0024666352576084,True,0.0,0.0,0.0,PPI,All · surprise + DTW blend,-4.832236919429154,22.17628679478006,-0.2179010834476845,-1.0
2022-04-14 12:30:00+00:00,0.0,-16.51958815882537,0.8400926998841252,Retail Sales,-0.0279694329794041,True,-0.0,0.0,-0.0,Retail Sales,All · surprise + DTW blend,6.84535596278562,23.824212586847313,0.2873276897539418,1.0
2022-04-28 12:30:00+00:00,0.0,-3.291787021169057,0.8673026886383348,GDP,-2.0420964362854717,True,-0.0,0.0,-0.0,GDP,All · surprise + DTW blend,4.954618884740681,21.640203700853583,0.22895435520069754,1.0
2022-05-02 14:00:00+00:00,-0.5,26.97257404806308,0.8822097834022877,ISM Manufacturing,-0.8139702679728233,True,-13.48628702403154,0.44110489170114386,-13.927391915732684,ISM Manufacturing,All · surprise + DTW blend,-1.1400831427308031,18.677097429990447,-0.06104177305945479,0.0
2022-05-03 14:00:00+00:00,0.0,6.063546147458965,0.8801213960546282,JOLTS,-1.2002697035053405,True,0.0,0.0,0.0,JOLTS,All · surprise + DTW blend,7.347158199038999,35.74315584070115,0.20555426699823479,1.0
2022-05-04 12:30:00+00:00,0.5,-17.813207614718607,0.8747850743567313,Trade Balance,0.9330638195367176,True,-8.906603807359303,0.4373925371783656,-9.343996344537668,Trade Balance,All · surprise + DTW blend,7.4111047339393945,43.02826412326309,0.1722380599112434,0.0
2022-05-04 14:00:00+00:00,0.0,5.4418479439455325,0.8758418652411585,ISM Services,-0.6559932760921712,True,0.0,0.0,0.0,ISM Services,All · surprise + DTW blend,5.129516712855631,24.471943577154974,0.20960806389093398,1.0
2022-05-06 12:30:00+00:00,0.0,-67.00600710574989,0.8836883322668129,Employment Report (NFP),-0.233528634462617,True,-0.0,0.0,-0.0,Employment Report (NFP),All · surprise + DTW blend,7.16287385057602,15.959735939947745,0.4488090453080186,1.0
2022-05-11 12:30:00+00:00,-0.5,-71.58405710509186,0.8973327557398353,CPI,-1.5388224718203969,True,35.79202855254593,0.44866637786991764,35.34336217467601,CPI,All · surprise + DTW blend,-4.697769660185031,30.785453817725486,-0.1525970572985406,0.0
2022-05-12 12:30:00+00:00,-1.0,10.447502256223371,0.9195256515949012,PPI,-0.4597710593956168,True,-10.447502256223371,0.9195256515949012,-11.367027907818272,PPI,All · surprise + DTW blend,-1.5065233760304158,6.554402985890017,-0.22984906165726796,-1.0
2022-05-17 12:30:00+00:00,1.0,17.82805623896877,0.8920332205475238,Retail Sales,0.1340217149027289,True,17.82805623896877,0.8920332205475238,16.936023018421245,Retail Sales,All · surprise + DTW blend,9.997856183080298,41.17652388510117,0.24280476445700666,1.0
2022-05-26 12:30:00+00:00,-1.0,19.843737132969608,0.8994479250666831,GDP,-0.5140978831954705,True,-19.843737132969608,0.8994479250666831,-20.74318505803629,GDP,All · surprise + DTW blend,-6.015691635177795,30.979560239394438,-0.19418260261577505,-1.0
2022-06-01 14:00:00+00:00,0.0,-66.87768117112469,0.8772725897691865,ISM Manufacturing+JOLTS,0.0586516193716905,True,-0.0,0.0,-0.0,ISM Manufacturing+JOLTS,All · surprise + DTW blend,-4.001012496238393,28.58715823946819,-0.1399583849056563,0.0
2022-06-03 12:30:00+00:00,-0.5,-48.05158915560881,0.8766891381238853,Employment Report (NFP),-0.0033727501354075,True,24.025794577804405,0.43834456906194263,23.58745000874246,Employment Report (NFP),All · surprise + DTW blend,-1.4548113233318478,23.373807848523718,-0.062241091941882,0.0
2022-06-03 14:00:00+00:00,-0.5,-17.2463394285316,0.8775114984265311,ISM Services,-0.2814203399984905,True,8.6231697142658,0.43875574921326554,8.184413965052533,ISM Services,All · surprise + DTW blend,-2.7632877469044375,28.99972127602772,-0.0952867001928283,0.0
2022-06-07 12:30:00+00:00,0.0,-12.250399669984091,0.8872571515985925,Trade Balance,-0.8299152898608582,True,-0.0,0.0,-0.0,Trade Balance,All · surprise + DTW blend,3.8228655955551423,11.539269449069083,0.3312918215861185,1.0
2022-06-10 12:30:00+00:00,-0.5,-64.60132853154832,0.8998665715083626,CPI,-1.677151671555776,True,32.30066426577416,0.4499332857541813,31.85073098001998,CPI,All · surprise + DTW blend,0.7237353241689983,28.50835883043378,0.025386776154802105,0.0
2022-06-14 12:30:00+00:00,-0.5,7.185785519556731,0.9480222294867604,PPI,-0.1933914360630419,True,-3.5928927597783655,0.4740111147433802,-4.066903874521746,PPI,All · surprise + DTW blend,-2.3856593661258247,15.988539877977429,-0.14921058360130968,0.0
2022-06-15 12:30:00+00:00,-0.5,15.372290390818222,0.949232431016988,Retail Sales,-0.2463296072426562,True,-7.686145195409111,0.474616215508494,-8.160761410917605,Retail Sales,All · surprise + DTW blend,1.3882194315116994,12.944111711858445,0.10724717635431982,0.0
2022-06-29 12:30:00+00:00,0.5,-7.745183851231019,0.9350615850906042,GDP,0.6963837988901,True,-3.8725919256155095,0.4675307925453021,-4.340122718160812,GDP,All · surprise + DTW blend,5.818454236446808,45.250387075211776,0.1285835240873368,0.0
2022-07-01 14:00:00+00:00,-0.5,-106.830967497622,0.9398800842651108,ISM Manufacturing,-0.5444569124057376,True,53.415483748811,0.4699400421325554,52.94554370667844,ISM Manufacturing,All · surprise + DTW blend,-0.3550747281111176,25.998928562340083,-0.013657283116868507,0.0
2022-07-06 14:00:00+00:00,0.0,27.143196940802028,0.937085985717517,ISM Services+JOLTS,-0.1332482329128235,True,0.0,0.0,0.0,ISM Services+JOLTS,All · surprise + DTW blend,4.417460013077465,28.98923548942402,0.15238277031103709,0.0
2022-07-07 12:30:00+00:00,1.0,6.413545627754758,0.9308596006933298,Trade Balance,0.2768778699804552,True,6.413545627754758,0.9308596006933298,5.482686027061428,Trade Balance,All · surprise + DTW blend,2.8960819911587707,12.760268553318335,0.2269608965561809,1.0
2022-07-08 12:30:00+00:00,-0.5,-17.878811990641452,0.9235668789808916,Employment Report (NFP),-0.198783708190455,True,8.939405995320726,0.4617834394904458,8.47762255583028,Employment Report (NFP),All · surprise + DTW blend,3.2658654946418437,23.03591994701951,0.1417727402314747,0.0
2022-07-13 12:30:00+00:00,-0.5,-60.204877815834834,0.9297851875601154,CPI,-1.5538946362320831,True,30.102438907917417,0.4648925937800577,29.63754631413736,CPI,All · surprise + DTW blend,1.3025287706991375,34.588924356222655,0.03765739452562099,0.0
2022-07-14 12:30:00+00:00,-1.0,-8.254230761668424,0.957000957000957,PPI,-0.5225101673722837,True,8.254230761668424,0.957000957000957,7.297229804667467,PPI,All · surprise + DTW blend,-3.9689882902394285,15.167959190331654,-0.2616692358171254,-1.0
2022-07-15 12:30:00+00:00,0.0,65.861216252312,0.9447177248591068,Retail Sales,0.2984816868429151,True,0.0,0.0,0.0,Retail Sales,All · surprise + DTW blend,-3.535548740141539,13.715628276466667,-0.2577751940250414,-1.0
2022-07-28 12:30:00+00:00,0.0,18.687519064748415,0.9031735650440684,GDP,-1.0838879379196935,True,0.0,0.0,0.0,GDP,All · surprise + DTW blend,15.851920431931294,24.829085783057977,0.6384415668960226,1.0
2022-08-01 14:00:00+00:00,-0.5,-25.95223195404728,0.8851178122329385,ISM Manufacturing,-1.260670758080165,True,12.97611597702364,0.44255890611646925,12.533557070907172,ISM Manufacturing,All · surprise + DTW blend,-1.8890670555154134,27.477690401537863,-0.06874912075614939,0.0
2022-08-02 14:00:00+00:00,0.5,21.246139810440212,0.8931596291847609,JOLTS,1.046700149805808,True,10.623069905220106,0.44657981459238044,10.176490090627725,JOLTS,All · surprise + DTW blend,3.494201808720608,49.62246680857512,0.07041572161658004,0.0
2022-08-03 14:00:00+00:00,0.0,8.294039518883523,0.8900346806616947,ISM Services,1.5089898496349374,True,0.0,0.0,0.0,ISM Services,All · surprise + DTW blend,-7.598136713365656,35.95036192025115,-0.21135077110546585,-1.0
2022-08-04 12:30:00+00:00,-0.5,5.1852191916879065,0.8846048256718422,Trade Balance,-0.138874245300786,True,-2.5926095958439532,0.4423024128359211,-3.0349120086798744,Trade Balance,All · surprise + DTW blend,-1.2399951085369083,12.06178012149409,-0.10280365717554718,0.0
2022-08-05 12:30:00+00:00,0.0,-33.21036262716959,0.885009765625,Employment Report (NFP),0.0312710124948264,True,-0.0,0.0,-0.0,Employment Report (NFP),All · surprise + DTW blend,-10.461234646748322,37.962704047807456,-0.2755661091363304,-1.0
2022-08-10 12:30:00+00:00,0.5,33.5514997287234,0.8836344800268138,CPI,1.74167183418779,True,16.7757498643617,0.4418172400134069,16.333932624348293,CPI,All · surprise + DTW blend,0.13459749762117498,25.51739329371918,0.00527473539604473,0.0
2022-08-11 12:30:00+00:00,1.0,10.14108119241186,0.8660335662664993,PPI,0.8302784428462872,True,10.14108119241186,0.8660335662664993,9.275047626145362,PPI,All · surprise + DTW blend,8.568088041727217,25.049606030225124,0.3420448222374783,1.0
2022-08-17 12:30:00+00:00,0.0,0.0,0.8552049542907696,Retail Sales,0.1803467463892216,True,0.0,0.0,0.0,Retail Sales,All · surprise + DTW blend,-7.105279058582451,17.398877396461216,-0.4083757185407608,-1.0
2022-08-25 12:30:00+00:00,-1.0,-2.424022070481868,0.8776708431692996,GDP,-0.0840725787732145,True,2.424022070481868,0.8776708431692996,1.5463512273125684,GDP,All · surprise + DTW blend,-8.27026326296224,31.773926930469475,-0.2602845811617797,-1.0
2022-08-30 14:00:00+00:00,-0.5,-48.44592137866144,0.9048926610084872,JOLTS,-2.984015343430321,True,24.22296068933072,0.4524463305042436,23.770514358826475,JOLTS,All · surprise + DTW blend,0.08871024815936157,31.132150332797398,0.0028494738465240626,0.0
2022-09-01 14:00:00+00:00,-0.5,-2.231111262016583,0.9239788440706048,ISM Manufacturing,-0.0884224837236756,True,1.1155556310082915,0.4619894220353024,0.653566208972989,ISM Manufacturing,All · surprise + DTW blend,1.8297684487723125,16.83047714583788,0.10871756236719694,0.0
2022-09-02 12:30:00+00:00,0.5,8.794522835824381,0.9149130832570904,Employment Report (NFP),0.0141555828368743,True,4.3972614179121905,0.4574565416285452,3.9398048762836453,Employment Report (NFP),All · surprise + DTW blend,-0.11923213008228561,22.629232032148764,-0.005268942839637493,0.0
2022-09-06 14:00:00+00:00,0.5,-10.573026952958031,0.9274954424792912,ISM Services,0.7526292317321648,True,-5.286513476479016,0.4637477212396456,-5.750261197718661,ISM Services,All · surprise + DTW blend,4.023585901219367,26.77076713832574,0.15029774381994063,0.0
2022-09-07 12:30:00+00:00,0.5,7.075092753723311,0.933496426961952,Trade Balance,0.1393231402027631,True,3.5375463768616555,0.466748213480976,3.0707981633806796,Trade Balance,All · surprise + DTW blend,-1.4329508277613128,19.55889736656423,-0.07326337476523243,0.0
2022-09-13 12:30:00+00:00,-1.0,-36.68118169301238,0.8891886919727724,CPI,-1.9624844944587772,True,36.68118169301238,0.8891886919727724,35.79199300103961,CPI,All · surprise + DTW blend,-14.988622780371639,35.24210842231742,-0.42530437171233326,-1.0
2022-09-14 12:30:00+00:00,0.0,8.347781901321127,0.9313678260590296,PPI,0.3598362715654778,True,0.0,0.0,0.0,PPI,All · surprise + DTW blend,-1.7221720903513154,10.401053132072072,-0.16557670348216255,-1.0
2022-09-15 12:30:00+00:00,0.0,0.9625411092706316,0.9319364997750498,Retail Sales,-0.0951957764696095,True,0.0,0.0,0.0,Retail Sales,All · surprise + DTW blend,9.04314696947989,37.68365848451563,0.23997529255806616,1.0
2022-09-29 12:30:00+00:00,0.5,-19.00238101489649,0.9810886701173924,GDP,0.3178126327884218,True,-9.501190507448245,0.4905443350586962,-9.99173484250694,GDP,All · surprise + DTW blend,0.8088838456211256,8.527851461453379,0.09485200924023478,0.0
2022-10-03 14:00:00+00:00,-0.5,63.505283588494166,0.997248968363136,ISM Manufacturing,-0.3360217870663531,True,-31.752641794247083,0.498624484181568,-32.25126627842865,ISM Manufacturing,All · surprise + DTW blend,-0.7303253789723014,15.562278061755954,-0.04692920766960618,0.0
2022-10-04 14:00:00+00:00,1.0,-17.51805964534725,0.9591215769281652,JOLTS,3.4901044149064337,True,-17.51805964534725,0.9591215769281652,-18.477181222275416,JOLTS,All · surprise + DTW blend,2.9953206696284065,9.755672173567838,0.30703375598700133,1.0
2022-10-05 12:30:00+00:00,-0.5,-3.657462094608377,0.9639034767001264,Trade Balance,-0.1048336321522138,True,1.8287310473041885,0.4819517383500632,1.3467793089541251,Trade Balance,All · surprise + DTW blend,1.084633032773628,10.809621953635228,0.10033958980488404,0.0
2022-10-05 14:00:00+00:00,0.5,-26.30835558392164,0.9616978942132316,ISM Services,0.3300205285754439,True,-13.15417779196082,0.4808489471066158,-13.635026739067435,ISM Services,All · surprise + DTW blend,4.2679875085533485,38.67852043373218,0.1103451595534964,0.0
2022-10-07 12:30:00+00:00,0.0,-48.97695130720692,0.9631671593211332,Employment Report (NFP),0.0007554931387266,True,-0.0,0.0,-0.0,Employment Report (NFP),All · surprise + DTW blend,-6.196396363538985,35.319495843169115,-0.1754384148361898,-1.0
2022-10-12 12:30:00+00:00,-0.5,-1.7063972875597244,0.9846864283046416,PPI,-0.442545729548588,True,0.8531986437798622,0.4923432141523208,0.3608554296275414,PPI,All · surprise + DTW blend,-2.1833583262517737,32.506486209767495,-0.06716685132199007,0.0
2022-10-13 12:30:00+00:00,-1.0,-70.90633792765644,0.9824181035942952,CPI,-1.2059188282899334,True,70.90633792765644,0.9824181035942952,69.92391982406214,CPI,All · surprise + DTW blend,-16.321982247574702,36.79065710752891,-0.4436447601321734,-1.0
2022-10-14 12:30:00+00:00,0.5,83.53329629501971,0.9624639076034648,Retail Sales,0.0357834565117858,True,41.766648147509855,0.4812319538017324,41.28541619370812,Retail Sales,All · surprise + DTW blend,-1.9284454916122153,13.092787726467343,-0.14729067116194228,0.0
2022-10-27 12:30:00+00:00,1.0,6.522448323416086,0.902555164794124,GDP,0.7517856630945409,True,6.522448323416086,0.902555164794124,5.619893158621962,GDP,All · surprise + DTW blend,8.976785211741335,24.921249785612538,0.36020606064964633,1.0
2022-11-01 14:00:00+00:00,-0.5,-18.922058993773305,0.8826393961529096,ISM Manufacturing+JOLTS,-1.6310661583739317,True,9.461029496886653,0.4413196980764548,9.019709798810197,ISM Manufacturing+JOLTS,All · surprise + DTW blend,0.6181984670749339,27.29249338949282,0.022650860742277602,0.0
2022-11-03 12:30:00+00:00,1.0,-23.782712424100794,0.9066183136899364,Trade Balance,0.3856293059100614,True,-23.782712424100794,0.9066183136899364,-24.68933073779073,Trade Balance,All · surprise + DTW blend,10.928186644837691,41.02629505665133,0.2663703029909832,1.0
2022-11-03 14:00:00+00:00,0.0,78.39488252269433,0.9129257696908644,ISM Services,-0.4020310664789877,True,0.0,0.0,0.0,ISM Services,All · surprise + DTW blend,7.7270202470794604,34.76684568742842,0.22225255395756324,1.0
2022-11-04 12:30:00+00:00,-1.0,78.91425673230756,0.9028923690027708,Employment Report (NFP),-0.0775933543744445,True,-78.91425673230756,0.9028923690027708,-79.81714910131033,Employment Report (NFP),All · surprise + DTW blend,-6.625362956820375,31.069254051245505,-0.2132449960302403,-1.0
2022-11-10 13:30:00+00:00,1.0,59.90836010457912,0.8899800521712444,CPI,1.6880497222729307,True,59.90836010457912,0.8899800521712444,59.01838005240787,CPI,All · surprise + DTW blend,5.421592004321031,25.714394920687912,0.21083879364235852,1.0
2022-11-15 13:30:00+00:00,0.0,10.317028432105246,0.8589792956369775,PPI,-0.1783414027625315,True,0.0,0.0,0.0,PPI,All · surprise + DTW blend,4.851476930921621,24.765826787591294,0.1958940023497383,1.0
2022-11-16 13:30:00+00:00,0.0,7.752169504779971,0.8637379002233805,Retail Sales,0.456405113151525,True,0.0,0.0,0.0,Retail Sales,All · surprise + DTW blend,-10.837248502717468,31.780818029609208,-0.34099967133069825,-1.0
2022-11-30 13:30:00+00:00,0.5,-6.207049634010531,0.8554067606630876,GDP,0.0763882829874281,True,-3.1035248170052654,0.4277033803315438,-3.531228197336809,GDP,All · surprise + DTW blend,2.158913403304579,19.542228776696373,0.11047426718691526,0.0
2022-11-30 15:00:00+00:00,0.0,-29.362499407667997,0.8576075706047612,JOLTS,-0.2624963561417571,True,-0.0,0.0,-0.0,JOLTS,All · surprise + DTW blend,20.531297112458258,61.308558162988135,0.3348846837643128,1.0
2022-12-01 15:00:00+00:00,-0.5,-72.17516270721092,0.8396305625524769,ISM Manufacturing,-0.3675123786348069,True,36.08758135360546,0.41981528127623846,35.66776607232922,ISM Manufacturing,All · surprise + DTW blend,-0.16355825416514969,29.549655889155783,-0.005535030755643174,0.0
2022-12-02 13:30:00+00:00,-1.0,16.167201746011273,0.8441766366838412,Employment Report (NFP),-0.4385290896736585,True,-16.167201746011273,0.8441766366838412,-17.011378382695113,Employment Report (NFP),All · surprise + DTW blend,-25.799969945005145,34.83596023156124,-0.7406131415212284,-1.0
2022-12-05 15:00:00+00:00,1.0,25.75963019170402,0.8483501053124269,ISM Services,1.4456121550439016,True,25.75963019170402,0.8483501053124269,24.911280086391592,ISM Services,All · surprise + DTW blend,13.320451093153745,32.7921975306305,0.4062079426275531,1.0
2022-12-06 13:30:00+00:00,-0.5,-5.299729248999796,0.8538703883638077,Trade Balance,-0.632828227530701,True,2.649864624499898,0.42693519418190384,2.2229294303179943,Trade Balance,All · surprise + DTW blend,0.148535340920684,19.26254545016769,0.007711096194682356,0.0
2022-12-09 13:30:00+00:00,0.0,35.03670557650551,0.8548520221671972,PPI,0.0193439018961355,True,0.0,0.0,0.0,PPI,All · surprise + DTW blend,-25.888382101927384,36.39876888284145,-0.7112433441157205,-1.0
2022-12-13 13:30:00+00:00,0.5,-4.884847014654525,0.8411160740182145,CPI,1.225713226427208,True,-2.4424235073272627,0.42055803700910727,-2.8629815443363698,CPI,All · surprise + DTW blend,4.765665705969009,31.079062931377564,0.15334007066080396,0.0
2022-12-15 13:30:00+00:00,-1.0,-4.753699061534888,0.8612241261544857,Retail Sales,-0.2617915301232739,True,4.753699061534888,0.8612241261544857,3.8924749353804025,Retail Sales,All · surprise + DTW blend,-9.240583548775804,15.423838372208001,-0.5991105019244939,-1.0
2022-12-22 13:30:00+00:00,0.0,-26.049088789985575,0.8660335662664993,GDP,0.0101727453098051,True,-0.0,0.0,-0.0,GDP,All · surprise + DTW blend,-9.868166311144954,28.605630982754622,-0.34497285926306404,-1.0
2023-01-03 15:00:00+00:00,1.0,-8.125310788749118,0.8741522230595327,ISM Manufacturing,0.5737619019599842,True,-8.125310788749118,0.8741522230595327,-8.99946301180865,ISM Manufacturing,All · surprise + DTW blend,8.74243386339537,36.33080964559686,0.24063416006075483,1.0
2023-01-04 15:00:00+00:00,-1.0,-16.205027103524117,0.8673545685658741,ISM Manufacturing,-0.3932150820756493,True,16.205027103524117,0.8673545685658741,15.337672534958243,ISM Manufacturing,All · surprise + DTW blend,-16.40819596330167,49.7391094552902,-0.329885197845184,-1.0
2023-01-06 13:30:00+00:00,1.0,66.61690052347069,0.8770072882329815,Employment Report (NFP),0.1361526061100796,True,66.61690052347069,0.8770072882329815,65.7398932352377,Employment Report (NFP),All · surprise + DTW blend,16.94373503536925,28.526277607210382,0.593969366374199,1.0
2023-01-06 15:00:00+00:00,-0.5,50.06831128268274,0.872836719337848,ISM Services,-2.5548283484338925,True,-25.03415564134137,0.436418359668924,-25.470574001010295,ISM Services,All · surprise + DTW blend,5.297787907017957,31.7003820623152,0.1671206326978584,0.0
2023-01-12 13:30:00+00:00,-1.0,83.47905129587829,0.8516886930983847,CPI,-0.1737270973932303,True,-83.47905129587829,0.8516886930983847,-84.33073998897667,CPI,All · surprise + DTW blend,-13.838415699160283,38.112846022994994,-0.363090588690517,-1.0
2023-01-13 15:00:00+00:00,0.5,31.20127336243783,0.8476557932889045,U. of Michigan Sentiment,1.433531383298232,True,15.600636681218916,0.42382789664445225,15.176808784574463,U. of Michigan Sentiment,All · surprise + DTW blend,1.6260132007256216,15.345527785180458,0.10596007015776292,0.0
2023-01-18 13:30:00+00:00,0.5,-14.95886591582618,0.8514886370309471,PPI+Retail Sales,0.1484139768774567,True,-7.47943295791309,0.42574431851547356,-7.905177276428564,PPI+Retail Sales,All · surprise + DTW blend,24.987588788147505,46.638003151722664,0.5357774154021545,1.0
2023-01-18 15:00:00+00:00,-0.5,-21.160918991061095,0.8512636862653007,Business Inventories,0.0,True,10.580459495530548,0.42563184313265034,10.154827652397897,Business Inventories,All · surprise + DTW blend,-4.384929620436999,31.230643037779835,-0.14040471773612,-1.0
2023-01-27 15:00:00+00:00,0.0,6.752095607858166,0.8507392630837831,U. of Michigan Sentiment,0.0754756949491661,True,0.0,0.0,0.0,U. of Michigan Sentiment,All · surprise + DTW blend,-19.579812526135672,41.49565160868533,-0.4718521523840219,-1.0
2023-02-01 15:00:00+00:00,0.0,-13.545349538652829,0.8524898583103062,ISM Manufacturing,0.0484414575342933,True,-0.0,0.0,-0.0,ISM Manufacturing,All · surprise + DTW blend,-12.534894015946065,35.96808359721548,-0.3485004693693625,-1.0
2023-02-03 13:30:00+00:00,0.0,3.245172833938881,0.8524146850474706,Employment Report (NFP),0.632025497230853,True,0.0,0.0,0.0,Employment Report (NFP),All · surprise + DTW blend,-11.951061609013054,38.05158665081415,-0.31407525049306584,-1.0
2023-02-03 15:00:00+00:00,0.0,42.36795792786907,0.8543231698335542,ISM Services,2.1784465622733866,True,0.0,0.0,0.0,ISM Services,All · surprise + DTW blend,-3.465188282541295,17.806879176127886,-0.19459829250634597,-1.0
2023-02-10 15:00:00+00:00,1.0,40.023177897943185,0.8605596605240512,U. of Michigan Sentiment,0.4479144333015603,True,40.023177897943185,0.8605596605240512,39.16261823741913,U. of Michigan Sentiment,All · surprise + DTW blend,7.729659160529471,23.369709100151642,0.3307554718547744,1.0
2023-02-14 13:30:00+00:00,-0.5,7.296820369582235,0.8443486868922145,CPI,-1.205365729380446,True,-3.6484101847911177,0.42217434344610727,-4.070584528237225,CPI,All · surprise + DTW blend,-4.344163751315449,45.30596651297482,-0.09588502543194521,0.0
2023-02-15 13:30:00+00:00,1.0,7.652010497576356,0.8528408422538525,Retail Sales,1.0234002319190705,True,7.652010497576356,0.8528408422538525,6.799169655322503,Retail Sales,All · surprise + DTW blend,8.155373207741528,24.15406087456157,0.33763983829032057,1.0
2023-02-15 15:00:00+00:00,-0.5,3.827413157093673,0.8549024232061788,Business Inventories,0.0,True,-1.9137065785468366,0.4274512116030894,-2.341157790149926,Business Inventories,All · surprise + DTW blend,-13.523832018954328,21.616503155575096,-0.6256253345706568,-1.0
2023-02-16 13:30:00+00:00,-0.5,-37.383221106086495,0.850764220964004,PPI,-1.4779162848442813,True,18.691610553043247,0.425382110482002,18.266228442561246,PPI,All · surprise + DTW blend,0.3005716185865933,37.96874986611269,0.007916289570936205,0.0
2023-02-24 15:00:00+00:00,0.5,-13.452368422228744,0.8863622470811173,U. of Michigan Sentiment,0.0836820878863775,True,-6.726184211114372,0.44318112354055866,-7.16936533465493,U. of Michigan Sentiment,All · surprise + DTW blend,5.676650420265098,31.778269637230746,0.17863308748612464,0.0
2023-03-01 15:00:00+00:00,0.5,-16.83579380479472,0.8865519244290911,ISM Manufacturing,0.18640401748042,True,-8.41789690239736,0.44327596221454557,-8.861172864611905,ISM Manufacturing,All · surprise + DTW blend,-2.2884126265237876,20.93597015522824,-0.10930530610984432,0.0
2023-03-03 15:00:00+00:00,1.0,18.70851481104552,0.8749170337295601,ISM Services,0.2755029006060786,True,18.70851481104552,0.8749170337295601,17.833597777315962,ISM Services,All · surprise + DTW blend,7.401181025972293,14.811629615169013,0.49968715247865314,1.0
2023-03-10 13:30:00+00:00,0.0,-2.7895299822944253,0.9005092535088809,Employment Report (NFP),-0.0418714406574234,True,-0.0,0.0,-0.0,Employment Report (NFP),All · surprise + DTW blend,12.301145947704496,48.990987255434966,0.25108997872542016,1.0
2023-03-14 12:30:00+00:00,-1.0,14.948151392957245,0.9054011863877616,CPI,-0.2683351757655611,True,-14.948151392957245,0.9054011863877616,-15.853552579345006,CPI,All · surprise + DTW blend,-5.478996275367884,13.69387326397295,-0.4001056654863683,-1.0
2023-03-15 12:30:00+00:00,0.5,-38.909939478752875,0.9171410499683744,PPI+Retail Sales,0.9227344344425924,True,-19.454969739376438,0.4585705249841872,-19.913540264360623,PPI+Retail Sales,All · surprise + DTW blend,0.7571497926722398,17.411989563550623,0.0434843927460891,0.0
2023-03-15 14:00:00+00:00,-1.0,-4.4278576218381716,0.9171410499683744,Business Inventories,-0.6974570477871316,True,4.4278576218381716,0.9171410499683744,3.5107165718697972,Business Inventories,All · surprise + DTW blend,-4.2709174224360105,19.51961486000671,-0.2188013161666727,-1.0
2023-03-17 14:00:00+00:00,-0.5,,,U. of Michigan Sentiment,-1.047310607398139,False,-0.0,0.0,-0.0,U. of Michigan Sentiment,All · surprise + DTW blend,-0.04680563760416517,15.587374013890573,-0.0030027917186342405,0.0
2023-03-31 14:00:00+00:00,0.0,-8.130204154621623,0.8730995032364895,U. of Michigan Sentiment,-0.3380898508399028,True,-0.0,0.0,-0.0,U. of Michigan Sentiment,All · surprise + DTW blend,10.608095227494271,14.862845580156344,0.7137324525296376,1.0
2023-04-03 14:00:00+00:00,0.0,9.17471985278695,0.8593611094648255,ISM Manufacturing,-0.3909344633754496,True,0.0,0.0,0.0,ISM Manufacturing,All · surprise + DTW blend,6.2491557145410335,16.15258085907344,0.3868828002820785,1.0
2023-04-05 14:00:00+00:00,0.0,-25.261919965320345,0.8607384542324586,ISM Services,-1.473986429421692,True,-0.0,0.0,-0.0,ISM Services,All · surprise + DTW blend,3.4323739228552625,16.697974369015007,0.20555630563336014,1.0
2023-04-07 12:30:00+00:00,-0.5,,,Employment Report (NFP),-0.0016729343970629,False,-0.0,0.0,-0.0,Employment Report (NFP),All · surprise + DTW blend,-8.778354078989816e-09,0.00043542606689167817,-2.0160377952690703e-05,0.0
2023-04-12 12:30:00+00:00,1.0,-7.64188968206625,0.8553058455730549,CPI,0.5740553717884737,True,-7.64188968206625,0.8553058455730549,-8.497195527639304,CPI,All · surprise + DTW blend,27.71977644703757,44.61614335559073,0.6212947682660716,1.0
2023-04-13 12:30:00+00:00,0.5,1.4757751535832142,0.8574300750990479,PPI,0.8801177449554096,True,0.7378875767916071,0.42871503754952395,0.30917253924208316,PPI,All · surprise + DTW blend,5.652855484284865,33.36050168759607,0.169447556191479,0.0
2023-04-14 12:30:00+00:00,0.0,-9.93948688840618,0.8471110591809312,Retail Sales,-0.1118972388397462,True,-0.0,0.0,-0.0,Retail Sales,All · surprise + DTW blend,5.90686908972892,8.623404704061496,0.6849810825817871,1.0
2023-04-14 14:00:00+00:00,-0.5,-44.01544709935479,0.8480276047606515,Business Inventories+U. of Michigan Sentiment,-0.0827830604374955,True,22.007723549677394,0.42401380238032577,21.583709747297068,Business Inventories+U. of Michigan Sentiment,All · surprise + DTW blend,-9.860823426177662,23.261935798257667,-0.42390381917038233,-1.0
2023-04-28 14:00:00+00:00,0.0,34.97380532170524,0.8541470311027333,U. of Michigan Sentiment,-0.0252358627093348,True,0.0,0.0,0.0,U. of Michigan Sentiment,All · surprise + DTW blend,6.78099551293261,15.854200969808407,0.4277096982588935,1.0
2023-05-01 14:00:00+00:00,0.5,-5.544774192518531,0.8460236886632826,ISM Manufacturing,0.4191953420164795,True,-2.7723870962592656,0.4230118443316413,-3.195398940590907,ISM Manufacturing,All · surprise + DTW blend,2.059453414208268,17.492052393774127,0.11773652215570088,0.0
2023-05-03 14:00:00+00:00,0.5,-13.907590754609345,0.8579881656804733,ISM Services,0.0458100815953766,True,-6.953795377304672,0.42899408284023666,-7.382789460144909,ISM Services,All · surprise + DTW blend,-5.186095093908786,52.926570107277215,-0.09798660830273068,0.0
2023-05-05 12:30:00+00:00,0.0,17.384532148589926,0.8689398933301371,Employment Report (NFP),-0.0265887280936876,True,0.0,0.0,0.0,Employment Report (NFP),All · surprise + DTW blend,11.395663499366194,22.257911993779086,0.5119825930909958,1.0
2023-05-10 12:30:00+00:00,0.5,26.37233916081172,0.863532144239645,CPI,0.0811362628588261,True,13.18616958040586,0.4317660721198225,12.754403508286037,CPI,All · surprise + DTW blend,4.863297177780752,30.740941930267933,0.15820260774092568,0.0
2023-05-11 12:30:00+00:00,0.5,-20.00149931685513,0.8652583840553765,PPI,0.3418379801607591,True,-10.000749658427566,0.43262919202768824,-10.433378850455254,PPI,All · surprise + DTW blend,1.5548822472952344,12.551188731625755,0.1238832656047417,0.0
2023-05-12 14:00:00+00:00,-0.5,-4.492026728222243,0.8686275684418618,U. of Michigan Sentiment,-1.5059821423350075,True,2.2460133641111213,0.4343137842209309,1.8116995798901905,U. of Michigan Sentiment,All · surprise + DTW blend,0.6017781368525554,21.755744798437107,0.027660654343389157,0.0
2023-05-16 12:30:00+00:00,1.0,-1.5012986261275785,0.8704526353703925,Retail Sales,0.0569340677573058,True,-1.5012986261275785,0.8704526353703925,-2.371751261497971,Retail Sales,All · surprise + DTW blend,2.6826009726265774,10.326056817217788,0.2597894840316564,1.0
2023-05-16 14:00:00+00:00,-0.5,-2.4086228815178856,0.8728629906091981,Business Inventories,-0.6994527547255744,True,1.2043114407589428,0.43643149530459907,0.7678799454543437,Business Inventories,All · surprise + DTW blend,0.5221422180691397,32.885642842016864,0.015877512888451628,0.0
2023-05-26 14:00:00+00:00,0.0,39.57171108044832,0.878654749280412,U. of Michigan Sentiment,0.4475004257730126,True,0.0,0.0,0.0,U. of Michigan Sentiment,All · surprise + DTW blend,-4.951640739552572,32.25069312438193,-0.15353594790832786,-1.0
2023-06-01 14:00:00+00:00,-1.0,33.496788225324536,0.8851448280072033,ISM Manufacturing,-0.2671864031629926,True,-33.496788225324536,0.8851448280072033,-34.38193305333174,ISM Manufacturing,All · surprise + DTW blend,-7.874314035838461,20.33007163446036,-0.3873234771338019,-1.0
2023-06-02 12:30:00+00:00,-0.5,6.008171293441222,0.8723903495577883,Employment Report (NFP),-0.1001406153175313,True,-3.004085646720611,0.43619517477889413,-3.4402808214995053,Employment Report (NFP),All · surprise + DTW blend,-2.694394409961246,22.71336111888692,-0.11862596626972866,0.0
2023-06-05 14:00:00+00:00,0.0,-18.07381123400731,0.8589029735813292,ISM Services,-0.9649783688993916,True,-0.0,0.0,-0.0,ISM Services,All · surprise + DTW blend,5.042406152162668,25.536478919560736,0.19745894365648922,1.0
2023-06-13 12:30:00+00:00,0.0,19.613302345717894,0.8508141411177936,CPI,-0.1620995717982549,True,0.0,0.0,0.0,CPI,All · surprise + DTW blend,20.832667222612805,44.32512335068849,0.46999682455004865,1.0
2023-06-14 12:30:00+00:00,0.5,,,PPI,0.6815921796680281,False,0.0,0.0,0.0,PPI,All · surprise + DTW blend,-2.6408025708245596e-09,0.0004136680141923404,-6.383869383714748e-06,0.0
2023-06-15 12:30:00+00:00,0.5,,,Retail Sales,0.1580425612543802,False,0.0,0.0,0.0,Retail Sales,All · surprise + DTW blend,-1.0682108000216978e-08,0.0005198372882910009,-2.054894529658522e-05,0.0
2023-06-15 14:00:00+00:00,0.0,,,Business Inventories,0.0,False,0.0,0.0,0.0,Business Inventories,All · surprise + DTW blend,1.5819031805993897,16.918557368744732,0.09350106785829096,0.0
2023-06-16 14:00:00+00:00,1.0,,,U. of Michigan Sentiment,1.212492484550577,False,0.0,0.0,0.0,U. of Michigan Sentiment,All · surprise + DTW blend,5.546539953514029,7.953761982981297,0.6973479927337513,1.0
2023-06-30 14:00:00+00:00,0.0,13.591084028963252,0.8393146561704098,U. of Michigan Sentiment,0.1616951687740749,True,0.0,0.0,0.0,U. of Michigan Sentiment,All · surprise + DTW blend,-6.509543312598878,24.210207228043018,-0.26887598488040965,-1.0
2023-07-03 14:00:00+00:00,0.0,,,ISM Manufacturing,-0.2687949254928601,False,0.0,0.0,0.0,ISM Manufacturing,All · surprise + DTW blend,3.834077390844642,16.91583182808188,0.2266561544126793,1.0
2023-07-06 14:00:00+00:00,0.5,-24.356973584147568,0.8495181181708996,ISM Services,1.2395289916634271,True,-12.178486792073784,0.4247590590854498,-12.603245851159233,ISM Services,All · surprise + DTW blend,-0.26341353810357726,23.03428719803387,-0.01143571476030139,0.0
2023-07-07 12:30:00+00:00,1.0,-16.71383091743195,0.8501407129455909,Employment Report (NFP),0.0159018729373952,True,-16.71383091743195,0.8501407129455909,-17.56397163037754,Employment Report (NFP),All · surprise + DTW blend,17.635724693870323,44.43595370103947,0.396879626181125,1.0
2023-07-12 12:30:00+00:00,1.0,4.618537737606232,0.8402143995364334,CPI,0.9296650037596498,True,4.618537737606232,0.8402143995364334,3.7783233380697987,CPI,All · surprise + DTW blend,19.020420318575542,31.702197538976122,0.5999716674275016,1.0
2023-07-13 12:30:00+00:00,0.5,-3.177400046947554,0.8378112902293869,PPI,0.3941350978376103,True,-1.588700023473777,0.41890564511469347,-2.0076056685884702,PPI,All · surprise + DTW blend,0.547443995231985,8.473568424570423,0.06460607477300664,0.0
2023-07-14 14:00:00+00:00,0.0,-14.395948587786478,0.8343402957592496,U. of Michigan Sentiment,2.0597370727237494,True,-0.0,0.0,-0.0,U. of Michigan Sentiment,All · surprise + DTW blend,-7.049385002324639,32.00208837440571,-0.22027890554675555,-1.0
2023-07-18 12:30:00+00:00,-1.0,-6.332393280512605,0.8345323741007193,Retail Sales,-0.0353422090008289,True,6.332393280512605,0.8345323741007193,5.497860906411885,Retail Sales,All · surprise + DTW blend,-5.131607269572256,28.931683564958607,-0.177369811820683,-1.0
2023-07-18 14:00:00+00:00,0.5,7.146226382133136,0.8294957238065273,Business Inventories,0.0,True,3.573113191066568,0.4147478619032636,3.1583653291633045,Business Inventories,All · surprise + DTW blend,6.635204038123046,13.921643982409947,0.47661066800060775,1.0
2023-07-28 14:00:00+00:00,0.0,8.14984518250128,0.8153854805150987,U. of Michigan Sentiment,-0.369532730031979,True,0.0,0.0,0.0,U. of Michigan Sentiment,All · surprise + DTW blend,7.526080550346013,29.533611430836068,0.25483102762326,1.0
2023-08-01 14:00:00+00:00,-0.5,-25.45990044223956,0.8105539717144614,ISM Manufacturing,-0.2270582924881411,True,12.72995022111978,0.4052769858572307,12.32467323526255,ISM Manufacturing,All · surprise + DTW blend,-0.008302633229116618,19.656924820307086,-0.0004223770149713027,0.0
2023-08-03 14:00:00+00:00,-0.5,-20.699538107074034,0.8220420658767504,ISM Services,-0.1606138185504726,True,10.349769053537017,0.4110210329383752,9.938748020598641,ISM Services,All · surprise + DTW blend,7.26069100320492,43.128067671771085,0.16835187373714197,0.0
2023-08-04 12:30:00+00:00,0.0,1.4140071572299462,0.8211110481907242,Employment Report (NFP),-0.1831535520390406,True,0.0,0.0,0.0,Employment Report (NFP),All · surprise + DTW blend,10.338777902443567,24.822448586078426,0.4165091879067092,1.0
2023-08-10 12:30:00+00:00,0.0,-7.620983475682408,0.819672131147541,CPI,0.3020127789670528,True,-0.0,0.0,-0.0,CPI,All · surprise + DTW blend,-3.8472411957561325,24.836553010784737,-0.1549023809417334,-1.0
2023-08-11 12:30:00+00:00,-1.0,-12.504975198570634,0.8226716972568153,PPI,-0.3678353489783135,True,12.504975198570634,0.8226716972568153,11.682303501313818,PPI,All · surprise + DTW blend,-11.207144423193427,31.61172995500322,-0.3545248690642968,-1.0
2023-08-11 14:00:00+00:00,0.5,31.142089604507817,0.823278921220724,U. of Michigan Sentiment,0.0517958537398417,True,15.571044802253908,0.411639460610362,15.159405341643547,U. of Michigan Sentiment,All · surprise + DTW blend,1.6041489089075485,27.215259644742712,0.05894299484360895,0.0
2023-08-15 12:30:00+00:00,1.0,2.2802417154998977,0.8260696177291631,Retail Sales,0.4206347894681734,True,2.2802417154998977,0.8260696177291631,1.4541720977707346,Retail Sales,All · surprise + DTW blend,4.039319530709355,14.455949825770642,0.27942263077784446,1.0
2023-08-15 14:00:00+00:00,-1.0,-25.639578743117397,0.8250590343964266,Business Inventories,-0.7048202114489214,True,25.639578743117397,0.8250590343964266,24.814519708720972,Business Inventories,All · surprise + DTW blend,-15.176644393605294,25.29452124296988,-0.5999972977477622,-1.0
2023-08-25 14:00:00+00:00,0.0,-30.400491112665406,0.8459249752056472,U. of Michigan Sentiment,-0.6300396832195052,True,-0.0,0.0,-0.0,U. of Michigan Sentiment,All · surprise + DTW blend,7.746918061461924,38.23858950096398,0.20259424216645405,1.0
2023-09-01 12:30:00+00:00,0.5,0.8584059406935296,0.830612361803288,Employment Report (NFP),0.2061479043812086,True,0.4292029703467648,0.415306180901644,0.013896789445120794,Employment Report (NFP),All · surprise + DTW blend,2.120910280739773,21.011160708935883,0.10094208074082106,0.0
2023-09-01 14:00:00+00:00,0.0,16.025185859014357,0.8290688698933645,ISM Manufacturing,0.4918277641841351,True,0.0,0.0,0.0,ISM Manufacturing,All · surprise + DTW blend,-3.7007105318258375,17.629850310652124,-0.20991162526149373,-1.0
2023-09-06 14:00:00+00:00,0.0,-4.3423510170370605,0.8387805865679412,ISM Services,0.9202972779379625,True,-0.0,0.0,-0.0,ISM Services,All · surprise + DTW blend,-5.7452386841025875,27.203501099778812,-0.2111948261008691,-1.0
2023-09-13 12:30:00+00:00,-0.5,,,CPI,-0.4305861898891642,False,-0.0,0.0,-0.0,CPI,All · surprise + DTW blend,2.2565937391774227e-09,0.00045703668989380524,4.937445481022002e-06,0.0
2023-09-14 12:30:00+00:00,0.0,,,PPI+Retail Sales,-0.1553579092930225,False,0.0,0.0,0.0,PPI+Retail Sales,All · surprise + DTW blend,-1.1432263899652653e-08,0.0005086641239608374,-2.247507414250594e-05,0.0
2023-09-14 14:00:00+00:00,-0.5,,,Business Inventories,-0.7058149899767884,False,-0.0,0.0,-0.0,Business Inventories,All · surprise + DTW blend,-0.6905017910391887,15.490486455806622,-0.04457586228871164,0.0
2023-09-15 14:00:00+00:00,0.0,,,U. of Michigan Sentiment,-0.4768353124361976,False,0.0,0.0,0.0,U. of Michigan Sentiment,All · surprise + DTW blend,3.3907958888618426,16.692934510643237,0.20312760986990677,1.0
2023-09-29 14:00:00+00:00,0.0,-23.550202229660755,0.8533678604007886,U. of Michigan Sentiment,0.1514252515685921,True,-0.0,0.0,-0.0,U. of Michigan Sentiment,All · surprise + DTW blend,-14.419342128362889,26.254059449426673,-0.5492233365334964,-1.0
2023-10-02 14:00:00+00:00,0.0,-10.702819430523649,0.8629154640402297,ISM Manufacturing,-0.1566272894723631,True,-0.0,0.0,-0.0,ISM Manufacturing,All · surprise + DTW blend,21.446902973436273,45.35455303037939,0.4728721052343015,1.0
2023-10-04 14:00:00+00:00,0.0,-31.691920946244068,0.8734676666365471,ISM Services,0.046078196022437,True,-0.0,0.0,-0.0,ISM Services,All · surprise + DTW blend,-8.360562039077918,27.537553413011747,-0.3036058401298452,-1.0
2023-10-06 12:30:00+00:00,0.0,-18.719247034972852,0.8700087000870008,Employment Report (NFP),0.0892200242871756,True,-0.0,0.0,-0.0,Employment Report (NFP),All · surprise + DTW blend,-11.770340276311446,37.77101169641308,-0.31162364330922104,-1.0
2023-10-11 12:30:00+00:00,-1.0,22.925677971699088,0.852189244784014,PPI,-0.6482130946295078,True,-22.925677971699088,0.852189244784014,-23.777867216483102,PPI,All · surprise + DTW blend,-6.458314118626754,26.960411997505982,-0.2395480499045857,-1.0
2023-10-12 12:30:00+00:00,0.0,-19.95305826303806,0.8494932333470032,CPI,-0.5048087791850232,True,-0.0,0.0,-0.0,CPI,All · surprise + DTW blend,6.068088400470941,14.183760461515156,0.4278194359623814,1.0
2023-10-13 14:00:00+00:00,-1.0,-21.18769552561517,0.8514386376981796,U. of Michigan Sentiment,-1.1963745297656416,True,21.18769552561517,0.8514386376981796,20.33625688791699,U. of Michigan Sentiment,All · surprise + DTW blend,-3.596519077013107,26.028717250959293,-0.13817504114155132,-1.0
2023-10-17 12:30:00+00:00,0.5,-1.762580422290938,0.8511887290871735,Retail Sales,0.3814422292219561,True,-0.881290211145469,0.42559436454358673,-1.3068845756890557,Retail Sales,All · surprise + DTW blend,-0.419691056526186,14.992665013666825,-0.02799309236507381,0.0
2023-10-17 14:00:00+00:00,1.0,7.046595905073616,0.8517637383616764,Business Inventories,0.7068159910615361,True,7.046595905073616,0.8517637383616764,6.194832166711939,Business Inventories,All · surprise + DTW blend,11.35057974979997,38.238382827931154,0.29683733752225944,1.0
2023-10-27 14:00:00+00:00,0.0,-8.544400886023595,0.8837421910711565,U. of Michigan Sentiment,0.2971298403222687,True,-0.0,0.0,-0.0,U. of Michigan Sentiment,All · surprise + DTW blend,-13.571042771721366,20.505660555341702,-0.6618193417907781,-1.0
2023-11-01 14:00:00+00:00,-0.5,26.483703934925273,0.8742049256925812,ISM Manufacturing,-0.4370947484304193,True,-13.241851967462637,0.4371024628462906,-13.678954430308927,ISM Manufacturing,All · surprise + DTW blend,-0.8137538323761747,53.09992517032035,-0.015324952526129245,0.0
2023-11-03 12:30:00+00:00,0.0,17.039783193428804,0.8549276259544235,Employment Report (NFP),-0.2327788883684226,True,0.0,0.0,0.0,Employment Report (NFP),All · surprise + DTW blend,16.24793492844349,26.840138558580392,0.6053595771490259,1.0
2023-11-03 14:00:00+00:00,-0.5,-9.979161991591212,0.8506893517160458,ISM Services,-0.5545907482542947,True,4.989580995795606,0.4253446758580229,4.564236319937583,ISM Services,All · surprise + DTW blend,0.4260275123116446,21.24133763614283,0.020056529377262232,0.0
2023-11-10 15:00:00+00:00,-1.0,-7.055918444098808,0.8519639237345398,U. of Michigan Sentiment,-1.1149234859701074,True,7.055918444098808,0.8519639237345398,6.203954520364268,U. of Michigan Sentiment,All · surprise + DTW blend,-3.531063155164677,20.65483642890798,-0.1709557549544518,-1.0
2023-11-14 13:30:00+00:00,1.0,38.339073496249654,0.8429742456833904,CPI,0.8053453819483084,True,38.339073496249654,0.8429742456833904,37.49609925056626,CPI,All · surprise + DTW blend,15.347593525049003,30.78148500509539,0.4985982165093221,1.0
2023-11-15 13:30:00+00:00,1.0,-16.861723604684187,0.828666133272374,PPI+Retail Sales,0.546873600388985,True,-16.861723604684187,0.828666133272374,-17.69038973795656,PPI+Retail Sales,All · surprise + DTW blend,9.051734395270682,27.84740532413095,0.325047676432065,1.0
2023-11-15 15:00:00+00:00,0.0,10.288066751069636,0.8292348164245683,Business Inventories,0.0,True,0.0,0.0,0.0,Business Inventories,All · surprise + DTW blend,4.542945118130034,42.18704572921281,0.1076857845721164,0.0
2023-11-22 15:00:00+00:00,0.5,11.636323667509885,0.8229051389007122,U. of Michigan Sentiment,0.1115179097470865,True,5.818161833754942,0.4114525694503561,5.406709264304586,U. of Michigan Sentiment,All · surprise + DTW blend,2.3618678078291584,19.215063265069844,0.1229175139965678,0.0
2023-12-01 15:00:00+00:00,0.5,1.109231580951331,0.8040368193412443,ISM Manufacturing,0.1669719534082837,True,0.5546157904756654,0.40201840967062213,0.15259738080504331,ISM Manufacturing,All · surprise + DTW blend,-0.2631195151654535,14.876254124764566,-0.017687215676655946,0.0
2023-12-05 15:00:00+00:00,0.5,0.2766136951493081,0.8032795966982438,ISM Services,0.1851212529593981,True,0.13830684757465406,0.4016397983491219,-0.26333295077446783,ISM Services,All · surprise + DTW blend,0.13718061250069669,26.557755760877264,0.005165369157539285,0.0
2023-12-08 13:30:00+00:00,1.0,11.914494142981624,0.8031683607056804,Employment Report (NFP),0.186887473709646,True,11.914494142981624,0.8031683607056804,11.111325782275944,Employment Report (NFP),All · surprise + DTW blend,8.278210038286277,21.703821632623427,0.3814171613833732,1.0
2023-12-08 15:00:00+00:00,0.0,1.1034178378643844,0.8014370595550643,U. of Michigan Sentiment,2.126770358773564,True,0.0,0.0,0.0,U. of Michigan Sentiment,All · surprise + DTW blend,-19.545897581298306,44.94318717093974,-0.4349023469776679,-1.0
2023-12-12 13:30:00+00:00,0.0,-30.129579888313884,0.793194934493039,CPI,-0.2654370051827885,True,-0.0,0.0,-0.0,CPI,All · surprise + DTW blend,11.877877756318206,19.278371842969648,0.6161245282054137,1.0
2023-12-13 13:30:00+00:00,0.5,,,PPI,0.536558552849708,False,0.0,0.0,0.0,PPI,All · surprise + DTW blend,4.433417650265971e-09,0.0003869849629049359,1.1456304702348483e-05,0.0
2023-12-14 13:30:00+00:00,0.5,,,Retail Sales,0.2835822483307001,False,0.0,0.0,0.0,Retail Sales,All · surprise + DTW blend,4.433417650265968e-09,0.00038698496290493585,1.1456304702348478e-05,0.0
2023-12-14 15:00:00+00:00,0.0,,,Business Inventories,0.0,False,0.0,0.0,0.0,Business Inventories,All · surprise + DTW blend,-1.2803582431363623,17.420266510464998,-0.07349820063701114,0.0
2023-12-22 15:00:00+00:00,0.0,3.9633784356141177,0.7663645252503898,U. of Michigan Sentiment,-0.0794559767056472,True,0.0,0.0,0.0,U. of Michigan Sentiment,All · surprise + DTW blend,11.625288172908904,17.760610303581917,0.6545545436895457,1.0
2024-01-02 15:00:00+00:00,-1.0,-6.853287210084602,0.7643043512637377,ISM Manufacturing,-0.147552730685314,True,6.853287210084602,0.7643043512637377,6.088982858820865,ISM Manufacturing,All · surprise + DTW blend,-3.0302353816928655,20.13904067783043,-0.1504657262561978,-1.0
2024-01-03 15:00:00+00:00,0.0,-15.084755351413293,0.7673378668007302,ISM Manufacturing+JOLTS,-0.1400060732610997,True,-0.0,0.0,-0.0,ISM Manufacturing+JOLTS,All · surprise + DTW blend,4.172894482434862,21.261159192519806,0.19626843694877127,0.0
2024-01-05 13:30:00+00:00,-0.5,19.146905115459138,0.7704979010574419,Employment Report (NFP),-0.3349725293676338,True,-9.573452557729569,0.38524895052872093,-9.95870150825829,Employment Report (NFP),All · surprise + DTW blend,-0.02005439442206991,10.603039409809387,-0.0018913816734017431,0.0
2024-01-05 15:00:00+00:00,0.0,6.618571953840302,0.7689248309691104,ISM Services,-0.8819703762954058,True,0.0,0.0,0.0,ISM Services,All · surprise + DTW blend,7.314389712652753,30.666460292921457,0.2385143131221143,1.0
2024-01-11 13:30:00+00:00,-1.0,-11.35358618006066,0.7639821913116783,CPI,-0.7572578714008459,True,11.35358618006066,0.7639821913116783,10.589603988748982,CPI,All · surprise + DTW blend,-7.158487878877614,37.420063213279825,-0.19130079599483876,-1.0
2024-01-12 13:30:00+00:00,0.5,6.0820014303253345,0.7682322710535378,PPI,0.4874189349370815,True,3.0410007151626672,0.3841161355267689,2.656884579635898,PPI,All · surprise + DTW blend,2.4769898112840467,21.336065447966106,0.11609402948846737,0.0
2024-01-17 13:30:00+00:00,0.5,-4.2816238712362065,0.7752145205699164,Retail Sales,0.2695311791201982,True,-2.1408119356181032,0.3876072602849582,-2.5284191959030613,Retail Sales,All · surprise + DTW blend,1.2978979928949141,21.1868453275874,0.061259615238938886,0.0
2024-01-19 15:00:00+00:00,0.5,1.059939584422409,0.7687210072895958,U. of Michigan Sentiment,2.1144540405073533,True,0.5299697922112045,0.3843605036447979,0.14560928856640665,U. of Michigan Sentiment,All · surprise + DTW blend,11.222058416992061,89.54337705267804,0.1253253873861622,0.0
2024-01-30 15:00:00+00:00,-1.0,-7.024025054978011,0.7537557831262671,JOLTS,-0.8204848023574096,True,7.024025054978011,0.7537557831262671,6.2702692718517445,JOLTS,All · surprise + DTW blend,-8.214355262748581,19.86833374817411,-0.4134395650316412,-1.0
2024-01-31 19:00:00+00:00,0.5,0.2595346543898813,0.7511591162224467,FOMC Rate Decision,0.0,True,0.12976732719494066,0.37557955811122334,-0.24581223091628268,FOMC Rate Decision,All · surprise + DTW blend,13.327551906205288,33.97985005402007,0.3922192677430176,1.0
2024-02-01 15:00:00+00:00,1.0,35.2145186720243,0.7571406192888099,ISM Manufacturing,0.9351872603869764,True,35.2145186720243,0.7571406192888099,34.457378052735486,ISM Manufacturing,All · surprise + DTW blend,5.587258527007961,17.248579816218154,0.3239257136842353,1.0
2024-02-02 13:30:00+00:00,-1.0,-16.09762777841084,0.7503040024837649,Employment Report (NFP),-0.38775356028151,True,16.09762777841084,0.7503040024837649,15.347323775927075,Employment Report (NFP),All · surprise + DTW blend,-9.684791175890696,44.0161023830225,-0.22002836806437065,-1.0
2024-02-02 15:00:00+00:00,0.0,11.167527034228186,0.7534033045827704,U. of Michigan Sentiment,-0.020724720425678,True,0.0,0.0,0.0,U. of Michigan Sentiment,All · surprise + DTW blend,4.70303882518755,19.47925409656551,0.24143834265280043,1.0
2024-02-05 15:00:00+00:00,0.5,-30.68284689131673,0.7518407134709115,ISM Services,0.6496483098356184,True,-15.341423445658364,0.37592035673545576,-15.71734380239382,ISM Services,All · surprise + DTW blend,-1.5183837335561559,33.7845441689253,-0.04494314695986784,0.0
2024-02-13 13:30:00+00:00,-1.0,-42.99299569940018,0.7468644569780319,CPI,-1.1752230772837458,True,42.99299569940018,0.7468644569780319,42.24613124242215,CPI,All · surprise + DTW blend,-18.33084960460404,35.79185582787567,-0.5121514149128717,-1.0
2024-02-15 13:30:00+00:00,-0.5,-2.33381307216618,0.7523673628226748,Retail Sales,-0.5833450170591599,True,1.16690653608309,0.3761836814113374,0.7907228546717525,Retail Sales,All · surprise + DTW blend,-0.20079672489313688,20.234564711690265,-0.009923451665709869,0.0
2024-02-16 13:30:00+00:00,-1.0,-2.322191126769013,0.7469029283745847,PPI,-1.3558344873028956,True,2.322191126769013,0.7469029283745847,1.5752881983944285,PPI,All · surprise + DTW blend,-10.919386262755792,32.44794567057844,-0.33652011050600156,-1.0
2024-02-16 15:00:00+00:00,-0.5,15.747424936609631,0.7493927334745981,U. of Michigan Sentiment,-0.0875138795886973,True,-7.873712468304816,0.37469636673729906,-8.248408835042115,U. of Michigan Sentiment,All · surprise + DTW blend,-0.3732244292050062,31.114257129767754,-0.011995286522458333,0.0
2024-03-01 15:00:00+00:00,-0.5,35.90668130728503,0.7452330780695894,ISM Manufacturing+U. of Michigan Sentiment,-0.5416049513565653,True,-17.953340653642513,0.3726165390347947,-18.325957192677308,ISM Manufacturing+U. of Michigan Sentiment,All · surprise + DTW blend,5.452259308038721,28.15503887602341,0.1936512796891152,0.0
2024-03-05 15:00:00+00:00,-1.0,-2.830564973930194,0.7470568536026173,ISM Services,-0.1860395184034023,True,2.830564973930194,0.7470568536026173,2.083508120327577,ISM Services,All · surprise + DTW blend,-18.431867213912767,37.15166257160339,-0.49612496287046476,-1.0
2024-03-06 15:00:00+00:00,0.0,-6.9667533877826315,0.7480782128669453,JOLTS,-0.0387423482543086,True,-0.0,0.0,-0.0,JOLTS,All · surprise + DTW blend,7.205320988429102,28.316293844290183,0.2544584763829188,1.0
2024-03-08 13:30:00+00:00,-0.5,13.66032404387596,0.7492959202129034,Employment Report (NFP),-0.0706665400889625,True,-6.83016202193798,0.3746479601064517,-7.204809982044432,Employment Report (NFP),All · surprise + DTW blend,1.6372003902772203,17.683852088085203,0.09258166049580974,0.0
2024-03-12 12:30:00+00:00,-1.0,38.67579078409733,0.747576819962879,CPI,-0.4778384284304798,True,-38.67579078409733,0.747576819962879,-39.42336760406021,CPI,All · surprise + DTW blend,-5.037501223836732,36.18482022553603,-0.1392158698713587,-1.0
2024-03-14 12:30:00+00:00,-0.5,,,PPI+Retail Sales,-0.4441833671280292,False,-0.0,0.0,-0.0,PPI+Retail Sales,All · surprise + DTW blend,1.3368121855323424e-09,0.00043383459453681417,3.081386782812e-06,0.0
2024-03-15 14:00:00+00:00,-1.0,,,U. of Michigan Sentiment,-0.0305883809511615,False,-0.0,0.0,-0.0,U. of Michigan Sentiment,All · surprise + DTW blend,-2.4755010786892013,16.775293218167977,-0.14756827475350381,-1.0
2024-03-20 18:00:00+00:00,0.0,24.96691291245412,0.7336942771846379,FOMC Rate Decision,0.0,True,0.0,0.0,0.0,FOMC Rate Decision,All · surprise + DTW blend,1.944398887707396,15.937877593715843,0.12199860842663608,0.0
2024-03-28 14:00:00+00:00,1.0,-8.222557678578823,0.7222554293684001,U. of Michigan Sentiment,0.7495036627979537,True,-8.222557678578823,0.7222554293684001,-8.944813107947224,U. of Michigan Sentiment,All · surprise + DTW blend,27.392684569190475,60.08143398889097,0.45592594501415146,1.0
2024-04-01 14:00:00+00:00,0.5,-19.012839390146752,0.7244747558020435,ISM Manufacturing,0.2691173535014057,True,-9.506419695073376,0.36223737790102173,-9.868657072974397,ISM Manufacturing,All · surprise + DTW blend,-2.3875757664557518,27.66060565630349,-0.08631682892712274,0.0
2024-04-02 14:00:00+00:00,-1.0,12.420944828139824,0.7353127614797534,JOLTS,-0.0777388175333528,True,-12.420944828139824,0.7353127614797534,-13.156257589619578,JOLTS,All · surprise + DTW blend,-11.722046537014485,21.476475613125736,-0.5458086675008419,-1.0
2024-04-03 14:00:00+00:00,0.0,-0.7581980164061974,0.7341400435420992,ISM Services,-0.652812306132463,True,-0.0,0.0,-0.0,ISM Services,All · surprise + DTW blend,8.652050102817295,22.03073254809339,0.39272639182241226,1.0
2024-04-05 12:30:00+00:00,0.5,-1.0261672661648902,0.7431133888532991,Employment Report (NFP),0.194963804370428,True,-0.5130836330824451,0.37155669442664957,-0.8846403275090946,Employment Report (NFP),All · surprise + DTW blend,2.0615598783605678,26.083328423498273,0.07903745430369707,0.0
2024-04-10 12:30:00+00:00,-1.0,-44.016081566446985,0.7383267987168389,CPI,-0.7664412194645043,True,44.016081566446985,0.7383267987168389,43.277754767730144,CPI,All · surprise + DTW blend,-15.293900937711726,33.312569219866724,-0.459103014143708,-1.0
2024-04-11 12:30:00+00:00,1.0,13.165539171744456,0.7517822423849643,PPI,0.0592735121268001,True,13.165539171744456,0.7517822423849643,12.413756929359492,PPI,All · surprise + DTW blend,8.41217351601345,31.145226925595935,0.2700951107567662,1.0
2024-04-12 14:00:00+00:00,0.0,-26.788400784294453,0.7528556593977155,U. of Michigan Sentiment,-0.4673436856939909,True,-0.0,0.0,-0.0,U. of Michigan Sentiment,All · surprise + DTW blend,6.8628498941577165,28.810916029144053,0.23820311326496915,1.0
2024-04-15 12:30:00+00:00,0.5,25.467127404930068,0.7537949677687669,Retail Sales,0.4899628127387242,True,12.733563702465034,0.37689748388438343,12.356666218580651,Retail Sales,All · surprise + DTW blend,1.683739344931185,11.640592730994701,0.14464378093462493,0.0
2024-04-26 14:00:00+00:00,-0.5,10.406911127631702,0.7551493372913574,U. of Michigan Sentiment,-0.2085880846826101,True,-5.203455563815851,0.3775746686456787,-5.581030232461529,U. of Michigan Sentiment,All · surprise + DTW blend,1.895119947456931,16.1984677076398,0.11699377877347755,0.0
2024-05-01 14:00:00+00:00,0.5,17.891445822932894,0.7631779783678517,ISM Manufacturing+JOLTS,0.3242630803040228,True,8.945722911466447,0.38158898918392586,8.56413392228252,ISM Manufacturing+JOLTS,All · surprise + DTW blend,-0.3056046781103794,25.551399209153185,-0.011960389159467389,0.0
2024-05-01 18:00:00+00:00,0.0,21.208915691381947,0.7611149021048763,FOMC Rate Decision,0.0,True,0.0,0.0,0.0,FOMC Rate Decision,All · surprise + DTW blend,-2.550621191005819,32.54329053191308,-0.07837625357843245,0.0
2024-05-03 12:30:00+00:00,0.0,-8.230241456317344,0.750168141135082,Employment Report (NFP),-0.0870246832772972,True,-0.0,0.0,-0.0,Employment Report (NFP),All · surprise + DTW blend,18.6979718904584,29.83890969967209,0.6266305330406855,1.0
2024-05-03 14:00:00+00:00,-0.5,-27.581957759625908,0.7454629582026632,ISM Services,-1.2135094696925872,True,13.790978879812954,0.3727314791013316,13.418247400711623,ISM Services,All · surprise + DTW blend,-1.9261357267773458,26.194488845531797,-0.07353209822629932,0.0
2024-05-10 14:00:00+00:00,-0.5,-4.034494986395742,0.730570600831339,U. of Michigan Sentiment,-2.1726175926367697,True,2.017247493197871,0.3652853004156695,1.6519621927822017,U. of Michigan Sentiment,All · surprise + DTW blend,3.4019231124759113,19.589210039818994,0.1736631086991676,0.0
2024-05-14 12:30:00+00:00,-1.0,28.330780591510063,0.7323047397792986,PPI,-0.6190507357095073,True,-28.330780591510063,0.7323047397792986,-29.06308533128936,PPI,All · surprise + DTW blend,-22.870579738132577,33.73526379616697,-0.6779428160490968,-1.0
2024-05-15 12:30:00+00:00,0.5,-4.769136249223038,0.7306074118862268,CPI+Retail Sales,0.040853595856144,True,-2.384568124611519,0.3653037059431134,-2.7498718305546324,CPI+Retail Sales,All · surprise + DTW blend,18.095798460677994,30.90353218039733,0.5855576105360696,1.0
2024-05-24 14:00:00+00:00,1.0,-5.354342882348817,0.7402869250012764,U. of Michigan Sentiment,0.3551438966268981,True,-5.354342882348817,0.7402869250012764,-6.094629807350094,U. of Michigan Sentiment,All · surprise + DTW blend,13.4370928523201,39.339569279494924,0.341566852368258,1.0
2024-06-03 14:00:00+00:00,-0.5,-4.132444916500333,0.7493346425156971,ISM Manufacturing,-0.4027774288517774,True,2.0662224582501665,0.3746673212578486,1.6915551369923179,ISM Manufacturing,All · surprise + DTW blend,-2.1728773944243645,25.851065931602648,-0.08405368661290076,0.0
2024-06-04 14:00:00+00:00,0.5,12.39285504063048,0.7496639437493537,JOLTS,0.8737619779775578,True,6.19642752031524,0.3748319718746769,5.821595548440563,JOLTS,All · surprise + DTW blend,0.8939594951612879,23.72617235690343,0.037678201174374384,0.0
2024-06-05 14:00:00+00:00,0.5,-9.044512535947293,0.7486382528332085,ISM Services,1.3034573972252783,True,-4.522256267973646,0.37431912641660425,-4.896575394390251,ISM Services,All · surprise + DTW blend,-3.078855896029001,33.42811377326596,-0.0921037877551831,0.0
2024-06-07 12:30:00+00:00,-1.0,4.896844210673379,0.7441621760328458,Employment Report (NFP),-0.20423991577674,True,-4.896844210673379,0.7441621760328458,-5.641006386706225,Employment Report (NFP),All · surprise + DTW blend,-19.95679912556598,36.172778220666665,-0.5517076682311347,-1.0
2024-06-12 12:30:00+00:00,1.0,26.60596621796074,0.746941403734707,CPI,0.9012986804965564,True,26.60596621796074,0.746941403734707,25.859024814226036,CPI,All · surprise + DTW blend,15.161387493264572,30.996386418335454,0.4891340328721698,1.0
2024-06-12 18:00:00+00:00,0.0,11.342253684194503,0.7468836921809003,FOMC Rate Decision,0.0,True,0.0,0.0,0.0,FOMC Rate Decision,All · surprise + DTW blend,-2.1453922567847448,24.601356753925657,-0.08720625769724684,0.0
2024-06-13 12:30:00+00:00,1.0,-13.687841911877996,0.7495670604047662,PPI,1.0325509387972418,True,-13.687841911877996,0.7495670604047662,-14.437408972282762,PPI,All · surprise + DTW blend,15.66123863058285,25.183498326261862,0.6218849513155602,1.0
2024-06-14 14:00:00+00:00,-1.0,-9.635793810396365,0.7540301612064483,U. of Michigan Sentiment,-1.5077009336686769,True,9.635793810396365,0.7540301612064483,8.881763649189917,U. of Michigan Sentiment,All · surprise + DTW blend,-6.65346864267894,32.52648784401729,-0.20455539726840613,-1.0
2024-06-18 12:30:00+00:00,-1.0,,,Retail Sales,-0.1991426389856368,False,-0.0,0.0,-0.0,Retail Sales,All · surprise + DTW blend,-3.299312719361441,14.560820436295808,-0.22658838035920234,-1.0
2024-06-28 14:00:00+00:00,0.5,26.71372556369178,0.7322862481692843,U. of Michigan Sentiment,0.5564715042583241,True,13.35686278184589,0.36614312408464217,12.990719657761248,U. of Michigan Sentiment,All · surprise + DTW blend,1.7771432188043232,26.953273950012463,0.06593422461776675,0.0
2024-07-01 14:00:00+00:00,0.0,-45.91677467173483,0.7301475401581148,ISM Manufacturing,-0.4876935484636415,True,-0.0,0.0,-0.0,ISM Manufacturing,All · surprise + DTW blend,4.920811038684864,13.784898508104352,0.3569711475054999,1.0
2024-07-02 14:00:00+00:00,-0.5,0.0,0.7344561225781943,JOLTS,-0.5833799148516129,True,-0.0,0.36722806128909713,-0.36722806128909713,JOLTS,All · surprise + DTW blend,-1.3120521300660835,30.749798027221203,-0.04266864221041685,0.0
2024-07-03 14:00:00+00:00,-1.0,,,ISM Services,-1.7907001556583515,False,-0.0,0.0,-0.0,ISM Services,All · surprise + DTW blend,-2.5944334587295557,15.84694140253697,-0.1637182464948225,-1.0
2024-07-05 12:30:00+00:00,-0.5,-2.269145928419647,0.7316950093354191,Employment Report (NFP),-0.042536768431817,True,1.1345729642098235,0.36584750466770954,0.7687254595421139,Employment Report (NFP),All · surprise + DTW blend,-1.2777840262364388,11.59629595498305,-0.11018898027411603,0.0
2024-07-11 12:30:00+00:00,1.0,-24.468814485469892,0.725,CPI,1.1642994529213304,True,-24.468814485469892,0.725,-25.193814485469893,CPI,All · surprise + DTW blend,6.112263755622287,25.934189920725924,0.23568361974312244,1.0
2024-07-12 12:30:00+00:00,-0.5,16.943244198799334,0.7225973637654798,PPI,-0.5983242205782651,True,-8.471622099399667,0.3612986818827399,-8.832920781282407,PPI,All · surprise + DTW blend,-0.030966660106168886,14.60395066863255,-0.0021204303416801715,0.0
2024-07-12 14:00:00+00:00,-1.0,25.36620693163627,0.7222554293684001,U. of Michigan Sentiment,-0.4645606680910795,True,-25.36620693163627,0.7222554293684001,-26.08846236100467,U. of Michigan Sentiment,All · surprise + DTW blend,-9.470391358759997,32.96813615476992,-0.28725892523316926,-1.0
2024-07-16 12:30:00+00:00,0.0,16.000988089945878,0.7147434317543254,Retail Sales,0.4072349741296833,True,0.0,0.0,0.0,Retail Sales,All · surprise + DTW blend,-2.4511666913760544,15.14829990941307,-0.16181133896437533,-1.0
2024-07-26 14:00:00+00:00,0.0,13.00151049710152,0.7123031955395083,U. of Michigan Sentiment,-0.0311151528672282,True,0.0,0.0,0.0,U. of Michigan Sentiment,All · surprise + DTW blend,5.980496221267008,22.532349210204778,0.26541822894163536,1.0
2024-07-30 14:00:00+00:00,0.0,-19.780950806946866,0.7075241534107544,JOLTS,-0.5535765291927877,True,-0.0,0.0,-0.0,JOLTS,All · surprise + DTW blend,7.868967198122267,18.331151969013334,0.42926746837426444,1.0
2024-07-31 18:00:00+00:00,0.5,16.982051630947126,0.7033201561855795,FOMC Rate Decision,0.0,True,8.491025815473563,0.35166007809278976,8.139365737380773,FOMC Rate Decision,All · surprise + DTW blend,4.95895777196001,17.117744084437977,0.28969692194827706,1.0
2024-08-01 14:00:00+00:00,0.0,-57.92583624183223,0.7061974917813223,ISM Manufacturing,-0.4767604809750534,True,-0.0,0.0,-0.0,ISM Manufacturing,All · surprise + DTW blend,10.54030047358401,32.41302197055811,0.32518721898742226,1.0
2024-08-02 12:30:00+00:00,-1.0,5.996701993709053,0.7208550832711905,Employment Report (NFP),-0.0520498972563421,True,-5.996701993709053,0.7208550832711905,-6.717557076980243,Employment Report (NFP),All · surprise + DTW blend,-22.323343667610754,33.947050648467545,-0.6575930232872377,-1.0
2024-08-05 14:00:00+00:00,0.0,-87.90926446849312,0.747866003043041,ISM Services,0.1845635808619574,True,-0.0,0.0,-0.0,ISM Services,All · surprise + DTW blend,-5.034319958781315,42.63992552512281,-0.11806587128805297,-1.0
2024-08-13 12:30:00+00:00,0.5,1.5151515180455988,0.7335829201659414,PPI,0.3450978502168926,True,0.7575757590227994,0.3667914600829707,0.3907842989398287,PPI,All · surprise + DTW blend,2.648279007542744,20.998362645677723,0.12611835752288345,0.0
2024-08-14 12:30:00+00:00,1.0,4.25985096963899,0.727145077980041,CPI,0.3098392583032254,True,4.25985096963899,0.727145077980041,3.5327058916589484,CPI,All · surprise + DTW blend,3.446746067682352,15.516092506591457,0.22214008238337873,1.0
2024-08-15 12:30:00+00:00,1.0,35.61098800036078,0.7200496585971445,Retail Sales,0.2996817509038771,True,35.61098800036078,0.7200496585971445,34.89093834176363,Retail Sales,All · surprise + DTW blend,7.36672571947474,31.250690659397257,0.2357300131304306,1.0
2024-08-16 14:00:00+00:00,0.5,-24.592998475547745,0.7132492191150791,U. of Michigan Sentiment,0.1227898524426557,True,-12.296499237773872,0.35662460955753955,-12.653123847331411,U. of Michigan Sentiment,All · surprise + DTW blend,1.1511304931013566,31.096960521765364,0.03701746002782678,0.0
2024-08-30 14:00:00+00:00,0.5,0.0,0.698997300424219,U. of Michigan Sentiment,0.0464482738396356,True,0.0,0.3494986502121095,-0.3494986502121095,U. of Michigan Sentiment,All · surprise + DTW blend,3.9386431368030155,43.17019447321086,0.09123524192709229,0.0
2024-09-03 14:00:00+00:00,-0.5,-32.958540885523746,0.7005677014132141,ISM Manufacturing,-0.0485814437334042,True,16.479270442761873,0.35028385070660706,16.128986592055266,ISM Manufacturing,All · surprise + DTW blend,2.8033540643810833,17.066400476179325,0.16426158921407624,0.0
2024-09-04 14:00:00+00:00,1.0,31.14888265486115,0.7050128847182379,JOLTS,1.2886503542298795,True,31.14888265486115,0.7050128847182379,30.443869770142914,JOLTS,All · surprise + DTW blend,9.216400733454499,19.243962891890963,0.4789242623897448,1.0
2024-09-05 14:00:00+00:00,0.5,5.364414554041019,0.7081115397763345,ISM Services,0.0462731692942805,True,2.6822072770205097,0.3540557698881672,2.3281515071323424,ISM Services,All · surprise + DTW blend,-1.2383422722742767,24.664232265614956,-0.05020802021884467,0.0
2024-09-06 12:30:00+00:00,-0.5,23.542694249361062,0.7130387745568095,Employment Report (NFP),-0.0943309445874508,True,-11.771347124680531,0.35651938727840476,-12.127866511958937,Employment Report (NFP),All · surprise + DTW blend,-0.623071796239008,9.752890257900003,-0.06388586149980613,0.0
2024-09-11 12:30:00+00:00,-1.0,27.604582141123046,0.7128109330449317,CPI,-0.1677863014867797,True,-27.604582141123046,0.7128109330449317,-28.317393074167978,CPI,All · surprise + DTW blend,-13.601110869451222,34.0315762166914,-0.3996615020958187,-1.0
2024-09-12 12:30:00+00:00,-1.0,-8.789492240275365,0.7073170731707317,PPI,-0.2352160732074721,True,8.789492240275365,0.7073170731707317,8.082175167104634,PPI,All · surprise + DTW blend,-3.588676016274281,17.9147479663104,-0.20031964853890044,-1.0
2024-09-13 14:00:00+00:00,0.0,8.218516295315226,0.7012453149558698,U. of Michigan Sentiment,0.2144307516473969,True,0.0,0.0,0.0,U. of Michigan Sentiment,All · surprise + DTW blend,-10.474892928501397,27.23817491652601,-0.3845666224188187,-1.0
2024-09-17 12:30:00+00:00,0.0,,,Retail Sales,0.0277408614337283,False,0.0,0.0,0.0,Retail Sales,All · surprise + DTW blend,-5.630021802204219,12.322930689335623,-0.456873607759272,-1.0
2024-09-18 18:00:00+00:00,-1.0,,,FOMC Rate Decision,-5.0,False,-0.0,0.0,-0.0,FOMC Rate Decision,All · surprise + DTW blend,-2.4319035343406528,10.243868432945519,-0.23740089500948267,-1.0
2024-09-27 14:00:00+00:00,0.5,29.891199688236725,0.678918412735573,U. of Michigan Sentiment,0.1418831971197052,True,14.945599844118362,0.3394592063677865,14.606140637750576,U. of Michigan Sentiment,All · surprise + DTW blend,-1.405357387119233,14.562052213882334,-0.09650819585576503,0.0
2024-10-01 14:00:00+00:00,-0.5,-13.220020811104405,0.6837042625424368,ISM Manufacturing+JOLTS,-0.7875306739426045,True,6.610010405552202,0.3418521312712184,6.268158274280984,ISM Manufacturing+JOLTS,All · surprise + DTW blend,-1.7800716593433101,20.767023073947474,-0.08571626530219613,0.0
2024-10-03 14:00:00+00:00,0.0,-1.8922818610356271,0.686731866726657,ISM Services,1.484916701919426,True,-0.0,0.0,-0.0,ISM Services,All · surprise + DTW blend,-5.0160305276505674,19.86766996966052,-0.2524720078051647,-1.0
2024-10-04 12:30:00+00:00,0.0,28.93336763154508,0.6837848671335266,Employment Report (NFP),-0.1422415160513053,True,0.0,0.0,0.0,Employment Report (NFP),All · surprise + DTW blend,3.5346183603302044,17.25418756625987,0.20485568194715015,1.0
2024-10-10 12:30:00+00:00,-0.5,-5.851032874186757,0.6778234854151085,CPI,-0.9099158715024142,True,2.9255164370933784,0.33891174270755425,2.5866046943858243,CPI,All · surprise + DTW blend,1.4589472578452718,27.25508621722362,0.05352935764786913,0.0
2024-10-11 12:30:00+00:00,0.0,-10.991710551344624,0.6783625730994152,PPI,-0.1107712752265794,True,-0.0,0.0,-0.0,PPI,All · surprise + DTW blend,2.8771180180689075,13.873858051283898,0.2073769248203211,1.0
2024-10-11 14:00:00+00:00,-1.0,34.910548174948985,0.6757386522509087,U. of Michigan Sentiment,-0.5357844291061307,True,-34.910548174948985,0.6757386522509087,-35.58628682719989,U. of Michigan Sentiment,All · surprise + DTW blend,-9.316822734227028,27.324789064939868,-0.34096595264046664,-1.0
2024-10-17 12:30:00+00:00,0.5,5.296549306894605,0.6681103994839422,Retail Sales,0.2800718448031246,True,2.6482746534473023,0.3340551997419711,2.314219453705331,Retail Sales,All · surprise + DTW blend,-1.1474258740188787,12.267313521768587,-0.0935352204036156,0.0
2024-10-25 14:00:00+00:00,0.5,4.209541689856877,0.6786642016334745,U. of Michigan Sentiment,0.5011153801950475,True,2.1047708449284386,0.33933210081673726,1.7654387441117012,U. of Michigan Sentiment,All · surprise + DTW blend,1.5551692583695347,29.628653061906906,0.052488692453218244,0.0
2024-10-29 14:00:00+00:00,0.5,26.32817693843492,0.6820640669833952,JOLTS,1.6752316714054052,True,13.16408846921746,0.3410320334916976,12.823056435725762,JOLTS,All · surprise + DTW blend,-0.37172219144108276,20.113454729088726,-0.018481270196883986,0.0
2024-11-01 12:30:00+00:00,0.0,24.45772765117482,0.6892945426887241,Employment Report (NFP),-0.0293379522497713,True,0.0,0.0,0.0,Employment Report (NFP),All · surprise + DTW blend,6.385800826342364,21.05305052859829,0.30331950316026385,1.0
2024-11-01 14:00:00+00:00,0.5,52.43652329491866,0.6867481292033722,ISM Manufacturing,0.1638772187770114,True,26.21826164745933,0.3433740646016861,25.874887582857642,ISM Manufacturing,All · surprise + DTW blend,1.5359173014136664,16.026796663007623,0.09583432882497386,0.0
2024-11-05 15:00:00+00:00,0.5,20.622718365839177,0.6877905322075704,ISM Services,1.018693733877215,True,10.311359182919588,0.3438952661037852,9.967463916815802,ISM Services,All · surprise + DTW blend,-1.714508821180476,22.512673655627477,-0.07615749454760569,0.0
2024-11-07 19:00:00+00:00,-0.5,-4.785070671093905,0.6606675019933934,FOMC Rate Decision,0.0,True,2.3925353355469525,0.3303337509966967,2.0622015845502557,FOMC Rate Decision,All · surprise + DTW blend,-2.832395158671078,12.10877455354519,-0.2339126181717384,-1.0
2024-11-08 15:00:00+00:00,0.5,14.523342013159636,0.6587316009449391,U. of Michigan Sentiment,0.406251960696072,True,7.261671006579818,0.32936580047246955,6.9323052061073485,U. of Michigan Sentiment,All · surprise + DTW blend,0.4150424140331616,31.28781256369949,0.013265306201517552,0.0
2024-11-13 13:30:00+00:00,-0.5,-7.710450309428296,0.6592557230216645,CPI,-0.1113847084764326,True,3.855225154714148,0.32962786151083223,3.5255972932033157,CPI,All · surprise + DTW blend,5.88719226142025,30.551621493992233,0.19269655663212265,0.0
2024-11-14 13:30:00+00:00,-0.5,-8.59553537505775,0.6554709219537553,PPI,-0.3007165348079867,True,4.297767687528875,0.32773546097687767,3.9700322265519974,PPI,All · surprise + DTW blend,0.24169128610753998,12.643052641216364,0.019116529288158317,0.0
2024-11-15 13:30:00+00:00,0.0,-9.829358568591571,0.662735956853604,Retail Sales,-0.1431691057747343,True,-0.0,0.0,-0.0,Retail Sales,All · surprise + DTW blend,4.393813813045102,18.977221486989205,0.23153093386497617,1.0
2024-11-22 15:00:00+00:00,-1.0,-32.35040770837472,0.6547605608362873,U. of Michigan Sentiment,-0.2664711518329156,True,32.35040770837472,0.6547605608362873,31.69564714753843,U. of Michigan Sentiment,All · surprise + DTW blend,-6.8322066667782675,35.86218721635334,-0.19051282693830637,-1.0
2024-12-02 15:00:00+00:00,-1.0,-10.473655260003769,0.6460236132768992,ISM Manufacturing,-0.096633504170564,True,10.473655260003769,0.6460236132768992,9.82763164672687,ISM Manufacturing,All · surprise + DTW blend,-7.472422439750837,22.74014503185369,-0.3286004741519326,-1.0
2024-12-03 15:00:00+00:00,-1.0,-15.627096094412709,0.6470037035384409,JOLTS,-0.6706551994181498,True,15.627096094412709,0.6470037035384409,14.980092390874267,JOLTS,All · surprise + DTW blend,-6.552572083094427,17.275390106031736,-0.37930096182352396,-1.0
2024-12-04 15:00:00+00:00,-1.0,-23.559231220033897,0.6436291808154117,ISM Services,-1.645045572289697,True,23.559231220033897,0.6436291808154117,22.915602039218484,ISM Services,All · surprise + DTW blend,-3.7683847052228403,23.69945543958648,-0.15900722760609529,-1.0
2024-12-06 13:30:00+00:00,0.0,4.899886509743823,0.64709032488397,Employment Report (NFP),-0.2100303674944581,True,0.0,0.0,0.0,Employment Report (NFP),All · surprise + DTW blend,7.837606795112462,26.173477114326268,0.2994484363265011,1.0
2024-12-06 15:00:00+00:00,0.5,2.450134212779176,0.6457502950410831,U. of Michigan Sentiment,0.2923674902313188,True,1.225067106389588,0.32287514752054153,0.9021919588690464,U. of Michigan Sentiment,All · surprise + DTW blend,-2.3114169448272355,30.56784858074085,-0.07561595114297753,0.0
2024-12-11 13:30:00+00:00,-0.5,10.808134172304309,0.6541107477162513,CPI,-0.2110413005637379,True,-5.404067086152154,0.32705537385812566,-5.73112246001028,CPI,All · surprise + DTW blend,0.7036674618267036,21.374445699491886,0.03292096888591741,0.0
2024-12-12 13:30:00+00:00,-1.0,1.5841584191633729,0.6563907562074194,PPI,-0.4486737564965931,True,-1.5841584191633729,0.6563907562074194,-2.2405491753707922,PPI,All · surprise + DTW blend,-3.979637319324673,15.556537772314474,-0.25581767470182987,-1.0
2024-12-17 13:30:00+00:00,-1.0,2.7547577135322854,0.6660236093886361,Retail Sales,-0.0652756240882107,True,-2.7547577135322854,0.6660236093886361,-3.4207813229209214,Retail Sales,All · surprise + DTW blend,-5.028169748723013,11.499198600270924,-0.4372626235540055,-1.0
2024-12-18 19:00:00+00:00,-0.5,,,FOMC Rate Decision,0.0,False,-0.0,0.0,-0.0,FOMC Rate Decision,All · surprise + DTW blend,-3.154183765206167,8.283329626444587,-0.38078694286611675,-1.0
2024-12-20 15:00:00+00:00,0.0,,,U. of Michigan Sentiment,0.0238163640640968,False,0.0,0.0,0.0,U. of Michigan Sentiment,All · surprise + DTW blend,-2.4942309790099064,15.854583891229291,-0.15731923310770127,-1.0
2025-01-02 15:00:00+00:00,0.0,-51.55488532833985,0.671653889802441,ISM Manufacturing,-0.3042494696872734,True,-0.0,0.0,-0.0,ISM Manufacturing,All · surprise + DTW blend,15.7064010800782,15.26902260398408,1.028644824717202,1.0
2025-01-03 15:00:00+00:00,1.0,18.44566641356238,0.6778868630201028,ISM Manufacturing,0.398200966071176,True,18.44566641356238,0.6778868630201028,17.767779550542276,ISM Manufacturing,All · surprise + DTW blend,7.9984735388687,34.288132405883545,0.23327235919959965,1.0
2025-01-07 15:00:00+00:00,-0.5,-7.891011619332033,0.6716694459885121,ISM Services+JOLTS,-0.3968452530235616,True,3.9455058096660167,0.33583472299425604,3.6096710866717605,ISM Services+JOLTS,All · surprise + DTW blend,-15.354774786005853,29.447797155261494,-0.5214235450294925,-1.0
2025-01-10 13:30:00+00:00,0.0,-3.289473713881108,0.676779463243874,Employment Report (NFP),0.0612542611775792,True,-0.0,0.0,-0.0,Employment Report (NFP),All · surprise + DTW blend,-12.704853244585314,36.44046956290876,-0.34864680386876945,-1.0
2025-01-10 15:00:00+00:00,-1.0,-15.582946913053064,0.6826741996233522,U. of Michigan Sentiment,-0.8575793052114389,True,15.582946913053064,0.6826741996233522,14.900272713429711,U. of Michigan Sentiment,All · surprise + DTW blend,-13.63253469435865,40.348902438334335,-0.3378663078925976,-1.0
2025-01-15 13:30:00+00:00,1.0,55.180515195409896,0.6750151296494576,CPI,0.2327917835171692,True,55.180515195409896,0.6750151296494576,54.50550006576044,CPI,All · surprise + DTW blend,9.200186668343576,24.86487376014887,0.37000737494548586,1.0
2025-01-16 13:30:00+00:00,-1.0,-6.231464480368487,0.6692513615803563,Retail Sales,-0.0346000004121031,True,6.231464480368487,0.6692513615803563,5.562213118788131,Retail Sales,All · surprise + DTW blend,-2.556175215612714,12.794920918436791,-0.1997804622558787,-1.0
2025-01-24 15:00:00+00:00,-0.5,9.63272512572999,0.649830819907231,U. of Michigan Sentiment,-0.360604682867341,True,-4.816362562864995,0.3249154099536155,-5.141277972818611,U. of Michigan Sentiment,All · surprise + DTW blend,4.858221878937894,37.21229106079709,0.13055422658606472,0.0
2025-01-28 14:00:00+00:00,0.0,12.256405505368662,0.6466574499397939,FHFA House Price Index MoM,0.0,True,0.0,0.0,0.0,FHFA House Price Index MoM,All · surprise + DTW blend,0.3617574748162796,9.350437134464677,0.03868883022408456,0.0
2025-01-29 19:00:00+00:00,0.5,-18.52782493298122,0.6451612903225806,FOMC Rate Decision,0.0,True,-9.26391246649061,0.3225806451612903,-9.5864931116519,FOMC Rate Decision,All · surprise + DTW blend,6.495154112545269,12.559314445848033,0.5171583322123521,1.0
2025-02-03 15:00:00+00:00,0.0,92.84111005653628,0.6580141586494826,ISM Manufacturing,0.3285179854499119,True,0.0,0.0,0.0,ISM Manufacturing,All · surprise + DTW blend,-4.857189691230413,22.34032680448344,-0.21741802318915196,-1.0
2025-02-04 15:00:00+00:00,0.0,9.88009241909893,0.6518318723308608,JOLTS,1.196853989327626,True,0.0,0.0,0.0,JOLTS,All · surprise + DTW blend,-8.080623661577027,33.42902314355246,-0.24172479186355036,-1.0
2025-02-05 15:00:00+00:00,0.0,17.917539340750466,0.6503262843944116,ISM Services,-0.5541087527484676,True,0.0,0.0,0.0,ISM Services,All · surprise + DTW blend,10.033958453551206,33.449554104769675,0.29997286128607714,1.0
2025-02-07 13:30:00+00:00,-0.5,25.63732413108255,0.6467007113707824,Employment Report (NFP),-0.2996901978770552,True,-12.818662065541275,0.3233503556853912,-13.142012421226667,Employment Report (NFP),All · surprise + DTW blend,0.9955155571278067,26.008161010403633,0.03827704529857326,0.0
2025-02-07 15:00:00+00:00,-1.0,-33.02321317780965,0.6450464878330886,U. of Michigan Sentiment,-1.4965950659776912,True,33.02321317780965,0.6450464878330886,32.37816668997656,U. of Michigan Sentiment,All · surprise + DTW blend,-5.421211207474397,29.507774204396682,-0.18372145489261038,-1.0
2025-02-12 13:30:00+00:00,-1.0,-0.9028530161536708,0.6487986039643832,CPI,-1.189852178331003,True,0.9028530161536708,0.6487986039643832,0.2540544121892876,CPI,All · surprise + DTW blend,-14.181150054709269,33.47734766641135,-0.42360434870823316,-1.0
2025-02-14 13:30:00+00:00,-1.0,8.271761350684415,0.6486825034670961,Retail Sales,-0.7247486316763638,True,-8.271761350684415,0.6486825034670961,-8.920443854151511,Retail Sales,All · surprise + DTW blend,-2.305305616086948,9.423093767942486,-0.24464424029501158,-1.0
2025-02-21 15:00:00+00:00,-0.5,1.3678019444185452,0.6608331054598486,U. of Michigan Sentiment,-0.8842460210678148,True,-0.6839009722092726,0.3304165527299243,-1.014317524939197,U. of Michigan Sentiment,All · surprise + DTW blend,2.3745374901008507,29.24396054276944,0.08119753432945848,0.0
2025-02-25 14:00:00+00:00,-1.0,2.0629190377441375,0.6646497983131646,FHFA House Price Index MoM,-0.2355228020676789,True,-2.0629190377441375,0.6646497983131646,-2.7275688360573023,FHFA House Price Index MoM,All · surprise + DTW blend,-3.696063703246267,8.949175395473228,-0.4130060636777609,-1.0
2025-03-03 15:00:00+00:00,1.0,18.21411186123001,0.6594356140709917,ISM Manufacturing,0.3639688655626393,True,18.21411186123001,0.6594356140709917,17.554676247159016,ISM Manufacturing,All · surprise + DTW blend,8.11155594586843,23.665937546247914,0.3427523600118038,1.0
2025-03-05 15:00:00+00:00,0.5,-41.416646897243226,0.6801604240448437,ISM Services,0.4623938070862627,True,-20.708323448621613,0.34008021202242184,-21.048403660644034,ISM Services,All · surprise + DTW blend,1.7308162735884662,21.86652437147595,0.07915369832831093,0.0
2025-03-07 13:30:00+00:00,0.0,-68.47896181579216,0.6807192150603258,Employment Report (NFP),-0.2240515841887758,True,-0.0,0.0,-0.0,Employment Report (NFP),All · surprise + DTW blend,8.785948355397727,26.636763640822736,0.3298429371476885,1.0
2025-03-11 14:00:00+00:00,-0.5,-73.00529531184097,0.6955103607060629,JOLTS,-0.4173958516420434,True,36.502647655920484,0.34775518035303143,36.15489247556745,JOLTS,All · surprise + DTW blend,1.488599840100484,19.374209855814158,0.07683409290902042,0.0
2025-03-12 12:30:00+00:00,1.0,-42.74276120659337,0.6953769422597352,CPI,0.7784635318901826,True,-42.74276120659337,0.6953769422597352,-43.438138148853106,CPI,All · surprise + DTW blend,14.856785138693638,26.74359983955627,0.5555267513657257,1.0
2025-03-14 14:00:00+00:00,-1.0,5.349804373384615,0.7034395769659924,U. of Michigan Sentiment,-2.046775047943191,True,-5.349804373384615,0.7034395769659924,-6.053243950350607,U. of Michigan Sentiment,All · surprise + DTW blend,-18.05198957557729,33.00130759897681,-0.547008312365689,-1.0
2025-03-17 12:30:00+00:00,0.0,26.337105820957163,0.7021451745678176,Retail Sales,0.050911087260033,True,0.0,0.0,0.0,Retail Sales,All · surprise + DTW blend,-6.586293016566138,14.237292824515917,-0.46260852380762063,-1.0
2025-03-19 18:00:00+00:00,0.0,,,FOMC Rate Decision,0.0,False,0.0,0.0,0.0,FOMC Rate Decision,All · surprise + DTW blend,-0.3466640085569344,10.114872035138895,-0.0342727033374846,0.0
2025-03-25 13:00:00+00:00,0.5,-2.559955331111752,0.6748423428664511,FHFA House Price Index MoM,0.2361709122058689,True,-1.279977665555876,0.33742117143322553,-1.6173988369891017,FHFA House Price Index MoM,All · surprise + DTW blend,1.658483647724631,11.564223287133737,0.143415048857613,0.0
2025-03-28 14:00:00+00:00,-0.5,-41.68745230433757,0.685417159064051,U. of Michigan Sentiment,-0.5443649981427631,True,20.843726152168784,0.3427085795320255,20.50101757263676,U. of Michigan Sentiment,All · surprise + DTW blend,3.2461212228090996,41.345516368406706,0.07851204938123724,0.0
2025-04-01 14:00:00+00:00,0.0,-28.146187840007997,0.6904104371012285,ISM Manufacturing+JOLTS,0.3255554205855685,True,-0.0,0.0,-0.0,ISM Manufacturing+JOLTS,All · surprise + DTW blend,-7.111207473294225,36.227320373348114,-0.19629405100924419,-1.0
2025-04-03 14:00:00+00:00,-0.5,-27.05570002584423,0.7053729963758422,ISM Services,-0.9734492133649968,True,13.527850012922116,0.3526864981879211,13.175163514734194,ISM Services,All · surprise + DTW blend,-2.0068987139221433,33.152182604629274,-0.06053594533597633,0.0
2025-04-04 12:30:00+00:00,1.0,19.88297389443616,0.7307362797964017,Employment Report (NFP),0.1223000522620952,True,19.88297389443616,0.7307362797964017,19.152237614639755,Employment Report (NFP),All · surprise + DTW blend,3.339362683000805,16.186244103360806,0.20630868172236705,1.0
2025-04-10 12:30:00+00:00,0.0,-47.609691199443915,0.7206401272302569,CPI,1.618402676110022,True,-0.0,0.0,-0.0,CPI,All · surprise + DTW blend,-4.903480023127136,22.575994665414576,-0.21719884752803606,-1.0
2025-04-11 14:00:00+00:00,-1.0,-73.16798127268598,0.7272362514732803,U. of Michigan Sentiment,-1.6701118546383291,True,73.16798127268598,0.7272362514732803,72.44074502121269,U. of Michigan Sentiment,All · surprise + DTW blend,-19.449855901105686,36.23344210339367,-0.536792939671718,-1.0
2025-04-16 12:30:00+00:00,0.5,-16.050376925527132,0.7156606287942352,Retail Sales,0.0281239372900855,True,-8.025188462763566,0.3578303143971176,-8.383018777160684,Retail Sales,All · surprise + DTW blend,0.6855617070734217,8.049140336862042,0.08517204053876491,0.0
2025-04-25 14:00:00+00:00,1.0,-35.51069051200173,0.725,U. of Michigan Sentiment,0.524735107697148,True,-35.51069051200173,0.725,-36.23569051200173,U. of Michigan Sentiment,All · surprise + DTW blend,5.465466066552775,29.414690643564338,0.1858073617969043,1.0
2025-04-29 13:00:00+00:00,0.0,-15.099199640893346,0.7171649726735415,FHFA House Price Index MoM,0.4734538804168421,True,-0.0,0.0,-0.0,FHFA House Price Index MoM,All · surprise + DTW blend,-1.3880002377105298,9.677401166829577,-0.14342696079067827,-1.0
2025-04-29 14:00:00+00:00,0.5,-24.487082320678866,0.7161554798241715,JOLTS,0.9232936666600016,True,-12.243541160339433,0.35807773991208575,-12.601618900251518,JOLTS,All · surprise + DTW blend,0.25941753331563555,25.34270397846202,0.010236379414608105,0.0
2025-05-01 14:00:00+00:00,-0.5,31.67180935282232,0.7086999022482894,ISM Manufacturing,-0.3113836597681761,True,-15.83590467641116,0.3543499511241447,-16.190254627535303,ISM Manufacturing,All · surprise + DTW blend,1.9267471602956403,29.815807693892065,0.06462166579811773,0.0
2025-05-02 12:30:00+00:00,1.0,30.78752992482947,0.7064211244275552,Employment Report (NFP),0.2537000601207916,True,30.78752992482947,0.7064211244275552,30.081108800401914,Employment Report (NFP),All · surprise + DTW blend,9.001269128774645,34.78646321985845,0.2587578125400261,1.0
2025-05-05 14:00:00+00:00,1.0,14.028300764703516,0.7026044821320412,ISM Services,0.6484950760036935,True,14.028300764703516,0.7026044821320412,13.325696282571474,ISM Services,All · surprise + DTW blend,5.552765144165548,18.92426579490094,0.2934203738388475,1.0
2025-05-07 18:00:00+00:00,-0.5,-22.87272574177379,0.7050471652241563,FOMC Rate Decision,0.0,True,11.436362870886896,0.35252358261207817,11.083839288274818,FOMC Rate Decision,All · surprise + DTW blend,-3.799807007026173,10.852543077694634,-0.35013056200955917,-1.0
2025-05-13 12:30:00+00:00,0.0,-21.247470102245813,0.6849153302945136,CPI,0.5760432513396548,True,-0.0,0.0,-0.0,CPI,All · surprise + DTW blend,-6.851160552525474,20.02947969884942,-0.3420538454086271,-1.0
2025-05-15 12:30:00+00:00,0.0,2.8592532778404234,0.6913815711050184,Retail Sales,-0.142707384745476,True,0.0,0.0,0.0,Retail Sales,All · surprise + DTW blend,1.504691400751577,6.9259411597225675,0.2172544302718059,1.0
2025-05-16 14:00:00+00:00,-0.5,8.954661735138814,0.6829957607159679,U. of Michigan Sentiment,-1.2089375491239178,True,-4.477330867569407,0.34149788035798395,-4.818828747927391,U. of Michigan Sentiment,All · surprise + DTW blend,3.094359381074034,21.065987823834487,0.1468888811173152,0.0
2025-05-27 13:00:00+00:00,0.0,-12.579961545586826,0.6880189798339265,FHFA House Price Index MoM,0.4742569891490832,True,-0.0,0.0,-0.0,FHFA House Price Index MoM,All · surprise + DTW blend,-2.2077155974585665,7.121100846028636,-0.3100244814942884,-1.0
2025-05-30 14:00:00+00:00,1.0,14.188089116569104,0.6871875074050379,U. of Michigan Sentiment,0.8893707051609464,True,14.188089116569104,0.6871875074050379,13.500901609164066,U. of Michigan Sentiment,All · surprise + DTW blend,13.043364656438317,22.442129531351064,0.5811999542297036,1.0
2025-06-02 14:00:00+00:00,-0.5,51.63297414666701,0.6902625377859234,ISM Manufacturing,-0.3922045965264702,True,-25.816487073333505,0.3451312688929617,-26.16161834222647,ISM Manufacturing,All · surprise + DTW blend,-1.417870969270676,32.4026805872227,-0.04375782940099662,0.0
2025-06-03 14:00:00+00:00,-0.5,21.250480229664248,0.6857899590890818,JOLTS,-0.8713049777974989,True,-10.625240114832124,0.3428949795445409,-10.968135094376665,JOLTS,All · surprise + DTW blend,5.126514824923191,32.059710108480694,0.15990521460039916,0.0
2025-06-04 14:00:00+00:00,-0.5,6.098848445006411,0.6800966206233438,ISM Services,-0.974734872182686,True,-3.0494242225032053,0.3400483103116719,-3.389472532814877,ISM Services,All · surprise + DTW blend,2.3779170465301127,30.06124555091438,0.07910241252321573,0.0
2025-06-06 12:30:00+00:00,-0.5,16.180664123321975,0.6817273560732504,Employment Report (NFP),-0.2143938808868251,True,-8.090332061660988,0.3408636780366252,-8.431195739697612,Employment Report (NFP),All · surprise + DTW blend,-2.329814433783767,28.282825582088176,-0.08237558963200849,0.0
2025-06-11 12:30:00+00:00,0.5,-9.770396478270271,0.676890040379992,CPI,0.9506292676136467,True,-4.885198239135136,0.338445020189996,-5.223643259325131,CPI,All · surprise + DTW blend,4.709476989203568,33.14749392825005,0.14207641155007206,0.0
2025-06-13 14:00:00+00:00,0.5,-23.86269457581136,0.6845919595854677,U. of Michigan Sentiment,1.8509034633116452,True,-11.93134728790568,0.34229597979273385,-12.273643267698414,U. of Michigan Sentiment,All · surprise + DTW blend,-0.432770686789928,28.77335792151301,-0.015040673666605935,0.0
2025-06-17 12:30:00+00:00,-1.0,,,Retail Sales,-0.2585694143348537,False,-0.0,0.0,-0.0,Retail Sales,All · surprise + DTW blend,-4.865646236722403,12.62871529599249,-0.38528433990957367,-1.0
2025-06-18 18:00:00+00:00,0.0,,,FOMC Rate Decision,0.0,False,0.0,0.0,0.0,FOMC Rate Decision,All · surprise + DTW blend,-1.1826430928232612,8.498859758925398,-0.13915314834807857,0.0
2025-06-24 13:00:00+00:00,1.0,2.084274159077637,0.6717005605225367,FHFA House Price Index MoM,0.9501215042141444,True,2.084274159077637,0.6717005605225367,1.4125735985551002,FHFA House Price Index MoM,All · surprise + DTW blend,1.7620815173105708,8.496972392976346,0.2073775735422089,1.0
2025-06-27 14:00:00+00:00,0.5,4.544938153454581,0.6597656694346491,U. of Michigan Sentiment,0.3870321965440912,True,2.2724690767272904,0.32988283471732455,1.9425862420099658,U. of Michigan Sentiment,All · surprise + DTW blend,3.3637071469776503,18.513388463641736,0.18169051838260739,0.0
2025-07-01 14:00:00+00:00,0.0,29.40353389416117,0.6519784172661871,ISM Manufacturing+JOLTS,-0.6935702435934467,True,0.0,0.0,0.0,ISM Manufacturing+JOLTS,All · surprise + DTW blend,-3.6552735617425136,31.58256610966353,-0.11573706674278392,0.0
2025-07-03 12:30:00+00:00,-1.0,,,Employment Report (NFP),-0.0919240510168998,False,-0.0,0.0,-0.0,Employment Report (NFP),All · surprise + DTW blend,-3.7432266406976664,14.120173687750256,-0.2650977759533543,-1.0
2025-07-03 14:00:00+00:00,0.5,,,ISM Services,0.1391494614362207,False,0.0,0.0,0.0,ISM Services,All · surprise + DTW blend,1.4247341599298673,18.73461381080362,0.0760482267912174,0.0
2025-07-15 12:30:00+00:00,0.0,-13.431234110825583,0.649859943977591,CPI,0.0644818690751983,True,-0.0,0.0,-0.0,CPI,All · surprise + DTW blend,-7.1916581618712065,16.980382791021892,-0.42352744637027157,-1.0
2025-07-17 12:30:00+00:00,1.0,14.626300691453764,0.6534916736147104,Retail Sales,0.27689300869802,True,14.626300691453764,0.6534916736147104,13.972809017839054,Retail Sales,All · surprise + DTW blend,4.740868527471572,17.990630283044833,0.26351875686865606,1.0
2025-07-18 14:00:00+00:00,0.0,-27.591174874217472,0.6500784577449001,U. of Michigan Sentiment,0.9506944944696216,True,-0.0,0.0,-0.0,U. of Michigan Sentiment,All · surprise + DTW blend,-5.854299454265288,21.980921264139056,-0.266335490852075,-1.0
2025-07-29 13:00:00+00:00,0.0,0.6661263644147652,0.6439578984767065,FHFA House Price Index MoM,0.0,True,0.0,0.0,0.0,FHFA House Price Index MoM,All · surprise + DTW blend,-0.2691755593445249,9.394194425291984,-0.028653394549704416,0.0
2025-07-29 14:00:00+00:00,0.0,0.6669112010193601,0.6449030421633161,JOLTS,0.1887993111058416,True,0.0,0.0,0.0,JOLTS,All · surprise + DTW blend,-14.711009365672227,23.578523458391594,-0.6239156320213334,-1.0
2025-07-30 18:00:00+00:00,-0.5,3.122212335799901,0.6470758863823994,FOMC Rate Decision,0.0,True,-1.5611061678999505,0.3235379431911997,-1.8846441110911503,FOMC Rate Decision,All · surprise + DTW blend,-7.70804346118814,20.90127067561968,-0.3687834859810317,-1.0
2025-08-01 12:30:00+00:00,-0.5,6.835893261687431,0.6598407281001138,Employment Report (NFP),-0.0014816984050695,True,-3.4179466308437156,0.3299203640500569,-3.7478669948937724,Employment Report (NFP),All · surprise + DTW blend,4.612540032192525,30.80158421899693,0.14975009075499868,0.0
2025-08-01 14:00:00+00:00,0.0,45.39314060124866,0.6650765984772039,ISM Manufacturing+U. of Michigan Sentiment,-0.3136860339760812,True,0.0,0.0,0.0,ISM Manufacturing+U. of Michigan Sentiment,All · surprise + DTW blend,-2.045794993964295,25.196979958694342,-0.08119207132434074,0.0
2025-08-05 14:00:00+00:00,0.0,-14.701727273411793,0.6546570951284483,ISM Services,-0.6511167583061719,True,-0.0,0.0,-0.0,ISM Services,All · surprise + DTW blend,7.302889068328998,30.178481247462486,0.24198994669233234,1.0
2025-08-12 12:30:00+00:00,0.5,11.289996005832135,0.6573727756998753,CPI,0.1025946970753493,True,5.644998002916068,0.32868638784993764,5.31631161506613,CPI,All · surprise + DTW blend,1.746396463035802,25.42179337480857,0.06869682391354708,0.0
2025-08-15 12:30:00+00:00,-1.0,2.4307512245869134,0.6410823238128923,Retail Sales,-0.027395456254454,True,-2.4307512245869134,0.6410823238128923,-3.071833548399806,Retail Sales,All · surprise + DTW blend,-8.302048037431856,17.5819442607955,-0.47219169360830565,-1.0
2025-08-15 14:00:00+00:00,-1.0,-10.429265016504983,0.6425311295254131,U. of Michigan Sentiment,-1.56265149024656,True,10.429265016504983,0.6425311295254131,9.78673388697957,U. of Michigan Sentiment,All · surprise + DTW blend,-11.768260177698027,27.49830206812866,-0.427963157453921,-1.0
2025-08-26 13:00:00+00:00,1.0,-1.103448276982277,0.6400070621468926,FHFA House Price Index MoM,0.2380444118759815,True,-1.103448276982277,0.6400070621468926,-1.7434553391291696,FHFA House Price Index MoM,All · surprise + DTW blend,5.280529549803098,8.560140393923332,0.6168741757496918,1.0
2025-08-29 14:00:00+00:00,1.0,-19.098847800993468,0.6362439666520403,U. of Michigan Sentiment,0.5469179170924701,True,-19.098847800993468,0.6362439666520403,-19.735091767645507,U. of Michigan Sentiment,All · surprise + DTW blend,12.591817198278719,29.116282809906554,0.43246650956400473,1.0
2025-09-02 14:00:00+00:00,-1.0,-6.61974030661483,0.6405442417281442,ISM Manufacturing,-0.1424221086103491,True,6.61974030661483,0.6405442417281442,5.979196064886685,ISM Manufacturing,All · surprise + DTW blend,-6.226587071583308,32.65877863951755,-0.19065584602263894,-1.0
2025-09-03 14:00:00+00:00,0.5,2.434301533469352,0.6420190391853,JOLTS,0.5978599515841808,True,1.217150766734676,0.32100951959265,0.8961412471420259,JOLTS,All · surprise + DTW blend,1.2079706005987692,33.846409697408895,0.03568977068463616,0.0
2025-09-04 14:00:00+00:00,1.0,-1.982182389301812,0.6388790976383504,ISM Services,0.4655421871175034,True,-1.982182389301812,0.6388790976383504,-2.6210614869401625,ISM Services,All · surprise + DTW blend,5.217822022674473,24.339521414787725,0.21437652506611457,1.0
2025-09-05 12:30:00+00:00,-1.0,32.003534549343016,0.636467386533228,Employment Report (NFP),-0.0436924868887427,True,-32.003534549343016,0.636467386533228,-32.64000193587624,Employment Report (NFP),All · surprise + DTW blend,-3.909375416590817,21.027373144927996,-0.18591839264210688,-1.0
2025-09-11 12:30:00+00:00,0.0,1.9705512133505465,0.6354771556919031,CPI,-0.244939793035148,True,0.0,0.0,0.0,CPI,All · surprise + DTW blend,9.281011225923457,13.708011801632859,0.6770501339091297,1.0
2025-09-12 14:00:00+00:00,0.0,-13.0378114948293,0.6294905467885129,U. of Michigan Sentiment,-1.0531392396291432,True,-0.0,0.0,-0.0,U. of Michigan Sentiment,All · surprise + DTW blend,2.9359317731070615,12.778989960214393,0.22974677828589557,1.0
2025-09-16 12:30:00+00:00,0.5,,,Retail Sales,0.3016514300003414,False,0.0,0.0,0.0,Retail Sales,All · surprise + DTW blend,-0.18801694491384113,11.020095326212225,-0.01706128117300646,0.0
2025-09-17 18:00:00+00:00,0.0,,,FOMC Rate Decision,0.0,False,0.0,0.0,0.0,FOMC Rate Decision,All · surprise + DTW blend,-0.7675418434980008,9.758428271215752,-0.07865424863161664,0.0
2025-09-26 14:00:00+00:00,0.5,-51.36316805526064,0.6217438843985164,U. of Michigan Sentiment,0.2051989586470638,True,-25.68158402763032,0.3108719421992582,-25.992455969829578,U. of Michigan Sentiment,All · surprise + DTW blend,-0.06729495774104288,25.395503979789392,-0.0026498768362541066,0.0
2025-09-30 13:00:00+00:00,0.0,3.4365737698038856,0.6229057479164877,FHFA House Price Index MoM,-0.2385957507830114,True,0.0,0.0,0.0,FHFA House Price Index MoM,All · surprise + DTW blend,1.8473988360944986,9.125322911026508,0.20244750285627805,1.0
2025-09-30 14:00:00+00:00,-1.0,-19.73741308390231,0.6216239389522421,JOLTS,-0.0811867080847369,True,19.73741308390231,0.6216239389522421,19.115789144950067,JOLTS,All · surprise + DTW blend,-6.535957239314836,22.37644545342884,-0.2920909513049269,-1.0
2025-10-01 14:00:00+00:00,-1.0,16.726356482550386,0.6226115333419211,ISM Manufacturing,-0.0572338901897926,True,-16.726356482550386,0.6226115333419211,-17.348968015892307,ISM Manufacturing,All · surprise + DTW blend,-7.185701995901276,14.138582162292897,-0.5082335635510392,-1.0
2025-10-03 14:00:00+00:00,0.0,32.26767967683841,0.6167719432569813,ISM Services,-0.7933136743995304,True,0.0,0.0,0.0,ISM Services,All · surprise + DTW blend,4.03795711829828,21.72481910085751,0.1858683885721698,1.0
2025-10-10 14:00:00+00:00,0.5,-1.2833401082801288,0.6202677845745819,U. of Michigan Sentiment,0.1647981318716983,True,-0.6416700541400644,0.31013389228729094,-0.9518039464273553,U. of Michigan Sentiment,All · surprise + DTW blend,-0.5990344222936599,23.7461508304091,-0.02522659047236161,0.0
2025-10-24 12:30:00+00:00,0.5,-18.236184786228904,0.6171394522355345,CPI,0.7878861410131068,True,-9.118092393114452,0.30856972611776723,-9.426662119232219,CPI,All · surprise + DTW blend,3.757489850312398,31.721321073910737,0.11845313256523711,0.0
2025-10-24 14:00:00+00:00,-1.0,-10.35754766702368,0.6128616412012088,U. of Michigan Sentiment,-0.4360548216792228,True,10.35754766702368,0.6128616412012088,9.744686025822471,U. of Michigan Sentiment,All · surprise + DTW blend,-3.357273121885927,17.673387481869394,-0.1899620616211835,-1.0
2025-10-28 13:00:00+00:00,-0.5,23.542903733240195,0.6050490298351763,FHFA House Price Index MoM,-1.0789070265965162,True,-11.771451866620097,0.30252451491758814,-12.073976381537685,FHFA House Price Index MoM,All · surprise + DTW blend,0.12028309261833893,14.509666742696007,0.008289859081628322,0.0
2025-10-29 18:00:00+00:00,0.0,-6.45665213786728,0.6042170180848404,FOMC Rate Decision,0.0,True,-0.0,0.0,-0.0,FOMC Rate Decision,All · surprise + DTW blend,3.1304577151247797,21.785027348198735,0.14369767203361428,0.0
2025-11-03 15:00:00+00:00,-1.0,-38.3999121530465,0.6102436766129371,ISM Manufacturing,-0.7309139671703577,True,38.3999121530465,0.6102436766129371,37.78966847643356,ISM Manufacturing,All · surprise + DTW blend,-3.7769752577030067,23.60394253979361,-0.16001459295774206,-1.0
2025-11-05 15:00:00+00:00,0.5,-1.2686062263256304,0.6124992079751621,ISM Services,0.7468984094152175,True,-0.6343031131628152,0.30624960398758105,-0.9405527171503962,ISM Services,All · surprise + DTW blend,3.4569072713029176,24.227093938223806,0.14268765705526293,0.0
2025-11-07 15:00:00+00:00,0.0,4.691832033163479,0.6181918952910831,U. of Michigan Sentiment,-0.402726655518658,True,0.0,0.0,0.0,U. of Michigan Sentiment,All · surprise + DTW blend,5.500228176504024,21.89853225159968,0.2511688049824542,1.0
2025-11-17 15:00:00+00:00,0.5,3.811459835247888,0.6145630244977537,ISM Manufacturing,0.3108101856061852,True,1.905729917623944,0.30728151224887684,1.5984484053750672,ISM Manufacturing,All · surprise + DTW blend,-0.8145996717097321,24.070144993973738,-0.03384274053661402,0.0
2025-11-20 13:30:00+00:00,0.5,25.748324492571584,0.624246598932323,Employment Report (NFP),0.0556114252710208,True,12.874162246285792,0.3121232994661615,12.56203894681963,Employment Report (NFP),All · surprise + DTW blend,-2.316897810992087,22.26864019274782,-0.10404307541628095,0.0
2025-11-21 15:00:00+00:00,0.5,4.562589022469865,0.6310933147632313,U. of Michigan Sentiment,0.6095992833172718,True,2.2812945112349325,0.31554665738161564,1.9657478538533169,U. of Michigan Sentiment,All · surprise + DTW blend,-1.4652064834974245,32.669324450665094,-0.04484961070162549,0.0
2025-11-25 13:30:00+00:00,-0.5,-5.369934938048715,0.622945889631173,Retail Sales,-0.1757199303429791,True,2.6849674690243575,0.3114729448155865,2.373494524208771,Retail Sales,All · surprise + DTW blend,-0.23739268241052858,12.063252794506885,-0.01967899425258066,0.0
2025-11-25 14:00:00+00:00,0.0,15.027266577813949,0.6230797327202802,FHFA House Price Index MoM,0.4785879183452772,True,0.0,0.0,0.0,FHFA House Price Index MoM,All · surprise + DTW blend,-5.729561929517553,12.503955359283365,-0.45821996039547036,-1.0
2025-12-01 15:00:00+00:00,-0.5,-55.71162171250421,0.6081449482028268,ISM Manufacturing,-0.1309420904523225,True,27.855810856252106,0.3040724741014134,27.551738382150692,ISM Manufacturing,All · surprise + DTW blend,-2.109718393374859,23.395623625349177,-0.0901757707834288,0.0
2025-12-03 15:00:00+00:00,0.5,19.09538828705593,0.6093845216331505,ISM Services,0.2805540239291464,True,9.547694143527965,0.30469226081657524,9.24300188271139,ISM Services,All · surprise + DTW blend,3.8290336913847973,23.436042224519824,0.16338226628464994,0.0
2025-12-05 15:00:00+00:00,0.5,4.365405272466205,0.6031739428856674,U. of Michigan Sentiment,0.5534880802563135,True,2.1827026362331026,0.3015869714428337,1.881115664790269,U. of Michigan Sentiment,All · surprise + DTW blend,-0.6229539809253686,27.12655548594602,-0.022964728464994914,0.0
2025-12-09 15:00:00+00:00,-1.0,-9.395259217299667,0.6047588263508018,JOLTS,-1.6678048616684846,True,9.395259217299667,0.6047588263508018,8.790500390948866,JOLTS,All · surprise + DTW blend,-10.242579414960275,23.348457222013284,-0.4386833492922785,-1.0
2025-12-10 19:00:00+00:00,0.0,-7.100493156055876,0.606872305696229,FOMC Rate Decision,0.0,True,-0.0,0.0,-0.0,FOMC Rate Decision,All · surprise + DTW blend,1.4935596753527927,29.912842360057876,0.04993038298985315,0.0
2025-12-16 13:30:00+00:00,0.5,,,Employment Report (NFP)+Retail Sales,0.1917612793579974,False,0.0,0.0,0.0,Employment Report (NFP)+Retail Sales,All · surprise + DTW blend,-1.2430821520400643,12.428095492744191,-0.10002193439580541,0.0
2025-12-18 13:30:00+00:00,1.0,,,CPI,3.36314522542601,False,0.0,0.0,0.0,CPI,All · surprise + DTW blend,2.3312558480841186,8.724521626429448,0.26720729776426677,1.0
2025-12-19 15:00:00+00:00,-0.5,,,U. of Michigan Sentiment,-0.1575394409037782,False,-0.0,0.0,-0.0,U. of Michigan Sentiment,All · surprise + DTW blend,1.8088979983938005,22.26449111167467,0.08124587215223984,0.0
2025-12-30 14:00:00+00:00,0.0,3.692459219770683,0.5950304696637052,FHFA House Price Index MoM,-0.7190617030178846,True,0.0,0.0,0.0,FHFA House Price Index MoM,All · surprise + DTW blend,3.4835952612762995,14.226914698318737,0.24485950293129774,1.0
2026-01-05 15:00:00+00:00,-0.5,36.5735128095146,0.5899584994710717,ISM Manufacturing,-0.1404627230991095,True,-18.2867564047573,0.29497924973553585,-18.581735654492835,ISM Manufacturing,All · surprise + DTW blend,1.6366883863418549,24.059419933798985,0.06802692628688914,0.0
2026-01-07 15:00:00+00:00,0.0,-19.990112563963436,0.5844417573559049,ISM Services+JOLTS,1.2696164133328065,True,-0.0,0.0,-0.0,ISM Services+JOLTS,All · surprise + DTW blend,-7.455951476261155,28.112867304016415,-0.26521490659887054,-1.0
2026-01-09 13:30:00+00:00,-0.5,9.875349714754122,0.5850430712743852,Employment Report (NFP),-0.1603348236710877,True,-4.937674857377061,0.2925215356371926,-5.230196393014253,Employment Report (NFP),All · surprise + DTW blend,0.46300938279738896,11.573370667112759,0.04000644203966356,0.0
2026-01-09 15:00:00+00:00,0.0,14.507941611352493,0.5847835292694239,U. of Michigan Sentiment,-0.111581256913749,True,0.0,0.0,0.0,U. of Michigan Sentiment,All · surprise + DTW blend,6.38480769823035,11.491746711709528,0.5555994104642547,1.0
2026-01-13 13:30:00+00:00,1.0,-18.268511981620605,0.5836419256158428,CPI,0.4535632684287407,True,-18.268511981620605,0.5836419256158428,-18.85215390723645,CPI,All · surprise + DTW blend,7.032386270162948,26.838376684798455,0.2620272586808936,1.0
2026-01-14 13:30:00+00:00,-0.5,-5.075987642353397,0.5884143248452877,PPI+Retail Sales,-0.2351874943541257,True,2.5379938211766984,0.29420716242264383,2.2437866587540545,PPI+Retail Sales,All · surprise + DTW blend,-2.200574326608838,9.354572563709029,-0.23524049993967058,-1.0
2026-01-21 15:00:00+00:00,0.0,15.904413767877656,0.5920058792308006,ISM Manufacturing,0.4152235226372847,True,0.0,0.0,0.0,ISM Manufacturing,All · surprise + DTW blend,-9.544524866681604,26.61831147005471,-0.3585698843977794,-1.0
2026-01-23 15:00:00+00:00,0.5,-11.565738300625128,0.5881875709881551,U. of Michigan Sentiment,0.6544798563332821,True,-5.782869150312564,0.29409378549407755,-6.076962935806642,U. of Michigan Sentiment,All · surprise + DTW blend,-1.795436413924285,25.110994340811565,-0.07150001268592768,0.0
2026-01-28 19:00:00+00:00,0.0,-14.662460625043394,0.5904269397560926,FOMC Rate Decision,0.0,True,-0.0,0.0,-0.0,FOMC Rate Decision,All · surprise + DTW blend,-0.65172967186913,20.195796340367362,-0.03227056070903491,0.0
2026-01-30 13:30:00+00:00,-1.0,-4.29320555715762,0.5923323597295697,PPI,-0.9705075034791948,True,4.29320555715762,0.5923323597295697,3.7008731974280504,PPI,All · surprise + DTW blend,-5.598105049776912,16.461013435565295,-0.3400826487196573,-1.0
2026-02-02 15:00:00+00:00,1.0,37.775746615640315,0.5892632177835575,ISM Manufacturing,1.268226978928238,True,37.775746615640315,0.5892632177835575,37.186483397856755,ISM Manufacturing,All · surprise + DTW blend,5.998194266597791,19.025264756085424,0.3152752060745545,1.0
2026-02-04 15:00:00+00:00,1.0,60.32561748062548,0.58637981235846,ISM Services,0.1407176251675325,True,60.32561748062548,0.58637981235846,59.73923766826702,ISM Services,All · surprise + DTW blend,14.092207390642002,29.24722043327909,0.4818306554221172,1.0
2026-02-05 15:00:00+00:00,1.0,-50.29484950672014,0.5882114315849255,JOLTS,2.1153999179618577,True,-50.29484950672014,0.5882114315849255,-50.883060938305064,JOLTS,All · surprise + DTW blend,5.83898423036791,15.491974288300938,0.37690381624098945,1.0
2026-02-06 15:00:00+00:00,0.5,6.830052495327976,0.5832545604472958,U. of Michigan Sentiment,0.5690686861415758,True,3.415026247663988,0.2916272802236479,3.12339896744034,U. of Michigan Sentiment,All · surprise + DTW blend,3.224022245771832,24.697168633819974,0.13054218050553773,0.0
2026-02-10 13:30:00+00:00,-1.0,8.768434200696618,0.5778734257930814,Retail Sales,-0.3865537699737626,True,-8.768434200696618,0.5778734257930814,-9.346307626489699,Retail Sales,All · surprise + DTW blend,-3.1212415832154625,12.704638887011937,-0.24567731605550278,-1.0
2026-02-11 13:30:00+00:00,0.5,27.542495243455537,0.5758995948844229,Employment Report (NFP),0.213944847370512,True,13.771247621727769,0.28794979744221144,13.483297824285557,Employment Report (NFP),All · surprise + DTW blend,0.1436656467382207,12.605145287081537,0.01139738126505034,0.0
2026-02-13 13:30:00+00:00,0.5,-4.843103716893893,0.5863916691942169,CPI,0.422053010643054,True,-2.4215518584469464,0.29319583459710846,-2.714747693044055,CPI,All · surprise + DTW blend,-0.36702888131782496,16.848818387639465,-0.02178365704191355,0.0
2026-02-20 15:00:00+00:00,0.0,26.463325377559244,0.5869732421163422,U. of Michigan Sentiment,0.0518455382328269,True,0.0,0.0,0.0,U. of Michigan Sentiment,All · surprise + DTW blend,-10.032392054763749,40.64617155155458,-0.24682255847980455,-1.0
2026-02-27 13:30:00+00:00,-0.5,8.56915564646954,0.591257543630729,PPI,-0.9035255951697488,True,-4.28457782323477,0.2956287718153645,-4.580206595050134,PPI,All · surprise + DTW blend,0.035521392698139864,15.173147703091422,0.0023410694598921377,0.0
2026-02-27 15:00:00+00:00,0.0,29.309606036225233,0.5952380952380952,ISM Manufacturing,0.1039757589489705,True,0.0,0.0,0.0,ISM Manufacturing,All · surprise + DTW blend,-11.05342876280031,23.567774300063288,-0.4690060513168877,-1.0
2026-03-02 15:00:00+00:00,-0.5,30.5544116062606,0.595164799080573,ISM Manufacturing,-0.8869698522359512,True,-15.2772058031303,0.2975823995402865,-15.574788202670588,ISM Manufacturing,All · surprise + DTW blend,2.371271110855723,25.644337514339565,0.0924676299214116,0.0
2026-03-04 15:00:00+00:00,0.5,52.11764915856065,0.5971993410214168,ISM Services,1.222724377101921,True,26.058824579280326,0.2985996705107084,25.76022490876962,ISM Services,All · surprise + DTW blend,0.5696642802043222,13.520896607926904,0.04213213788428386,0.0
2026-03-06 13:30:00+00:00,-0.5,-46.16122440461723,0.6074061662198391,Employment Report (NFP)+Retail Sales,-0.2108742649003906,True,23.080612202308615,0.30370308310991956,22.776909119198695,Employment Report (NFP)+Retail Sales,All · surprise + DTW blend,-22.463406423659933,28.971265878836345,-0.7753684812257224,-1.0
2026-03-11 12:30:00+00:00,0.5,-31.074183062749228,0.6080429404117919,CPI,0.051943009100903,True,-15.537091531374614,0.3040214702058959,-15.84111300158051,CPI,All · surprise + DTW blend,-0.9524603536117334,21.366977905071202,-0.04457627830399348,0.0
2026-03-13 14:00:00+00:00,0.5,-26.4037800055128,0.6171394522355345,JOLTS+U. of Michigan Sentiment,-0.0031023015152904,True,-13.2018900027564,0.30856972611776723,-13.510459728874167,JOLTS+U. of Michigan Sentiment,All · surprise + DTW blend,4.38849935820393,20.05714204422853,0.21879983441941703,1.0
2026-03-18 12:30:00+00:00,-1.0,,,PPI,-0.905116608222459,False,-0.0,0.0,-0.0,PPI,All · surprise + DTW blend,-2.871599161539009,13.405685462398818,-0.214207559142982,-1.0
2026-03-18 18:00:00+00:00,0.0,,,FOMC Rate Decision,0.0,False,0.0,0.0,0.0,FOMC Rate Decision,All · surprise + DTW blend,0.2144824807255491,15.570416926314472,0.013774999201406565,0.0
2026-03-23 14:00:00+00:00,0.0,-1.281613125474479,0.6194331119037956,ISM Manufacturing,-0.4168989663635654,True,-0.0,0.0,-0.0,ISM Manufacturing,All · surprise + DTW blend,4.311406474634884,25.29726877248402,0.1704297216197673,1.0
2026-03-27 14:00:00+00:00,0.0,-4.805906988973874,0.6338936370193885,U. of Michigan Sentiment,0.1773741599864908,True,-0.0,0.0,-0.0,U. of Michigan Sentiment,All · surprise + DTW blend,-8.692523279826139,31.571991886507693,-0.2753238791861242,-1.0
2026-03-31 14:00:00+00:00,0.5,-18.015089792733363,0.6289308176100629,JOLTS,0.0236451695070799,True,-9.007544896366682,0.31446540880503143,-9.322010305171712,JOLTS,All · surprise + DTW blend,-2.7983129131565825,34.80486289237504,-0.08040005564192668,0.0
2026-04-01 12:30:00+00:00,0.0,-20.295899719187105,0.6189439535578606,Retail Sales,0.135812637569315,True,-0.0,0.0,-0.0,Retail Sales,All · surprise + DTW blend,-8.633009713934278,26.37591425765739,-0.3273065581576178,-1.0
2026-04-01 14:00:00+00:00,-0.5,-1.921578262198409,0.6187722704674932,ISM Manufacturing,-0.348696867086986,True,0.9607891310992045,0.3093861352337466,0.6514029958654579,ISM Manufacturing,All · surprise + DTW blend,3.7080781759597574,22.616362207126038,0.16395555315219545,0.0
2026-04-03 12:30:00+00:00,0.0,,,Employment Report (NFP),0.0074519053871673,False,0.0,0.0,0.0,Employment Report (NFP),All · surprise + DTW blend,-2.6831864601311035,12.682501155174858,-0.2115660331744799,-1.0
2026-04-06 14:00:00+00:00,0.0,16.86683079347162,0.6194066511459023,ISM Services,-0.3995840674723146,True,0.0,0.0,0.0,ISM Services,All · surprise + DTW blend,4.087811827867669,17.609343152773867,0.23213880224849537,1.0
2026-04-10 12:30:00+00:00,1.0,-8.671594877949218,0.5989879169678819,CPI,0.7460995267174582,True,-8.671594877949218,0.5989879169678819,-9.2705827949171,CPI,All · surprise + DTW blend,3.394047201607893,14.812783344827226,0.22912960532789597,1.0
2026-04-10 14:00:00+00:00,-0.5,22.165379309129207,0.600998901622697,U. of Michigan Sentiment,-0.982116189214137,True,-11.082689654564604,0.3004994508113485,-11.383189105375951,U. of Michigan Sentiment,All · surprise + DTW blend,-1.6698614180800266,23.222208325998686,-0.0719079509854588,0.0
2026-04-14 12:30:00+00:00,0.5,2.682541827638829,0.5983823043908881,PPI,1.2698279428023478,True,1.3412709138194145,0.29919115219544407,1.0420797616239705,PPI,All · surprise + DTW blend,1.4561223595649215,21.089158742547177,0.06904601446368785,0.0
2026-04-21 12:30:00+00:00,1.0,-9.21862226851644,0.5808364044223682,Retail Sales,0.3715447344904067,True,-9.21862226851644,0.5808364044223682,-9.799458672938808,Retail Sales,All · surprise + DTW blend,9.001703696284814,17.847918866803415,0.5043559287479566,1.0
2026-04-24 14:00:00+00:00,0.5,6.695953256770082,0.5881040741416722,U. of Michigan Sentiment,0.1292647090303701,True,3.347976628385041,0.2940520370708361,3.053924591314205,U. of Michigan Sentiment,All · surprise + DTW blend,-2.3836409102708576,20.460791760156823,-0.11649798004945768,0.0
2026-04-29 18:00:00+00:00,0.0,-9.195402946780009,0.5919575423555827,FOMC Rate Decision,0.0,True,-0.0,0.0,-0.0,FOMC Rate Decision,All · surprise + DTW blend,-1.4046191561554027,25.49526677643446,-0.055093330400202235,0.0
2026-05-01 14:00:00+00:00,-1.0,-11.185460069640383,0.5792122713110169,ISM Manufacturing,-0.617866536975998,True,11.185460069640383,0.5792122713110169,10.606247798329367,ISM Manufacturing,All · surprise + DTW blend,-7.642484163515066,41.35186472016168,-0.18481595002386594,-1.0
2026-05-05 14:00:00+00:00,0.0,10.13664280122839,0.5882830249918858,ISM Services+JOLTS,-0.0472582992908579,True,0.0,0.0,0.0,ISM Services+JOLTS,All · surprise + DTW blend,6.632564875803816,25.54348666381861,0.25965777354892566,1.0
2026-05-07 14:00:00+00:00,0.0,-31.05685896890975,0.580092814850376,ISM Manufacturing,0.3657007435482061,True,-0.0,0.0,-0.0,ISM Manufacturing,All · surprise + DTW blend,-7.77049793825669,16.038908835827485,-0.48447796653716635,-1.0
2026-05-08 12:30:00+00:00,1.0,-5.815411002618731,0.5815119310206537,Employment Report (NFP),0.1411894213215493,True,-5.815411002618731,0.5815119310206537,-6.3969229336393845,Employment Report (NFP),All · surprise + DTW blend,2.3813991292627312,7.264632370339171,0.32780724582647375,1.0
2026-05-08 14:00:00+00:00,0.0,13.054701043646588,0.5823994858818331,U. of Michigan Sentiment,-0.0162164560236857,True,0.0,0.0,0.0,U. of Michigan Sentiment,All · surprise + DTW blend,5.1062143259128,22.20737203472679,0.22993329953350422,1.0
2026-05-12 12:30:00+00:00,-0.5,15.266258514028408,0.5828559943724249,CPI,-0.6364808779246304,True,-7.633129257014204,0.29142799718621243,-7.924557254200416,CPI,All · surprise + DTW blend,1.013452000936997,10.873596512409765,0.09320301703124347,0.0
2026-05-13 12:30:00+00:00,-1.0,-1.0075871319514818,0.583336685843022,PPI,-2.4174972817531666,True,1.0075871319514818,0.583336685843022,0.42425044610845974,PPI,All · surprise + DTW blend,-6.405473105382008,17.316197264264,-0.36991222770378057,-1.0
2026-05-14 12:30:00+00:00,0.5,9.359474163073145,0.5777237683526903,Retail Sales,0.077148759017881,True,4.679737081536572,0.2888618841763452,4.390875197360227,Retail Sales,All · surprise + DTW blend,3.0696062399083788,28.387161398512408,0.10813361000826371,0.0
2026-05-22 14:00:00+00:00,0.0,-6.5094537316490175,0.5712372210294089,U. of Michigan Sentiment,-1.3036979747570476,True,-0.0,0.0,-0.0,U. of Michigan Sentiment,All · surprise + DTW blend,11.503197750775785,13.76933433586558,0.8354214859038545,1.0
2026-06-01 14:00:00+00:00,0.0,-15.29832016876398,0.5682931608857534,ISM Manufacturing,0.4802999848660721,True,-0.0,0.0,-0.0,ISM Manufacturing,All · surprise + DTW blend,-6.411578534242509,36.94444115572558,-0.1735465020899052,-1.0
2026-06-02 14:00:00+00:00,0.0,10.392871034401452,0.5688058998901616,JOLTS,-2.2352720103720944,True,0.0,0.0,0.0,JOLTS,All · surprise + DTW blend,6.042037618490649,22.17056733739506,0.27252516936269616,1.0
2026-06-03 14:00:00+00:00,1.0,-15.669072463175835,0.5677257688768818,ISM Services,0.33046852418755,True,-15.669072463175835,0.5677257688768818,-16.236798232052717,ISM Services,All · surprise + DTW blend,6.230589636112006,30.65051235846525,0.203278482370661,1.0
2026-06-05 12:30:00+00:00,1.0,4.256389485188805,0.5609284332688588,Employment Report (NFP),0.0258653500459686,True,4.256389485188805,0.5609284332688588,3.6954610519199464,Employment Report (NFP),All · surprise + DTW blend,5.960431934024704,13.00224993431697,0.45841542534060015,1.0
2026-06-10 12:30:00+00:00,1.0,12.047361406555268,0.5733718217406777,CPI,0.2410948932308557,True,12.047361406555268,0.5733718217406777,11.473989584814591,CPI,All · surprise + DTW blend,5.5196526354044595,11.640664906184933,0.47416987602415656,1.0
2026-06-11 12:30:00+00:00,-0.5,9.952230120813256,0.5775971956660293,PPI,-0.3898603740662698,True,-4.976115060406628,0.28879859783301465,-5.264913658239643,PPI,All · surprise + DTW blend,-2.0892190651789226,21.15957346240232,-0.09873635065901401,0.0
2026-06-12 14:00:00+00:00,0.5,13.321841951405844,0.5695096325680956,U. of Michigan Sentiment,1.1413658435568907,True,6.660920975702922,0.2847548162840478,6.376166159418874,U. of Michigan Sentiment,All · surprise + DTW blend,0.22933670439382214,10.761355828834628,0.0213111347716357,0.0
2026-06-17 12:30:00+00:00,0.5,,,Retail Sales,0.2542769838457484,False,0.0,0.0,0.0,Retail Sales,All · surprise + DTW blend,0.675906526732068,11.195894183400746,0.060370928454663346,0.0
2026-06-17 18:00:00+00:00,0.0,,,FOMC Rate Decision,0.0,False,0.0,0.0,0.0,FOMC Rate Decision,All · surprise + DTW blend,-2.0193167453729832,14.066899521962501,-0.14355094683233113,0.0
2026-06-26 14:00:00+00:00,-1.0,37.099407655549754,0.5555874858708355,U. of Michigan Sentiment,-0.0741536954016894,True,-37.099407655549754,0.5555874858708355,-37.65499514142059,U. of Michigan Sentiment,All · surprise + DTW blend,-7.5187560171728824,35.20742778469703,-0.2135559593603973,-1.0
2019-01-11 13:30:00+00:00,0.0,-12.133638860252203,1.2138462182411789,CPI,-0.1859312952845083,True,-0.0,0.0,-0.0,CPI,CPI · surprise only,0.6557840599102106,8.193876380551814,0.08003343343899058,0.0
2019-02-13 13:30:00+00:00,-1.0,16.08695146135375,1.138236910275532,CPI,-0.3527961002285731,True,-16.08695146135375,1.138236910275532,-17.22518837162928,CPI,CPI · surprise only,-0.7803436356322626,11.07783426308424,-0.07044189478738445,0.0
2019-03-12 12:30:00+00:00,1.0,14.83621870544738,1.1335652581792597,CPI,0.8128425356375395,True,14.83621870544738,1.1335652581792597,13.70265344726812,CPI,CPI · surprise only,4.953982224261605,11.280514724338897,0.43916278160365035,1.0
2019-04-10 12:30:00+00:00,0.0,1.1451474389900795,1.1068702290076335,CPI,0.1828106073984478,True,0.0,0.0,0.0,CPI,CPI · surprise only,1.2181228494288998,10.872843563623515,0.11203351196041164,0.0
2019-05-10 12:30:00+00:00,1.0,20.25632728779314,1.1287121005721403,CPI,0.9052162187637446,True,20.25632728779314,1.1287121005721403,19.127615187221,CPI,CPI · surprise only,4.096970195031766,14.731837047010494,0.27810314368520367,1.0
2019-06-12 12:30:00+00:00,1.0,-4.613787616936094,1.1152559320078452,CPI,0.8511274476247933,True,-4.613787616936094,1.1152559320078452,-5.729043548943939,CPI,CPI · surprise only,3.2110493033826355,5.644055566017991,0.5689258842021117,1.0
2019-07-11 12:30:00+00:00,-1.0,2.597739980849667,1.0751890849770132,CPI,-0.8078770829119509,True,-2.597739980849667,1.0751890849770132,-3.67292906582668,CPI,CPI · surprise only,0.8367990822870636,14.498719295641129,0.05771537921550336,0.0
2019-08-13 12:30:00+00:00,-1.0,8.139377593217034,1.1232038421317634,CPI,-0.9079971531357874,True,-8.139377593217034,1.1232038421317634,-9.262581435348798,CPI,CPI · surprise only,0.6802377276144911,5.363456646557838,0.12682823269412544,0.0
2019-09-12 12:30:00+00:00,0.0,,,CPI,-0.3151950111793866,False,0.0,0.0,0.0,CPI,CPI · surprise only,-3.7679348238572987,9.161746283321108,-0.41126819138364445,-1.0
2019-10-10 12:30:00+00:00,1.0,5.330896478383806,1.1051408101825388,CPI,0.8513604758187391,True,5.330896478383806,1.1051408101825388,4.225755668201268,CPI,CPI · surprise only,-1.9240225147406445,11.709891717533239,-0.16430745570941555,-1.0
2019-11-13 13:30:00+00:00,0.0,2.1758050564457676,1.051906126446371,CPI,-0.2114474121727872,True,0.0,0.0,0.0,CPI,CPI · surprise only,-0.14906478883186097,5.739193164879061,-0.025973126282638745,0.0
2019-12-11 13:30:00+00:00,-1.0,-1.4344629753892946,1.03983649467532,CPI,-0.4526469176941484,True,1.4344629753892946,1.03983649467532,0.39462648071397455,CPI,CPI · surprise only,-2.4762033565686936,6.757945735384185,-0.3664136193937525,-1.0
2020-01-14 13:30:00+00:00,1.0,13.162910210482435,1.0046769443963277,CPI,0.8660898068244481,True,13.162910210482435,1.0046769443963277,12.158233266086107,CPI,CPI · surprise only,0.43016559172385843,6.259108216398808,0.06872633877727635,0.0
2020-02-13 13:30:00+00:00,-1.0,3.4054146421347298,0.9878730072216922,CPI,-0.313487807128756,True,-3.4054146421347298,0.9878730072216922,-4.393287649356422,CPI,CPI · surprise only,2.6942925386512147,8.02164943465143,0.3358776222521736,1.0
2020-03-11 12:30:00+00:00,-1.0,-59.32765757634684,1.199884149116637,CPI,-0.8721423415768248,True,59.32765757634684,1.199884149116637,58.1277734272302,CPI,CPI · surprise only,-4.427619010933273,6.944875896456693,-0.6375375279480897,-1.0
2020-04-10 12:30:00+00:00,0.0,,,CPI,1.2932156674136484,False,0.0,0.0,0.0,CPI,CPI · surprise only,-3.4438851192322295e-09,0.00035298223831171883,-9.756539410322772e-06,0.0
2020-05-12 12:30:00+00:00,1.0,8.664975475607406,1.1973575557390586,CPI,1.654865259542607,True,8.664975475607406,1.1973575557390586,7.467617919868347,CPI,CPI · surprise only,2.1365404653873976,8.524613606000369,0.2506319422951339,1.0
2020-06-10 12:30:00+00:00,1.0,0.7323861142971566,1.0622321526684004,CPI,1.4295895341461098,True,0.7323861142971566,1.0622321526684004,-0.3298460383712438,CPI,CPI · surprise only,4.652052209322489,23.008499942871758,0.20218841823122577,1.0
2020-07-14 12:30:00+00:00,-1.0,-36.54201585257866,1.111579592931887,CPI,-0.7819599103905879,True,36.54201585257866,1.111579592931887,35.43043625964677,CPI,CPI · surprise only,4.9613570242615515,47.743607588703675,0.10391667649001514,0.0
2020-08-12 12:30:00+00:00,-1.0,20.44440374231016,1.0410683515221135,CPI,-3.996133963581365,True,-20.44440374231016,1.0410683515221135,-21.485472093832275,CPI,CPI · surprise only,-2.2052976699465217,8.094456320483586,-0.2724454345829086,-1.0
2020-09-11 12:30:00+00:00,-1.0,-12.660747951773743,1.0484075051516577,CPI,-1.3558031003421431,True,12.660747951773743,1.0484075051516577,11.612340446622085,CPI,CPI · surprise only,-1.427661703258727,5.7869057064267295,-0.2467055410412541,-1.0
2020-10-13 12:30:00+00:00,0.0,-1.7446830827339,1.011969152388596,CPI,0.0984578301877035,True,-0.0,0.0,-0.0,CPI,CPI · surprise only,14.813792991362712,39.03600399210535,0.37949050815648694,1.0
2020-11-12 13:30:00+00:00,1.0,23.371723991569837,0.9975233902036325,CPI,1.133771684728648,True,23.371723991569837,0.9975233902036325,22.374200601366205,CPI,CPI · surprise only,-4.4214824916428315,15.57302308334679,-0.2839193435968768,-1.0
2020-12-10 13:30:00+00:00,-1.0,-34.00116612777282,0.9650261222588268,CPI,-1.0027173158855538,True,34.00116612777282,0.9650261222588268,33.03614000551399,CPI,CPI · surprise only,2.322491115577132,7.360834828366964,0.3155200693577291,1.0
2021-01-13 13:30:00+00:00,0.0,0.9697596619773208,0.9378436064937584,CPI,-0.1379258705550614,True,0.0,0.0,0.0,CPI,CPI · surprise only,9.583097469695428,21.02597992916771,0.4557741185894285,1.0
2021-02-10 13:30:00+00:00,1.0,13.697977708488908,0.9247448979591836,CPI,1.288137979686124,True,13.697977708488908,0.9247448979591836,12.773232810529725,CPI,CPI · surprise only,-0.4055186893696969,8.670024850993006,-0.0467724944667548,0.0
2021-03-10 13:30:00+00:00,1.0,12.19645828482996,0.9085782317187794,CPI,0.4696093137644077,True,12.19645828482996,0.9085782317187794,11.28788005311118,CPI,CPI · surprise only,4.622292982286412,24.646380117636653,0.18754449782176144,1.0
2021-04-13 12:30:00+00:00,-1.0,15.799910872313916,0.86536166149439,CPI,-0.9993076866861766,True,-15.799910872313916,0.86536166149439,-16.665272533808306,CPI,CPI · surprise only,5.034763964036931,25.628532470185696,0.19645151238737513,1.0
2021-05-12 12:30:00+00:00,-1.0,34.09261200770786,0.8511387649683024,CPI,-5.0,True,-34.09261200770786,0.8511387649683024,-34.94375077267616,CPI,CPI · surprise only,-4.195190509416321,27.239836426577636,-0.1540093869771962,0.0
2021-06-10 12:30:00+00:00,-1.0,42.891157158262416,0.8407990490272825,CPI,-2.161322880787721,True,-42.891157158262416,0.8407990490272825,-43.7319562072897,CPI,CPI · surprise only,-2.1694832475959984,22.669983827026943,-0.09569849119210931,0.0
2021-07-13 12:30:00+00:00,1.0,-11.2154382181906,0.8323287985764307,CPI,-4.096583947692579,True,-11.2154382181906,0.8323287985764307,-12.04776701676703,CPI,CPI · surprise only,-6.964296570664102,33.2405828656041,-0.20951186682922013,-1.0
2021-08-11 12:30:00+00:00,0.0,6.817988389435925,0.8247305406250889,CPI,0.1684786406014942,True,0.0,0.0,0.0,CPI,CPI · surprise only,21.388039989164213,41.61722356209703,0.5139227982676724,1.0
2021-09-14 12:30:00+00:00,0.0,1.1441974897330454,0.8321377331420373,CPI,1.0799284758122711,True,0.0,0.0,0.0,CPI,CPI · surprise only,5.530399262733377,16.728312308468144,0.330601148564987,1.0
2021-10-13 12:30:00+00:00,0.0,-30.34726577654467,0.8456289729981922,CPI,-0.3493036801244267,True,-0.0,0.0,-0.0,CPI,CPI · surprise only,-1.2243850621653807,11.949249097789723,-0.10246543963937095,0.0
2021-11-10 13:30:00+00:00,-1.0,4.980493171764522,0.8020133300146575,CPI,-2.420980080545173,True,-4.980493171764522,0.8020133300146575,-5.78250650177918,CPI,CPI · surprise only,9.436509948434054,20.857582986753673,0.45242586134870155,1.0
2021-12-10 13:30:00+00:00,0.0,13.63971874257075,0.8089712117830842,CPI,0.1033839697781252,True,0.0,0.0,0.0,CPI,CPI · surprise only,6.29090331209453,19.338569203947394,0.32530345165403596,1.0
2022-01-12 13:30:00+00:00,0.0,12.141281844666452,0.8007952725465289,CPI,-0.4997300887678889,True,0.0,0.0,0.0,CPI,CPI · surprise only,2.9898896823215795,9.851079492115026,0.3035088372512615,1.0
2022-02-10 13:30:00+00:00,0.0,-43.566929988969605,0.8120519713261648,CPI,-1.61325895784376,True,-0.0,0.0,-0.0,CPI,CPI · surprise only,2.287111361233593,43.20855957121469,0.052931904787616536,0.0
2022-03-10 13:30:00+00:00,0.0,-25.22452673924036,0.8813518113299295,CPI,0.0264741975797815,True,-0.0,0.0,-0.0,CPI,CPI · surprise only,11.741584927478689,39.51131480658578,0.29717018998116435,1.0
2022-04-12 12:30:00+00:00,0.0,22.97347429895069,0.8467647745853772,CPI,0.4571686878991705,True,0.0,0.0,0.0,CPI,CPI · surprise only,1.6987117974744506,10.932454999064369,0.1553824641967272,0.0
2022-05-11 12:30:00+00:00,-1.0,-71.58405710509186,0.8973327557398353,CPI,-1.5388224718203969,True,71.58405710509186,0.8973327557398353,70.68672434935202,CPI,CPI · surprise only,-4.697769660185031,30.785453817725486,-0.1525970572985406,0.0
2022-06-10 12:30:00+00:00,-1.0,-64.60132853154832,0.8998665715083626,CPI,-1.677151671555776,True,64.60132853154832,0.8998665715083626,63.70146196003996,CPI,CPI · surprise only,0.7237353241689983,28.50835883043378,0.025386776154802105,0.0
2022-07-13 12:30:00+00:00,-1.0,-60.204877815834834,0.9297851875601154,CPI,-1.5538946362320831,True,60.204877815834834,0.9297851875601154,59.27509262827472,CPI,CPI · surprise only,1.3025287706991375,34.588924356222655,0.03765739452562099,0.0
2022-08-10 12:30:00+00:00,1.0,33.5514997287234,0.8836344800268138,CPI,1.74167183418779,True,33.5514997287234,0.8836344800268138,32.667865248696586,CPI,CPI · surprise only,0.13459749762117498,25.51739329371918,0.00527473539604473,0.0
2022-09-13 12:30:00+00:00,-1.0,-36.68118169301238,0.8891886919727724,CPI,-1.9624844944587772,True,36.68118169301238,0.8891886919727724,35.79199300103961,CPI,CPI · surprise only,-14.988622780371639,35.24210842231742,-0.42530437171233326,-1.0
2022-10-13 12:30:00+00:00,-1.0,-70.90633792765644,0.9824181035942952,CPI,-1.2059188282899334,True,70.90633792765644,0.9824181035942952,69.92391982406214,CPI,CPI · surprise only,-16.321982247574702,36.79065710752891,-0.4436447601321734,-1.0
2022-11-10 13:30:00+00:00,1.0,59.90836010457912,0.8899800521712444,CPI,1.6880497222729307,True,59.90836010457912,0.8899800521712444,59.01838005240787,CPI,CPI · surprise only,5.421592004321031,25.714394920687912,0.21083879364235852,1.0
2022-12-13 13:30:00+00:00,1.0,-4.884847014654525,0.8411160740182145,CPI,1.225713226427208,True,-4.884847014654525,0.8411160740182145,-5.7259630886727395,CPI,CPI · surprise only,4.765665705969009,31.079062931377564,0.15334007066080396,0.0
2023-01-12 13:30:00+00:00,-1.0,83.47905129587829,0.8516886930983847,CPI,-0.1737270973932303,True,-83.47905129587829,0.8516886930983847,-84.33073998897667,CPI,CPI · surprise only,-13.838415699160283,38.112846022994994,-0.363090588690517,-1.0
2023-02-14 13:30:00+00:00,-1.0,7.296820369582235,0.8443486868922145,CPI,-1.205365729380446,True,-7.296820369582235,0.8443486868922145,-8.14116905647445,CPI,CPI · surprise only,-4.344163751315449,45.30596651297482,-0.09588502543194521,0.0
2023-03-14 12:30:00+00:00,-1.0,14.948151392957245,0.9054011863877616,CPI,-0.2683351757655611,True,-14.948151392957245,0.9054011863877616,-15.853552579345006,CPI,CPI · surprise only,-5.478996275367884,13.69387326397295,-0.4001056654863683,-1.0
2023-04-12 12:30:00+00:00,1.0,-7.64188968206625,0.8553058455730549,CPI,0.5740553717884737,True,-7.64188968206625,0.8553058455730549,-8.497195527639304,CPI,CPI · surprise only,27.71977644703757,44.61614335559073,0.6212947682660716,1.0
2023-05-10 12:30:00+00:00,0.0,26.37233916081172,0.863532144239645,CPI,0.0811362628588261,True,0.0,0.0,0.0,CPI,CPI · surprise only,4.863297177780752,30.740941930267933,0.15820260774092568,0.0
2023-06-13 12:30:00+00:00,0.0,19.613302345717894,0.8508141411177936,CPI,-0.1620995717982549,True,0.0,0.0,0.0,CPI,CPI · surprise only,20.832667222612805,44.32512335068849,0.46999682455004865,1.0
2023-07-12 12:30:00+00:00,1.0,4.618537737606232,0.8402143995364334,CPI,0.9296650037596498,True,4.618537737606232,0.8402143995364334,3.7783233380697987,CPI,CPI · surprise only,19.020420318575542,31.702197538976122,0.5999716674275016,1.0
2023-08-10 12:30:00+00:00,1.0,-7.620983475682408,0.819672131147541,CPI,0.3020127789670528,True,-7.620983475682408,0.819672131147541,-8.44065560682995,CPI,CPI · surprise only,-3.8472411957561325,24.836553010784737,-0.1549023809417334,-1.0
2023-09-13 12:30:00+00:00,0.0,,,CPI,-0.4305861898891642,False,0.0,0.0,0.0,CPI,CPI · surprise only,2.2565937391774227e-09,0.00045703668989380524,4.937445481022002e-06,0.0
2023-10-12 12:30:00+00:00,-1.0,-19.95305826303806,0.8494932333470032,CPI,-0.5048087791850232,True,19.95305826303806,0.8494932333470032,19.103565029691055,CPI,CPI · surprise only,6.068088400470941,14.183760461515156,0.4278194359623814,1.0
2023-11-14 13:30:00+00:00,1.0,38.339073496249654,0.8429742456833904,CPI,0.8053453819483084,True,38.339073496249654,0.8429742456833904,37.49609925056626,CPI,CPI · surprise only,15.347593525049003,30.78148500509539,0.4985982165093221,1.0
2023-12-12 13:30:00+00:00,-1.0,-30.129579888313884,0.793194934493039,CPI,-0.2654370051827885,True,30.129579888313884,0.793194934493039,29.336384953820847,CPI,CPI · surprise only,11.877877756318206,19.278371842969648,0.6161245282054137,1.0
2024-01-11 13:30:00+00:00,-1.0,-11.35358618006066,0.7639821913116783,CPI,-0.7572578714008459,True,11.35358618006066,0.7639821913116783,10.589603988748982,CPI,CPI · surprise only,-7.158487878877614,37.420063213279825,-0.19130079599483876,-1.0
2024-02-13 13:30:00+00:00,-1.0,-42.99299569940018,0.7468644569780319,CPI,-1.1752230772837458,True,42.99299569940018,0.7468644569780319,42.24613124242215,CPI,CPI · surprise only,-18.33084960460404,35.79185582787567,-0.5121514149128717,-1.0
2024-03-12 12:30:00+00:00,-1.0,38.67579078409733,0.747576819962879,CPI,-0.4778384284304798,True,-38.67579078409733,0.747576819962879,-39.42336760406021,CPI,CPI · surprise only,-5.037501223836732,36.18482022553603,-0.1392158698713587,-1.0
2024-04-10 12:30:00+00:00,-1.0,-44.016081566446985,0.7383267987168389,CPI,-0.7664412194645043,True,44.016081566446985,0.7383267987168389,43.277754767730144,CPI,CPI · surprise only,-15.293900937711726,33.312569219866724,-0.459103014143708,-1.0
2024-05-15 12:30:00+00:00,1.0,-4.769136249223038,0.7306074118862268,CPI,0.319108339789328,True,-4.769136249223038,0.7306074118862268,-5.499743661109265,CPI,CPI · surprise only,18.095798460677994,30.90353218039733,0.5855576105360696,1.0
2024-06-12 12:30:00+00:00,1.0,26.60596621796074,0.746941403734707,CPI,0.9012986804965564,True,26.60596621796074,0.746941403734707,25.859024814226036,CPI,CPI · surprise only,15.161387493264572,30.996386418335454,0.4891340328721698,1.0
2024-07-11 12:30:00+00:00,1.0,-24.468814485469892,0.725,CPI,1.1642994529213304,True,-24.468814485469892,0.725,-25.193814485469893,CPI,CPI · surprise only,6.112263755622287,25.934189920725924,0.23568361974312244,1.0
2024-08-14 12:30:00+00:00,1.0,4.25985096963899,0.727145077980041,CPI,0.3098392583032254,True,4.25985096963899,0.727145077980041,3.5327058916589484,CPI,CPI · surprise only,3.446746067682352,15.516092506591457,0.22214008238337873,1.0
2024-09-11 12:30:00+00:00,-1.0,27.604582141123046,0.7128109330449317,CPI,-0.1677863014867797,True,-27.604582141123046,0.7128109330449317,-28.317393074167978,CPI,CPI · surprise only,-13.601110869451222,34.0315762166914,-0.3996615020958187,-1.0
2024-10-10 12:30:00+00:00,-1.0,-5.851032874186757,0.6778234854151085,CPI,-0.9099158715024142,True,5.851032874186757,0.6778234854151085,5.173209388771649,CPI,CPI · surprise only,1.4589472578452718,27.25508621722362,0.05352935764786913,0.0
2024-11-13 13:30:00+00:00,0.0,-7.710450309428296,0.6592557230216645,CPI,-0.1113847084764326,True,-0.0,0.0,-0.0,CPI,CPI · surprise only,5.88719226142025,30.551621493992233,0.19269655663212265,0.0
2024-12-11 13:30:00+00:00,-1.0,10.808134172304309,0.6541107477162513,CPI,-0.2110413005637379,True,-10.808134172304309,0.6541107477162513,-11.46224492002056,CPI,CPI · surprise only,0.7036674618267036,21.374445699491886,0.03292096888591741,0.0
2025-01-15 13:30:00+00:00,1.0,55.180515195409896,0.6750151296494576,CPI,0.2327917835171692,True,55.180515195409896,0.6750151296494576,54.50550006576044,CPI,CPI · surprise only,9.200186668343576,24.86487376014887,0.37000737494548586,1.0
2025-02-12 13:30:00+00:00,-1.0,-0.9028530161536708,0.6487986039643832,CPI,-1.189852178331003,True,0.9028530161536708,0.6487986039643832,0.2540544121892876,CPI,CPI · surprise only,-14.181150054709269,33.47734766641135,-0.42360434870823316,-1.0
2025-03-12 12:30:00+00:00,1.0,-42.74276120659337,0.6953769422597352,CPI,0.7784635318901826,True,-42.74276120659337,0.6953769422597352,-43.438138148853106,CPI,CPI · surprise only,14.856785138693638,26.74359983955627,0.5555267513657257,1.0
2025-04-10 12:30:00+00:00,1.0,-47.609691199443915,0.7206401272302569,CPI,1.618402676110022,True,-47.609691199443915,0.7206401272302569,-48.33033132667417,CPI,CPI · surprise only,-4.903480023127136,22.575994665414576,-0.21719884752803606,-1.0
2025-05-13 12:30:00+00:00,1.0,-21.247470102245813,0.6849153302945136,CPI,0.5760432513396548,True,-21.247470102245813,0.6849153302945136,-21.932385432540325,CPI,CPI · surprise only,-6.851160552525474,20.02947969884942,-0.3420538454086271,-1.0
2025-06-11 12:30:00+00:00,1.0,-9.770396478270271,0.676890040379992,CPI,0.9506292676136467,True,-9.770396478270271,0.676890040379992,-10.447286518650262,CPI,CPI · surprise only,4.709476989203568,33.14749392825005,0.14207641155007206,0.0
2025-07-15 12:30:00+00:00,0.0,-13.431234110825583,0.649859943977591,CPI,0.0644818690751983,True,-0.0,0.0,-0.0,CPI,CPI · surprise only,-7.1916581618712065,16.980382791021892,-0.42352744637027157,-1.0
2025-08-12 12:30:00+00:00,0.0,11.289996005832135,0.6573727756998753,CPI,0.1025946970753493,True,0.0,0.0,0.0,CPI,CPI · surprise only,1.746396463035802,25.42179337480857,0.06869682391354708,0.0
2025-09-11 12:30:00+00:00,-1.0,1.9705512133505465,0.6354771556919031,CPI,-0.244939793035148,True,-1.9705512133505465,0.6354771556919031,-2.6060283690424497,CPI,CPI · surprise only,9.281011225923457,13.708011801632859,0.6770501339091297,1.0
2025-10-24 12:30:00+00:00,1.0,-18.236184786228904,0.6171394522355345,CPI,0.7878861410131068,True,-18.236184786228904,0.6171394522355345,-18.853324238464438,CPI,CPI · surprise only,3.757489850312398,31.721321073910737,0.11845313256523711,0.0
2025-12-18 13:30:00+00:00,0.0,,,CPI,3.36314522542601,False,0.0,0.0,0.0,CPI,CPI · surprise only,2.3312558480841186,8.724521626429448,0.26720729776426677,1.0
2026-01-13 13:30:00+00:00,1.0,-18.268511981620605,0.5836419256158428,CPI,0.4535632684287407,True,-18.268511981620605,0.5836419256158428,-18.85215390723645,CPI,CPI · surprise only,7.032386270162948,26.838376684798455,0.2620272586808936,1.0
2026-02-13 13:30:00+00:00,1.0,-4.843103716893893,0.5863916691942169,CPI,0.422053010643054,True,-4.843103716893893,0.5863916691942169,-5.42949538608811,CPI,CPI · surprise only,-0.36702888131782496,16.848818387639465,-0.02178365704191355,0.0
2026-03-11 12:30:00+00:00,0.0,-31.074183062749228,0.6080429404117919,CPI,0.051943009100903,True,-0.0,0.0,-0.0,CPI,CPI · surprise only,-0.9524603536117334,21.366977905071202,-0.04457627830399348,0.0
2026-04-10 12:30:00+00:00,1.0,-8.671594877949218,0.5989879169678819,CPI,0.7460995267174582,True,-8.671594877949218,0.5989879169678819,-9.2705827949171,CPI,CPI · surprise only,3.394047201607893,14.812783344827226,0.22912960532789597,1.0
2026-05-12 12:30:00+00:00,-1.0,15.266258514028408,0.5828559943724249,CPI,-0.6364808779246304,True,-15.266258514028408,0.5828559943724249,-15.849114508400833,CPI,CPI · surprise only,1.013452000936997,10.873596512409765,0.09320301703124347,0.0
2026-06-10 12:30:00+00:00,1.0,12.047361406555268,0.5733718217406777,CPI,0.2410948932308557,True,12.047361406555268,0.5733718217406777,11.473989584814591,CPI,CPI · surprise only,5.5196526354044595,11.640664906184933,0.47416987602415656,1.0
2019-01-11 13:30:00+00:00,0.0,-12.133638860252203,1.2138462182411789,CPI,-0.1859312952845083,True,-0.0,0.0,-0.0,CPI,CPI · DTW only,0.6557840599102106,8.193876380551814,0.08003343343899058,0.0
2019-02-13 13:30:00+00:00,0.0,16.08695146135375,1.138236910275532,CPI,-0.3527961002285731,True,0.0,0.0,0.0,CPI,CPI · DTW only,-0.7803436356322626,11.07783426308424,-0.07044189478738445,0.0
2019-03-12 12:30:00+00:00,1.0,14.83621870544738,1.1335652581792597,CPI,0.8128425356375395,True,14.83621870544738,1.1335652581792597,13.70265344726812,CPI,CPI · DTW only,4.953982224261605,11.280514724338897,0.43916278160365035,1.0
2019-04-10 12:30:00+00:00,0.0,1.1451474389900795,1.1068702290076335,CPI,0.1828106073984478,True,0.0,0.0,0.0,CPI,CPI · DTW only,1.2181228494288998,10.872843563623515,0.11203351196041164,0.0
2019-05-10 12:30:00+00:00,1.0,20.25632728779314,1.1287121005721403,CPI,0.9052162187637446,True,20.25632728779314,1.1287121005721403,19.127615187221,CPI,CPI · DTW only,4.096970195031766,14.731837047010494,0.27810314368520367,1.0
2019-06-12 12:30:00+00:00,1.0,-4.613787616936094,1.1152559320078452,CPI,0.8511274476247933,True,-4.613787616936094,1.1152559320078452,-5.729043548943939,CPI,CPI · DTW only,3.2110493033826355,5.644055566017991,0.5689258842021117,1.0
2019-07-11 12:30:00+00:00,0.0,2.597739980849667,1.0751890849770132,CPI,-0.8078770829119509,True,0.0,0.0,0.0,CPI,CPI · DTW only,0.8367990822870636,14.498719295641129,0.05771537921550336,0.0
2019-08-13 12:30:00+00:00,0.0,8.139377593217034,1.1232038421317634,CPI,-0.9079971531357874,True,0.0,0.0,0.0,CPI,CPI · DTW only,0.6802377276144911,5.363456646557838,0.12682823269412544,0.0
2019-09-12 12:30:00+00:00,-1.0,,,CPI,-0.3151950111793866,False,-0.0,0.0,-0.0,CPI,CPI · DTW only,-3.7679348238572987,9.161746283321108,-0.41126819138364445,-1.0
2019-10-10 12:30:00+00:00,-1.0,5.330896478383806,1.1051408101825388,CPI,0.8513604758187391,True,-5.330896478383806,1.1051408101825388,-6.436037288566345,CPI,CPI · DTW only,-1.9240225147406445,11.709891717533239,-0.16430745570941555,-1.0
2019-11-13 13:30:00+00:00,0.0,2.1758050564457676,1.051906126446371,CPI,-0.2114474121727872,True,0.0,0.0,0.0,CPI,CPI · DTW only,-0.14906478883186097,5.739193164879061,-0.025973126282638745,0.0
2019-12-11 13:30:00+00:00,-1.0,-1.4344629753892946,1.03983649467532,CPI,-0.4526469176941484,True,1.4344629753892946,1.03983649467532,0.39462648071397455,CPI,CPI · DTW only,-2.4762033565686936,6.757945735384185,-0.3664136193937525,-1.0
2020-01-14 13:30:00+00:00,0.0,13.162910210482435,1.0046769443963277,CPI,0.8660898068244481,True,0.0,0.0,0.0,CPI,CPI · DTW only,0.43016559172385843,6.259108216398808,0.06872633877727635,0.0
2020-02-13 13:30:00+00:00,1.0,3.4054146421347298,0.9878730072216922,CPI,-0.313487807128756,True,3.4054146421347298,0.9878730072216922,2.4175416349130376,CPI,CPI · DTW only,2.6942925386512147,8.02164943465143,0.3358776222521736,1.0
2020-03-11 12:30:00+00:00,-1.0,-59.32765757634684,1.199884149116637,CPI,-0.8721423415768248,True,59.32765757634684,1.199884149116637,58.1277734272302,CPI,CPI · DTW only,-4.427619010933273,6.944875896456693,-0.6375375279480897,-1.0
2020-04-10 12:30:00+00:00,0.0,,,CPI,1.2932156674136484,False,0.0,0.0,0.0,CPI,CPI · DTW only,-3.4438851192322295e-09,0.00035298223831171883,-9.756539410322772e-06,0.0
2020-05-12 12:30:00+00:00,1.0,8.664975475607406,1.1973575557390586,CPI,1.654865259542607,True,8.664975475607406,1.1973575557390586,7.467617919868347,CPI,CPI · DTW only,2.1365404653873976,8.524613606000369,0.2506319422951339,1.0
2020-06-10 12:30:00+00:00,1.0,0.7323861142971566,1.0622321526684004,CPI,1.4295895341461098,True,0.7323861142971566,1.0622321526684004,-0.3298460383712438,CPI,CPI · DTW only,4.652052209322489,23.008499942871758,0.20218841823122577,1.0
2020-07-14 12:30:00+00:00,0.0,-36.54201585257866,1.111579592931887,CPI,-0.7819599103905879,True,-0.0,0.0,-0.0,CPI,CPI · DTW only,4.9613570242615515,47.743607588703675,0.10391667649001514,0.0
2020-08-12 12:30:00+00:00,-1.0,20.44440374231016,1.0410683515221135,CPI,-3.996133963581365,True,-20.44440374231016,1.0410683515221135,-21.485472093832275,CPI,CPI · DTW only,-2.2052976699465217,8.094456320483586,-0.2724454345829086,-1.0
2020-09-11 12:30:00+00:00,-1.0,-12.660747951773743,1.0484075051516577,CPI,-1.3558031003421431,True,12.660747951773743,1.0484075051516577,11.612340446622085,CPI,CPI · DTW only,-1.427661703258727,5.7869057064267295,-0.2467055410412541,-1.0
2020-10-13 12:30:00+00:00,1.0,-1.7446830827339,1.011969152388596,CPI,0.0984578301877035,True,-1.7446830827339,1.011969152388596,-2.756652235122496,CPI,CPI · DTW only,14.813792991362712,39.03600399210535,0.37949050815648694,1.0
2020-11-12 13:30:00+00:00,-1.0,23.371723991569837,0.9975233902036325,CPI,1.133771684728648,True,-23.371723991569837,0.9975233902036325,-24.36924738177347,CPI,CPI · DTW only,-4.4214824916428315,15.57302308334679,-0.2839193435968768,-1.0
2020-12-10 13:30:00+00:00,1.0,-34.00116612777282,0.9650261222588268,CPI,-1.0027173158855538,True,-34.00116612777282,0.9650261222588268,-34.966192250031646,CPI,CPI · DTW only,2.322491115577132,7.360834828366964,0.3155200693577291,1.0
2021-01-13 13:30:00+00:00,1.0,0.9697596619773208,0.9378436064937584,CPI,-0.1379258705550614,True,0.9697596619773208,0.9378436064937584,0.031916055483562356,CPI,CPI · DTW only,9.583097469695428,21.02597992916771,0.4557741185894285,1.0
2021-02-10 13:30:00+00:00,0.0,13.697977708488908,0.9247448979591836,CPI,1.288137979686124,True,0.0,0.0,0.0,CPI,CPI · DTW only,-0.4055186893696969,8.670024850993006,-0.0467724944667548,0.0
2021-03-10 13:30:00+00:00,1.0,12.19645828482996,0.9085782317187794,CPI,0.4696093137644077,True,12.19645828482996,0.9085782317187794,11.28788005311118,CPI,CPI · DTW only,4.622292982286412,24.646380117636653,0.18754449782176144,1.0
2021-04-13 12:30:00+00:00,1.0,15.799910872313916,0.86536166149439,CPI,-0.9993076866861766,True,15.799910872313916,0.86536166149439,14.934549210819526,CPI,CPI · DTW only,5.034763964036931,25.628532470185696,0.19645151238737513,1.0
2021-05-12 12:30:00+00:00,0.0,34.09261200770786,0.8511387649683024,CPI,-5.0,True,0.0,0.0,0.0,CPI,CPI · DTW only,-4.195190509416321,27.239836426577636,-0.1540093869771962,0.0
2021-06-10 12:30:00+00:00,0.0,42.891157158262416,0.8407990490272825,CPI,-2.161322880787721,True,0.0,0.0,0.0,CPI,CPI · DTW only,-2.1694832475959984,22.669983827026943,-0.09569849119210931,0.0
2021-07-13 12:30:00+00:00,-1.0,-11.2154382181906,0.8323287985764307,CPI,-4.096583947692579,True,11.2154382181906,0.8323287985764307,10.38310941961417,CPI,CPI · DTW only,-6.964296570664102,33.2405828656041,-0.20951186682922013,-1.0
2021-08-11 12:30:00+00:00,1.0,6.817988389435925,0.8247305406250889,CPI,0.1684786406014942,True,6.817988389435925,0.8247305406250889,5.993257848810837,CPI,CPI · DTW only,21.388039989164213,41.61722356209703,0.5139227982676724,1.0
2021-09-14 12:30:00+00:00,1.0,1.1441974897330454,0.8321377331420373,CPI,1.0799284758122711,True,1.1441974897330454,0.8321377331420373,0.31205975659100804,CPI,CPI · DTW only,5.530399262733377,16.728312308468144,0.330601148564987,1.0
2021-10-13 12:30:00+00:00,0.0,-30.34726577654467,0.8456289729981922,CPI,-0.3493036801244267,True,-0.0,0.0,-0.0,CPI,CPI · DTW only,-1.2243850621653807,11.949249097789723,-0.10246543963937095,0.0
2021-11-10 13:30:00+00:00,1.0,4.980493171764522,0.8020133300146575,CPI,-2.420980080545173,True,4.980493171764522,0.8020133300146575,4.178479841749864,CPI,CPI · DTW only,9.436509948434054,20.857582986753673,0.45242586134870155,1.0
2021-12-10 13:30:00+00:00,1.0,13.63971874257075,0.8089712117830842,CPI,0.1033839697781252,True,13.63971874257075,0.8089712117830842,12.830747530787665,CPI,CPI · DTW only,6.29090331209453,19.338569203947394,0.32530345165403596,1.0
2022-01-12 13:30:00+00:00,1.0,12.141281844666452,0.8007952725465289,CPI,-0.4997300887678889,True,12.141281844666452,0.8007952725465289,11.340486572119923,CPI,CPI · DTW only,2.9898896823215795,9.851079492115026,0.3035088372512615,1.0
2022-02-10 13:30:00+00:00,0.0,-43.566929988969605,0.8120519713261648,CPI,-1.61325895784376,True,-0.0,0.0,-0.0,CPI,CPI · DTW only,2.287111361233593,43.20855957121469,0.052931904787616536,0.0
2022-03-10 13:30:00+00:00,1.0,-25.22452673924036,0.8813518113299295,CPI,0.0264741975797815,True,-25.22452673924036,0.8813518113299295,-26.10587855057029,CPI,CPI · DTW only,11.741584927478689,39.51131480658578,0.29717018998116435,1.0
2022-04-12 12:30:00+00:00,0.0,22.97347429895069,0.8467647745853772,CPI,0.4571686878991705,True,0.0,0.0,0.0,CPI,CPI · DTW only,1.6987117974744506,10.932454999064369,0.1553824641967272,0.0
2022-05-11 12:30:00+00:00,0.0,-71.58405710509186,0.8973327557398353,CPI,-1.5388224718203969,True,-0.0,0.0,-0.0,CPI,CPI · DTW only,-4.697769660185031,30.785453817725486,-0.1525970572985406,0.0
2022-06-10 12:30:00+00:00,0.0,-64.60132853154832,0.8998665715083626,CPI,-1.677151671555776,True,-0.0,0.0,-0.0,CPI,CPI · DTW only,0.7237353241689983,28.50835883043378,0.025386776154802105,0.0
2022-07-13 12:30:00+00:00,0.0,-60.204877815834834,0.9297851875601154,CPI,-1.5538946362320831,True,-0.0,0.0,-0.0,CPI,CPI · DTW only,1.3025287706991375,34.588924356222655,0.03765739452562099,0.0
2022-08-10 12:30:00+00:00,0.0,33.5514997287234,0.8836344800268138,CPI,1.74167183418779,True,0.0,0.0,0.0,CPI,CPI · DTW only,0.13459749762117498,25.51739329371918,0.00527473539604473,0.0
2022-09-13 12:30:00+00:00,-1.0,-36.68118169301238,0.8891886919727724,CPI,-1.9624844944587772,True,36.68118169301238,0.8891886919727724,35.79199300103961,CPI,CPI · DTW only,-14.988622780371639,35.24210842231742,-0.42530437171233326,-1.0
2022-10-13 12:30:00+00:00,-1.0,-70.90633792765644,0.9824181035942952,CPI,-1.2059188282899334,True,70.90633792765644,0.9824181035942952,69.92391982406214,CPI,CPI · DTW only,-16.321982247574702,36.79065710752891,-0.4436447601321734,-1.0
2022-11-10 13:30:00+00:00,1.0,59.90836010457912,0.8899800521712444,CPI,1.6880497222729307,True,59.90836010457912,0.8899800521712444,59.01838005240787,CPI,CPI · DTW only,5.421592004321031,25.714394920687912,0.21083879364235852,1.0
2022-12-13 13:30:00+00:00,0.0,-4.884847014654525,0.8411160740182145,CPI,1.225713226427208,True,-0.0,0.0,-0.0,CPI,CPI · DTW only,4.765665705969009,31.079062931377564,0.15334007066080396,0.0
2023-01-12 13:30:00+00:00,-1.0,83.47905129587829,0.8516886930983847,CPI,-0.1737270973932303,True,-83.47905129587829,0.8516886930983847,-84.33073998897667,CPI,CPI · DTW only,-13.838415699160283,38.112846022994994,-0.363090588690517,-1.0
2023-02-14 13:30:00+00:00,0.0,7.296820369582235,0.8443486868922145,CPI,-1.205365729380446,True,0.0,0.0,0.0,CPI,CPI · DTW only,-4.344163751315449,45.30596651297482,-0.09588502543194521,0.0
2023-03-14 12:30:00+00:00,-1.0,14.948151392957245,0.9054011863877616,CPI,-0.2683351757655611,True,-14.948151392957245,0.9054011863877616,-15.853552579345006,CPI,CPI · DTW only,-5.478996275367884,13.69387326397295,-0.4001056654863683,-1.0
2023-04-12 12:30:00+00:00,1.0,-7.64188968206625,0.8553058455730549,CPI,0.5740553717884737,True,-7.64188968206625,0.8553058455730549,-8.497195527639304,CPI,CPI · DTW only,27.71977644703757,44.61614335559073,0.6212947682660716,1.0
2023-05-10 12:30:00+00:00,0.0,26.37233916081172,0.863532144239645,CPI,0.0811362628588261,True,0.0,0.0,0.0,CPI,CPI · DTW only,4.863297177780752,30.740941930267933,0.15820260774092568,0.0
2023-06-13 12:30:00+00:00,1.0,19.613302345717894,0.8508141411177936,CPI,-0.1620995717982549,True,19.613302345717894,0.8508141411177936,18.7624882046001,CPI,CPI · DTW only,20.832667222612805,44.32512335068849,0.46999682455004865,1.0
2023-07-12 12:30:00+00:00,1.0,4.618537737606232,0.8402143995364334,CPI,0.9296650037596498,True,4.618537737606232,0.8402143995364334,3.7783233380697987,CPI,CPI · DTW only,19.020420318575542,31.702197538976122,0.5999716674275016,1.0
2023-08-10 12:30:00+00:00,-1.0,-7.620983475682408,0.819672131147541,CPI,0.3020127789670528,True,7.620983475682408,0.819672131147541,6.8013113445348665,CPI,CPI · DTW only,-3.8472411957561325,24.836553010784737,-0.1549023809417334,-1.0
2023-09-13 12:30:00+00:00,0.0,,,CPI,-0.4305861898891642,False,0.0,0.0,0.0,CPI,CPI · DTW only,2.2565937391774227e-09,0.00045703668989380524,4.937445481022002e-06,0.0
2023-10-12 12:30:00+00:00,1.0,-19.95305826303806,0.8494932333470032,CPI,-0.5048087791850232,True,-19.95305826303806,0.8494932333470032,-20.802551496385064,CPI,CPI · DTW only,6.068088400470941,14.183760461515156,0.4278194359623814,1.0
2023-11-14 13:30:00+00:00,1.0,38.339073496249654,0.8429742456833904,CPI,0.8053453819483084,True,38.339073496249654,0.8429742456833904,37.49609925056626,CPI,CPI · DTW only,15.347593525049003,30.78148500509539,0.4985982165093221,1.0
2023-12-12 13:30:00+00:00,1.0,-30.129579888313884,0.793194934493039,CPI,-0.2654370051827885,True,-30.129579888313884,0.793194934493039,-30.92277482280692,CPI,CPI · DTW only,11.877877756318206,19.278371842969648,0.6161245282054137,1.0
2024-01-11 13:30:00+00:00,-1.0,-11.35358618006066,0.7639821913116783,CPI,-0.7572578714008459,True,11.35358618006066,0.7639821913116783,10.589603988748982,CPI,CPI · DTW only,-7.158487878877614,37.420063213279825,-0.19130079599483876,-1.0
2024-02-13 13:30:00+00:00,-1.0,-42.99299569940018,0.7468644569780319,CPI,-1.1752230772837458,True,42.99299569940018,0.7468644569780319,42.24613124242215,CPI,CPI · DTW only,-18.33084960460404,35.79185582787567,-0.5121514149128717,-1.0
2024-03-12 12:30:00+00:00,-1.0,38.67579078409733,0.747576819962879,CPI,-0.4778384284304798,True,-38.67579078409733,0.747576819962879,-39.42336760406021,CPI,CPI · DTW only,-5.037501223836732,36.18482022553603,-0.1392158698713587,-1.0
2024-04-10 12:30:00+00:00,-1.0,-44.016081566446985,0.7383267987168389,CPI,-0.7664412194645043,True,44.016081566446985,0.7383267987168389,43.277754767730144,CPI,CPI · DTW only,-15.293900937711726,33.312569219866724,-0.459103014143708,-1.0
2024-05-15 12:30:00+00:00,1.0,-4.769136249223038,0.7306074118862268,CPI,0.319108339789328,True,-4.769136249223038,0.7306074118862268,-5.499743661109265,CPI,CPI · DTW only,18.095798460677994,30.90353218039733,0.5855576105360696,1.0
2024-06-12 12:30:00+00:00,1.0,26.60596621796074,0.746941403734707,CPI,0.9012986804965564,True,26.60596621796074,0.746941403734707,25.859024814226036,CPI,CPI · DTW only,15.161387493264572,30.996386418335454,0.4891340328721698,1.0
2024-07-11 12:30:00+00:00,1.0,-24.468814485469892,0.725,CPI,1.1642994529213304,True,-24.468814485469892,0.725,-25.193814485469893,CPI,CPI · DTW only,6.112263755622287,25.934189920725924,0.23568361974312244,1.0
2024-08-14 12:30:00+00:00,1.0,4.25985096963899,0.727145077980041,CPI,0.3098392583032254,True,4.25985096963899,0.727145077980041,3.5327058916589484,CPI,CPI · DTW only,3.446746067682352,15.516092506591457,0.22214008238337873,1.0
2024-09-11 12:30:00+00:00,-1.0,27.604582141123046,0.7128109330449317,CPI,-0.1677863014867797,True,-27.604582141123046,0.7128109330449317,-28.317393074167978,CPI,CPI · DTW only,-13.601110869451222,34.0315762166914,-0.3996615020958187,-1.0
2024-10-10 12:30:00+00:00,0.0,-5.851032874186757,0.6778234854151085,CPI,-0.9099158715024142,True,-0.0,0.0,-0.0,CPI,CPI · DTW only,1.4589472578452718,27.25508621722362,0.05352935764786913,0.0
2024-11-13 13:30:00+00:00,0.0,-7.710450309428296,0.6592557230216645,CPI,-0.1113847084764326,True,-0.0,0.0,-0.0,CPI,CPI · DTW only,5.88719226142025,30.551621493992233,0.19269655663212265,0.0
2024-12-11 13:30:00+00:00,0.0,10.808134172304309,0.6541107477162513,CPI,-0.2110413005637379,True,0.0,0.0,0.0,CPI,CPI · DTW only,0.7036674618267036,21.374445699491886,0.03292096888591741,0.0
2025-01-15 13:30:00+00:00,1.0,55.180515195409896,0.6750151296494576,CPI,0.2327917835171692,True,55.180515195409896,0.6750151296494576,54.50550006576044,CPI,CPI · DTW only,9.200186668343576,24.86487376014887,0.37000737494548586,1.0
2025-02-12 13:30:00+00:00,-1.0,-0.9028530161536708,0.6487986039643832,CPI,-1.189852178331003,True,0.9028530161536708,0.6487986039643832,0.2540544121892876,CPI,CPI · DTW only,-14.181150054709269,33.47734766641135,-0.42360434870823316,-1.0
2025-03-12 12:30:00+00:00,1.0,-42.74276120659337,0.6953769422597352,CPI,0.7784635318901826,True,-42.74276120659337,0.6953769422597352,-43.438138148853106,CPI,CPI · DTW only,14.856785138693638,26.74359983955627,0.5555267513657257,1.0
2025-04-10 12:30:00+00:00,-1.0,-47.609691199443915,0.7206401272302569,CPI,1.618402676110022,True,47.609691199443915,0.7206401272302569,46.88905107221366,CPI,CPI · DTW only,-4.903480023127136,22.575994665414576,-0.21719884752803606,-1.0
2025-05-13 12:30:00+00:00,-1.0,-21.247470102245813,0.6849153302945136,CPI,0.5760432513396548,True,21.247470102245813,0.6849153302945136,20.5625547719513,CPI,CPI · DTW only,-6.851160552525474,20.02947969884942,-0.3420538454086271,-1.0
2025-06-11 12:30:00+00:00,0.0,-9.770396478270271,0.676890040379992,CPI,0.9506292676136467,True,-0.0,0.0,-0.0,CPI,CPI · DTW only,4.709476989203568,33.14749392825005,0.14207641155007206,0.0
2025-07-15 12:30:00+00:00,-1.0,-13.431234110825583,0.649859943977591,CPI,0.0644818690751983,True,13.431234110825583,0.649859943977591,12.781374166847993,CPI,CPI · DTW only,-7.1916581618712065,16.980382791021892,-0.42352744637027157,-1.0
2025-08-12 12:30:00+00:00,0.0,11.289996005832135,0.6573727756998753,CPI,0.1025946970753493,True,0.0,0.0,0.0,CPI,CPI · DTW only,1.746396463035802,25.42179337480857,0.06869682391354708,0.0
2025-09-11 12:30:00+00:00,1.0,1.9705512133505465,0.6354771556919031,CPI,-0.244939793035148,True,1.9705512133505465,0.6354771556919031,1.3350740576586433,CPI,CPI · DTW only,9.281011225923457,13.708011801632859,0.6770501339091297,1.0
2025-10-24 12:30:00+00:00,0.0,-18.236184786228904,0.6171394522355345,CPI,0.7878861410131068,True,-0.0,0.0,-0.0,CPI,CPI · DTW only,3.757489850312398,31.721321073910737,0.11845313256523711,0.0
2025-12-18 13:30:00+00:00,1.0,,,CPI,3.36314522542601,False,0.0,0.0,0.0,CPI,CPI · DTW only,2.3312558480841186,8.724521626429448,0.26720729776426677,1.0
2026-01-13 13:30:00+00:00,1.0,-18.268511981620605,0.5836419256158428,CPI,0.4535632684287407,True,-18.268511981620605,0.5836419256158428,-18.85215390723645,CPI,CPI · DTW only,7.032386270162948,26.838376684798455,0.2620272586808936,1.0
2026-02-13 13:30:00+00:00,0.0,-4.843103716893893,0.5863916691942169,CPI,0.422053010643054,True,-0.0,0.0,-0.0,CPI,CPI · DTW only,-0.36702888131782496,16.848818387639465,-0.02178365704191355,0.0
2026-03-11 12:30:00+00:00,0.0,-31.074183062749228,0.6080429404117919,CPI,0.051943009100903,True,-0.0,0.0,-0.0,CPI,CPI · DTW only,-0.9524603536117334,21.366977905071202,-0.04457627830399348,0.0
2026-04-10 12:30:00+00:00,1.0,-8.671594877949218,0.5989879169678819,CPI,0.7460995267174582,True,-8.671594877949218,0.5989879169678819,-9.2705827949171,CPI,CPI · DTW only,3.394047201607893,14.812783344827226,0.22912960532789597,1.0
2026-05-12 12:30:00+00:00,0.0,15.266258514028408,0.5828559943724249,CPI,-0.6364808779246304,True,0.0,0.0,0.0,CPI,CPI · DTW only,1.013452000936997,10.873596512409765,0.09320301703124347,0.0
2026-06-10 12:30:00+00:00,1.0,12.047361406555268,0.5733718217406777,CPI,0.2410948932308557,True,12.047361406555268,0.5733718217406777,11.473989584814591,CPI,CPI · DTW only,5.5196526354044595,11.640664906184933,0.47416987602415656,1.0
2019-01-11 13:30:00+00:00,0.0,-12.133638860252203,1.2138462182411789,CPI,-0.1859312952845083,True,-0.0,0.0,-0.0,CPI,CPI · surprise + DTW agree,0.6557840599102106,8.193876380551814,0.08003343343899058,0.0
2019-02-13 13:30:00+00:00,-1.0,16.08695146135375,1.138236910275532,CPI,-0.3527961002285731,True,-16.08695146135375,1.138236910275532,-17.22518837162928,CPI,CPI · surprise + DTW agree,-0.7803436356322626,11.07783426308424,-0.07044189478738445,0.0
2019-03-12 12:30:00+00:00,1.0,14.83621870544738,1.1335652581792597,CPI,0.8128425356375395,True,14.83621870544738,1.1335652581792597,13.70265344726812,CPI,CPI · surprise + DTW agree,4.953982224261605,11.280514724338897,0.43916278160365035,1.0
2019-04-10 12:30:00+00:00,0.0,1.1451474389900795,1.1068702290076335,CPI,0.1828106073984478,True,0.0,0.0,0.0,CPI,CPI · surprise + DTW agree,1.2181228494288998,10.872843563623515,0.11203351196041164,0.0
2019-05-10 12:30:00+00:00,1.0,20.25632728779314,1.1287121005721403,CPI,0.9052162187637446,True,20.25632728779314,1.1287121005721403,19.127615187221,CPI,CPI · surprise + DTW agree,4.096970195031766,14.731837047010494,0.27810314368520367,1.0
2019-06-12 12:30:00+00:00,1.0,-4.613787616936094,1.1152559320078452,CPI,0.8511274476247933,True,-4.613787616936094,1.1152559320078452,-5.729043548943939,CPI,CPI · surprise + DTW agree,3.2110493033826355,5.644055566017991,0.5689258842021117,1.0
2019-07-11 12:30:00+00:00,0.0,2.597739980849667,1.0751890849770132,CPI,-0.8078770829119509,True,0.0,0.0,0.0,CPI,CPI · surprise + DTW agree,0.8367990822870636,14.498719295641129,0.05771537921550336,0.0
2019-08-13 12:30:00+00:00,0.0,8.139377593217034,1.1232038421317634,CPI,-0.9079971531357874,True,0.0,0.0,0.0,CPI,CPI · surprise + DTW agree,0.6802377276144911,5.363456646557838,0.12682823269412544,0.0
2019-09-12 12:30:00+00:00,0.0,,,CPI,-0.3151950111793866,False,0.0,0.0,0.0,CPI,CPI · surprise + DTW agree,-3.7679348238572987,9.161746283321108,-0.41126819138364445,-1.0
2019-10-10 12:30:00+00:00,0.0,5.330896478383806,1.1051408101825388,CPI,0.8513604758187391,True,0.0,0.0,0.0,CPI,CPI · surprise + DTW agree,-1.9240225147406445,11.709891717533239,-0.16430745570941555,-1.0
2019-11-13 13:30:00+00:00,0.0,2.1758050564457676,1.051906126446371,CPI,-0.2114474121727872,True,0.0,0.0,0.0,CPI,CPI · surprise + DTW agree,-0.14906478883186097,5.739193164879061,-0.025973126282638745,0.0
2019-12-11 13:30:00+00:00,-1.0,-1.4344629753892946,1.03983649467532,CPI,-0.4526469176941484,True,1.4344629753892946,1.03983649467532,0.39462648071397455,CPI,CPI · surprise + DTW agree,-2.4762033565686936,6.757945735384185,-0.3664136193937525,-1.0
2020-01-14 13:30:00+00:00,1.0,13.162910210482435,1.0046769443963277,CPI,0.8660898068244481,True,13.162910210482435,1.0046769443963277,12.158233266086107,CPI,CPI · surprise + DTW agree,0.43016559172385843,6.259108216398808,0.06872633877727635,0.0
2020-02-13 13:30:00+00:00,0.0,3.4054146421347298,0.9878730072216922,CPI,-0.313487807128756,True,0.0,0.0,0.0,CPI,CPI · surprise + DTW agree,2.6942925386512147,8.02164943465143,0.3358776222521736,1.0
2020-03-11 12:30:00+00:00,-1.0,-59.32765757634684,1.199884149116637,CPI,-0.8721423415768248,True,59.32765757634684,1.199884149116637,58.1277734272302,CPI,CPI · surprise + DTW agree,-4.427619010933273,6.944875896456693,-0.6375375279480897,-1.0
2020-04-10 12:30:00+00:00,0.0,,,CPI,1.2932156674136484,False,0.0,0.0,0.0,CPI,CPI · surprise + DTW agree,-3.4438851192322295e-09,0.00035298223831171883,-9.756539410322772e-06,0.0
2020-05-12 12:30:00+00:00,1.0,8.664975475607406,1.1973575557390586,CPI,1.654865259542607,True,8.664975475607406,1.1973575557390586,7.467617919868347,CPI,CPI · surprise + DTW agree,2.1365404653873976,8.524613606000369,0.2506319422951339,1.0
2020-06-10 12:30:00+00:00,1.0,0.7323861142971566,1.0622321526684004,CPI,1.4295895341461098,True,0.7323861142971566,1.0622321526684004,-0.3298460383712438,CPI,CPI · surprise + DTW agree,4.652052209322489,23.008499942871758,0.20218841823122577,1.0
2020-07-14 12:30:00+00:00,0.0,-36.54201585257866,1.111579592931887,CPI,-0.7819599103905879,True,-0.0,0.0,-0.0,CPI,CPI · surprise + DTW agree,4.9613570242615515,47.743607588703675,0.10391667649001514,0.0
2020-08-12 12:30:00+00:00,-1.0,20.44440374231016,1.0410683515221135,CPI,-3.996133963581365,True,-20.44440374231016,1.0410683515221135,-21.485472093832275,CPI,CPI · surprise + DTW agree,-2.2052976699465217,8.094456320483586,-0.2724454345829086,-1.0
2020-09-11 12:30:00+00:00,-1.0,-12.660747951773743,1.0484075051516577,CPI,-1.3558031003421431,True,12.660747951773743,1.0484075051516577,11.612340446622085,CPI,CPI · surprise + DTW agree,-1.427661703258727,5.7869057064267295,-0.2467055410412541,-1.0
2020-10-13 12:30:00+00:00,0.0,-1.7446830827339,1.011969152388596,CPI,0.0984578301877035,True,-0.0,0.0,-0.0,CPI,CPI · surprise + DTW agree,14.813792991362712,39.03600399210535,0.37949050815648694,1.0
2020-11-12 13:30:00+00:00,0.0,23.371723991569837,0.9975233902036325,CPI,1.133771684728648,True,0.0,0.0,0.0,CPI,CPI · surprise + DTW agree,-4.4214824916428315,15.57302308334679,-0.2839193435968768,-1.0
2020-12-10 13:30:00+00:00,0.0,-34.00116612777282,0.9650261222588268,CPI,-1.0027173158855538,True,-0.0,0.0,-0.0,CPI,CPI · surprise + DTW agree,2.322491115577132,7.360834828366964,0.3155200693577291,1.0
2021-01-13 13:30:00+00:00,0.0,0.9697596619773208,0.9378436064937584,CPI,-0.1379258705550614,True,0.0,0.0,0.0,CPI,CPI · surprise + DTW agree,9.583097469695428,21.02597992916771,0.4557741185894285,1.0
2021-02-10 13:30:00+00:00,0.0,13.697977708488908,0.9247448979591836,CPI,1.288137979686124,True,0.0,0.0,0.0,CPI,CPI · surprise + DTW agree,-0.4055186893696969,8.670024850993006,-0.0467724944667548,0.0
2021-03-10 13:30:00+00:00,1.0,12.19645828482996,0.9085782317187794,CPI,0.4696093137644077,True,12.19645828482996,0.9085782317187794,11.28788005311118,CPI,CPI · surprise + DTW agree,4.622292982286412,24.646380117636653,0.18754449782176144,1.0
2021-04-13 12:30:00+00:00,0.0,15.799910872313916,0.86536166149439,CPI,-0.9993076866861766,True,0.0,0.0,0.0,CPI,CPI · surprise + DTW agree,5.034763964036931,25.628532470185696,0.19645151238737513,1.0
2021-05-12 12:30:00+00:00,-1.0,34.09261200770786,0.8511387649683024,CPI,-5.0,True,-34.09261200770786,0.8511387649683024,-34.94375077267616,CPI,CPI · surprise + DTW agree,-4.195190509416321,27.239836426577636,-0.1540093869771962,0.0
2021-06-10 12:30:00+00:00,-1.0,42.891157158262416,0.8407990490272825,CPI,-2.161322880787721,True,-42.891157158262416,0.8407990490272825,-43.7319562072897,CPI,CPI · surprise + DTW agree,-2.1694832475959984,22.669983827026943,-0.09569849119210931,0.0
2021-07-13 12:30:00+00:00,0.0,-11.2154382181906,0.8323287985764307,CPI,-4.096583947692579,True,-0.0,0.0,-0.0,CPI,CPI · surprise + DTW agree,-6.964296570664102,33.2405828656041,-0.20951186682922013,-1.0
2021-08-11 12:30:00+00:00,0.0,6.817988389435925,0.8247305406250889,CPI,0.1684786406014942,True,0.0,0.0,0.0,CPI,CPI · surprise + DTW agree,21.388039989164213,41.61722356209703,0.5139227982676724,1.0
2021-09-14 12:30:00+00:00,0.0,1.1441974897330454,0.8321377331420373,CPI,1.0799284758122711,True,0.0,0.0,0.0,CPI,CPI · surprise + DTW agree,5.530399262733377,16.728312308468144,0.330601148564987,1.0
2021-10-13 12:30:00+00:00,0.0,-30.34726577654467,0.8456289729981922,CPI,-0.3493036801244267,True,-0.0,0.0,-0.0,CPI,CPI · surprise + DTW agree,-1.2243850621653807,11.949249097789723,-0.10246543963937095,0.0
2021-11-10 13:30:00+00:00,0.0,4.980493171764522,0.8020133300146575,CPI,-2.420980080545173,True,0.0,0.0,0.0,CPI,CPI · surprise + DTW agree,9.436509948434054,20.857582986753673,0.45242586134870155,1.0
2021-12-10 13:30:00+00:00,0.0,13.63971874257075,0.8089712117830842,CPI,0.1033839697781252,True,0.0,0.0,0.0,CPI,CPI · surprise + DTW agree,6.29090331209453,19.338569203947394,0.32530345165403596,1.0
2022-01-12 13:30:00+00:00,0.0,12.141281844666452,0.8007952725465289,CPI,-0.4997300887678889,True,0.0,0.0,0.0,CPI,CPI · surprise + DTW agree,2.9898896823215795,9.851079492115026,0.3035088372512615,1.0
2022-02-10 13:30:00+00:00,0.0,-43.566929988969605,0.8120519713261648,CPI,-1.61325895784376,True,-0.0,0.0,-0.0,CPI,CPI · surprise + DTW agree,2.287111361233593,43.20855957121469,0.052931904787616536,0.0
2022-03-10 13:30:00+00:00,0.0,-25.22452673924036,0.8813518113299295,CPI,0.0264741975797815,True,-0.0,0.0,-0.0,CPI,CPI · surprise + DTW agree,11.741584927478689,39.51131480658578,0.29717018998116435,1.0
2022-04-12 12:30:00+00:00,0.0,22.97347429895069,0.8467647745853772,CPI,0.4571686878991705,True,0.0,0.0,0.0,CPI,CPI · surprise + DTW agree,1.6987117974744506,10.932454999064369,0.1553824641967272,0.0
2022-05-11 12:30:00+00:00,-1.0,-71.58405710509186,0.8973327557398353,CPI,-1.5388224718203969,True,71.58405710509186,0.8973327557398353,70.68672434935202,CPI,CPI · surprise + DTW agree,-4.697769660185031,30.785453817725486,-0.1525970572985406,0.0
2022-06-10 12:30:00+00:00,0.0,-64.60132853154832,0.8998665715083626,CPI,-1.677151671555776,True,-0.0,0.0,-0.0,CPI,CPI · surprise + DTW agree,0.7237353241689983,28.50835883043378,0.025386776154802105,0.0
2022-07-13 12:30:00+00:00,0.0,-60.204877815834834,0.9297851875601154,CPI,-1.5538946362320831,True,-0.0,0.0,-0.0,CPI,CPI · surprise + DTW agree,1.3025287706991375,34.588924356222655,0.03765739452562099,0.0
2022-08-10 12:30:00+00:00,1.0,33.5514997287234,0.8836344800268138,CPI,1.74167183418779,True,33.5514997287234,0.8836344800268138,32.667865248696586,CPI,CPI · surprise + DTW agree,0.13459749762117498,25.51739329371918,0.00527473539604473,0.0
2022-09-13 12:30:00+00:00,-1.0,-36.68118169301238,0.8891886919727724,CPI,-1.9624844944587772,True,36.68118169301238,0.8891886919727724,35.79199300103961,CPI,CPI · surprise + DTW agree,-14.988622780371639,35.24210842231742,-0.42530437171233326,-1.0
2022-10-13 12:30:00+00:00,-1.0,-70.90633792765644,0.9824181035942952,CPI,-1.2059188282899334,True,70.90633792765644,0.9824181035942952,69.92391982406214,CPI,CPI · surprise + DTW agree,-16.321982247574702,36.79065710752891,-0.4436447601321734,-1.0
2022-11-10 13:30:00+00:00,1.0,59.90836010457912,0.8899800521712444,CPI,1.6880497222729307,True,59.90836010457912,0.8899800521712444,59.01838005240787,CPI,CPI · surprise + DTW agree,5.421592004321031,25.714394920687912,0.21083879364235852,1.0
2022-12-13 13:30:00+00:00,1.0,-4.884847014654525,0.8411160740182145,CPI,1.225713226427208,True,-4.884847014654525,0.8411160740182145,-5.7259630886727395,CPI,CPI · surprise + DTW agree,4.765665705969009,31.079062931377564,0.15334007066080396,0.0
2023-01-12 13:30:00+00:00,-1.0,83.47905129587829,0.8516886930983847,CPI,-0.1737270973932303,True,-83.47905129587829,0.8516886930983847,-84.33073998897667,CPI,CPI · surprise + DTW agree,-13.838415699160283,38.112846022994994,-0.363090588690517,-1.0
2023-02-14 13:30:00+00:00,-1.0,7.296820369582235,0.8443486868922145,CPI,-1.205365729380446,True,-7.296820369582235,0.8443486868922145,-8.14116905647445,CPI,CPI · surprise + DTW agree,-4.344163751315449,45.30596651297482,-0.09588502543194521,0.0
2023-03-14 12:30:00+00:00,-1.0,14.948151392957245,0.9054011863877616,CPI,-0.2683351757655611,True,-14.948151392957245,0.9054011863877616,-15.853552579345006,CPI,CPI · surprise + DTW agree,-5.478996275367884,13.69387326397295,-0.4001056654863683,-1.0
2023-04-12 12:30:00+00:00,1.0,-7.64188968206625,0.8553058455730549,CPI,0.5740553717884737,True,-7.64188968206625,0.8553058455730549,-8.497195527639304,CPI,CPI · surprise + DTW agree,27.71977644703757,44.61614335559073,0.6212947682660716,1.0
2023-05-10 12:30:00+00:00,0.0,26.37233916081172,0.863532144239645,CPI,0.0811362628588261,True,0.0,0.0,0.0,CPI,CPI · surprise + DTW agree,4.863297177780752,30.740941930267933,0.15820260774092568,0.0
2023-06-13 12:30:00+00:00,0.0,19.613302345717894,0.8508141411177936,CPI,-0.1620995717982549,True,0.0,0.0,0.0,CPI,CPI · surprise + DTW agree,20.832667222612805,44.32512335068849,0.46999682455004865,1.0
2023-07-12 12:30:00+00:00,1.0,4.618537737606232,0.8402143995364334,CPI,0.9296650037596498,True,4.618537737606232,0.8402143995364334,3.7783233380697987,CPI,CPI · surprise + DTW agree,19.020420318575542,31.702197538976122,0.5999716674275016,1.0
2023-08-10 12:30:00+00:00,0.0,-7.620983475682408,0.819672131147541,CPI,0.3020127789670528,True,-0.0,0.0,-0.0,CPI,CPI · surprise + DTW agree,-3.8472411957561325,24.836553010784737,-0.1549023809417334,-1.0
2023-09-13 12:30:00+00:00,0.0,,,CPI,-0.4305861898891642,False,0.0,0.0,0.0,CPI,CPI · surprise + DTW agree,2.2565937391774227e-09,0.00045703668989380524,4.937445481022002e-06,0.0
2023-10-12 12:30:00+00:00,0.0,-19.95305826303806,0.8494932333470032,CPI,-0.5048087791850232,True,-0.0,0.0,-0.0,CPI,CPI · surprise + DTW agree,6.068088400470941,14.183760461515156,0.4278194359623814,1.0
2023-11-14 13:30:00+00:00,1.0,38.339073496249654,0.8429742456833904,CPI,0.8053453819483084,True,38.339073496249654,0.8429742456833904,37.49609925056626,CPI,CPI · surprise + DTW agree,15.347593525049003,30.78148500509539,0.4985982165093221,1.0
2023-12-12 13:30:00+00:00,0.0,-30.129579888313884,0.793194934493039,CPI,-0.2654370051827885,True,-0.0,0.0,-0.0,CPI,CPI · surprise + DTW agree,11.877877756318206,19.278371842969648,0.6161245282054137,1.0
2024-01-11 13:30:00+00:00,-1.0,-11.35358618006066,0.7639821913116783,CPI,-0.7572578714008459,True,11.35358618006066,0.7639821913116783,10.589603988748982,CPI,CPI · surprise + DTW agree,-7.158487878877614,37.420063213279825,-0.19130079599483876,-1.0
2024-02-13 13:30:00+00:00,-1.0,-42.99299569940018,0.7468644569780319,CPI,-1.1752230772837458,True,42.99299569940018,0.7468644569780319,42.24613124242215,CPI,CPI · surprise + DTW agree,-18.33084960460404,35.79185582787567,-0.5121514149128717,-1.0
2024-03-12 12:30:00+00:00,-1.0,38.67579078409733,0.747576819962879,CPI,-0.4778384284304798,True,-38.67579078409733,0.747576819962879,-39.42336760406021,CPI,CPI · surprise + DTW agree,-5.037501223836732,36.18482022553603,-0.1392158698713587,-1.0
2024-04-10 12:30:00+00:00,-1.0,-44.016081566446985,0.7383267987168389,CPI,-0.7664412194645043,True,44.016081566446985,0.7383267987168389,43.277754767730144,CPI,CPI · surprise + DTW agree,-15.293900937711726,33.312569219866724,-0.459103014143708,-1.0
2024-05-15 12:30:00+00:00,1.0,-4.769136249223038,0.7306074118862268,CPI,0.319108339789328,True,-4.769136249223038,0.7306074118862268,-5.499743661109265,CPI,CPI · surprise + DTW agree,18.095798460677994,30.90353218039733,0.5855576105360696,1.0
2024-06-12 12:30:00+00:00,1.0,26.60596621796074,0.746941403734707,CPI,0.9012986804965564,True,26.60596621796074,0.746941403734707,25.859024814226036,CPI,CPI · surprise + DTW agree,15.161387493264572,30.996386418335454,0.4891340328721698,1.0
2024-07-11 12:30:00+00:00,1.0,-24.468814485469892,0.725,CPI,1.1642994529213304,True,-24.468814485469892,0.725,-25.193814485469893,CPI,CPI · surprise + DTW agree,6.112263755622287,25.934189920725924,0.23568361974312244,1.0
2024-08-14 12:30:00+00:00,1.0,4.25985096963899,0.727145077980041,CPI,0.3098392583032254,True,4.25985096963899,0.727145077980041,3.5327058916589484,CPI,CPI · surprise + DTW agree,3.446746067682352,15.516092506591457,0.22214008238337873,1.0
2024-09-11 12:30:00+00:00,-1.0,27.604582141123046,0.7128109330449317,CPI,-0.1677863014867797,True,-27.604582141123046,0.7128109330449317,-28.317393074167978,CPI,CPI · surprise + DTW agree,-13.601110869451222,34.0315762166914,-0.3996615020958187,-1.0
2024-10-10 12:30:00+00:00,0.0,-5.851032874186757,0.6778234854151085,CPI,-0.9099158715024142,True,-0.0,0.0,-0.0,CPI,CPI · surprise + DTW agree,1.4589472578452718,27.25508621722362,0.05352935764786913,0.0
2024-11-13 13:30:00+00:00,0.0,-7.710450309428296,0.6592557230216645,CPI,-0.1113847084764326,True,-0.0,0.0,-0.0,CPI,CPI · surprise + DTW agree,5.88719226142025,30.551621493992233,0.19269655663212265,0.0
2024-12-11 13:30:00+00:00,0.0,10.808134172304309,0.6541107477162513,CPI,-0.2110413005637379,True,0.0,0.0,0.0,CPI,CPI · surprise + DTW agree,0.7036674618267036,21.374445699491886,0.03292096888591741,0.0
2025-01-15 13:30:00+00:00,1.0,55.180515195409896,0.6750151296494576,CPI,0.2327917835171692,True,55.180515195409896,0.6750151296494576,54.50550006576044,CPI,CPI · surprise + DTW agree,9.200186668343576,24.86487376014887,0.37000737494548586,1.0
2025-02-12 13:30:00+00:00,-1.0,-0.9028530161536708,0.6487986039643832,CPI,-1.189852178331003,True,0.9028530161536708,0.6487986039643832,0.2540544121892876,CPI,CPI · surprise + DTW agree,-14.181150054709269,33.47734766641135,-0.42360434870823316,-1.0
2025-03-12 12:30:00+00:00,1.0,-42.74276120659337,0.6953769422597352,CPI,0.7784635318901826,True,-42.74276120659337,0.6953769422597352,-43.438138148853106,CPI,CPI · surprise + DTW agree,14.856785138693638,26.74359983955627,0.5555267513657257,1.0
2025-04-10 12:30:00+00:00,0.0,-47.609691199443915,0.7206401272302569,CPI,1.618402676110022,True,-0.0,0.0,-0.0,CPI,CPI · surprise + DTW agree,-4.903480023127136,22.575994665414576,-0.21719884752803606,-1.0
2025-05-13 12:30:00+00:00,0.0,-21.247470102245813,0.6849153302945136,CPI,0.5760432513396548,True,-0.0,0.0,-0.0,CPI,CPI · surprise + DTW agree,-6.851160552525474,20.02947969884942,-0.3420538454086271,-1.0
2025-06-11 12:30:00+00:00,1.0,-9.770396478270271,0.676890040379992,CPI,0.9506292676136467,True,-9.770396478270271,0.676890040379992,-10.447286518650262,CPI,CPI · surprise + DTW agree,4.709476989203568,33.14749392825005,0.14207641155007206,0.0
2025-07-15 12:30:00+00:00,0.0,-13.431234110825583,0.649859943977591,CPI,0.0644818690751983,True,-0.0,0.0,-0.0,CPI,CPI · surprise + DTW agree,-7.1916581618712065,16.980382791021892,-0.42352744637027157,-1.0
2025-08-12 12:30:00+00:00,0.0,11.289996005832135,0.6573727756998753,CPI,0.1025946970753493,True,0.0,0.0,0.0,CPI,CPI · surprise + DTW agree,1.746396463035802,25.42179337480857,0.06869682391354708,0.0
2025-09-11 12:30:00+00:00,0.0,1.9705512133505465,0.6354771556919031,CPI,-0.244939793035148,True,0.0,0.0,0.0,CPI,CPI · surprise + DTW agree,9.281011225923457,13.708011801632859,0.6770501339091297,1.0
2025-10-24 12:30:00+00:00,1.0,-18.236184786228904,0.6171394522355345,CPI,0.7878861410131068,True,-18.236184786228904,0.6171394522355345,-18.853324238464438,CPI,CPI · surprise + DTW agree,3.757489850312398,31.721321073910737,0.11845313256523711,0.0
2025-12-18 13:30:00+00:00,0.0,,,CPI,3.36314522542601,False,0.0,0.0,0.0,CPI,CPI · surprise + DTW agree,2.3312558480841186,8.724521626429448,0.26720729776426677,1.0
2026-01-13 13:30:00+00:00,1.0,-18.268511981620605,0.5836419256158428,CPI,0.4535632684287407,True,-18.268511981620605,0.5836419256158428,-18.85215390723645,CPI,CPI · surprise + DTW agree,7.032386270162948,26.838376684798455,0.2620272586808936,1.0
2026-02-13 13:30:00+00:00,0.0,-4.843103716893893,0.5863916691942169,CPI,0.422053010643054,True,-0.0,0.0,-0.0,CPI,CPI · surprise + DTW agree,-0.36702888131782496,16.848818387639465,-0.02178365704191355,0.0
2026-03-11 12:30:00+00:00,0.0,-31.074183062749228,0.6080429404117919,CPI,0.051943009100903,True,-0.0,0.0,-0.0,CPI,CPI · surprise + DTW agree,-0.9524603536117334,21.366977905071202,-0.04457627830399348,0.0
2026-04-10 12:30:00+00:00,1.0,-8.671594877949218,0.5989879169678819,CPI,0.7460995267174582,True,-8.671594877949218,0.5989879169678819,-9.2705827949171,CPI,CPI · surprise + DTW agree,3.394047201607893,14.812783344827226,0.22912960532789597,1.0
2026-05-12 12:30:00+00:00,0.0,15.266258514028408,0.5828559943724249,CPI,-0.6364808779246304,True,0.0,0.0,0.0,CPI,CPI · surprise + DTW agree,1.013452000936997,10.873596512409765,0.09320301703124347,0.0
2026-06-10 12:30:00+00:00,1.0,12.047361406555268,0.5733718217406777,CPI,0.2410948932308557,True,12.047361406555268,0.5733718217406777,11.473989584814591,CPI,CPI · surprise + DTW agree,5.5196526354044595,11.640664906184933,0.47416987602415656,1.0
2019-01-11 13:30:00+00:00,0.0,-12.133638860252203,1.2138462182411789,CPI,-0.1859312952845083,True,-0.0,0.0,-0.0,CPI,CPI · surprise + DTW blend,0.6557840599102106,8.193876380551814,0.08003343343899058,0.0
2019-02-13 13:30:00+00:00,-0.5,16.08695146135375,1.138236910275532,CPI,-0.3527961002285731,True,-8.043475730676874,0.569118455137766,-8.61259418581464,CPI,CPI · surprise + DTW blend,-0.7803436356322626,11.07783426308424,-0.07044189478738445,0.0
2019-03-12 12:30:00+00:00,1.0,14.83621870544738,1.1335652581792597,CPI,0.8128425356375395,True,14.83621870544738,1.1335652581792597,13.70265344726812,CPI,CPI · surprise + DTW blend,4.953982224261605,11.280514724338897,0.43916278160365035,1.0
2019-04-10 12:30:00+00:00,0.0,1.1451474389900795,1.1068702290076335,CPI,0.1828106073984478,True,0.0,0.0,0.0,CPI,CPI · surprise + DTW blend,1.2181228494288998,10.872843563623515,0.11203351196041164,0.0
2019-05-10 12:30:00+00:00,1.0,20.25632728779314,1.1287121005721403,CPI,0.9052162187637446,True,20.25632728779314,1.1287121005721403,19.127615187221,CPI,CPI · surprise + DTW blend,4.096970195031766,14.731837047010494,0.27810314368520367,1.0
2019-06-12 12:30:00+00:00,1.0,-4.613787616936094,1.1152559320078452,CPI,0.8511274476247933,True,-4.613787616936094,1.1152559320078452,-5.729043548943939,CPI,CPI · surprise + DTW blend,3.2110493033826355,5.644055566017991,0.5689258842021117,1.0
2019-07-11 12:30:00+00:00,-0.5,2.597739980849667,1.0751890849770132,CPI,-0.8078770829119509,True,-1.2988699904248335,0.5375945424885066,-1.83646453291334,CPI,CPI · surprise + DTW blend,0.8367990822870636,14.498719295641129,0.05771537921550336,0.0
2019-08-13 12:30:00+00:00,-0.5,8.139377593217034,1.1232038421317634,CPI,-0.9079971531357874,True,-4.069688796608517,0.5616019210658817,-4.631290717674399,CPI,CPI · surprise + DTW blend,0.6802377276144911,5.363456646557838,0.12682823269412544,0.0
2019-09-12 12:30:00+00:00,-0.5,,,CPI,-0.3151950111793866,False,-0.0,0.0,-0.0,CPI,CPI · surprise + DTW blend,-3.7679348238572987,9.161746283321108,-0.41126819138364445,-1.0
2019-10-10 12:30:00+00:00,0.0,5.330896478383806,1.1051408101825388,CPI,0.8513604758187391,True,0.0,0.0,0.0,CPI,CPI · surprise + DTW blend,-1.9240225147406445,11.709891717533239,-0.16430745570941555,-1.0
2019-11-13 13:30:00+00:00,0.0,2.1758050564457676,1.051906126446371,CPI,-0.2114474121727872,True,0.0,0.0,0.0,CPI,CPI · surprise + DTW blend,-0.14906478883186097,5.739193164879061,-0.025973126282638745,0.0
2019-12-11 13:30:00+00:00,-1.0,-1.4344629753892946,1.03983649467532,CPI,-0.4526469176941484,True,1.4344629753892946,1.03983649467532,0.39462648071397455,CPI,CPI · surprise + DTW blend,-2.4762033565686936,6.757945735384185,-0.3664136193937525,-1.0
2020-01-14 13:30:00+00:00,0.5,13.162910210482435,1.0046769443963277,CPI,0.8660898068244481,True,6.581455105241218,0.5023384721981639,6.0791166330430535,CPI,CPI · surprise + DTW blend,0.43016559172385843,6.259108216398808,0.06872633877727635,0.0
2020-02-13 13:30:00+00:00,0.0,3.4054146421347298,0.9878730072216922,CPI,-0.313487807128756,True,0.0,0.0,0.0,CPI,CPI · surprise + DTW blend,2.6942925386512147,8.02164943465143,0.3358776222521736,1.0
2020-03-11 12:30:00+00:00,-1.0,-59.32765757634684,1.199884149116637,CPI,-0.8721423415768248,True,59.32765757634684,1.199884149116637,58.1277734272302,CPI,CPI · surprise + DTW blend,-4.427619010933273,6.944875896456693,-0.6375375279480897,-1.0
2020-04-10 12:30:00+00:00,0.0,,,CPI,1.2932156674136484,False,0.0,0.0,0.0,CPI,CPI · surprise + DTW blend,-3.4438851192322295e-09,0.00035298223831171883,-9.756539410322772e-06,0.0
2020-05-12 12:30:00+00:00,1.0,8.664975475607406,1.1973575557390586,CPI,1.654865259542607,True,8.664975475607406,1.1973575557390586,7.467617919868347,CPI,CPI · surprise + DTW blend,2.1365404653873976,8.524613606000369,0.2506319422951339,1.0
2020-06-10 12:30:00+00:00,1.0,0.7323861142971566,1.0622321526684004,CPI,1.4295895341461098,True,0.7323861142971566,1.0622321526684004,-0.3298460383712438,CPI,CPI · surprise + DTW blend,4.652052209322489,23.008499942871758,0.20218841823122577,1.0
2020-07-14 12:30:00+00:00,-0.5,-36.54201585257866,1.111579592931887,CPI,-0.7819599103905879,True,18.27100792628933,0.5557897964659435,17.715218129823384,CPI,CPI · surprise + DTW blend,4.9613570242615515,47.743607588703675,0.10391667649001514,0.0
2020-08-12 12:30:00+00:00,-1.0,20.44440374231016,1.0410683515221135,CPI,-3.996133963581365,True,-20.44440374231016,1.0410683515221135,-21.485472093832275,CPI,CPI · surprise + DTW blend,-2.2052976699465217,8.094456320483586,-0.2724454345829086,-1.0
2020-09-11 12:30:00+00:00,-1.0,-12.660747951773743,1.0484075051516577,CPI,-1.3558031003421431,True,12.660747951773743,1.0484075051516577,11.612340446622085,CPI,CPI · surprise + DTW blend,-1.427661703258727,5.7869057064267295,-0.2467055410412541,-1.0
2020-10-13 12:30:00+00:00,0.5,-1.7446830827339,1.011969152388596,CPI,0.0984578301877035,True,-0.87234154136695,0.505984576194298,-1.378326117561248,CPI,CPI · surprise + DTW blend,14.813792991362712,39.03600399210535,0.37949050815648694,1.0
2020-11-12 13:30:00+00:00,0.0,23.371723991569837,0.9975233902036325,CPI,1.133771684728648,True,0.0,0.0,0.0,CPI,CPI · surprise + DTW blend,-4.4214824916428315,15.57302308334679,-0.2839193435968768,-1.0
2020-12-10 13:30:00+00:00,0.0,-34.00116612777282,0.9650261222588268,CPI,-1.0027173158855538,True,-0.0,0.0,-0.0,CPI,CPI · surprise + DTW blend,2.322491115577132,7.360834828366964,0.3155200693577291,1.0
2021-01-13 13:30:00+00:00,0.5,0.9697596619773208,0.9378436064937584,CPI,-0.1379258705550614,True,0.4848798309886604,0.4689218032468792,0.015958027741781178,CPI,CPI · surprise + DTW blend,9.583097469695428,21.02597992916771,0.4557741185894285,1.0
2021-02-10 13:30:00+00:00,0.5,13.697977708488908,0.9247448979591836,CPI,1.288137979686124,True,6.848988854244454,0.4623724489795918,6.386616405264863,CPI,CPI · surprise + DTW blend,-0.4055186893696969,8.670024850993006,-0.0467724944667548,0.0
2021-03-10 13:30:00+00:00,1.0,12.19645828482996,0.9085782317187794,CPI,0.4696093137644077,True,12.19645828482996,0.9085782317187794,11.28788005311118,CPI,CPI · surprise + DTW blend,4.622292982286412,24.646380117636653,0.18754449782176144,1.0
2021-04-13 12:30:00+00:00,0.0,15.799910872313916,0.86536166149439,CPI,-0.9993076866861766,True,0.0,0.0,0.0,CPI,CPI · surprise + DTW blend,5.034763964036931,25.628532470185696,0.19645151238737513,1.0
2021-05-12 12:30:00+00:00,-0.5,34.09261200770786,0.8511387649683024,CPI,-5.0,True,-17.04630600385393,0.4255693824841512,-17.47187538633808,CPI,CPI · surprise + DTW blend,-4.195190509416321,27.239836426577636,-0.1540093869771962,0.0
2021-06-10 12:30:00+00:00,-0.5,42.891157158262416,0.8407990490272825,CPI,-2.161322880787721,True,-21.445578579131208,0.42039952451364127,-21.86597810364485,CPI,CPI · surprise + DTW blend,-2.1694832475959984,22.669983827026943,-0.09569849119210931,0.0
2021-07-13 12:30:00+00:00,0.0,-11.2154382181906,0.8323287985764307,CPI,-4.096583947692579,True,-0.0,0.0,-0.0,CPI,CPI · surprise + DTW blend,-6.964296570664102,33.2405828656041,-0.20951186682922013,-1.0
2021-08-11 12:30:00+00:00,0.5,6.817988389435925,0.8247305406250889,CPI,0.1684786406014942,True,3.4089941947179625,0.41236527031254444,2.9966289244054183,CPI,CPI · surprise + DTW blend,21.388039989164213,41.61722356209703,0.5139227982676724,1.0
2021-09-14 12:30:00+00:00,0.5,1.1441974897330454,0.8321377331420373,CPI,1.0799284758122711,True,0.5720987448665227,0.41606886657101866,0.15602987829550402,CPI,CPI · surprise + DTW blend,5.530399262733377,16.728312308468144,0.330601148564987,1.0
2021-10-13 12:30:00+00:00,0.0,-30.34726577654467,0.8456289729981922,CPI,-0.3493036801244267,True,-0.0,0.0,-0.0,CPI,CPI · surprise + DTW blend,-1.2243850621653807,11.949249097789723,-0.10246543963937095,0.0
2021-11-10 13:30:00+00:00,0.0,4.980493171764522,0.8020133300146575,CPI,-2.420980080545173,True,0.0,0.0,0.0,CPI,CPI · surprise + DTW blend,9.436509948434054,20.857582986753673,0.45242586134870155,1.0
2021-12-10 13:30:00+00:00,0.5,13.63971874257075,0.8089712117830842,CPI,0.1033839697781252,True,6.819859371285375,0.4044856058915421,6.4153737653938325,CPI,CPI · surprise + DTW blend,6.29090331209453,19.338569203947394,0.32530345165403596,1.0
2022-01-12 13:30:00+00:00,0.5,12.141281844666452,0.8007952725465289,CPI,-0.4997300887678889,True,6.070640922333226,0.40039763627326447,5.670243286059962,CPI,CPI · surprise + DTW blend,2.9898896823215795,9.851079492115026,0.3035088372512615,1.0
2022-02-10 13:30:00+00:00,0.0,-43.566929988969605,0.8120519713261648,CPI,-1.61325895784376,True,-0.0,0.0,-0.0,CPI,CPI · surprise + DTW blend,2.287111361233593,43.20855957121469,0.052931904787616536,0.0
2022-03-10 13:30:00+00:00,0.5,-25.22452673924036,0.8813518113299295,CPI,0.0264741975797815,True,-12.61226336962018,0.44067590566496473,-13.052939275285144,CPI,CPI · surprise + DTW blend,11.741584927478689,39.51131480658578,0.29717018998116435,1.0
2022-04-12 12:30:00+00:00,0.0,22.97347429895069,0.8467647745853772,CPI,0.4571686878991705,True,0.0,0.0,0.0,CPI,CPI · surprise + DTW blend,1.6987117974744506,10.932454999064369,0.1553824641967272,0.0
2022-05-11 12:30:00+00:00,-0.5,-71.58405710509186,0.8973327557398353,CPI,-1.5388224718203969,True,35.79202855254593,0.44866637786991764,35.34336217467601,CPI,CPI · surprise + DTW blend,-4.697769660185031,30.785453817725486,-0.1525970572985406,0.0
2022-06-10 12:30:00+00:00,-0.5,-64.60132853154832,0.8998665715083626,CPI,-1.677151671555776,True,32.30066426577416,0.4499332857541813,31.85073098001998,CPI,CPI · surprise + DTW blend,0.7237353241689983,28.50835883043378,0.025386776154802105,0.0
2022-07-13 12:30:00+00:00,-0.5,-60.204877815834834,0.9297851875601154,CPI,-1.5538946362320831,True,30.102438907917417,0.4648925937800577,29.63754631413736,CPI,CPI · surprise + DTW blend,1.3025287706991375,34.588924356222655,0.03765739452562099,0.0
2022-08-10 12:30:00+00:00,0.5,33.5514997287234,0.8836344800268138,CPI,1.74167183418779,True,16.7757498643617,0.4418172400134069,16.333932624348293,CPI,CPI · surprise + DTW blend,0.13459749762117498,25.51739329371918,0.00527473539604473,0.0
2022-09-13 12:30:00+00:00,-1.0,-36.68118169301238,0.8891886919727724,CPI,-1.9624844944587772,True,36.68118169301238,0.8891886919727724,35.79199300103961,CPI,CPI · surprise + DTW blend,-14.988622780371639,35.24210842231742,-0.42530437171233326,-1.0
2022-10-13 12:30:00+00:00,-1.0,-70.90633792765644,0.9824181035942952,CPI,-1.2059188282899334,True,70.90633792765644,0.9824181035942952,69.92391982406214,CPI,CPI · surprise + DTW blend,-16.321982247574702,36.79065710752891,-0.4436447601321734,-1.0
2022-11-10 13:30:00+00:00,1.0,59.90836010457912,0.8899800521712444,CPI,1.6880497222729307,True,59.90836010457912,0.8899800521712444,59.01838005240787,CPI,CPI · surprise + DTW blend,5.421592004321031,25.714394920687912,0.21083879364235852,1.0
2022-12-13 13:30:00+00:00,0.5,-4.884847014654525,0.8411160740182145,CPI,1.225713226427208,True,-2.4424235073272627,0.42055803700910727,-2.8629815443363698,CPI,CPI · surprise + DTW blend,4.765665705969009,31.079062931377564,0.15334007066080396,0.0
2023-01-12 13:30:00+00:00,-1.0,83.47905129587829,0.8516886930983847,CPI,-0.1737270973932303,True,-83.47905129587829,0.8516886930983847,-84.33073998897667,CPI,CPI · surprise + DTW blend,-13.838415699160283,38.112846022994994,-0.363090588690517,-1.0
2023-02-14 13:30:00+00:00,-0.5,7.296820369582235,0.8443486868922145,CPI,-1.205365729380446,True,-3.6484101847911177,0.42217434344610727,-4.070584528237225,CPI,CPI · surprise + DTW blend,-4.344163751315449,45.30596651297482,-0.09588502543194521,0.0
2023-03-14 12:30:00+00:00,-1.0,14.948151392957245,0.9054011863877616,CPI,-0.2683351757655611,True,-14.948151392957245,0.9054011863877616,-15.853552579345006,CPI,CPI · surprise + DTW blend,-5.478996275367884,13.69387326397295,-0.4001056654863683,-1.0
2023-04-12 12:30:00+00:00,1.0,-7.64188968206625,0.8553058455730549,CPI,0.5740553717884737,True,-7.64188968206625,0.8553058455730549,-8.497195527639304,CPI,CPI · surprise + DTW blend,27.71977644703757,44.61614335559073,0.6212947682660716,1.0
2023-05-10 12:30:00+00:00,0.0,26.37233916081172,0.863532144239645,CPI,0.0811362628588261,True,0.0,0.0,0.0,CPI,CPI · surprise + DTW blend,4.863297177780752,30.740941930267933,0.15820260774092568,0.0
2023-06-13 12:30:00+00:00,0.5,19.613302345717894,0.8508141411177936,CPI,-0.1620995717982549,True,9.806651172858947,0.4254070705588968,9.38124410230005,CPI,CPI · surprise + DTW blend,20.832667222612805,44.32512335068849,0.46999682455004865,1.0
2023-07-12 12:30:00+00:00,1.0,4.618537737606232,0.8402143995364334,CPI,0.9296650037596498,True,4.618537737606232,0.8402143995364334,3.7783233380697987,CPI,CPI · surprise + DTW blend,19.020420318575542,31.702197538976122,0.5999716674275016,1.0
2023-08-10 12:30:00+00:00,0.0,-7.620983475682408,0.819672131147541,CPI,0.3020127789670528,True,-0.0,0.0,-0.0,CPI,CPI · surprise + DTW blend,-3.8472411957561325,24.836553010784737,-0.1549023809417334,-1.0
2023-09-13 12:30:00+00:00,0.0,,,CPI,-0.4305861898891642,False,0.0,0.0,0.0,CPI,CPI · surprise + DTW blend,2.2565937391774227e-09,0.00045703668989380524,4.937445481022002e-06,0.0
2023-10-12 12:30:00+00:00,0.0,-19.95305826303806,0.8494932333470032,CPI,-0.5048087791850232,True,-0.0,0.0,-0.0,CPI,CPI · surprise + DTW blend,6.068088400470941,14.183760461515156,0.4278194359623814,1.0
2023-11-14 13:30:00+00:00,1.0,38.339073496249654,0.8429742456833904,CPI,0.8053453819483084,True,38.339073496249654,0.8429742456833904,37.49609925056626,CPI,CPI · surprise + DTW blend,15.347593525049003,30.78148500509539,0.4985982165093221,1.0
2023-12-12 13:30:00+00:00,0.0,-30.129579888313884,0.793194934493039,CPI,-0.2654370051827885,True,-0.0,0.0,-0.0,CPI,CPI · surprise + DTW blend,11.877877756318206,19.278371842969648,0.6161245282054137,1.0
2024-01-11 13:30:00+00:00,-1.0,-11.35358618006066,0.7639821913116783,CPI,-0.7572578714008459,True,11.35358618006066,0.7639821913116783,10.589603988748982,CPI,CPI · surprise + DTW blend,-7.158487878877614,37.420063213279825,-0.19130079599483876,-1.0
2024-02-13 13:30:00+00:00,-1.0,-42.99299569940018,0.7468644569780319,CPI,-1.1752230772837458,True,42.99299569940018,0.7468644569780319,42.24613124242215,CPI,CPI · surprise + DTW blend,-18.33084960460404,35.79185582787567,-0.5121514149128717,-1.0
2024-03-12 12:30:00+00:00,-1.0,38.67579078409733,0.747576819962879,CPI,-0.4778384284304798,True,-38.67579078409733,0.747576819962879,-39.42336760406021,CPI,CPI · surprise + DTW blend,-5.037501223836732,36.18482022553603,-0.1392158698713587,-1.0
2024-04-10 12:30:00+00:00,-1.0,-44.016081566446985,0.7383267987168389,CPI,-0.7664412194645043,True,44.016081566446985,0.7383267987168389,43.277754767730144,CPI,CPI · surprise + DTW blend,-15.293900937711726,33.312569219866724,-0.459103014143708,-1.0
2024-05-15 12:30:00+00:00,1.0,-4.769136249223038,0.7306074118862268,CPI,0.319108339789328,True,-4.769136249223038,0.7306074118862268,-5.499743661109265,CPI,CPI · surprise + DTW blend,18.095798460677994,30.90353218039733,0.5855576105360696,1.0
2024-06-12 12:30:00+00:00,1.0,26.60596621796074,0.746941403734707,CPI,0.9012986804965564,True,26.60596621796074,0.746941403734707,25.859024814226036,CPI,CPI · surprise + DTW blend,15.161387493264572,30.996386418335454,0.4891340328721698,1.0
2024-07-11 12:30:00+00:00,1.0,-24.468814485469892,0.725,CPI,1.1642994529213304,True,-24.468814485469892,0.725,-25.193814485469893,CPI,CPI · surprise + DTW blend,6.112263755622287,25.934189920725924,0.23568361974312244,1.0
2024-08-14 12:30:00+00:00,1.0,4.25985096963899,0.727145077980041,CPI,0.3098392583032254,True,4.25985096963899,0.727145077980041,3.5327058916589484,CPI,CPI · surprise + DTW blend,3.446746067682352,15.516092506591457,0.22214008238337873,1.0
2024-09-11 12:30:00+00:00,-1.0,27.604582141123046,0.7128109330449317,CPI,-0.1677863014867797,True,-27.604582141123046,0.7128109330449317,-28.317393074167978,CPI,CPI · surprise + DTW blend,-13.601110869451222,34.0315762166914,-0.3996615020958187,-1.0
2024-10-10 12:30:00+00:00,-0.5,-5.851032874186757,0.6778234854151085,CPI,-0.9099158715024142,True,2.9255164370933784,0.33891174270755425,2.5866046943858243,CPI,CPI · surprise + DTW blend,1.4589472578452718,27.25508621722362,0.05352935764786913,0.0
2024-11-13 13:30:00+00:00,0.0,-7.710450309428296,0.6592557230216645,CPI,-0.1113847084764326,True,-0.0,0.0,-0.0,CPI,CPI · surprise + DTW blend,5.88719226142025,30.551621493992233,0.19269655663212265,0.0
2024-12-11 13:30:00+00:00,-0.5,10.808134172304309,0.6541107477162513,CPI,-0.2110413005637379,True,-5.404067086152154,0.32705537385812566,-5.73112246001028,CPI,CPI · surprise + DTW blend,0.7036674618267036,21.374445699491886,0.03292096888591741,0.0
2025-01-15 13:30:00+00:00,1.0,55.180515195409896,0.6750151296494576,CPI,0.2327917835171692,True,55.180515195409896,0.6750151296494576,54.50550006576044,CPI,CPI · surprise + DTW blend,9.200186668343576,24.86487376014887,0.37000737494548586,1.0
2025-02-12 13:30:00+00:00,-1.0,-0.9028530161536708,0.6487986039643832,CPI,-1.189852178331003,True,0.9028530161536708,0.6487986039643832,0.2540544121892876,CPI,CPI · surprise + DTW blend,-14.181150054709269,33.47734766641135,-0.42360434870823316,-1.0
2025-03-12 12:30:00+00:00,1.0,-42.74276120659337,0.6953769422597352,CPI,0.7784635318901826,True,-42.74276120659337,0.6953769422597352,-43.438138148853106,CPI,CPI · surprise + DTW blend,14.856785138693638,26.74359983955627,0.5555267513657257,1.0
2025-04-10 12:30:00+00:00,0.0,-47.609691199443915,0.7206401272302569,CPI,1.618402676110022,True,-0.0,0.0,-0.0,CPI,CPI · surprise + DTW blend,-4.903480023127136,22.575994665414576,-0.21719884752803606,-1.0
2025-05-13 12:30:00+00:00,0.0,-21.247470102245813,0.6849153302945136,CPI,0.5760432513396548,True,-0.0,0.0,-0.0,CPI,CPI · surprise + DTW blend,-6.851160552525474,20.02947969884942,-0.3420538454086271,-1.0
2025-06-11 12:30:00+00:00,0.5,-9.770396478270271,0.676890040379992,CPI,0.9506292676136467,True,-4.885198239135136,0.338445020189996,-5.223643259325131,CPI,CPI · surprise + DTW blend,4.709476989203568,33.14749392825005,0.14207641155007206,0.0
2025-07-15 12:30:00+00:00,-0.5,-13.431234110825583,0.649859943977591,CPI,0.0644818690751983,True,6.715617055412792,0.3249299719887955,6.390687083423996,CPI,CPI · surprise + DTW blend,-7.1916581618712065,16.980382791021892,-0.42352744637027157,-1.0
2025-08-12 12:30:00+00:00,0.0,11.289996005832135,0.6573727756998753,CPI,0.1025946970753493,True,0.0,0.0,0.0,CPI,CPI · surprise + DTW blend,1.746396463035802,25.42179337480857,0.06869682391354708,0.0
2025-09-11 12:30:00+00:00,0.0,1.9705512133505465,0.6354771556919031,CPI,-0.244939793035148,True,0.0,0.0,0.0,CPI,CPI · surprise + DTW blend,9.281011225923457,13.708011801632859,0.6770501339091297,1.0
2025-10-24 12:30:00+00:00,0.5,-18.236184786228904,0.6171394522355345,CPI,0.7878861410131068,True,-9.118092393114452,0.30856972611776723,-9.426662119232219,CPI,CPI · surprise + DTW blend,3.757489850312398,31.721321073910737,0.11845313256523711,0.0
2025-12-18 13:30:00+00:00,0.5,,,CPI,3.36314522542601,False,0.0,0.0,0.0,CPI,CPI · surprise + DTW blend,2.3312558480841186,8.724521626429448,0.26720729776426677,1.0
2026-01-13 13:30:00+00:00,1.0,-18.268511981620605,0.5836419256158428,CPI,0.4535632684287407,True,-18.268511981620605,0.5836419256158428,-18.85215390723645,CPI,CPI · surprise + DTW blend,7.032386270162948,26.838376684798455,0.2620272586808936,1.0
2026-02-13 13:30:00+00:00,0.5,-4.843103716893893,0.5863916691942169,CPI,0.422053010643054,True,-2.4215518584469464,0.29319583459710846,-2.714747693044055,CPI,CPI · surprise + DTW blend,-0.36702888131782496,16.848818387639465,-0.02178365704191355,0.0
2026-03-11 12:30:00+00:00,0.0,-31.074183062749228,0.6080429404117919,CPI,0.051943009100903,True,-0.0,0.0,-0.0,CPI,CPI · surprise + DTW blend,-0.9524603536117334,21.366977905071202,-0.04457627830399348,0.0
2026-04-10 12:30:00+00:00,1.0,-8.671594877949218,0.5989879169678819,CPI,0.7460995267174582,True,-8.671594877949218,0.5989879169678819,-9.2705827949171,CPI,CPI · surprise + DTW blend,3.394047201607893,14.812783344827226,0.22912960532789597,1.0
2026-05-12 12:30:00+00:00,-0.5,15.266258514028408,0.5828559943724249,CPI,-0.6364808779246304,True,-7.633129257014204,0.29142799718621243,-7.924557254200416,CPI,CPI · surprise + DTW blend,1.013452000936997,10.873596512409765,0.09320301703124347,0.0
2026-06-10 12:30:00+00:00,1.0,12.047361406555268,0.5733718217406777,CPI,0.2410948932308557,True,12.047361406555268,0.5733718217406777,11.473989584814591,CPI,CPI · surprise + DTW blend,5.5196526354044595,11.640664906184933,0.47416987602415656,1.0
