entry_time,position,ret_bps,price,market,anchor,families
2016-04-08 14:01:00+00:00,0.0,-2.4369440841898182,2052.0,ES,0,Wholesale Inventories
2016-04-13 12:31:00+00:00,0.0,-3.6308623696967857,2066.0,ES,0,Retail Sales
2016-04-14 12:31:00+00:00,0.0,9.62811483693038,2076.25,ES,0,CPI
2016-04-28 12:31:00+00:00,0.0,8.423079735111472,2076.75,ES,0,GDP
2016-05-02 14:01:00+00:00,0.0,35.123877931440006,2060.5,ES,0,ISM Manufacturing
2016-05-04 14:01:00+00:00,0.0,-9.759668945958921,2050.25,ES,0,ISM Services
2016-05-06 12:31:00+00:00,0.0,-13.51102582245467,2036.75,ES,0,Employment Report (NFP)
2016-05-10 14:01:00+00:00,0.0,0.0,2068.0,ES,0,Wholesale Inventories
2016-05-13 12:31:00+00:00,0.0,-10.94957223577886,2056.0,ES,0,Retail Sales
2016-05-17 12:31:00+00:00,0.0,-8.49978801704232,2059.75,ES,0,CPI
2016-05-27 12:31:00+00:00,0.0,-9.567089942823515,2091.5,ES,0,GDP
2016-06-01 14:01:00+00:00,0.0,11.977483765122088,2086.0,ES,0,ISM Manufacturing
2016-06-03 12:31:00+00:00,0.0,-19.083975257601082,2098.0,ES,0,Employment Report (NFP)
2016-06-03 14:01:00+00:00,0.0,-16.77651681677439,2088.0,ES,0,ISM Services
2016-06-09 14:01:00+00:00,0.0,-9.482044090782793,2110.25,ES,0,Wholesale Inventories
2016-06-14 12:31:00+00:00,0.0,7.23676307062604,2072.0,ES,0,Retail Sales
2016-06-16 12:31:00+00:00,0.0,3.637024953713208,2061.75,ES,0,CPI
2016-06-28 12:31:00+00:00,0.0,7.467330776362857,2008.0,ES,0,GDP
2016-07-01 14:01:00+00:00,0.0,3.5733429002693384,2098.5,ES,0,ISM Manufacturing
2016-07-06 14:01:00+00:00,0.0,-39.83347653377045,2075.25,ES,0,ISM Services
2016-07-08 12:31:00+00:00,0.0,11.868028926826923,2105.25,ES,0,Employment Report (NFP)
2016-07-12 14:01:00+00:00,0.0,-8.169458352478287,2143.0,ES,0,Wholesale Inventories
2016-07-15 12:31:00+00:00,0.0,0.0,2160.5,ES,0,CPI+Retail Sales
2016-07-29 12:31:00+00:00,0.0,9.25390465112308,2160.25,ES,0,GDP
2016-08-01 14:01:00+00:00,0.0,16.153228388304797,2165.0,ES,0,ISM Manufacturing
2016-08-03 14:01:00+00:00,0.0,3.486142618536192,2151.0,ES,0,ISM Services
2016-08-05 12:31:00+00:00,0.0,11.544679185711004,2164.25,ES,0,Employment Report (NFP)
2016-08-09 14:01:00+00:00,0.0,6.879945231821338,2179.5,ES,0,Wholesale Inventories
2016-08-12 12:31:00+00:00,0.0,-2.2933149968640265,2180.5,ES,0,Retail Sales
2016-08-16 12:31:00+00:00,0.0,-2.291475720381797,2182.25,ES,0,CPI
2016-08-26 12:31:00+00:00,0.0,9.203866273290728,2172.0,ES,0,GDP+Wholesale Inventories
2016-09-01 14:01:00+00:00,0.0,-38.15695211735637,2166.25,ES,0,ISM Manufacturing
2016-09-02 12:31:00+00:00,0.0,27.627506924803313,2168.75,ES,0,Employment Report (NFP)
2016-09-06 14:01:00+00:00,0.0,-22.95158225796179,2181.0,ES,0,ISM Services
2016-09-09 14:01:00+00:00,0.0,-9.268915042000003,2158.75,ES,0,Wholesale Inventories
2016-09-15 12:31:00+00:00,0.0,-19.998830264107426,2127.25,ES,0,Retail Sales
2016-09-16 12:31:00+00:00,0.0,21.023133181010678,2138.25,ES,0,CPI
2016-09-29 12:31:00+00:00,0.0,5.788712173222521,2158.75,ES,0,GDP+Wholesale Inventories
2016-10-03 14:01:00+00:00,0.0,-5.8088877613649,2152.5,ES,0,ISM Manufacturing
2016-10-05 14:01:00+00:00,0.0,4.643603519713935,2153.0,ES,0,ISM Services
2016-10-07 12:31:00+00:00,0.0,4.637143602685967,2156.0,ES,0,Employment Report (NFP)
2016-10-07 14:01:00+00:00,0.0,4.652785939471826,2148.75,ES,0,Wholesale Inventories
2016-10-14 12:31:00+00:00,0.0,9.36877923077617,2133.75,ES,0,Retail Sales
2016-10-18 12:31:00+00:00,0.0,3.50938764787756,2136.75,ES,0,CPI
2016-10-26 12:31:00+00:00,0.0,-4.695386868753815,2130.25,ES,0,Wholesale Inventories
2016-10-28 12:31:00+00:00,0.0,1.174881044647691,2127.75,ES,0,GDP
2016-11-01 14:01:00+00:00,0.0,-24.78316014467019,2121.0,ES,0,ISM Manufacturing
2016-11-03 14:01:00+00:00,0.0,10.743062805849135,2093.25,ES,0,ISM Services
2016-11-04 12:31:00+00:00,0.0,17.991009350470932,2082.5,ES,0,Employment Report (NFP)
2016-11-09 15:01:00+00:00,0.0,-42.19910142176708,2137.25,ES,0,Wholesale Inventories
2016-11-15 13:31:00+00:00,0.0,-1.1546677456397703,2165.25,ES,0,Retail Sales
2016-11-17 13:31:00+00:00,0.0,9.199632663552393,2173.0,ES,0,CPI
2016-11-25 13:31:00+00:00,0.0,1.1337225793006667,2205.0,ES,0,Wholesale Inventories
2016-11-29 13:31:00+00:00,0.0,-13.622433710640536,2203.75,ES,0,GDP
2016-12-01 15:01:00+00:00,0.0,-10.241821663399264,2198.0,ES,0,ISM Manufacturing
2016-12-02 13:31:00+00:00,0.0,0.0,2189.25,ES,0,Employment Report (NFP)
2016-12-05 15:01:00+00:00,0.0,2.266288961543239,2206.0,ES,0,ISM Services
2016-12-09 15:01:00+00:00,0.0,3.3305578992326446,2251.5,ES,0,Wholesale Inventories
2016-12-14 13:31:00+00:00,0.0,1.1008972323534039,2270.75,ES,0,Retail Sales
2016-12-15 13:31:00+00:00,0.0,7.758382212381676,2254.75,ES,0,CPI
2016-12-22 13:31:00+00:00,0.0,-4.425268354104617,2260.25,ES,0,GDP
2016-12-29 13:31:00+00:00,0.0,-2.225932118262719,2246.5,ES,0,Wholesale Inventories
2017-01-03 15:01:00+00:00,0.0,29.948444546015196,2250.5,ES,0,ISM Manufacturing
2017-01-05 15:01:00+00:00,0.0,1.1043012545108866,2263.75,ES,0,ISM Services
2017-01-06 13:31:00+00:00,0.0,8.8300226487803,2264.0,ES,0,Employment Report (NFP)
2017-01-10 15:01:00+00:00,0.0,7.732670918310092,2262.25,ES,0,Wholesale Inventories
2017-01-13 13:31:00+00:00,0.0,11.035092711075833,2264.25,ES,0,Retail Sales
2017-01-18 13:31:00+00:00,0.0,-2.2058012662551363,2267.0,ES,0,CPI
2017-01-26 13:31:00+00:00,0.0,6.538797094348681,2293.25,ES,0,Wholesale Inventories
2017-01-27 13:31:00+00:00,0.0,0.0,2294.25,ES,0,GDP
2017-02-01 15:01:00+00:00,0.0,-16.450077734893043,2281.5,ES,0,ISM Manufacturing
2017-02-03 13:31:00+00:00,0.0,15.32735136941632,2281.75,ES,0,Employment Report (NFP)
2017-02-03 15:01:00+00:00,0.0,19.669987764858732,2285.5,ES,0,ISM Services
2017-02-09 15:01:00+00:00,0.0,19.577991896300162,2296.25,ES,0,Wholesale Inventories
2017-02-15 13:31:00+00:00,0.0,-6.428801250022431,2334.0,ES,0,CPI+Retail Sales
2017-02-28 13:31:00+00:00,0.0,2.113048079701585,2366.0,ES,0,GDP+Wholesale Inventories
2017-03-01 15:01:00+00:00,0.0,8.377841101596673,2386.25,ES,0,ISM Manufacturing
2017-03-03 15:01:00+00:00,0.0,-14.725994035940104,2378.5,ES,0,ISM Services
2017-03-08 15:01:00+00:00,0.0,2.1088148538783713,2370.75,ES,0,Wholesale Inventories
2017-03-10 13:31:00+00:00,0.0,2.1030494294205226,2377.25,ES,0,Employment Report (NFP)
2017-03-15 12:31:00+00:00,0.0,6.325110900311515,2370.75,ES,0,CPI+Retail Sales
2017-03-28 12:31:00+00:00,0.0,3.211475700668487,2335.0,ES,0,Wholesale Inventories
2017-03-30 12:31:00+00:00,0.0,-2.1224663138141864,2356.0,ES,0,GDP
2017-04-03 14:01:00+00:00,0.0,-7.419577424476742,2359.5,ES,0,ISM Manufacturing
2017-04-05 14:01:00+00:00,0.0,15.818616533467278,2368.75,ES,0,ISM Services
2017-04-05 18:01:00+00:00,0.0,1.0544630156950063,2370.75,ES,0,FOMC Meeting Minutes
2017-04-07 12:31:00+00:00,0.0,11.710226493875098,2347.0,ES,0,Employment Report (NFP)
2017-04-07 14:01:00+00:00,0.0,20.205249602796016,2348.5,ES,0,Wholesale Inventories
2017-04-14 12:31:00+00:00,0.0,,,ES,0,CPI+Retail Sales
2017-04-27 12:31:00+00:00,0.0,-2.096436066381102,2385.25,ES,0,Wholesale Inventories
2017-04-28 12:31:00+00:00,0.0,-1.0472849148168706,2387.25,ES,0,GDP
2017-05-01 14:01:00+00:00,0.0,-3.1471282714523596,2383.5,ES,0,ISM Manufacturing
2017-05-03 14:01:00+00:00,0.0,-1.0494831305241092,2382.25,ES,0,ISM Services
2017-05-05 12:31:00+00:00,0.0,9.42063187900466,2387.25,ES,0,Employment Report (NFP)
2017-05-09 14:01:00+00:00,0.0,1.0421551778527771,2398.75,ES,0,Wholesale Inventories
2017-05-12 12:31:00+00:00,0.0,9.42063187900466,2387.25,ES,0,CPI+Retail Sales
2017-05-24 18:01:00+00:00,0.0,10.421009696726102,2397.75,ES,0,FOMC Meeting Minutes
2017-05-25 12:31:00+00:00,0.0,4.1528239799415445,2407.5,ES,0,Wholesale Inventories
2017-05-26 12:31:00+00:00,0.0,7.260281395513601,2409.5,ES,0,GDP
2017-06-01 14:01:00+00:00,0.0,-1.0351431094601793,2415.25,ES,0,ISM Manufacturing
2017-06-02 12:31:00+00:00,0.0,-2.0554984656140363,2432.75,ES,0,Employment Report (NFP)
2017-06-05 14:01:00+00:00,0.0,-2.051282058470605,2437.75,ES,0,ISM Services
2017-06-09 14:01:00+00:00,0.0,20.472931708139797,2439.75,ES,0,Wholesale Inventories
2017-06-14 12:31:00+00:00,0.0,10.236463172494936,2441.0,ES,0,CPI+Retail Sales
2017-06-28 12:31:00+00:00,0.0,1.0301313426541725,2426.75,ES,0,Wholesale Inventories
2017-06-29 12:31:00+00:00,0.0,-11.269915643943307,2441.5,ES,0,GDP
2017-07-03 14:01:00+00:00,0.0,-4.108463492471515,2434.5,ES,0,ISM Manufacturing
2017-07-05 18:01:00+00:00,0.0,7.199794602605891,2429.75,ES,0,FOMC Meeting Minutes
2017-07-06 14:01:00+00:00,0.0,-17.60108131573901,2416.75,ES,0,ISM Services
2017-07-07 12:31:00+00:00,0.0,3.1076811769281676,2413.0,ES,0,Employment Report (NFP)
2017-07-11 14:01:00+00:00,0.0,10.314596066622883,2422.5,ES,0,Wholesale Inventories
2017-07-14 12:31:00+00:00,0.0,11.235382418819384,2446.25,ES,0,CPI+Retail Sales
2017-07-27 12:31:00+00:00,0.0,-1.0086237337780801,2478.75,ES,0,Wholesale Inventories
2017-07-28 12:31:00+00:00,0.0,0.0,2466.5,ES,0,GDP
2017-08-01 14:01:00+00:00,0.0,-4.04817331709495,2470.75,ES,0,ISM Manufacturing
2017-08-03 14:01:00+00:00,0.0,7.0825115521877535,2470.0,ES,0,ISM Services
2017-08-04 12:31:00+00:00,0.0,-3.0304561068206226,2475.25,ES,0,Employment Report (NFP)
2017-08-09 14:01:00+00:00,0.0,-4.055972474983349,2466.0,ES,0,Wholesale Inventories
2017-08-11 12:31:00+00:00,0.0,17.429645054320986,2436.25,ES,0,CPI
2017-08-15 12:31:00+00:00,0.0,3.0381285361968935,2468.25,ES,0,Retail Sales
2017-08-16 18:01:00+00:00,0.0,-13.183917532577638,2466.75,ES,0,FOMC Meeting Minutes
2017-08-28 12:31:00+00:00,0.0,3.065134123616531,2446.5,ES,0,Wholesale Inventories
2017-08-30 12:31:00+00:00,0.0,-13.293115102328557,2446.5,ES,0,GDP
2017-09-01 12:31:00+00:00,0.0,7.068922283757217,2474.75,ES,0,Employment Report (NFP)
2017-09-01 14:01:00+00:00,0.0,4.041220503570031,2474.0,ES,0,ISM Manufacturing
2017-09-06 14:01:00+00:00,0.0,-8.117707193617818,2464.75,ES,0,ISM Services
2017-09-08 14:01:00+00:00,0.0,-8.121827857632269,2463.5,ES,0,Wholesale Inventories
2017-09-14 12:31:00+00:00,0.0,0.0,2491.0,ES,0,CPI
2017-09-15 12:31:00+00:00,0.0,-1.002556519971165,2493.75,ES,0,Retail Sales
2017-09-28 12:31:00+00:00,0.0,4.999250216606299,2499.75,ES,0,GDP+Wholesale Inventories
2017-10-02 14:01:00+00:00,0.0,2.973682928182342,2521.75,ES,0,ISM Manufacturing
2017-10-04 14:01:00+00:00,0.0,2.9622315694233237,2531.5,ES,0,ISM Services
2017-10-06 12:31:00+00:00,0.0,-11.786662792694358,2546.75,ES,0,Employment Report (NFP)
2017-10-06 14:01:00+00:00,0.0,1.9632865479835004,2546.5,ES,0,Wholesale Inventories
2017-10-11 18:01:00+00:00,0.0,0.0,2549.75,ES,0,FOMC Meeting Minutes
2017-10-13 12:31:00+00:00,0.0,5.874290358853784,2552.75,ES,0,CPI+Retail Sales
2017-10-26 12:31:00+00:00,0.0,-2.9281148029980386,2561.75,ES,0,Wholesale Inventories
2017-10-27 12:31:00+00:00,0.0,0.0,2567.25,ES,0,GDP
2017-11-01 14:01:00+00:00,0.0,-11.616651838775027,2584.0,ES,0,ISM Manufacturing
2017-11-03 12:31:00+00:00,0.0,-4.84754481352212,2579.25,ES,0,Employment Report (NFP)
2017-11-03 14:01:00+00:00,0.0,0.0,2576.5,ES,0,ISM Services
2017-11-09 15:01:00+00:00,0.0,2.905991205608416,2580.5,ES,0,Wholesale Inventories
2017-11-15 13:31:00+00:00,0.0,-7.78967906965633,2568.5,ES,0,CPI+Retail Sales
2017-11-22 19:01:00+00:00,0.0,0.0,2596.0,ES,0,FOMC Meeting Minutes
2017-11-28 13:31:00+00:00,0.0,2.8792168729196987,2604.5,ES,0,Wholesale Inventories
2017-11-29 13:31:00+00:00,0.0,0.0,2628.25,ES,0,GDP
2017-12-01 15:01:00+00:00,0.0,16.055157625451955,2645.0,ES,0,ISM Manufacturing
2017-12-05 15:01:00+00:00,0.0,8.520710574693169,2639.5,ES,0,ISM Services
2017-12-08 13:31:00+00:00,0.0,6.6103217856294805,2646.5,ES,0,Employment Report (NFP)
2017-12-08 15:01:00+00:00,0.0,-1.8889308707414898,2647.25,ES,0,Wholesale Inventories
2017-12-13 13:31:00+00:00,0.0,10.315563347340628,2664.5,ES,0,CPI
2017-12-14 13:31:00+00:00,0.0,0.0,2668.75,ES,0,Retail Sales
2017-12-21 13:31:00+00:00,0.0,7.440476533737694,2687.0,ES,0,GDP
2017-12-28 13:31:00+00:00,0.0,1.8601190529743405,2687.75,ES,0,Wholesale Inventories
2018-01-03 15:01:00+00:00,0.0,11.088524514466513,2704.0,ES,0,ISM Manufacturing
2018-01-03 19:01:00+00:00,0.9584689224524588,3.691399082139668,2708.5,ES,0,FOMC Meeting Minutes
2018-01-05 13:31:00+00:00,0.5365463197123117,8.238363777781643,2730.0,ES,0,Employment Report (NFP)
2018-01-05 15:01:00+00:00,1.8131663200618744,-6.409376220872787,2731.25,ES,0,ISM Services
2018-01-10 15:01:00+00:00,0.0,15.500345022729789,2739.75,ES,0,Wholesale Inventories
2018-01-12 13:31:00+00:00,0.0,-11.730206623639106,2772.25,ES,0,CPI+Retail Sales
2018-01-26 13:31:00+00:00,0.5417941282604696,9.650393344458053,2848.25,ES,0,GDP+Wholesale Inventories
2018-02-01 15:01:00+00:00,-1.2187747671713143,-10.632643213295268,2823.0,ES,0,ISM Manufacturing
2018-02-02 13:31:00+00:00,0.5375501268179498,7.135849022805729,2801.75,ES,0,Employment Report (NFP)
2018-02-05 15:01:00+00:00,1.286877014633549,59.06155008645442,2743.25,ES,0,ISM Services
2018-02-09 15:01:00+00:00,0.624330682538128,-40.295554860030336,2611.0,ES,0,Wholesale Inventories
2018-02-14 13:31:00+00:00,0.5337997811084754,-35.00642204897986,2647.0,ES,0,CPI+Retail Sales
2018-02-21 19:01:00+00:00,-0.6137352949709434,0.9117848194151179,2741.75,ES,0,FOMC Meeting Minutes
2018-02-27 13:31:00+00:00,0.0,6.296379789745288,2778.5,ES,0,Wholesale Inventories
2018-02-28 13:31:00+00:00,0.0,9.085128270935883,2750.5,ES,0,GDP
2018-03-01 15:01:00+00:00,0.9504423703214151,51.589243851637434,2706.75,ES,0,ISM Manufacturing
2018-03-05 15:01:00+00:00,-1.0383237389898443,13.057267290683683,2678.75,ES,0,ISM Services
2018-03-09 13:31:00+00:00,0.0,33.63486648957803,2745.5,ES,0,Employment Report (NFP)
2018-03-09 15:01:00+00:00,1.5171503044225485,11.774830398998404,2758.5,ES,0,Wholesale Inventories
2018-03-13 12:31:00+00:00,0.0,-0.894494387644329,2795.0,ES,0,CPI
2018-03-14 12:31:00+00:00,-1.027090754786908,7.2078568757127925,2773.75,ES,0,Retail Sales
2018-03-28 12:31:00+00:00,1.2919288876840875,-45.858492519368355,2622.75,ES,0,GDP+Wholesale Inventories
2018-04-02 14:01:00+00:00,0.0,-42.04497354857395,2621.75,ES,0,ISM Manufacturing
2018-04-04 14:01:00+00:00,-0.4018290304015873,8.697753628776894,2585.75,ES,0,ISM Services
2018-04-06 12:31:00+00:00,2.0,6.622830082640974,2641.5,ES,0,Employment Report (NFP)
2018-04-10 14:01:00+00:00,0.9059221262697903,50.97717071667063,2641.5,ES,0,Wholesale Inventories
2018-04-11 12:31:00+00:00,0.0,-5.698005852181609,2633.25,ES,0,CPI
2018-04-11 18:01:00+00:00,-0.7992552395069534,-3.7693177981168446,2653.5,ES,0,FOMC Meeting Minutes
2018-04-16 12:31:00+00:00,0.0,14.950479331155009,2673.5,ES,0,Retail Sales
2018-04-26 12:31:00+00:00,1.1515634692796668,6.596617117136105,2652.0,ES,0,Wholesale Inventories
2018-04-27 12:31:00+00:00,0.0,11.22334573478767,2671.5,ES,0,GDP
2018-05-01 14:01:00+00:00,-1.6148070983131677,-11.372252931476368,2639.5,ES,0,ISM Manufacturing
2018-05-03 14:01:00+00:00,0.0,-58.37616462848416,2620.0,ES,0,ISM Services
2018-05-04 12:31:00+00:00,1.19471589037234,-0.9523356037988151,2625.25,ES,0,Employment Report (NFP)
2018-05-09 14:01:00+00:00,0.5471212442669757,11.204482964899398,2676.0,ES,0,Wholesale Inventories
2018-05-10 12:31:00+00:00,0.7293350554789039,3.6992509438782406,2702.75,ES,0,CPI
2018-05-15 12:31:00+00:00,0.0,-31.258644556935167,2723.5,ES,0,Retail Sales
2018-05-23 18:01:00+00:00,-0.918112354242669,17.459227958998014,2718.25,ES,0,FOMC Meeting Minutes
2018-05-30 12:31:00+00:00,0.0,-12.947379964618477,2705.0,ES,0,GDP+Wholesale Inventories
2018-06-01 12:31:00+00:00,0.5320951184591658,22.98323236475497,2716.25,ES,0,Employment Report (NFP)
2018-06-01 14:01:00+00:00,-0.4324904740084016,3.665353289452611,2727.75,ES,0,ISM Manufacturing
2018-06-05 14:01:00+00:00,-1.0658857949258913,9.088431053658752,2749.5,ES,0,ISM Services
2018-06-08 14:01:00+00:00,0.0,-5.4205439939636335,2768.0,ES,0,Wholesale Inventories
2018-06-12 12:31:00+00:00,-1.440532771221616,10.773928138601008,2783.0,ES,0,CPI
2018-06-14 12:31:00+00:00,2.0,4.492564880802519,2781.75,ES,0,Retail Sales
2018-06-27 12:31:00+00:00,0.0,12.826387466198241,2727.0,ES,0,Wholesale Inventories
2018-06-28 12:31:00+00:00,0.44241135168617607,7.419774037309423,2694.5,ES,0,GDP
2018-07-02 14:01:00+00:00,1.0536612291314353,2.766889572658471,2710.25,ES,0,ISM Manufacturing
2018-07-05 14:01:00+00:00,0.684674292117657,-11.922778502313491,2727.5,ES,0,ISM Services
2018-07-05 18:01:00+00:00,-0.6785294712697263,-12.804099060446106,2735.25,ES,0,FOMC Meeting Minutes
2018-07-06 12:31:00+00:00,-0.9257465311324184,-6.391818689959194,2738.75,ES,0,Employment Report (NFP)
2018-07-11 14:01:00+00:00,0.0,19.750432849861,2782.0,ES,0,Wholesale Inventories
2018-07-12 12:31:00+00:00,-1.7994201706582595,7.169743988786337,2788.5,ES,0,CPI
2018-07-16 12:31:00+00:00,0.0,-2.6758239467561395,2803.25,ES,0,Retail Sales
2018-07-26 12:31:00+00:00,1.104173731372921,-1.763201979354534,2836.0,ES,0,Wholesale Inventories
2018-07-27 12:31:00+00:00,0.0,1.7587055972079213,2842.75,ES,0,GDP
2018-08-01 14:01:00+00:00,0.7896090728226564,15.058242802865607,2820.25,ES,0,ISM Manufacturing
2018-08-03 12:31:00+00:00,0.5029178080006412,-7.068386935049631,2830.5,ES,0,Employment Report (NFP)
2018-08-03 14:01:00+00:00,0.7617243734761252,19.42605467416314,2828.5,ES,0,ISM Services
2018-08-09 14:01:00+00:00,0.5493056523249301,10.489511451314826,2858.5,ES,0,Wholesale Inventories
2018-08-10 12:31:00+00:00,2.0,-2.6407288565089004,2840.5,ES,0,CPI
2018-08-15 12:31:00+00:00,0.0,-11.505953386894419,2826.25,ES,0,Retail Sales
2018-08-22 18:01:00+00:00,-0.6627086761596795,-9.600698970047006,2865.75,ES,0,FOMC Meeting Minutes
2018-08-28 12:31:00+00:00,0.0,4.3057051257200385,2902.5,ES,0,Wholesale Inventories
2018-08-29 12:31:00+00:00,1.8986553718720829,0.0,2899.0,ES,0,GDP
2018-09-04 14:01:00+00:00,-0.788507888956875,5.1826899320062125,2893.5,ES,0,ISM Manufacturing
2018-09-06 14:01:00+00:00,-0.8984702906093882,-26.843329102987923,2891.0,ES,0,ISM Services
2018-09-07 12:31:00+00:00,0.5414027542572823,-11.32848363059935,2870.5,ES,0,Employment Report (NFP)
2018-09-11 14:01:00+00:00,0.0,15.637219761828192,2875.5,ES,0,Wholesale Inventories
2018-09-13 12:31:00+00:00,0.0,1.7250301923255051,2898.25,ES,0,CPI
2018-09-14 12:31:00+00:00,0.0,-6.87639703905063,2909.5,ES,0,Retail Sales
2018-09-27 12:31:00+00:00,-1.101343702515776,11.149707403212972,2913.25,ES,0,GDP+Wholesale Inventories
2018-10-01 14:01:00+00:00,0.0,7.654037878470632,2938.5,ES,0,ISM Manufacturing
2018-10-03 14:01:00+00:00,0.7123005491638025,12.75781589157532,2937.5,ES,0,ISM Services
2018-10-05 12:31:00+00:00,1.184498009720355,-8.596235378490746,2909.5,ES,0,Employment Report (NFP)
2018-10-10 14:01:00+00:00,-0.40083261520733743,3.4958923621175586,2860.0,ES,0,Wholesale Inventories
2018-10-11 12:31:00+00:00,0.0,-18.87047331775804,2784.75,ES,0,CPI
2018-10-15 12:31:00+00:00,-2.0,2.7108842166612135,2766.25,ES,0,Retail Sales
2018-10-17 18:01:00+00:00,1.2872577827414422,-25.801873827688837,2813.5,ES,0,FOMC Meeting Minutes
2018-10-25 12:31:00+00:00,-0.7547436483970318,-27.97465457341275,2684.75,ES,0,Wholesale Inventories
2018-10-26 12:31:00+00:00,0.0,-2.812543964534342,2667.0,ES,0,GDP
2018-11-01 14:01:00+00:00,0.8577791765251063,29.43613568787029,2713.75,ES,0,ISM Manufacturing
2018-11-02 12:31:00+00:00,1.182130950015964,0.9068238500908876,2756.75,ES,0,Employment Report (NFP)
2018-11-05 15:01:00+00:00,1.015109347120862,-0.9173049586763682,2725.5,ES,0,ISM Services
2018-11-09 15:01:00+00:00,-0.6739069063464022,-10.767161201705733,2787.75,ES,0,Wholesale Inventories
2018-11-14 13:31:00+00:00,0.0,22.813351136257154,2736.5,ES,0,CPI
2018-11-15 13:31:00+00:00,1.339739224494627,-11.11831857333101,2699.75,ES,0,Retail Sales
2018-11-28 13:31:00+00:00,0.0,-1.8547714047478792,2696.0,ES,0,GDP+Wholesale Inventories
2018-11-29 19:01:00+00:00,-1.0760152551472413,14.570624561258683,2743.25,ES,0,FOMC Meeting Minutes
2018-12-03 15:01:00+00:00,-0.8418557502493389,17.021280705318276,2788.25,ES,0,ISM Manufacturing
2018-12-06 15:01:00+00:00,-0.5986657197385296,3.7689626376646856,2652.75,ES,0,ISM Services
2018-12-07 13:31:00+00:00,2.0,13.943762426542605,2687.5,ES,0,Employment Report (NFP)
2018-12-07 15:01:00+00:00,-0.948486139302828,-79.91122249467963,2701.25,ES,0,Wholesale Inventories
2018-12-12 13:31:00+00:00,1.3288815005961563,35.60389781863904,2663.5,ES,0,CPI
2018-12-14 13:31:00+00:00,0.0,17.144494150880263,2622.5,ES,0,Retail Sales
2018-12-21 13:31:00+00:00,0.0,12.083376759708386,2481.25,ES,0,GDP
2019-01-03 15:01:00+00:00,-0.41963109183448166,-47.6456879848719,2472.0,ES,0,ISM Manufacturing
2019-01-04 13:31:00+00:00,0.0,30.30611472020439,2471.0,ES,0,Employment Report (NFP)
2019-01-07 15:01:00+00:00,-0.9760573106579227,35.49249511141994,2531.25,ES,0,ISM Services
2019-01-09 19:01:00+00:00,-1.0971022354942648,-43.47622905349624,2593.25,ES,0,FOMC Meeting Minutes
2019-01-11 13:31:00+00:00,0.0,-12.56342276871436,2588.5,ES,0,CPI
2019-02-01 13:31:00+00:00,0.0,16.634325986970566,2703.0,ES,0,Employment Report (NFP)
2019-02-01 15:01:00+00:00,-0.5908773968698393,30.466717930188736,2703.75,ES,0,ISM Manufacturing+Wholesale Inventories
2019-02-05 15:01:00+00:00,0.0,0.9149549391196388,2732.25,ES,0,ISM Services
2019-02-13 13:31:00+00:00,-1.4151683411923446,11.810130829914556,2750.25,ES,0,CPI
2019-02-14 13:31:00+00:00,-1.2620697461039658,-65.47858971131859,2758.0,ES,0,Retail Sales
2019-02-20 19:01:00+00:00,-0.7172886769168784,-16.163796622699067,2786.25,ES,0,FOMC Meeting Minutes
2019-02-25 15:01:00+00:00,-0.6884871952580132,-0.8909082815833358,2806.25,ES,0,Wholesale Inventories
2019-02-27 13:31:00+00:00,1.3597807375808562,-1.7951709948427208,2785.5,ES,0,Wholesale Inventories
2019-02-28 13:31:00+00:00,1.1185532682768058,0.8959369266392514,2790.25,ES,0,GDP
2019-03-01 15:01:00+00:00,0.9758662745902436,-35.701573087063565,2806.0,ES,0,ISM Manufacturing
2019-03-04 15:01:00+00:00,0.6346889400735239,-4.439905946931333,2816.0,ES,0,ISM Manufacturing
2019-03-05 15:01:00+00:00,0.0,-6.273244817460721,2790.5,ES,0,ISM Services
2019-03-08 13:31:00+00:00,0.4878707672716147,-14.660072260923585,2730.5,ES,0,Employment Report (NFP)
2019-03-11 12:31:00+00:00,0.0,10.902154255081342,2750.25,ES,0,Retail Sales
2019-03-12 12:31:00+00:00,1.0027421125812328,14.351065338633617,2785.25,ES,0,CPI
2019-03-13 14:01:00+00:00,0.72342069625,5.344735562822223,2805.75,ES,0,ISM Manufacturing
2019-03-22 14:01:00+00:00,0.0,9.69632937710685,2834.75,ES,0,Wholesale Inventories
2019-03-28 12:31:00+00:00,0.0,-3.558402314940423,2810.75,ES,0,GDP
2019-04-01 12:31:00+00:00,0.5503489363964952,6.125574464128647,2856.0,ES,0,Retail Sales
2019-04-01 14:01:00+00:00,0.9858239199231421,-3.495281405747619,2861.5,ES,0,ISM Manufacturing
2019-04-03 14:01:00+00:00,-0.6441993371320641,6.078763593020398,2878.0,ES,0,ISM Services
2019-04-05 12:31:00+00:00,-0.7915499388563266,-2.5941458920186733,2891.5,ES,0,Employment Report (NFP)
2019-04-10 12:31:00+00:00,0.0,0.8656884392799213,2887.75,ES,0,CPI
2019-04-10 18:01:00+00:00,-1.2065278252310978,-6.925208032999564,2889.0,ES,0,FOMC Meeting Minutes
2019-04-17 14:01:00+00:00,-0.4277496521958856,6.874033609722829,2908.5,ES,0,Wholesale Inventories
2019-04-18 12:31:00+00:00,0.0,7.739605666490235,2906.0,ES,0,Retail Sales
2019-04-26 12:31:00+00:00,0.0,-8.532423725835514,2931.25,ES,0,GDP
2019-05-01 14:01:00+00:00,-0.38377597364397775,-5.086470099495699,2949.75,ES,0,ISM Manufacturing
2019-05-03 12:31:00+00:00,-0.8976466227969415,12.791542272037049,2929.75,ES,0,Employment Report (NFP)+Wholesale Inventories
2019-05-03 14:01:00+00:00,0.0,-1.7034324204345808,2935.5,ES,0,ISM Services
2019-05-09 14:01:00+00:00,-0.6695447217160096,-26.380599189579357,2846.75,ES,0,Wholesale Inventories
2019-05-10 12:31:00+00:00,0.5296064022148183,21.036031948717948,2849.25,ES,0,CPI
2019-05-15 12:31:00+00:00,-1.111927295412397,-12.400355884842895,2824.25,ES,0,Retail Sales
2019-05-22 18:01:00+00:00,-1.0865777014504487,4.371202587414302,2859.0,ES,0,FOMC Meeting Minutes
2019-05-30 12:31:00+00:00,0.0,-11.650312739526214,2791.25,ES,0,GDP+Wholesale Inventories
2019-06-03 14:01:00+00:00,-0.5767435568853395,47.22987889369534,2746.0,ES,0,ISM Manufacturing
2019-06-05 14:01:00+00:00,0.0,-39.12159341894039,2817.25,ES,0,ISM Services
2019-06-07 12:31:00+00:00,0.0,9.643624996726885,2850.25,ES,0,Employment Report (NFP)
2019-06-07 14:01:00+00:00,1.1219439033441676,14.80256267504032,2869.0,ES,0,Wholesale Inventories
2019-06-12 12:31:00+00:00,1.6000451456493976,-2.602698145093285,2882.0,ES,0,CPI
2019-06-14 12:31:00+00:00,0.0,-5.192108112481719,2889.75,ES,0,Retail Sales
2019-06-26 12:31:00+00:00,2.0,-11.942336998966852,2932.5,ES,0,Wholesale Inventories
2019-06-27 12:31:00+00:00,0.0,5.1273287740905005,2924.75,ES,0,GDP
2019-07-01 14:01:00+00:00,-0.6005515346385443,-14.295928095950927,2975.0,ES,0,ISM Manufacturing
2019-07-03 14:01:00+00:00,0.0,13.394727829414421,2984.25,ES,0,ISM Services
2019-07-05 12:31:00+00:00,-0.9207759385901853,-14.217021002238539,2991.5,ES,0,Employment Report (NFP)
2019-07-10 14:01:00+00:00,0.0,-19.156296200790734,3004.5,ES,0,Wholesale Inventories
2019-07-10 18:01:00+00:00,0.0,-22.50657391513755,3002.5,ES,0,FOMC Meeting Minutes
2019-07-11 12:31:00+00:00,0.482931312252076,3.3313900532760954,3001.25,ES,0,CPI
2019-07-16 12:31:00+00:00,0.6182557986627922,-4.14164429194841,3018.75,ES,0,Retail Sales
2019-07-25 12:31:00+00:00,0.0,-12.40028266199289,3026.0,ES,0,Wholesale Inventories
2019-07-26 12:31:00+00:00,0.4779561892882352,13.278010249564431,3010.5,ES,0,GDP
2019-08-01 14:01:00+00:00,-0.4159577201421071,31.708971828727783,2991.25,ES,0,ISM Manufacturing
2019-08-02 12:31:00+00:00,0.0,11.886569577512773,2942.75,ES,0,Employment Report (NFP)
2019-08-05 14:01:00+00:00,-0.8085748514608313,-27.845475701830935,2877.0,ES,0,ISM Services
2019-08-08 14:01:00+00:00,-1.6815921085077528,18.057531025661433,2904.75,ES,0,Wholesale Inventories
2019-08-13 12:31:00+00:00,0.0,4.351420807520157,2872.0,ES,0,CPI
2019-08-15 12:31:00+00:00,0.0,0.8751586230815178,2856.5,ES,0,Retail Sales
2019-08-21 18:01:00+00:00,-0.4828087345309805,20.52335250912307,2920.5,ES,0,FOMC Meeting Minutes
2019-08-29 12:31:00+00:00,0.0,-12.855124536717,2919.0,ES,0,GDP+Wholesale Inventories
2019-09-03 14:01:00+00:00,0.0,-12.928250023040988,2902.5,ES,0,ISM Manufacturing
2019-09-05 14:01:00+00:00,0.800928817903319,12.592874098356077,2976.0,ES,0,ISM Services
2019-09-06 12:31:00+00:00,0.0,-2.5151959889413433,2982.25,ES,0,Employment Report (NFP)
2019-09-11 14:01:00+00:00,0.0,12.561237677246595,2983.5,ES,0,Wholesale Inventories
2019-09-12 12:31:00+00:00,0.0,2.492833117742066,3008.25,ES,0,CPI
2019-09-13 12:31:00+00:00,0.0,-14.905600639849581,3021.25,ES,0,Retail Sales
2019-09-26 12:31:00+00:00,0.0,-6.68616823904955,2992.25,ES,0,GDP+Wholesale Inventories
2019-10-01 14:01:00+00:00,0.6034405030820883,-51.215426167487976,2985.25,ES,0,ISM Manufacturing
2019-10-03 14:01:00+00:00,0.0,25.233861551505754,2869.5,ES,0,ISM Services
2019-10-04 12:31:00+00:00,-0.8730591011520472,12.859532827889097,2914.25,ES,0,Employment Report (NFP)
2019-10-09 14:01:00+00:00,0.0,5.148005261688127,2913.0,ES,0,Wholesale Inventories
2019-10-09 18:01:00+00:00,0.0,7.703171519715113,2919.75,ES,0,FOMC Meeting Minutes
2019-10-10 12:31:00+00:00,-1.3780382705726126,7.717042183621459,2914.5,ES,0,CPI
2019-10-16 12:31:00+00:00,0.0,0.8355964074269195,2991.75,ES,0,Retail Sales
2019-10-28 12:31:00+00:00,1.2272180824539096,14.845363551145851,3029.0,ES,0,Wholesale Inventories
2019-10-30 12:31:00+00:00,-0.9194891200033647,4.116073324205161,3036.25,ES,0,GDP
2019-11-01 12:31:00+00:00,0.0,9.02268034799647,3046.5,ES,0,Employment Report (NFP)
2019-11-01 14:01:00+00:00,0.8746027198470503,16.355908127749785,3054.5,ES,0,ISM Manufacturing
2019-11-05 15:01:00+00:00,0.9335752159838187,-22.753138371349735,3080.0,ES,0,ISM Services
2019-11-08 15:01:00+00:00,-0.5021204789802448,25.990917815228443,3074.0,ES,0,Wholesale Inventories
2019-11-13 13:31:00+00:00,1.5669208005512534,2.432399574168187,3083.0,ES,0,CPI
2019-11-15 13:31:00+00:00,-1.3077429870061132,8.854900960955092,3104.25,ES,0,Retail Sales
2019-11-20 19:01:00+00:00,-0.761381956132886,16.926615092032193,3099.0,ES,0,FOMC Meeting Minutes
2019-11-26 13:31:00+00:00,-0.9595003165595519,-1.5957871254101974,3133.5,ES,0,Wholesale Inventories
2019-11-27 13:31:00+00:00,0.0,-8.738134567174427,3148.5,ES,0,GDP
2019-12-02 15:01:00+00:00,-0.36410530810859254,-22.425125527796297,3125.0,ES,0,ISM Manufacturing
2019-12-04 15:01:00+00:00,0.8747562838599301,-4.013968664686729,3114.75,ES,0,ISM Services
2019-12-06 13:31:00+00:00,0.0,25.536682938245292,3128.75,ES,0,Employment Report (NFP)
2019-12-06 15:01:00+00:00,0.0,-1.5902043446303082,3144.5,ES,0,Wholesale Inventories
2019-12-11 13:31:00+00:00,-1.4894082635830888,3.9816843050388684,3138.75,ES,0,CPI
2019-12-13 13:31:00+00:00,0.0,3.1491104023473326,3175.0,ES,0,Retail Sales
2019-12-20 13:31:00+00:00,0.0,6.230529796589224,3209.0,ES,0,GDP
2019-12-30 13:31:00+00:00,-1.4300122388701686,3.0857054939303907,3240.25,ES,0,Wholesale Inventories
2020-01-03 15:01:00+00:00,0.0,13.906059101245205,3233.75,ES,0,ISM Manufacturing
2020-01-03 19:01:00+00:00,1.2113996162617793,-6.946320659011462,3240.25,ES,0,FOMC Meeting Minutes
2020-01-07 15:01:00+00:00,0.0,6.177606374073719,3236.5,ES,0,ISM Services
2020-01-10 13:31:00+00:00,1.2054931585867612,0.7618757384264541,3281.25,ES,0,Employment Report (NFP)
2020-01-10 15:01:00+00:00,0.0,-3.810539999591356,3281.0,ES,0,Wholesale Inventories
2020-01-14 13:31:00+00:00,0.0,10.648818226925982,3285.0,ES,0,CPI
2020-01-16 13:31:00+00:00,0.0,2.270061679787716,3303.5,ES,0,Retail Sales
2020-01-29 13:31:00+00:00,1.0660605293541894,-6.082725248361953,3289.0,ES,0,Wholesale Inventories
2020-01-30 13:31:00+00:00,-2.0,11.535357144865088,3249.0,ES,0,GDP
2020-02-03 15:01:00+00:00,1.293417582224693,10.72468311775765,3261.75,ES,0,ISM Manufacturing
2020-02-05 15:01:00+00:00,-0.5750473788673602,-33.87664624231235,3326.5,ES,0,ISM Services
2020-02-07 13:31:00+00:00,0.0,-28.455912566798247,3343.25,ES,0,Employment Report (NFP)
2020-02-07 15:01:00+00:00,0.5062492559939477,27.02704347885998,3325.5,ES,0,Wholesale Inventories
2020-02-13 13:31:00+00:00,2.0,6.690703888594385,3361.75,ES,0,CPI
2020-02-14 13:31:00+00:00,-0.9634294752135202,-9.612896810047289,3382.5,ES,0,Retail Sales
2020-02-19 19:01:00+00:00,1.0301831454444255,4.424126307220888,3389.75,ES,0,FOMC Meeting Minutes
2020-02-27 13:31:00+00:00,0.0,-43.23890073351322,3071.0,ES,0,GDP
2020-02-28 13:31:00+00:00,-2.0,-106.21994678295721,2934.0,ES,0,Wholesale Inventories
2020-03-02 15:01:00+00:00,0.0,-17.75673742676176,2959.25,ES,0,ISM Manufacturing
2020-03-04 15:01:00+00:00,0.8062577334963925,50.778159884004026,3044.75,ES,0,ISM Services
2020-03-06 13:31:00+00:00,-0.9951098693526038,-5.977031301203084,2928.75,ES,0,Employment Report (NFP)
2020-03-06 15:01:00+00:00,-0.6963812043249585,116.90095007804047,2934.0,ES,0,Wholesale Inventories
2020-03-11 12:31:00+00:00,0.0,-57.61629190422113,2785.0,ES,0,CPI
2020-03-17 12:31:00+00:00,0.0,53.120974848894775,2440.75,ES,0,Retail Sales
2020-03-26 12:31:00+00:00,0.0,73.6350228335958,2435.5,ES,0,GDP+Wholesale Inventories
2020-04-01 14:01:00+00:00,-0.5509704268676607,16.0868725623331,2484.5,ES,0,ISM Manufacturing
2020-04-03 12:31:00+00:00,0.4278876380094851,52.92338479771175,2497.0,ES,0,Employment Report (NFP)
2020-04-03 14:01:00+00:00,-0.47323997160865394,-79.71345517658435,2519.0,ES,0,ISM Services
2020-04-08 18:01:00+00:00,0.0,89.33153295487273,2702.5,ES,0,FOMC Meeting Minutes
2020-04-09 14:01:00+00:00,0.7857725184494432,-53.72505759225987,2799.5,ES,0,Wholesale Inventories
2020-04-10 12:31:00+00:00,0.0,,,ES,0,CPI
2020-04-15 12:31:00+00:00,-1.7379369228431525,-72.26770386129289,2777.5,ES,0,Retail Sales
2020-04-28 12:31:00+00:00,-1.6767192579551025,8.59180394805037,2908.5,ES,0,Wholesale Inventories
2020-04-29 12:31:00+00:00,0.0,42.85598399457413,2910.5,ES,0,GDP
2020-05-01 14:01:00+00:00,0.5939441153206441,-10.53370883916216,2849.5,ES,0,ISM Manufacturing
2020-05-05 14:01:00+00:00,0.9744020642269903,-25.21192380902093,2879.25,ES,0,ISM Services
2020-05-08 12:31:00+00:00,1.0395988127102604,-8.576329856726517,2916.25,ES,0,Employment Report (NFP)
2020-05-08 14:01:00+00:00,-0.3323128834918818,-4.297932760515266,2909.0,ES,0,Wholesale Inventories
2020-05-12 12:31:00+00:00,0.0,9.375666572157826,2931.75,ES,0,CPI
2020-05-15 12:31:00+00:00,0.0,21.291704282049295,2815.0,ES,0,Retail Sales
2020-05-20 18:01:00+00:00,-0.7381795557529791,-5.907921005690042,2963.0,ES,0,FOMC Meeting Minutes
2020-05-28 12:31:00+00:00,-0.45828730886492164,25.479814878188733,3037.75,ES,0,GDP
2020-05-29 12:31:00+00:00,0.35054643670233965,-9.089031817630655,3027.0,ES,0,Wholesale Inventories
2020-06-01 14:01:00+00:00,0.0,24.6467426770991,3039.25,ES,0,ISM Manufacturing
2020-06-03 14:01:00+00:00,0.0,6.442261456491849,3103.5,ES,0,ISM Services
2020-06-05 12:31:00+00:00,0.34452334559327386,53.94697732295839,3142.75,ES,0,Employment Report (NFP)
2020-06-09 14:01:00+00:00,0.0,23.4705161724591,3191.75,ES,0,Wholesale Inventories
2020-06-10 12:31:00+00:00,0.7257929079611536,6.995453240854488,3215.25,ES,0,CPI
2020-06-16 12:31:00+00:00,1.8076536056385306,61.880403726171096,3141.5,ES,0,Retail Sales
2020-06-25 12:31:00+00:00,0.0,19.828162477786293,3023.0,ES,0,GDP+Wholesale Inventories
2020-07-01 14:01:00+00:00,0.40416246214484863,24.14682435343707,3102.25,ES,0,ISM Manufacturing
2020-07-01 18:01:00+00:00,-0.5519342225456225,9.652510401956249,3106.5,ES,0,FOMC Meeting Minutes
2020-07-02 12:31:00+00:00,0.6850171812232776,22.268181621072358,3140.0,ES,0,Employment Report (NFP)
2020-07-06 14:01:00+00:00,0.7950373412957663,-39.500762373947396,3170.75,ES,0,ISM Services
2020-07-09 14:01:00+00:00,-0.8060483512660744,-30.101416898773437,3160.75,ES,0,Wholesale Inventories
2020-07-14 12:31:00+00:00,0.29932125562190753,-40.53576269424042,3151.75,ES,0,CPI
2020-07-16 12:31:00+00:00,-0.46536123585598616,-7.821054676782069,3197.75,ES,0,Retail Sales
2020-07-29 12:31:00+00:00,0.8332383155685902,-4.653327212871261,3224.25,ES,0,Wholesale Inventories
2020-07-30 12:31:00+00:00,1.3079785496508345,-49.697260229528695,3227.5,ES,0,GDP
2020-08-03 14:01:00+00:00,-0.5879822540669829,0.0,3287.0,ES,0,ISM Manufacturing
2020-08-05 14:01:00+00:00,-1.013707080372864,0.0,3318.5,ES,0,ISM Services
2020-08-07 12:31:00+00:00,-1.06288522481456,-19.48733940039915,3338.75,ES,0,Employment Report (NFP)
2020-08-07 14:01:00+00:00,0.0,-0.7488673384870026,3338.5,ES,0,Wholesale Inventories
2020-08-12 12:31:00+00:00,0.0,8.20252832987478,3351.25,ES,0,CPI
2020-08-14 12:31:00+00:00,0.0,-2.2297372718682595,3364.0,ES,0,Retail Sales
2020-08-19 18:01:00+00:00,-0.6966632461066511,-42.823455874163585,3393.25,ES,0,FOMC Meeting Minutes
2020-08-27 12:31:00+00:00,1.7750805617143033,1.4387454164932478,3475.0,ES,0,GDP
2020-08-28 12:31:00+00:00,0.0,-5.721233081779076,3496.75,ES,0,Wholesale Inventories
2020-09-01 14:01:00+00:00,0.8771115431319161,13.532283678969748,3507.75,ES,0,ISM Manufacturing
2020-09-03 14:01:00+00:00,0.5689635430224752,-91.10554205470578,3556.0,ES,0,ISM Services
2020-09-04 12:31:00+00:00,-0.7418504397497034,38.301763175141446,3452.75,ES,0,Employment Report (NFP)
2020-09-10 14:01:00+00:00,0.3169578330229142,-3.6575107390035555,3418.25,ES,0,Wholesale Inventories
2020-09-11 12:31:00+00:00,0.46165549767883163,-14.888709666180944,3360.75,ES,0,CPI
2020-09-16 12:31:00+00:00,0.9205011860525578,-8.770007139595748,3422.25,ES,0,Retail Sales
2020-09-29 12:31:00+00:00,-1.300164540563701,1.495550739356588,3343.0,ES,0,Wholesale Inventories
2020-09-30 12:31:00+00:00,1.5300690879534673,21.04947401786461,3322.0,ES,0,GDP
2020-10-01 14:01:00+00:00,-0.5698435552318122,-1.4865467545988054,3363.75,ES,0,ISM Manufacturing
2020-10-02 12:31:00+00:00,1.7768707087019164,-27.885611769420393,3321.75,ES,0,Employment Report (NFP)
2020-10-05 14:01:00+00:00,0.8974884319990647,27.420627104355333,3368.75,ES,0,ISM Services
2020-10-07 18:01:00+00:00,-0.6770359190302776,16.868976093107335,3405.75,ES,0,FOMC Meeting Minutes
2020-10-09 14:01:00+00:00,0.9069464240779094,-10.135380582383391,3455.0,ES,0,Wholesale Inventories
2020-10-13 12:31:00+00:00,1.1590079430625264,-17.738678508116834,3526.5,ES,0,CPI
2020-10-16 12:31:00+00:00,0.7735113861241384,11.46624749392089,3486.5,ES,0,Retail Sales
2020-10-28 12:31:00+00:00,-0.8149712933607262,-34.583900344635765,3331.0,ES,0,Wholesale Inventories
2020-10-29 12:31:00+00:00,-0.8349112402158796,20.660373879266558,3263.75,ES,0,GDP
2020-11-02 15:01:00+00:00,0.6735182956559898,9.055920926819283,3311.25,ES,0,ISM Manufacturing
2020-11-04 15:01:00+00:00,0.0,83.62772804343166,3423.5,ES,0,ISM Services
2020-11-06 13:31:00+00:00,0.73094923618943,55.1083878116998,3483.5,ES,0,Employment Report (NFP)
2020-11-06 15:01:00+00:00,-0.9559625655312524,35.79101887964953,3486.25,ES,0,Wholesale Inventories
2020-11-12 13:31:00+00:00,-0.6027829412213584,14.06371091800196,3552.75,ES,0,CPI
2020-11-17 13:31:00+00:00,0.35506374267079904,-4.168403561806144,3599.25,ES,0,Retail Sales
2020-11-25 13:31:00+00:00,0.0,0.6886815194917517,3630.0,ES,0,GDP+Wholesale Inventories
2020-11-25 19:01:00+00:00,0.0,-2.068181042140793,3626.75,ES,0,FOMC Meeting Minutes
2020-12-01 15:01:00+00:00,-0.8195433948510417,24.546582623763413,3662.0,ES,0,ISM Manufacturing
2020-12-03 15:01:00+00:00,1.1227146982937626,13.609147446125291,3671.5,ES,0,ISM Services
2020-12-04 13:31:00+00:00,0.0,-2.041302357973507,3674.5,ES,0,Employment Report (NFP)
2020-12-09 15:01:00+00:00,-0.7165408263167096,-14.844807044589459,3707.75,ES,0,Wholesale Inventories
2020-12-10 13:31:00+00:00,-0.5348523254520432,-32.104949192373056,3665.75,ES,0,CPI
2020-12-16 13:31:00+00:00,1.0604338459474343,1.3515339931302606,3699.25,ES,0,Retail Sales
2020-12-22 13:31:00+00:00,0.0,-11.512546559870884,3693.75,ES,0,GDP
2020-12-30 13:31:00+00:00,0.0,-11.391430856271256,3733.0,ES,0,Wholesale Inventories
2021-01-04 15:01:00+00:00,0.22396683541485815,-30.119496683127522,3740.75,ES,0,ISM Manufacturing
2021-01-05 15:01:00+00:00,-0.6858184653837488,-29.691633932849015,3710.25,ES,0,ISM Manufacturing
2021-01-06 19:01:00+00:00,-0.7924395952729962,-43.830592151401504,3772.75,ES,0,FOMC Meeting Minutes
2021-01-07 15:01:00+00:00,1.0045463082136903,32.33152498051339,3782.75,ES,0,ISM Services
2021-01-08 13:31:00+00:00,0.0,7.22899515594122,3802.75,ES,0,Employment Report (NFP)
2021-01-08 15:01:00+00:00,-0.6048850933341635,-33.50747197323756,3811.5,ES,0,Wholesale Inventories
2021-01-13 13:31:00+00:00,0.45800026066810745,3.3013106503076983,3785.75,ES,0,CPI
2021-01-15 13:31:00+00:00,0.0,-17.880207405909232,3778.5,ES,0,Retail Sales
2021-01-28 13:31:00+00:00,-0.7270138150436624,80.62141812779089,3737.0,ES,0,GDP+Wholesale Inventories
2021-02-01 15:01:00+00:00,0.7817975338713797,30.82492556686134,3725.0,ES,0,ISM Manufacturing
2021-02-03 15:01:00+00:00,-0.5050774525726093,-44.476494274086065,3830.75,ES,0,ISM Services
2021-02-05 13:31:00+00:00,0.0,0.6442676290063787,3880.25,ES,0,Employment Report (NFP)
2021-02-10 13:31:00+00:00,-0.6078077963062317,14.661357207970127,3919.0,ES,0,CPI
2021-02-10 15:01:00+00:00,0.0,-67.79253387339423,3922.25,ES,0,Wholesale Inventories
2021-02-17 13:31:00+00:00,0.32505091318946855,-24.233160255171526,3925.0,ES,0,Retail Sales
2021-02-17 19:01:00+00:00,-1.1324926175318035,-2.5526483865334626,3918.0,ES,0,FOMC Meeting Minutes
2021-02-25 13:31:00+00:00,-1.647078250077702,7.037072868207872,3906.5,ES,0,GDP
2021-02-26 13:31:00+00:00,0.0,34.50861255693383,3833.0,ES,0,Wholesale Inventories
2021-03-01 15:01:00+00:00,0.8331317889718753,38.69973870195054,3868.5,ES,0,ISM Manufacturing
2021-03-03 15:01:00+00:00,0.23761594690601479,-23.423785841742983,3846.75,ES,0,ISM Services
2021-03-05 13:31:00+00:00,0.0,73.39603814930484,3767.0,ES,0,Employment Report (NFP)
2021-03-08 15:01:00+00:00,-0.7221840352010556,75.14935599722605,3844.5,ES,0,Wholesale Inventories
2021-03-10 13:31:00+00:00,0.3191898941809103,21.871993280306867,3882.0,ES,0,CPI
2021-03-16 12:31:00+00:00,0.0,-7.552870449707427,3973.5,ES,0,Retail Sales
2021-03-25 12:31:00+00:00,-0.7181700857409954,-7.760460843471151,3867.25,ES,0,GDP
2021-03-26 12:31:00+00:00,0.9170999783158106,14.070996885102716,3906.0,ES,0,Wholesale Inventories
2021-04-01 14:01:00+00:00,0.7995528851508781,15.653865004274792,3989.5,ES,0,ISM Manufacturing
2021-04-02 12:31:00+00:00,0.4264937706630715,14.274633921189661,4025.25,ES,0,Employment Report (NFP)
2021-04-05 14:01:00+00:00,0.86984292017966,27.147104529881005,4046.5,ES,0,ISM Services
2021-04-07 18:01:00+00:00,-0.5880208978373651,6.758209946049476,4067.75,ES,0,FOMC Meeting Minutes
2021-04-09 14:01:00+00:00,0.9462133699200511,-12.218218882082965,4094.75,ES,0,Wholesale Inventories
2021-04-13 12:31:00+00:00,0.0,26.110468123761166,4111.75,ES,0,CPI
2021-04-15 12:31:00+00:00,0.0,0.0,4142.75,ES,0,Retail Sales
2021-04-28 12:31:00+00:00,0.0,5.381648708251419,4179.75,ES,0,Wholesale Inventories
2021-04-29 12:31:00+00:00,1.173693347873724,2.970797086696564,4207.0,ES,0,GDP
2021-05-03 14:01:00+00:00,0.0,7.148388938489347,4195.25,ES,0,ISM Manufacturing
2021-05-05 14:01:00+00:00,-0.6874928233013475,-9.004412770359238,4166.5,ES,0,ISM Services
2021-05-07 12:31:00+00:00,-0.625260278565584,-1.7821605773704619,4208.75,ES,0,Employment Report (NFP)
2021-05-07 14:01:00+00:00,-0.4351943084452704,29.025877085651075,4214.25,ES,0,Wholesale Inventories
2021-05-12 12:31:00+00:00,0.0,25.5490132284919,4104.5,ES,0,CPI
2021-05-14 12:31:00+00:00,0.6617556733590687,1.2103606889724006,4130.75,ES,0,Retail Sales
2021-05-19 18:01:00+00:00,-0.6250129934395487,19.497934522227922,4099.0,ES,0,FOMC Meeting Minutes
2021-05-27 12:31:00+00:00,-1.405911322235054,22.054668731605886,4189.5,ES,0,GDP
2021-05-28 12:31:00+00:00,-0.700241519474798,-5.937537284026462,4211.75,ES,0,Wholesale Inventories
2021-06-01 14:01:00+00:00,-1.1615795186842672,-21.362457684936942,4217.5,ES,0,ISM Manufacturing
2021-06-03 14:01:00+00:00,-0.7700501410063766,10.173245244686768,4175.5,ES,0,ISM Services
2021-06-04 12:31:00+00:00,0.42070720186899047,6.53847320233325,4204.5,ES,0,Employment Report (NFP)
2021-06-09 14:01:00+00:00,0.4326005453376028,1.7724734913926454,4231.0,ES,0,Wholesale Inventories
2021-06-10 12:31:00+00:00,0.0,46.79687478692074,4210.5,ES,0,CPI
2021-06-15 12:31:00+00:00,1.0624253475192813,-2.9364263901854315,4257.5,ES,0,Retail Sales
2021-06-24 12:31:00+00:00,1.398138125263128,-6.467735048332202,4253.25,ES,0,GDP+Wholesale Inventories
2021-07-01 14:01:00+00:00,0.7304614888815236,4.071542880161871,4297.25,ES,0,ISM Manufacturing
2021-07-02 12:31:00+00:00,0.34632873341163306,12.730009820032251,4317.75,ES,0,Employment Report (NFP)
2021-07-06 14:01:00+00:00,-0.9648896783675306,-23.0880333440453,4336.25,ES,0,ISM Services
2021-07-07 18:01:00+00:00,0.0,2.876621715337535,4344.75,ES,0,FOMC Meeting Minutes
2021-07-09 14:01:00+00:00,-0.8042285671578303,9.78164006760096,4342.75,ES,0,Wholesale Inventories
2021-07-13 12:31:00+00:00,0.6719794270806115,-14.902278220709775,4365.0,ES,0,CPI
2021-07-16 12:31:00+00:00,0.0,6.302822153934073,4361.75,ES,0,Retail Sales
2021-07-28 12:31:00+00:00,-0.6140571825046991,-1.7049813914127299,4399.25,ES,0,Wholesale Inventories
2021-07-29 12:31:00+00:00,1.147954377482523,5.111458296731541,4400.75,ES,0,GDP
2021-08-02 14:01:00+00:00,1.0237242105757296,11.342370636953092,4405.75,ES,0,ISM Manufacturing
2021-08-04 14:01:00+00:00,0.5381336913838849,-12.49787130806368,4403.5,ES,0,ISM Services
2021-08-06 12:31:00+00:00,0.9912193088181664,-7.908264548177613,4427.5,ES,0,Employment Report (NFP)
2021-08-06 14:01:00+00:00,0.6208054518934222,12.994719193493154,4422.0,ES,0,Wholesale Inventories
2021-08-11 12:31:00+00:00,0.47863739116586806,8.455230063226793,4433.25,ES,0,CPI
2021-08-17 12:31:00+00:00,0.3585283147100293,6.177519641603624,4450.25,ES,0,Retail Sales
2021-08-18 18:01:00+00:00,-0.7046283548917496,2.816663399194397,4437.25,ES,0,FOMC Meeting Minutes
2021-08-26 12:31:00+00:00,-1.0270997906194568,-6.124210307483224,4491.75,ES,0,GDP
2021-08-27 12:31:00+00:00,-1.2709968919363686,3.3495227243207637,4477.5,ES,0,Wholesale Inventories
2021-09-01 14:01:00+00:00,-0.5338551025942849,2.209090415981052,4526.25,ES,0,ISM Manufacturing
2021-09-03 12:31:00+00:00,0.9980466350524437,-1.6523008326529975,4539.5,ES,0,Employment Report (NFP)
2021-09-03 14:01:00+00:00,0.47540674863041893,1.656314703559758,4527.75,ES,0,ISM Services
2021-09-10 14:01:00+00:00,0.4962478248357341,-20.028937373304245,4498.0,ES,0,Wholesale Inventories
2021-09-14 12:31:00+00:00,0.8896601210979976,7.250216429817158,4481.0,ES,0,CPI
2021-09-16 12:31:00+00:00,0.6850268918405199,9.493229806913916,4474.75,ES,0,Retail Sales
2021-09-28 12:31:00+00:00,-0.5436622458978597,-6.253375605247413,4399.0,ES,0,Wholesale Inventories
2021-09-30 12:31:00+00:00,0.3542880622250182,-10.309279263580606,4367.25,ES,0,GDP
2021-10-01 14:01:00+00:00,-0.8863755698399314,-54.1627951163548,4304.25,ES,0,ISM Manufacturing
2021-10-05 14:01:00+00:00,0.0,50.18613977213704,4323.0,ES,0,ISM Services
2021-10-08 12:31:00+00:00,2.0,18.192159650638473,4393.5,ES,0,Employment Report (NFP)
2021-10-08 14:01:00+00:00,0.0,1.1373976354533966,4395.75,ES,0,Wholesale Inventories
2021-10-13 12:31:00+00:00,-1.139235833479606,-31.061284679978485,4353.0,ES,0,CPI
2021-10-13 18:01:00+00:00,-0.530109857025467,-1.1488970600836979,4352.25,ES,0,FOMC Meeting Minutes
2021-10-15 12:31:00+00:00,-0.7480946074016166,10.685263789760313,4443.0,ES,0,Retail Sales
2021-10-27 12:31:00+00:00,0.7028704343122135,4.924625964761731,4567.75,ES,0,Wholesale Inventories
2021-10-28 12:31:00+00:00,0.0,-3.2905561336704636,4559.25,ES,0,GDP
2021-11-01 14:01:00+00:00,-0.6421028994264405,-3.8096275189403173,4594.5,ES,0,ISM Manufacturing
2021-11-03 14:01:00+00:00,0.44964098305507155,-2.7065797117487023,4619.0,ES,0,ISM Services
2021-11-05 12:31:00+00:00,0.0,17.059392131670847,4685.5,ES,0,Employment Report (NFP)
2021-11-10 13:31:00+00:00,0.5735302697382859,1.0722135859708715,4663.0,ES,0,CPI
2021-11-10 15:01:00+00:00,0.0,-3.742815175371561,4676.5,ES,0,Wholesale Inventories
2021-11-16 13:31:00+00:00,-0.7510736913093551,-6.9464856249013,4680.25,ES,0,Retail Sales
2021-11-24 13:31:00+00:00,-0.635406079457484,-17.666430355625096,4674.0,ES,0,GDP+Wholesale Inventories
2021-11-24 19:01:00+00:00,-0.4378959694582018,-12.79590705625111,4692.0,ES,0,FOMC Meeting Minutes
2021-12-01 15:01:00+00:00,-0.605419774463857,9.729204594250973,4623.0,ES,0,ISM Manufacturing
2021-12-03 13:31:00+00:00,-0.8566124678900789,15.802526243042792,4584.25,ES,0,Employment Report (NFP)
2021-12-03 15:01:00+00:00,-0.7218205655342778,-17.01007296478707,4560.0,ES,0,ISM Services
2021-12-09 15:01:00+00:00,-0.6690608062986978,-13.346503863047587,4686.0,ES,0,Wholesale Inventories
2021-12-10 13:31:00+00:00,0.7121112593749691,20.758490488184123,4692.0,ES,0,CPI
2021-12-15 13:31:00+00:00,0.8120894126174043,-17.78544757272016,4642.75,ES,0,Retail Sales
2021-12-22 13:31:00+00:00,-1.2708025818417557,-12.950573793624187,4636.0,ES,0,GDP
2021-12-29 13:31:00+00:00,0.0,6.800408286551374,4777.5,ES,0,Wholesale Inventories
2022-01-03 15:01:00+00:00,-0.5520328212754085,12.582574796304868,4765.5,ES,0,ISM Manufacturing
2022-01-04 15:01:00+00:00,0.0,-1.0406910197957586,4804.75,ES,0,ISM Manufacturing
2022-01-05 19:01:00+00:00,0.0,-40.478436134741,4765.25,ES,0,FOMC Meeting Minutes
2022-01-06 15:01:00+00:00,0.0,37.377232750408496,4673.25,ES,0,ISM Services
2022-01-07 13:31:00+00:00,0.4607527475886583,-35.1981591062156,4696.0,ES,0,Employment Report (NFP)
2022-01-10 15:01:00+00:00,0.0,-16.867539434635148,4598.5,ES,0,Wholesale Inventories
2022-01-12 13:31:00+00:00,0.0,30.715482497285507,4713.5,ES,0,CPI
2022-01-14 13:31:00+00:00,0.9801320004200921,-27.61161441327431,4624.0,ES,0,Retail Sales
2022-01-26 13:31:00+00:00,0.0,-7.918104593329645,4422.0,ES,0,Wholesale Inventories
2022-01-27 13:31:00+00:00,-2.0,30.3177877164984,4363.75,ES,0,GDP
2022-02-01 15:01:00+00:00,0.0,10.571707758799676,4490.75,ES,0,ISM Manufacturing
2022-02-03 15:01:00+00:00,0.0,48.099608975213926,4511.0,ES,0,ISM Services
2022-02-04 13:31:00+00:00,-0.5433576666830334,-25.267426902289003,4458.0,ES,0,Employment Report (NFP)
2022-02-09 15:01:00+00:00,0.8681654073139896,7.6708129343572296,4561.0,ES,0,Wholesale Inventories
2022-02-10 13:31:00+00:00,-0.688094201611576,-63.78905325298945,4560.75,ES,0,CPI
2022-02-16 13:31:00+00:00,0.0,-29.211862804210398,4456.75,ES,0,Retail Sales
2022-02-16 19:01:00+00:00,0.6612571832789048,54.94827394286972,4446.5,ES,0,FOMC Meeting Minutes
2022-02-24 13:31:00+00:00,-0.6303074912284572,31.60328387011191,4107.0,ES,0,GDP
2022-02-28 13:31:00+00:00,0.0,-31.250025431361905,4326.75,ES,0,Wholesale Inventories
2022-03-01 15:01:00+00:00,0.5259941655116875,-25.259787241154186,4360.25,ES,0,ISM Manufacturing
2022-03-03 15:01:00+00:00,0.5273332137116382,-52.39490316487405,4401.25,ES,0,ISM Services
2022-03-04 13:31:00+00:00,0.38752392669619357,-26.575785472182645,4333.0,ES,0,Employment Report (NFP)
2022-03-08 15:01:00+00:00,0.7948652115544474,-13.762156248375845,4181.0,ES,0,Wholesale Inventories
2022-03-10 13:31:00+00:00,0.0,-34.276967547626214,4237.5,ES,0,CPI
2022-03-16 12:31:00+00:00,0.4055260286874458,-22.626412925212946,4314.0,ES,0,Retail Sales
2022-03-28 12:31:00+00:00,-0.6989370072986081,-14.329808448572123,4539.25,ES,0,Wholesale Inventories
2022-03-30 12:31:00+00:00,-0.6194500689788709,8.681498103584318,4605.5,ES,0,GDP
2022-04-01 12:31:00+00:00,0.0,-21.443307185720073,4551.75,ES,0,Employment Report (NFP)
2022-04-01 14:01:00+00:00,-0.8651810838823331,-21.536855661530296,4532.0,ES,0,ISM Manufacturing
2022-04-05 14:01:00+00:00,1.0768262028108095,-54.17101698778737,4581.25,ES,0,ISM Services
2022-04-06 18:01:00+00:00,-0.7520643802880221,-44.22928017525862,4475.25,ES,0,FOMC Meeting Minutes
2022-04-08 14:01:00+00:00,-0.8342884792112025,26.234281463537457,4473.0,ES,0,Wholesale Inventories
2022-04-12 12:31:00+00:00,1.2078146047156102,44.97674417294206,4436.75,ES,0,CPI
2022-04-14 12:31:00+00:00,0.0,-27.620434120407822,4441.25,ES,0,Retail Sales
2022-04-27 12:31:00+00:00,-1.4551528011803327,-8.358708469238252,4189.0,ES,0,Wholesale Inventories
2022-04-28 12:31:00+00:00,-0.700605295602516,-2.3656041271635786,4227.75,ES,0,GDP
2022-05-02 14:01:00+00:00,0.657212301561636,57.27219874891887,4135.0,ES,0,ISM Manufacturing
2022-05-04 14:01:00+00:00,-0.6640411554731104,-7.211105414342001,4161.75,ES,0,ISM Services
2022-05-06 12:31:00+00:00,0.9077662210758599,-78.66908953431562,4147.5,ES,0,Employment Report (NFP)
2022-05-09 14:01:00+00:00,-0.513579843220765,-42.1157565413921,4045.0,ES,0,Wholesale Inventories
2022-05-11 12:31:00+00:00,-0.49810271499835224,-98.75846897070772,3994.0,ES,0,CPI
2022-05-17 12:31:00+00:00,0.43603030628360145,19.683834860124705,4060.25,ES,0,Retail Sales
2022-05-25 18:01:00+00:00,-0.7636470375229346,48.560622655386965,3954.5,ES,0,FOMC Meeting Minutes
2022-05-26 12:31:00+00:00,-0.6069870907499479,21.265957476543917,3992.75,ES,0,GDP
2022-05-27 12:31:00+00:00,0.0,52.13616250351549,4065.25,ES,0,Wholesale Inventories
2022-06-01 14:01:00+00:00,-0.5894970277174992,-75.13820723119125,4141.25,ES,0,ISM Manufacturing
2022-06-03 12:31:00+00:00,0.0,-53.0185601503419,4160.5,ES,0,Employment Report (NFP)
2022-06-03 14:01:00+00:00,0.30792578810972865,-39.94920875044272,4138.5,ES,0,ISM Services
2022-06-08 14:01:00+00:00,0.5406437104396411,-4.216486524555307,4151.25,ES,0,Wholesale Inventories
2022-06-10 12:31:00+00:00,-0.4733625933875251,-64.34947446368966,3975.5,ES,0,CPI
2022-06-15 12:31:00+00:00,-1.0458885258473072,24.533381001994314,3765.75,ES,0,Retail Sales
2022-06-28 12:31:00+00:00,0.0,17.227632271676896,3914.75,ES,0,Wholesale Inventories
2022-06-29 12:31:00+00:00,0.3836142203386044,-10.447957068997482,3830.5,ES,0,GDP
2022-07-01 14:01:00+00:00,0.0,-109.00910640323502,3804.75,ES,0,ISM Manufacturing
2022-07-06 14:01:00+00:00,-0.4978887871860232,26.745832832624217,3827.25,ES,0,ISM Services
2022-07-06 18:01:00+00:00,1.0581316205200313,37.134802763745256,3830.25,ES,0,FOMC Meeting Minutes
2022-07-08 12:31:00+00:00,0.0,-17.35609345146827,3892.5,ES,0,Employment Report (NFP)
2022-07-08 14:01:00+00:00,0.0,90.62632325832709,3872.0,ES,0,Wholesale Inventories
2022-07-13 12:31:00+00:00,-0.401861075563364,-54.24728836270987,3789.25,ES,0,CPI
2022-07-15 12:31:00+00:00,0.0,76.04599385217625,3799.0,ES,0,Retail Sales
2022-07-27 12:31:00+00:00,1.8049078627505561,14.53075404928228,3954.25,ES,0,Wholesale Inventories
2022-07-28 12:31:00+00:00,0.7416603222020721,30.507759552058644,4009.25,ES,0,GDP
2022-08-01 14:01:00+00:00,0.6156164669220003,-25.456101994336677,4130.0,ES,0,ISM Manufacturing
2022-08-03 14:01:00+00:00,0.0,10.913722055825303,4121.0,ES,0,ISM Services
2022-08-05 12:31:00+00:00,-0.3934455202935085,-36.410016557084646,4127.25,ES,0,Employment Report (NFP)
2022-08-10 12:31:00+00:00,0.0,33.46083427896218,4177.0,ES,0,CPI
2022-08-10 14:01:00+00:00,0.0,-12.52871326965277,4193.0,ES,0,Wholesale Inventories
2022-08-17 12:31:00+00:00,-1.295124001090941,-2.9276576020720313,4270.25,ES,0,Retail Sales
2022-08-17 18:01:00+00:00,0.6679968412557976,44.93078310023435,4274.75,ES,0,FOMC Meeting Minutes
2022-08-25 12:31:00+00:00,0.0,4.807403493849449,4159.25,ES,0,GDP
2022-08-26 12:31:00+00:00,0.8156935810744718,10.117542895500264,4198.5,ES,0,Wholesale Inventories
2022-09-01 14:01:00+00:00,0.0,-5.728288353168409,3929.0,ES,0,ISM Manufacturing
2022-09-02 12:31:00+00:00,0.0,-4.381709562792935,3994.75,ES,0,Employment Report (NFP)
2022-09-06 14:01:00+00:00,0.0,-23.028219733234323,3912.75,ES,0,ISM Services
2022-09-09 14:01:00+00:00,1.1178219725089515,17.28715624686572,4045.75,ES,0,Wholesale Inventories
2022-09-13 12:31:00+00:00,-0.4485543576081087,-86.10863179058015,4053.0,ES,0,CPI
2022-09-15 12:31:00+00:00,-0.6823414395314666,-2.536300818860582,3943.25,ES,0,Retail Sales
2022-09-28 12:31:00+00:00,-0.8696889623827823,38.22791193762498,3655.25,ES,0,Wholesale Inventories
2022-09-29 12:31:00+00:00,1.9139253612244296,-29.15355127687036,3692.75,ES,0,GDP
2022-10-03 14:01:00+00:00,-0.7051229906835019,72.43932448904644,3645.0,ES,0,ISM Manufacturing
2022-10-05 14:01:00+00:00,0.42439099538071196,-37.350807112552786,3755.25,ES,0,ISM Services
2022-10-07 12:31:00+00:00,-0.47835130914774643,-46.30725364972221,3733.75,ES,0,Employment Report (NFP)
2022-10-07 14:01:00+00:00,0.0,14.939565456870696,3678.75,ES,0,Wholesale Inventories
2022-10-12 18:01:00+00:00,0.5956675878998802,49.25605712838177,3594.75,ES,0,FOMC Meeting Minutes
2022-10-13 12:31:00+00:00,-0.3955040362812951,-60.24755084407474,3537.75,ES,0,CPI
2022-10-14 12:31:00+00:00,-0.9189340887158879,92.4152416930113,3689.0,ES,0,Retail Sales
2022-10-26 12:31:00+00:00,0.0,1.3027618569694255,3837.75,ES,0,Wholesale Inventories
2022-10-27 12:31:00+00:00,-0.64119988065742,-3.2441200608701593,3853.75,ES,0,GDP
2022-11-01 14:01:00+00:00,0.6670307652293371,-30.235797746023252,3892.0,ES,0,ISM Manufacturing
2022-11-03 14:01:00+00:00,0.49471189314570263,81.24394236247667,3708.25,ES,0,ISM Services
2022-11-04 12:31:00+00:00,-0.5303830608940884,114.48474349773363,3734.5,ES,0,Employment Report (NFP)
2022-11-09 15:01:00+00:00,0.0,11.813350458318439,3807.0,ES,0,Wholesale Inventories
2022-11-10 13:31:00+00:00,0.6948554914187739,85.47060578457888,3844.5,ES,0,CPI
2022-11-16 13:31:00+00:00,-0.6043326988851598,0.0,3987.75,ES,0,Retail Sales
2022-11-23 19:01:00+00:00,0.44491741977869415,45.37410277166032,4013.0,ES,0,FOMC Meeting Minutes
2022-11-30 13:31:00+00:00,0.0,-13.252139635469007,3964.25,ES,0,GDP+Wholesale Inventories
2022-12-01 15:01:00+00:00,-0.840174831750546,-95.69451016151476,4095.0,ES,0,ISM Manufacturing
2022-12-02 13:31:00+00:00,-0.3446728473413642,14.926304158144887,4016.75,ES,0,Employment Report (NFP)
2022-12-05 15:01:00+00:00,0.46982797705409424,1.240694790674013,4029.75,ES,0,ISM Services
2022-12-09 15:01:00+00:00,0.0,20.19055515859236,3958.25,ES,0,Wholesale Inventories
2022-12-13 13:31:00+00:00,0.49929632197705354,12.179527722047112,4102.75,ES,0,CPI
2022-12-15 13:31:00+00:00,0.0,-15.195646839423205,3951.5,ES,0,Retail Sales
2022-12-22 13:31:00+00:00,-0.6408173730590586,-36.084838433794175,3886.75,ES,0,GDP
2022-12-27 13:31:00+00:00,0.0,-41.23982905163359,3887.75,ES,0,Wholesale Inventories
2023-01-03 15:01:00+00:00,0.48857250178047634,-59.09683725228376,3861.0,ES,0,ISM Manufacturing
2023-01-04 15:01:00+00:00,0.6417127443737614,-25.295943438443658,3859.25,ES,0,ISM Manufacturing
2023-01-04 19:01:00+00:00,0.0,-85.24430049984488,3887.75,ES,0,FOMC Meeting Minutes
2023-01-06 13:31:00+00:00,0.5550671227077375,58.978102841820146,3846.0,ES,0,Employment Report (NFP)
2023-01-06 15:01:00+00:00,-0.7755364420644875,53.77227818499364,3848.5,ES,0,ISM Services
2023-01-10 15:01:00+00:00,0.39103638858165385,-13.411248298069722,3917.25,ES,0,Wholesale Inventories
2023-01-12 13:31:00+00:00,-0.4547603007210043,114.6593182396316,3967.25,ES,0,CPI
2023-01-18 13:31:00+00:00,0.5032452392610829,-19.24689384395606,4030.5,ES,0,Retail Sales
2023-01-26 13:31:00+00:00,0.6954356346192622,27.155481724818742,4045.25,ES,0,GDP+Wholesale Inventories
2023-02-01 15:01:00+00:00,0.0,-3.061755634590213,4083.25,ES,0,ISM Manufacturing
2023-02-03 13:31:00+00:00,-0.46574196228477166,-15.68911738669243,4146.25,ES,0,Employment Report (NFP)
2023-02-03 15:01:00+00:00,0.0,44.40984313813345,4156.5,ES,0,ISM Services
2023-02-08 15:01:00+00:00,-0.5604934217948625,-21.66848085089157,4158.0,ES,0,Wholesale Inventories
2023-02-14 13:31:00+00:00,-0.44553424122030466,29.556374624455373,4138.5,ES,0,CPI
2023-02-15 13:31:00+00:00,0.6211876809646777,12.11974454498943,4123.0,ES,0,Retail Sales
2023-02-22 19:01:00+00:00,1.1438176512321563,-21.821137746229624,4014.25,ES,0,FOMC Meeting Minutes
2023-02-23 13:31:00+00:00,0.0,9.956441394969318,4015.5,ES,0,GDP
2023-02-28 13:31:00+00:00,0.0,1.2513295392579948,3995.5,ES,0,Wholesale Inventories
2023-03-01 15:01:00+00:00,-0.5344363743128275,-39.129112720814874,3969.0,ES,0,ISM Manufacturing
2023-03-03 15:01:00+00:00,0.0,24.2847032390614,4010.0,ES,0,ISM Services
2023-03-07 15:01:00+00:00,0.0,-28.530689824037836,4036.5,ES,0,Wholesale Inventories
2023-03-10 13:31:00+00:00,0.45034551087236163,1.2733987028568095,3926.25,ES,0,Employment Report (NFP)
2023-03-14 12:31:00+00:00,0.0,19.88008478519987,3894.5,ES,0,CPI
2023-03-15 12:31:00+00:00,0.0,-44.095785088380524,3863.75,ES,0,Retail Sales
2023-03-28 12:31:00+00:00,-1.5012854133873015,-8.122208437519873,4003.0,ES,0,Wholesale Inventories
2023-03-30 12:31:00+00:00,0.0,16.543614569428655,4076.75,ES,0,GDP
2023-04-03 14:01:00+00:00,0.0,12.644891042086215,4149.25,ES,0,ISM Manufacturing
2023-04-05 14:01:00+00:00,0.9127945512300614,-24.879408446025764,4125.0,ES,0,ISM Services
2023-04-07 12:31:00+00:00,0.9463671718174669,12.087515070184907,4134.0,ES,0,Employment Report (NFP)
2023-04-10 14:01:00+00:00,0.7175125325865581,14.012857564544845,4100.5,ES,0,Wholesale Inventories
2023-04-12 12:31:00+00:00,0.6818231649277711,-10.814059329646852,4163.5,ES,0,CPI
2023-04-12 18:01:00+00:00,-0.7781254327276947,-40.4504430564856,4149.25,ES,0,FOMC Meeting Minutes
2023-04-14 12:31:00+00:00,1.8794379968503858,-11.994723760260229,4171.0,ES,0,Retail Sales
2023-04-26 12:31:00+00:00,0.0,16.451881966901283,4099.5,ES,0,Wholesale Inventories
2023-04-27 12:31:00+00:00,0.5804877678411444,15.246229512229093,4096.25,ES,0,GDP
2023-05-01 14:01:00+00:00,0.0,-1.7896024147745493,4191.25,ES,0,ISM Manufacturing
2023-05-03 14:01:00+00:00,0.6651039449164423,-22.300584837964266,4152.5,ES,0,ISM Services
2023-05-05 12:31:00+00:00,0.4451960098526606,24.379849949767163,4096.75,ES,0,Employment Report (NFP)
2023-05-08 14:01:00+00:00,-0.5907729958754211,-9.645527634702944,4149.0,ES,0,Wholesale Inventories
2023-05-10 12:31:00+00:00,0.6380159543992385,46.90327299734065,4147.75,ES,0,CPI
2023-05-16 12:31:00+00:00,0.0,-5.433634329357062,4142.0,ES,0,Retail Sales
2023-05-24 18:01:00+00:00,-1.0511218333599661,-25.46999557623053,4127.75,ES,0,FOMC Meeting Minutes
2023-05-25 12:31:00+00:00,1.1587898775830123,25.241914959082123,4154.5,ES,0,GDP
2023-05-26 12:31:00+00:00,-0.7648781918652173,6.001680650697949,4164.25,ES,0,Wholesale Inventories
2023-06-01 14:01:00+00:00,-0.5200616887426054,12.533947744941543,4186.0,ES,0,ISM Manufacturing
2023-06-02 12:31:00+00:00,-1.4306736979037333,0.5882525958611495,4249.75,ES,0,Employment Report (NFP)
2023-06-05 14:01:00+00:00,-1.029804918272498,-15.147987049424216,4294.25,ES,0,ISM Services
2023-06-08 14:01:00+00:00,-0.7862936131957555,26.3104194807795,4270.25,ES,0,Wholesale Inventories
2023-06-13 12:31:00+00:00,-0.7307507478236455,23.500426371612093,4356.5,ES,0,CPI
2023-06-15 12:31:00+00:00,0.48204813096837207,5.1601067567119685,4359.25,ES,0,Retail Sales
2023-06-28 12:31:00+00:00,-0.7534122932703875,-5.101896315444776,4411.25,ES,0,Wholesale Inventories
2023-06-29 12:31:00+00:00,0.0,-33.883023155034664,4434.5,ES,0,GDP
2023-07-03 14:01:00+00:00,0.0,-0.5569634355140352,4488.75,ES,0,ISM Manufacturing
2023-07-05 18:01:00+00:00,1.089657686124831,-13.940393146150143,4486.5,ES,0,FOMC Meeting Minutes
2023-07-06 14:01:00+00:00,0.2902166972113826,-7.902015425003128,4431.0,ES,0,ISM Services
2023-07-07 12:31:00+00:00,0.6676325116425315,-25.31433298486263,4449.75,ES,0,Employment Report (NFP)
2023-07-10 14:01:00+00:00,0.9344442466807439,0.0,4440.5,ES,0,Wholesale Inventories
2023-07-12 12:31:00+00:00,0.6896723736261744,8.326626254770986,4501.75,ES,0,CPI
2023-07-18 12:31:00+00:00,2.0,-6.593769127292148,4551.25,ES,0,Retail Sales
2023-07-27 12:31:00+00:00,0.0,2.70087780169348,4627.5,ES,0,GDP+Wholesale Inventories
2023-08-01 14:01:00+00:00,0.0,-21.7344141198339,4606.0,ES,0,ISM Manufacturing
2023-08-03 14:01:00+00:00,0.5855308306785263,-30.45659524055111,4521.5,ES,0,ISM Services
2023-08-04 12:31:00+00:00,0.7307215511228599,6.0641144117212775,4533.5,ES,0,Employment Report (NFP)
2023-08-08 14:01:00+00:00,-0.8650713008191404,-8.906207101340158,4493.25,ES,0,Wholesale Inventories
2023-08-10 12:31:00+00:00,0.0,-6.637535505618075,4521.25,ES,0,CPI
2023-08-15 12:31:00+00:00,1.6429218086191948,2.2351363526240675,4473.5,ES,0,Retail Sales
2023-08-16 18:01:00+00:00,0.0,21.923053273091853,4442.5,ES,0,FOMC Meeting Minutes
2023-08-30 12:31:00+00:00,0.714533027108135,-12.748387392953475,4513.25,ES,0,GDP+Wholesale Inventories
2023-09-01 12:31:00+00:00,0.0,7.706705214651777,4539.75,ES,0,Employment Report (NFP)
2023-09-01 14:01:00+00:00,-0.8443931213003237,17.663948068253887,4525.0,ES,0,ISM Manufacturing
2023-09-06 14:01:00+00:00,1.0594953217151737,-22.335148042103015,4482.25,ES,0,ISM Services
2023-09-08 14:01:00+00:00,-0.647109023377283,24.601633878731377,4465.75,ES,0,Wholesale Inventories
2023-09-13 12:31:00+00:00,-0.46223742502702636,26.91942627233601,4451.75,ES,0,CPI
2023-09-14 12:31:00+00:00,0.0,21.73610999300024,4480.75,ES,0,Retail Sales
2023-09-28 12:31:00+00:00,0.6840547052477878,-35.32856308193999,4324.25,ES,0,GDP
2023-09-29 12:31:00+00:00,0.9428930492671795,8.014655798831427,4365.25,ES,0,Wholesale Inventories
2023-10-02 14:01:00+00:00,0.0,-23.72068571528274,4326.25,ES,0,ISM Manufacturing
2023-10-04 14:01:00+00:00,-0.47685517634682384,-21.686261173243793,4270.0,ES,0,ISM Services
2023-10-06 12:31:00+00:00,-0.4519088390234404,-23.497631677500408,4260.75,ES,0,Employment Report (NFP)
2023-10-10 14:01:00+00:00,-0.515534685981994,24.477029439964326,4386.5,ES,0,Wholesale Inventories
2023-10-11 18:01:00+00:00,-0.6140352498792242,11.389522871319002,4387.5,ES,0,FOMC Meeting Minutes
2023-10-12 12:31:00+00:00,-0.6800409142607496,-23.765076538921903,4423.5,ES,0,CPI
2023-10-17 12:31:00+00:00,0.0,-18.26171825207723,4384.75,ES,0,Retail Sales
2023-10-26 12:31:00+00:00,0.0,31.022575888322024,4184.0,ES,0,GDP+Wholesale Inventories
2023-11-01 14:01:00+00:00,-0.5301565907982454,38.38322938513272,4225.5,ES,0,ISM Manufacturing
2023-11-03 12:31:00+00:00,0.7089034063370806,16.08456229124755,4348.5,ES,0,Employment Report (NFP)
2023-11-03 14:01:00+00:00,0.0,-15.441368771149655,4374.75,ES,0,ISM Services
2023-11-08 15:01:00+00:00,-0.546724030744591,-13.63869052692479,4402.25,ES,0,Wholesale Inventories
2023-11-14 13:31:00+00:00,0.6050314178569666,45.237574004914904,4466.25,ES,0,CPI
2023-11-15 13:31:00+00:00,0.44706757762082794,-23.730040660190355,4535.5,ES,0,Retail Sales
2023-11-21 19:01:00+00:00,-1.0378421871404504,-0.549465644787972,4550.0,ES,0,FOMC Meeting Minutes
2023-11-29 13:31:00+00:00,0.6167093554055941,-10.355635208050273,4589.25,ES,0,GDP+Wholesale Inventories
2023-12-01 15:01:00+00:00,0.0,-15.322318856334505,4572.0,ES,0,ISM Manufacturing
2023-12-05 15:01:00+00:00,-0.4719883356337421,2.7327631137907815,4573.5,ES,0,ISM Services
2023-12-07 15:01:00+00:00,-0.7530140986027115,31.65768704768368,4573.0,ES,0,Wholesale Inventories
2023-12-08 13:31:00+00:00,0.4776095176299375,20.20478503055756,4573.5,ES,0,Employment Report (NFP)
2023-12-12 13:31:00+00:00,0.8634744082736557,-36.168357061363565,4639.5,ES,0,CPI
2023-12-14 13:31:00+00:00,0.0,26.97058669717478,4721.0,ES,0,Retail Sales
2023-12-21 13:31:00+00:00,0.0,17.25806458207302,4776.25,ES,0,GDP
2023-12-28 13:31:00+00:00,0.0,-8.793937922817463,4835.0,ES,0,Wholesale Inventories
2024-01-02 15:01:00+00:00,0.54106888254044,-20.39589651428031,4785.25,ES,0,ISM Manufacturing
2024-01-03 15:01:00+00:00,0.0,-17.33512371703938,4763.25,ES,0,ISM Manufacturing
2024-01-03 19:01:00+00:00,0.8113761920691882,23.61028405999832,4759.25,ES,0,FOMC Meeting Minutes
2024-01-05 13:31:00+00:00,0.0,27.04065696875091,4708.75,ES,0,Employment Report (NFP)
2024-01-05 15:01:00+00:00,0.0,10.535743481021598,4743.25,ES,0,ISM Services
2024-01-10 15:01:00+00:00,-0.8931859324202451,3.1248372734893337,4799.5,ES,0,Wholesale Inventories
2024-01-11 13:31:00+00:00,-0.6241376498696408,-18.703247347460206,4816.5,ES,0,CPI
2024-01-17 13:31:00+00:00,0.0,-8.386623827369988,4771.5,ES,0,Retail Sales
2024-01-25 13:31:00+00:00,1.0317393297205955,24.443664459816716,4903.25,ES,0,GDP+Wholesale Inventories
2024-02-01 15:01:00+00:00,1.2226264155231403,33.23366302417696,4881.5,ES,0,ISM Manufacturing
2024-02-02 13:31:00+00:00,-0.49251997410895815,-15.702168605500333,4939.5,ES,0,Employment Report (NFP)
2024-02-05 15:01:00+00:00,-0.5707617105626163,-27.239726286367727,4962.75,ES,0,ISM Services
2024-02-08 15:01:00+00:00,-0.6154513832311989,-6.485569834957516,5012.75,ES,0,Wholesale Inventories
2024-02-13 13:31:00+00:00,-0.6141087862659587,-50.12290579859524,5000.25,ES,0,CPI
2024-02-15 13:31:00+00:00,-2.0,-7.464358038582475,5025.75,ES,0,Retail Sales
2024-02-21 19:01:00+00:00,0.7830142368275677,-7.541668071553431,4974.25,ES,0,FOMC Meeting Minutes
2024-02-28 13:31:00+00:00,0.0,1.9705404270808913,5074.25,ES,0,GDP+Wholesale Inventories
2024-03-01 15:01:00+00:00,0.9571757606823008,17.11198989934104,5109.0,ES,0,ISM Manufacturing
2024-03-05 15:01:00+00:00,0.0,-40.63951537862209,5116.25,ES,0,ISM Services
2024-03-06 15:01:00+00:00,0.34024189958294604,-12.233614601058207,5112.0,ES,0,Wholesale Inventories
2024-03-08 13:31:00+00:00,0.0,17.405603195221886,5166.25,ES,0,Employment Report (NFP)
2024-03-12 12:31:00+00:00,-0.651006179865088,42.36572283456752,5123.0,ES,0,CPI
2024-03-14 12:31:00+00:00,-0.6093318984492174,4.34520224096957,5177.0,ES,0,Retail Sales
2024-03-28 12:31:00+00:00,0.0,-5.64891979433213,5312.25,ES,0,GDP
2024-03-29 12:31:00+00:00,0.0,,,ES,0,Wholesale Inventories
2024-04-01 14:01:00+00:00,0.0,-20.251979134258136,5313.5,ES,0,ISM Manufacturing
2024-04-03 14:01:00+00:00,1.4545822874530376,21.345737773152962,5264.75,ES,0,ISM Services
2024-04-05 12:31:00+00:00,0.0,11.033557522424076,5208.5,ES,0,Employment Report (NFP)
2024-04-10 12:31:00+00:00,-0.6148985718953265,-55.74257586058451,5217.0,ES,0,CPI
2024-04-10 14:01:00+00:00,-0.9257754499457357,23.04922989228686,5200.25,ES,0,Wholesale Inventories
2024-04-10 18:01:00+00:00,-1.0132217343318182,-12.499400694707674,5203.5,ES,0,FOMC Meeting Minutes
2024-04-15 12:31:00+00:00,1.478575165136517,34.13382800228959,5191.25,ES,0,Retail Sales
2024-04-25 12:31:00+00:00,0.0,-25.23816754720798,5058.25,ES,0,GDP+Wholesale Inventories
2024-05-01 14:01:00+00:00,0.6134074624248405,10.397327338438345,5046.75,ES,0,ISM Manufacturing
2024-05-03 12:31:00+00:00,0.8981529582422791,2.914460602561064,5146.0,ES,0,Employment Report (NFP)
2024-05-03 14:01:00+00:00,0.0,-15.549835486616814,5148.75,ES,0,ISM Services
2024-05-08 14:01:00+00:00,1.7839552799418312,5.760921906841077,5206.0,ES,0,Wholesale Inventories
2024-05-15 12:31:00+00:00,0.8613623728381367,-8.02587206408134,5297.5,ES,0,CPI+Retail Sales
2024-05-22 18:01:00+00:00,-1.051279254320207,-31.956416123257725,5328.25,ES,0,FOMC Meeting Minutes
2024-05-30 12:31:00+00:00,0.7805428145296097,-1.897803298369638,5269.75,ES,0,GDP+Wholesale Inventories
2024-06-03 14:01:00+00:00,0.7701134985576281,-9.427292708572566,5306.25,ES,0,ISM Manufacturing
2024-06-05 14:01:00+00:00,0.0,9.86633545704052,5318.5,ES,0,ISM Services
2024-06-07 12:31:00+00:00,-0.5858895720995678,-5.147041734474556,5344.25,ES,0,Employment Report (NFP)
2024-06-07 14:01:00+00:00,0.0,8.395522881166073,5357.75,ES,0,Wholesale Inventories
2024-06-12 12:31:00+00:00,0.679051362550134,12.897284146120569,5424.0,ES,0,CPI
2024-06-18 12:31:00+00:00,0.0,-10.951903987823641,5481.5,ES,0,Retail Sales
2024-06-27 12:31:00+00:00,0.0,13.542185972426068,5534.5,ES,0,GDP+Wholesale Inventories
2024-07-01 14:01:00+00:00,0.7745364855671718,-21.259761484770934,5532.75,ES,0,ISM Manufacturing
2024-07-03 14:01:00+00:00,1.026131121609504,0.0,5570.5,ES,0,ISM Services
2024-07-03 18:01:00+00:00,-1.4104824204189375,,,ES,0,FOMC Meeting Minutes
2024-07-05 12:31:00+00:00,0.0,-10.27680437179157,5598.0,ES,0,Employment Report (NFP)
2024-07-10 14:01:00+00:00,0.0,0.4428207683915275,5645.5,ES,0,Wholesale Inventories
2024-07-11 12:31:00+00:00,0.9761965128861778,-26.35973760732213,5698.0,ES,0,CPI
2024-07-16 12:31:00+00:00,0.0,0.8782329957668367,5693.0,ES,0,Retail Sales
2024-07-24 12:31:00+00:00,0.0,-2.7039207014567523,5548.25,ES,0,Wholesale Inventories
2024-07-25 12:31:00+00:00,0.0,14.625899586135915,5465.75,ES,0,GDP
2024-08-01 14:01:00+00:00,1.3798341425919098,-61.48066126733909,5588.0,ES,0,ISM Manufacturing
2024-08-02 12:31:00+00:00,-0.6705166977153415,3.708682996474977,5391.75,ES,0,Employment Report (NFP)
2024-08-05 14:01:00+00:00,0.6197881346525236,-99.6797442114783,5242.75,ES,0,ISM Services
2024-08-08 14:01:00+00:00,0.0,46.62891429056515,5295.5,ES,0,Wholesale Inventories
2024-08-14 12:31:00+00:00,-1.005756104799016,-2.2861845965138627,5468.25,ES,0,CPI
2024-08-15 12:31:00+00:00,0.7196865032259049,34.43591984716221,5508.0,ES,0,Retail Sales
2024-08-21 18:01:00+00:00,0.0,7.525287533383107,5645.5,ES,0,FOMC Meeting Minutes
2024-08-29 12:31:00+00:00,0.0,-17.76436049166108,5634.25,ES,0,GDP+Wholesale Inventories
2024-09-03 14:01:00+00:00,-1.27476814565351,-30.816665374082675,5606.25,ES,0,ISM Manufacturing
2024-09-05 14:01:00+00:00,-0.7578036383009412,12.610910107113682,5547.25,ES,0,ISM Services
2024-09-06 12:31:00+00:00,0.0,44.96839355354609,5491.5,ES,0,Employment Report (NFP)
2024-09-09 14:01:00+00:00,-0.7661338754811714,-21.50882919693231,5468.75,ES,0,Wholesale Inventories
2024-09-11 12:31:00+00:00,-0.6520441178397617,47.84807141916758,5473.0,ES,0,CPI
2024-09-17 12:31:00+00:00,0.0,2.2074567980112647,5662.0,ES,0,Retail Sales
2024-09-26 12:31:00+00:00,-1.242818395441092,2.5748862900698555,5824.75,ES,0,GDP
2024-09-27 12:31:00+00:00,-1.343778239227085,2.581311320462021,5810.25,ES,0,Wholesale Inventories
2024-10-01 14:01:00+00:00,0.0,-43.44244201330838,5767.25,ES,0,ISM Manufacturing
2024-10-03 14:01:00+00:00,-0.6963540734602135,-34.802314676447565,5756.75,ES,0,ISM Services
2024-10-04 12:31:00+00:00,0.0,42.75448632313328,5776.5,ES,0,Employment Report (NFP)
2024-10-09 14:01:00+00:00,0.0,8.178903191584652,5805.25,ES,0,Wholesale Inventories
2024-10-09 18:01:00+00:00,-1.1730384198245698,10.291596105638234,5827.0,ES,0,FOMC Meeting Minutes
2024-10-10 12:31:00+00:00,-0.7790079457815261,-11.59022258484299,5827.25,ES,0,CPI
2024-10-17 12:31:00+00:00,0.0,7.605848418705818,5914.25,ES,0,Retail Sales
2024-10-29 12:31:00+00:00,0.0,-6.408476497270499,5853.5,ES,0,Wholesale Inventories
2024-10-30 12:31:00+00:00,-2.0,-5.965061957873274,5869.25,ES,0,GDP
2024-11-01 12:31:00+00:00,0.0,15.18866783630557,5756.5,ES,0,Employment Report (NFP)
2024-11-01 14:01:00+00:00,-0.6895260388042407,38.43252058661761,5778.25,ES,0,ISM Manufacturing
2024-11-05 15:01:00+00:00,0.0,3.455872858282305,5786.25,ES,0,ISM Services
2024-11-07 15:01:00+00:00,-1.2759114293130236,4.592614321978772,5986.5,ES,0,Wholesale Inventories
2024-11-13 13:31:00+00:00,0.9220612568212415,-12.047943959565544,6021.25,ES,0,CPI
2024-11-15 13:31:00+00:00,0.0,-5.885815355313184,5948.25,ES,0,Retail Sales
2024-11-26 19:01:00+00:00,0.0,-10.366347620411887,6032.25,ES,0,FOMC Meeting Minutes
2024-11-27 13:31:00+00:00,0.8412732277099898,-2.0708650076883828,6036.75,ES,0,GDP+Wholesale Inventories
2024-12-02 15:01:00+00:00,1.1344860860534538,1.2381600956956618,6057.0,ES,0,ISM Manufacturing
2024-12-04 15:01:00+00:00,-0.6436150579921575,2.056216979262615,6078.5,ES,0,ISM Services
2024-12-06 13:31:00+00:00,1.1250100308704263,4.511987607038748,6093.5,ES,0,Employment Report (NFP)
2024-12-09 15:01:00+00:00,-1.1875167070086368,-13.960174716416418,6093.0,ES,0,Wholesale Inventories
2024-12-11 13:31:00+00:00,0.0,16.48261457717126,6062.0,ES,0,CPI
2024-12-17 13:31:00+00:00,0.0,2.8893979933997116,6055.75,ES,0,Retail Sales
2024-12-19 13:31:00+00:00,0.0,-17.329195570603417,5920.0,ES,0,GDP
2024-12-27 13:31:00+00:00,0.0,-4.943153832748237,6070.5,ES,0,Wholesale Inventories
2025-01-02 15:01:00+00:00,0.0,-51.17460832575915,5975.25,ES,0,ISM Manufacturing
2025-01-03 15:01:00+00:00,0.0,5.883094677407996,5947.5,ES,0,ISM Manufacturing
2025-01-07 15:01:00+00:00,-1.0809856348923699,-34.11552651481742,6019.25,ES,0,ISM Services
2025-01-08 15:01:00+00:00,-1.0523710759648124,-19.363535263927645,5944.75,ES,0,Wholesale Inventories
2025-01-08 19:01:00+00:00,-1.2595450753055477,32.75799829935977,5943.0,ES,0,FOMC Meeting Minutes
2025-01-10 13:31:00+00:00,-0.6322735636793442,-21.596908604095688,5910.0,ES,0,Employment Report (NFP)
2025-01-15 13:31:00+00:00,0.9457012572565137,46.567323469304256,5945.25,ES,0,CPI
2025-01-16 13:31:00+00:00,0.0,6.254821628779439,5993.5,ES,0,Retail Sales
2025-01-29 13:31:00+00:00,-1.1361863299961033,3.6981489131804324,6083.0,ES,0,Wholesale Inventories
2025-01-30 13:31:00+00:00,-2.0,9.033795218726937,6085.5,ES,0,GDP
2025-02-03 15:01:00+00:00,0.0,67.26154909241444,5964.0,ES,0,ISM Manufacturing
2025-02-05 15:01:00+00:00,0.6772538128366417,-3.72000748292578,6049.5,ES,0,ISM Services
2025-02-07 13:31:00+00:00,-1.1580828824884746,28.276969029050747,6091.75,ES,0,Employment Report (NFP)
2025-02-07 15:01:00+00:00,-0.7204354929439557,-29.520316640798683,6106.5,ES,0,Wholesale Inventories
2025-02-12 13:31:00+00:00,-0.6406637600957863,-14.506271324243869,6036.25,ES,0,CPI
2025-02-14 13:31:00+00:00,0.0,7.340347772704092,6128.25,ES,0,Retail Sales
2025-02-19 19:01:00+00:00,0.0,18.681725776126257,6150.0,ES,0,FOMC Meeting Minutes
2025-02-27 13:31:00+00:00,0.0,-28.351071731371746,6004.75,ES,0,GDP
2025-02-28 13:31:00+00:00,-2.0,-6.364697361327387,5893.75,ES,0,Wholesale Inventories
2025-03-03 15:01:00+00:00,-1.1131977414348977,39.470972933024484,5942.0,ES,0,ISM Manufacturing
2025-03-05 15:01:00+00:00,0.0,-52.21493296730273,5808.5,ES,0,ISM Services
2025-03-06 15:01:00+00:00,-0.8542786103371142,57.47018086314171,5769.0,ES,0,Wholesale Inventories
2025-03-07 13:31:00+00:00,0.9427565032062263,-61.67229102157279,5774.0,ES,0,Employment Report (NFP)
2025-03-12 12:31:00+00:00,1.0020834859754884,-40.25930626298191,5662.25,ES,0,CPI
2025-03-17 12:31:00+00:00,0.0,23.973374411774273,5624.5,ES,0,Retail Sales
2025-03-27 12:31:00+00:00,0.0,-8.255306675515328,5756.25,ES,0,GDP+Wholesale Inventories
2025-04-01 14:01:00+00:00,-0.7768838830086177,-25.772064920239757,5633.5,ES,0,ISM Manufacturing
2025-04-03 14:01:00+00:00,0.7364799787048909,-23.18340925175022,5506.0,ES,0,ISM Services
2025-04-04 12:31:00+00:00,0.0,32.09821023524739,5287.75,ES,0,Employment Report (NFP)
2025-04-09 14:01:00+00:00,-0.8709180574143228,-56.850636346084116,5071.5,ES,0,Wholesale Inventories
2025-04-09 18:01:00+00:00,-0.7266003856149246,55.25639145677275,5414.25,ES,0,FOMC Meeting Minutes
2025-04-10 12:31:00+00:00,-2.0,-47.215752206959394,5413.5,ES,0,CPI
2025-04-16 12:31:00+00:00,0.0,-20.904474200342804,5387.25,ES,0,Retail Sales
2025-04-29 12:31:00+00:00,0.0,-20.756256887821678,5546.25,ES,0,Wholesale Inventories
2025-04-30 12:31:00+00:00,-1.265650966458586,-78.23669075875728,5549.75,ES,0,GDP
2025-05-01 14:01:00+00:00,0.0,36.29607384144862,5637.75,ES,0,ISM Manufacturing
2025-05-02 12:31:00+00:00,0.8184118449172147,35.65223081405833,5669.75,ES,0,Employment Report (NFP)
2025-05-05 14:01:00+00:00,0.0,-4.8454948858989155,5676.75,ES,0,ISM Services
2025-05-08 14:01:00+00:00,-1.07350778741901,2.2005589508466983,5679.75,ES,0,Wholesale Inventories
2025-05-13 12:31:00+00:00,-0.8834006367056751,-17.02925184829951,5877.25,ES,0,CPI
2025-05-15 12:31:00+00:00,-1.8344508556752712,2.5488530299355716,5884.25,ES,0,Retail Sales
2025-05-28 18:01:00+00:00,-0.7198631398889266,5.063291247395796,5923.5,ES,0,FOMC Meeting Minutes
2025-05-29 12:31:00+00:00,0.0,-10.925288926024734,5952.75,ES,0,GDP
2025-05-30 12:31:00+00:00,0.0,4.662894046028043,5896.25,ES,0,Wholesale Inventories
2025-06-02 14:01:00+00:00,0.7142950129216233,54.762092152991215,5873.0,ES,0,ISM Manufacturing
2025-06-04 14:01:00+00:00,-1.129138467158819,8.344111627707207,5989.75,ES,0,ISM Services
2025-06-06 12:31:00+00:00,0.0,17.52995148191161,5984.5,ES,0,Employment Report (NFP)
2025-06-09 14:01:00+00:00,1.2636787112377936,8.733443403023955,6008.75,ES,0,Wholesale Inventories
2025-06-11 12:31:00+00:00,1.1435973355487223,-10.719440317288331,6067.0,ES,0,CPI
2025-06-17 12:31:00+00:00,0.0,-9.98668525078017,6011.0,ES,0,Retail Sales
2025-06-26 12:31:00+00:00,0.0,-1.2164216943588713,6166.0,ES,0,GDP+Wholesale Inventories
2025-07-01 14:01:00+00:00,-0.6658001617402908,0.8006405128213601,6244.75,ES,0,ISM Manufacturing
2025-07-03 12:31:00+00:00,0.0,-4.771182150875575,6289.25,ES,0,Employment Report (NFP)
2025-07-03 14:01:00+00:00,2.0,6.332370496942019,6314.75,ES,0,ISM Services
2025-07-09 14:01:00+00:00,0.7028778195091987,-25.379717791018663,6312.25,ES,0,Wholesale Inventories
2025-07-09 18:01:00+00:00,0.0,3.176872395869168,6294.5,ES,0,FOMC Meeting Minutes
2025-07-15 12:31:00+00:00,-0.8608468365512321,-8.678843891658516,6340.0,ES,0,CPI
2025-07-17 12:31:00+00:00,0.0,12.679797237140633,6305.25,ES,0,Retail Sales
2025-07-29 12:31:00+00:00,1.5309439588381386,-4.27358735308303,6436.25,ES,0,Wholesale Inventories
2025-07-30 12:31:00+00:00,0.0,-1.1699327302139295,6411.0,ES,0,GDP
2025-08-01 12:31:00+00:00,-1.0748521678593048,8.320292086416714,6307.25,ES,0,Employment Report (NFP)
2025-08-01 14:01:00+00:00,0.0,49.87342514006343,6250.25,ES,0,ISM Manufacturing
2025-08-05 14:01:00+00:00,0.6127405480309335,-25.589053980432652,6358.5,ES,0,ISM Services
2025-08-07 14:01:00+00:00,-1.3197785486720341,-50.83099898747889,6410.0,ES,0,Wholesale Inventories
2025-08-12 12:31:00+00:00,0.0,9.724032738844812,6424.25,ES,0,CPI
2025-08-15 12:31:00+00:00,-1.2776904599142025,-1.1542234974371013,6498.25,ES,0,Retail Sales
2025-08-20 18:01:00+00:00,0.0,-19.538888592052217,6403.75,ES,0,FOMC Meeting Minutes
2025-08-28 12:31:00+00:00,-0.92537429411577,6.926007433740722,6495.0,ES,0,GDP
2025-08-29 12:31:00+00:00,0.7979803181986187,-3.844822993244179,6503.5,ES,0,Wholesale Inventories
2025-09-02 14:01:00+00:00,0.0,-8.569982215931304,6420.5,ES,0,ISM Manufacturing
2025-09-04 14:01:00+00:00,0.0,3.4768500089299437,6470.25,ES,0,ISM Services
2025-09-05 12:31:00+00:00,-1.2515043541804967,39.85748579324877,6510.25,ES,0,Employment Report (NFP)
2025-09-10 14:01:00+00:00,0.0,-0.38132280884894953,6556.25,ES,0,Wholesale Inventories
2025-09-11 12:31:00+00:00,1.109178057171257,-4.192632462860502,6560.5,ES,0,CPI
2025-09-16 12:31:00+00:00,0.0,-1.886329773768125,6627.25,ES,0,Retail Sales
2025-09-25 12:31:00+00:00,1.3337155167750872,-13.13197824963197,6667.5,ES,0,GDP+Wholesale Inventories
2025-10-01 14:01:00+00:00,-1.5532272188041312,22.68375737926931,6715.25,ES,0,ISM Manufacturing
2025-10-03 14:01:00+00:00,0.0,13.638795265329406,6777.5,ES,0,ISM Services
2025-10-08 18:01:00+00:00,0.0,4.045233115768099,6796.75,ES,0,FOMC Meeting Minutes
2025-10-24 12:31:00+00:00,0.8984809995641084,-20.894818723995456,6827.0,ES,0,CPI
2025-11-03 15:01:00+00:00,1.4054650602763163,-30.24177488381241,6871.75,ES,0,ISM Manufacturing
2025-11-05 15:01:00+00:00,0.8976046060008894,4.032036416248275,6819.0,ES,0,ISM Services
2025-11-17 15:01:00+00:00,1.3022167555826043,-12.198053520542373,6767.5,ES,0,ISM Manufacturing
2025-11-19 19:01:00+00:00,-0.6925229420217353,-28.960998145421968,6656.5,ES,0,FOMC Meeting Minutes
2025-11-20 13:31:00+00:00,-1.5399447711287937,17.376198985381563,6756.25,ES,0,Employment Report (NFP)
2025-11-21 13:31:00+00:00,-1.8415036669182205,3.415235779336001,6587.0,ES,0,CPI
2025-11-21 15:01:00+00:00,0.9337914558496286,-17.119057687331463,6577.25,ES,0,Wholesale Inventories
2025-11-25 13:31:00+00:00,0.0,-13.386882855961346,6727.5,ES,0,Retail Sales
2025-12-01 15:01:00+00:00,0.0,-30.009171651457223,6841.5,ES,0,ISM Manufacturing
2025-12-03 15:01:00+00:00,-1.5253635281539355,5.118642940189488,6836.0,ES,0,ISM Services
2025-12-11 15:01:00+00:00,0.8081553883514543,51.382143911418154,6842.75,ES,0,Wholesale Inventories
2025-12-16 13:31:00+00:00,0.0,-27.497221776329184,6828.25,ES,0,Employment Report (NFP)+Retail Sales
2025-12-18 13:31:00+00:00,-1.1300880701120029,12.181393507191274,6768.5,ES,0,CPI
2025-12-23 13:31:00+00:00,-2.0,-14.088325277938907,6925.5,ES,0,GDP
2025-12-30 19:01:00+00:00,-1.8155895572818737,1.4381246878869547,6953.0,ES,0,FOMC Meeting Minutes
2026-01-05 15:01:00+00:00,0.0,22.675338598077133,6938.0,ES,0,ISM Manufacturing
2026-01-07 15:01:00+00:00,-1.1979153247483456,-7.515971793097265,6987.75,ES,0,ISM Services
2026-01-08 15:01:00+00:00,0.0,19.056185541970194,6946.5,ES,0,Wholesale Inventories
2026-01-09 13:31:00+00:00,0.0,12.88890658543096,6978.25,ES,0,Employment Report (NFP)
2026-01-13 13:31:00+00:00,0.8775744838556183,-14.589971095126941,7030.5,ES,0,CPI
2026-01-14 13:31:00+00:00,-1.7579738207737319,-3.5851289237953665,6974.5,ES,0,Retail Sales
2026-01-21 15:01:00+00:00,0.0,8.712699309612049,6883.5,ES,0,ISM Manufacturing
2026-01-22 13:31:00+00:00,0.0,10.785160665776061,6950.25,ES,0,GDP
2026-01-29 15:01:00+00:00,0.0,-24.10636747647743,6956.75,ES,0,Wholesale Inventories
2026-02-02 15:01:00+00:00,0.0,27.567459235804392,6973.25,ES,0,ISM Manufacturing
2026-02-04 15:01:00+00:00,0.5624183871269747,30.307426864553122,6918.5,ES,0,ISM Services
2026-02-10 13:31:00+00:00,-1.7669824567185521,14.326650014950815,6975.0,ES,0,Retail Sales
2026-02-11 13:31:00+00:00,-1.6714331666905626,30.391356498959965,6981.5,ES,0,Employment Report (NFP)
2026-02-13 13:31:00+00:00,0.0,-4.009550072829882,6860.0,ES,0,CPI
2026-02-18 19:01:00+00:00,0.0,-11.593784132593044,6904.25,ES,0,FOMC Meeting Minutes
2026-02-19 13:31:00+00:00,-1.1225644954581186,9.461427197834382,6866.75,ES,0,Wholesale Inventories
2026-02-20 13:31:00+00:00,1.8012298141388048,-9.83337965060116,6867.75,ES,0,GDP
2026-02-24 15:01:00+00:00,-1.0988199809142738,61.1133222542648,6851.5,ES,0,Wholesale Inventories
2026-02-27 15:01:00+00:00,0.0,20.763143785700322,6856.0,ES,0,ISM Manufacturing
2026-03-02 15:01:00+00:00,1.0591576555908035,20.06897099487759,6844.5,ES,0,ISM Manufacturing
2026-03-04 15:01:00+00:00,0.0,52.459136697713404,6844.5,ES,0,ISM Services
2026-03-06 13:31:00+00:00,-0.8245180395181231,-42.5556177224351,6770.25,ES,0,Employment Report (NFP)+Retail Sales
2026-03-11 12:31:00+00:00,-1.3706884136985849,-16.220005767912937,6787.25,ES,0,CPI
2026-03-13 12:31:00+00:00,0.0,0.3726268328918536,6709.0,ES,0,GDP
2026-03-19 14:01:00+00:00,0.0,-40.2186002740379,6602.25,ES,0,Wholesale Inventories
2026-03-23 14:01:00+00:00,1.0299231204038692,4.490681910667149,6679.0,ES,0,ISM Manufacturing
2026-04-01 12:31:00+00:00,-0.9642496595660761,-29.901046104257034,6615.0,ES,0,Retail Sales
2026-04-01 14:01:00+00:00,1.3853203526112434,17.760316040700275,6610.0,ES,0,ISM Manufacturing
2026-04-03 12:31:00+00:00,0.0,-33.27538425409671,6622.5,ES,0,Employment Report (NFP)
2026-04-06 14:01:00+00:00,1.0233864127024626,6.390857532210248,6648.0,ES,0,ISM Services
2026-04-08 18:01:00+00:00,1.0629458074951872,-9.53149130008768,6822.75,ES,0,FOMC Meeting Minutes
2026-04-09 12:31:00+00:00,-2.0,1.1019081387075857,6806.0,ES,0,GDP
2026-04-09 14:01:00+00:00,0.0,-12.479813688450747,6815.25,ES,0,Wholesale Inventories
2026-04-10 12:31:00+00:00,0.0,-11.273753353329141,6878.25,ES,0,CPI
2026-04-21 12:31:00+00:00,0.0,-11.856192761712236,7173.5,ES,0,Retail Sales
2026-04-29 12:31:00+00:00,-0.7504743007363646,6.277464110731046,7166.25,ES,0,Wholesale Inventories
2026-04-30 12:31:00+00:00,0.0,-4.5095829400310095,7208.5,ES,0,GDP
2026-05-01 14:01:00+00:00,0.0,-4.799451583394898,7294.25,ES,0,ISM Manufacturing
2026-05-05 14:01:00+00:00,-1.8100645116413492,9.962384238342281,7273.75,ES,0,ISM Services
2026-05-07 14:01:00+00:00,0.0,8.116883562543364,7389.0,ES,0,ISM Manufacturing
2026-05-08 12:31:00+00:00,0.0,-5.405222928125397,7402.25,ES,0,Employment Report (NFP)
2026-05-08 14:01:00+00:00,0.0,1.0119579708600668,7411.0,ES,0,Wholesale Inventories
2026-05-12 12:31:00+00:00,0.0,19.898490571002014,7405.25,ES,0,CPI
2026-05-14 12:31:00+00:00,0.8002403692043131,-12.346298513428167,7496.75,ES,0,Retail Sales
2026-05-20 18:01:00+00:00,0.0,3.0241427625554707,7439.0,ES,0,FOMC Meeting Minutes
2026-05-28 12:31:00+00:00,-1.034869396104319,18.579965530847176,7528.0,ES,0,GDP
2026-05-29 12:31:00+00:00,0.0,-0.9879633144294075,7591.75,ES,0,Wholesale Inventories
2026-06-01 14:01:00+00:00,-1.1493773397945193,6.920301474053758,7583.75,ES,0,ISM Manufacturing
2026-06-03 14:01:00+00:00,0.0,2.6336581663954917,7593.0,ES,0,ISM Services
2026-06-05 12:31:00+00:00,0.0,-11.254180129292024,7557.0,ES,0,Employment Report (NFP)
2026-06-09 14:01:00+00:00,-0.7677707017046893,-49.697886037058936,7463.5,ES,0,Wholesale Inventories
2026-06-10 12:31:00+00:00,0.0,7.822730531756861,7347.5,ES,0,CPI
2026-06-17 12:31:00+00:00,0.0,0.33218728724193625,7525.75,ES,0,Retail Sales
2026-06-25 12:31:00+00:00,0.978071324006031,-10.013686206775674,7493.5,ES,0,GDP
2026-06-26 12:31:00+00:00,1.5069238020492568,-19.96853082594896,7394.0,ES,0,Wholesale Inventories
2026-07-01 14:01:00+00:00,1.2266256682992065,,,ES,0,ISM Manufacturing
2026-07-02 12:31:00+00:00,0.0,,,ES,0,Employment Report (NFP)
2026-07-06 14:01:00+00:00,1.529263344027361,,,ES,0,ISM Services
2026-07-08 14:01:00+00:00,1.6429827972428805,,,ES,0,Wholesale Inventories
2026-07-08 18:01:00+00:00,0.0,,,ES,0,FOMC Meeting Minutes
2026-07-14 12:31:00+00:00,0.0,,,ES,0,CPI
2026-07-16 12:31:00+00:00,0.0,,,ES,0,Retail Sales
2016-05-02 14:31:00+00:00,0.0,-14.5190588118993,2067.75,ES,30,ISM Manufacturing
2016-05-04 14:31:00+00:00,0.0,-14.657386281164975,2048.25,ES,30,ISM Services
2016-05-06 13:01:00+00:00,0.0,9.828010619079564,2034.0,ES,30,Employment Report (NFP)
2016-05-10 14:31:00+00:00,0.0,18.11704100831868,2068.0,ES,30,Wholesale Inventories
2016-05-13 13:01:00+00:00,0.0,14.596766975625286,2053.75,ES,30,Retail Sales
2016-05-17 13:01:00+00:00,0.0,6.0720142736325755,2058.0,ES,30,CPI
2016-05-27 13:01:00+00:00,0.0,-1.1965300642469145,2089.5,ES,30,GDP
2016-06-01 14:31:00+00:00,0.0,19.134184264002485,2088.5,ES,30,ISM Manufacturing
2016-06-03 13:01:00+00:00,0.0,13.124144340386223,2094.0,ES,30,Employment Report (NFP)
2016-06-03 14:31:00+00:00,0.0,28.742534757677518,2084.5,ES,30,ISM Services
2016-06-09 14:31:00+00:00,0.0,5.927331096424737,2108.25,ES,30,Wholesale Inventories
2016-06-14 13:01:00+00:00,0.0,8.436276487087113,2073.5,ES,30,Retail Sales
2016-06-16 13:01:00+00:00,0.0,0.0,2062.5,ES,30,CPI
2016-06-28 13:01:00+00:00,0.0,4.975124480726123,2009.5,ES,30,GDP
2016-07-01 14:31:00+00:00,0.0,-1.190972430391568,2099.25,ES,30,ISM Manufacturing
2016-07-06 14:31:00+00:00,0.0,50.66967047835824,2067.0,ES,30,ISM Services
2016-07-08 13:01:00+00:00,0.0,-8.306141088638697,2107.75,ES,30,Employment Report (NFP)
2016-07-12 14:31:00+00:00,0.0,4.669079108987617,2141.25,ES,30,Wholesale Inventories
2016-07-15 13:01:00+00:00,0.0,15.031511184311341,2160.5,ES,30,CPI+Retail Sales
2016-07-29 13:01:00+00:00,0.0,2.3121387386293435,2162.25,ES,30,GDP
2016-08-01 14:31:00+00:00,0.0,1.1528041974884218,2168.5,ES,30,ISM Manufacturing
2016-08-03 14:31:00+00:00,0.0,-1.1619125092909854,2151.75,ES,30,ISM Services
2016-08-05 13:01:00+00:00,0.0,5.7673454508311295,2166.75,ES,30,Employment Report (NFP)
2016-08-09 14:31:00+00:00,0.0,3.438198417917704,2181.0,ES,30,Wholesale Inventories
2016-08-12 13:01:00+00:00,0.0,-13.770945485873654,2180.0,ES,30,Retail Sales
2016-08-16 13:01:00+00:00,0.0,-1.1459347975684153,2181.75,ES,30,CPI
2016-08-26 13:01:00+00:00,0.0,12.641500275698547,2174.0,ES,30,GDP+Wholesale Inventories
2016-09-01 14:31:00+00:00,0.0,-8.11265038410447,2158.0,ES,30,ISM Manufacturing
2016-09-02 13:01:00+00:00,0.0,24.111613954849176,2174.75,ES,30,Employment Report (NFP)
2016-09-06 14:31:00+00:00,0.0,1.1488310656559975,2176.0,ES,30,ISM Services
2016-09-09 14:31:00+00:00,0.0,-6.957328666539198,2156.75,ES,30,Wholesale Inventories
2016-09-15 13:01:00+00:00,0.0,5.886161803942969,2123.0,ES,30,Retail Sales
2016-09-16 13:01:00+00:00,0.0,-4.667989348385859,2142.75,ES,30,CPI
2016-09-29 13:01:00+00:00,0.0,6.942034294761257,2160.0,ES,30,GDP+Wholesale Inventories
2016-10-03 14:31:00+00:00,0.0,11.614403163902054,2151.25,ES,30,ISM Manufacturing
2016-10-05 14:31:00+00:00,0.0,-6.966214144483729,2154.0,ES,30,ISM Services
2016-10-07 13:01:00+00:00,0.0,5.7934072647558565,2157.0,ES,30,Employment Report (NFP)
2016-10-07 14:31:00+00:00,0.0,-11.636026446719683,2149.75,ES,30,Wholesale Inventories
2016-10-14 13:01:00+00:00,0.0,9.360010043364397,2135.75,ES,30,Retail Sales
2016-10-18 13:01:00+00:00,0.0,2.3389077407554026,2137.5,ES,30,CPI
2016-10-26 13:01:00+00:00,0.0,-8.222235736603523,2129.25,ES,30,Wholesale Inventories
2016-10-28 13:01:00+00:00,0.0,-4.70035261297852,2128.0,ES,30,GDP
2016-11-01 14:31:00+00:00,0.0,4.725339721716182,2115.75,ES,30,ISM Manufacturing
2016-11-03 14:31:00+00:00,0.0,-10.743062805849135,2095.5,ES,30,ISM Services
2016-11-04 13:01:00+00:00,0.0,-15.5903371507371,2086.25,ES,30,Employment Report (NFP)
2016-11-09 15:31:00+00:00,0.0,31.666008985586913,2128.25,ES,30,Wholesale Inventories
2016-11-15 14:01:00+00:00,0.0,4.617871243457472,2165.0,ES,30,Retail Sales
2016-11-17 14:01:00+00:00,0.0,-3.448870529103587,2175.0,ES,30,CPI
2016-11-25 14:01:00+00:00,0.0,3.400396745707468,2205.25,ES,30,Wholesale Inventories
2016-11-29 14:01:00+00:00,0.0,-1.136040898694901,2200.75,ES,30,GDP
2016-12-01 15:31:00+00:00,0.0,-3.416272879546156,2195.75,ES,30,ISM Manufacturing
2016-12-02 14:01:00+00:00,0.0,2.2836264086389946,2189.25,ES,30,Employment Report (NFP)
2016-12-05 15:31:00+00:00,0.0,0.0,2206.5,ES,30,ISM Services
2016-12-09 15:31:00+00:00,0.0,-1.110062719682503,2252.25,ES,30,Wholesale Inventories
2016-12-14 14:01:00+00:00,0.0,-4.404316301105382,2271.0,ES,30,Retail Sales
2016-12-15 14:01:00+00:00,0.0,-2.2160664910675365,2256.5,ES,30,CPI
2016-12-22 14:01:00+00:00,0.0,-3.320236874060356,2259.25,ES,30,GDP
2016-12-29 14:01:00+00:00,0.0,3.3387124009465197,2246.0,ES,30,Wholesale Inventories
2017-01-03 15:31:00+00:00,0.0,-52.19044659796168,2257.25,ES,30,ISM Manufacturing
2017-01-05 15:31:00+00:00,0.0,-5.522726157938251,2264.0,ES,30,ISM Services
2017-01-06 14:01:00+00:00,0.0,-8.8300226487803,2266.0,ES,30,Employment Report (NFP)
2017-01-10 15:31:00+00:00,0.0,12.139272030919912,2264.0,ES,30,Wholesale Inventories
2017-01-13 14:01:00+00:00,0.0,7.717325778529016,2266.75,ES,30,Retail Sales
2017-01-18 14:01:00+00:00,0.0,-11.036310578296238,2266.5,ES,30,CPI
2017-01-26 14:01:00+00:00,0.0,-2.1791240007740242,2294.75,ES,30,Wholesale Inventories
2017-01-27 14:01:00+00:00,0.0,0.0,2294.25,ES,30,GDP
2017-02-01 15:31:00+00:00,0.0,-20.875687414250166,2277.75,ES,30,ISM Manufacturing
2017-02-03 14:01:00+00:00,0.0,5.468365641814188,2285.25,ES,30,Employment Report (NFP)
2017-02-03 15:31:00+00:00,0.0,7.6390029359973965,2290.0,ES,30,ISM Services
2017-02-09 15:31:00+00:00,0.0,8.689041493790128,2300.75,ES,30,Wholesale Inventories
2017-02-15 14:01:00+00:00,0.0,1.0717539263271902,2332.5,ES,30,CPI+Retail Sales
2017-02-28 14:01:00+00:00,0.0,-5.283457617490939,2366.5,ES,30,GDP+Wholesale Inventories
2017-03-01 15:31:00+00:00,0.0,-1.0468463762425273,2388.25,ES,30,ISM Manufacturing
2017-03-03 15:31:00+00:00,0.0,2.105041582343148,2375.0,ES,30,ISM Services
2017-03-08 15:31:00+00:00,0.0,-1.054351838183365,2371.25,ES,30,Wholesale Inventories
2017-03-10 14:01:00+00:00,0.0,-9.467207355191576,2377.75,ES,30,Employment Report (NFP)
2017-03-15 13:01:00+00:00,0.0,-3.1620553623135095,2372.25,ES,30,CPI+Retail Sales
2017-03-28 13:01:00+00:00,0.0,-2.140869201063822,2335.75,ES,30,Wholesale Inventories
2017-03-30 13:01:00+00:00,0.0,2.1224663138141864,2355.5,ES,30,GDP
2017-04-03 14:31:00+00:00,0.0,-40.374045493694055,2357.75,ES,30,ISM Manufacturing
2017-04-05 14:31:00+00:00,0.0,2.107259516801463,2372.5,ES,30,ISM Services
2017-04-05 18:31:00+00:00,0.0,-38.03089308098251,2371.0,ES,30,FOMC Meeting Minutes
2017-04-07 13:01:00+00:00,0.0,10.633773864636709,2349.75,ES,30,Employment Report (NFP)
2017-04-07 14:31:00+00:00,0.0,0.0,2353.25,ES,30,Wholesale Inventories
2017-04-14 13:01:00+00:00,0.0,,,ES,30,CPI+Retail Sales
2017-04-27 13:01:00+00:00,0.0,1.048272971244657,2384.75,ES,30,Wholesale Inventories
2017-04-28 13:01:00+00:00,0.0,-1.0473946068767503,2387.0,ES,30,GDP
2017-05-01 14:31:00+00:00,0.0,17.820645210955277,2382.75,ES,30,ISM Manufacturing
2017-05-03 14:31:00+00:00,0.0,-17.858085527500123,2382.0,ES,30,ISM Services
2017-05-05 13:01:00+00:00,0.0,4.184100479456276,2389.5,ES,30,Employment Report (NFP)
2017-05-09 14:31:00+00:00,0.0,-7.2973680590404655,2399.0,ES,30,Wholesale Inventories
2017-05-12 13:01:00+00:00,0.0,-1.0462987192383366,2389.5,ES,30,CPI+Retail Sales
2017-05-24 18:31:00+00:00,0.0,0.0,2400.25,ES,30,FOMC Meeting Minutes
2017-05-25 13:01:00+00:00,0.0,-6.229882872030856,2408.5,ES,30,Wholesale Inventories
2017-05-26 13:01:00+00:00,0.0,8.2910150878579,2411.25,ES,30,GDP
2017-06-01 14:31:00+00:00,0.0,-1.0352502726718171,2415.0,ES,30,ISM Manufacturing
2017-06-02 13:01:00+00:00,0.0,-8.226221543585766,2432.25,ES,30,Employment Report (NFP)
2017-06-05 14:31:00+00:00,0.0,-1.025798841753911,2437.25,ES,30,ISM Services
2017-06-09 14:31:00+00:00,0.0,-5.11430482174724,2444.75,ES,30,Wholesale Inventories
2017-06-14 13:01:00+00:00,0.0,-6.140620395598262,2443.5,ES,30,CPI+Retail Sales
2017-06-28 13:01:00+00:00,0.0,8.23723275571453,2427.0,ES,30,Wholesale Inventories
2017-06-29 13:01:00+00:00,0.0,2.0500205073847866,2438.75,ES,30,GDP
2017-07-03 14:31:00+00:00,0.0,5.135315678002073,2433.5,ES,30,ISM Manufacturing
2017-07-05 18:31:00+00:00,0.0,-10.28700841668062,2431.5,ES,30,FOMC Meeting Minutes
2017-07-06 14:31:00+00:00,0.0,14.497258415646641,2412.5,ES,30,ISM Services
2017-07-07 13:01:00+00:00,0.0,3.1067157087250052,2413.75,ES,30,Employment Report (NFP)
2017-07-11 14:31:00+00:00,0.0,1.0308746980935979,2425.0,ES,30,Wholesale Inventories
2017-07-14 13:01:00+00:00,0.0,-11.235382418819384,2449.0,ES,30,CPI+Retail Sales
2017-07-27 13:01:00+00:00,0.0,0.0,2478.5,ES,30,Wholesale Inventories
2017-07-28 13:01:00+00:00,0.0,6.079643514862454,2466.5,ES,30,GDP
2017-08-01 14:31:00+00:00,0.0,14.16144278749698,2469.75,ES,30,ISM Manufacturing
2017-08-03 14:31:00+00:00,0.0,0.0,2471.75,ES,30,ISM Services
2017-08-04 13:01:00+00:00,0.0,3.0304561068206226,2474.5,ES,30,Employment Report (NFP)
2017-08-09 14:31:00+00:00,0.0,8.110300525654424,2465.0,ES,30,Wholesale Inventories
2017-08-11 13:01:00+00:00,0.0,-5.123213391433623,2440.5,ES,30,CPI
2017-08-15 13:01:00+00:00,0.0,-6.077180375427815,2469.0,ES,30,Retail Sales
2017-08-16 18:31:00+00:00,0.0,17.237013139785873,2463.5,ES,30,FOMC Meeting Minutes
2017-08-28 13:01:00+00:00,0.0,4.085384593643937,2447.25,ES,30,Wholesale Inventories
2017-08-30 13:01:00+00:00,0.0,7.16002690027473,2443.25,ES,30,GDP
2017-09-01 13:01:00+00:00,0.0,-2.019182238051087,2476.5,ES,30,Employment Report (NFP)
2017-09-01 14:31:00+00:00,0.0,12.11387186296875,2475.0,ES,30,ISM Manufacturing
2017-09-06 14:31:00+00:00,0.0,0.0,2462.75,ES,30,ISM Services
2017-09-08 14:31:00+00:00,0.0,10.151254551553635,2461.5,ES,30,Wholesale Inventories
2017-09-14 13:01:00+00:00,0.0,9.02844019796234,2491.0,ES,30,CPI
2017-09-15 13:01:00+00:00,0.0,10.021045031418652,2493.5,ES,30,Retail Sales
2017-09-28 13:01:00+00:00,0.0,0.999550203246713,2501.0,ES,30,GDP+Wholesale Inventories
2017-10-02 14:31:00+00:00,0.0,0.9910311687555406,2522.5,ES,30,ISM Manufacturing
2017-10-04 14:31:00+00:00,0.0,2.961354347696954,2532.25,ES,30,ISM Services
2017-10-06 13:01:00+00:00,0.0,4.912797937173252,2543.75,ES,30,Employment Report (NFP)
2017-10-06 14:31:00+00:00,0.0,-14.734053055995844,2547.0,ES,30,Wholesale Inventories
2017-10-11 18:31:00+00:00,0.0,2.9410323235268265,2549.75,ES,30,FOMC Meeting Minutes
2017-10-13 13:01:00+00:00,0.0,-2.9367138383484814,2554.25,ES,30,CPI+Retail Sales
2017-10-26 13:01:00+00:00,0.0,2.9281148029980386,2561.0,ES,30,Wholesale Inventories
2017-10-27 13:01:00+00:00,0.0,-5.844535525802996,2567.25,ES,30,GDP
2017-11-01 14:31:00+00:00,0.0,-2.906272725731185,2581.0,ES,30,ISM Manufacturing
2017-11-03 13:01:00+00:00,0.0,1.939299918802817,2578.0,ES,30,Employment Report (NFP)
2017-11-03 14:31:00+00:00,0.0,0.9702614862305836,2576.5,ES,30,ISM Services
2017-11-09 15:31:00+00:00,0.0,6.777363864998165,2581.25,ES,30,Wholesale Inventories
2017-11-15 14:01:00+00:00,0.0,-8.770648128386682,2566.5,ES,30,CPI+Retail Sales
2017-11-22 19:31:00+00:00,0.0,3.851338387672598,2596.0,ES,30,FOMC Meeting Minutes
2017-11-28 14:01:00+00:00,0.0,0.9595547673058036,2605.25,ES,30,Wholesale Inventories
2017-11-29 14:01:00+00:00,0.0,2.8532027394057025,2628.25,ES,30,GDP
2017-12-01 15:31:00+00:00,0.0,-1.8875047243582799,2649.25,ES,30,ISM Manufacturing
2017-12-05 15:31:00+00:00,0.0,18.908959023491434,2641.75,ES,30,ISM Services
2017-12-08 14:01:00+00:00,0.0,-5.6657225311695925,2648.25,ES,30,Employment Report (NFP)
2017-12-08 15:31:00+00:00,0.0,6.609697610926446,2646.75,ES,30,Wholesale Inventories
2017-12-13 14:01:00+00:00,0.0,2.8114896394271227,2667.25,ES,30,CPI
2017-12-14 14:01:00+00:00,0.0,-6.5595279492036696,2668.75,ES,30,Retail Sales
2017-12-21 14:01:00+00:00,0.0,0.0,2689.0,ES,30,GDP
2017-12-28 14:01:00+00:00,0.0,-2.7903083471692014,2688.25,ES,30,Wholesale Inventories
2018-01-03 15:31:00+00:00,-0.7662111492206987,-4.618724390468287,2707.0,ES,30,ISM Manufacturing
2018-01-03 19:31:00+00:00,0.0,0.9226368969095233,2709.5,ES,30,FOMC Meeting Minutes
2018-01-05 14:01:00+00:00,0.0,1.829826171615423,2732.25,ES,30,Employment Report (NFP)
2018-01-05 15:31:00+00:00,-0.8332756113190217,5.494002518933172,2729.5,ES,30,ISM Services
2018-01-10 15:31:00+00:00,0.7467975859357622,7.285974821407137,2744.0,ES,30,Wholesale Inventories
2018-01-12 14:01:00+00:00,0.0,6.31797484800245,2769.0,ES,30,CPI+Retail Sales
2018-01-26 14:01:00+00:00,0.0,-7.895083527778013,2851.0,ES,30,GDP+Wholesale Inventories
2018-02-01 15:31:00+00:00,-0.942133099516326,14.174346809738836,2820.0,ES,30,ISM Manufacturing
2018-02-02 14:01:00+00:00,0.0,10.694235044717004,2803.75,ES,30,Employment Report (NFP)
2018-02-05 15:31:00+00:00,1.3008627226832616,5.43429050598121,2759.5,ES,30,ISM Services
2018-02-09 15:31:00+00:00,-0.8629610980974339,-51.08198664842689,2600.5,ES,30,Wholesale Inventories
2018-02-14 14:01:00+00:00,0.0,38.783570346971885,2637.75,ES,30,CPI+Retail Sales
2018-02-21 19:31:00+00:00,0.0,-44.77551228083243,2742.0,ES,30,FOMC Meeting Minutes
2018-02-27 14:01:00+00:00,0.0,-1.7985611559367953,2780.25,ES,30,Wholesale Inventories
2018-02-28 14:01:00+00:00,0.0,15.425800436510428,2753.0,ES,30,GDP
2018-03-01 15:31:00+00:00,0.0,-31.29028873610551,2720.75,ES,30,ISM Manufacturing
2018-03-05 15:31:00+00:00,-0.6352831150325363,55.76740914595035,2682.25,ES,30,ISM Services
2018-03-09 14:01:00+00:00,0.0,9.071118183712201,2754.75,ES,30,Employment Report (NFP)
2018-03-09 15:31:00+00:00,0.89771186113784,16.28075612874369,2761.75,ES,30,Wholesale Inventories
2018-03-13 13:01:00+00:00,0.0,5.365766539036088,2794.75,ES,30,CPI
2018-03-14 13:01:00+00:00,1.2610645394503361,7.202665297434407,2775.75,ES,30,Retail Sales
2018-03-28 13:01:00+00:00,0.0,22.000104526060937,2610.75,ES,30,GDP+Wholesale Inventories
2018-04-02 14:31:00+00:00,0.5124640672465626,-48.95618129113544,2610.75,ES,30,ISM Manufacturing
2018-04-04 14:31:00+00:00,0.0,40.48978827706051,2588.0,ES,30,ISM Services
2018-04-06 13:01:00+00:00,-1.6010065102902291,-11.356109860507502,2643.25,ES,30,Employment Report (NFP)
2018-04-10 14:31:00+00:00,2.0,8.470987376529848,2655.0,ES,30,Wholesale Inventories
2018-04-11 13:01:00+00:00,0.0,33.19269015552351,2631.75,ES,30,CPI
2018-04-11 18:31:00+00:00,-0.5457957992004935,-13.20381216068256,2652.5,ES,30,FOMC Meeting Minutes
2018-04-16 13:01:00+00:00,-0.6321069080963965,-7.472445705438702,2677.5,ES,30,Retail Sales
2018-04-26 13:01:00+00:00,-1.7974705078592381,-16.971529625209314,2653.75,ES,30,Wholesale Inventories
2018-04-27 13:01:00+00:00,-0.6886911330579296,1.8693335880293205,2674.5,ES,30,GDP
2018-05-01 14:31:00+00:00,-0.5838161444101371,-25.63495351139977,2636.5,ES,30,ISM Manufacturing
2018-05-03 14:31:00+00:00,0.0,-28.835083416520746,2604.75,ES,30,ISM Services
2018-05-04 13:01:00+00:00,0.0,-36.256122150568615,2625.0,ES,30,Employment Report (NFP)
2018-05-09 14:31:00+00:00,0.0,-19.616091479921494,2679.0,ES,30,Wholesale Inventories
2018-05-10 13:01:00+00:00,0.0,0.0,2703.75,ES,30,CPI
2018-05-15 13:01:00+00:00,0.0,0.0,2715.0,ES,30,Retail Sales
2018-05-23 18:31:00+00:00,-0.6619950370391218,17.42879861449609,2723.0,ES,30,FOMC Meeting Minutes
2018-05-30 13:01:00+00:00,0.0,12.947379964618477,2701.5,ES,30,GDP+Wholesale Inventories
2018-06-01 13:01:00+00:00,0.0,-2.7552004582709344,2722.5,ES,30,Employment Report (NFP)
2018-06-01 14:31:00+00:00,0.0,8.242136095528707,2728.75,ES,30,ISM Manufacturing
2018-06-05 14:31:00+00:00,0.0,-13.635745942615074,2752.0,ES,30,ISM Services
2018-06-08 14:31:00+00:00,-0.6069984645237586,3.614022446285503,2766.5,ES,30,Wholesale Inventories
2018-06-12 13:01:00+00:00,-0.7183371293628037,2.691669299821342,2786.0,ES,30,CPI
2018-06-14 13:01:00+00:00,0.0,7.183908354928548,2783.0,ES,30,Retail Sales
2018-06-27 13:01:00+00:00,0.0,6.407029645743023,2730.5,ES,30,Wholesale Inventories
2018-06-28 13:01:00+00:00,1.3121072087507435,23.151373956000754,2696.5,ES,30,GDP
2018-07-02 14:31:00+00:00,-0.45140791073184344,18.426391799195585,2711.0,ES,30,ISM Manufacturing
2018-07-05 14:31:00+00:00,-1.1590525710670647,-22.04869979134827,2724.25,ES,30,ISM Services
2018-07-05 18:31:00+00:00,-0.5974848309892281,3.659987230903994,2731.75,ES,30,FOMC Meeting Minutes
2018-07-06 13:01:00+00:00,0.0,0.9133671285432854,2737.0,ES,30,Employment Report (NFP)
2018-07-11 14:31:00+00:00,-0.7697410567614529,-3.5880875878291363,2787.5,ES,30,Wholesale Inventories
2018-07-12 13:01:00+00:00,1.685710943791886,-1.791954130769824,2790.5,ES,30,CPI
2018-07-16 13:01:00+00:00,0.0,-0.8921004510931141,2802.5,ES,30,Retail Sales
2018-07-26 13:01:00+00:00,0.6389350575760261,11.45525965684513,2835.5,ES,30,Wholesale Inventories
2018-07-27 13:01:00+00:00,0.0,-2.638174398619242,2843.25,ES,30,GDP
2018-08-01 14:31:00+00:00,-0.749953415531788,-7.083407415002796,2824.5,ES,30,ISM Manufacturing
2018-08-03 13:01:00+00:00,1.3775943351327722,0.0,2828.5,ES,30,Employment Report (NFP)
2018-08-03 14:31:00+00:00,-0.7270345838197428,-7.05965437015621,2834.0,ES,30,ISM Services
2018-08-09 14:31:00+00:00,2.0,-1.747487990471086,2861.5,ES,30,Wholesale Inventories
2018-08-10 13:01:00+00:00,0.0,-14.095676723790973,2839.75,ES,30,CPI
2018-08-15 13:01:00+00:00,0.0,0.0,2823.0,ES,30,Retail Sales
2018-08-22 18:31:00+00:00,0.0,4.365096756195896,2863.0,ES,30,FOMC Meeting Minutes
2018-08-28 13:01:00+00:00,-2.0,-4.3057051257200385,2903.75,ES,30,Wholesale Inventories
2018-08-29 13:01:00+00:00,0.0,10.343045224789904,2899.0,ES,30,GDP
2018-09-04 14:31:00+00:00,0.0,11.219955434143003,2895.0,ES,30,ISM Manufacturing
2018-09-06 14:31:00+00:00,-0.5598864137060464,-26.046203299294746,2883.25,ES,30,ISM Services
2018-09-07 13:01:00+00:00,1.282097261932145,4.358627972944618,2867.25,ES,30,Employment Report (NFP)
2018-09-11 14:31:00+00:00,0.0,-2.6045058097423635,2880.0,ES,30,Wholesale Inventories
2018-09-13 13:01:00+00:00,0.0,1.7247326707092725,2898.75,ES,30,CPI
2018-09-14 13:01:00+00:00,1.3716688458460258,-3.4399725141476267,2907.5,ES,30,Retail Sales
2018-09-27 13:01:00+00:00,-2.0,5.9985433907883134,2916.5,ES,30,GDP+Wholesale Inventories
2018-10-01 14:31:00+00:00,-0.9623871317959304,-5.952634216335184,2940.75,ES,30,ISM Manufacturing
2018-10-03 14:31:00+00:00,0.6139141474198803,-17.865503071661237,2941.25,ES,30,ISM Services
2018-10-05 13:01:00+00:00,0.0,5.158627919410463,2907.0,ES,30,Employment Report (NFP)
2018-10-10 14:31:00+00:00,0.0,-28.87772735320482,2861.0,ES,30,Wholesale Inventories
2018-10-11 13:01:00+00:00,0.0,8.990380898641348,2779.5,ES,30,CPI
2018-10-15 13:01:00+00:00,0.0,-9.94350364413421,2767.0,ES,30,Retail Sales
2018-10-17 18:31:00+00:00,0.0,29.35553413518477,2806.25,ES,30,FOMC Meeting Minutes
2018-10-25 13:01:00+00:00,0.0,9.333582906450033,2677.25,ES,30,Wholesale Inventories
2018-10-26 13:01:00+00:00,1.3877793182641458,-3.7512895497648913,2666.25,ES,30,GDP
2018-11-01 14:31:00+00:00,0.6569038241380992,32.096868309210436,2721.75,ES,30,ISM Manufacturing
2018-11-02 13:01:00+00:00,-2.0,-30.87823723081584,2757.0,ES,30,Employment Report (NFP)
2018-11-05 15:31:00+00:00,-0.7144186799236634,21.992128354320073,2725.25,ES,30,ISM Services
2018-11-09 15:31:00+00:00,-0.5651602796084222,0.8977063608384128,2784.75,ES,30,Wholesale Inventories
2018-11-14 14:01:00+00:00,1.4776703381855911,8.20008246030568,2742.75,ES,30,CPI
2018-11-15 14:01:00+00:00,1.0766109645604922,-41.804139100243276,2696.75,ES,30,Retail Sales
2018-11-28 14:01:00+00:00,0.0,-0.9275147249532267,2695.5,ES,30,GDP+Wholesale Inventories
2018-11-29 19:31:00+00:00,0.0,22.72418375500962,2747.25,ES,30,FOMC Meeting Minutes
2018-12-03 15:31:00+00:00,0.0,-51.151006667709,2793.0,ES,30,ISM Manufacturing
2018-12-06 15:31:00+00:00,0.5921697927915456,-45.32157696326422,2653.75,ES,30,ISM Services
2018-12-07 14:01:00+00:00,0.0,3.715055304169823,2691.25,ES,30,Employment Report (NFP)
2018-12-07 15:31:00+00:00,-0.9651839628168682,2.7983769596318098,2679.75,ES,30,Wholesale Inventories
2018-12-12 14:01:00+00:00,-1.9317197840383706,-3.7418148238188564,2673.0,ES,30,CPI
2018-12-14 14:01:00+00:00,-0.7054488471985686,-11.426396215608037,2627.0,ES,30,Retail Sales
2018-12-21 14:01:00+00:00,0.0,-66.63998813474237,2484.25,ES,30,GDP
2019-01-03 15:31:00+00:00,0.0,6.095083488162345,2460.25,ES,30,ISM Manufacturing
2019-01-04 14:01:00+00:00,-1.349057354758934,23.172646508431427,2478.5,ES,30,Employment Report (NFP)
2019-01-07 15:31:00+00:00,0.568447445690531,26.536946134658734,2540.25,ES,30,ISM Services
2019-01-09 19:31:00+00:00,0.8608341810161769,33.83116657738938,2582.0,ES,30,FOMC Meeting Minutes
2019-01-11 14:01:00+00:00,-1.5366779965310515,-6.771463378445475,2585.25,ES,30,CPI
2019-02-01 14:01:00+00:00,1.1875861296242194,-10.162133074622659,2707.5,ES,30,Employment Report (NFP)
2019-02-01 15:31:00+00:00,0.5700791580752463,-24.92040608530033,2712.0,ES,30,ISM Manufacturing+Wholesale Inventories
2019-02-05 15:31:00+00:00,0.0,11.886802478571212,2732.5,ES,30,ISM Services
2019-02-13 14:01:00+00:00,0.0,-2.724177088371249,2753.5,ES,30,CPI
2019-02-14 14:01:00+00:00,1.465788131369268,-6.388901782585776,2740.0,ES,30,Retail Sales
2019-02-20 19:31:00+00:00,0.0,8.983112353995182,2781.75,ES,30,FOMC Meeting Minutes
2019-02-25 15:31:00+00:00,0.0,24.026707887738752,2806.0,ES,30,Wholesale Inventories
2019-02-27 14:01:00+00:00,0.7007026183469562,10.766195190310412,2785.0,ES,30,Wholesale Inventories
2019-02-28 14:01:00+00:00,-0.6696303582005201,-2.688051626780208,2790.5,ES,30,GDP
2019-03-01 15:31:00+00:00,-0.6848513878725746,2.682043733397421,2796.0,ES,30,ISM Manufacturing
2019-03-04 15:31:00+00:00,-0.6724265971373772,-28.462173443521976,2814.75,ES,30,ISM Manufacturing
2019-03-05 15:31:00+00:00,-1.011448979108929,-8.07138737151547,2788.75,ES,30,ISM Services
2019-03-08 14:01:00+00:00,1.282502618413562,-1.8340210963785353,2726.5,ES,30,Employment Report (NFP)
2019-03-11 13:01:00+00:00,1.70314828205471,-9.084302950306267,2753.25,ES,30,Retail Sales
2019-03-12 13:01:00+00:00,1.3198350124769491,-3.585835986417152,2789.25,ES,30,CPI
2019-03-13 14:31:00+00:00,-0.43490839510592694,17.795182202888782,2807.25,ES,30,ISM Manufacturing
2019-03-22 14:31:00+00:00,0.0,-30.88464841912497,2837.5,ES,30,Wholesale Inventories
2019-03-28 13:01:00+00:00,-1.059595980590704,30.20613526265592,2809.75,ES,30,GDP
2019-04-01 13:01:00+00:00,0.0,6.99606499894756,2857.75,ES,30,Retail Sales
2019-04-01 14:31:00+00:00,0.7946921633852757,0.0,2860.5,ES,30,ISM Manufacturing
2019-04-03 14:31:00+00:00,0.9295679746243176,18.214151355842034,2879.75,ES,30,ISM Services
2019-04-05 13:01:00+00:00,0.0,-0.8648648654130398,2890.75,ES,30,Employment Report (NFP)
2019-04-10 13:01:00+00:00,-1.3069549848628466,0.0,2888.0,ES,30,CPI
2019-04-10 18:31:00+00:00,0.43809927608198707,12.980833461373464,2887.0,ES,30,FOMC Meeting Minutes
2019-04-17 14:31:00+00:00,-0.699172280284258,-12.032661529151056,2910.5,ES,30,Wholesale Inventories
2019-04-18 13:01:00+00:00,0.0,0.8595865394056545,2908.25,ES,30,Retail Sales
2019-04-26 13:01:00+00:00,0.9997429422291604,-5.977031301203084,2928.75,ES,30,GDP
2019-05-01 14:31:00+00:00,-0.7276650295477348,5.086470099495699,2948.25,ES,30,ISM Manufacturing
2019-05-03 13:01:00+00:00,-0.6654719446376731,-2.556999800855664,2933.5,ES,30,Employment Report (NFP)+Wholesale Inventories
2019-05-03 14:31:00+00:00,-0.6575769827013024,17.021280705300512,2935.0,ES,30,ISM Services
2019-05-09 14:31:00+00:00,0.0,4.401602254251458,2839.25,ES,30,Wholesale Inventories
2019-05-10 13:01:00+00:00,0.8751256080483562,27.979383471095076,2855.25,ES,30,CPI
2019-05-15 13:01:00+00:00,0.0,-12.415751860963553,2820.75,ES,30,Retail Sales
2019-05-22 18:31:00+00:00,0.0,11.356192528602094,2860.25,ES,30,FOMC Meeting Minutes
2019-05-30 13:01:00+00:00,0.0,9.858840144278957,2788.0,ES,30,GDP+Wholesale Inventories
2019-06-03 14:31:00+00:00,0.0,8.15180517040659,2759.0,ES,30,ISM Manufacturing
2019-06-05 14:31:00+00:00,0.0,-2.6729629953692324,2806.25,ES,30,ISM Services
2019-06-07 13:01:00+00:00,0.0,11.385034290132268,2853.0,ES,30,Employment Report (NFP)
2019-06-07 14:31:00+00:00,0.0,38.21107558529491,2873.25,ES,30,Wholesale Inventories
2019-06-12 13:01:00+00:00,-0.8103493521580392,19.936729179761414,2881.25,ES,30,CPI
2019-06-14 13:01:00+00:00,-0.882020856687479,0.8655385819267281,2888.25,ES,30,Retail Sales
2019-06-26 13:01:00+00:00,0.0,5.972951242032565,2929.0,ES,30,Wholesale Inventories
2019-06-27 13:01:00+00:00,0.0,3.4167592371403543,2926.25,ES,30,GDP
2019-07-01 14:31:00+00:00,-0.9150422644108068,0.8415029247110795,2970.75,ES,30,ISM Manufacturing
2019-07-03 14:31:00+00:00,0.0,9.198478718595027,2988.25,ES,30,ISM Services
2019-07-05 13:01:00+00:00,-1.1986565212126465,-2.510985575021607,2987.25,ES,30,Employment Report (NFP)
2019-07-10 14:31:00+00:00,-0.7084161948507057,-12.513036043522163,2998.75,ES,30,Wholesale Inventories
2019-07-10 18:31:00+00:00,0.658461644742664,3.3375052458239907,2995.75,ES,30,FOMC Meeting Minutes
2019-07-11 13:01:00+00:00,0.9250444423836647,0.8326741334840904,3002.25,ES,30,CPI
2019-07-16 13:01:00+00:00,0.0,-5.801185261944397,3017.5,ES,30,Retail Sales
2019-07-25 13:01:00+00:00,0.9393246752832223,-21.530316366096258,3022.25,ES,30,Wholesale Inventories
2019-07-26 13:01:00+00:00,0.0,2.487665338932743,3014.5,ES,30,GDP
2019-08-01 14:31:00+00:00,-0.9276354798753403,24.962569128170742,3000.75,ES,30,ISM Manufacturing
2019-08-02 13:01:00+00:00,-1.049750295635734,-11.886569577512773,2946.25,ES,30,Employment Report (NFP)
2019-08-05 14:31:00+00:00,0.0,-6.1015473673364795,2869.0,ES,30,ISM Services
2019-08-08 14:31:00+00:00,-0.6876242217056101,17.167386190557465,2910.0,ES,30,Wholesale Inventories
2019-08-13 13:01:00+00:00,0.0,18.25531866998631,2873.25,ES,30,CPI
2019-08-15 13:01:00+00:00,-1.6889203552037908,-12.259195931143552,2856.75,ES,30,Retail Sales
2019-08-21 18:31:00+00:00,-0.7014446105686423,-19.667371340190698,2926.5,ES,30,FOMC Meeting Minutes
2019-08-29 13:01:00+00:00,0.0,6.001114672784524,2915.25,ES,30,GDP+Wholesale Inventories
2019-09-03 14:31:00+00:00,-0.4928985984945977,23.258829454171348,2898.75,ES,30,ISM Manufacturing
2019-09-05 14:31:00+00:00,-0.5423319255345013,3.3554232342325463,2979.75,ES,30,ISM Services
2019-09-06 13:01:00+00:00,0.0,-5.032290637103642,2981.5,ES,30,Employment Report (NFP)
2019-09-11 14:31:00+00:00,-0.7517944542009688,3.3470002822610923,2987.25,ES,30,Wholesale Inventories
2019-09-12 13:01:00+00:00,0.0,0.0,3009.0,ES,30,CPI
2019-09-13 13:01:00+00:00,0.0,-8.290499562875198,3016.75,ES,30,Retail Sales
2019-09-26 13:01:00+00:00,1.7557059720064954,-19.24767320868881,2990.25,ES,30,GDP+Wholesale Inventories
2019-10-01 14:31:00+00:00,0.0,-30.349036951555775,2970.0,ES,30,ISM Manufacturing
2019-10-03 14:31:00+00:00,-0.7141716575814505,17.36563777551936,2876.75,ES,30,ISM Services
2019-10-04 13:01:00+00:00,1.3902648944252471,5.139186408626983,2918.0,ES,30,Employment Report (NFP)
2019-10-09 14:31:00+00:00,0.0,-6.864596116482602,2914.5,ES,30,Wholesale Inventories
2019-10-09 18:31:00+00:00,0.0,10.261673553131345,2922.0,ES,30,FOMC Meeting Minutes
2019-10-10 13:01:00+00:00,0.0,-0.8571551027358737,2916.75,ES,30,CPI
2019-10-16 13:01:00+00:00,0.0,-10.031768104283856,2992.0,ES,30,Retail Sales
2019-10-28 13:01:00+00:00,-0.6852358504120303,6.590871881364535,3033.5,ES,30,Wholesale Inventories
2019-10-30 13:01:00+00:00,2.0,-4.939491332827117,3037.5,ES,30,GDP
2019-11-01 13:01:00+00:00,0.0,10.652682615095443,3049.25,ES,30,Employment Report (NFP)
2019-11-01 14:31:00+00:00,0.0,0.0,3059.5,ES,30,ISM Manufacturing
2019-11-05 15:31:00+00:00,-0.8469076335136992,-0.8135703539480232,3073.0,ES,30,ISM Services
2019-11-08 15:31:00+00:00,0.0,4.0549856603533385,3082.0,ES,30,Wholesale Inventories
2019-11-13 14:01:00+00:00,-1.3941324042140812,-13.791427164697723,3083.75,ES,30,CPI
2019-11-15 14:01:00+00:00,0.0,9.65095780234293,3107.0,ES,30,Retail Sales
2019-11-20 19:31:00+00:00,1.0975573528670206,1.610565311906953,3104.25,ES,30,FOMC Meeting Minutes
2019-11-26 14:01:00+00:00,0.0,-0.7979890679621349,3133.0,ES,30,Wholesale Inventories
2019-11-27 14:01:00+00:00,0.5828239165675054,-1.589572408384754,3145.75,ES,30,GDP
2019-12-02 15:31:00+00:00,1.099538150834267,-10.42878438749284,3118.0,ES,30,ISM Manufacturing
2019-12-04 15:31:00+00:00,-0.8079852036929701,10.432969125808711,3113.5,ES,30,ISM Services
2019-12-06 14:01:00+00:00,0.0,12.743928447207509,3136.75,ES,30,Employment Report (NFP)
2019-12-06 15:31:00+00:00,-0.6763234323807528,11.920373327143352,3144.0,ES,30,Wholesale Inventories
2019-12-11 14:01:00+00:00,1.1031348803441157,-9.558707116212872,3140.0,ES,30,CPI
2019-12-13 14:01:00+00:00,-0.589464552306607,-37.06482694468605,3176.0,ES,30,Retail Sales
2019-12-20 14:01:00+00:00,1.1171563797448072,25.65998064376629,3211.0,ES,30,GDP
2019-12-30 14:01:00+00:00,0.0,-0.7713371132922475,3241.25,ES,30,Wholesale Inventories
2020-01-03 15:31:00+00:00,1.0890166128285574,-13.13299273313362,3238.25,ES,30,ISM Manufacturing
2020-01-03 19:31:00+00:00,-0.2924646670546747,11.574521914106128,3238.0,ES,30,FOMC Meeting Minutes
2020-01-07 15:31:00+00:00,0.8732552031615433,12.343775676271207,3238.5,ES,30,ISM Services
2020-01-10 14:01:00+00:00,-0.8920570934783089,0.0,3281.5,ES,30,Employment Report (NFP)
2020-01-10 15:31:00+00:00,-0.8708427212610139,3.0485481525488467,3279.75,ES,30,Wholesale Inventories
2020-01-14 14:01:00+00:00,2.0,-8.365973792869852,3288.5,ES,30,CPI
2020-01-16 14:01:00+00:00,-0.5864604378991203,1.5130882159297698,3304.25,ES,30,Retail Sales
2020-01-29 14:01:00+00:00,0.0,10.642342319542308,3287.0,ES,30,Wholesale Inventories
2020-01-30 14:01:00+00:00,1.6827480211887291,-5.3815107968091525,3252.75,ES,30,GDP
2020-02-03 15:31:00+00:00,0.0,-19.15929620071921,3265.25,ES,30,ISM Manufacturing
2020-02-05 15:31:00+00:00,-0.7796124617650106,11.304971622649873,3315.25,ES,30,ISM Services
2020-02-07 14:01:00+00:00,0.0,-9.753536429926157,3333.75,ES,30,Employment Report (NFP)
2020-02-07 15:31:00+00:00,0.0,-7.500187856273044,3334.5,ES,30,Wholesale Inventories
2020-02-13 14:01:00+00:00,0.0,-11.8976813558902,3364.0,ES,30,CPI
2020-02-14 14:01:00+00:00,0.0,-6.660499783706086,3379.25,ES,30,Retail Sales
2020-02-19 19:31:00+00:00,0.0,2.211329386518912,3391.25,ES,30,FOMC Meeting Minutes
2020-02-27 14:01:00+00:00,0.9618005568501125,0.0,3057.75,ES,30,GDP
2020-02-28 14:01:00+00:00,1.187613937146475,-18.101112557751264,2903.0,ES,30,Wholesale Inventories
2020-03-02 15:31:00+00:00,0.6364462074196536,122.80413393286338,2954.0,ES,30,ISM Manufacturing
2020-03-04 15:31:00+00:00,0.8074246023901919,-34.36991926776045,3060.25,ES,30,ISM Services
2020-03-06 14:01:00+00:00,0.0,7.68409856380714,2927.0,ES,30,Employment Report (NFP)
2020-03-06 15:31:00+00:00,-0.7762443430084605,5.893496276669907,2968.5,ES,30,Wholesale Inventories
2020-03-11 13:01:00+00:00,0.0,110.43883291840473,2769.0,ES,30,CPI
2020-03-17 13:01:00+00:00,0.0,-20.397763319195406,2453.75,ES,30,Retail Sales
2020-03-26 13:01:00+00:00,0.0,226.67570041679852,2453.5,ES,30,GDP+Wholesale Inventories
2020-04-01 14:31:00+00:00,0.764738867449459,43.10567548682087,2488.5,ES,30,ISM Manufacturing
2020-04-03 13:01:00+00:00,0.0,-20.936152405788278,2510.25,ES,30,Employment Report (NFP)
2020-04-03 14:31:00+00:00,0.0,-9.007657117088286,2499.0,ES,30,ISM Services
2020-04-08 18:31:00+00:00,0.9120144696213309,33.86575933589597,2726.75,ES,30,FOMC Meeting Minutes
2020-04-09 14:31:00+00:00,0.674629659413222,-4.490144209050584,2784.5,ES,30,Wholesale Inventories
2020-04-10 13:01:00+00:00,0.0,,,ES,30,CPI
2020-04-15 13:01:00+00:00,-0.9081886905998827,56.05294488120194,2757.5,ES,30,Retail Sales
2020-04-28 13:01:00+00:00,0.0,-1.71777033832754,2911.0,ES,30,Wholesale Inventories
2020-04-29 13:01:00+00:00,0.0,-46.29241014523444,2923.0,ES,30,GDP
2020-05-01 14:31:00+00:00,-1.1341617318471393,-0.8783101318954323,2846.5,ES,30,ISM Manufacturing
2020-05-05 14:31:00+00:00,0.0,22.606739477488702,2872.0,ES,30,ISM Services
2020-05-08 13:01:00+00:00,1.5918240778767117,-27.49378826148785,2913.75,ES,30,Employment Report (NFP)
2020-05-08 14:31:00+00:00,-0.6467785959803741,-5.159958834823897,2907.75,ES,30,Wholesale Inventories
2020-05-12 13:01:00+00:00,0.0,8.515712002310494,2934.5,ES,30,CPI
2020-05-15 13:01:00+00:00,-0.8594327621393403,-0.8862498344086589,2821.0,ES,30,Retail Sales
2020-05-20 18:31:00+00:00,-0.5241042002626174,23.61077072906781,2961.25,ES,30,FOMC Meeting Minutes
2020-05-28 13:01:00+00:00,0.20726595535002665,-15.608957779953414,3045.5,ES,30,GDP
2020-05-29 13:01:00+00:00,0.0,-23.17306341950598,3024.25,ES,30,Wholesale Inventories
2020-06-01 14:31:00+00:00,0.5198147304686245,2.4613365181380686,3046.75,ES,30,ISM Manufacturing
2020-06-03 14:31:00+00:00,0.0,10.459831182565438,3105.5,ES,30,ISM Services
2020-06-05 13:01:00+00:00,0.0,40.270100613071236,3159.75,ES,30,Employment Report (NFP)
2020-06-09 14:31:00+00:00,0.497647296479032,40.55218845884667,3199.25,ES,30,Wholesale Inventories
2020-06-10 13:01:00+00:00,0.0,-17.10864403630552,3217.5,ES,30,CPI
2020-06-16 13:01:00+00:00,0.0,-34.85980395939947,3161.0,ES,30,Retail Sales
2020-06-25 13:01:00+00:00,0.0,14.845363551145851,3029.0,ES,30,GDP+Wholesale Inventories
2020-07-01 14:31:00+00:00,1.070699640259113,-21.72951641693288,3109.75,ES,30,ISM Manufacturing
2020-07-01 18:31:00+00:00,-0.9366816347711582,-8.043111508975187,3109.5,ES,30,FOMC Meeting Minutes
2020-07-02 13:01:00+00:00,0.22126666105313444,-14.309566000072493,3147.0,ES,30,Employment Report (NFP)
2020-07-06 14:31:00+00:00,0.0,31.613082520287605,3158.25,ES,30,ISM Services
2020-07-09 14:31:00+00:00,-1.0190547958618332,-100.46329114167918,3151.25,ES,30,Wholesale Inventories
2020-07-14 13:01:00+00:00,0.431858481557883,-22.324997312601624,3139.0,ES,30,CPI
2020-07-16 13:01:00+00:00,-1.2131991424958048,12.510753058805335,3195.25,ES,30,Retail Sales
2020-07-29 13:01:00+00:00,-1.3719866582067672,-3.879427445170336,3222.75,ES,30,Wholesale Inventories
2020-07-30 13:01:00+00:00,0.6930771433531413,12.447488770739312,3211.5,ES,30,GDP
2020-08-03 14:31:00+00:00,0.0,-11.415091989483983,3287.0,ES,30,ISM Manufacturing
2020-08-05 14:31:00+00:00,0.8623967714145789,3.7660528445826458,3318.5,ES,30,ISM Services
2020-08-07 13:01:00+00:00,1.0036764946177015,-3.7519229044846725,3332.25,ES,30,Employment Report (NFP)
2020-08-07 14:31:00+00:00,1.0878907038583716,17.957356116191647,3338.25,ES,30,Wholesale Inventories
2020-08-12 13:01:00+00:00,0.8597671782555056,10.42986014237357,3354.0,ES,30,CPI
2020-08-14 13:01:00+00:00,1.090007887921471,0.7433010000923446,3363.25,ES,30,Retail Sales
2020-08-19 18:31:00+00:00,0.911675901954387,19.957873350406885,3378.75,ES,30,FOMC Meeting Minutes
2020-08-27 13:01:00+00:00,-1.2159539249639912,23.70946255616957,3475.5,ES,30,GDP
2020-08-28 13:01:00+00:00,0.43294861062274675,-2.861844478267983,3494.75,ES,30,Wholesale Inventories
2020-09-01 14:31:00+00:00,-0.5362277791575149,-16.383520422209585,3512.5,ES,30,ISM Manufacturing
2020-09-03 14:31:00+00:00,-0.7583772916638946,-41.94666845108941,3523.75,ES,30,ISM Services
2020-09-04 13:01:00+00:00,1.142722319007243,-8.659258731285036,3466.0,ES,30,Employment Report (NFP)
2020-09-10 14:31:00+00:00,0.0,-107.39345584557469,3417.0,ES,30,Wholesale Inventories
2020-09-11 13:01:00+00:00,-1.740531766211837,13.400835835142288,3355.75,ES,30,CPI
2020-09-16 13:01:00+00:00,0.0,-16.830709033257563,3419.25,ES,30,Retail Sales
2020-09-29 13:01:00+00:00,0.0,-19.459627426599013,3343.5,ES,30,Wholesale Inventories
2020-09-30 13:01:00+00:00,1.0270631816840259,26.998666467541454,3329.0,ES,30,GDP
2020-10-01 14:31:00+00:00,-0.5872147497730175,-2.9737566199372623,3363.25,ES,30,ISM Manufacturing
2020-10-02 13:01:00+00:00,1.2250831012248706,24.874697181367367,3312.5,ES,30,Employment Report (NFP)
2020-10-05 14:31:00+00:00,0.0,14.790714129659932,3378.0,ES,30,ISM Services
2020-10-07 18:31:00+00:00,0.9577643118596305,2.9308323773591383,3411.5,ES,30,FOMC Meeting Minutes
2020-10-09 14:31:00+00:00,0.7141808100108958,15.92241778094916,3451.5,ES,30,Wholesale Inventories
2020-10-13 13:01:00+00:00,0.8883696968589833,6.389549754146628,3520.25,ES,30,CPI
2020-10-16 13:01:00+00:00,1.575300222657401,0.7162041184827217,3490.5,ES,30,Retail Sales
2020-10-28 13:01:00+00:00,-1.357533960453817,5.270489148081481,3319.5,ES,30,Wholesale Inventories
2020-10-29 13:01:00+00:00,0.0,9.168704798803162,3270.5,ES,30,GDP
2020-11-02 15:31:00+00:00,-0.24673123489069393,-34.758989204952684,3314.25,ES,30,ISM Manufacturing
2020-11-04 15:31:00+00:00,-0.5604055497999225,23.146484113496513,3452.25,ES,30,ISM Services
2020-11-06 14:01:00+00:00,-1.0985199372333583,-14.999467117071674,3502.75,ES,30,Employment Report (NFP)
2020-11-06 15:31:00+00:00,-0.44218353803580657,-22.175337246288507,3498.75,ES,30,Wholesale Inventories
2020-11-12 14:01:00+00:00,0.0,-4.2170368913119205,3557.75,ES,30,CPI
2020-11-17 14:01:00+00:00,-0.13380902104709064,2.0844189757340814,3597.75,ES,30,Retail Sales
2020-11-25 14:01:00+00:00,1.7308109866809913,-6.199841758167679,3630.25,ES,30,GDP+Wholesale Inventories
2020-11-25 19:31:00+00:00,-0.31459658520030664,-2.0686088679156,3626.0,ES,30,FOMC Meeting Minutes
2020-12-01 15:31:00+00:00,-0.2849278993911716,-15.675586784595907,3671.0,ES,30,ISM Manufacturing
2020-12-03 15:31:00+00:00,-0.29276630387183716,-0.6800176807075786,3676.5,ES,30,ISM Services
2020-12-04 14:01:00+00:00,0.0,1.360914536654434,3673.75,ES,30,Employment Report (NFP)
2020-12-09 15:31:00+00:00,-0.5751453384807993,-11.486099705457775,3702.25,ES,30,Wholesale Inventories
2020-12-10 14:01:00+00:00,-1.2019286174696509,1.3682698249439795,3654.0,ES,30,CPI
2020-12-16 14:01:00+00:00,-0.8957248106225967,-5.407232304790455,3699.75,ES,30,Retail Sales
2020-12-22 14:01:00+00:00,0.0,-14.918291232248748,3689.5,ES,30,GDP
2020-12-30 14:01:00+00:00,0.6858579071849481,5.3622898261806995,3728.75,ES,30,Wholesale Inventories
2021-01-04 15:31:00+00:00,-0.5899747190235505,-53.770797656369496,3729.5,ES,30,ISM Manufacturing
2021-01-05 15:31:00+00:00,-1.1979976271299337,-16.2326718092487,3699.25,ES,30,ISM Manufacturing
2021-01-06 19:31:00+00:00,0.8256973071552206,-30.662602346893664,3756.25,ES,30,FOMC Meeting Minutes
2021-01-07 15:31:00+00:00,0.8798488403439395,10.534633578949126,3795.0,ES,30,ISM Services
2021-01-08 14:01:00+00:00,0.0,17.065970666472197,3805.5,ES,30,Employment Report (NFP)
2021-01-08 15:31:00+00:00,-0.6258848755181672,31.53954910949608,3798.75,ES,30,Wholesale Inventories
2021-01-13 14:01:00+00:00,0.2442099273413183,20.44383605174005,3787.0,ES,30,CPI
2021-01-15 14:01:00+00:00,0.0,4.638680047364119,3771.75,ES,30,Retail Sales
2021-01-28 14:01:00+00:00,0.0,4.644219688714202,3767.25,ES,30,GDP+Wholesale Inventories
2021-02-01 15:31:00+00:00,0.9293760981314384,-20.092431915266218,3736.5,ES,30,ISM Manufacturing
2021-02-03 15:31:00+00:00,-0.6767570508866977,21.608887693389534,3813.75,ES,30,ISM Services
2021-02-05 14:01:00+00:00,0.0,11.589725075538126,3880.5,ES,30,Employment Report (NFP)
2021-02-10 14:01:00+00:00,0.0,1.9107671788276548,3924.75,ES,30,CPI
2021-02-10 15:31:00+00:00,-0.648220005118128,15.389550969366894,3895.75,ES,30,Wholesale Inventories
2021-02-17 14:01:00+00:00,0.0,-19.17301028317553,3915.5,ES,30,Retail Sales
2021-02-17 19:31:00+00:00,0.5987309261865554,11.481789868881265,3917.0,ES,30,FOMC Meeting Minutes
2021-02-25 14:01:00+00:00,-0.6973499229303289,-3.1980556094524104,3909.25,ES,30,GDP
2021-02-26 14:01:00+00:00,0.2339346561607059,-3.900663162177409,3846.25,ES,30,Wholesale Inventories
2021-03-01 15:31:00+00:00,-0.3200300805605482,25.07475515745483,3883.5,ES,30,ISM Manufacturing
2021-03-03 15:31:00+00:00,-0.4897486201482939,45.49598384453901,3837.75,ES,30,ISM Services
2021-03-05 14:01:00+00:00,1.6659179646864855,17.114274846043998,3794.75,ES,30,Employment Report (NFP)
2021-03-08 15:31:00+00:00,-0.5810980516972819,3.226535052007762,3873.5,ES,30,Wholesale Inventories
2021-03-10 14:01:00+00:00,0.24114579427104882,19.259170105208057,3890.5,ES,30,CPI
2021-03-16 13:01:00+00:00,-1.0989856341984434,0.6296237999947607,3970.5,ES,30,Retail Sales
2021-03-25 13:01:00+00:00,-1.2621492954412554,-5.824300439662977,3864.25,ES,30,GDP
2021-03-26 13:01:00+00:00,0.8818137853741197,5.750615154802574,3911.5,ES,30,Wholesale Inventories
2021-04-01 14:31:00+00:00,0.6491241607403372,5.629398115836182,3995.75,ES,30,ISM Manufacturing
2021-04-02 13:01:00+00:00,0.0,,4031.0,ES,30,Employment Report (NFP)
2021-04-05 14:31:00+00:00,-0.6322982980447361,6.159532070313389,4057.5,ES,30,ISM Services
2021-04-07 18:31:00+00:00,-0.5183489378373217,-3.6857301234149986,4070.5,ES,30,FOMC Meeting Minutes
2021-04-09 14:31:00+00:00,-0.4180503247790196,6.110975501840699,4089.75,ES,30,Wholesale Inventories
2021-04-13 13:01:00+00:00,0.0,-6.672935429143934,4122.5,ES,30,CPI
2021-04-15 13:01:00+00:00,0.0,3.016864294167476,4142.75,ES,30,Retail Sales
2021-04-28 13:01:00+00:00,-1.8925290336158664,2.9885538610230356,4182.0,ES,30,Wholesale Inventories
2021-04-29 13:01:00+00:00,0.0,5.345211708558395,4208.25,ES,30,GDP
2021-05-03 14:31:00+00:00,0.4186199095299862,-19.073737677501867,4198.25,ES,30,ISM Manufacturing
2021-05-05 14:31:00+00:00,0.8271221216760232,10.804322779698339,4162.75,ES,30,ISM Services
2021-05-07 13:01:00+00:00,1.0422413904424506,-24.983654658505827,4208.0,ES,30,Employment Report (NFP)
2021-05-07 14:31:00+00:00,-0.627386139329518,1.1829419780795547,4226.5,ES,30,Wholesale Inventories
2021-05-12 13:01:00+00:00,1.1366852233935911,11.536477796703082,4115.0,ES,30,CPI
2021-05-14 13:01:00+00:00,-0.1445528601157446,16.325547054911738,4131.25,ES,30,Retail Sales
2021-05-19 18:31:00+00:00,0.0,-61.67016950286097,4107.0,ES,30,FOMC Meeting Minutes
2021-05-27 13:01:00+00:00,0.23423449784789777,19.03516130052907,4198.75,ES,30,GDP
2021-05-28 13:01:00+00:00,0.7710906088184071,4.156646240183193,4209.25,ES,30,Wholesale Inventories
2021-06-01 14:31:00+00:00,-0.4825002068009547,-16.051844949558358,4208.5,ES,30,ISM Manufacturing
2021-06-03 14:31:00+00:00,-0.6383989488303417,34.63103532755696,4179.75,ES,30,ISM Services
2021-06-04 13:01:00+00:00,0.0,8.315514853123318,4207.25,ES,30,Employment Report (NFP)
2021-06-09 14:31:00+00:00,-0.7463108092201816,1.1814744815197287,4231.75,ES,30,Wholesale Inventories
2021-06-10 13:01:00+00:00,0.0,10.63201517752077,4230.25,ES,30,CPI
2021-06-15 13:01:00+00:00,1.1568969951052275,-4.112446082125132,4256.25,ES,30,Retail Sales
2021-06-24 13:01:00+00:00,1.3681097953419765,7.643237577035222,4250.5,ES,30,GDP+Wholesale Inventories
2021-07-01 14:31:00+00:00,-0.3902767358504066,5.813615651213411,4299.0,ES,30,ISM Manufacturing
2021-07-02 13:01:00+00:00,1.749951684460874,-5.205772740985992,4323.25,ES,30,Employment Report (NFP)
2021-07-06 14:31:00+00:00,-0.603016429597398,-26.0379143202627,4326.25,ES,30,ISM Services
2021-07-07 18:31:00+00:00,-0.4314445400458112,9.774328793135112,4346.0,ES,30,FOMC Meeting Minutes
2021-07-09 14:31:00+00:00,1.121309844652381,1.1501523964341231,4347.0,ES,30,Wholesale Inventories
2021-07-13 13:01:00+00:00,0.0,21.772769731072117,4358.5,ES,30,CPI
2021-07-16 13:01:00+00:00,1.1402768159986576,-1.71855756157413,4364.5,ES,30,Retail Sales
2021-07-28 13:01:00+00:00,0.0,4.54597121137823,4398.5,ES,30,Wholesale Inventories
2021-07-29 13:01:00+00:00,-1.6705526488053148,7.378608048220769,4403.0,ES,30,GDP
2021-08-02 14:31:00+00:00,0.7573608024820557,-15.315241656033152,4410.75,ES,30,ISM Manufacturing
2021-08-04 14:31:00+00:00,-0.45326361160886336,-2.274019338948108,4398.0,ES,30,ISM Services
2021-08-06 13:01:00+00:00,1.4489358040122826,5.084602239406877,4424.0,ES,30,Employment Report (NFP)
2021-08-06 14:31:00+00:00,0.5395824281602672,-5.64780315475133,4427.75,ES,30,Wholesale Inventories
2021-08-11 13:01:00+00:00,1.3764222238772368,10.69970537106002,4437.0,ES,30,CPI
2021-08-17 13:01:00+00:00,1.132843109382326,-20.794117701505854,4453.0,ES,30,Retail Sales
2021-08-18 18:31:00+00:00,0.9833552299675006,-18.60465652921306,4438.5,ES,30,FOMC Meeting Minutes
2021-08-26 13:01:00+00:00,0.0,1.1137717893205945,4489.0,ES,30,GDP
2021-08-27 13:01:00+00:00,0.24421281410850573,-4.466279663333239,4479.0,ES,30,Wholesale Inventories
2021-09-01 14:31:00+00:00,-0.9175842109601077,6.624344708150431,4527.25,ES,30,ISM Manufacturing
2021-09-03 13:01:00+00:00,0.0,-22.608849135430376,4538.75,ES,30,Employment Report (NFP)
2021-09-03 14:31:00+00:00,-0.41452202594677545,-0.5520744197440308,4528.5,ES,30,ISM Services
2021-09-10 14:31:00+00:00,-0.42852684614167347,-9.472072027314482,4489.0,ES,30,Wholesale Inventories
2021-09-14 13:01:00+00:00,0.0,0.557491289328027,4484.25,ES,30,CPI
2021-09-16 13:01:00+00:00,1.5148223311077265,-9.493229806913916,4479.0,ES,30,Retail Sales
2021-09-28 13:01:00+00:00,0.0,19.315992825461592,4396.25,ES,30,Wholesale Inventories
2021-09-30 13:01:00+00:00,0.0,8.591803948085897,4362.75,ES,30,GDP
2021-10-01 14:31:00+00:00,-1.3888362384325783,40.2133595500942,4281.0,ES,30,ISM Manufacturing
2021-10-05 14:31:00+00:00,0.5731782398710851,5.752416173336883,4344.75,ES,30,ISM Services
2021-10-08 13:01:00+00:00,0.0,-13.641016097274417,4401.5,ES,30,Employment Report (NFP)
2021-10-08 14:31:00+00:00,0.0,-11.37980208156364,4396.25,ES,30,Wholesale Inventories
2021-10-13 13:01:00+00:00,1.3241277699059928,24.741806113866005,4339.5,ES,30,CPI
2021-10-13 18:31:00+00:00,0.0,-4.02217950089323,4351.75,ES,30,FOMC Meeting Minutes
2021-10-15 13:01:00+00:00,0.0,4.495644919799702,4447.75,ES,30,Retail Sales
2021-10-27 13:01:00+00:00,1.5368483164708986,-2.18842324976265,4570.0,ES,30,Wholesale Inventories
2021-10-28 13:01:00+00:00,0.0,13.155732862699665,4557.75,ES,30,GDP
2021-11-01 14:31:00+00:00,0.34987296906232207,0.0,4592.75,ES,30,ISM Manufacturing
2021-11-03 14:31:00+00:00,-0.8005340931719603,3.2478077583419918,4617.75,ES,30,ISM Services
2021-11-05 13:01:00+00:00,2.0,5.857451111346279,4693.5,ES,30,Employment Report (NFP)
2021-11-10 14:01:00+00:00,0.0,-0.5360924224362407,4663.5,ES,30,CPI
2021-11-10 15:31:00+00:00,0.4031389867833714,-1.06963311687025,4674.75,ES,30,Wholesale Inventories
2021-11-16 14:01:00+00:00,0.0,-3.2076985038642647,4677.0,ES,30,Retail Sales
2021-11-24 14:01:00+00:00,0.0,-4.287475278736963,4665.75,ES,30,GDP+Wholesale Inventories
2021-11-24 19:31:00+00:00,0.0,11.197313814896859,4686.0,ES,30,FOMC Meeting Minutes
2021-12-01 15:31:00+00:00,-0.5860003481423379,21.04752659136011,4627.5,ES,30,ISM Manufacturing
2021-12-03 14:01:00+00:00,1.3012633791220372,5.443361954640125,4591.5,ES,30,Employment Report (NFP)
2021-12-03 15:31:00+00:00,-0.3321688631446752,-58.93547944726407,4552.25,ES,30,ISM Services
2021-12-09 15:31:00+00:00,-0.5899615351526443,10.144967098035806,4679.75,ES,30,Wholesale Inventories
2021-12-10 14:01:00+00:00,0.9400552035815222,-6.382639437987336,4701.75,ES,30,CPI
2021-12-15 14:01:00+00:00,0.7167127723353058,10.782834773443994,4634.5,ES,30,Retail Sales
2021-12-22 14:01:00+00:00,0.0,20.497337129548043,4630.0,ES,30,GDP
2021-12-29 14:01:00+00:00,0.0,2.6143107518805664,4780.75,ES,30,Wholesale Inventories
2022-01-03 15:31:00+00:00,-0.6891608834016058,-4.1924327204867495,4771.5,ES,30,ISM Manufacturing
2022-01-04 15:31:00+00:00,-0.5845937725586934,-50.080964394680905,4804.25,ES,30,ISM Manufacturing
2022-01-05 19:31:00+00:00,1.1120840128740004,-53.344727340203235,4746.0,ES,30,FOMC Meeting Minutes
2022-01-06 15:31:00+00:00,0.5308493528163962,13.847467061474106,4690.75,ES,30,ISM Services
2022-01-07 14:01:00+00:00,1.0994540416859329,12.280094444783174,4679.5,ES,30,Employment Report (NFP)
2022-01-10 15:31:00+00:00,-0.5257362934199284,-21.260945125440855,4590.75,ES,30,Wholesale Inventories
2022-01-12 14:01:00+00:00,0.24596978051299223,-10.580891898150924,4728.0,ES,30,CPI
2022-01-14 14:01:00+00:00,0.9770764699489012,22.20357793945027,4611.25,ES,30,Retail Sales
2022-01-26 14:01:00+00:00,0.0,-11.322464977716606,4418.5,ES,30,Wholesale Inventories
2022-01-27 14:01:00+00:00,0.0,30.795576091549037,4377.0,ES,30,GDP
2022-02-01 15:31:00+00:00,-0.7235226299728357,28.321551625545283,4495.5,ES,30,ISM Manufacturing
2022-02-03 15:31:00+00:00,-0.6064112229946842,-25.403150396101637,4532.75,ES,30,ISM Services
2022-02-04 14:01:00+00:00,0.0,49.91177677865721,4446.75,ES,30,Employment Report (NFP)
2022-02-09 15:31:00+00:00,0.0,20.244583282824635,4564.5,ES,30,Wholesale Inventories
2022-02-10 14:01:00+00:00,1.2166519702947949,-19.326878651853008,4531.75,ES,30,CPI
2022-02-16 14:01:00+00:00,1.1681557194402554,4.49969072221279,4443.75,ES,30,Retail Sales
2022-02-16 19:31:00+00:00,0.9857492418923998,0.0,4471.0,ES,30,FOMC Meeting Minutes
2022-02-24 14:01:00+00:00,0.9564351802847882,-13.966058680772164,4120.0,ES,30,GDP
2022-02-28 14:01:00+00:00,0.0,47.4153773726016,4313.25,ES,30,Wholesale Inventories
2022-03-01 15:31:00+00:00,0.0,-38.58673834898241,4349.25,ES,30,ISM Manufacturing
2022-03-03 15:31:00+00:00,-0.6187617516788742,-58.412719060676466,4378.25,ES,30,ISM Services
2022-03-04 14:01:00+00:00,1.441341113222457,8.673779709411633,4321.5,ES,30,Employment Report (NFP)
2022-03-08 15:31:00+00:00,-0.7540612653328853,36.4582180723616,4175.25,ES,30,Wholesale Inventories
2022-03-10 14:01:00+00:00,1.2061638639661365,17.153170147956587,4223.0,ES,30,CPI
2022-03-16 13:01:00+00:00,0.0,-3.485535064911005,4304.25,ES,30,Retail Sales
2022-03-28 13:01:00+00:00,0.7461117643286758,-2.7580881108235644,4532.75,ES,30,Wholesale Inventories
2022-03-30 13:01:00+00:00,0.7622839131967971,14.091379492846556,4609.5,ES,30,GDP
2022-04-01 13:01:00+00:00,0.42192451932450026,-2.201915675534849,4542.0,ES,30,Employment Report (NFP)
2022-04-01 14:31:00+00:00,0.0,16.01900527596456,4522.25,ES,30,ISM Manufacturing
2022-04-05 14:31:00+00:00,-0.635479082116736,7.13012507926436,4556.5,ES,30,ISM Services
2022-04-06 18:31:00+00:00,0.7063890627498118,89.9321799253272,4455.5,ES,30,FOMC Meeting Minutes
2022-04-08 14:31:00+00:00,0.0,47.8256945405775,4484.75,ES,30,Wholesale Inventories
2022-04-12 13:01:00+00:00,0.0,-50.61308746274307,4456.75,ES,30,CPI
2022-04-14 13:01:00+00:00,0.4678915982575967,38.872193394681176,4429.0,ES,30,Retail Sales
2022-04-27 13:01:00+00:00,-1.216682159205331,4.7772603321050156,4185.5,ES,30,Wholesale Inventories
2022-04-28 13:01:00+00:00,0.0,20.089820039785877,4226.75,ES,30,GDP
2022-05-02 14:31:00+00:00,0.0,-76.03222724707592,4158.75,ES,30,ISM Manufacturing
2022-05-04 14:31:00+00:00,-0.4893201784140685,-7.2163091711630045,4158.75,ES,30,ISM Services
2022-05-06 13:01:00+00:00,1.0899547686132267,-3.0381285361968935,4115.0,ES,30,Employment Report (NFP)
2022-05-09 14:31:00+00:00,0.0,-22.99065852522375,4028.0,ES,30,Wholesale Inventories
2022-05-11 13:01:00+00:00,0.0,76.82657435069018,3954.75,ES,30,CPI
2022-05-17 13:01:00+00:00,0.0,-4.302529338957584,4068.25,ES,30,Retail Sales
2022-05-25 18:31:00+00:00,0.0,23.87835745608413,3973.75,ES,30,FOMC Meeting Minutes
2022-05-26 13:01:00+00:00,0.0,-29.40902535737422,4001.25,ES,30,GDP
2022-05-27 13:01:00+00:00,1.4015642597113425,0.0,4086.5,ES,30,Wholesale Inventories
2022-06-01 14:31:00+00:00,-0.5443376374127844,-9.736506580644289,4110.25,ES,30,ISM Manufacturing
2022-06-03 13:01:00+00:00,0.0,-32.67383556668335,4138.5,ES,30,Employment Report (NFP)
2022-06-03 14:31:00+00:00,0.8048008390691996,-27.329888560707616,4122.0,ES,30,ISM Services
2022-06-08 14:31:00+00:00,-0.4676214638470749,-15.073410348485083,4149.5,ES,30,Wholesale Inventories
2022-06-10 13:01:00+00:00,0.0,-1.8989144596304186,3950.0,ES,30,CPI
2022-06-15 13:01:00+00:00,0.0,-14.580160313677482,3775.0,ES,30,Retail Sales
2022-06-28 13:01:00+00:00,0.0,13.378780704229598,3921.5,ES,30,Wholesale Inventories
2022-06-29 13:01:00+00:00,1.0937378853962576,4.572324453420151,3826.5,ES,30,GDP
2022-07-01 14:31:00+00:00,-0.4128715707330344,9.959168236761684,3763.5,ES,30,ISM Manufacturing
2022-07-06 14:31:00+00:00,0.8524022983237168,-17.60506437165077,3837.5,ES,30,ISM Services
2022-07-06 18:31:00+00:00,0.0,27.92300265529235,3844.5,ES,30,FOMC Meeting Minutes
2022-07-08 13:01:00+00:00,1.1510348890474043,5.788712173213639,3885.75,ES,30,Employment Report (NFP)
2022-07-08 14:31:00+00:00,1.1305485654422216,3.838280497490132,3907.25,ES,30,Wholesale Inventories
2022-07-13 13:01:00+00:00,0.5937300275771298,15.907738490845702,3768.75,ES,30,CPI
2022-07-15 13:01:00+00:00,1.5432438521488012,44.96146759073838,3828.0,ES,30,Retail Sales
2022-07-27 13:01:00+00:00,2.0,0.0,3960.0,ES,30,Wholesale Inventories
2022-07-28 13:01:00+00:00,0.0,42.183685382291,4021.5,ES,30,GDP
2022-08-01 14:31:00+00:00,-0.5187455055854672,61.709918137502484,4119.5,ES,30,ISM Manufacturing
2022-08-03 14:31:00+00:00,-0.29453959208389935,12.717639867005914,4125.5,ES,30,ISM Services
2022-08-05 13:01:00+00:00,0.545901434098257,1.2158054726185696,4112.25,ES,30,Employment Report (NFP)
2022-08-10 13:01:00+00:00,0.9322079233237714,14.30615408519742,4191.0,ES,30,CPI
2022-08-10 14:31:00+00:00,-0.5015977985300659,38.72856153044779,4187.75,ES,30,Wholesale Inventories
2022-08-17 13:01:00+00:00,0.0,9.365488860630933,4269.0,ES,30,Retail Sales
2022-08-17 18:31:00+00:00,0.0,-11.650939218448286,4294.0,ES,30,FOMC Meeting Minutes
2022-08-25 13:01:00+00:00,1.0151097411758416,-12.022844850712033,4161.25,ES,30,GDP
2022-08-26 13:01:00+00:00,-0.9031649421458852,-11.308515325900714,4202.75,ES,30,Wholesale Inventories
2022-09-01 14:31:00+00:00,-0.5701629002562686,-55.5432844935666,3926.75,ES,30,ISM Manufacturing
2022-09-02 13:01:00+00:00,1.5250738255551801,18.140310857646114,3993.0,ES,30,Employment Report (NFP)
2022-09-06 14:31:00+00:00,0.0,67.65407474336627,3903.75,ES,30,ISM Services
2022-09-09 14:31:00+00:00,-0.22152190538644767,27.105295964346965,4052.75,ES,30,Wholesale Inventories
2022-09-13 13:01:00+00:00,0.52026009466715,12.43549249352327,4018.25,ES,30,CPI
2022-09-15 13:01:00+00:00,0.0,-28.577798638345087,3942.25,ES,30,Retail Sales
2022-09-28 13:01:00+00:00,0.8283382764057534,-4.088864715541263,3669.25,ES,30,Wholesale Inventories
2022-09-29 13:01:00+00:00,0.0,35.24471589280154,3682.0,ES,30,GDP
2022-10-03 14:31:00+00:00,0.8047345888609372,-7.492933152555281,3671.5,ES,30,ISM Manufacturing
2022-10-05 14:31:00+00:00,-0.6772178984108136,-0.668248187629672,3741.25,ES,30,ISM Services
2022-10-07 13:01:00+00:00,0.5593261220777198,-11.442033891775338,3716.5,ES,30,Employment Report (NFP)
2022-10-07 14:31:00+00:00,0.8068859850173182,12.884415033056484,3684.25,ES,30,Wholesale Inventories
2022-10-12 18:31:00+00:00,1.048475870104815,-41.60893659165055,3612.5,ES,30,FOMC Meeting Minutes
2022-10-13 13:01:00+00:00,0.6427171095722407,-9.246417672166274,3516.5,ES,30,CPI
2022-10-14 13:01:00+00:00,0.0,-46.43814920672895,3723.25,ES,30,Retail Sales
2022-10-26 13:01:00+00:00,-1.1374044336390363,-3.2572229205385383,3838.25,ES,30,Wholesale Inventories
2022-10-27 13:01:00+00:00,-0.9741354383247334,18.15353195638636,3852.5,ES,30,GDP
2022-11-01 14:31:00+00:00,-0.47590154178684624,-50.38119428185439,3880.25,ES,30,ISM Manufacturing
2022-11-03 14:31:00+00:00,0.6363514739390415,24.04489536782961,3738.5,ES,30,ISM Services
2022-11-04 13:01:00+00:00,1.4367467897148367,27.09760093051017,3777.5,ES,30,Employment Report (NFP)
2022-11-09 15:31:00+00:00,0.6499281968196393,-31.533333184903256,3811.5,ES,30,Wholesale Inventories
2022-11-10 14:01:00+00:00,1.2227721541757013,52.72985016812726,3877.5,ES,30,CPI
2022-11-16 14:01:00+00:00,1.1139232685734726,-5.016617650817068,3987.75,ES,30,Retail Sales
2022-11-23 19:31:00+00:00,0.0,-1.860638204256304,4031.25,ES,30,FOMC Meeting Minutes
2022-11-30 14:01:00+00:00,0.5312064549080041,19.556515080694226,3959.0,ES,30,GDP+Wholesale Inventories
2022-12-01 15:31:00+00:00,-0.4227961762811063,62.67301620390242,4056.0,ES,30,ISM Manufacturing
2022-12-02 14:01:00+00:00,0.7619783616104622,32.88354134237892,4022.75,ES,30,Employment Report (NFP)
2022-12-05 15:31:00+00:00,-0.6396527054477827,27.25641283536362,4030.25,ES,30,ISM Services
2022-12-09 15:31:00+00:00,-0.44683852473567265,18.891693276081867,3966.25,ES,30,Wholesale Inventories
2022-12-13 14:01:00+00:00,-0.9191134874812702,-14.007736996148878,4107.75,ES,30,CPI
2022-12-15 14:01:00+00:00,0.0,9.499984881173873,3945.5,ES,30,Retail Sales
2022-12-22 14:01:00+00:00,0.800710409197356,1.9364208548466877,3872.75,ES,30,GDP
2022-12-27 14:01:00+00:00,0.0,-8.397662067736178,3871.75,ES,30,Wholesale Inventories
2023-01-03 15:31:00+00:00,-0.7336096739443501,55.21107850903206,3838.25,ES,30,ISM Manufacturing
2023-01-04 15:31:00+00:00,0.0,34.36095312423504,3849.5,ES,30,ISM Manufacturing
2023-01-04 19:31:00+00:00,0.8206715110135135,42.712982359489615,3854.75,ES,30,FOMC Meeting Minutes
2023-01-06 14:01:00+00:00,-0.6514245070731021,-27.825429672319046,3868.75,ES,30,Employment Report (NFP)
2023-01-06 15:31:00+00:00,-0.9002574296835325,49.62789342126683,3869.25,ES,30,ISM Services
2023-01-10 15:31:00+00:00,0.4175022953158911,17.877670449237826,3912.0,ES,30,Wholesale Inventories
2023-01-12 14:01:00+00:00,-1.1794684296797195,-31.197379767355926,4013.0,ES,30,CPI
2023-01-18 14:01:00+00:00,-0.17552243668390197,7.454805588444913,4022.75,ES,30,Retail Sales
2023-01-26 14:01:00+00:00,1.1137657842579258,15.396461855914367,4056.25,ES,30,GDP+Wholesale Inventories
2023-02-01 15:31:00+00:00,0.0,-36.19968980508759,4082.0,ES,30,ISM Manufacturing
2023-02-03 14:01:00+00:00,0.702266909729132,14.483135716147899,4139.75,ES,30,Employment Report (NFP)
2023-02-03 15:31:00+00:00,-0.6763901355769892,19.740980897253735,4175.0,ES,30,ISM Services
2023-02-08 15:31:00+00:00,0.0,-14.47178255467918,4149.0,ES,30,Wholesale Inventories
2023-02-14 14:01:00+00:00,0.0,-69.50558337493362,4150.75,ES,30,CPI
2023-02-15 14:01:00+00:00,0.0,-12.726117525190261,4128.0,ES,30,Retail Sales
2023-02-22 19:31:00+00:00,0.0,-41.278437497638265,4005.5,ES,30,FOMC Meeting Minutes
2023-02-23 14:01:00+00:00,0.0,19.26244110059372,4019.5,ES,30,GDP
2023-02-28 14:01:00+00:00,-0.8652807497213844,-35.72439636553071,3996.0,ES,30,Wholesale Inventories
2023-03-01 15:31:00+00:00,-0.3878870645311963,28.415388677274223,3953.5,ES,30,ISM Manufacturing
2023-03-03 15:31:00+00:00,-0.5613684917958539,-8.08835010651876,4019.75,ES,30,ISM Services
2023-03-07 15:31:00+00:00,-0.4130252822114568,-38.58365605580616,4025.0,ES,30,Wholesale Inventories
2023-03-10 14:01:00+00:00,0.0,-47.2240826570669,3926.75,ES,30,Employment Report (NFP)
2023-03-14 13:01:00+00:00,0.8528574095656238,18.561787260438223,3902.25,ES,30,CPI
2023-03-15 13:01:00+00:00,0.0,40.86006268511966,3846.75,ES,30,Retail Sales
2023-03-28 13:01:00+00:00,1.0727616106171187,-0.6250585994393987,3999.75,ES,30,Wholesale Inventories
2023-03-30 13:01:00+00:00,0.0,-2.4491795371162084,4083.5,ES,30,GDP
2023-04-03 14:31:00+00:00,1.5003717127982232,-47.0475564724282,4154.5,ES,30,ISM Manufacturing
2023-04-05 14:31:00+00:00,-0.7844884255381479,-30.424752689199863,4114.75,ES,30,ISM Services
2023-04-07 13:01:00+00:00,0.0,,4139.0,ES,30,Employment Report (NFP)
2023-04-10 14:31:00+00:00,0.0,2.435015535233731,4106.25,ES,30,Wholesale Inventories
2023-04-12 13:01:00+00:00,0.7996241058665398,-10.224027352769838,4159.0,ES,30,CPI
2023-04-12 18:31:00+00:00,0.7241309233965297,-5.446128844788234,4132.5,ES,30,FOMC Meeting Minutes
2023-04-14 13:01:00+00:00,1.3834444349714576,5.999160297491812,4166.0,ES,30,Retail Sales
2023-04-26 13:01:00+00:00,1.4841210843048656,-12.793568408611122,4106.25,ES,30,Wholesale Inventories
2023-04-27 13:01:00+00:00,-0.8359128856541702,-10.974941653998371,4102.5,ES,30,GDP
2023-05-01 14:31:00+00:00,0.4422197096992505,25.02533630423187,4190.5,ES,30,ISM Manufacturing
2023-05-03 14:31:00+00:00,0.0,-15.700486316987394,4143.25,ES,30,ISM Services
2023-05-05 13:01:00+00:00,0.0,13.991546523151044,4106.75,ES,30,Employment Report (NFP)
2023-05-08 14:31:00+00:00,0.47726070706550106,12.657848047901155,4145.0,ES,30,Wholesale Inventories
2023-05-10 13:01:00+00:00,-0.7482535028520048,-7.201584659810578,4167.25,ES,30,CPI
2023-05-16 13:01:00+00:00,0.6663290526820675,-0.6039194373386181,4139.75,ES,30,Retail Sales
2023-05-24 18:31:00+00:00,0.49139974305072465,4.856431832216401,4117.25,ES,30,FOMC Meeting Minutes
2023-05-25 13:01:00+00:00,0.769934373043316,-31.26129755219864,4165.0,ES,30,GDP
2023-05-26 13:01:00+00:00,-0.8835316918498968,2.3996640585366436,4166.75,ES,30,Wholesale Inventories
2023-06-01 14:31:00+00:00,0.0,30.37434216402346,4191.25,ES,30,ISM Manufacturing
2023-06-02 13:01:00+00:00,1.6592141765781185,24.088610690391477,4250.0,ES,30,Employment Report (NFP)
2023-06-05 14:31:00+00:00,-0.41986633302669446,19.804293518532745,4287.75,ES,30,ISM Services
2023-06-08 14:31:00+00:00,0.7929966452459003,9.92150421343041,4281.5,ES,30,Wholesale Inventories
2023-06-13 13:01:00+00:00,0.0,-18.91063856870545,4366.75,ES,30,CPI
2023-06-15 13:01:00+00:00,0.0,13.747281349374418,4361.5,ES,30,Retail Sales
2023-06-28 13:01:00+00:00,0.0,-6.2391879735912426,4409.0,ES,30,Wholesale Inventories
2023-06-29 13:01:00+00:00,0.989601180306352,-16.418040883259266,4419.5,ES,30,GDP
2023-07-03 14:31:00+00:00,0.9500626936074024,-5.571341165904187,4488.5,ES,30,ISM Manufacturing
2023-07-05 18:31:00+00:00,0.0,15.611935147532563,4480.25,ES,30,FOMC Meeting Minutes
2023-07-06 14:31:00+00:00,-1.2179097061301127,-11.299436230487458,4427.5,ES,30,ISM Services
2023-07-07 13:01:00+00:00,0.0,-7.3249756761839535,4438.5,ES,30,Employment Report (NFP)
2023-07-10 14:31:00+00:00,-0.4222875438665451,-14.084906128637442,4440.5,ES,30,Wholesale Inventories
2023-07-12 13:01:00+00:00,0.7017041480100457,11.091394216009576,4505.5,ES,30,CPI
2023-07-18 13:01:00+00:00,0.0,-4.9481816442664694,4548.25,ES,30,Retail Sales
2023-07-27 13:01:00+00:00,0.0,-5.402485274572655,4628.75,ES,30,GDP+Wholesale Inventories
2023-08-01 14:31:00+00:00,-0.4399719167791245,8.155942055587673,4596.0,ES,30,ISM Manufacturing
2023-08-03 14:31:00+00:00,-0.668129792571253,22.712803714703966,4507.75,ES,30,ISM Services
2023-08-04 13:01:00+00:00,0.0,3.306149468045305,4536.25,ES,30,Employment Report (NFP)
2023-08-08 14:31:00+00:00,-0.9930673505288463,-10.586433639510062,4489.25,ES,30,Wholesale Inventories
2023-08-10 13:01:00+00:00,-0.9757862412581606,-17.16738619052194,4518.25,ES,30,CPI
2023-08-15 13:01:00+00:00,-0.7478981392187795,31.239565738303554,4474.5,ES,30,Retail Sales
2023-08-16 18:31:00+00:00,0.0,-31.494317692057905,4452.25,ES,30,FOMC Meeting Minutes
2023-08-30 13:01:00+00:00,0.959710264170455,9.424287639347995,4507.5,ES,30,GDP+Wholesale Inventories
2023-09-01 13:01:00+00:00,0.9136325108693321,0.5502517402788953,4543.25,ES,30,Employment Report (NFP)
2023-09-01 14:31:00+00:00,-0.5873588401558532,-29.826037023852336,4533.0,ES,30,ISM Manufacturing
2023-09-06 14:31:00+00:00,0.3863740405904217,-16.78415969717406,4472.25,ES,30,ISM Services
2023-09-08 14:31:00+00:00,0.0,-23.482063792492625,4476.75,ES,30,Wholesale Inventories
2023-09-13 13:01:00+00:00,0.0,13.991886989579427,4463.75,ES,30,CPI
2023-09-14 13:01:00+00:00,-0.17773388832288955,-3.340943290730536,4490.5,ES,30,Retail Sales
2023-09-28 13:01:00+00:00,2.0,-10.448715178306145,4309.0,ES,30,GDP
2023-09-29 13:01:00+00:00,0.2538389211529302,-9.160131172372132,4368.75,ES,30,Wholesale Inventories
2023-10-02 14:31:00+00:00,-0.38522424162183916,1.7375691451348985,4316.0,ES,30,ISM Manufacturing
2023-10-04 14:31:00+00:00,-1.3646643402746768,-9.392428045913448,4260.75,ES,30,ISM Services
2023-10-06 13:01:00+00:00,0.6599211369231126,39.32737730998781,4250.75,ES,30,Employment Report (NFP)
2023-10-10 14:31:00+00:00,0.0,2.842281802948321,4397.25,ES,30,Wholesale Inventories
2023-10-11 18:31:00+00:00,0.9274470066541493,9.670905552212616,4392.5,ES,30,FOMC Meeting Minutes
2023-10-12 13:01:00+00:00,0.8693158762268219,-6.233530930330744,4413.0,ES,30,CPI
2023-10-17 13:01:00+00:00,0.6482823564977083,-9.143380258684886,4376.75,ES,30,Retail Sales
2023-10-26 13:01:00+00:00,-0.8606617656610266,-0.5956813106777759,4197.0,ES,30,GDP+Wholesale Inventories
2023-11-01 14:31:00+00:00,0.6913140719752096,-1.768294484598698,4241.75,ES,30,ISM Manufacturing
2023-11-03 13:01:00+00:00,0.7236083438478312,10.326430841338663,4355.5,ES,30,Employment Report (NFP)
2023-11-03 14:31:00+00:00,0.5551017618526,6.865774385715895,4368.0,ES,30,ISM Services
2023-11-08 15:31:00+00:00,-1.6312679238879166,-5.119308436363212,4396.25,ES,30,Wholesale Inventories
2023-11-14 14:01:00+00:00,0.6589646629352125,2.2286605842225526,4486.5,ES,30,CPI
2023-11-15 14:01:00+00:00,0.7886253537692731,1.104972376815283,4524.75,ES,30,Retail Sales
2023-11-21 19:31:00+00:00,0.35191627522046887,4.394880035576421,4549.75,ES,30,FOMC Meeting Minutes
2023-11-29 14:01:00+00:00,-0.9764640868225296,2.1810250904508166,4584.5,ES,30,GDP+Wholesale Inventories
2023-12-01 15:31:00+00:00,-0.3572233891159227,7.116853556325964,4565.0,ES,30,ISM Manufacturing
2023-12-05 15:31:00+00:00,-0.34810689068353295,18.56301035335406,4574.75,ES,30,ISM Services
2023-12-07 15:31:00+00:00,0.0,-1.6350110399443452,4587.5,ES,30,Wholesale Inventories
2023-12-08 14:01:00+00:00,0.0,4.908510910901498,4582.75,ES,30,Employment Report (NFP)
2023-12-12 14:01:00+00:00,0.6416581458250087,-6.4917502956163275,4622.75,ES,30,CPI
2023-12-14 14:01:00+00:00,0.0,-5.28262030243809,4733.75,ES,30,Retail Sales
2023-12-21 14:01:00+00:00,0.0,3.6569757218885,4784.5,ES,30,GDP
2023-12-28 14:01:00+00:00,0.0,8.793937922817463,4830.75,ES,30,Wholesale Inventories
2024-01-02 15:31:00+00:00,0.0,6.8032553583208255,4775.5,ES,30,ISM Manufacturing
2024-01-03 15:31:00+00:00,0.0,5.781714176436026,4755.0,ES,30,ISM Manufacturing
2024-01-03 19:31:00+00:00,-0.8714969196168725,-19.408823990865187,4770.5,ES,30,FOMC Meeting Minutes
2024-01-05 14:01:00+00:00,-0.20943499282833483,16.929429501004734,4721.5,ES,30,Employment Report (NFP)
2024-01-05 15:31:00+00:00,0.0,19.46191077959014,4748.25,ES,30,ISM Services
2024-01-10 15:31:00+00:00,-0.8611177760044333,9.888881020287954,4801.0,ES,30,Wholesale Inventories
2024-01-11 14:01:00+00:00,0.9253428072779173,42.55104754488315,4807.5,ES,30,CPI
2024-01-17 14:01:00+00:00,1.0870641609414848,-4.7205686539086855,4767.5,ES,30,Retail Sales
2024-01-25 14:01:00+00:00,-1.402921767402452,-5.087505197245434,4915.25,ES,30,GDP+Wholesale Inventories
2024-02-01 15:31:00+00:00,0.762579083317725,-38.86876473316647,4897.75,ES,30,ISM Manufacturing
2024-02-02 14:01:00+00:00,0.0,5.574559880834329,4931.75,ES,30,Employment Report (NFP)
2024-02-05 15:31:00+00:00,-0.6333752655071968,-11.62467594454597,4949.25,ES,30,ISM Services
2024-02-08 15:31:00+00:00,-0.5626007917514351,7.981642646619491,5009.5,ES,30,Wholesale Inventories
2024-02-13 14:01:00+00:00,0.7349052571992454,-6.031666430637017,4975.25,ES,30,CPI
2024-02-15 14:01:00+00:00,0.0,-2.489358007409237,5022.0,ES,30,Retail Sales
2024-02-21 19:31:00+00:00,0.7284662685575346,-5.03094038887042,4970.5,ES,30,FOMC Meeting Minutes
2024-02-28 14:01:00+00:00,0.0,-1.4778689157068925,5075.25,ES,30,GDP+Wholesale Inventories
2024-03-01 15:31:00+00:00,0.0,11.229099190401826,5117.75,ES,30,ISM Manufacturing
2024-03-05 15:31:00+00:00,-0.6180726770290308,-0.4906410226013236,5095.5,ES,30,ISM Services
2024-03-06 15:31:00+00:00,0.8702130397940473,27.8708343628864,5105.75,ES,30,Wholesale Inventories
2024-03-08 14:01:00+00:00,-1.2059165730239816,-16.43783004048771,5175.25,ES,30,Employment Report (NFP)
2024-03-12 13:01:00+00:00,0.0,0.4859204549134688,5144.75,ES,30,CPI
2024-03-14 13:01:00+00:00,0.0,-9.175420177705007,5179.25,ES,30,Retail Sales
2024-03-28 13:01:00+00:00,0.0,-2.8256569840223733,5309.25,ES,30,GDP
2024-03-29 13:01:00+00:00,-0.1264975883045643,,,ES,30,Wholesale Inventories
2024-04-01 14:31:00+00:00,0.0,-13.209418347592816,5302.75,ES,30,ISM Manufacturing
2024-04-03 14:31:00+00:00,-1.7055719441221304,4.73731592546045,5276.0,ES,30,ISM Services
2024-04-05 13:01:00+00:00,0.0,-7.1944174426263885,5214.25,ES,30,Employment Report (NFP)
2024-04-10 13:01:00+00:00,0.7456056623931845,18.294742958353538,5188.0,ES,30,CPI
2024-04-10 14:31:00+00:00,-1.3140806516120207,-11.517974110120122,5212.25,ES,30,Wholesale Inventories
2024-04-10 18:31:00+00:00,-0.703871766759895,-5.292914835486329,5197.0,ES,30,FOMC Meeting Minutes
2024-04-15 13:01:00+00:00,1.5509105253932824,-3.360134437002671,5209.0,ES,30,Retail Sales
2024-04-25 13:01:00+00:00,0.7027591216337603,-10.906748391690257,5045.5,ES,30,GDP+Wholesale Inventories
2024-05-01 14:31:00+00:00,0.0,8.903398718445033,5052.0,ES,30,ISM Manufacturing
2024-05-03 13:01:00+00:00,0.8127209754616718,13.10457148733235,5147.5,ES,30,Employment Report (NFP)
2024-05-03 14:31:00+00:00,-1.2597425815342091,-9.730940290069157,5140.75,ES,30,ISM Services
2024-05-08 14:31:00+00:00,0.0,10.07363431551056,5209.0,ES,30,Wholesale Inventories
2024-05-15 13:01:00+00:00,0.0,3.7776833806191235,5293.25,ES,30,CPI+Retail Sales
2024-05-22 18:31:00+00:00,0.7479496004516665,9.409551388195325,5311.25,ES,30,FOMC Meeting Minutes
2024-05-30 13:01:00+00:00,0.0,0.0,5268.75,ES,30,GDP+Wholesale Inventories
2024-06-03 14:31:00+00:00,0.0,-42.533145406480344,5301.25,ES,30,ISM Manufacturing
2024-06-05 14:31:00+00:00,0.0,12.671001531039394,5323.75,ES,30,ISM Services
2024-06-07 13:01:00+00:00,0.0,7.018036641461833,5341.5,ES,30,Employment Report (NFP)
2024-06-07 14:31:00+00:00,-0.8983179266453079,4.195119738987785,5362.25,ES,30,Wholesale Inventories
2024-06-12 13:01:00+00:00,1.0138622887745772,-6.446562823967383,5431.0,ES,30,CPI
2024-06-18 13:01:00+00:00,0.0,10.495814046791452,5475.5,ES,30,Retail Sales
2024-06-27 13:01:00+00:00,1.6339983139818466,-0.4511108605598224,5542.0,ES,30,GDP+Wholesale Inventories
2024-07-01 14:31:00+00:00,-0.76245545815184,-18.129084008080554,5521.0,ES,30,ISM Manufacturing
2024-07-03 14:31:00+00:00,-0.39315224410562155,6.2811254252181925,5570.5,ES,30,ISM Services
2024-07-03 18:31:00+00:00,1.3942633042105288,,,ES,30,FOMC Meeting Minutes
2024-07-05 13:01:00+00:00,0.0,-0.8941344784219041,5592.25,ES,30,Employment Report (NFP)
2024-07-10 14:31:00+00:00,-0.4480991831495555,-6.644371354731504,5645.75,ES,30,Wholesale Inventories
2024-07-11 13:01:00+00:00,0.0,8.354770400025302,5683.0,ES,30,CPI
2024-07-16 13:01:00+00:00,0.0,9.21679276991938,5693.5,ES,30,Retail Sales
2024-07-24 13:01:00+00:00,-1.2373369228780289,5.857571077889645,5546.75,ES,30,Wholesale Inventories
2024-07-25 13:01:00+00:00,0.0,-6.853226995815476,5473.75,ES,30,GDP
2024-08-01 14:31:00+00:00,0.0,-55.0692011898235,5553.75,ES,30,ISM Manufacturing
2024-08-02 13:01:00+00:00,0.0,17.597485322902173,5393.75,ES,30,Employment Report (NFP)
2024-08-05 14:31:00+00:00,0.0,25.013241191054192,5190.75,ES,30,ISM Services
2024-08-08 14:31:00+00:00,-0.8745213307298205,1.8794342958017296,5320.25,ES,30,Wholesale Inventories
2024-08-14 13:01:00+00:00,-1.3633267376153042,3.6576445177161077,5467.0,ES,30,CPI
2024-08-15 13:01:00+00:00,-1.1619748677850914,18.528147741214696,5527.0,ES,30,Retail Sales
2024-08-21 18:31:00+00:00,0.5228484291567385,-17.272308818085946,5649.75,ES,30,FOMC Meeting Minutes
2024-08-29 13:01:00+00:00,0.0,1.3334222301253362,5624.25,ES,30,GDP+Wholesale Inventories
2024-09-03 14:31:00+00:00,-0.7185490157560088,-24.183808642810334,5589.0,ES,30,ISM Manufacturing
2024-09-05 14:31:00+00:00,0.0,-62.30831066787346,5554.25,ES,30,ISM Services
2024-09-06 13:01:00+00:00,-1.3556350342198955,15.84965802198468,5516.25,ES,30,Employment Report (NFP)
2024-09-09 14:31:00+00:00,-0.46622017238883584,-12.835795289412033,5457.0,ES,30,Wholesale Inventories
2024-09-11 13:01:00+00:00,0.0,-15.92393248063928,5499.25,ES,30,CPI
2024-09-17 13:01:00+00:00,-1.272046027649405,-4.415400990147589,5663.25,ES,30,Retail Sales
2024-09-26 13:01:00+00:00,0.0,-13.740394621741814,5826.25,ES,30,GDP
2024-09-27 13:01:00+00:00,0.0,-1.720800176308046,5811.75,ES,30,Wholesale Inventories
2024-10-01 14:31:00+00:00,0.0,14.356879627719366,5742.25,ES,30,ISM Manufacturing
2024-10-03 14:31:00+00:00,-0.48477138788135854,2.1786967122494616,5736.75,ES,30,ISM Services
2024-10-04 13:01:00+00:00,0.0,-18.54767930954182,5801.25,ES,30,Employment Report (NFP)
2024-10-09 14:31:00+00:00,0.8305409592657623,20.203329673869064,5810.0,ES,30,Wholesale Inventories
2024-10-09 18:31:00+00:00,0.5317480917126629,-6.431006245364301,5833.0,ES,30,FOMC Meeting Minutes
2024-10-10 13:01:00+00:00,0.7556613017168341,3.4355407019859285,5820.5,ES,30,CPI
2024-10-17 13:01:00+00:00,1.687537185739129,-0.844808651336848,5918.75,ES,30,Retail Sales
2024-10-29 13:01:00+00:00,0.0,-2.137071792382983,5849.75,ES,30,Wholesale Inventories
2024-10-30 13:01:00+00:00,0.0,-5.968622278125224,5865.75,ES,30,GDP
2024-11-01 13:01:00+00:00,-1.2833500630196109,-6.072699067480869,5765.25,ES,30,Employment Report (NFP)
2024-11-01 14:31:00+00:00,0.0,-15.09629564882431,5800.5,ES,30,ISM Manufacturing
2024-11-05 15:31:00+00:00,-0.7862182550260903,-7.345157927076684,5788.25,ES,30,ISM Services
2024-11-07 15:31:00+00:00,-0.29141500392819897,11.263846333910976,5989.25,ES,30,Wholesale Inventories
2024-11-13 14:01:00+00:00,0.0,5.402597534001075,6014.0,ES,30,CPI
2024-11-15 14:01:00+00:00,0.0,-10.939999408066114,5944.75,ES,30,Retail Sales
2024-11-26 19:31:00+00:00,0.6215409572649392,7.879404061235107,6026.0,ES,30,FOMC Meeting Minutes
2024-11-27 14:01:00+00:00,0.0,-10.775416517780911,6035.5,ES,30,GDP+Wholesale Inventories
2024-12-02 15:31:00+00:00,-0.2965250848829267,-8.670341783023616,6057.75,ES,30,ISM Manufacturing
2024-12-04 15:31:00+00:00,0.9138108011098832,10.274747631413561,6079.75,ES,30,ISM Services
2024-12-06 14:01:00+00:00,0.8676414676864465,0.4100797605843809,6096.25,ES,30,Employment Report (NFP)
2024-12-09 15:31:00+00:00,0.0,-15.625645681041078,6084.5,ES,30,Wholesale Inventories
2024-12-11 14:01:00+00:00,0.0,1.2351015886835626,6072.0,ES,30,CPI
2024-12-17 14:01:00+00:00,0.0,-12.802248336321043,6057.5,ES,30,Retail Sales
2024-12-19 14:01:00+00:00,0.0,22.817554055976075,5909.75,ES,30,GDP
2024-12-27 14:01:00+00:00,1.120167848853099,-23.926417090684993,6067.5,ES,30,Wholesale Inventories
2025-01-02 15:31:00+00:00,0.7792665212212193,3.7841361058710277,5944.75,ES,30,ISM Manufacturing
2025-01-03 15:31:00+00:00,-0.5251134571154747,17.62854601334851,5951.0,ES,30,ISM Manufacturing
2025-01-07 15:31:00+00:00,-0.7352248066893528,7.498750559697953,5998.75,ES,30,ISM Services
2025-01-08 15:31:00+00:00,-0.5623836390975891,24.829050104315797,5933.25,ES,30,Wholesale Inventories
2025-01-08 19:31:00+00:00,1.5647267217309448,-13.006358165732479,5962.5,ES,30,FOMC Meeting Minutes
2025-01-10 14:01:00+00:00,0.9124654314703474,24.980430883019267,5897.25,ES,30,Employment Report (NFP)
2025-01-15 14:01:00+00:00,0.9939261185029669,-19.691231198706305,5973.0,ES,30,CPI
2025-01-16 14:01:00+00:00,0.0,-0.4168664152004453,5997.25,ES,30,Retail Sales
2025-01-29 14:01:00+00:00,0.0,2.053936376285037,6085.25,ES,30,Wholesale Inventories
2025-01-30 14:01:00+00:00,0.0,-1.6419013254065362,6091.0,ES,30,GDP
2025-02-03 15:31:00+00:00,0.6956445108795455,38.64779261455453,6004.25,ES,30,ISM Manufacturing
2025-02-05 15:31:00+00:00,0.0,3.3067416496024293,6047.25,ES,30,ISM Services
2025-02-07 14:01:00+00:00,0.0,3.682412430876525,6109.0,ES,30,Employment Report (NFP)
2025-02-07 15:31:00+00:00,-0.9436991078709666,-31.2551660920235,6088.5,ES,30,Wholesale Inventories
2025-02-12 14:01:00+00:00,1.190138351048265,-1.2443743923995498,6027.5,ES,30,CPI
2025-02-14 14:01:00+00:00,0.0,7.742303925795113,6132.75,ES,30,Retail Sales
2025-02-19 19:31:00+00:00,0.0,4.867759304296726,6161.5,ES,30,FOMC Meeting Minutes
2025-02-27 14:01:00+00:00,0.0,18.353986714991777,5987.75,ES,30,GDP
2025-02-28 14:01:00+00:00,0.0,-24.648348716382884,5890.0,ES,30,Wholesale Inventories
2025-03-03 15:31:00+00:00,0.0,-19.716012007826578,5965.5,ES,30,ISM Manufacturing
2025-03-05 15:31:00+00:00,0.0,7.3524644879441325,5778.25,ES,30,ISM Services
2025-03-06 15:31:00+00:00,0.0,13.347975027535597,5802.25,ES,30,Wholesale Inventories
2025-03-07 14:01:00+00:00,0.0,-8.280852093420776,5738.5,ES,30,Employment Report (NFP)
2025-03-12 13:01:00+00:00,1.1141845426016934,-10.201140751142646,5639.5,ES,30,CPI
2025-03-17 13:01:00+00:00,-1.3812270380308547,-7.984740698390169,5638.0,ES,30,Retail Sales
2025-03-27 13:01:00+00:00,0.0,-13.048586080053326,5751.5,ES,30,GDP+Wholesale Inventories
2025-04-01 14:31:00+00:00,-0.9399064648728942,77.11778679091452,5619.0,ES,30,ISM Manufacturing
2025-04-03 14:31:00+00:00,-0.7115740348750893,-52.01690867263409,5493.25,ES,30,ISM Services
2025-04-04 13:01:00+00:00,0.0,-3.2994744707792734,5304.75,ES,30,Employment Report (NFP)
2025-04-09 14:31:00+00:00,0.0,-106.6597033334915,5042.75,ES,30,Wholesale Inventories
2025-04-09 18:31:00+00:00,-0.9395894622206262,-155.02751536764947,5444.25,ES,30,FOMC Meeting Minutes
2025-04-10 13:01:00+00:00,1.1861994184274474,-7.891011619349797,5388.0,ES,30,CPI
2025-04-16 13:01:00+00:00,0.0,-6.04721497669658,5376.0,ES,30,Retail Sales
2025-04-29 13:01:00+00:00,-1.804938016787269,-1.3551665746547314,5534.75,ES,30,Wholesale Inventories
2025-04-30 13:01:00+00:00,0.0,-14.538848540119886,5506.5,ES,30,GDP
2025-05-01 14:31:00+00:00,-1.0788535719962002,27.356176608392957,5658.25,ES,30,ISM Manufacturing
2025-05-02 13:01:00+00:00,-1.0516419059633124,-5.273798135796426,5690.0,ES,30,Employment Report (NFP)
2025-05-05 14:31:00+00:00,0.0,26.840928705347267,5674.0,ES,30,ISM Services
2025-05-08 14:31:00+00:00,-1.6777228435359857,-29.969171835695363,5681.0,ES,30,Wholesale Inventories
2025-05-13 13:01:00+00:00,1.2766425773550891,-5.114435605690915,5867.25,ES,30,CPI
2025-05-15 13:01:00+00:00,0.0,7.218224205729484,5885.75,ES,30,Retail Sales
2025-05-28 18:31:00+00:00,-0.8094020855617866,-8.86244281591786,5926.5,ES,30,FOMC Meeting Minutes
2025-05-29 13:01:00+00:00,-0.7191263077720085,3.3628988504474933,5946.25,ES,30,GDP
2025-05-30 13:01:00+00:00,-1.3051645683359536,5.507891252491959,5899.0,ES,30,Wholesale Inventories
2025-06-02 14:31:00+00:00,0.0,18.61016482639144,5905.25,ES,30,ISM Manufacturing
2025-06-04 14:31:00+00:00,1.3529818682433017,-1.2511729762820778,5994.75,ES,30,ISM Services
2025-06-06 13:01:00+00:00,0.0,10.836495037835903,5995.0,ES,30,Employment Report (NFP)
2025-06-09 14:31:00+00:00,1.1649497579804935,-4.573709565995898,6014.0,ES,30,Wholesale Inventories
2025-06-11 13:01:00+00:00,0.0,-15.274426566627142,6060.5,ES,30,CPI
2025-06-17 13:01:00+00:00,0.0,15.391978411649632,6005.0,ES,30,Retail Sales
2025-06-26 13:01:00+00:00,0.0,2.838087148333557,6165.25,ES,30,GDP+Wholesale Inventories
2025-07-01 14:31:00+00:00,0.7415353363528934,-14.421346087907239,6245.25,ES,30,ISM Manufacturing
2025-07-03 13:01:00+00:00,0.0,18.27718245607457,6286.25,ES,30,Employment Report (NFP)
2025-07-03 14:31:00+00:00,0.8146218087835985,7.514485512487568,6318.75,ES,30,ISM Services
2025-07-09 14:31:00+00:00,0.0,-22.260215098839353,6296.25,ES,30,Wholesale Inventories
2025-07-09 18:31:00+00:00,0.5550722991712839,9.127890305364872,6296.5,ES,30,FOMC Meeting Minutes
2025-07-15 13:01:00+00:00,1.4207835287254829,9.073157883925376,6334.5,ES,30,CPI
2025-07-17 13:01:00+00:00,1.1506956904300185,-13.472818649162832,6313.25,ES,30,Retail Sales
2025-07-29 13:01:00+00:00,0.0,8.545349131381386,6433.5,ES,30,Wholesale Inventories
2025-07-30 13:01:00+00:00,-1.5946513809253293,-5.461496585787984,6410.25,ES,30,GDP
2025-08-01 13:01:00+00:00,0.0,-18.631206705492787,6312.5,ES,30,Employment Report (NFP)
2025-08-01 14:31:00+00:00,-1.2272097364879486,-23.90820392896842,6281.5,ES,30,ISM Manufacturing
2025-08-05 14:31:00+00:00,0.0,-33.95723076614843,6342.25,ES,30,ISM Services
2025-08-07 14:31:00+00:00,-0.5975506149315105,-7.8431376569554345,6377.5,ES,30,Wholesale Inventories
2025-08-12 13:01:00+00:00,0.9872837858681812,-9.33488982603592,6430.5,ES,30,CPI
2025-08-15 13:01:00+00:00,-1.7782838188005148,-11.934783606868393,6497.5,ES,30,Retail Sales
2025-08-20 18:31:00+00:00,0.3835148204957373,18.367631245936877,6391.25,ES,30,FOMC Meeting Minutes
2025-08-28 13:01:00+00:00,0.0,10.380025152052497,6499.5,ES,30,GDP
2025-08-29 13:01:00+00:00,-1.499772735294931,-2.307603563949101,6501.0,ES,30,Wholesale Inventories
2025-09-02 14:31:00+00:00,-0.5133872416440951,-19.895069855877523,6415.0,ES,30,ISM Manufacturing
2025-09-04 14:31:00+00:00,-0.82507050086095,10.423302814110968,6472.5,ES,30,ISM Services
2025-09-05 13:01:00+00:00,-1.2841897385046726,-1.9125944401920947,6536.25,ES,30,Employment Report (NFP)
2025-09-10 14:31:00+00:00,0.0,-8.011139726917804,6556.0,ES,30,Wholesale Inventories
2025-09-11 13:01:00+00:00,-1.2677766191510371,0.7624275697537541,6557.75,ES,30,CPI
2025-09-16 13:01:00+00:00,-1.1248511094996323,3.3951374413732083,6626.0,ES,30,Retail Sales
2025-09-25 13:01:00+00:00,-1.2414652959797712,-7.511737442413846,6658.75,ES,30,GDP+Wholesale Inventories
2025-10-01 14:31:00+00:00,0.0,6.312545465014807,6730.5,ES,30,ISM Manufacturing
2025-10-03 14:31:00+00:00,0.0,9.572902056511623,6786.75,ES,30,ISM Services
2025-10-08 18:31:00+00:00,1.5526014141299953,-9.93213125845216,6799.5,ES,30,FOMC Meeting Minutes
2025-10-24 13:01:00+00:00,0.0,2.9352412612126955,6812.75,ES,30,CPI
2025-11-03 15:31:00+00:00,-0.8840990862825513,32.060651187073574,6851.0,ES,30,ISM Manufacturing
2025-11-05 15:31:00+00:00,0.0,3.2977300923420216,6821.75,ES,30,ISM Services
2025-11-17 15:31:00+00:00,0.0,-21.1044749454814,6759.25,ES,30,ISM Manufacturing
2025-11-19 19:31:00+00:00,-0.8446792462241971,19.567268707980645,6637.25,ES,30,FOMC Meeting Minutes
2025-11-20 14:01:00+00:00,-1.0849920923350658,-4.064064489810448,6768.0,ES,30,Employment Report (NFP)
2025-11-21 14:01:00+00:00,-1.4593521494820552,-0.7588404920966241,6589.25,ES,30,CPI
2025-11-21 15:31:00+00:00,1.1703119379692062,-8.761070934646398,6566.0,ES,30,Wholesale Inventories
2025-11-25 14:01:00+00:00,1.2634086199246286,-5.583161330875441,6718.5,ES,30,Retail Sales
2025-12-01 15:31:00+00:00,-0.5812416293562145,29.643748034082762,6821.0,ES,30,ISM Manufacturing
2025-12-03 15:31:00+00:00,-0.8781836994921908,13.51524323126796,6839.5,ES,30,ISM Services
2025-12-11 15:31:00+00:00,-1.1198703699078207,-7.272198706047561,6878.0,ES,30,Wholesale Inventories
2025-12-16 14:01:00+00:00,-1.4818511970658625,4.404639624873141,6809.5,ES,30,Employment Report (NFP)+Retail Sales
2025-12-18 14:01:00+00:00,-1.7669021320646354,21.373828891739777,6776.75,ES,30,CPI
2025-12-23 14:01:00+00:00,1.095344695211121,24.912008551289944,6915.75,ES,30,GDP
2025-12-30 19:31:00+00:00,-0.46352944293134907,-5.034341506622297,6954.0,ES,30,FOMC Meeting Minutes
2026-01-05 15:31:00+00:00,0.0,-5.753947006681415,6953.75,ES,30,ISM Manufacturing
2026-01-07 15:31:00+00:00,-1.2871599752666998,16.098742409020872,6982.5,ES,30,ISM Services
2026-01-08 15:31:00+00:00,0.0,7.899461811149422,6959.75,ES,30,Wholesale Inventories
2026-01-09 14:01:00+00:00,0.0,-21.132191463451022,6987.25,ES,30,Employment Report (NFP)
2026-01-13 14:01:00+00:00,0.0,1.7804048687608542,7020.25,ES,30,CPI
2026-01-14 14:01:00+00:00,0.0,3.2266738650577054,6972.0,ES,30,Retail Sales
2026-01-21 15:31:00+00:00,1.0487546584608982,19.938017516381024,6889.5,ES,30,ISM Manufacturing
2026-01-22 14:01:00+00:00,-0.9100000599039377,-3.234327018653005,6957.75,ES,30,GDP
2026-01-29 15:31:00+00:00,-0.8915949378794195,-40.789126525524466,6940.0,ES,30,Wholesale Inventories
2026-02-02 15:31:00+00:00,0.0,-1.0726352871515132,6992.5,ES,30,ISM Manufacturing
2026-02-04 15:31:00+00:00,-0.9497438772822734,-17.307280587637308,6939.5,ES,30,ISM Services
2026-02-10 14:01:00+00:00,0.0,10.016456443082689,6985.0,ES,30,Retail Sales
2026-02-11 14:01:00+00:00,-1.152150817780606,8.921084681823288,7002.75,ES,30,Employment Report (NFP)
2026-02-13 14:01:00+00:00,0.0,-7.659062686364848,6857.25,ES,30,CPI
2026-02-18 19:31:00+00:00,0.7239739333753058,-19.958275698783723,6896.25,ES,30,FOMC Meeting Minutes
2026-02-19 14:01:00+00:00,0.0,1.4548099679956294,6873.25,ES,30,Wholesale Inventories
2026-02-20 14:01:00+00:00,0.0,-16.775467994492033,6861.0,ES,30,GDP
2026-02-24 15:31:00+00:00,1.1371574478976474,-14.51695108684703,6893.5,ES,30,Wholesale Inventories
2026-02-27 15:31:00+00:00,0.0,10.547181425444307,6870.25,ES,30,ISM Manufacturing
2026-03-02 15:31:00+00:00,-0.9883893724436741,6.923567735803715,6858.25,ES,30,ISM Manufacturing
2026-03-04 15:31:00+00:00,0.0,4.722378713530873,6880.5,ES,30,ISM Services
2026-03-06 14:01:00+00:00,0.0,7.413997967127273,6741.5,ES,30,Employment Report (NFP)+Retail Sales
2026-03-11 13:01:00+00:00,-1.3728688885940796,32.045996815135425,6776.25,ES,30,CPI
2026-03-13 13:01:00+00:00,0.0,7.449622276212153,6709.25,ES,30,GDP
2026-03-19 14:31:00+00:00,0.8077990393632051,20.508932369054378,6575.75,ES,30,Wholesale Inventories
2026-03-23 14:31:00+00:00,0.7284694202525283,14.580804527319913,6682.0,ES,30,ISM Manufacturing
2026-04-01 13:01:00+00:00,1.712150512982257,21.961387092481743,6595.25,ES,30,Retail Sales
2026-04-01 14:31:00+00:00,0.0,19.236215266893453,6621.75,ES,30,ISM Manufacturing
2026-04-03 13:01:00+00:00,0.9315492152225243,,6600.5,ES,30,Employment Report (NFP)
2026-04-06 14:31:00+00:00,1.3337128541647079,-17.678814482025018,6652.25,ES,30,ISM Services
2026-04-08 18:31:00+00:00,0.0,-33.799951352655455,6816.25,ES,30,FOMC Meeting Minutes
2026-04-09 13:01:00+00:00,0.0,5.8747936332537165,6806.75,ES,30,GDP
2026-04-09 14:31:00+00:00,-0.9147356676002643,15.047254880649064,6806.75,ES,30,Wholesale Inventories
2026-04-10 13:01:00+00:00,0.0,10.546797842678757,6870.5,ES,30,CPI
2026-04-21 13:01:00+00:00,-1.1030337808454123,-13.617082811521186,7165.0,ES,30,Retail Sales
2026-04-29 13:01:00+00:00,0.0,-17.097898332814054,7170.75,ES,30,Wholesale Inventories
2026-04-30 13:01:00+00:00,-1.2977637762865974,-21.53526361976077,7205.25,ES,30,GDP
2026-05-01 14:31:00+00:00,0.9425906120353817,-17.846728833426084,7290.75,ES,30,ISM Manufacturing
2026-05-05 14:31:00+00:00,0.0,-1.7169445297682273,7281.0,ES,30,ISM Services
2026-05-07 14:31:00+00:00,1.0937945012651356,17.56401181115308,7395.0,ES,30,ISM Manufacturing
2026-05-08 13:01:00+00:00,-1.492330925425968,-3.7177862700943365,7398.25,ES,30,Employment Report (NFP)
2026-05-08 14:31:00+00:00,0.8421874567238318,8.766015396126647,7411.75,ES,30,Wholesale Inventories
2026-05-12 13:01:00+00:00,-1.6304176982192364,-11.462092075120722,7420.0,ES,30,CPI
2026-05-14 13:01:00+00:00,0.0,-2.0035395932893607,7487.5,ES,30,Retail Sales
2026-05-20 18:31:00+00:00,0.941149054935911,3.3590863601062892,7441.25,ES,30,FOMC Meeting Minutes
2026-05-28 13:01:00+00:00,1.1512867410300605,-8.622119585695032,7542.0,ES,30,GDP
2026-05-29 13:01:00+00:00,-1.562944541901324,-4.282302626563705,7591.0,ES,30,Wholesale Inventories
2026-06-01 14:31:00+00:00,0.7628196262634988,-6.590654690548092,7589.0,ES,30,ISM Manufacturing
2026-06-03 14:31:00+00:00,-0.4747102450820763,-7.244229629606025,7595.0,ES,30,ISM Services
2026-06-05 13:01:00+00:00,-1.5513485602096269,-6.294621619495899,7548.5,ES,30,Employment Report (NFP)
2026-06-09 14:31:00+00:00,0.5645776354623107,-36.08468631796313,7426.5,ES,30,Wholesale Inventories
2026-06-10 13:01:00+00:00,0.0,2.3796168929024475,7353.25,ES,30,CPI
2026-06-17 13:01:00+00:00,-1.8355795366548016,-3.322369544491721,7526.0,ES,30,Retail Sales
2026-06-25 13:01:00+00:00,0.0,1.6696442026997715,7486.0,ES,30,GDP
2026-06-26 13:01:00+00:00,0.924190597260504,-1.0164151047931114,7379.25,ES,30,Wholesale Inventories
2026-07-01 14:31:00+00:00,-0.5404386523265136,,,ES,30,ISM Manufacturing
2026-07-02 13:01:00+00:00,0.0,,,ES,30,Employment Report (NFP)
2026-07-06 14:31:00+00:00,-0.5251391135936958,,,ES,30,ISM Services
2026-07-08 14:31:00+00:00,-0.5251391135936958,,,ES,30,Wholesale Inventories
2026-07-08 18:31:00+00:00,1.5968219876261127,,,ES,30,FOMC Meeting Minutes
2026-07-14 13:01:00+00:00,0.0,,,ES,30,CPI
2026-07-16 13:01:00+00:00,0.0,,,ES,30,Retail Sales
2016-05-27 13:31:00+00:00,0.0,10.763620007070429,2089.25,ES,60,GDP
2016-06-01 15:01:00+00:00,0.0,0.0,2092.5,ES,60,ISM Manufacturing
2016-06-03 13:31:00+00:00,0.0,-41.81856861992017,2096.75,ES,60,Employment Report (NFP)
2016-06-03 15:01:00+00:00,0.0,-2.392058377624906,2090.5,ES,60,ISM Services
2016-06-09 15:01:00+00:00,0.0,-5.927331096424737,2109.5,ES,60,Wholesale Inventories
2016-06-14 13:31:00+00:00,0.0,18.053805228683828,2075.25,ES,60,Retail Sales
2016-06-16 13:31:00+00:00,0.0,-49.8208698046021,2062.5,ES,60,CPI
2016-06-28 13:31:00+00:00,0.0,29.798879760942754,2010.5,ES,60,GDP
2016-07-01 15:01:00+00:00,0.0,-13.110066832142664,2099.0,ES,60,ISM Manufacturing
2016-07-06 15:01:00+00:00,0.0,12.026459657601407,2077.5,ES,60,ISM Services
2016-07-08 13:31:00+00:00,0.0,15.420203518150544,2106.0,ES,60,Employment Report (NFP)
2016-07-12 15:01:00+00:00,0.0,11.663169038467203,2142.25,ES,60,Wholesale Inventories
2016-07-15 13:31:00+00:00,0.0,-20.818883300233182,2163.75,ES,60,CPI+Retail Sales
2016-07-29 13:31:00+00:00,0.0,-10.40883688496308,2162.75,ES,60,GDP
2016-08-01 15:01:00+00:00,0.0,10.369261831222332,2168.75,ES,60,ISM Manufacturing
2016-08-03 15:01:00+00:00,0.0,9.29152215510598,2151.5,ES,60,ISM Services
2016-08-05 13:31:00+00:00,0.0,28.786939103371267,2168.0,ES,60,Employment Report (NFP)
2016-08-09 15:01:00+00:00,0.0,1.1458034959499486,2181.75,ES,60,Wholesale Inventories
2016-08-12 13:31:00+00:00,0.0,10.329986571377958,2177.0,ES,60,Retail Sales
2016-08-16 13:31:00+00:00,0.0,-9.172208852170627,2181.5,ES,60,CPI
2016-08-26 13:31:00+00:00,0.0,-19.543605691776378,2176.75,ES,60,GDP+Wholesale Inventories
2016-09-01 15:01:00+00:00,0.0,16.21872459324436,2156.25,ES,60,ISM Manufacturing
2016-09-02 13:31:00+00:00,0.0,13.752007668088595,2180.0,ES,60,Employment Report (NFP)
2016-09-06 15:01:00+00:00,0.0,9.185900289976345,2176.25,ES,60,ISM Services
2016-09-09 15:01:00+00:00,0.0,2.3196474240005927,2155.25,ES,60,Wholesale Inventories
2016-09-15 13:31:00+00:00,0.0,14.112668460164457,2124.25,ES,60,Retail Sales
2016-09-16 13:31:00+00:00,0.0,,2141.75,ES,60,CPI
2016-09-29 13:31:00+00:00,0.0,8.092953791614121,2161.5,ES,60,GDP+Wholesale Inventories
2016-10-03 15:01:00+00:00,0.0,-8.128665604640872,2153.75,ES,60,ISM Manufacturing
2016-10-05 15:01:00+00:00,0.0,9.2872075400674,2152.5,ES,60,ISM Services
2016-10-07 13:31:00+00:00,0.0,-44.11430418572948,2158.25,ES,60,Employment Report (NFP)
2016-10-07 15:01:00+00:00,0.0,5.8197056871556185,2147.25,ES,60,Wholesale Inventories
2016-10-14 13:31:00+00:00,0.0,10.51954979832459,2137.75,ES,60,Retail Sales
2016-10-18 13:31:00+00:00,0.0,-25.758122191561483,2138.0,ES,60,CPI
2016-10-26 13:31:00+00:00,0.0,-3.5258859153586286,2127.5,ES,60,Wholesale Inventories
2016-10-28 13:31:00+00:00,0.0,5.875095639291672,2127.0,ES,60,GDP
2016-11-01 15:01:00+00:00,0.0,-17.73154906330454,2116.75,ES,60,ISM Manufacturing
2016-11-03 15:01:00+00:00,0.0,11.93602433425589,2093.25,ES,60,ISM Services
2016-11-04 13:31:00+00:00,0.0,-4.801920860577624,2083.0,ES,60,Employment Report (NFP)
2016-11-09 16:01:00+00:00,0.0,61.86910530606937,2135.0,ES,60,Wholesale Inventories
2016-11-15 14:31:00+00:00,0.0,0.0,2166.0,ES,60,Retail Sales
2016-11-17 14:31:00+00:00,0.0,28.704308129468004,2174.25,ES,60,CPI
2016-11-25 14:31:00+00:00,0.0,2.266288961543239,2206.0,ES,60,Wholesale Inventories
2016-11-29 14:31:00+00:00,0.0,-7.955901993783598,2200.5,ES,60,GDP
2016-12-01 16:01:00+00:00,0.0,0.0,2195.0,ES,60,ISM Manufacturing
2016-12-02 14:31:00+00:00,0.0,22.80762763120059,2189.75,ES,60,Employment Report (NFP)
2016-12-05 16:01:00+00:00,0.0,-5.666685707250707,2206.5,ES,60,ISM Services
2016-12-09 16:01:00+00:00,0.0,-5.552162709951958,2252.0,ES,60,Wholesale Inventories
2016-12-14 14:31:00+00:00,0.0,1.1012609448979305,2270.0,ES,60,Retail Sales
2016-12-15 14:31:00+00:00,0.0,44.2282897000279,2256.0,ES,60,CPI
2016-12-22 14:31:00+00:00,0.0,-6.643782771238449,2258.5,ES,60,GDP
2016-12-29 14:31:00+00:00,0.0,4.44988326399276,2246.75,ES,60,Wholesale Inventories
2017-01-03 16:01:00+00:00,0.0,4.452359824220764,2245.5,ES,60,ISM Manufacturing
2017-01-05 16:01:00+00:00,0.0,-19.907106773269234,2262.75,ES,60,ISM Services
2017-01-06 14:31:00+00:00,0.0,-1.1043012545108866,2264.0,ES,60,Employment Report (NFP)
2017-01-10 16:01:00+00:00,0.0,13.22605725700754,2266.75,ES,60,Wholesale Inventories
2017-01-13 14:31:00+00:00,0.0,11.014430015396925,2268.5,ES,60,Retail Sales
2017-01-18 14:31:00+00:00,0.0,-1.1043012545108866,2264.0,ES,60,CPI
2017-01-26 14:31:00+00:00,0.0,-1.0897400980702798,2294.25,ES,60,Wholesale Inventories
2017-01-27 14:31:00+00:00,0.0,-18.541751508376336,2294.25,ES,60,GDP
2017-02-01 16:01:00+00:00,0.0,-3.3001485366312977,2273.0,ES,60,ISM Manufacturing
2017-02-03 14:31:00+00:00,0.0,-4.37445326310737,2286.5,ES,60,Employment Report (NFP)
2017-02-03 16:01:00+00:00,0.0,-1.0909289270610856,2291.75,ES,60,ISM Services
2017-02-09 16:01:00+00:00,0.0,10.850695509061481,2302.75,ES,60,Wholesale Inventories
2017-02-15 14:31:00+00:00,0.0,7.499062968596704,2332.75,ES,60,CPI+Retail Sales
2017-02-28 14:31:00+00:00,0.0,-2.114164912736527,2365.25,ES,60,GDP+Wholesale Inventories
2017-03-01 16:01:00+00:00,0.0,16.73640558029099,2388.0,ES,60,ISM Manufacturing
2017-03-03 16:01:00+00:00,0.0,0.0,2375.5,ES,60,ISM Services
2017-03-08 16:01:00+00:00,0.0,-8.438819066203251,2371.0,ES,60,Wholesale Inventories
2017-03-10 14:31:00+00:00,0.0,2.104598555598969,2375.5,ES,60,Employment Report (NFP)
2017-03-15 13:31:00+00:00,0.0,3.1620553623135095,2371.5,ES,60,CPI+Retail Sales
2017-03-28 13:31:00+00:00,0.0,4.281280168143553,2335.25,ES,60,Wholesale Inventories
2017-03-30 13:31:00+00:00,0.0,12.725346361976975,2356.0,ES,60,GDP
2017-04-03 15:01:00+00:00,0.0,-2.129471899019464,2348.25,ES,60,ISM Manufacturing
2017-04-05 15:01:00+00:00,0.0,-31.655613645602543,2373.0,ES,60,ISM Services
2017-04-07 13:31:00+00:00,0.0,-15.954904198247633,2352.25,ES,60,Employment Report (NFP)
2017-04-07 15:01:00+00:00,0.0,-4.2503454045483835,2353.25,ES,60,Wholesale Inventories
2017-04-14 13:31:00+00:00,0.0,,,ES,60,CPI+Retail Sales
2017-04-27 13:31:00+00:00,0.0,1.0481630951364451,2385.0,ES,60,Wholesale Inventories
2017-04-28 13:31:00+00:00,0.0,-10.479984191205105,2386.75,ES,60,GDP
2017-05-01 15:01:00+00:00,0.0,-6.286013826688475,2387.0,ES,60,ISM Manufacturing
2017-05-03 15:01:00+00:00,0.0,11.558872720778268,2377.75,ES,60,ISM Services
2017-05-05 13:31:00+00:00,0.0,-14.652017273277806,2390.5,ES,60,Employment Report (NFP)
2017-05-09 15:01:00+00:00,0.0,-3.1290743410483657,2397.25,ES,60,Wholesale Inventories
2017-05-12 13:31:00+00:00,0.0,-9.421618074583193,2389.25,ES,60,CPI+Retail Sales
2017-05-24 19:01:00+00:00,0.0,3.1241864351994053,2400.25,ES,60,FOMC Meeting Minutes
2017-05-25 13:31:00+00:00,0.0,12.455887016287193,2407.0,ES,60,Wholesale Inventories
2017-05-26 13:31:00+00:00,0.0,4.142931183022114,2413.25,ES,60,GDP
2017-06-01 15:01:00+00:00,0.0,6.2098946313504655,2414.75,ES,60,ISM Manufacturing
2017-06-02 13:31:00+00:00,0.0,-2.0576131759852956,2430.25,ES,60,Employment Report (NFP)
2017-06-05 15:01:00+00:00,0.0,-5.130573197549282,2437.0,ES,60,ISM Services
2017-06-09 15:01:00+00:00,0.0,2.0460358127571965,2443.5,ES,60,Wholesale Inventories
2017-06-14 13:31:00+00:00,0.0,-5.120065648691607,2442.0,ES,60,CPI+Retail Sales
2017-06-28 13:31:00+00:00,0.0,-7.207207519188685,2429.0,ES,60,Wholesale Inventories
2017-06-29 13:31:00+00:00,0.0,-33.87919671935968,2439.25,ES,60,GDP
2017-07-03 15:01:00+00:00,0.0,-3.0808729383657862,2434.75,ES,60,ISM Manufacturing
2017-07-05 19:01:00+00:00,0.0,4.116073324214042,2429.0,ES,60,FOMC Meeting Minutes
2017-07-06 15:01:00+00:00,0.0,9.308580079503415,2416.0,ES,60,ISM Services
2017-07-07 13:31:00+00:00,0.0,8.27985971541878,2414.5,ES,60,Employment Report (NFP)
2017-07-11 15:01:00+00:00,0.0,-41.318104437744196,2425.25,ES,60,Wholesale Inventories
2017-07-14 13:31:00+00:00,0.0,8.172438906184354,2446.25,ES,60,CPI+Retail Sales
2017-07-27 13:31:00+00:00,0.0,-9.082194478668981,2478.5,ES,60,Wholesale Inventories
2017-07-28 13:31:00+00:00,0.0,-8.107013009901465,2468.0,ES,60,GDP
2017-08-01 15:01:00+00:00,0.0,-15.173742226526343,2473.25,ES,60,ISM Manufacturing
2017-08-03 15:01:00+00:00,0.0,-8.094708526584782,2471.75,ES,60,ISM Services
2017-08-04 13:31:00+00:00,0.0,-12.127338525225184,2475.25,ES,60,Employment Report (NFP)
2017-08-09 15:01:00+00:00,0.0,-7.096153169179331,2467.0,ES,60,Wholesale Inventories
2017-08-11 13:31:00+00:00,0.0,3.074242991880638,2439.25,ES,60,CPI
2017-08-15 13:31:00+00:00,0.0,-5.067139708110346,2467.5,ES,60,Retail Sales
2017-08-16 19:01:00+00:00,0.0,1.0130172728217701,2467.75,ES,60,FOMC Meeting Minutes
2017-08-28 13:31:00+00:00,0.0,-20.443633819589024,2448.25,ES,60,Wholesale Inventories
2017-08-30 13:31:00+00:00,0.0,8.176615336985549,2445.0,ES,60,GDP
2017-09-01 13:31:00+00:00,0.0,-8.080808520531946,2476.0,ES,60,Employment Report (NFP)
2017-09-01 15:01:00+00:00,0.0,-11.103821864644203,2478.0,ES,60,ISM Manufacturing
2017-09-06 15:01:00+00:00,0.0,-10.156409566937086,2462.75,ES,60,ISM Services
2017-09-08 15:01:00+00:00,0.0,4.057618233801463,2464.0,ES,60,Wholesale Inventories
2017-09-14 13:31:00+00:00,0.0,5.012280191145635,2493.25,ES,60,CPI
2017-09-15 13:31:00+00:00,0.0,,2496.0,ES,60,Retail Sales
2017-09-28 13:31:00+00:00,0.0,8.991458720561951,2501.25,ES,60,GDP+Wholesale Inventories
2017-10-02 15:01:00+00:00,0.0,-8.922818219545547,2522.75,ES,60,ISM Manufacturing
2017-10-04 15:01:00+00:00,0.0,5.920079107291087,2533.0,ES,60,ISM Services
2017-10-06 13:31:00+00:00,0.0,5.89217340035475,2545.0,ES,60,Employment Report (NFP)
2017-10-06 15:01:00+00:00,0.0,1.9657951704843413,2543.25,ES,60,Wholesale Inventories
2017-10-11 19:01:00+00:00,0.0,6.859046861436013,2550.5,ES,60,FOMC Meeting Minutes
2017-10-13 13:31:00+00:00,0.0,-2.937576520505303,2553.5,ES,60,CPI+Retail Sales
2017-10-26 13:31:00+00:00,0.0,0.9758477685295475,2561.75,ES,60,Wholesale Inventories
2017-10-27 13:31:00+00:00,0.0,4.870683453148672,2565.75,ES,60,GDP
2017-11-01 15:01:00+00:00,0.0,-0.9689453037964313,2580.25,ES,60,ISM Manufacturing
2017-11-03 13:31:00+00:00,0.0,-7.759457227329847,2578.5,ES,60,Employment Report (NFP)
2017-11-03 15:01:00+00:00,0.0,5.8195927927684465,2576.75,ES,60,ISM Services
2017-11-09 16:01:00+00:00,0.0,-20.345886977892746,2583.0,ES,60,Wholesale Inventories
2017-11-15 14:31:00+00:00,0.0,-22.4488894237318,2564.25,ES,60,CPI+Retail Sales
2017-11-22 20:01:00+00:00,0.0,0.0,2597.0,ES,60,FOMC Meeting Minutes
2017-11-28 14:31:00+00:00,0.0,3.837298588926785,2605.5,ES,60,Wholesale Inventories
2017-11-29 14:31:00+00:00,0.0,9.504800639525968,2629.0,ES,60,GDP
2017-12-01 16:01:00+00:00,0.0,-137.80213309443567,2648.75,ES,60,ISM Manufacturing
2017-12-05 16:01:00+00:00,0.0,5.6657225311695925,2646.75,ES,60,ISM Services
2017-12-08 14:31:00+00:00,0.0,1.8889308707414898,2646.75,ES,60,Employment Report (NFP)
2017-12-08 16:01:00+00:00,0.0,-7.554296865386334,2648.5,ES,60,Wholesale Inventories
2017-12-13 14:31:00+00:00,0.0,13.109843623126949,2668.0,ES,60,CPI
2017-12-14 14:31:00+00:00,0.0,2.811753146598761,2667.0,ES,60,Retail Sales
2017-12-21 14:31:00+00:00,0.0,-8.37092547602225,2689.0,ES,60,GDP
2017-12-28 14:31:00+00:00,0.0,-7.444630904043237,2687.5,ES,60,Wholesale Inventories
2018-01-03 16:01:00+00:00,-1.3148348431317687,4.618724390468287,2705.75,ES,60,ISM Manufacturing
2018-01-03 20:01:00+00:00,0.0,5.534034452256975,2709.75,ES,60,FOMC Meeting Minutes
2018-01-05 14:31:00+00:00,1.1706438488167832,-5.490483300452098,2732.75,ES,60,Employment Report (NFP)
2018-01-05 16:01:00+00:00,0.0,9.149968613488824,2731.0,ES,60,ISM Services
2018-01-10 16:01:00+00:00,0.0,0.0,2746.0,ES,60,Wholesale Inventories
2018-01-12 14:31:00+00:00,-1.0748493985567842,24.332008580252307,2770.75,ES,60,CPI+Retail Sales
2018-01-26 14:31:00+00:00,-0.9955039415973893,11.402009742926822,2848.75,ES,60,GDP+Wholesale Inventories
2018-02-01 16:01:00+00:00,-0.8932808785008522,-2.656160093543747,2824.0,ES,60,ISM Manufacturing
2018-02-02 14:31:00+00:00,-1.4779666032977836,-38.374059851875586,2806.75,ES,60,Employment Report (NFP)
2018-02-05 16:01:00+00:00,-0.5753319538139695,-35.37579089481824,2761.0,ES,60,ISM Services
2018-02-09 16:01:00+00:00,-1.9443030440909908,-26.12356959502904,2587.25,ES,60,Wholesale Inventories
2018-02-14 14:31:00+00:00,0.0,21.690959605660254,2648.0,ES,60,CPI+Retail Sales
2018-02-21 20:01:00+00:00,0.0,-11.912945280592169,2729.75,ES,60,FOMC Meeting Minutes
2018-02-27 14:31:00+00:00,0.6188855460692118,-3.598093049514972,2779.75,ES,60,Wholesale Inventories
2018-02-28 14:31:00+00:00,0.0,11.780165378425522,2757.25,ES,60,GDP
2018-03-01 16:01:00+00:00,0.0,-12.912748519919859,2712.25,ES,60,ISM Manufacturing
2018-03-05 16:01:00+00:00,0.0,34.23551805582292,2697.25,ES,60,ISM Services
2018-03-09 14:31:00+00:00,-1.4059642984652712,4.5324752622732944,2757.25,ES,60,Employment Report (NFP)
2018-03-09 16:01:00+00:00,-2.0,13.547078161266768,2766.25,ES,60,Wholesale Inventories
2018-03-13 13:31:00+00:00,1.2814678287335997,-6.26034094587169,2796.25,ES,60,CPI
2018-03-14 13:31:00+00:00,0.0,-18.91807239596588,2777.75,ES,60,Retail Sales
2018-03-28 13:31:00+00:00,0.0,7.640879072781104,2616.5,ES,60,GDP+Wholesale Inventories
2018-04-02 15:01:00+00:00,0.0,-4.81255122622315,2598.0,ES,60,ISM Manufacturing
2018-04-04 15:01:00+00:00,2.0,21.14368879963635,2598.5,ES,60,ISM Services
2018-04-06 13:31:00+00:00,1.0611270741603407,49.11694015348189,2640.25,ES,60,Employment Report (NFP)
2018-04-10 15:01:00+00:00,1.7319459937323713,0.9407780241055264,2657.25,ES,60,Wholesale Inventories
2018-04-11 13:31:00+00:00,-1.7334893043846678,34.970027603780096,2640.5,ES,60,CPI
2018-04-11 19:01:00+00:00,0.0,-20.78413596565909,2649.0,ES,60,FOMC Meeting Minutes
2018-04-16 13:31:00+00:00,0.9663078029645209,-15.897511180007484,2675.5,ES,60,Retail Sales
2018-04-26 13:31:00+00:00,0.0,7.5464582394602076,2649.25,ES,60,Wholesale Inventories
2018-04-27 13:31:00+00:00,-1.0452134055762814,-29.014012585371063,2675.0,ES,60,GDP
2018-05-01 15:01:00+00:00,-1.5484220826968889,12.35095876925385,2629.75,ES,60,ISM Manufacturing
2018-05-03 15:01:00+00:00,1.086038160405128,0.0,2597.25,ES,60,ISM Services
2018-05-04 13:31:00+00:00,-1.0648872717565967,33.3985710524054,2615.5,ES,60,Employment Report (NFP)
2018-05-09 15:01:00+00:00,-1.2583601416949917,12.147831237356854,2673.75,ES,60,Wholesale Inventories
2018-05-10 13:31:00+00:00,-0.8491541188568151,8.318314634649937,2703.75,ES,60,CPI
2018-05-15 13:31:00+00:00,0.0,-37.82466800352324,2715.0,ES,60,Retail Sales
2018-05-23 19:01:00+00:00,1.4295597617250464,0.0,2727.75,ES,60,FOMC Meeting Minutes
2018-05-30 13:31:00+00:00,0.0,-7.396450041330382,2705.0,ES,60,GDP+Wholesale Inventories
2018-06-01 13:31:00+00:00,0.0,22.02037773919585,2721.75,ES,60,Employment Report (NFP)
2018-06-01 15:01:00+00:00,0.0,-8.242136095528707,2731.0,ES,60,ISM Manufacturing
2018-06-05 15:01:00+00:00,0.0,-16.387476354911,2748.25,ES,60,ISM Services
2018-06-08 15:01:00+00:00,1.0002533469473298,0.0,2767.5,ES,60,Wholesale Inventories
2018-06-12 13:31:00+00:00,0.0,-12.567326609165264,2786.75,ES,60,CPI
2018-06-14 13:31:00+00:00,-0.9424460061980515,-2.6933608817358845,2785.0,ES,60,Retail Sales
2018-06-27 13:31:00+00:00,-1.367926580178972,31.061599978663423,2732.25,ES,60,Wholesale Inventories
2018-06-28 13:31:00+00:00,0.0,-0.9250265951976644,2702.75,ES,60,GDP
2018-07-02 15:01:00+00:00,0.0,-19.348603262940856,2716.0,ES,60,ISM Manufacturing
2018-07-05 15:01:00+00:00,0.0,30.30444488256734,2718.25,ES,60,ISM Services
2018-07-05 19:01:00+00:00,0.0,3.658648170343781,2732.75,ES,60,FOMC Meeting Minutes
2018-07-06 13:31:00+00:00,0.0,28.27308190097355,2737.25,ES,60,Employment Report (NFP)
2018-07-11 15:01:00+00:00,-1.5725603869215143,-31.450805454724673,2786.5,ES,60,Wholesale Inventories
2018-07-12 13:31:00+00:00,1.157833911187095,-0.896097496010384,2790.0,ES,60,CPI
2018-07-16 13:31:00+00:00,0.0,-1.7844396906774307,2802.25,ES,60,Retail Sales
2018-07-26 13:31:00+00:00,0.0,4.402377354857379,2838.75,ES,60,Wholesale Inventories
2018-07-27 13:31:00+00:00,0.0,-20.249159535925543,2842.5,ES,60,GDP
2018-08-01 15:01:00+00:00,1.0829066572513728,-15.068920991758716,2822.5,ES,60,ISM Manufacturing
2018-08-03 13:31:00+00:00,1.1325522265239443,0.0,2828.5,ES,60,Employment Report (NFP)
2018-08-03 15:01:00+00:00,-1.9358014642549413,-4.414816194611149,2832.0,ES,60,ISM Services
2018-08-09 15:01:00+00:00,0.0,-2.6218046905590597,2861.0,ES,60,Wholesale Inventories
2018-08-10 13:31:00+00:00,-1.3019508443469376,-6.173111885257043,2835.75,ES,60,CPI
2018-08-15 13:31:00+00:00,0.0,-31.043530185748125,2823.0,ES,60,Retail Sales
2018-08-22 19:01:00+00:00,0.0,0.0,2864.25,ES,60,FOMC Meeting Minutes
2018-08-28 13:31:00+00:00,0.0,0.0,2902.5,ES,60,Wholesale Inventories
2018-08-29 13:31:00+00:00,-1.0563814531647417,-0.8615119540245075,2902.0,ES,60,GDP
2018-09-04 15:01:00+00:00,0.0,-9.492988846648842,2898.25,ES,60,ISM Manufacturing
2018-09-06 15:01:00+00:00,0.0,-7.827108283215978,2875.75,ES,60,ISM Services
2018-09-07 13:31:00+00:00,0.0,23.503819307659768,2868.5,ES,60,Employment Report (NFP)
2018-09-11 15:01:00+00:00,0.0,17.35057258382966,2879.25,ES,60,Wholesale Inventories
2018-09-13 13:31:00+00:00,-1.107875222413269,15.509222478051754,2899.25,ES,60,CPI
2018-09-14 13:31:00+00:00,-1.2421642388151428,-2.5807561758917075,2906.5,ES,60,Retail Sales
2018-09-27 13:31:00+00:00,0.0,14.552928134499155,2918.25,ES,60,GDP+Wholesale Inventories
2018-10-01 15:01:00+00:00,0.0,-6.807352202979899,2939.0,ES,60,ISM Manufacturing
2018-10-03 15:01:00+00:00,1.636598242100273,14.465009967405962,2936.0,ES,60,ISM Services
2018-10-05 13:31:00+00:00,-1.146391028274367,-2.578981316680995,2908.5,ES,60,Employment Report (NFP)
2018-10-10 15:01:00+00:00,2.0,-28.08251077670576,2852.75,ES,60,Wholesale Inventories
2018-10-11 13:31:00+00:00,-1.0581047771456442,43.041673335189046,2782.0,ES,60,CPI
2018-10-15 13:31:00+00:00,1.3525410911350615,-18.10446769518137,2764.25,ES,60,Retail Sales
2018-10-17 19:01:00+00:00,0.0,-6.219734529011589,2814.5,ES,60,FOMC Meeting Minutes
2018-10-25 13:31:00+00:00,-0.8896164526960808,27.018230438624613,2679.75,ES,60,Wholesale Inventories
2018-10-26 13:31:00+00:00,0.658912104645238,-27.239015573918834,2665.25,ES,60,GDP
2018-11-01 15:01:00+00:00,-2.0,12.809956916850496,2730.5,ES,60,ISM Manufacturing
2018-11-02 13:31:00+00:00,1.3215916727562709,-0.9096284174248126,2748.5,ES,60,Employment Report (NFP)
2018-11-05 16:01:00+00:00,-2.0,-19.24046587422623,2731.25,ES,60,ISM Services
2018-11-09 16:01:00+00:00,0.0,0.0,2785.0,ES,60,Wholesale Inventories
2018-11-14 14:31:00+00:00,-1.4553975668644703,-10.023236521874423,2745.0,ES,60,CPI
2018-11-15 14:31:00+00:00,1.472874891581376,13.954139666019216,2685.5,ES,60,Retail Sales
2018-11-28 14:31:00+00:00,-1.169233329875195,-2.7830604567746775,2695.25,ES,60,GDP+Wholesale Inventories
2018-11-29 20:01:00+00:00,0.0,-23.63422607261967,2753.5,ES,60,FOMC Meeting Minutes
2018-12-03 16:01:00+00:00,0.0,13.486178712938113,2778.75,ES,60,ISM Manufacturing
2018-12-06 16:01:00+00:00,0.0,-55.99065635600198,2641.75,ES,60,ISM Services
2018-12-07 14:31:00+00:00,-1.1445784335115021,33.373536121068526,2692.25,ES,60,Employment Report (NFP)
2018-12-07 16:01:00+00:00,0.0,-79.59216135818181,2680.5,ES,60,Wholesale Inventories
2018-12-12 14:31:00+00:00,0.0,-21.542648709758083,2672.0,ES,60,CPI
2018-12-14 14:31:00+00:00,0.0,29.491530674548017,2624.0,ES,60,Retail Sales
2018-12-21 14:31:00+00:00,-0.9878853424947768,,2467.75,ES,60,GDP
2019-01-03 16:01:00+00:00,0.8500489227385846,17.249255963793786,2461.75,ES,60,ISM Manufacturing
2019-01-04 14:31:00+00:00,0.0,64.19923745152545,2484.25,ES,60,Employment Report (NFP)
2019-01-07 16:01:00+00:00,-2.0,2.9442072934493524,2547.0,ES,60,ISM Services
2019-01-09 20:01:00+00:00,-1.1609840463311611,-7.722753545333916,2590.75,ES,60,FOMC Meeting Minutes
2019-01-11 14:31:00+00:00,-0.8173380462962614,-4.839568404957362,2583.5,ES,60,CPI
2019-02-01 14:31:00+00:00,0.23783870288456496,-3.6978830041434207,2704.75,ES,60,Employment Report (NFP)
2019-02-01 16:01:00+00:00,0.0,12.006466461969012,2705.25,ES,60,ISM Manufacturing+Wholesale Inventories
2019-02-05 16:01:00+00:00,0.0,-21.04012119545473,2735.75,ES,60,ISM Services
2019-02-13 14:31:00+00:00,1.0954899223626666,19.05367359547938,2752.75,ES,60,CPI
2019-02-14 14:31:00+00:00,-0.844807640142746,-3.6526345032328322,2738.25,ES,60,Retail Sales
2019-02-20 20:01:00+00:00,0.0,1.7956545208974717,2784.25,ES,60,FOMC Meeting Minutes
2019-02-25 16:01:00+00:00,1.4359704849748358,-11.561208989263605,2812.75,ES,60,Wholesale Inventories
2019-02-27 14:31:00+00:00,-0.6374859092929656,2.689738663264052,2788.0,ES,60,Wholesale Inventories
2019-02-28 14:31:00+00:00,0.0,-0.8961778022609224,2789.75,ES,60,GDP
2019-03-01 16:01:00+00:00,0.0,-13.417417818626376,2796.75,ES,60,ISM Manufacturing
2019-03-04 16:01:00+00:00,0.9296523754127021,-41.95123749688889,2806.75,ES,60,ISM Manufacturing
2019-03-05 16:01:00+00:00,-0.8803934546305648,18.82311316311558,2786.5,ES,60,ISM Services
2019-03-08 14:31:00+00:00,-1.0551024337204773,-2.7516624800938416,2726.0,ES,60,Employment Report (NFP)
2019-03-11 13:31:00+00:00,0.0,36.28780177217905,2750.75,ES,60,Retail Sales
2019-03-12 13:31:00+00:00,0.0,11.649268757683018,2788.25,ES,60,CPI
2019-03-13 15:01:00+00:00,0.0,19.538194492518812,2812.25,ES,60,ISM Manufacturing
2019-03-22 15:01:00+00:00,-1.1144315408844834,-7.957208324000931,2828.75,ES,60,Wholesale Inventories
2019-03-28 13:31:00+00:00,0.0,-0.8871146601663327,2818.25,ES,60,GDP
2019-04-01 13:31:00+00:00,0.8294272845291496,6.117544433745792,2859.75,ES,60,Retail Sales
2019-04-01 15:01:00+00:00,-0.9983583974899426,5.242464078136777,2860.5,ES,60,ISM Manufacturing
2019-04-03 15:01:00+00:00,0.0,6.064018897653511,2885.0,ES,60,ISM Services
2019-04-05 13:31:00+00:00,-0.756773603869669,7.781092339165241,2890.5,ES,60,Employment Report (NFP)
2019-04-10 13:31:00+00:00,0.7732995247470321,0.0,2888.0,ES,60,CPI
2019-04-10 19:01:00+00:00,-0.9580891642060275,1.7295053657662152,2890.75,ES,60,FOMC Meeting Minutes
2019-04-17 15:01:00+00:00,0.0,-4.300890350563691,2907.0,ES,60,Wholesale Inventories
2019-04-18 13:31:00+00:00,0.0,-21.51186132671512,2908.5,ES,60,Retail Sales
2019-04-26 13:31:00+00:00,-0.7708840275028456,-15.385933456624201,2927.0,ES,60,GDP
2019-05-01 15:01:00+00:00,0.0,5.083884196928068,2949.75,ES,60,ISM Manufacturing
2019-05-03 13:31:00+00:00,-0.9939577477399071,9.372471184114772,2932.75,ES,60,Employment Report (NFP)+Wholesale Inventories
2019-05-03 15:01:00+00:00,0.0,-0.8503762920142321,2940.0,ES,60,ISM Services
2019-05-09 15:01:00+00:00,0.0,0.0,2840.5,ES,60,Wholesale Inventories
2019-05-10 13:31:00+00:00,-1.2792598755215774,-21.85220047053349,2863.25,ES,60,CPI
2019-05-15 13:31:00+00:00,-1.0997161624482665,31.8951275972168,2817.25,ES,60,Retail Sales
2019-05-22 19:01:00+00:00,0.0,-11.356192528602094,2863.5,ES,60,FOMC Meeting Minutes
2019-05-30 13:31:00+00:00,0.0,17.900300134545688,2790.75,ES,60,GDP+Wholesale Inventories
2019-06-03 15:01:00+00:00,-0.8626424450887024,-12.683458848350426,2761.25,ES,60,ISM Manufacturing
2019-06-05 15:01:00+00:00,0.0,39.13203143740773,2805.5,ES,60,ISM Services
2019-06-07 13:31:00+00:00,-0.969267838392089,44.53961338850121,2856.25,ES,60,Employment Report (NFP)
2019-06-07 15:01:00+00:00,-1.524414741593227,-22.56162012226781,2884.25,ES,60,Wholesale Inventories
2019-06-12 13:31:00+00:00,0.0,-6.063493624210992,2887.0,ES,60,CPI
2019-06-14 13:31:00+00:00,0.0,-19.926365700957405,2888.5,ES,60,Retail Sales
2019-06-26 13:31:00+00:00,-1.0521316639896063,-5.119454036712767,2930.75,ES,60,Wholesale Inventories
2019-06-27 13:31:00+00:00,0.0,11.096411876501122,2927.25,ES,60,GDP
2019-07-01 15:01:00+00:00,0.0,-15.157897639088702,2971.0,ES,60,ISM Manufacturing
2019-07-03 15:01:00+00:00,0.0,-2.5078370037334707,2991.0,ES,60,ISM Services
2019-07-05 13:31:00+00:00,0.0,-31.020775242556198,2986.5,ES,60,Employment Report (NFP)
2019-07-10 15:01:00+00:00,-1.233264774232885,-9.186187960708025,2995.0,ES,60,Wholesale Inventories
2019-07-10 19:01:00+00:00,-1.4650725152383322,-3.3375052458239907,2996.75,ES,60,FOMC Meeting Minutes
2019-07-11 13:31:00+00:00,0.0,4.1623309654070795,3002.5,ES,60,CPI
2019-07-16 13:31:00+00:00,-1.1625556585202232,1.6578249374887832,3015.75,ES,60,Retail Sales
2019-07-25 13:31:00+00:00,-1.1525715840916293,-29.056514569631986,3015.75,ES,60,Wholesale Inventories
2019-07-26 13:31:00+00:00,0.0,9.944477491430348,3015.25,ES,60,GDP
2019-08-01 15:01:00+00:00,-2.0,7.4766358623179485,3008.25,ES,60,ISM Manufacturing
2019-08-02 13:31:00+00:00,-0.9414572182571684,-18.70748844908121,2942.75,ES,60,Employment Report (NFP)
2019-08-05 15:01:00+00:00,0.0,6.972893161467653,2867.25,ES,60,ISM Services
2019-08-08 15:01:00+00:00,0.0,7.71571901623247,2915.0,ES,60,Wholesale Inventories
2019-08-13 13:31:00+00:00,0.0,175.62434868978016,2878.5,ES,60,CPI
2019-08-15 13:31:00+00:00,0.746087939080462,3.504161227265712,2853.25,ES,60,Retail Sales
2019-08-21 19:01:00+00:00,-0.8595594018778137,10.266063011314941,2920.75,ES,60,FOMC Meeting Minutes
2019-08-29 13:31:00+00:00,0.0,17.126224429233616,2917.0,ES,60,GDP+Wholesale Inventories
2019-09-03 15:01:00+00:00,1.5016521856953409,-3.4423408257211463,2905.5,ES,60,ISM Manufacturing
2019-09-05 15:01:00+00:00,1.123739545887543,-9.230124422874297,2980.75,ES,60,ISM Services
2019-09-06 13:31:00+00:00,0.0,-5.874208199792008,2980.0,ES,60,Employment Report (NFP)
2019-09-11 15:01:00+00:00,-1.1226479580462183,5.018400908269882,2988.25,ES,60,Wholesale Inventories
2019-09-12 13:31:00+00:00,0.0,-13.302296607378139,3009.0,ES,60,CPI
2019-09-13 13:31:00+00:00,-1.0112059185517936,-4.1478286712148815,3014.25,ES,60,Retail Sales
2019-09-26 13:31:00+00:00,0.0,-14.250390105949862,2984.5,ES,60,GDP+Wholesale Inventories
2019-10-01 15:01:00+00:00,0.0,10.12658314387238,2961.0,ES,60,ISM Manufacturing
2019-10-03 15:01:00+00:00,-1.6195051675504528,38.09858275324984,2881.75,ES,60,ISM Services
2019-10-04 13:31:00+00:00,0.0,43.57677678020977,2919.5,ES,60,Employment Report (NFP)
2019-10-09 15:01:00+00:00,0.6874234520635225,-7.728307456051908,2912.5,ES,60,Wholesale Inventories
2019-10-09 19:01:00+00:00,0.0,6.835270259273329,2925.0,ES,60,FOMC Meeting Minutes
2019-10-10 13:31:00+00:00,0.0,67.48989779429948,2916.5,ES,60,CPI
2019-10-16 13:31:00+00:00,0.26072418089497923,-6.693440678269269,2989.0,ES,60,Retail Sales
2019-10-28 13:31:00+00:00,0.0,10.70091059844458,3035.5,ES,60,Wholesale Inventories
2019-10-30 13:31:00+00:00,-1.5376563677844834,-13.18391753258652,3036.0,ES,60,GDP
2019-11-01 13:31:00+00:00,0.0,6.549861049620631,3052.5,ES,60,Employment Report (NFP)
2019-11-01 15:01:00+00:00,0.0,-8.174610117599457,3059.5,ES,60,ISM Manufacturing
2019-11-05 16:01:00+00:00,0.0,2.440512519754634,3072.75,ES,60,ISM Services
2019-11-08 16:01:00+00:00,0.0,-7.300158494309983,3083.25,ES,60,Wholesale Inventories
2019-11-13 14:31:00+00:00,0.0,15.412698244787748,3079.5,ES,60,CPI
2019-11-15 14:31:00+00:00,0.4018445774724652,-16.89529345139107,3110.0,ES,60,Retail Sales
2019-11-20 20:01:00+00:00,0.0,-8.055421734134427,3104.75,ES,60,FOMC Meeting Minutes
2019-11-26 14:31:00+00:00,0.0,13.557161452837363,3132.75,ES,60,Wholesale Inventories
2019-11-27 14:31:00+00:00,0.0,-3.975036821444178,3145.25,ES,60,GDP
2019-12-02 16:01:00+00:00,1.5490648575641253,0.8026004257999375,3114.75,ES,60,ISM Manufacturing
2019-12-04 16:01:00+00:00,1.588332373865453,-2.4066423444679685,3116.75,ES,60,ISM Services
2019-12-06 14:31:00+00:00,0.0,11.932700990300305,3140.75,ES,60,Employment Report (NFP)
2019-12-06 16:01:00+00:00,2.0,3.1763678500951187,3147.75,ES,60,Wholesale Inventories
2019-12-11 14:31:00+00:00,0.5784586076096068,14.33463652322331,3137.0,ES,60,CPI
2019-12-13 14:31:00+00:00,-1.3017791346933423,18.155271987687627,3164.25,ES,60,Retail Sales
2019-12-20 14:31:00+00:00,0.43887314694072027,,3219.25,ES,60,GDP
2019-12-30 14:31:00+00:00,-0.8992244737605044,-41.74080420749959,3241.0,ES,60,Wholesale Inventories
2020-01-03 16:01:00+00:00,0.807048428128723,10.04442811897377,3234.0,ES,60,ISM Manufacturing
2020-01-03 20:01:00+00:00,0.0,-14.66332502747747,3241.75,ES,60,FOMC Meeting Minutes
2020-01-07 16:01:00+00:00,0.7884963857328199,3.8543072360042174,3242.5,ES,60,ISM Services
2020-01-10 14:31:00+00:00,0.8592661915531976,-1.5238095267733343,3281.5,ES,60,Employment Report (NFP)
2020-01-10 16:01:00+00:00,-1.684140117772951,-12.962752968448399,3280.75,ES,60,Wholesale Inventories
2020-01-14 14:31:00+00:00,0.24104223145428139,-11.41943712081428,3285.75,ES,60,CPI
2020-01-16 14:31:00+00:00,-0.9037635538194783,2.2692031412319125,3304.75,ES,60,Retail Sales
2020-01-29 14:31:00+00:00,1.216106853171356,-40.348728182557636,3290.5,ES,60,Wholesale Inventories
2020-01-30 14:31:00+00:00,-0.9426414460205161,23.043254685291004,3251.0,ES,60,GDP
2020-02-03 16:01:00+00:00,-0.9417854922944013,-19.19607453974237,3259.0,ES,60,ISM Manufacturing
2020-02-05 16:01:00+00:00,-0.8439077457959604,10.539788674250872,3319.0,ES,60,ISM Services
2020-02-07 14:31:00+00:00,-0.6934713213466143,-15.024041287574619,3330.5,ES,60,Employment Report (NFP)
2020-02-07 16:01:00+00:00,0.0,17.99100935045317,3332.0,ES,60,Wholesale Inventories
2020-02-13 14:31:00+00:00,-0.7120300727661412,11.8976813558902,3360.0,ES,60,CPI
2020-02-14 14:31:00+00:00,-0.8663054991294862,-5.92417078937757,3377.0,ES,60,Retail Sales
2020-02-19 20:01:00+00:00,-0.964931545697059,-7.3730004077532385,3392.0,ES,60,FOMC Meeting Minutes
2020-02-27 14:31:00+00:00,0.7482603429385577,-23.738397755650453,3057.75,ES,60,GDP
2020-02-28 14:31:00+00:00,1.0148336000384923,-82.29786129884786,2897.75,ES,60,Wholesale Inventories
2020-03-02 16:01:00+00:00,1.887024745787981,89.88076487074892,2990.5,ES,60,ISM Manufacturing
2020-03-04 16:01:00+00:00,0.5952714725695638,35.18681262278278,3049.75,ES,60,ISM Services
2020-03-06 14:31:00+00:00,0.0,16.20262154659713,2929.25,ES,60,Employment Report (NFP)
2020-03-06 16:01:00+00:00,-1.2809937393995525,-56.55216591106793,2970.25,ES,60,Wholesale Inventories
2020-03-11 13:31:00+00:00,0.41549857316856204,10.709505708987876,2799.75,ES,60,CPI
2020-03-17 13:31:00+00:00,0.5257082514814836,-320.5502394111548,2448.75,ES,60,Retail Sales
2020-03-26 13:31:00+00:00,1.2760718088992298,83.3255490722351,2509.75,ES,60,GDP+Wholesale Inventories
2020-04-01 15:01:00+00:00,0.9485235534665735,-43.10567548682087,2499.25,ES,60,ISM Manufacturing
2020-04-03 13:31:00+00:00,1.2210595475644277,55.732628336446766,2505.0,ES,60,Employment Report (NFP)
2020-04-03 15:01:00+00:00,-0.7132734575823729,-70.33791057008187,2496.75,ES,60,ISM Services
2020-04-08 19:01:00+00:00,-1.0074552600549191,21.905813798177576,2736.0,ES,60,FOMC Meeting Minutes
2020-04-09 15:01:00+00:00,0.0,5.387931164815285,2783.25,ES,60,Wholesale Inventories
2020-04-10 13:31:00+00:00,0.0,,,ES,60,CPI
2020-04-15 13:31:00+00:00,1.1804421840008386,-18.950508762003437,2773.0,ES,60,Retail Sales
2020-04-28 13:31:00+00:00,0.24816091381221217,-71.54894537412915,2910.5,ES,60,Wholesale Inventories
2020-04-29 13:31:00+00:00,-0.9526252667321846,20.600865654873957,2909.5,ES,60,GDP
2020-05-01 15:01:00+00:00,-0.7510593357000276,-44.014155562095425,2846.25,ES,60,ISM Manufacturing
2020-05-05 15:01:00+00:00,1.391335232799645,18.222053721004272,2878.5,ES,60,ISM Services
2020-05-08 13:31:00+00:00,0.0,11.178469713826189,2905.75,ES,60,Employment Report (NFP)
2020-05-08 15:01:00+00:00,1.518726530606315,21.482285382887767,2906.25,ES,60,Wholesale Inventories
2020-05-12 13:31:00+00:00,-0.6324039860223357,-51.20338887975251,2937.0,ES,60,CPI
2020-05-15 13:31:00+00:00,0.0,48.62747745804086,2820.75,ES,60,Retail Sales
2020-05-20 19:01:00+00:00,-0.7961124440195818,-3.3695560928848067,2968.25,ES,60,FOMC Meeting Minutes
2020-05-28 13:31:00+00:00,-0.777093825788023,-18.927710049467805,3040.75,ES,60,GDP
2020-05-29 13:31:00+00:00,0.0,3.313727144913514,3017.25,ES,60,Wholesale Inventories
2020-06-01 15:01:00+00:00,0.0,-17.242091385156755,3047.5,ES,60,ISM Manufacturing
2020-06-03 15:01:00+00:00,0.0,15.267791948936349,3108.75,ES,60,ISM Services
2020-06-05 13:31:00+00:00,0.9373619734946139,0.7879910172903237,3172.5,ES,60,Employment Report (NFP)
2020-06-09 15:01:00+00:00,0.7642749318600783,-5.449379294866219,3212.25,ES,60,Wholesale Inventories
2020-06-10 13:31:00+00:00,1.606281426708877,-27.27876676967611,3212.0,ES,60,CPI
2020-06-16 13:31:00+00:00,-1.0642040320780342,-16.680571006979505,3150.0,ES,60,Retail Sales
2020-06-25 13:31:00+00:00,0.5752381581685896,-4.946006200903241,3033.5,ES,60,GDP+Wholesale Inventories
2020-07-01 15:01:00+00:00,0.4129805756237243,-33.895601817377496,3103.0,ES,60,ISM Manufacturing
2020-07-01 19:01:00+00:00,0.9328199745103996,22.50443000896496,3107.0,ES,60,FOMC Meeting Minutes
2020-07-02 13:31:00+00:00,-0.7031736390572187,30.97822088935942,3142.5,ES,60,Employment Report (NFP)
2020-07-06 15:01:00+00:00,0.0,3.1558185666114014,3168.25,ES,60,ISM Services
2020-07-09 15:01:00+00:00,-0.5975849216820893,-9.620781628782993,3119.75,ES,60,Wholesale Inventories
2020-07-14 13:31:00+00:00,0.8525794290848204,16.74841879722777,3132.0,ES,60,CPI
2020-07-16 13:31:00+00:00,-0.7050203883606788,-3.1262212056049066,3199.25,ES,60,Retail Sales
2020-07-29 13:31:00+00:00,0.0,18.60754142100518,3221.5,ES,60,Wholesale Inventories
2020-07-30 13:31:00+00:00,0.9052811688832929,-53.79081377775208,3215.5,ES,60,GDP
2020-08-03 15:01:00+00:00,0.0,15.97748276136457,3283.25,ES,60,ISM Manufacturing
2020-08-05 15:01:00+00:00,0.3911571254039957,1.5060240992070817,3319.75,ES,60,ISM Services
2020-08-07 13:31:00+00:00,0.6708160930228471,22.490451042429527,3331.0,ES,60,Employment Report (NFP)
2020-08-07 15:01:00+00:00,1.104175523133813,-18.706279539131287,3344.25,ES,60,Wholesale Inventories
2020-08-12 13:31:00+00:00,-0.8575777441840632,13.393855711676395,3357.5,ES,60,CPI
2020-08-14 13:31:00+00:00,0.0,12.627671130154283,3363.5,ES,60,Retail Sales
2020-08-19 19:01:00+00:00,-1.140765113877605,-19.217982114092536,3385.5,ES,60,FOMC Meeting Minutes
2020-08-27 13:31:00+00:00,0.3875207870053877,17.208005967113138,3483.75,ES,60,GDP
2020-08-28 13:31:00+00:00,-0.9648494568395602,-5.7261471753022875,3493.75,ES,60,Wholesale Inventories
2020-09-01 15:01:00+00:00,-0.8320845838494013,0.0,3506.75,ES,60,ISM Manufacturing
2020-09-03 15:01:00+00:00,0.0,-104.56300954714948,3509.0,ES,60,ISM Services
2020-09-04 13:31:00+00:00,0.0,-82.6391074848587,3463.0,ES,60,Employment Report (NFP)
2020-09-10 15:01:00+00:00,0.6877824706599391,73.68144150639466,3380.5,ES,60,Wholesale Inventories
2020-09-11 13:31:00+00:00,-1.1542511392829546,-53.71143088026997,3360.25,ES,60,CPI
2020-09-16 13:31:00+00:00,0.0,-1.4648795162841566,3413.5,ES,60,Retail Sales
2020-09-29 13:31:00+00:00,0.0,2.996254704044077,3337.0,ES,60,Wholesale Inventories
2020-09-30 13:31:00+00:00,-0.6132312274173628,39.61585328390527,3338.0,ES,60,GDP
2020-10-01 15:01:00+00:00,0.5251060588471911,28.956474180859004,3362.25,ES,60,ISM Manufacturing
2020-10-02 13:31:00+00:00,-0.6330578533148699,76.49654821950236,3320.75,ES,60,Employment Report (NFP)
2020-10-05 15:01:00+00:00,0.0,6.648690822217418,3383.0,ES,60,ISM Services
2020-10-07 19:01:00+00:00,0.0,4.394638611699975,3412.5,ES,60,FOMC Meeting Minutes
2020-10-09 15:01:00+00:00,0.0,8.67428130145953,3457.0,ES,60,Wholesale Inventories
2020-10-13 13:31:00+00:00,-0.6358294748519369,-9.941064512517528,3522.5,ES,60,CPI
2020-10-16 13:31:00+00:00,-0.6702014362726589,7.874861701999691,3490.75,ES,60,Retail Sales
2020-10-28 13:31:00+00:00,1.3690637460845656,-22.60739470788309,3321.25,ES,60,Wholesale Inventories
2020-10-29 13:31:00+00:00,-0.7938180023634961,11.449071967710722,3273.5,ES,60,GDP
2020-11-02 16:01:00+00:00,0.5387887928976977,-3.0282383455215722,3302.75,ES,60,ISM Manufacturing
2020-11-04 16:01:00+00:00,0.0,-7.227522719936985,3460.25,ES,60,ISM Services
2020-11-06 14:31:00+00:00,0.0,-32.217675979353544,3497.5,ES,60,Employment Report (NFP)
2020-11-06 16:01:00+00:00,0.6868922595302623,29.318194692820043,3491.0,ES,60,Wholesale Inventories
2020-11-12 14:31:00+00:00,-1.1946100942803553,-15.477701134010147,3556.25,ES,60,CPI
2020-11-17 14:31:00+00:00,0.8533618496148572,-24.34529773370997,3598.5,ES,60,Retail Sales
2020-11-25 14:31:00+00:00,0.0,-20.00345554062477,3628.0,ES,60,GDP+Wholesale Inventories
2020-11-25 20:01:00+00:00,1.2817860731069584,12.405239357917708,3625.25,ES,60,FOMC Meeting Minutes
2020-12-01 16:01:00+00:00,0.446980673443524,4.773432529532329,3665.25,ES,60,ISM Manufacturing
2020-12-03 16:01:00+00:00,0.0,2.0399143306804035,3676.25,ES,60,ISM Services
2020-12-04 14:31:00+00:00,0.0,19.712476219773123,3674.25,ES,60,Employment Report (NFP)
2020-12-09 16:01:00+00:00,0.662699889479143,-7.439218548874749,3698.0,ES,60,Wholesale Inventories
2020-12-10 14:31:00+00:00,0.8292480818087707,46.410129712164405,3654.5,ES,60,CPI
2020-12-16 14:31:00+00:00,1.0577063893969931,-6.76315459298138,3697.75,ES,60,Retail Sales
2020-12-22 14:31:00+00:00,1.080647734314219,-6.788405664259756,3684.0,ES,60,GDP
2020-12-30 14:31:00+00:00,0.0,8.70759290091172,3730.75,ES,60,Wholesale Inventories
2021-01-04 16:01:00+00:00,1.032816952846454,-41.87214870395195,3709.5,ES,60,ISM Manufacturing
2021-01-05 16:01:00+00:00,0.7108876287864947,18.259904305963914,3693.25,ES,60,ISM Manufacturing
2021-01-06 20:01:00+00:00,0.0,8.675053094826524,3744.75,ES,60,FOMC Meeting Minutes
2021-01-07 16:01:00+00:00,1.621948579611698,-9.875893748017006,3799.0,ES,60,ISM Services
2021-01-08 14:31:00+00:00,0.0,-1.3117334576762119,3812.0,ES,60,Employment Report (NFP)
2021-01-08 16:01:00+00:00,0.8353542267751488,-21.67275008503111,3810.75,ES,60,Wholesale Inventories
2021-01-13 14:31:00+00:00,0.0,-1.3176966681527347,3794.75,ES,60,CPI
2021-01-15 14:31:00+00:00,0.0,3.3120259965713217,3773.5,ES,60,Retail Sales
2021-01-28 14:31:00+00:00,0.0,25.173911936420268,3769.0,ES,60,GDP+Wholesale Inventories
2021-02-01 16:01:00+00:00,-1.485846836401714,58.8236990306612,3729.0,ES,60,ISM Manufacturing
2021-02-03 16:01:00+00:00,0.0,-2.6167735331839026,3822.0,ES,60,ISM Services
2021-02-05 14:31:00+00:00,-1.0145052522656337,-23.83791355274667,3885.0,ES,60,Employment Report (NFP)
2021-02-10 14:31:00+00:00,-0.5781329012560131,-8.282629252462925,3925.5,ES,60,CPI
2021-02-10 16:01:00+00:00,0.0,-14.747846602354286,3901.75,ES,60,Wholesale Inventories
2021-02-17 14:31:00+00:00,0.7470930260460257,23.641428218432736,3908.0,ES,60,Retail Sales
2021-02-17 20:01:00+00:00,0.0,7.647209141481426,3921.5,ES,60,FOMC Meeting Minutes
2021-02-25 14:31:00+00:00,1.3115330086674135,8.951979624605144,3908.0,ES,60,GDP
2021-02-26 14:31:00+00:00,0.0,-67.19973094515552,3844.75,ES,60,Wholesale Inventories
2021-03-01 16:01:00+00:00,0.0,-6.42343290330416,3893.25,ES,60,ISM Manufacturing
2021-03-03 16:01:00+00:00,0.0,24.611411386779025,3855.25,ES,60,ISM Services
2021-03-05 14:31:00+00:00,0.0,-77.90875271389552,3801.25,ES,60,Employment Report (NFP)
2021-03-08 16:01:00+00:00,-0.9984971930643843,-15.496871442550741,3874.75,ES,60,Wholesale Inventories
2021-03-10 14:31:00+00:00,-1.0589341876929026,16.66133035222117,3898.0,ES,60,CPI
2021-03-16 13:31:00+00:00,-0.893714548301789,12.584158207609164,3970.75,ES,60,Retail Sales
2021-03-25 13:31:00+00:00,0.7417233550988712,12.291769297902988,3862.0,ES,60,GDP
2021-03-26 13:31:00+00:00,0.3870719889363714,12.129338523045874,3913.75,ES,60,Wholesale Inventories
2021-04-01 15:01:00+00:00,1.394061477052118,-2.5015634902203487,3998.0,ES,60,ISM Manufacturing
2021-04-02 13:31:00+00:00,-0.10086045801077649,,,ES,60,Employment Report (NFP)
2021-04-05 15:01:00+00:00,0.6711384387020514,4.309416140806377,4060.0,ES,60,ISM Services
2021-04-07 19:01:00+00:00,-0.6793143893340311,-12.910763835769501,4069.0,ES,60,FOMC Meeting Minutes
2021-04-09 15:01:00+00:00,1.5528685054758127,1.8325646793826422,4092.25,ES,60,Wholesale Inventories
2021-04-13 13:31:00+00:00,0.0,9.098353825685024,4119.75,ES,60,CPI
2021-04-15 13:31:00+00:00,0.0,-1.2066365022178616,4144.0,ES,60,Retail Sales
2021-04-28 13:31:00+00:00,-0.6580784215757656,8.96030644462087,4183.25,ES,60,Wholesale Inventories
2021-04-29 13:31:00+00:00,0.0,-33.90136175802638,4210.5,ES,60,GDP
2021-05-03 15:01:00+00:00,-0.8633837293862283,-10.744986707145188,4190.25,ES,60,ISM Manufacturing
2021-05-05 15:01:00+00:00,0.0,10.193375189331277,4167.25,ES,60,ISM Services
2021-05-07 13:31:00+00:00,0.6903020099472656,39.82529708721927,4197.5,ES,60,Employment Report (NFP)
2021-05-07 15:01:00+00:00,0.0,2.365464233378134,4227.0,ES,60,Wholesale Inventories
2021-05-12 13:31:00+00:00,-0.7438258418014343,-23.694534005613832,4119.75,ES,60,CPI
2021-05-14 13:31:00+00:00,0.766529589373761,30.764614824079217,4138.0,ES,60,Retail Sales
2021-05-19 19:01:00+00:00,0.0,42.17223498063305,4081.75,ES,60,FOMC Meeting Minutes
2021-05-27 13:31:00+00:00,0.0,-11.892728998788016,4206.75,ES,60,GDP
2021-05-28 13:31:00+00:00,0.40087720132141835,1.780891043843269,4211.0,ES,60,Wholesale Inventories
2021-06-01 15:01:00+00:00,-1.2690015008569144,5.948132461846001,4201.75,ES,60,ISM Manufacturing
2021-06-03 15:01:00+00:00,0.0,8.341277890693277,4194.25,ES,60,ISM Services
2021-06-04 13:31:00+00:00,0.0,12.46032142702802,4210.75,ES,60,Employment Report (NFP)
2021-06-09 15:01:00+00:00,-0.22752946755683282,-1.7722640719597393,4232.25,ES,60,Wholesale Inventories
2021-06-10 13:31:00+00:00,0.6228020803222248,27.119460083042668,4234.75,ES,60,CPI
2021-06-15 13:31:00+00:00,0.0,-9.99441571774895,4254.5,ES,60,Retail Sales
2021-06-24 13:31:00+00:00,0.8521001591594124,-2.939015450991178,4253.75,ES,60,GDP+Wholesale Inventories
2021-07-01 15:01:00+00:00,2.0,-5.813615651213411,4301.5,ES,60,ISM Manufacturing
2021-07-02 13:31:00+00:00,-0.5367556986638633,6.940428271668964,4321.0,ES,60,Employment Report (NFP)
2021-07-06 15:01:00+00:00,-0.880362422025544,4.633920379504275,4315.0,ES,60,ISM Services
2021-07-07 19:01:00+00:00,-0.6619456876436047,-1.724187480931505,4350.25,ES,60,FOMC Meeting Minutes
2021-07-09 15:01:00+00:00,0.8201696880511794,14.365754517733365,4347.5,ES,60,Wholesale Inventories
2021-07-13 13:31:00+00:00,0.0,14.298380999910876,4368.0,ES,60,CPI
2021-07-16 13:31:00+00:00,0.0,-13.75910324270535,4363.75,ES,60,Retail Sales
2021-07-28 13:31:00+00:00,0.0,-23.889437446484862,4400.5,ES,60,Wholesale Inventories
2021-07-29 13:31:00+00:00,-0.7789520786699339,7.373167676583137,4406.25,ES,60,GDP
2021-08-02 15:01:00+00:00,0.0,3.97287101908006,4404.0,ES,60,ISM Manufacturing
2021-08-04 15:01:00+00:00,0.0,0.568553316213638,4397.0,ES,60,ISM Services
2021-08-06 13:31:00+00:00,0.38604121194466723,-9.606420087209244,4426.25,ES,60,Employment Report (NFP)
2021-08-06 15:01:00+00:00,0.7542791272723931,5.083166357238156,4425.25,ES,60,Wholesale Inventories
2021-08-11 13:31:00+00:00,0.0,-1.125745807790679,4441.75,ES,60,CPI
2021-08-17 13:31:00+00:00,1.342515932048158,-10.694887175155543,4443.75,ES,60,Retail Sales
2021-08-18 19:01:00+00:00,0.7386500858927502,-27.12325785548586,4430.25,ES,60,FOMC Meeting Minutes
2021-08-26 13:31:00+00:00,0.0,-6.1272805147893905,4489.5,ES,60,GDP
2021-08-27 13:31:00+00:00,0.9583474645008491,15.62325951084631,4477.0,ES,60,Wholesale Inventories
2021-09-01 15:01:00+00:00,-1.705931062906206,-5.5199824761942295,4530.25,ES,60,ISM Manufacturing
2021-09-03 13:31:00+00:00,0.8405856930722903,-1.656314703559758,4528.5,ES,60,Employment Report (NFP)
2021-09-03 15:01:00+00:00,-0.7655753318661779,7.726269700008004,4528.25,ES,60,ISM Services
2021-09-10 15:01:00+00:00,0.9645578622928292,-10.039041557021733,4484.75,ES,60,Wholesale Inventories
2021-09-14 13:31:00+00:00,-1.0390422353793696,-59.26771612244863,4484.5,ES,60,CPI
2021-09-16 13:31:00+00:00,1.1925649471396278,-29.65451886403514,4474.75,ES,60,Retail Sales
2021-09-28 13:31:00+00:00,-0.7145861797295717,-54.064952568424474,4404.75,ES,60,Wholesale Inventories
2021-09-30 13:31:00+00:00,-0.47320413857356747,-10.884198937759493,4366.5,ES,60,GDP
2021-10-01 15:01:00+00:00,0.0,26.139249874965742,4298.25,ES,60,ISM Manufacturing
2021-10-05 15:01:00+00:00,0.9029810364019442,5.749109046497836,4347.25,ES,60,ISM Services
2021-10-08 13:31:00+00:00,0.0,0.5687473341353666,4395.5,ES,60,Employment Report (NFP)
2021-10-08 15:01:00+00:00,-0.5021845338334703,6.260493645200427,4391.25,ES,60,Wholesale Inventories
2021-10-13 13:31:00+00:00,0.38911542293434037,-42.61697304730916,4350.25,ES,60,CPI
2021-10-13 19:01:00+00:00,0.9027578829497956,2.2985863795099704,4350.0,ES,60,FOMC Meeting Minutes
2021-10-15 13:31:00+00:00,0.4245652686578096,15.157897639070939,4449.75,ES,60,Retail Sales
2021-10-27 13:31:00+00:00,-0.8825394154456757,9.844135331462667,4569.0,ES,60,Wholesale Inventories
2021-10-28 13:31:00+00:00,0.6375067856512975,18.060919448572577,4563.75,ES,60,GDP
2021-11-01 15:01:00+00:00,0.5221040314233312,13.599153508785378,4592.75,ES,60,ISM Manufacturing
2021-11-03 15:01:00+00:00,0.7525110149683587,-3.2478077583419918,4619.25,ES,60,ISM Services
2021-11-05 13:31:00+00:00,0.34715620937172686,25.519711866763828,4696.25,ES,60,Employment Report (NFP)
2021-11-10 14:31:00+00:00,0.7991019813834415,28.37336949934155,4663.25,ES,60,CPI
2021-11-10 16:01:00+00:00,0.0,-3.209585990973096,4674.25,ES,60,Wholesale Inventories
2021-11-16 14:31:00+00:00,1.0931438776690896,34.69538295881591,4675.5,ES,60,Retail Sales
2021-11-24 14:31:00+00:00,0.7528161118558327,17.673999726959266,4663.75,ES,60,GDP+Wholesale Inventories
2021-11-24 20:01:00+00:00,0.0,13.313808383870196,4691.25,ES,60,FOMC Meeting Minutes
2021-12-01 16:01:00+00:00,2.0,16.160313794912895,4637.25,ES,60,ISM Manufacturing
2021-12-03 14:31:00+00:00,0.0,-74.28480740610865,4594.0,ES,60,Employment Report (NFP)
2021-12-03 16:01:00+00:00,0.5549565487897777,15.455953617795615,4525.5,ES,60,ISM Services
2021-12-09 16:01:00+00:00,0.0,10.66780557753333,4684.5,ES,60,Wholesale Inventories
2021-12-10 14:31:00+00:00,0.6242744562393463,-12.244790839694986,4698.75,ES,60,CPI
2021-12-15 14:31:00+00:00,-0.5281506027727636,-43.201276824333945,4639.5,ES,60,Retail Sales
2021-12-22 14:31:00+00:00,-0.9795927302340338,17.766297170922485,4639.5,ES,60,GDP
2021-12-29 14:31:00+00:00,-0.7074829201727741,5.749078999102153,4782.0,ES,60,Wholesale Inventories
2022-01-03 16:01:00+00:00,1.1453297455726594,-13.63755784399956,4769.5,ES,60,ISM Manufacturing
2022-01-04 16:01:00+00:00,0.45150747518631,-3.1384036244475055,4780.25,ES,60,ISM Manufacturing
2022-01-05 20:01:00+00:00,0.7479033090767341,-21.73625772964982,4720.75,ES,60,FOMC Meeting Minutes
2022-01-06 16:01:00+00:00,-1.0254364970120926,-11.715839022485852,4697.25,ES,60,ISM Services
2022-01-07 14:31:00+00:00,0.7918240277867463,12.265032866665138,4685.25,ES,60,Employment Report (NFP)
2022-01-10 16:01:00+00:00,0.3960270338495103,53.339265415459636,4581.0,ES,60,Wholesale Inventories
2022-01-12 14:31:00+00:00,0.9037476581650279,23.79128246897011,4723.0,ES,60,CPI
2022-01-14 14:31:00+00:00,0.0,51.79681376535683,4621.5,ES,60,Retail Sales
2022-01-26 14:31:00+00:00,0.7639766382517676,37.8799039516764,4413.5,ES,60,Wholesale Inventories
2022-01-27 14:31:00+00:00,0.0,3.985084451159082,4390.5,ES,60,GDP
2022-02-01 16:01:00+00:00,-1.599847883200065,-22.761980681202942,4508.25,ES,60,ISM Manufacturing
2022-02-03 16:01:00+00:00,0.0,-1.658970888840372,4521.25,ES,60,ISM Services
2022-02-04 14:31:00+00:00,0.38904953305318035,29.604825420861403,4469.0,ES,60,Employment Report (NFP)
2022-02-09 16:01:00+00:00,1.344728224542865,-18.601602912724502,4573.75,ES,60,Wholesale Inventories
2022-02-10 14:31:00+00:00,0.8633699672130084,73.79294458335295,4523.0,ES,60,CPI
2022-02-16 14:31:00+00:00,1.0148185320504117,-28.156342511813648,4445.75,ES,60,Retail Sales
2022-02-16 20:01:00+00:00,1.4480321871718689,10.618381974012436,4471.0,ES,60,FOMC Meeting Minutes
2022-02-24 14:31:00+00:00,-0.7057300739333233,90.13157226590351,4114.25,ES,60,GDP
2022-02-28 14:31:00+00:00,0.7986399583229545,24.77459280029848,4333.75,ES,60,Wholesale Inventories
2022-03-01 16:01:00+00:00,0.0,-14.436266402100273,4332.5,ES,60,ISM Manufacturing
2022-03-03 16:01:00+00:00,-0.7211402402680999,15.495426211629137,4352.75,ES,60,ISM Services
2022-03-04 14:31:00+00:00,0.0,-2.312272395990078,4325.25,ES,60,Employment Report (NFP)
2022-03-08 16:01:00+00:00,0.0,-54.437367108235435,4190.5,ES,60,Wholesale Inventories
2022-03-10 14:31:00+00:00,0.7075028535951099,27.737631758917303,4230.25,ES,60,CPI
2022-03-16 13:31:00+00:00,0.9085229927967355,46.95252517539217,4302.75,ES,60,Retail Sales
2022-03-28 13:31:00+00:00,0.6305798799614489,17.638633169738682,4531.5,ES,60,Wholesale Inventories
2022-03-30 13:31:00+00:00,0.7922960883156158,7.038250473279106,4616.0,ES,60,GDP
2022-04-01 13:31:00+00:00,-0.8821096997243244,-19.839089500521823,4541.0,ES,60,Employment Report (NFP)
2022-04-01 15:01:00+00:00,0.0,-11.597405690295659,4529.5,ES,60,ISM Manufacturing
2022-04-05 15:01:00+00:00,0.9239190387582644,-9.3250329019412,4559.75,ES,60,ISM Services
2022-04-06 19:01:00+00:00,0.0,-60.79724223859273,4495.75,ES,60,FOMC Meeting Minutes
2022-04-08 15:01:00+00:00,1.1267259676396977,-6.104498094607891,4506.25,ES,60,Wholesale Inventories
2022-04-12 13:31:00+00:00,0.0,52.856623284611715,4434.25,ES,60,CPI
2022-04-14 13:31:00+00:00,0.7811670707147726,-31.53688484175632,4446.25,ES,60,Retail Sales
2022-04-27 13:31:00+00:00,0.7354641108409196,74.3497848751673,4187.5,ES,60,Wholesale Inventories
2022-04-28 13:31:00+00:00,0.5620266302739853,-80.60258181739499,4235.25,ES,60,GDP
2022-05-02 15:01:00+00:00,0.5812665325782697,-44.316357245683946,4127.25,ES,60,ISM Manufacturing
2022-05-04 15:01:00+00:00,0.9945297052770182,-25.298170340875004,4155.75,ES,60,ISM Services
2022-05-06 13:31:00+00:00,-1.1703115096427403,-102.62138803877718,4113.75,ES,60,Employment Report (NFP)
2022-05-09 15:01:00+00:00,0.654707489350222,-40.51743115059736,4018.75,ES,60,Wholesale Inventories
2022-05-11 13:31:00+00:00,-1.0184413184422418,97.38512572582181,3985.25,ES,60,CPI
2022-05-17 13:31:00+00:00,0.0,-14.149930073230621,4066.5,ES,60,Retail Sales
2022-05-25 19:01:00+00:00,-0.9953292948950688,15.051743199165912,3983.25,ES,60,FOMC Meeting Minutes
2022-05-26 13:31:00+00:00,0.0,102.24527975317699,3989.5,ES,60,GDP
2022-05-27 13:31:00+00:00,-0.5243079302847733,61.59870665193523,4086.5,ES,60,Wholesale Inventories
2022-06-01 15:01:00+00:00,-0.6145989940958851,-40.874900578948825,4106.25,ES,60,ISM Manufacturing
2022-06-03 13:31:00+00:00,0.72292981245289,32.67383556668335,4125.0,ES,60,Employment Report (NFP)
2022-06-03 15:01:00+00:00,0.7018715623471711,-22.52733151529185,4110.75,ES,60,ISM Services
2022-06-08 15:01:00+00:00,-0.9496700799872555,24.708482754718375,4143.25,ES,60,Wholesale Inventories
2022-06-10 13:31:00+00:00,0.0,-64.14145763951495,3949.25,ES,60,CPI
2022-06-15 13:31:00+00:00,0.7540591112527983,46.97795386675807,3769.5,ES,60,Retail Sales
2022-06-28 13:31:00+00:00,0.7342948253449458,31.78238119012633,3926.75,ES,60,Wholesale Inventories
2022-06-29 13:31:00+00:00,-0.5729448845381165,-11.10784524023245,3828.25,ES,60,GDP
2022-07-01 15:01:00+00:00,-0.9003969499173481,42.38136268874371,3767.25,ES,60,ISM Manufacturing
2022-07-06 15:01:00+00:00,-1.1253660609425629,-37.92341409198485,3830.75,ES,60,ISM Services
2022-07-06 19:01:00+00:00,0.0,32.37086861410887,3855.25,ES,60,FOMC Meeting Minutes
2022-07-08 13:31:00+00:00,0.6636367198515506,-41.23717183858844,3888.0,ES,60,Employment Report (NFP)
2022-07-08 15:01:00+00:00,-0.3165235601102436,22.99879631273427,3908.75,ES,60,Wholesale Inventories
2022-07-13 13:31:00+00:00,-0.5822590686732618,5.958883878776078,3774.75,ES,60,CPI
2022-07-15 13:31:00+00:00,-0.6929064349365127,12.99460906658112,3845.25,ES,60,Retail Sales
2022-07-27 13:31:00+00:00,-0.5301578880854058,16.400684935291565,3960.0,ES,60,Wholesale Inventories
2022-07-28 13:31:00+00:00,-0.5263750110192208,-72.067906352693,4038.5,ES,60,GDP
2022-08-01 15:01:00+00:00,2.0,-16.902092639092814,4145.0,ES,60,ISM Manufacturing
2022-08-03 15:01:00+00:00,0.9434409427239298,16.931732895493212,4130.75,ES,60,ISM Services
2022-08-05 13:31:00+00:00,0.0,43.06560503028578,4112.75,ES,60,Employment Report (NFP)
2022-08-10 13:31:00+00:00,0.0,-9.53516162830681,4197.0,ES,60,CPI
2022-08-10 15:01:00+00:00,0.0,3.5673940565317253,4204.0,ES,60,Wholesale Inventories
2022-08-17 13:31:00+00:00,0.6601101725422072,12.278908135350264,4273.0,ES,60,Retail Sales
2022-08-17 19:01:00+00:00,-0.8927041610002525,-22.174251952158386,4289.0,ES,60,FOMC Meeting Minutes
2022-08-25 13:31:00+00:00,0.5489739551171658,42.61583232981536,4156.25,ES,60,GDP
2022-08-26 13:31:00+00:00,0.0,-16.688524555057427,4198.0,ES,60,Wholesale Inventories
2022-09-01 15:01:00+00:00,-0.8935836194876797,31.320937107324198,3905.0,ES,60,ISM Manufacturing
2022-09-02 13:31:00+00:00,-0.9071648322012748,-53.891595526813774,4000.25,ES,60,Employment Report (NFP)
2022-09-06 15:01:00+00:00,0.8734397706780076,-21.650543352755847,3930.25,ES,60,ISM Services
2022-09-09 15:01:00+00:00,0.8540834766847825,-17.85659782996163,4063.75,ES,60,Wholesale Inventories
2022-09-13 13:31:00+00:00,0.0,-44.21617043430359,4023.25,ES,60,CPI
2022-09-15 13:31:00+00:00,0.5218499761952851,65.92315963562356,3931.0,ES,60,Retail Sales
2022-09-28 13:31:00+00:00,0.6602724978770649,43.52860032149408,3667.75,ES,60,Wholesale Inventories
2022-09-29 13:31:00+00:00,0.45916901831703266,-117.05591667443116,3695.0,ES,60,GDP
2022-10-03 15:01:00+00:00,0.0,16.34098545689966,3668.75,ES,60,ISM Manufacturing
2022-10-05 15:01:00+00:00,-1.0028820994828058,18.694090101689653,3741.0,ES,60,ISM Services
2022-10-07 13:31:00+00:00,-0.6273949103735993,-90.6514122848634,3712.25,ES,60,Employment Report (NFP)
2022-10-07 15:01:00+00:00,0.9042366820883074,-20.351407879068972,3689.0,ES,60,Wholesale Inventories
2022-10-12 19:01:00+00:00,-0.7479174473770398,2.084563812587703,3597.5,ES,60,FOMC Meeting Minutes
2022-10-13 13:31:00+00:00,0.0,75.85192146965625,3513.25,ES,60,CPI
2022-10-14 13:31:00+00:00,0.0,-104.42896828166681,3706.0,ES,60,Retail Sales
2022-10-26 13:31:00+00:00,-1.155741412589616,50.692251271016175,3837.0,ES,60,Wholesale Inventories
2022-10-27 13:31:00+00:00,-0.4404348429646706,-72.8126997945111,3859.5,ES,60,GDP
2022-11-01 15:01:00+00:00,-0.5836956932311419,18.76112470075242,3860.75,ES,60,ISM Manufacturing
2022-11-03 15:01:00+00:00,-0.7521189188343534,-36.08905875083224,3747.5,ES,60,ISM Services
2022-11-04 13:31:00+00:00,-0.536217245414727,-46.30862999150054,3787.75,ES,60,Employment Report (NFP)
2022-11-09 16:01:00+00:00,0.44590286421020153,5.920079107291087,3799.5,ES,60,Wholesale Inventories
2022-11-10 14:31:00+00:00,0.0,39.04629700826945,3898.0,ES,60,CPI
2022-11-16 14:31:00+00:00,-0.5389234754072245,-11.924562871570288,3985.75,ES,60,Retail Sales
2022-11-23 20:01:00+00:00,-0.6709392021926891,5.580876342392571,4030.5,ES,60,FOMC Meeting Minutes
2022-11-30 14:31:00+00:00,0.8708645861929326,-36.62082637902131,3966.75,ES,60,GDP+Wholesale Inventories
2022-12-01 16:01:00+00:00,-1.6671142996920532,-17.778872353098052,4081.5,ES,60,ISM Manufacturing
2022-12-02 14:31:00+00:00,0.0,17.328881672717955,4036.0,ES,60,Employment Report (NFP)
2022-12-05 16:01:00+00:00,-1.517984507837954,-27.87674098915005,4041.25,ES,60,ISM Services
2022-12-09 16:01:00+00:00,0.0,-1.258336480844946,3973.75,ES,60,Wholesale Inventories
2022-12-13 14:31:00+00:00,-0.4715924001776636,-18.300499220842426,4102.0,ES,60,CPI
2022-12-15 14:31:00+00:00,0.0,-92.85235878593312,3949.25,ES,60,Retail Sales
2022-12-22 14:31:00+00:00,0.6611452299807735,-49.17194172641359,3873.5,ES,60,GDP
2022-12-27 14:31:00+00:00,0.4682031982308814,-58.98192553647874,3868.5,ES,60,Wholesale Inventories
2023-01-03 16:01:00+00:00,1.9106549695072206,-67.59417390959754,3859.5,ES,60,ISM Manufacturing
2023-01-04 16:01:00+00:00,1.273287763513356,39.40191772066726,3862.75,ES,60,ISM Manufacturing
2023-01-04 20:01:00+00:00,-0.9586989304340761,-20.03943913774009,3871.25,ES,60,FOMC Meeting Minutes
2023-01-06 14:31:00+00:00,0.6754241618320913,-24.65452491303921,3858.0,ES,60,Employment Report (NFP)
2023-01-06 16:01:00+00:00,0.0,-1.9289503354968929,3888.5,ES,60,ISM Services
2023-01-10 16:01:00+00:00,0.0,-9.573348530906856,3919.0,ES,60,Wholesale Inventories
2023-01-12 14:31:00+00:00,0.6721577640709412,-62.68826948641504,4000.5,ES,60,CPI
2023-01-18 14:31:00+00:00,-0.41166331336537937,7.4492523154390256,4025.75,ES,60,Retail Sales
2023-01-26 14:31:00+00:00,-0.45998710975897716,-55.538556827947616,4062.5,ES,60,GDP+Wholesale Inventories
2023-02-01 16:01:00+00:00,0.0,25.782703048591316,4067.25,ES,60,ISM Manufacturing
2023-02-03 14:31:00+00:00,-0.8419433277811691,25.896608769357954,4145.75,ES,60,Employment Report (NFP)
2023-02-03 16:01:00+00:00,0.5623306226980699,13.735855723524537,4183.25,ES,60,ISM Services
2023-02-08 16:01:00+00:00,-1.2171018191000016,-29.611745463000716,4143.0,ES,60,Wholesale Inventories
2023-02-14 14:31:00+00:00,0.8799000964848513,76.12869828722779,4122.0,ES,60,CPI
2023-02-15 14:31:00+00:00,0.5186580399170899,8.485877585222568,4122.75,ES,60,Retail Sales
2023-02-22 20:01:00+00:00,-0.6297828896151184,-2.507208236792735,3989.0,ES,60,FOMC Meeting Minutes
2023-02-23 14:31:00+00:00,0.4482778053510604,12.407719192175648,4027.25,ES,60,GDP
2023-02-28 14:31:00+00:00,0.0,16.93799219292913,3981.75,ES,60,Wholesale Inventories
2023-03-01 16:01:00+00:00,1.693230168525217,-26.518515351128258,3964.75,ES,60,ISM Manufacturing
2023-03-03 16:01:00+00:00,0.0,11.197512834080214,4016.5,ES,60,ISM Services
2023-03-07 16:01:00+00:00,-1.1756793182232788,-0.6235385816566463,4009.5,ES,60,Wholesale Inventories
2023-03-10 14:31:00+00:00,0.6688368784874142,-5.758710208105811,3908.25,ES,60,Employment Report (NFP)
2023-03-14 13:31:00+00:00,0.4179262133038582,13.419818609854417,3909.5,ES,60,CPI
2023-03-15 13:31:00+00:00,-0.6132482653950929,-10.361353083432334,3862.5,ES,60,Retail Sales
2023-03-28 13:31:00+00:00,0.0,-6.25273577554708,3999.5,ES,60,Wholesale Inventories
2023-03-30 13:31:00+00:00,0.6595252146732095,6.733800872744666,4082.5,ES,60,GDP
2023-04-03 15:01:00+00:00,-0.8399567251395963,-1.209262955725876,4135.0,ES,60,ISM Manufacturing
2023-04-05 15:01:00+00:00,-1.1469168997034345,14.006883931898528,4102.25,ES,60,ISM Services
2023-04-07 13:31:00+00:00,-0.1259788472746187,,,ES,60,Employment Report (NFP)
2023-04-10 15:01:00+00:00,0.670864982220741,18.243741377332867,4107.25,ES,60,Wholesale Inventories
2023-04-12 13:31:00+00:00,-0.6159933701376689,-27.717540039802202,4154.75,ES,60,CPI
2023-04-12 19:01:00+00:00,1.521863369787413,-29.096219836084458,4130.25,ES,60,FOMC Meeting Minutes
2023-04-14 13:31:00+00:00,0.0,28.74597739445761,4168.5,ES,60,Retail Sales
2023-04-26 13:31:00+00:00,0.0,-5.4879723320411244,4101.0,ES,60,Wholesale Inventories
2023-04-27 13:31:00+00:00,0.6612875704479475,18.89380418823805,4098.0,ES,60,GDP
2023-05-01 15:01:00+00:00,-1.48900055776424,-30.992991789560165,4201.0,ES,60,ISM Manufacturing
2023-05-03 15:01:00+00:00,0.0,-7.254700759524724,4136.75,ES,60,ISM Services
2023-05-05 13:31:00+00:00,0.0,40.04130812464979,4112.5,ES,60,Employment Report (NFP)
2023-05-08 15:01:00+00:00,0.0,-12.054729927051255,4150.25,ES,60,Wholesale Inventories
2023-05-10 13:31:00+00:00,0.0,-25.848350780925955,4164.25,ES,60,CPI
2023-05-16 13:31:00+00:00,-0.2586058946865907,-9.063170917364971,4139.5,ES,60,Retail Sales
2023-05-24 19:01:00+00:00,0.9584291379823486,44.206327477773755,4119.25,ES,60,FOMC Meeting Minutes
2023-05-25 13:31:00+00:00,0.7520556143607798,-4.818116209790446,4152.0,ES,60,GDP
2023-05-26 13:31:00+00:00,-0.6055744919635263,51.453984526936836,4167.75,ES,60,Wholesale Inventories
2023-06-01 15:01:00+00:00,0.0,19.604937216541884,4204.0,ES,60,ISM Manufacturing
2023-06-02 13:31:00+00:00,0.7402553023272392,-15.26897172386299,4260.25,ES,60,Employment Report (NFP)
2023-06-05 15:01:00+00:00,0.0,7.56187686906884,4296.25,ES,60,ISM Services
2023-06-08 15:01:00+00:00,-1.3554631697384165,6.997492850686626,4285.75,ES,60,Wholesale Inventories
2023-06-13 13:31:00+00:00,-0.7321432297864795,3.440958914460168,4358.5,ES,60,CPI
2023-06-15 13:31:00+00:00,-0.37334310688454786,45.118440855027586,4367.5,ES,60,Retail Sales
2023-06-28 13:31:00+00:00,0.0,-1.7022725379334247,4406.25,ES,60,Wholesale Inventories
2023-06-29 13:31:00+00:00,0.0,23.20383621263744,4412.25,ES,60,GDP
2023-07-03 15:01:00+00:00,0.5154788757783346,7.242138418561694,4486.0,ES,60,ISM Manufacturing
2023-07-05 19:01:00+00:00,0.8478287472418757,4.456079837567017,4487.25,ES,60,FOMC Meeting Minutes
2023-07-06 15:01:00+00:00,0.0,3.391171682309846,4422.5,ES,60,ISM Services
2023-07-07 13:31:00+00:00,0.0,33.762904167851104,4435.25,ES,60,Employment Report (NFP)
2023-07-10 15:01:00+00:00,1.3657893399596899,8.453324068433687,4434.25,ES,60,Wholesale Inventories
2023-07-12 13:31:00+00:00,-0.5009947696208717,11.632739159708194,4510.5,ES,60,CPI
2023-07-18 13:31:00+00:00,-1.3368639141252698,32.941722992134714,4546.0,ES,60,Retail Sales
2023-07-27 13:31:00+00:00,-1.078249442556037,2.701607472879175,4626.25,ES,60,GDP+Wholesale Inventories
2023-08-01 15:01:00+00:00,-0.9425885328646698,-3.805278510782273,4599.75,ES,60,ISM Manufacturing
2023-08-03 15:01:00+00:00,-1.832071032167333,19.90050408007704,4518.0,ES,60,ISM Services
2023-08-04 13:31:00+00:00,-0.4853697761547963,-8.81882876974771,4537.75,ES,60,Employment Report (NFP)
2023-08-08 15:01:00+00:00,-1.0111748902969189,16.15374254622992,4484.5,ES,60,Wholesale Inventories
2023-08-10 13:31:00+00:00,0.0,69.59431568809293,4510.5,ES,60,CPI
2023-08-15 13:31:00+00:00,0.3504206176966544,-29.56354126443017,4488.5,ES,60,Retail Sales
2023-08-16 19:01:00+00:00,-0.5536192282624682,-36.680721695177,4438.25,ES,60,FOMC Meeting Minutes
2023-08-30 13:31:00+00:00,-0.8582554963285325,34.29586280041974,4511.75,ES,60,GDP+Wholesale Inventories
2023-09-01 13:31:00+00:00,-0.452216919730957,-40.80063001374867,4543.5,ES,60,Employment Report (NFP)
2023-09-01 15:01:00+00:00,-0.7935618683326016,-3.8728596019055317,4519.5,ES,60,ISM Manufacturing
2023-09-06 15:01:00+00:00,0.0,4.4785311166961606,4464.75,ES,60,ISM Services
2023-09-08 15:01:00+00:00,0.9957262705644345,14.543016323145252,4466.25,ES,60,Wholesale Inventories
2023-09-13 13:31:00+00:00,-0.6688419163824563,2.796029656124688,4470.0,ES,60,CPI
2023-09-14 13:31:00+00:00,-0.5305565375365705,2.7841969163944214,4489.0,ES,60,Retail Sales
2023-09-28 13:31:00+00:00,0.6094245269413642,46.933481290771795,4304.5,ES,60,GDP
2023-09-29 13:31:00+00:00,0.0,10.876722027148844,4364.75,ES,60,Wholesale Inventories
2023-10-02 15:01:00+00:00,0.0,41.611341322429496,4316.75,ES,60,ISM Manufacturing
2023-10-04 15:01:00+00:00,0.82346364591943,44.53567279046666,4256.75,ES,60,ISM Services
2023-10-06 13:31:00+00:00,-0.4633887027373246,-10.550379033844592,4267.5,ES,60,Employment Report (NFP)
2023-10-10 15:01:00+00:00,-1.4283627251916675,26.678034837850362,4398.5,ES,60,Wholesale Inventories
2023-10-11 19:01:00+00:00,-0.6105690680155277,6.8208949384640505,4396.75,ES,60,FOMC Meeting Minutes
2023-10-12 13:31:00+00:00,0.6533947736150804,-28.383306975001688,4410.25,ES,60,CPI
2023-10-17 13:31:00+00:00,-0.7708519455404831,-7.435157195736508,4372.75,ES,60,Retail Sales
2023-10-26 13:31:00+00:00,-0.7688531140920941,-38.19759941290357,4196.75,ES,60,GDP+Wholesale Inventories
2023-11-01 15:01:00+00:00,0.7127981759409924,-18.881289536665236,4241.0,ES,60,ISM Manufacturing
2023-11-03 13:31:00+00:00,1.1587817388573483,33.773179587761604,4360.0,ES,60,Employment Report (NFP)
2023-11-03 15:01:00+00:00,0.5385718858790592,3.4311202944437014,4371.0,ES,60,ISM Services
2023-11-08 16:01:00+00:00,-0.9054162170790621,-7.399186427115012,4394.0,ES,60,Wholesale Inventories
2023-11-14 14:31:00+00:00,0.7744216833967795,39.476296018463586,4487.5,ES,60,CPI
2023-11-15 14:31:00+00:00,1.0268235478064007,-4.420622274565744,4525.25,ES,60,Retail Sales
2023-11-21 20:01:00+00:00,0.0,-4.944375873279228,4551.75,ES,60,FOMC Meeting Minutes
2023-11-29 14:31:00+00:00,0.0,21.784127991644198,4585.5,ES,60,GDP+Wholesale Inventories
2023-12-01 16:01:00+00:00,-0.8357120235024414,25.68798723530108,4568.25,ES,60,ISM Manufacturing
2023-12-05 16:01:00+00:00,-2.0,-19.109503235448244,4583.25,ES,60,ISM Services
2023-12-07 16:01:00+00:00,0.5729484855432355,-15.818904157889335,4586.75,ES,60,Wholesale Inventories
2023-12-08 14:31:00+00:00,-0.75930076766979,27.769476885239897,4585.0,ES,60,Employment Report (NFP)
2023-12-12 14:31:00+00:00,0.0,-2.1648536102247817,4619.75,ES,60,CPI
2023-12-14 14:31:00+00:00,-0.5193713455824993,2.1133830056996317,4731.25,ES,60,Retail Sales
2023-12-21 14:31:00+00:00,-0.6060948385158881,-9.929190019093426,4786.25,ES,60,GDP
2023-12-28 14:31:00+00:00,0.0,0.0,4835.0,ES,60,Wholesale Inventories
2024-01-02 16:01:00+00:00,-0.8942556269121962,11.502667795504351,4778.75,ES,60,ISM Manufacturing
2024-01-03 16:01:00+00:00,0.0,-1.5764996485501115,4757.75,ES,60,ISM Manufacturing
2024-01-03 20:01:00+00:00,-0.7317007288085835,-17.86840921077726,4761.25,ES,60,FOMC Meeting Minutes
2024-01-05 14:31:00+00:00,-0.7239832389882063,29.030660910187578,4729.5,ES,60,Employment Report (NFP)
2024-01-05 16:01:00+00:00,0.0,-17.35609345146827,4757.5,ES,60,ISM Services
2024-01-10 16:01:00+00:00,-1.8732997677686998,-7.806198517705809,4805.75,ES,60,Wholesale Inventories
2024-01-11 14:31:00+00:00,0.0,-33.71459922188791,4828.0,ES,60,CPI
2024-01-17 14:31:00+00:00,-0.9490212729096301,-14.1750909678251,4765.25,ES,60,Retail Sales
2024-01-25 14:31:00+00:00,-1.3145729664644805,4.070211198374807,4912.75,ES,60,GDP+Wholesale Inventories
2024-02-01 16:01:00+00:00,0.8689365297239541,13.825948895700435,4878.75,ES,60,ISM Manufacturing
2024-02-02 14:31:00+00:00,0.0,15.693424639842135,4934.5,ES,60,Employment Report (NFP)
2024-02-05 16:01:00+00:00,0.7109847463537461,15.664875989394034,4943.5,ES,60,ISM Services
2024-02-08 16:01:00+00:00,1.491863462115528,-12.474117826357656,5013.5,ES,60,Wholesale Inventories
2024-02-13 14:31:00+00:00,0.8376204818900055,-10.564178360077392,4972.25,ES,60,CPI
2024-02-15 14:31:00+00:00,0.0,6.968641396980502,5020.75,ES,60,Retail Sales
2024-02-21 20:01:00+00:00,1.5305428665012555,0.5032079507927278,4968.0,ES,60,FOMC Meeting Minutes
2024-02-28 14:31:00+00:00,1.1390114430282505,-5.420722074340745,5074.5,ES,60,GDP+Wholesale Inventories
2024-03-01 16:01:00+00:00,-1.732233077721931,0.9758477685295475,5123.5,ES,60,ISM Manufacturing
2024-03-05 16:01:00+00:00,-0.9902158970838054,3.9244543059524517,5095.25,ES,60,ISM Services
2024-03-06 16:01:00+00:00,0.0,13.17491102323487,5120.0,ES,60,Wholesale Inventories
2024-03-08 14:31:00+00:00,1.0585437108488687,43.453139056168766,5166.75,ES,60,Employment Report (NFP)
2024-03-12 13:31:00+00:00,1.3679141751496675,-1.4578322060998516,5145.0,ES,60,CPI
2024-03-14 13:31:00+00:00,0.6959046777877695,-63.00607282394566,5174.5,ES,60,Retail Sales
2024-03-28 13:31:00+00:00,-0.824719062770392,8.00395532266407,5307.75,ES,60,GDP
2024-03-29 13:31:00+00:00,-0.14309849043178746,,,ES,60,Wholesale Inventories
2024-04-01 15:01:00+00:00,0.0,-6.138880555468518,5295.75,ES,60,ISM Manufacturing
2024-04-03 15:01:00+00:00,0.0,3.31478634503668,5278.5,ES,60,ISM Services
2024-04-05 13:31:00+00:00,0.0,30.660175402807965,5210.5,ES,60,Employment Report (NFP)
2024-04-10 13:31:00+00:00,1.084034002136989,5.289606047682582,5197.5,ES,60,CPI
2024-04-10 15:01:00+00:00,1.0830352773151144,1.440472477440835,5206.25,ES,60,Wholesale Inventories
2024-04-10 19:01:00+00:00,-1.1877231240636168,15.389797679929984,5194.25,ES,60,FOMC Meeting Minutes
2024-04-15 13:31:00+00:00,-0.6608809935551139,3.360134437002671,5207.25,ES,60,Retail Sales
2024-04-25 13:31:00+00:00,0.7542433650195148,-26.324300596556327,5040.0,ES,60,GDP+Wholesale Inventories
2024-05-01 15:01:00+00:00,0.0,-8.408557438670528,5056.5,ES,60,ISM Manufacturing
2024-05-03 13:31:00+00:00,-1.1055185837639636,-10.676503003885784,5154.25,ES,60,Employment Report (NFP)
2024-05-03 15:01:00+00:00,0.0,7.785509614208763,5135.75,ES,60,ISM Services
2024-05-08 15:01:00+00:00,0.0,-8.633922255434356,5214.25,ES,60,Wholesale Inventories
2024-05-15 13:31:00+00:00,-0.9430142831157733,-0.9442870639730927,5295.25,ES,60,CPI+Retail Sales
2024-05-22 19:01:00+00:00,0.0,4.231411238784233,5316.25,ES,60,FOMC Meeting Minutes
2024-05-30 13:31:00+00:00,1.115348571700475,0.9489466699008631,5268.75,ES,60,GDP+Wholesale Inventories
2024-06-03 15:01:00+00:00,0.0,14.197825385444673,5278.75,ES,60,ISM Manufacturing
2024-06-05 15:01:00+00:00,-1.1313040514166308,15.465007651478402,5330.5,ES,60,ISM Services
2024-06-07 13:31:00+00:00,-0.9090641681461774,23.35794764697141,5345.25,ES,60,Employment Report (NFP)
2024-06-07 15:01:00+00:00,0.7395064086811819,9.316192214683383,5364.5,ES,60,Wholesale Inventories
2024-06-12 13:31:00+00:00,0.0,24.382962417277554,5427.5,ES,60,CPI
2024-06-18 13:31:00+00:00,0.0,5.015845617144521,5481.25,ES,60,Retail Sales
2024-06-27 13:31:00+00:00,-0.7474312242714838,11.722273659700022,5541.75,ES,60,GDP+Wholesale Inventories
2024-07-01 15:01:00+00:00,-1.0973006637693201,18.129084008080554,5511.0,ES,60,ISM Manufacturing
2024-07-03 15:01:00+00:00,0.0,4.484103926962746,5574.0,ES,60,ISM Services
2024-07-03 19:01:00+00:00,0.0,,,ES,60,FOMC Meeting Minutes
2024-07-05 13:31:00+00:00,0.7565393927166454,18.31379629674501,5591.75,ES,60,Employment Report (NFP)
2024-07-10 15:01:00+00:00,0.0,16.381470468722625,5642.0,ES,60,Wholesale Inventories
2024-07-11 13:31:00+00:00,-0.7776229359794847,6.151683118673645,5687.75,ES,60,CPI
2024-07-16 13:31:00+00:00,-0.6338556647100746,1.7546168400528472,5698.75,ES,60,Retail Sales
2024-07-24 13:31:00+00:00,-0.9786857289145987,-44.24186711641909,5550.0,ES,60,Wholesale Inventories
2024-07-25 13:31:00+00:00,0.7883056749018177,-35.71268847615272,5470.0,ES,60,GDP
2024-08-01 15:01:00+00:00,0.0,-19.935668783688243,5523.25,ES,60,ISM Manufacturing
2024-08-02 13:31:00+00:00,-0.6721165134877388,-24.55239460985581,5403.25,ES,60,Employment Report (NFP)
2024-08-05 15:01:00+00:00,0.0,79.91046662354506,5203.75,ES,60,ISM Services
2024-08-08 15:01:00+00:00,0.6552039340436799,2.348796252711338,5321.25,ES,60,Wholesale Inventories
2024-08-14 13:31:00+00:00,0.0,-30.67416849436455,5469.0,ES,60,CPI
2024-08-15 13:31:00+00:00,-0.9934548086384966,0.9029345378763765,5537.25,ES,60,Retail Sales
2024-08-21 19:01:00+00:00,-1.2490922260369688,-11.531468878835938,5640.0,ES,60,FOMC Meeting Minutes
2024-08-29 13:31:00+00:00,-0.800122191926337,32.83492323060244,5625.0,ES,60,GDP+Wholesale Inventories
2024-09-03 15:01:00+00:00,-0.9177352928052191,21.05216786116415,5575.5,ES,60,ISM Manufacturing
2024-09-05 15:01:00+00:00,1.3494887164767702,-37.208501046173126,5519.75,ES,60,ISM Services
2024-09-06 13:31:00+00:00,0.0,-58.08693043334756,5525.0,ES,60,Employment Report (NFP)
2024-09-09 15:01:00+00:00,0.0,17.416017968336917,5450.0,ES,60,Wholesale Inventories
2024-09-11 13:31:00+00:00,-1.080095358294238,-70.8266800491586,5490.5,ES,60,CPI
2024-09-17 13:31:00+00:00,0.6639511772814065,-12.815698773316342,5660.75,ES,60,Retail Sales
2024-09-26 13:31:00+00:00,0.0,-1.2891304832862716,5818.25,ES,60,GDP
2024-09-27 13:31:00+00:00,0.0,2.5810892339706015,5810.75,ES,60,Wholesale Inventories
2024-10-01 15:01:00+00:00,-1.1584827126588373,5.650085988158082,5750.5,ES,60,ISM Manufacturing
2024-10-03 15:01:00+00:00,1.4853476487046693,20.45658044011134,5738.0,ES,60,ISM Services
2024-10-04 13:31:00+00:00,0.6091540240192858,-33.29948803234117,5790.5,ES,60,Employment Report (NFP)
2024-10-09 15:01:00+00:00,0.0,12.01665309185529,5821.75,ES,60,Wholesale Inventories
2024-10-09 19:01:00+00:00,-0.7455770895939609,11.572835135744697,5829.25,ES,60,FOMC Meeting Minutes
2024-10-10 13:31:00+00:00,-1.099157486627673,6.867542548221195,5822.5,ES,60,CPI
2024-10-17 13:31:00+00:00,0.0,-24.954017220899516,5918.25,ES,60,Retail Sales
2024-10-29 13:31:00+00:00,-0.9487128464070849,4.700955235215076,5848.5,ES,60,Wholesale Inventories
2024-10-30 13:31:00+00:00,-1.319137855556344,15.766488831197023,5862.25,ES,60,GDP
2024-11-01 13:31:00+00:00,0.0,28.59620666196605,5761.75,ES,60,Employment Report (NFP)
2024-11-01 15:01:00+00:00,-0.7640487134533664,15.09629564882431,5791.75,ES,60,ISM Manufacturing
2024-11-05 16:01:00+00:00,0.7287487917734702,20.725396019720677,5784.0,ES,60,ISM Services
2024-11-07 16:01:00+00:00,-2.0,-4.17031575334903,5996.0,ES,60,Wholesale Inventories
2024-11-13 14:31:00+00:00,-0.9833991077665445,-14.968195385378635,6017.25,ES,60,CPI
2024-11-15 14:31:00+00:00,0.6104092268991226,-24.02580767512319,5938.25,ES,60,Retail Sales
2024-11-26 20:01:00+00:00,-0.5370918095191567,5.801906503393184,6030.75,ES,60,FOMC Meeting Minutes
2024-11-27 14:31:00+00:00,1.0211974336602299,2.073097422261583,6029.0,ES,60,GDP+Wholesale Inventories
2024-12-02 16:01:00+00:00,1.220332637297441,9.908348593654637,6052.5,ES,60,ISM Manufacturing
2024-12-04 16:01:00+00:00,0.0,-0.8215914230547128,6086.0,ES,60,ISM Services
2024-12-06 14:31:00+00:00,-0.8077564476549248,18.436205725862465,6096.5,ES,60,Employment Report (NFP)
2024-12-09 16:01:00+00:00,0.0,4.114379815298719,6075.0,ES,60,Wholesale Inventories
2024-12-11 14:31:00+00:00,0.8105592749114011,16.453460994547697,6072.75,ES,60,CPI
2024-12-17 14:31:00+00:00,0.0,4.544609551651035,6049.75,ES,60,Retail Sales
2024-12-19 14:31:00+00:00,0.7022015622106097,-16.051367812295325,5923.25,ES,60,GDP
2024-12-27 14:31:00+00:00,-0.5829234023452636,-26.88229249734775,6053.0,ES,60,Wholesale Inventories
2025-01-02 16:01:00+00:00,1.3794087074727084,0.8407247051778199,5947.0,ES,60,ISM Manufacturing
2025-01-03 16:01:00+00:00,0.0,13.829232167310579,5961.5,ES,60,ISM Manufacturing
2025-01-07 16:01:00+00:00,0.0,-20.426461444991162,6003.25,ES,60,ISM Services
2025-01-08 16:01:00+00:00,0.0,5.882600278894756,5948.0,ES,60,Wholesale Inventories
2025-01-08 20:01:00+00:00,0.0,2.9383985939190893,5954.75,ES,60,FOMC Meeting Minutes
2025-01-10 14:31:00+00:00,0.7537288059888797,-64.05791339322064,5912.0,ES,60,Employment Report (NFP)
2025-01-15 14:31:00+00:00,0.6933753366610722,38.09050041876816,5961.25,ES,60,CPI
2025-01-16 14:31:00+00:00,-0.905613421739956,-34.6606322819909,5997.0,ES,60,Retail Sales
2025-01-29 14:31:00+00:00,-0.8414942781302795,-2.875629063687768,6086.5,ES,60,Wholesale Inventories
2025-01-30 14:31:00+00:00,1.0259838798243364,9.437253228981035,6090.0,ES,60,GDP
2025-02-03 16:01:00+00:00,0.0,-4.148516964725957,6027.5,ES,60,ISM Manufacturing
2025-02-05 16:01:00+00:00,-1.605150895882582,11.977780586569509,6049.25,ES,60,ISM Services
2025-02-07 14:31:00+00:00,0.0,-7.775572817116938,6111.25,ES,60,Employment Report (NFP)
2025-02-07 16:01:00+00:00,0.0,-7.416869597101083,6069.5,ES,60,Wholesale Inventories
2025-02-12 14:31:00+00:00,0.0,33.543876571258124,6026.75,ES,60,CPI
2025-02-14 14:31:00+00:00,-0.7498091996316305,2.8509174038049423,6137.5,ES,60,Retail Sales
2025-02-19 20:01:00+00:00,0.0,-11.767810313720872,6164.5,ES,60,FOMC Meeting Minutes
2025-02-27 14:31:00+00:00,0.8175160898315151,-101.36637017254202,5998.75,ES,60,GDP
2025-02-28 14:31:00+00:00,-1.4746341082614196,24.223891490997573,5875.5,ES,60,Wholesale Inventories
2025-03-03 16:01:00+00:00,-1.1221486403190817,-7.140907198639468,5953.75,ES,60,ISM Manufacturing
2025-03-05 16:01:00+00:00,0.9797255950051806,-29.44234894421527,5782.5,ES,60,ISM Services
2025-03-06 16:01:00+00:00,0.0,-2.5820889242922362,5810.0,ES,60,Wholesale Inventories
2025-03-07 14:31:00+00:00,0.7377740530750948,25.256937307283067,5733.75,ES,60,Employment Report (NFP)
2025-03-12 13:31:00+00:00,0.0,-52.05448543708968,5633.75,ES,60,CPI
2025-03-17 13:31:00+00:00,0.0,59.289585653985455,5633.5,ES,60,Retail Sales
2025-03-27 13:31:00+00:00,0.0,25.64605522067609,5744.0,ES,60,GDP+Wholesale Inventories
2025-04-01 15:01:00+00:00,0.0,16.322212856820784,5662.5,ES,60,ISM Manufacturing
2025-04-03 15:01:00+00:00,0.0,29.691911360032464,5464.75,ES,60,ISM Services
2025-04-04 13:31:00+00:00,-0.9866270769546099,-43.93950042647532,5303.0,ES,60,Employment Report (NFP)
2025-04-09 15:01:00+00:00,0.0,107.65117666366564,4989.25,ES,60,Wholesale Inventories
2025-04-09 19:01:00+00:00,-1.1531068105213125,206.32612096971314,5360.5,ES,60,FOMC Meeting Minutes
2025-04-10 13:31:00+00:00,0.0,-83.46787868134697,5383.75,ES,60,CPI
2025-04-16 13:31:00+00:00,1.5080401190289774,-39.62986280885872,5372.75,ES,60,Retail Sales
2025-04-29 13:31:00+00:00,1.145087975745499,21.660658288524814,5534.0,ES,60,Wholesale Inventories
2025-04-30 13:31:00+00:00,0.0,-49.225258924892046,5498.5,ES,60,GDP
2025-05-01 15:01:00+00:00,-1.6796301590000369,-2.644103664266595,5673.75,ES,60,ISM Manufacturing
2025-05-02 13:31:00+00:00,0.0,-23.76657075753741,5687.0,ES,60,Employment Report (NFP)
2025-05-05 15:01:00+00:00,-1.8378098912844218,-0.4394348868075326,5689.25,ES,60,ISM Services
2025-05-08 15:01:00+00:00,0.0,57.21594764615645,5664.0,ES,60,Wholesale Inventories
2025-05-13 13:31:00+00:00,-1.5269288500205533,41.26699608871576,5864.25,ES,60,CPI
2025-05-15 13:31:00+00:00,-0.8127852483443314,13.573127295885001,5890.0,ES,60,Retail Sales
2025-05-28 19:01:00+00:00,-0.7182879716519058,-3.3782357485279135,5921.25,ES,60,FOMC Meeting Minutes
2025-05-29 13:31:00+00:00,-0.7664641181487208,-23.142801349784747,5948.25,ES,60,GDP
2025-05-30 13:31:00+00:00,-0.9388457574253316,-2.541726693365831,5902.25,ES,60,Wholesale Inventories
2025-06-02 15:01:00+00:00,1.9303385508011346,-16.493628318841047,5916.25,ES,60,ISM Manufacturing
2025-06-04 15:01:00+00:00,1.333515458755723,-10.850061574387837,5994.0,ES,60,ISM Services
2025-06-06 13:31:00+00:00,-0.729820063374533,27.039973211522295,6001.5,ES,60,Employment Report (NFP)
2025-06-09 15:01:00+00:00,1.0585870035983878,-2.911631990301089,6011.25,ES,60,Wholesale Inventories
2025-06-11 13:31:00+00:00,0.7948481634398533,1.6524145945595592,6051.25,ES,60,CPI
2025-06-17 13:31:00+00:00,-1.350320411166799,6.648660124390915,6014.25,ES,60,Retail Sales
2025-06-26 13:31:00+00:00,1.1312574313255273,6.4840332957416535,6167.0,ES,60,GDP+Wholesale Inventories
2025-07-01 15:01:00+00:00,0.0,14.821642307154548,6236.25,ES,60,ISM Manufacturing
2025-07-03 13:31:00+00:00,0.0,26.957399873062116,6297.75,ES,60,Employment Report (NFP)
2025-07-03 15:01:00+00:00,1.7318046799170783,3.1623053469331808,6323.5,ES,60,ISM Services
2025-07-09 15:01:00+00:00,0.0,9.546160384452662,6282.25,ES,60,Wholesale Inventories
2025-07-09 19:01:00+00:00,-1.4312133866970878,0.396675856357831,6302.25,ES,60,FOMC Meeting Minutes
2025-07-15 13:31:00+00:00,-0.66432067225335,-33.96796061718277,6340.25,ES,60,CPI
2025-07-17 13:31:00+00:00,1.1825377659660363,23.76332854165497,6304.75,ES,60,Retail Sales
2025-07-29 13:31:00+00:00,-0.7828492801298312,-9.71118999540721,6439.0,ES,60,Wholesale Inventories
2025-07-30 13:31:00+00:00,-1.2035184802532077,1.1705718256749265,6406.75,ES,60,GDP
2025-08-01 13:31:00+00:00,0.0,-80.4721098259975,6300.75,ES,60,Employment Report (NFP)
2025-08-01 15:01:00+00:00,0.0,-5.985992955643837,6266.5,ES,60,ISM Manufacturing
2025-08-05 15:01:00+00:00,0.0,5.5357850365922445,6320.75,ES,60,ISM Services
2025-08-07 15:01:00+00:00,0.0,-7.456682906692436,6372.5,ES,60,Wholesale Inventories
2025-08-12 13:31:00+00:00,1.2936078888713198,-23.375419713467238,6424.5,ES,60,CPI
2025-08-15 13:31:00+00:00,0.0,-25.07088656255263,6489.75,ES,60,Retail Sales
2025-08-20 19:01:00+00:00,0.0,21.06167165713657,6403.0,ES,60,FOMC Meeting Minutes
2025-08-28 13:31:00+00:00,0.0,-33.870938043563115,6506.25,ES,60,GDP
2025-08-29 13:31:00+00:00,0.0,-24.64762859137437,6499.5,ES,60,Wholesale Inventories
2025-09-02 15:01:00+00:00,0.0,-25.80545692278946,6402.25,ES,60,ISM Manufacturing
2025-09-04 15:01:00+00:00,0.0,4.629093937538187,6479.25,ES,60,ISM Services
2025-09-05 13:31:00+00:00,-0.6781844697198781,-16.463430025623893,6535.0,ES,60,Employment Report (NFP)
2025-09-10 15:01:00+00:00,0.0,-11.837710212887487,6550.75,ES,60,Wholesale Inventories
2025-09-11 13:31:00+00:00,1.4443229291610005,19.422288414077116,6558.25,ES,60,CPI
2025-09-16 13:31:00+00:00,-0.9266598432926485,-21.52203062241398,6628.25,ES,60,Retail Sales
2025-09-25 13:31:00+00:00,-0.8955844553617135,-24.07554862642769,6653.75,ES,60,GDP+Wholesale Inventories
2025-10-01 15:01:00+00:00,0.0,7.792352757043375,6734.75,ES,60,ISM Manufacturing
2025-10-03 15:01:00+00:00,0.0,-4.048955608837446,6793.25,ES,60,ISM Services
2025-10-08 19:01:00+00:00,0.48534218606923374,11.035092711075833,6792.75,ES,60,FOMC Meeting Minutes
2025-10-24 13:31:00+00:00,-0.7071078469095631,24.548881065413752,6814.75,ES,60,CPI
2025-11-03 16:01:00+00:00,0.0,0.0,6873.0,ES,60,ISM Manufacturing
2025-11-05 16:01:00+00:00,0.0,9.886670279328769,6824.0,ES,60,ISM Services
2025-11-17 16:01:00+00:00,0.0,-2.5948510886308895,6745.0,ES,60,ISM Manufacturing
2025-11-19 20:01:00+00:00,-1.2912092153350256,28.529618810537727,6650.25,ES,60,FOMC Meeting Minutes
2025-11-20 14:31:00+00:00,0.0,31.72966062276572,6765.25,ES,60,Employment Report (NFP)
2025-11-21 14:31:00+00:00,-1.098501717067705,-17.469243391445843,6588.75,ES,60,CPI
2025-11-21 16:01:00+00:00,0.0,49.418484212786495,6560.25,ES,60,Wholesale Inventories
2025-11-25 14:31:00+00:00,1.132309617345226,1.8614001505667943,6714.75,ES,60,Retail Sales
2025-12-01 16:01:00+00:00,0.0,-4.020541365221675,6841.25,ES,60,ISM Manufacturing
2025-12-03 16:01:00+00:00,-1.2129112443186396,0.36502345277966697,6848.75,ES,60,ISM Services
2025-12-11 16:01:00+00:00,1.161640012606503,-9.097691633535021,6873.0,ES,60,Wholesale Inventories
2025-12-16 14:31:00+00:00,-0.8605170545377265,11.369680856567754,6812.5,ES,60,Employment Report (NFP)+Retail Sales
2025-12-18 14:31:00+00:00,0.9013291366479225,4.416473517707686,6791.25,ES,60,CPI
2025-12-23 14:31:00+00:00,0.0,2.5238412998618287,6933.0,ES,60,GDP
2025-12-30 20:01:00+00:00,-0.7010909443357572,-0.35969282233594413,6950.5,ES,60,FOMC Meeting Minutes
2026-01-05 16:01:00+00:00,0.0,7.910823857386617,6949.75,ES,60,ISM Manufacturing
2026-01-07 16:01:00+00:00,0.0,-6.794085831067775,6993.75,ES,60,ISM Services
2026-01-08 16:01:00+00:00,0.0,-8.977144793789193,6965.25,ES,60,Wholesale Inventories
2026-01-09 14:31:00+00:00,0.5850549357198097,4.660082890417527,6972.5,ES,60,Employment Report (NFP)
2026-01-13 14:31:00+00:00,-0.8059308098645066,-19.60190944306106,7021.5,ES,60,CPI
2026-01-14 14:31:00+00:00,-0.9950604415408489,-47.429214705978495,6974.25,ES,60,Retail Sales
2026-01-21 16:01:00+00:00,0.0,-9.420290551709343,6903.25,ES,60,ISM Manufacturing
2026-01-22 14:31:00+00:00,1.0545730791901033,-34.92541400948568,6955.5,ES,60,GDP
2026-01-29 16:01:00+00:00,0.0,29.255099872003143,6911.75,ES,60,Wholesale Inventories
2026-02-02 16:01:00+00:00,0.0,15.006434143813863,6991.75,ES,60,ISM Manufacturing
2026-02-04 16:01:00+00:00,-1.1599886052033828,-6.1368519876126015,6927.5,ES,60,ISM Services
2026-02-10 14:31:00+00:00,-0.5468453140070426,6.43385660396234,6992.0,ES,60,Retail Sales
2026-02-11 14:31:00+00:00,0.0,-39.31244118078325,7009.0,ES,60,Employment Report (NFP)
2026-02-13 14:31:00+00:00,-0.9233249558206261,-11.682244319253243,6852.0,ES,60,CPI
2026-02-18 20:01:00+00:00,0.0,-1.0897796839515195,6882.5,ES,60,FOMC Meeting Minutes
2026-02-19 14:31:00+00:00,1.0394921521760303,7.997673830395513,6874.25,ES,60,Wholesale Inventories
2026-02-20 14:31:00+00:00,0.5975328999904065,52.4209427573652,6849.5,ES,60,GDP
2026-02-24 16:01:00+00:00,0.0,1.8157717988032118,6883.5,ES,60,Wholesale Inventories
2026-02-27 16:01:00+00:00,0.0,8.720297042685843,6877.5,ES,60,ISM Manufacturing
2026-03-02 16:01:00+00:00,2.0,-5.101111424146154,6863.0,ES,60,ISM Manufacturing
2026-03-04 16:01:00+00:00,0.0,-12.355550666960369,6883.75,ES,60,ISM Services
2026-03-06 14:31:00+00:00,0.0,-8.897457397232245,6746.5,ES,60,Employment Report (NFP)+Retail Sales
2026-03-11 13:31:00+00:00,-0.7232846505907743,23.875564611763878,6798.0,ES,60,CPI
2026-03-13 13:31:00+00:00,0.7925355794863431,14.882616133924387,6714.25,ES,60,GDP
2026-03-19 15:01:00+00:00,0.0,-3.415235779336001,6589.25,ES,60,Wholesale Inventories
2026-03-23 15:01:00+00:00,-1.1536114161769344,-7.1008131545724495,6691.75,ES,60,ISM Manufacturing
2026-04-01 13:31:00+00:00,-0.6475107743218486,0.37822197853643047,6609.75,ES,60,Retail Sales
2026-04-01 15:01:00+00:00,0.0,-8.670575251521484,6634.5,ES,60,ISM Manufacturing
2026-04-03 13:31:00+00:00,0.0,,,ES,60,Employment Report (NFP)
2026-04-06 15:01:00+00:00,1.1839903350501912,-12.808440251745878,6640.5,ES,60,ISM Services
2026-04-08 19:01:00+00:00,-0.47264341297697576,16.179448280340125,6793.25,ES,60,FOMC Meeting Minutes
2026-04-09 13:31:00+00:00,-0.7728936256597612,6.605020055197031,6810.75,ES,60,GDP
2026-04-09 15:01:00+00:00,0.0,9.896817331807028,6817.0,ES,60,Wholesale Inventories
2026-04-10 13:31:00+00:00,0.0,-17.462805034362816,6877.75,ES,60,CPI
2026-04-21 13:31:00+00:00,0.9376437755783313,16.05921305898761,7155.25,ES,60,Retail Sales
2026-04-29 13:31:00+00:00,0.0,-2.4449450882357837,7158.5,ES,60,Wholesale Inventories
2026-04-30 13:31:00+00:00,1.1072889028943766,-27.856141136872736,7189.75,ES,60,GDP
2026-05-01 15:01:00+00:00,0.0,10.300076444522688,7277.75,ES,60,ISM Manufacturing
2026-05-05 15:01:00+00:00,-1.0123104439460489,4.463442761810654,7279.75,ES,60,ISM Services
2026-05-07 15:01:00+00:00,0.0,-11.142814882241225,7408.0,ES,60,ISM Manufacturing
2026-05-08 13:31:00+00:00,0.0,20.936758399336952,7395.5,ES,60,Employment Report (NFP)
2026-05-08 15:01:00+00:00,0.0,-8.42871882809959,7418.25,ES,60,Wholesale Inventories
2026-05-12 13:31:00+00:00,0.0,-24.992413968156768,7411.5,ES,60,CPI
2026-05-14 13:31:00+00:00,0.0,10.680908892588548,7486.0,ES,60,Retail Sales
2026-05-20 19:01:00+00:00,0.0,2.3506892664926227,7443.75,ES,60,FOMC Meeting Minutes
2026-05-28 13:31:00+00:00,0.0,5.6383809390680995,7535.5,ES,60,GDP
2026-05-29 13:31:00+00:00,0.0,28.62361920744405,7587.75,ES,60,Wholesale Inventories
2026-06-01 15:01:00+00:00,0.0,19.1009443880219,7584.0,ES,60,ISM Manufacturing
2026-06-03 15:01:00+00:00,0.0,0.3293970387829859,7589.5,ES,60,ISM Services
2026-06-05 13:31:00+00:00,0.8012186024631527,-44.83940087663285,7543.75,ES,60,Employment Report (NFP)
2026-06-09 15:01:00+00:00,0.0,-87.54721678609911,7399.75,ES,60,Wholesale Inventories
2026-06-10 13:31:00+00:00,-0.931741110665554,26.816492928389835,7355.0,ES,60,CPI
2026-06-17 13:31:00+00:00,-0.8280810234595541,-9.30851131045074,7523.5,ES,60,Retail Sales
2026-06-25 13:31:00+00:00,1.9725415020040384,-116.87790479257387,7487.25,ES,60,GDP
2026-06-26 13:31:00+00:00,0.0,40.91368198544387,7378.5,ES,60,Wholesale Inventories
2026-07-01 15:01:00+00:00,2.0,,,ES,60,ISM Manufacturing
2026-07-02 13:31:00+00:00,0.0,,,ES,60,Employment Report (NFP)
2026-07-06 15:01:00+00:00,1.7341279177778754,,,ES,60,ISM Services
2026-07-08 15:01:00+00:00,1.6063278210171366,,,ES,60,Wholesale Inventories
2026-07-08 19:01:00+00:00,0.0,,,ES,60,FOMC Meeting Minutes
2026-07-14 13:31:00+00:00,-0.6732336990167476,,,ES,60,CPI
2026-07-16 13:31:00+00:00,-0.6861721301042837,,,ES,60,Retail Sales
2016-06-09 15:31:00+00:00,0.0,-3.55808578740735,2108.25,ES,90,Wholesale Inventories
2016-06-14 14:01:00+00:00,0.0,-31.31400848563004,2079.0,ES,90,Retail Sales
2016-06-16 14:01:00+00:00,0.0,8.523592601274999,2052.25,ES,90,CPI
2016-06-28 14:01:00+00:00,0.0,-14.888340219139096,2016.5,ES,90,GDP
2016-07-01 15:31:00+00:00,0.0,5.9612520394214386,2096.25,ES,90,ISM Manufacturing
2016-07-06 15:31:00+00:00,0.0,16.81278167144029,2080.0,ES,90,ISM Services
2016-07-08 14:01:00+00:00,0.0,14.212959872184072,2109.25,ES,90,Employment Report (NFP)
2016-07-12 15:31:00+00:00,0.0,8.156132115404446,2144.75,ES,90,Wholesale Inventories
2016-07-15 14:01:00+00:00,0.0,-3.47403164862925,2159.25,ES,90,CPI+Retail Sales
2016-07-29 14:01:00+00:00,0.0,-3.472021329935515,2160.5,ES,90,GDP
2016-08-01 15:31:00+00:00,0.0,-19.595418638376216,2171.0,ES,90,ISM Manufacturing
2016-08-03 15:31:00+00:00,0.0,3.482096257112488,2153.5,ES,90,ISM Services
2016-08-05 14:01:00+00:00,0.0,1.1497556781847607,2174.25,ES,90,Employment Report (NFP)
2016-08-09 15:31:00+00:00,0.0,-1.1458034959499486,2182.0,ES,90,Wholesale Inventories
2016-08-12 14:01:00+00:00,0.0,3.4409589144956954,2179.25,ES,90,Retail Sales
2016-08-16 14:01:00+00:00,0.0,1.146986294768837,2179.5,ES,90,CPI
2016-08-26 14:01:00+00:00,0.0,58.51660321050112,2172.5,ES,90,GDP+Wholesale Inventories
2016-09-01 15:31:00+00:00,0.0,-4.6312377810586725,2159.75,ES,90,ISM Manufacturing
2016-09-02 14:01:00+00:00,0.0,-13.752007668088595,2183.0,ES,90,Employment Report (NFP)
2016-09-06 15:31:00+00:00,0.0,16.05504932024715,2178.25,ES,90,ISM Services
2016-09-09 15:31:00+00:00,0.0,-23.22072330977143,2155.75,ES,90,Wholesale Inventories
2016-09-15 14:01:00+00:00,0.0,30.509293789835468,2127.25,ES,90,Retail Sales
2016-09-16 14:01:00+00:00,0.0,,,ES,90,CPI
2016-09-29 14:01:00+00:00,0.0,2.3110700357076297,2163.25,ES,90,GDP+Wholesale Inventories
2016-10-03 15:31:00+00:00,0.0,-6.972690578841423,2152.0,ES,90,ISM Manufacturing
2016-10-05 15:31:00+00:00,0.0,-1.160429360158588,2154.5,ES,90,ISM Services
2016-10-07 14:01:00+00:00,0.0,4.652785939471826,2148.75,ES,90,Employment Report (NFP)
2016-10-07 15:31:00+00:00,0.0,-22.132923007998073,2148.5,ES,90,Wholesale Inventories
2016-10-14 14:01:00+00:00,0.0,5.839416224322491,2140.0,ES,90,Retail Sales
2016-10-18 14:01:00+00:00,0.0,-8.20969963426954,2132.5,ES,90,CPI
2016-10-26 14:01:00+00:00,0.0,17.617010839732217,2126.75,ES,90,Wholesale Inventories
2016-10-28 14:01:00+00:00,0.0,3.523401293126227,2128.25,ES,90,GDP
2016-11-01 15:31:00+00:00,0.0,-4.73372789904225,2113.0,ES,90,ISM Manufacturing
2016-11-03 15:31:00+00:00,0.0,-10.74178058769526,2095.75,ES,90,ISM Services
2016-11-04 14:01:00+00:00,0.0,16.796644620864498,2082.0,ES,90,Employment Report (NFP)
2016-11-09 16:31:00+00:00,0.0,34.85133639101967,2148.25,ES,90,Wholesale Inventories
2016-11-15 15:01:00+00:00,0.0,5.769341878139045,2166.0,ES,90,Retail Sales
2016-11-17 15:01:00+00:00,0.0,-12.619745838193808,2180.5,ES,90,CPI
2016-11-25 15:01:00+00:00,0.0,3.398470720901159,2206.5,ES,90,Wholesale Inventories
2016-11-29 15:01:00+00:00,0.0,10.227854746940324,2198.75,ES,90,GDP
2016-12-01 16:31:00+00:00,0.0,9.107468753377645,2195.0,ES,90,ISM Manufacturing
2016-12-02 15:01:00+00:00,0.0,-9.116809748270782,2194.75,ES,90,Employment Report (NFP)
2016-12-05 16:31:00+00:00,0.0,-4.535661717399719,2205.25,ES,90,ISM Services
2016-12-09 16:31:00+00:00,0.0,3.331667530401816,2250.75,ES,90,Wholesale Inventories
2016-12-14 15:01:00+00:00,0.0,-2.2026431807109503,2270.25,ES,90,Retail Sales
2016-12-15 15:01:00+00:00,0.0,-3.310344857823111,2266.0,ES,90,CPI
2016-12-22 15:01:00+00:00,0.0,1.1076037005341988,2257.0,ES,90,GDP
2016-12-29 15:01:00+00:00,0.0,-1.1122851910716491,2247.75,ES,90,Wholesale Inventories
2017-01-03 16:31:00+00:00,0.0,-12.248762736257746,2246.5,ES,90,ISM Manufacturing
2017-01-05 16:31:00+00:00,0.0,-7.7523676289725785,2258.25,ES,90,ISM Services
2017-01-06 15:01:00+00:00,0.0,-2.208968420731594,2263.75,ES,90,Employment Report (NFP)
2017-01-10 16:31:00+00:00,0.0,5.505698536918402,2269.75,ES,90,Wholesale Inventories
2017-01-13 15:01:00+00:00,0.0,-1.1008972323534039,2271.0,ES,90,Retail Sales
2017-01-18 15:01:00+00:00,0.0,2.208480574354965,2263.75,ES,90,CPI
2017-01-26 15:01:00+00:00,0.0,-1.0898588643559748,2294.0,ES,90,Wholesale Inventories
2017-01-27 15:01:00+00:00,0.0,-2.1836445113443403,2290.0,ES,90,GDP
2017-02-01 16:31:00+00:00,0.0,-4.401892884988712,2272.25,ES,90,ISM Manufacturing
2017-02-03 15:01:00+00:00,0.0,19.669987764858732,2285.5,ES,90,Employment Report (NFP)
2017-02-03 16:31:00+00:00,0.0,-1.0910479526415884,2291.5,ES,90,ISM Services
2017-02-09 16:31:00+00:00,0.0,-5.42387603468697,2305.25,ES,90,Wholesale Inventories
2017-02-15 15:01:00+00:00,0.0,8.563477294893929,2334.5,ES,90,CPI+Retail Sales
2017-02-28 15:01:00+00:00,0.0,4.227882950624817,2364.75,ES,90,GDP+Wholesale Inventories
2017-03-01 16:31:00+00:00,0.0,6.268937620417248,2392.0,ES,90,ISM Manufacturing
2017-03-03 16:31:00+00:00,0.0,6.312467332181271,2375.5,ES,90,ISM Services
2017-03-08 16:31:00+00:00,0.0,-10.55854812483048,2369.0,ES,90,Wholesale Inventories
2017-03-10 15:01:00+00:00,0.0,-14.74149998452745,2376.0,ES,90,Employment Report (NFP)
2017-03-15 14:01:00+00:00,0.0,4.214519080401047,2372.25,ES,90,CPI+Retail Sales
2017-03-28 14:01:00+00:00,0.0,11.764078144063106,2336.25,ES,90,Wholesale Inventories
2017-03-30 14:01:00+00:00,0.0,9.53339408043874,2359.0,ES,90,GDP
2017-04-03 15:31:00+00:00,0.0,-17.052119660023735,2347.75,ES,90,ISM Manufacturing
2017-04-05 15:31:00+00:00,0.0,13.729737595333802,2365.5,ES,90,ISM Services
2017-04-07 14:01:00+00:00,0.0,20.205249602796016,2348.5,ES,90,Employment Report (NFP)
2017-04-07 15:31:00+00:00,0.0,5.312649543220971,2352.25,ES,90,Wholesale Inventories
2017-04-14 14:01:00+00:00,0.0,,,ES,90,CPI+Retail Sales
2017-04-27 14:01:00+00:00,0.0,-3.1448189367644375,2385.25,ES,90,Wholesale Inventories
2017-04-28 14:01:00+00:00,0.0,-9.441385437769512,2384.25,ES,90,GDP
2017-05-01 15:31:00+00:00,0.0,2.095777016997147,2385.5,ES,90,ISM Manufacturing
2017-05-03 15:31:00+00:00,0.0,5.249619523155502,2380.5,ES,90,ISM Services
2017-05-05 14:01:00+00:00,0.0,3.1415257601619118,2387.0,ES,90,Employment Report (NFP)
2017-05-09 15:31:00+00:00,0.0,5.214580083743314,2396.5,ES,90,Wholesale Inventories
2017-05-12 14:01:00+00:00,0.0,-7.334067068747174,2387.0,ES,90,CPI+Retail Sales
2017-05-24 19:31:00+00:00,0.0,3.123210685949118,2401.0,ES,90,FOMC Meeting Minutes
2017-05-25 14:01:00+00:00,0.0,12.440391403307771,2410.0,ES,90,Wholesale Inventories
2017-05-26 14:01:00+00:00,0.0,-1.0355718954979665,2414.25,ES,90,GDP
2017-06-01 15:31:00+00:00,0.0,15.507886281911354,2416.25,ES,90,ISM Manufacturing
2017-06-02 14:01:00+00:00,0.0,6.171569831758816,2429.75,ES,90,Employment Report (NFP)
2017-06-05 15:31:00+00:00,0.0,5.130573197549282,2435.75,ES,90,ISM Services
2017-06-09 15:31:00+00:00,0.0,-8.186656208355458,2444.0,ES,90,Wholesale Inventories
2017-06-14 14:01:00+00:00,0.0,-9.222729556732645,2440.75,ES,90,CPI+Retail Sales
2017-06-28 14:01:00+00:00,0.0,9.265455957034874,2427.25,ES,90,Wholesale Inventories
2017-06-29 14:01:00+00:00,0.0,-8.23045313950388,2431.0,ES,90,GDP
2017-07-03 15:31:00+00:00,0.0,-3.081822408690371,2434.0,ES,90,ISM Manufacturing
2017-07-05 19:31:00+00:00,0.0,-2.057824886367854,2430.0,ES,90,FOMC Meeting Minutes
2017-07-06 15:31:00+00:00,0.0,4.134366983956639,2418.25,ES,90,ISM Services
2017-07-07 14:01:00+00:00,0.0,-2.0693223043277698,2416.5,ES,90,Employment Report (NFP)
2017-07-11 15:31:00+00:00,0.0,18.61427631578927,2415.25,ES,90,Wholesale Inventories
2017-07-14 14:01:00+00:00,0.0,4.083716238474366,2448.25,ES,90,CPI+Retail Sales
2017-07-27 14:01:00+00:00,0.0,10.090818212447061,2476.25,ES,90,Wholesale Inventories
2017-07-28 14:01:00+00:00,0.0,-10.143017402706178,2466.0,ES,90,GDP
2017-08-01 15:31:00+00:00,0.0,13.151906392696588,2469.5,ES,90,ISM Manufacturing
2017-08-03 15:31:00+00:00,0.0,-1.0122994390293627,2469.75,ES,90,ISM Services
2017-08-04 14:01:00+00:00,0.0,8.086526266986027,2472.25,ES,90,Employment Report (NFP)
2017-08-09 15:31:00+00:00,0.0,17.224787682419418,2465.25,ES,90,Wholesale Inventories
2017-08-11 14:01:00+00:00,0.0,12.287529704932965,2440.0,ES,90,CPI
2017-08-15 14:01:00+00:00,0.0,-19.278581385711036,2466.25,ES,90,Retail Sales
2017-08-16 19:31:00+00:00,0.0,-4.05268495923039,2468.0,ES,90,FOMC Meeting Minutes
2017-08-28 14:01:00+00:00,0.0,-9.213288259850572,2443.25,ES,90,Wholesale Inventories
2017-08-30 14:01:00+00:00,0.0,6.128076997002907,2447.0,ES,90,GDP
2017-09-01 14:01:00+00:00,0.0,4.041220503570031,2474.0,ES,90,Employment Report (NFP)
2017-09-01 15:31:00+00:00,0.0,7.067494867349922,2475.25,ES,90,ISM Manufacturing
2017-09-06 15:31:00+00:00,0.0,5.07949419159992,2460.25,ES,90,ISM Services
2017-09-08 15:31:00+00:00,0.0,-6.087044927722829,2465.0,ES,90,Wholesale Inventories
2017-09-14 14:01:00+00:00,0.0,2.0042088452854045,2494.5,ES,90,CPI
2017-09-15 14:01:00+00:00,0.0,,,ES,90,Retail Sales
2017-09-28 14:01:00+00:00,0.0,-0.9986518208826567,2503.5,ES,90,GDP+Wholesale Inventories
2017-10-02 15:31:00+00:00,0.0,-3.9682540203145322,2520.5,ES,90,ISM Manufacturing
2017-10-04 15:31:00+00:00,0.0,7.887990943391543,2534.5,ES,90,ISM Services
2017-10-06 14:01:00+00:00,0.0,1.9632865479835004,2546.5,ES,90,Employment Report (NFP)
2017-10-06 15:31:00+00:00,0.0,-5.898545196600935,2543.75,ES,90,Wholesale Inventories
2017-10-11 19:31:00+00:00,0.0,2.938151923590482,2552.25,ES,90,FOMC Meeting Minutes
2017-10-13 14:01:00+00:00,0.0,9.788567735373732,2552.75,ES,90,CPI+Retail Sales
2017-10-26 14:01:00+00:00,0.0,-9.762765590402012,2562.0,ES,90,Wholesale Inventories
2017-10-27 14:01:00+00:00,0.0,10.707160218927925,2567.0,ES,90,GDP
2017-11-01 15:31:00+00:00,0.0,-14.545457109935711,2580.0,ES,90,ISM Manufacturing
2017-11-03 14:01:00+00:00,0.0,0.0,2576.5,ES,90,Employment Report (NFP)
2017-11-03 15:31:00+00:00,0.0,5.816207996431899,2578.25,ES,90,ISM Services
2017-11-09 16:31:00+00:00,0.0,-20.387366898475534,2577.75,ES,90,Wholesale Inventories
2017-11-15 15:01:00+00:00,0.0,17.57298118924666,2558.5,ES,90,CPI+Retail Sales
2017-11-22 20:31:00+00:00,0.0,-6.740815893930829,2597.0,ES,90,FOMC Meeting Minutes
2017-11-28 15:01:00+00:00,0.0,4.794553479197106,2606.5,ES,90,Wholesale Inventories
2017-11-29 15:01:00+00:00,0.0,-18.066852249489784,2631.5,ES,90,GDP
2017-12-01 16:31:00+00:00,0.0,58.20349430397442,2612.5,ES,90,ISM Manufacturing
2017-12-05 16:31:00+00:00,0.0,-18.898238639692977,2648.25,ES,90,ISM Services
2017-12-08 15:01:00+00:00,0.0,-1.8889308707414898,2647.25,ES,90,Employment Report (NFP)
2017-12-08 16:31:00+00:00,0.0,6.6103217856294805,2646.5,ES,90,Wholesale Inventories
2017-12-13 15:01:00+00:00,0.0,-4.680114280226633,2671.5,ES,90,CPI
2017-12-14 15:01:00+00:00,0.0,-2.811753146598761,2667.75,ES,90,Retail Sales
2017-12-21 15:01:00+00:00,0.0,7.44116860676769,2686.75,ES,90,GDP
2017-12-28 15:01:00+00:00,0.0,-5.587112539409134,2685.5,ES,90,Wholesale Inventories
2018-01-03 16:31:00+00:00,0.0,-0.9235742329494201,2707.0,ES,90,ISM Manufacturing
2018-01-03 20:31:00+00:00,-1.0505419675670893,1.8439977924167295,2711.25,ES,90,FOMC Meeting Minutes
2018-01-05 15:01:00+00:00,0.0,-6.409376220872787,2731.25,ES,90,Employment Report (NFP)
2018-01-05 16:31:00+00:00,0.0,-0.9146202046039775,2733.5,ES,90,ISM Services
2018-01-10 16:31:00+00:00,0.0,5.460999498598795,2746.0,ES,90,Wholesale Inventories
2018-01-12 15:01:00+00:00,-1.466042735312949,3.599712061905791,2777.5,ES,90,CPI+Retail Sales
2018-01-26 15:01:00+00:00,-1.4663557276707795,-4.383849967179998,2852.0,ES,90,GDP+Wholesale Inventories
2018-02-01 16:31:00+00:00,-2.0,40.650462481686134,2823.25,ES,90,ISM Manufacturing
2018-02-02 15:01:00+00:00,0.5713232288739094,1.7881090793991916,2796.0,ES,90,Employment Report (NFP)
2018-02-05 16:31:00+00:00,0.0,-10.000455399570285,2751.25,ES,90,ISM Services
2018-02-09 16:31:00+00:00,0.0,-51.47891510375757,2580.5,ES,90,Wholesale Inventories
2018-02-14 15:01:00+00:00,1.2897904774955873,71.34170876144097,2653.75,ES,90,CPI+Retail Sales
2018-02-21 20:31:00+00:00,0.0,-111.56816662749591,2726.5,ES,90,FOMC Meeting Minutes
2018-02-27 15:01:00+00:00,0.0,29.645622035427976,2778.75,ES,90,Wholesale Inventories
2018-02-28 15:01:00+00:00,-1.387805794176091,-4.529190711064501,2760.5,ES,90,GDP
2018-03-01 16:31:00+00:00,0.0,25.80884463291966,2708.75,ES,90,ISM Manufacturing
2018-03-05 16:31:00+00:00,0.0,21.222614655282968,2706.5,ES,90,ISM Services
2018-03-09 15:01:00+00:00,0.0,11.774830398998404,2758.5,ES,90,Employment Report (NFP)
2018-03-09 16:31:00+00:00,1.264888567353196,6.315694710750108,2770.0,ES,90,Wholesale Inventories
2018-03-13 14:01:00+00:00,-0.9333856843963472,-2.684203478739988,2794.5,ES,90,CPI
2018-03-14 14:01:00+00:00,-0.7865932284189325,-22.568278592629554,2772.5,ES,90,Retail Sales
2018-03-28 14:01:00+00:00,0.0,-18.156629766998833,2618.5,ES,90,GDP+Wholesale Inventories
2018-04-02 15:31:00+00:00,0.0,-74.40726216806581,2596.75,ES,90,ISM Manufacturing
2018-04-04 15:31:00+00:00,0.0,6.718172909714326,2604.0,ES,90,ISM Services
2018-04-06 14:01:00+00:00,-1.4323779713531328,-18.862591653281413,2653.25,ES,90,Employment Report (NFP)
2018-04-10 15:31:00+00:00,-1.7264727154428412,-4.704775433737041,2657.5,ES,90,Wholesale Inventories
2018-04-11 14:01:00+00:00,-1.1405812650459421,10.372955807742557,2649.75,ES,90,CPI
2018-04-11 19:31:00+00:00,-1.287533701906516,-10.40828972232788,2643.5,ES,90,FOMC Meeting Minutes
2018-04-16 14:01:00+00:00,-1.0134891309324328,19.634432000774638,2671.25,ES,90,Retail Sales
2018-04-26 14:01:00+00:00,-2.0,21.664398809218,2651.25,ES,90,Wholesale Inventories
2018-04-27 14:01:00+00:00,0.6109923245355422,-15.946722576387629,2667.25,ES,90,GDP
2018-05-01 15:31:00+00:00,1.202280163133035,-17.10539236807307,2633.0,ES,90,ISM Manufacturing
2018-05-03 15:31:00+00:00,0.0,39.38714924286657,2597.25,ES,90,ISM Services
2018-05-04 14:01:00+00:00,0.0,53.20677635292981,2624.25,ES,90,Employment Report (NFP)
2018-05-09 15:31:00+00:00,0.9383615698672935,6.535032674346297,2677.0,ES,90,Wholesale Inventories
2018-05-10 14:01:00+00:00,0.0,13.848499651256674,2706.0,ES,90,CPI
2018-05-15 14:01:00+00:00,0.6721531760868448,11.085451481633868,2704.75,ES,90,Retail Sales
2018-05-23 19:31:00+00:00,-0.9007228715027148,12.822863086920933,2727.75,ES,90,FOMC Meeting Minutes
2018-05-30 14:01:00+00:00,0.0,15.710922320408827,2703.0,ES,90,GDP+Wholesale Inventories
2018-06-01 14:01:00+00:00,-0.5894579474243542,3.665353289452611,2727.75,ES,90,Employment Report (NFP)
2018-06-01 15:31:00+00:00,0.0,10.988005867016426,2728.75,ES,90,ISM Manufacturing
2018-06-05 15:31:00+00:00,1.0727106173072636,-5.468465320390692,2743.75,ES,90,ISM Services
2018-06-08 15:31:00+00:00,-1.2627190913810669,6.321398142503654,2767.5,ES,90,Wholesale Inventories
2018-06-12 14:01:00+00:00,0.0,3.592276643935577,2783.25,ES,90,CPI
2018-06-14 14:01:00+00:00,0.0,7.180684268686122,2784.25,ES,90,Retail Sales
2018-06-27 14:01:00+00:00,-1.0176784514941648,9.117433162586508,2740.75,ES,90,Wholesale Inventories
2018-06-28 14:01:00+00:00,1.1084947253123214,-16.665127456612083,2702.5,ES,90,GDP
2018-07-02 15:31:00+00:00,0.0,-2.767144785451592,2710.75,ES,90,ISM Manufacturing
2018-07-05 15:31:00+00:00,1.344832240242567,9.165063422216235,2726.5,ES,90,ISM Services
2018-07-05 19:31:00+00:00,0.0,15.534338574152429,2733.75,ES,90,FOMC Meeting Minutes
2018-07-06 14:01:00+00:00,-2.0,9.103323341452807,2745.0,ES,90,Employment Report (NFP)
2018-07-11 15:31:00+00:00,1.087922242785451,-1.8001800228617526,2777.75,ES,90,Wholesale Inventories
2018-07-12 14:01:00+00:00,-1.0285303823577425,15.222747510961199,2789.75,ES,90,CPI
2018-07-16 14:01:00+00:00,0.0,-8.926977918299883,2801.75,ES,90,Retail Sales
2018-07-26 14:01:00+00:00,-0.7548244305007485,-2.6411938349824027,2840.0,ES,90,Wholesale Inventories
2018-07-27 14:01:00+00:00,0.5580833614572498,-1.7627357704697033,2836.75,ES,90,GDP
2018-08-01 15:31:00+00:00,0.0,-23.090596405097585,2818.25,ES,90,ISM Manufacturing
2018-08-03 14:01:00+00:00,1.108362081650799,19.42605467416314,2828.5,ES,90,Employment Report (NFP)
2018-08-03 15:31:00+00:00,0.0,-3.533256816208308,2830.75,ES,90,ISM Services
2018-08-09 15:31:00+00:00,0.0,-9.619169120895776,2860.25,ES,90,Wholesale Inventories
2018-08-10 14:01:00+00:00,0.0,6.173111885257043,2834.0,ES,90,CPI
2018-08-15 14:01:00+00:00,0.0,-26.6856589602682,2814.25,ES,90,Retail Sales
2018-08-22 19:31:00+00:00,-1.1651699230242754,-6.985069698135504,2864.25,ES,90,FOMC Meeting Minutes
2018-08-28 14:01:00+00:00,0.9308454611682274,-12.928250023040988,2902.5,ES,90,Wholesale Inventories
2018-08-29 14:01:00+00:00,0.0,12.914892664284139,2901.75,ES,90,GDP
2018-09-04 15:31:00+00:00,0.0,-17.283101433136494,2895.5,ES,90,ISM Manufacturing
2018-09-06 15:31:00+00:00,-0.7032036609883748,9.565634017789648,2873.5,ES,90,ISM Services
2018-09-07 14:01:00+00:00,-1.1085663891037745,11.29698143174096,2875.25,ES,90,Employment Report (NFP)
2018-09-11 15:31:00+00:00,-1.1958202380626968,25.969543681121365,2884.25,ES,90,Wholesale Inventories
2018-09-13 14:01:00+00:00,1.244408983421746,-8.613264959720368,2903.75,ES,90,CPI
2018-09-14 14:01:00+00:00,1.3991910529455844,2.5807561758917075,2905.75,ES,90,Retail Sales
2018-09-27 14:01:00+00:00,0.0,10.259918820683112,2922.5,ES,90,GDP+Wholesale Inventories
2018-10-01 15:31:00+00:00,0.0,1.7022725379511883,2937.0,ES,90,ISM Manufacturing
2018-10-03 15:31:00+00:00,1.1505548919261204,4.25043573365258,2940.25,ES,90,ISM Services
2018-10-05 14:01:00+00:00,0.0,-1.7196904599714458,2907.75,ES,90,Employment Report (NFP)
2018-10-10 15:31:00+00:00,-1.0914098131497583,-7.032967322864181,2844.75,ES,90,Wholesale Inventories
2018-10-11 14:01:00+00:00,-1.1502803793919993,-39.44778291016249,2794.0,ES,90,CPI
2018-10-15 14:01:00+00:00,-0.766996352971488,0.9060022656193212,2759.25,ES,90,Retail Sales
2018-10-17 19:31:00+00:00,-0.6959931404876609,-0.888849385063395,2812.75,ES,90,FOMC Meeting Minutes
2018-10-25 14:01:00+00:00,-1.3978183848151098,18.590821491262233,2687.0,ES,90,Wholesale Inventories
2018-10-26 14:01:00+00:00,1.8660787307876063,-44.304168241176,2658.0,ES,90,GDP
2018-11-01 15:31:00+00:00,0.0,-22.88644748686508,2734.0,ES,90,ISM Manufacturing
2018-11-02 14:01:00+00:00,0.0,-48.32909602891178,2748.25,ES,90,Employment Report (NFP)
2018-11-05 16:31:00+00:00,0.0,16.494093357319883,2726.0,ES,90,ISM Services
2018-11-09 16:31:00+00:00,0.0,-35.07040148626572,2785.0,ES,90,Wholesale Inventories
2018-11-14 15:01:00+00:00,-0.9811200810324947,-44.77142112436994,2742.25,ES,90,CPI
2018-11-15 15:01:00+00:00,0.0,-27.927778345748777,2689.25,ES,90,Retail Sales
2018-11-28 15:01:00+00:00,1.363500301349303,-35.31930430584751,2694.5,ES,90,GDP+Wholesale Inventories
2018-11-29 20:31:00+00:00,-1.1654329450172043,-28.252468097722527,2747.0,ES,90,FOMC Meeting Minutes
2018-12-03 16:31:00+00:00,0.0,-19.785958429014983,2782.5,ES,90,ISM Manufacturing
2018-12-06 16:31:00+00:00,0.9917142740160209,65.449605226231,2627.0,ES,90,ISM Services
2018-12-07 15:01:00+00:00,-2.0,-79.91122249467963,2701.25,ES,90,Employment Report (NFP)
2018-12-07 16:31:00+00:00,-1.141568614878363,-25.415366436352116,2659.25,ES,90,Wholesale Inventories
2018-12-12 15:01:00+00:00,-0.6754194109103855,23.413731136390226,2666.25,ES,90,CPI
2018-12-14 15:01:00+00:00,-1.000590459829553,-30.444319965923228,2631.75,ES,90,Retail Sales
2018-12-21 15:01:00+00:00,0.0,,,ES,90,GDP
2019-01-03 16:31:00+00:00,0.0,41.47914288470389,2466.0,ES,90,ISM Manufacturing
2019-01-04 15:01:00+00:00,0.0,73.7201983836755,2500.25,ES,90,Employment Report (NFP)
2019-01-07 16:31:00+00:00,0.0,50.89567607843293,2547.75,ES,90,ISM Services
2019-01-09 20:31:00+00:00,-0.9640774718412793,-14.496257672647062,2588.75,ES,90,FOMC Meeting Minutes
2019-01-11 15:01:00+00:00,-0.655967295561452,-10.655302020392554,2582.25,ES,90,CPI
2019-02-01 15:01:00+00:00,-0.8961209272576578,30.466717930188736,2703.75,ES,90,Employment Report (NFP)
2019-02-01 16:31:00+00:00,-1.4042365409233641,15.679044023642064,2708.5,ES,90,ISM Manufacturing+Wholesale Inventories
2019-02-05 16:31:00+00:00,0.0,8.23836377776388,2730.0,ES,90,ISM Services
2019-02-13 15:01:00+00:00,1.2874369759772348,1.8127435923886992,2758.0,ES,90,CPI
2019-02-14 15:01:00+00:00,-0.8335478694106552,24.629430922420426,2737.25,ES,90,Retail Sales
2019-02-20 20:31:00+00:00,-0.6601839078633227,0.8977063608561764,2784.75,ES,90,FOMC Meeting Minutes
2019-02-25 16:31:00+00:00,0.0,0.889798461223279,2809.5,ES,90,Wholesale Inventories
2019-02-27 15:01:00+00:00,-0.7703844691761415,-32.32471163382655,2788.75,ES,90,Wholesale Inventories
2019-02-28 15:01:00+00:00,-2.0,-3.5855145597452065,2789.5,ES,90,GDP
2019-03-01 16:31:00+00:00,-1.0946811926002595,-9.85089409352824,2793.0,ES,90,ISM Manufacturing
2019-03-04 16:31:00+00:00,0.0,-54.71111005839191,2795.0,ES,90,ISM Manufacturing
2019-03-05 16:31:00+00:00,0.0,-0.8955357548678933,2791.75,ES,90,ISM Services
2019-03-08 15:01:00+00:00,-1.1083610456441806,18.33013069369116,2725.25,ES,90,Employment Report (NFP)
2019-03-11 14:01:00+00:00,-0.5294555357913072,14.478330282283736,2760.75,ES,90,Retail Sales
2019-03-12 14:01:00+00:00,0.0,16.10738603284645,2791.5,ES,90,CPI
2019-03-13 15:31:00+00:00,0.0,-7.100381943807577,2817.75,ES,90,ISM Manufacturing
2019-03-22 15:31:00+00:00,1.1674997262196745,-49.65429602670213,2826.5,ES,90,Wholesale Inventories
2019-03-28 14:01:00+00:00,0.0,13.29846377110755,2818.0,ES,90,GDP
2019-04-01 14:01:00+00:00,-1.321342784151942,-3.495281405747619,2861.5,ES,90,Retail Sales
2019-04-01 15:31:00+00:00,0.0,-0.8735531780956762,2862.0,ES,90,ISM Manufacturing
2019-04-03 15:31:00+00:00,1.3329308415834982,3.4635033682484107,2886.75,ES,90,ISM Services
2019-04-05 14:01:00+00:00,-1.0713750667083488,3.456320780976796,2892.75,ES,90,Employment Report (NFP)
2019-04-10 14:01:00+00:00,0.9346559976713369,-8.660258616970395,2888.0,ES,90,CPI
2019-04-10 19:31:00+00:00,0.0,8.643042888962782,2891.25,ES,90,FOMC Meeting Minutes
2019-04-17 15:31:00+00:00,0.0,-2.5814223780784573,2905.75,ES,90,Wholesale Inventories
2019-04-18 14:01:00+00:00,0.0,-13.791916676346716,2902.25,ES,90,Retail Sales
2019-04-26 14:01:00+00:00,0.0,17.947955760231338,2922.5,ES,90,GDP
2019-05-01 15:31:00+00:00,1.1478306280230466,5.9279334420025975,2951.25,ES,90,ISM Manufacturing
2019-05-03 14:01:00+00:00,0.0,-1.7034324204345808,2935.5,ES,90,Employment Report (NFP)+Wholesale Inventories
2019-05-03 15:31:00+00:00,-0.9151416546390241,5.95111600985021,2939.75,ES,90,ISM Services
2019-05-09 15:31:00+00:00,0.0,27.246775810443324,2840.5,ES,90,Wholesale Inventories
2019-05-10 14:01:00+00:00,-0.9685702019445485,-39.45470025445985,2857.0,ES,90,CPI
2019-05-15 14:01:00+00:00,0.0,60.84943154673894,2826.25,ES,90,Retail Sales
2019-05-22 19:31:00+00:00,-0.8441078267974337,-7.869540912395223,2860.25,ES,90,FOMC Meeting Minutes
2019-05-30 14:01:00+00:00,-0.5426372501025295,2.6822835334527895,2795.75,ES,90,GDP+Wholesale Inventories
2019-06-03 15:31:00+00:00,0.0,-26.32416533979054,2757.75,ES,90,ISM Manufacturing
2019-06-05 15:31:00+00:00,0.6421739262425336,1.7750954160433707,2816.5,ES,90,ISM Services
2019-06-07 14:01:00+00:00,-1.1633738813483927,14.80256267504032,2869.0,ES,90,Employment Report (NFP)
2019-06-07 15:31:00+00:00,0.0,-6.95229019051169,2877.75,ES,90,Wholesale Inventories
2019-06-12 14:01:00+00:00,0.0,-22.553791656196864,2885.25,ES,90,CPI
2019-06-14 14:01:00+00:00,-0.8965661375120066,3.468308367384765,2882.75,ES,90,Retail Sales
2019-06-26 14:01:00+00:00,-0.94750702783166,-4.268214670641868,2929.25,ES,90,Wholesale Inventories
2019-06-27 14:01:00+00:00,0.0,-3.4129693164075547,2930.5,ES,90,GDP
2019-07-01 15:31:00+00:00,0.0,0.84270846551604,2966.5,ES,90,ISM Manufacturing
2019-07-03 15:31:00+00:00,0.0,14.202767749438294,2990.25,ES,90,ISM Services
2019-07-05 14:01:00+00:00,0.5169323132660726,-5.87963563198457,2977.25,ES,90,Employment Report (NFP)
2019-07-10 15:31:00+00:00,0.0,16.69588834282365,2992.25,ES,90,Wholesale Inventories
2019-07-10 19:31:00+00:00,-1.1658755556263218,6.6738969691826355,2995.75,ES,90,FOMC Meeting Minutes
2019-07-11 14:01:00+00:00,-1.7055915044058403,-18.32722938850395,3003.75,ES,90,CPI
2019-07-16 14:01:00+00:00,-1.7504903585846263,4.971826419968295,3016.25,ES,90,Retail Sales
2019-07-25 14:01:00+00:00,-1.3491628486537357,14.123709405531315,3007.0,ES,90,Wholesale Inventories
2019-07-26 14:01:00+00:00,-0.519285804422957,-3.313727144877987,3018.25,ES,90,GDP
2019-08-01 15:31:00+00:00,0.0,-3.3222591667936285,3010.5,ES,90,ISM Manufacturing
2019-08-02 14:01:00+00:00,0.0,-38.37466867611994,2937.25,ES,90,Employment Report (NFP)
2019-08-05 15:31:00+00:00,1.0728589335818017,-17.441357870424667,2869.25,ES,90,ISM Services
2019-08-08 15:31:00+00:00,0.0,27.385554128507295,2917.25,ES,90,Wholesale Inventories
2019-08-13 14:01:00+00:00,0.8321492564518654,34.9278371868067,2929.5,ES,90,CPI
2019-08-15 14:01:00+00:00,-0.8756020126613362,-34.218063657345255,2854.25,ES,90,Retail Sales
2019-08-21 19:31:00+00:00,-0.826644711933334,7.692636816827303,2923.75,ES,90,FOMC Meeting Minutes
2019-08-29 14:01:00+00:00,0.6616275850491417,-12.841917778736445,2922.0,ES,90,GDP+Wholesale Inventories
2019-09-03 15:31:00+00:00,0.0,1.7213185342512816,2904.5,ES,90,ISM Manufacturing
2019-09-05 15:31:00+00:00,0.0,-1.6791201449883886,2978.0,ES,90,ISM Services
2019-09-06 14:01:00+00:00,-0.8627699548147023,9.229349986021873,2978.25,ES,90,Employment Report (NFP)
2019-09-11 15:31:00+00:00,-1.0787240232508715,10.02925282563183,2989.75,ES,90,Wholesale Inventories
2019-09-12 14:01:00+00:00,0.0,36.53882158538124,3005.0,ES,90,CPI
2019-09-13 14:01:00+00:00,-0.7611086570617184,6.635700309871595,3013.0,ES,90,Retail Sales
2019-09-26 14:01:00+00:00,0.0,-10.911075823347716,2980.25,ES,90,GDP+Wholesale Inventories
2019-10-01 15:31:00+00:00,-1.1435996817120047,-31.256625236277813,2964.0,ES,90,ISM Manufacturing
2019-10-03 15:31:00+00:00,2.0,-12.106539008946982,2892.75,ES,90,ISM Services
2019-10-04 14:01:00+00:00,-1.185999839305948,-20.483065964942426,2932.25,ES,90,Employment Report (NFP)
2019-10-09 15:31:00+00:00,-0.8346455367604971,20.595562072891482,2910.25,ES,90,Wholesale Inventories
2019-10-09 19:31:00+00:00,0.0,-40.224282914422815,2927.0,ES,90,FOMC Meeting Minutes
2019-10-10 14:01:00+00:00,0.7153557404416893,-1.7029972793203285,2936.25,ES,90,CPI
2019-10-16 14:01:00+00:00,-0.7676731777657066,19.231579153675682,2987.0,ES,90,Retail Sales
2019-10-28 14:01:00+00:00,-0.8100823297006174,4.112687699340256,3038.75,ES,90,Wholesale Inventories
2019-10-30 14:01:00+00:00,-0.8706721341586422,-4.1235413556961475,3032.0,ES,90,GDP
2019-11-01 14:01:00+00:00,0.0,16.355908127749785,3054.5,ES,90,Employment Report (NFP)
2019-11-01 15:31:00+00:00,-1.002280608467896,3.270645981707787,3057.0,ES,90,ISM Manufacturing
2019-11-05 16:31:00+00:00,0.821689335727558,-0.8134379961433069,3073.5,ES,90,ISM Services
2019-11-08 16:31:00+00:00,0.0,12.163971819774133,3081.0,ES,90,Wholesale Inventories
2019-11-13 15:01:00+00:00,-0.7552954959975662,12.151161930908927,3084.25,ES,90,CPI
2019-11-15 15:01:00+00:00,0.0,13.679342306112119,3104.75,ES,90,Retail Sales
2019-11-20 20:31:00+00:00,-1.0085142554433952,16.104359708926097,3102.25,ES,90,FOMC Meeting Minutes
2019-11-26 15:01:00+00:00,-0.9100701641168881,-8.770181945436661,3137.0,ES,90,Wholesale Inventories
2019-11-27 15:01:00+00:00,-1.1923683992735696,0.7951337816791693,3144.0,ES,90,GDP
2019-12-02 16:31:00+00:00,1.3381251180508087,11.229647446242552,3115.0,ES,90,ISM Manufacturing
2019-12-04 16:31:00+00:00,0.0,-6.4205459669608445,3116.0,ES,90,ISM Services
2019-12-06 15:01:00+00:00,-1.0289140800891712,-1.5902043446303082,3144.5,ES,90,Employment Report (NFP)
2019-12-06 16:31:00+00:00,1.0644538145417408,0.7939343420559908,3148.75,ES,90,Wholesale Inventories
2019-12-11 15:01:00+00:00,0.0,-5.572139447629354,3141.5,ES,90,CPI
2019-12-13 15:01:00+00:00,0.0,2.3656507621083733,3170.0,ES,90,Retail Sales
2019-12-20 15:01:00+00:00,1.0864571603518178,,,ES,90,GDP
2019-12-30 15:01:00+00:00,-1.321843211684641,-22.488474445978568,3227.5,ES,90,Wholesale Inventories
2020-01-03 16:31:00+00:00,1.2513421373787101,15.433292669015941,3237.25,ES,90,ISM Manufacturing
2020-01-03 20:31:00+00:00,-0.8528326782928443,-4.634994289247629,3237.0,ES,90,FOMC Meeting Minutes
2020-01-07 16:31:00+00:00,1.3771920718784016,-20.058639652518195,3243.75,ES,90,ISM Services
2020-01-10 15:01:00+00:00,-0.864949196297739,-3.810539999591356,3281.0,ES,90,Employment Report (NFP)
2020-01-10 16:31:00+00:00,0.0,-4.57910410197826,3276.5,ES,90,Wholesale Inventories
2020-01-14 15:01:00+00:00,0.0,7.61440682492065,3282.0,ES,90,CPI
2020-01-16 15:01:00+00:00,0.0,3.780861325246576,3305.5,ES,90,Retail Sales
2020-01-29 15:01:00+00:00,0.527046227159066,4.575961031640929,3277.25,ES,90,Wholesale Inventories
2020-01-30 15:01:00+00:00,0.0,-3.0693677343407444,3258.5,ES,90,GDP
2020-02-03 16:31:00+00:00,0.7955105441700114,-17.69299280741876,3252.75,ES,90,ISM Manufacturing
2020-02-05 16:31:00+00:00,-1.2966802656826348,7.521625025539436,3322.5,ES,90,ISM Services
2020-02-07 15:01:00+00:00,0.5875981612163509,27.02704347885998,3325.5,ES,90,Employment Report (NFP)
2020-02-07 16:31:00+00:00,0.9499206168313441,-6.74283599249037,3338.0,ES,90,Wholesale Inventories
2020-02-13 15:01:00+00:00,0.9393300535242876,9.65645386088454,3364.0,ES,90,CPI
2020-02-14 15:01:00+00:00,0.0,0.740713307259,3375.0,ES,90,Retail Sales
2020-02-19 20:31:00+00:00,-0.6078047081363748,-1.4752526396577537,3389.5,ES,90,FOMC Meeting Minutes
2020-02-27 15:01:00+00:00,0.6827725738009877,-95.52114790292165,3050.5,ES,90,GDP
2020-02-28 15:01:00+00:00,0.0,-20.02699959717802,2874.0,ES,90,Wholesale Inventories
2020-03-02 16:31:00+00:00,1.2384957523138704,62.76862365943714,3017.5,ES,90,ISM Manufacturing
2020-03-04 16:31:00+00:00,1.2797671990868118,-23.717042399269417,3060.5,ES,90,ISM Services
2020-03-06 15:01:00+00:00,0.0,116.90095007804047,2934.0,ES,90,Employment Report (NFP)
2020-03-06 16:31:00+00:00,-0.8838323013842552,-40.71252442779283,2953.5,ES,90,Wholesale Inventories
2020-03-11 14:01:00+00:00,0.7969575800968777,-86.89864313726758,2802.75,ES,90,CPI
2020-03-17 14:01:00+00:00,0.5136199114989993,267.3205098781395,2371.5,ES,90,Retail Sales
2020-03-26 14:01:00+00:00,0.0,101.23434041194201,2530.75,ES,90,GDP+Wholesale Inventories
2020-04-01 15:31:00+00:00,1.4232626218429754,-33.20757768594973,2488.5,ES,90,ISM Manufacturing
2020-04-03 14:01:00+00:00,-0.595989752278824,-79.71345517658435,2519.0,ES,90,Employment Report (NFP)
2020-04-03 15:31:00+00:00,0.0,-1.008420310455449,2479.25,ES,90,ISM Services
2020-04-08 19:31:00+00:00,-1.1655762846124889,-19.164961375928158,2742.0,ES,90,FOMC Meeting Minutes
2020-04-09 15:31:00+00:00,-0.6436369202279593,32.26676636579384,2784.75,ES,90,Wholesale Inventories
2020-04-10 14:01:00+00:00,1.7094057766282367,,,ES,90,CPI
2020-04-15 14:01:00+00:00,0.0,-34.382950991620476,2767.75,ES,90,Retail Sales
2020-04-28 14:01:00+00:00,0.49655548604121214,-16.450932321774303,2889.75,ES,90,Wholesale Inventories
2020-04-29 14:01:00+00:00,-0.9724866443732826,18.846917255306295,2915.5,ES,90,GDP
2020-05-01 15:31:00+00:00,-0.5638207612216635,-53.960943001101214,2833.75,ES,90,ISM Manufacturing
2020-05-05 15:31:00+00:00,0.7190004143302277,11.263701749708588,2883.75,ES,90,ISM Services
2020-05-08 14:01:00+00:00,-0.8127896081039091,-4.297932760515266,2909.0,ES,90,Employment Report (NFP)
2020-05-08 15:31:00+00:00,1.4841864595837797,8.580009106360365,2912.5,ES,90,Wholesale Inventories
2020-05-12 14:01:00+00:00,-1.163807632652774,-18.840461169524758,2922.0,ES,90,CPI
2020-05-15 14:01:00+00:00,0.8074892806858998,7.053430022629925,2834.5,ES,90,Retail Sales
2020-05-20 19:31:00+00:00,-0.5801765940231511,1.6849199703017348,2967.25,ES,90,FOMC Meeting Minutes
2020-05-28 14:01:00+00:00,0.0,15.638506829311893,3035.0,ES,90,GDP
2020-05-29 14:01:00+00:00,-0.6483546618593303,-5.799743316821093,3018.25,ES,90,Wholesale Inventories
2020-06-01 15:31:00+00:00,-0.5762835757024451,9.035279270861452,3042.25,ES,90,ISM Manufacturing
2020-06-03 15:31:00+00:00,0.0,-0.8029871125003751,3113.5,ES,90,ISM Services
2020-06-05 14:01:00+00:00,-0.7045771294316053,18.893180460572978,3172.75,ES,90,Employment Report (NFP)
2020-06-09 15:31:00+00:00,-0.9933956474530716,-20.266590458533074,3210.5,ES,90,Wholesale Inventories
2020-06-10 14:01:00+00:00,0.0,-49.290089230034084,3203.25,ES,90,CPI
2020-06-16 14:01:00+00:00,0.0,25.40692117001697,3144.75,ES,90,Retail Sales
2020-06-25 14:01:00+00:00,-0.8220704034422174,50.170767736865685,3032.0,ES,90,GDP+Wholesale Inventories
2020-07-01 15:31:00+00:00,-0.7836728363577414,24.222862065954587,3092.5,ES,90,ISM Manufacturing
2020-07-01 19:31:00+00:00,-0.7146566472577782,-37.804187392147526,3114.0,ES,90,FOMC Meeting Minutes
2020-07-02 14:01:00+00:00,0.0,-46.90179113296722,3152.25,ES,90,Employment Report (NFP)
2020-07-06 15:31:00+00:00,0.0,-14.209033018985906,3169.25,ES,90,ISM Services
2020-07-09 15:31:00+00:00,1.2408596977452295,17.631035181118193,3116.75,ES,90,Wholesale Inventories
2020-07-14 14:01:00+00:00,0.42937001851268,31.02998073991614,3137.25,ES,90,CPI
2020-07-16 14:01:00+00:00,0.0,6.251465390754163,3198.25,ES,90,Retail Sales
2020-07-29 14:01:00+00:00,0.6244279318166365,13.15942443259388,3227.5,ES,90,Wholesale Inventories
2020-07-30 14:01:00+00:00,0.0,23.422871420812896,3198.25,ES,90,GDP
2020-08-03 15:31:00+00:00,0.6099844450955685,7.599362019341527,3288.5,ES,90,ISM Manufacturing
2020-08-05 15:31:00+00:00,1.3135535839617094,-10.546934833328692,3320.25,ES,90,ISM Services
2020-08-07 14:01:00+00:00,-0.8843014709600863,-0.7488673384870026,3338.5,ES,90,Employment Report (NFP)
2020-08-07 15:31:00+00:00,-1.3919812417981179,-10.490821494215652,3338.0,ES,90,Wholesale Inventories
2020-08-12 14:01:00+00:00,0.5477629606571229,30.441423812277435,3362.0,ES,90,CPI
2020-08-14 14:01:00+00:00,0.6977790306426869,-11.884425375612295,3367.75,ES,90,Retail Sales
2020-08-19 19:31:00+00:00,-0.48179632672536576,-28.15442328017781,3379.0,ES,90,FOMC Meeting Minutes
2020-08-27 14:01:00+00:00,1.0069170540709942,7.87711738247765,3489.75,ES,90,GDP
2020-08-28 14:01:00+00:00,0.0,-5.729427930099007,3491.75,ES,90,Wholesale Inventories
2020-09-01 15:31:00+00:00,0.0,-0.7129362281688145,3506.75,ES,90,ISM Manufacturing
2020-09-03 15:31:00+00:00,0.0,6.47738336368775,3472.5,ES,90,ISM Services
2020-09-04 14:01:00+00:00,0.0,-112.73086222701068,3434.5,ES,90,Employment Report (NFP)
2020-09-10 15:31:00+00:00,1.7421154555832545,-30.14375697194538,3405.5,ES,90,Wholesale Inventories
2020-09-11 14:01:00+00:00,0.0,31.36671727816065,3342.25,ES,90,CPI
2020-09-16 14:01:00+00:00,-0.5564347809847537,-6.594614637229768,3413.0,ES,90,Retail Sales
2020-09-29 14:01:00+00:00,0.0,18.706279539166815,3338.0,ES,90,Wholesale Inventories
2020-09-30 14:01:00+00:00,0.9628673826725845,27.563618598520634,3351.25,ES,90,GDP
2020-10-01 15:31:00+00:00,-0.8997803541052088,-3.7076860756357632,3372.0,ES,90,ISM Manufacturing
2020-10-02 14:01:00+00:00,0.0,-1.4943215807861066,3346.25,ES,90,Employment Report (NFP)
2020-10-05 15:31:00+00:00,0.0,-1.4771048771322626,3385.25,ES,90,ISM Services
2020-10-07 19:31:00+00:00,0.0,-25.662660269354376,3414.0,ES,90,FOMC Meeting Minutes
2020-10-09 15:31:00+00:00,0.0,31.021198631400182,3460.0,ES,90,Wholesale Inventories
2020-10-13 14:01:00+00:00,0.8443948373183866,-14.218685745426285,3519.0,ES,90,CPI
2020-10-16 14:01:00+00:00,1.5353557219914395,37.855836072751,3493.5,ES,90,Retail Sales
2020-10-28 14:01:00+00:00,-1.1104982689950476,-87.13826684523696,3313.75,ES,90,Wholesale Inventories
2020-10-29 14:01:00+00:00,-0.7306793426672035,47.18425801236492,3277.25,ES,90,GDP
2020-11-02 16:31:00+00:00,0.7658012642023293,3.0282383455215722,3301.75,ES,90,ISM Manufacturing
2020-11-04 16:31:00+00:00,0.0,33.20343746302967,3457.75,ES,90,ISM Services
2020-11-06 15:01:00+00:00,-1.0459727424337244,35.79101887964953,3486.25,ES,90,Employment Report (NFP)
2020-11-06 16:31:00+00:00,0.9681379873083077,13.557389068630243,3501.25,ES,90,Wholesale Inventories
2020-11-12 15:01:00+00:00,-0.6033929910808992,15.477701134010147,3550.75,ES,90,CPI
2020-11-17 15:01:00+00:00,0.24859448170754175,16.700303095120717,3589.75,ES,90,Retail Sales
2020-11-25 15:01:00+00:00,0.0,5.522192450655439,3620.75,ES,90,GDP+Wholesale Inventories
2020-11-25 20:31:00+00:00,-0.621976445673589,-8.268449447861315,3629.75,ES,90,FOMC Meeting Minutes
2020-12-01 16:31:00+00:00,0.0,-8.184422773069855,3667.0,ES,90,ISM Manufacturing
2020-12-03 16:31:00+00:00,0.5676951777504577,-2.7199782569553577,3677.0,ES,90,ISM Services
2020-12-04 15:01:00+00:00,-0.8178502308940611,8.824029080969353,3681.5,ES,90,Employment Report (NFP)
2020-12-09 16:31:00+00:00,-0.6676396882633422,4.058441614169794,3695.25,ES,90,Wholesale Inventories
2020-12-10 15:01:00+00:00,0.8826700874589443,-4.76758054322346,3671.5,ES,90,CPI
2020-12-16 15:01:00+00:00,0.27740296704764095,15.54842293973735,3695.25,ES,90,Retail Sales
2020-12-22 15:01:00+00:00,0.9786005462333156,9.502478146643512,3681.5,ES,90,GDP
2020-12-30 15:01:00+00:00,-0.8177007661512803,0.0,3734.0,ES,90,Wholesale Inventories
2021-01-04 16:31:00+00:00,0.0,-59.053285476622364,3694.0,ES,90,ISM Manufacturing
2021-01-05 16:31:00+00:00,1.1289648571805266,5.403945011295264,3700.0,ES,90,ISM Manufacturing
2021-01-06 20:31:00+00:00,-0.7096787389599806,-37.423192566450325,3748.0,ES,90,FOMC Meeting Minutes
2021-01-07 16:31:00+00:00,0.0,-6.58935184624454,3795.25,ES,90,ISM Services
2021-01-08 15:01:00+00:00,-0.7997878826831639,-33.50747197323756,3811.5,ES,90,Employment Report (NFP)
2021-01-08 16:31:00+00:00,0.0,11.17061587393664,3802.5,ES,90,Wholesale Inventories
2021-01-13 15:01:00+00:00,-0.6944871659020522,5.928268131327741,3794.25,ES,90,CPI
2021-01-15 15:01:00+00:00,1.3054283444703487,-68.45017588666735,3774.75,ES,90,Retail Sales
2021-01-28 15:01:00+00:00,-0.7389349276505902,46.86631899183169,3778.5,ES,90,GDP+Wholesale Inventories
2021-02-01 16:31:00+00:00,0.8220926498216243,16.64835732317016,3751.0,ES,90,ISM Manufacturing
2021-02-03 16:31:00+00:00,0.0,20.262107000874607,3821.0,ES,90,ISM Services
2021-02-05 15:01:00+00:00,0.2700455376127371,1.2899896818652223,3875.75,ES,90,Employment Report (NFP)
2021-02-10 15:01:00+00:00,0.9042793649506075,-67.79253387339423,3922.25,ES,90,CPI
2021-02-10 16:31:00+00:00,0.0,-1.2834499151281875,3896.0,ES,90,Wholesale Inventories
2021-02-17 15:01:00+00:00,0.0,-29.40050692505025,3917.25,ES,90,Retail Sales
2021-02-17 20:31:00+00:00,-0.799176086565363,8.277882608389575,3924.5,ES,90,FOMC Meeting Minutes
2021-02-25 15:01:00+00:00,0.0,-39.06380043588342,3911.5,ES,90,GDP
2021-02-26 15:01:00+00:00,0.0,-69.63176002830807,3819.0,ES,90,Wholesale Inventories
2021-03-01 16:31:00+00:00,0.0,16.692351076734724,3890.75,ES,90,ISM Manufacturing
2021-03-03 16:31:00+00:00,0.0,-22.66620146006204,3864.75,ES,90,ISM Services
2021-03-05 15:01:00+00:00,0.26800091152359473,-11.27433219533458,3771.75,ES,90,Employment Report (NFP)
2021-03-08 16:31:00+00:00,0.0,-30.417782246772163,3868.75,ES,90,Wholesale Inventories
2021-03-10 15:01:00+00:00,-1.0138308393433177,-37.20576490238159,3904.5,ES,90,CPI
2021-03-16 14:01:00+00:00,-0.8378949779255213,8.171218909041045,3975.75,ES,90,Retail Sales
2021-03-25 14:01:00+00:00,0.40025366130275625,-6.467468858240011,3866.75,ES,90,GDP
2021-03-26 14:01:00+00:00,1.149768563243888,18.484882721452323,3918.5,ES,90,Wholesale Inventories
2021-04-01 15:31:00+00:00,0.0,0.6254495420421335,3997.0,ES,90,ISM Manufacturing
2021-04-02 14:01:00+00:00,0.8053141826323343,,,ES,90,Employment Report (NFP)
2021-04-05 15:31:00+00:00,0.9384851072815859,15.37562958592531,4061.75,ES,90,ISM Services
2021-04-07 19:31:00+00:00,-0.5606891072621073,16.5964939591845,4063.75,ES,90,FOMC Meeting Minutes
2021-04-09 15:31:00+00:00,1.1427084801982874,11.598450770655688,4093.0,ES,90,Wholesale Inventories
2021-04-13 14:01:00+00:00,0.0,1.2124886344011543,4123.5,ES,90,CPI
2021-04-15 14:01:00+00:00,0.0,18.686524018569628,4143.5,ES,90,Retail Sales
2021-04-28 14:01:00+00:00,0.0,-2.985876824901368,4187.0,ES,90,Wholesale Inventories
2021-04-29 14:01:00+00:00,0.2475290569187194,-9.536866670245558,4196.25,ES,90,GDP
2021-05-03 15:31:00+00:00,0.7114872138246353,14.324084812642468,4185.75,ES,90,ISM Manufacturing
2021-05-05 15:31:00+00:00,0.0,20.35563176672639,4171.5,ES,90,ISM Services
2021-05-07 14:01:00+00:00,-0.47193001781012617,29.025877085651075,4214.25,ES,90,Employment Report (NFP)
2021-05-07 15:31:00+00:00,0.0,2.364904823615177,4228.0,ES,90,Wholesale Inventories
2021-05-12 14:01:00+00:00,-0.8600484915069408,-6.084575788563029,4110.0,ES,90,CPI
2021-05-14 14:01:00+00:00,0.8147680525858773,-1.2046741371207759,4150.75,ES,90,Retail Sales
2021-05-19 19:31:00+00:00,0.0,32.880745692907,4099.0,ES,90,FOMC Meeting Minutes
2021-05-27 14:01:00+00:00,0.0,12.486994338445356,4201.75,ES,90,GDP
2021-05-28 14:01:00+00:00,1.0199822150645277,-14.850458638200337,4211.75,ES,90,Wholesale Inventories
2021-06-01 15:31:00+00:00,0.0,1.7837500418949048,4204.25,ES,90,ISM Manufacturing
2021-06-03 15:31:00+00:00,0.0,0.5955394099999012,4197.75,ES,90,ISM Services
2021-06-04 14:01:00+00:00,-0.5468140060714335,1.77877916925695,4216.0,ES,90,Employment Report (NFP)
2021-06-09 15:31:00+00:00,1.1513054989145253,-11.231638930873089,4231.5,ES,90,Wholesale Inventories
2021-06-10 14:01:00+00:00,0.0,-12.371500002039681,4246.25,ES,90,CPI
2021-06-15 14:01:00+00:00,1.0187042494643004,-8.826904977716765,4250.25,ES,90,Retail Sales
2021-06-24 14:01:00+00:00,1.0993730911552233,17.034278253298396,4252.5,ES,90,GDP+Wholesale Inventories
2021-07-01 15:31:00+00:00,1.4861235075816297,5.813615651213411,4299.0,ES,90,ISM Manufacturing
2021-07-02 14:01:00+00:00,0.0,0.0,4324.0,ES,90,Employment Report (NFP)
2021-07-06 15:31:00+00:00,0.6854917930563345,-7.531211432656448,4317.0,ES,90,ISM Services
2021-07-07 19:31:00+00:00,0.9217435580348097,-1.7244848144315483,4349.5,ES,90,FOMC Meeting Minutes
2021-07-09 15:31:00+00:00,0.6540467796743462,0.0,4353.75,ES,90,Wholesale Inventories
2021-07-13 14:01:00+00:00,0.0,6.284816661654702,4374.25,ES,90,CPI
2021-07-16 14:01:00+00:00,-1.5849578720258193,-36.207976567368405,4357.75,ES,90,Retail Sales
2021-07-28 14:01:00+00:00,-0.6435941431336107,19.343466235106632,4390.0,ES,90,Wholesale Inventories
2021-07-29 14:01:00+00:00,0.0,9.633639143622474,4409.5,ES,90,GDP
2021-08-02 15:31:00+00:00,0.9281463624889543,-31.827250509870453,4405.75,ES,90,ISM Manufacturing
2021-08-04 15:31:00+00:00,-0.6862985892070337,2.842281802948321,4397.25,ES,90,ISM Services
2021-08-06 14:01:00+00:00,0.0,12.994719193493154,4422.0,ES,90,Employment Report (NFP)
2021-08-06 15:31:00+00:00,-1.0831204656479316,3.9517882355610823,4427.5,ES,90,Wholesale Inventories
2021-08-11 14:01:00+00:00,-0.6398330183388244,-2.2518718780162317,4441.25,ES,90,CPI
2021-08-17 14:01:00+00:00,0.0,23.06416796059807,4439.0,ES,90,Retail Sales
2021-08-18 19:31:00+00:00,-0.5503038145681379,-51.05525045255632,4418.25,ES,90,FOMC Meeting Minutes
2021-08-26 14:01:00+00:00,0.0,-14.497604858867419,4486.75,ES,90,GDP
2021-08-27 14:01:00+00:00,0.0,27.838111625193562,4484.0,ES,90,Wholesale Inventories
2021-09-01 15:31:00+00:00,0.6950273709570206,1.1042402838157273,4527.75,ES,90,ISM Manufacturing
2021-09-03 14:01:00+00:00,0.45202108594562024,1.656314703559758,4527.75,ES,90,Employment Report (NFP)
2021-09-03 15:31:00+00:00,0.7839777249687483,-6.6221513374031815,4531.75,ES,90,ISM Services
2021-09-10 15:31:00+00:00,0.0,1.6738736264443332,4480.25,ES,90,Wholesale Inventories
2021-09-14 14:01:00+00:00,0.0,5.606324080247305,4458.0,ES,90,CPI
2021-09-16 14:01:00+00:00,0.0,-17.947284682797715,4461.5,ES,90,Retail Sales
2021-09-28 14:01:00+00:00,-1.4479376138679676,-42.31721303213476,4381.0,ES,90,Wholesale Inventories
2021-09-30 14:01:00+00:00,-0.9349541114281994,-21.22960317667122,4361.75,ES,90,GDP
2021-10-01 15:31:00+00:00,0.8840937435077694,20.862316328873476,4309.5,ES,90,ISM Manufacturing
2021-10-05 15:31:00+00:00,0.8724961971071269,-0.5747621923291035,4349.75,ES,90,ISM Services
2021-10-08 14:01:00+00:00,-0.6967177865561794,1.1373976354533966,4395.75,ES,90,Employment Report (NFP)
2021-10-08 15:31:00+00:00,1.359366426523371,-15.373668508402716,4394.0,ES,90,Wholesale Inventories
2021-10-13 14:01:00+00:00,-0.5488168903166245,-17.329024669230364,4331.75,ES,90,CPI
2021-10-13 19:31:00+00:00,-0.6787434992495751,9.763101995901025,4351.0,ES,90,FOMC Meeting Minutes
2021-10-15 14:01:00+00:00,0.9617438159540442,-10.664272893450288,4456.5,ES,90,Retail Sales
2021-10-27 14:01:00+00:00,-0.7046181303069544,-22.43687153526963,4573.5,ES,90,Wholesale Inventories
2021-10-28 14:01:00+00:00,1.2066690905245256,7.652364407313428,4572.0,ES,90,GDP
2021-11-01 15:31:00+00:00,0.7489586393336624,0.5435816596843779,4599.0,ES,90,ISM Manufacturing
2021-11-03 15:31:00+00:00,-0.6966799015768032,3.2478077583419918,4617.75,ES,90,ISM Services
2021-11-05 14:01:00+00:00,0.0,-5.842517760150656,4708.25,ES,90,Employment Report (NFP)
2021-11-10 15:01:00+00:00,0.795748172164936,-3.742815175371561,4676.5,ES,90,CPI
2021-11-10 16:31:00+00:00,0.8837586218895838,-1.6051793822313698,4672.75,ES,90,Wholesale Inventories
2021-11-16 15:01:00+00:00,-1.1092804278444908,-9.06255892715535,4691.75,ES,90,Retail Sales
2021-11-24 15:01:00+00:00,0.6469191097765377,10.696332178241619,4672.0,ES,90,GDP+Wholesale Inventories
2021-11-24 20:31:00+00:00,-0.6941139058287739,3.1926781519686642,4697.5,ES,90,FOMC Meeting Minutes
2021-12-01 16:31:00+00:00,0.0,-31.80681406000474,4644.75,ES,90,ISM Manufacturing
2021-12-03 15:01:00+00:00,-0.5624514157464603,-17.01007296478707,4560.0,ES,90,Employment Report (NFP)
2021-12-03 16:31:00+00:00,0.0,-57.52864632540877,4532.5,ES,90,ISM Services
2021-12-09 16:31:00+00:00,0.0,-12.268958410963648,4689.5,ES,90,Wholesale Inventories
2021-12-10 15:01:00+00:00,-0.4612385257279995,7.98743352991238,4693.0,ES,90,CPI
2021-12-15 15:01:00+00:00,-1.3390105664219567,5.95125399662777,4619.5,ES,90,Retail Sales
2021-12-22 15:01:00+00:00,-0.5642372661762243,11.826686681182252,4647.75,ES,90,GDP
2021-12-29 15:01:00+00:00,-0.5619649251201719,-16.210425282174867,4784.75,ES,90,Wholesale Inventories
2022-01-03 16:31:00+00:00,1.3450619129318002,-5.775339461706608,4763.0,ES,90,ISM Manufacturing
2022-01-04 16:31:00+00:00,0.0,7.844163037837859,4778.75,ES,90,ISM Manufacturing
2022-01-05 20:31:00+00:00,-0.8673073567363001,-37.22022694304883,4710.5,ES,90,FOMC Meeting Minutes
2022-01-06 16:31:00+00:00,1.2149103128698797,10.651329760271722,4691.75,ES,90,ISM Services
2022-01-07 15:01:00+00:00,-0.7955121770807505,-25.079386694528694,4691.0,ES,90,Employment Report (NFP)
2022-01-10 16:31:00+00:00,1.9949026367390572,-11.405916018070172,4605.5,ES,90,Wholesale Inventories
2022-01-12 15:01:00+00:00,0.6290242793015657,-10.566915972418656,4734.25,ES,90,CPI
2022-01-14 15:01:00+00:00,0.8593986379559556,-23.7069076547769,4645.5,ES,90,Retail Sales
2022-01-26 15:01:00+00:00,0.0,-95.25501519000557,4430.25,ES,90,Wholesale Inventories
2022-01-27 15:01:00+00:00,-1.0957263217862314,-17.66030025756038,4392.25,ES,90,GDP
2022-02-01 16:31:00+00:00,-0.7803488731117033,27.751585774318244,4498.0,ES,90,ISM Manufacturing
2022-02-03 16:31:00+00:00,1.0887154791253504,-26.026539596735176,4520.5,ES,90,ISM Services
2022-02-04 15:01:00+00:00,0.0,-29.045431803389476,4482.25,ES,90,Employment Report (NFP)
2022-02-09 16:31:00+00:00,0.9547123424831363,-4.381880992525566,4565.25,ES,90,Wholesale Inventories
2022-02-10 15:01:00+00:00,-0.5494545907093666,18.637290928893435,4556.5,ES,90,CPI
2022-02-16 15:01:00+00:00,-0.5532840471620297,2.8192044391772697,4433.25,ES,90,Retail Sales
2022-02-16 20:31:00+00:00,-0.8822820000530109,-16.211536099355328,4475.75,ES,90,FOMC Meeting Minutes
2022-02-24 15:01:00+00:00,0.0,-2.4090580699365205,4151.5,ES,90,GDP
2022-02-28 15:01:00+00:00,0.0,-17.278124438959708,4344.5,ES,90,Wholesale Inventories
2022-03-01 16:31:00+00:00,1.1249420131995909,-60.860932678998836,4326.25,ES,90,ISM Manufacturing
2022-03-03 16:31:00+00:00,-0.7805656645708546,17.761485174681013,4359.5,ES,90,ISM Services
2022-03-04 15:01:00+00:00,0.6002818896091204,-65.54357735332417,4324.25,ES,90,Employment Report (NFP)
2022-03-08 16:31:00+00:00,0.0,30.545347619721497,4167.75,ES,90,Wholesale Inventories
2022-03-10 15:01:00+00:00,0.9085394517316615,-13.564122033677961,4242.0,ES,90,CPI
2022-03-16 14:01:00+00:00,-0.7997149450835832,34.63806719189222,4323.0,ES,90,Retail Sales
2022-03-28 14:01:00+00:00,1.7428614628511938,-1.6523008326529975,4539.5,ES,90,Wholesale Inventories
2022-03-30 14:01:00+00:00,0.5267693763972676,-15.707518463123904,4619.25,ES,90,GDP
2022-04-01 14:01:00+00:00,0.0,-21.536855661530296,4532.0,ES,90,Employment Report (NFP)
2022-04-01 15:31:00+00:00,0.8854372647232386,-30.438054436174866,4524.25,ES,90,ISM Manufacturing
2022-04-05 15:31:00+00:00,0.0,-23.62573555743097,4555.5,ES,90,ISM Services
2022-04-06 19:31:00+00:00,-0.5649776100576154,11.183181662026698,4468.5,ES,90,FOMC Meeting Minutes
2022-04-08 15:31:00+00:00,0.0,4.99486649115255,4503.5,ES,90,Wholesale Inventories
2022-04-12 14:01:00+00:00,0.0,-29.76777732428104,4457.75,ES,90,CPI
2022-04-14 14:01:00+00:00,-0.4420895097647584,-26.54543932631981,4432.25,ES,90,Retail Sales
2022-04-27 14:01:00+00:00,-0.5356311633231451,-130.02688263622275,4218.75,ES,90,Wholesale Inventories
2022-04-28 14:01:00+00:00,-0.6536936527111833,-27.41033774331214,4201.25,ES,90,GDP
2022-05-02 15:31:00+00:00,0.0,40.68131540268638,4109.0,ES,90,ISM Manufacturing
2022-05-04 15:31:00+00:00,-0.8651354272571669,30.71089036478014,4145.25,ES,90,ISM Services
2022-05-06 14:01:00+00:00,-1.1211641307162787,73.40829441321972,4071.75,ES,90,Employment Report (NFP)
2022-05-09 15:31:00+00:00,-0.892949260341866,39.273185783805786,4002.5,ES,90,Wholesale Inventories
2022-05-11 14:01:00+00:00,-1.2502757264298496,13.03740678228138,4024.25,ES,90,CPI
2022-05-17 14:01:00+00:00,-0.6239428284476981,-28.977485673458148,4060.75,ES,90,Retail Sales
2022-05-25 19:31:00+00:00,-1.4046545189787014,-28.869105025712827,3989.25,ES,90,FOMC Meeting Minutes
2022-05-26 14:01:00+00:00,0.0,11.778199297332037,4030.5,ES,90,GDP
2022-05-27 14:01:00+00:00,-0.558284422413596,25.504021597022586,4111.75,ES,90,Wholesale Inventories
2022-06-01 15:31:00+00:00,0.48520915032906664,-33.67934355264168,4089.5,ES,90,ISM Manufacturing
2022-06-03 14:01:00+00:00,0.38925349271167314,-39.94920875044272,4138.5,ES,90,Employment Report (NFP)
2022-06-03 15:31:00+00:00,-0.8274877942258486,18.87769643829529,4101.5,ES,90,ISM Services
2022-06-08 15:31:00+00:00,0.0,-5.418585881677984,4153.5,ES,90,Wholesale Inventories
2022-06-10 14:01:00+00:00,0.27139816414082707,-39.5787302486994,3924.0,ES,90,CPI
2022-06-15 14:01:00+00:00,0.0,-13.21091413487352,3787.25,ES,90,Retail Sales
2022-06-28 14:01:00+00:00,1.0683831799602663,-77.727200701041,3939.25,ES,90,Wholesale Inventories
2022-06-29 14:01:00+00:00,0.0,18.288705293549867,3824.0,ES,90,GDP
2022-07-01 15:31:00+00:00,0.0,-36.41061915381272,3783.25,ES,90,ISM Manufacturing
2022-07-06 15:31:00+00:00,0.0,11.130390385325484,3816.25,ES,90,ISM Services
2022-07-06 19:31:00+00:00,0.8543572364497946,-48.595683154317726,3867.75,ES,90,FOMC Meeting Minutes
2022-07-08 14:01:00+00:00,-0.8213886155011718,90.62632325832709,3872.0,ES,90,Employment Report (NFP)
2022-07-08 15:31:00+00:00,-0.884065023634821,-14.048533600430346,3917.75,ES,90,Wholesale Inventories
2022-07-13 14:01:00+00:00,0.0,1.3237143443944888,3777.0,ES,90,CPI
2022-07-15 14:01:00+00:00,-0.6028354754221183,16.867786534717766,3850.25,ES,90,Retail Sales
2022-07-27 14:01:00+00:00,0.8703854437321122,13.856524230071443,3966.5,ES,90,Wholesale Inventories
2022-07-28 14:01:00+00:00,-1.0053215038755834,-22.471919569042598,4009.5,ES,90,GDP
2022-08-01 15:31:00+00:00,0.0,3.6242827337318317,4138.0,ES,90,ISM Manufacturing
2022-08-03 15:31:00+00:00,0.0,17.50626748748374,4137.75,ES,90,ISM Services
2022-08-05 14:01:00+00:00,0.0,33.836890290217525,4130.5,ES,90,Employment Report (NFP)
2022-08-10 14:01:00+00:00,0.6163694131584238,-12.52871326965277,4193.0,ES,90,CPI
2022-08-10 15:31:00+00:00,0.0,7.13097249136041,4205.5,ES,90,Wholesale Inventories
2022-08-17 14:01:00+00:00,0.37850461690229,-4.675901657478221,4278.25,ES,90,Retail Sales
2022-08-17 19:31:00+00:00,-1.432907652929121,-5.25900616906938,4279.5,ES,90,FOMC Meeting Minutes
2022-08-25 14:01:00+00:00,-0.6069860419136632,21.5388380505388,4174.0,ES,90,GDP
2022-08-26 14:01:00+00:00,-0.5226863728350802,-119.41694310966255,4191.0,ES,90,Wholesale Inventories
2022-09-01 15:31:00+00:00,0.0,1.2763241880620058,3917.25,ES,90,ISM Manufacturing
2022-09-02 14:01:00+00:00,0.0,75.11772411060491,3978.75,ES,90,Employment Report (NFP)
2022-09-06 15:31:00+00:00,0.0,34.364294985813615,3921.75,ES,90,ISM Services
2022-09-09 15:31:00+00:00,1.5381749851233002,-4.931574505064873,4056.5,ES,90,Wholesale Inventories
2022-09-13 14:01:00+00:00,0.611593101927331,-9.366512283648376,4005.5,ES,90,CPI
2022-09-15 14:01:00+00:00,0.9115332478722382,-60.20106264891467,3957.0,ES,90,Retail Sales
2022-09-28 14:01:00+00:00,-0.5689863002619475,14.241635447724832,3683.75,ES,90,Wholesale Inventories
2022-09-29 14:01:00+00:00,-0.6118222570413525,-43.220319054491085,3652.0,ES,90,GDP
2022-10-03 15:31:00+00:00,0.0,-25.885573037243148,3674.75,ES,90,ISM Manufacturing
2022-10-05 15:31:00+00:00,1.2131574251346817,14.66373654743336,3748.0,ES,90,ISM Services
2022-10-07 14:01:00+00:00,-0.7506224489955933,14.939565456870696,3678.75,ES,90,Employment Report (NFP)
2022-10-07 15:31:00+00:00,1.939831902835844,-20.392910337001524,3681.5,ES,90,Wholesale Inventories
2022-10-12 19:31:00+00:00,-0.615532179494825,-22.257782020531636,3598.25,ES,90,FOMC Meeting Minutes
2022-10-13 14:01:00+00:00,1.022278287334584,15.524666162320955,3540.0,ES,90,CPI
2022-10-14 14:01:00+00:00,-0.4662137542287988,-64.96859918335929,3667.5,ES,90,Retail Sales
2022-10-26 14:01:00+00:00,1.4628300609815075,22.016456474673873,3856.5,ES,90,Wholesale Inventories
2022-10-27 14:01:00+00:00,-0.6058796711827555,89.6400935781827,3831.5,ES,90,GDP
2022-11-01 15:31:00+00:00,-1.007225314410752,-1.9391745641073044,3868.0,ES,90,ISM Manufacturing
2022-11-03 15:31:00+00:00,0.4631638841870161,-2.6784518708566907,3734.0,ES,90,ISM Services
2022-11-04 14:01:00+00:00,0.365342562422949,68.06568489022169,3770.25,ES,90,Employment Report (NFP)
2022-11-09 16:31:00+00:00,0.0,12.486447256989663,3801.75,ES,90,Wholesale Inventories
2022-11-10 15:01:00+00:00,-0.5528849358964604,-23.025274003778406,3913.25,ES,90,CPI
2022-11-16 15:01:00+00:00,-0.7009720766845444,-8.167112123516063,3981.0,ES,90,Retail Sales
2022-11-23 20:31:00+00:00,-0.8242834277322947,3.7188546356503593,4032.75,ES,90,FOMC Meeting Minutes
2022-11-30 15:01:00+00:00,0.26898124378032456,-2.5305244647100267,3952.25,ES,90,GDP+Wholesale Inventories
2022-12-01 16:31:00+00:00,1.2319857983596554,0.6135910417626178,4074.25,ES,90,ISM Manufacturing
2022-12-02 15:01:00+00:00,0.46784543019795666,-6.804194120171303,4043.0,ES,90,Employment Report (NFP)
2022-12-05 16:31:00+00:00,-0.8629226453627796,-39.781255844459906,4030.0,ES,90,ISM Services
2022-12-09 16:31:00+00:00,1.4159365365717091,8.805032015430925,3973.25,ES,90,Wholesale Inventories
2022-12-13 15:01:00+00:00,0.3041221180187885,-100.6390428247883,4094.5,ES,90,CPI
2022-12-15 15:01:00+00:00,-0.714640836969941,-15.346252772019398,3912.75,ES,90,Retail Sales
2022-12-22 15:01:00+00:00,0.0,-57.23965153347166,3854.5,ES,90,GDP
2022-12-27 15:01:00+00:00,-0.6070642123960116,51.22397324665684,3845.75,ES,90,Wholesale Inventories
2023-01-03 16:31:00+00:00,0.9221110511308921,-14.357504261042209,3833.5,ES,90,ISM Manufacturing
2023-01-04 16:31:00+00:00,0.0,38.605118078614,3878.0,ES,90,ISM Manufacturing
2023-01-04 20:31:00+00:00,-0.56051099457531,17.45596046937692,3863.5,ES,90,FOMC Meeting Minutes
2023-01-06 15:01:00+00:00,-0.748322423614438,53.77227818499364,3848.5,ES,90,Employment Report (NFP)
2023-01-06 16:31:00+00:00,0.0,30.818643975294435,3887.75,ES,90,ISM Services
2023-01-10 16:31:00+00:00,0.0,-21.733580531311247,3915.25,ES,90,Wholesale Inventories
2023-01-12 15:01:00+00:00,-0.8159775553181868,37.03359221130853,3975.5,ES,90,CPI
2023-01-18 15:01:00+00:00,-0.7424835787618842,-15.525542631102951,4028.75,ES,90,Retail Sales
2023-01-26 15:01:00+00:00,-0.540036197777419,27.80783500558215,4040.0,ES,90,GDP+Wholesale Inventories
2023-02-01 16:31:00+00:00,0.0,-17.795236801063652,4077.75,ES,90,ISM Manufacturing
2023-02-03 15:01:00+00:00,0.0,44.40984313813345,4156.5,ES,90,Employment Report (NFP)
2023-02-03 16:31:00+00:00,0.0,-41.86358604904683,4189.0,ES,90,ISM Services
2023-02-08 16:31:00+00:00,-0.7831052634187619,7.864727106117186,4130.75,ES,90,Wholesale Inventories
2023-02-14 15:01:00+00:00,0.0,0.0,4153.5,ES,90,CPI
2023-02-15 15:01:00+00:00,-0.7983117678256542,6.0569353759731825,4126.25,ES,90,Retail Sales
2023-02-22 20:31:00+00:00,0.0,29.420070670944654,3988.0,ES,90,FOMC Meeting Minutes
2023-02-23 15:01:00+00:00,-0.6328326588135621,-30.42630184225459,4032.25,ES,90,GDP
2023-02-28 15:01:00+00:00,-0.9349134318820608,-16.310147270424125,3988.5,ES,90,Wholesale Inventories
2023-03-01 16:31:00+00:00,0.0,29.67080236143005,3954.25,ES,90,ISM Manufacturing
2023-03-03 16:31:00+00:00,0.0,17.3934694117861,4021.0,ES,90,ISM Services
2023-03-07 16:31:00+00:00,0.0,-4.365859052093413,4009.25,ES,90,Wholesale Inventories
2023-03-10 15:01:00+00:00,0.34808933330793934,-34.62207728471611,3906.0,ES,90,Employment Report (NFP)
2023-03-14 14:01:00+00:00,-1.4407431980048229,28.6962541085245,3914.75,ES,90,CPI
2023-03-15 14:01:00+00:00,0.6709572915637436,2.5913449225356544,3858.5,ES,90,Retail Sales
2023-03-28 14:01:00+00:00,0.0,8.127794376626696,3997.0,ES,90,Wholesale Inventories
2023-03-30 14:01:00+00:00,0.37170029302600266,-4.896859986445179,4085.25,ES,90,GDP
2023-04-03 15:31:00+00:00,0.0,9.065909780545667,4134.5,ES,90,ISM Manufacturing
2023-04-05 15:31:00+00:00,-0.7803481801364296,7.908264548177613,4108.0,ES,90,ISM Services
2023-04-07 14:01:00+00:00,1.0044360299086579,,,ES,90,Employment Report (NFP)
2023-04-10 15:31:00+00:00,0.0,-14.592329457485675,4114.75,ES,90,Wholesale Inventories
2023-04-12 14:01:00+00:00,-1.153372895081124,18.687650493873775,4143.25,ES,90,CPI
2023-04-12 19:31:00+00:00,-0.7460674450959909,3.0348092855447817,4118.25,ES,90,FOMC Meeting Minutes
2023-04-14 14:01:00+00:00,1.1340431681459793,-40.14746082223297,4180.5,ES,90,Retail Sales
2023-04-26 14:01:00+00:00,-0.5537071876924619,-29.320160275396745,4098.75,ES,90,Wholesale Inventories
2023-04-27 14:01:00+00:00,0.0,16.426858559555058,4105.75,ES,90,GDP
2023-05-01 15:31:00+00:00,0.5998881774796782,13.720287295626576,4188.0,ES,90,ISM Manufacturing
2023-05-03 15:31:00+00:00,0.8254229165659657,20.541331534040808,4133.75,ES,90,ISM Services
2023-05-05 14:01:00+00:00,1.7192538435763076,14.520815717027347,4129.0,ES,90,Employment Report (NFP)
2023-05-08 15:31:00+00:00,-1.0225012317145221,15.668317053822989,4145.25,ES,90,Wholesale Inventories
2023-05-10 14:01:00+00:00,-0.5973302792330734,-15.661710327421474,4153.5,ES,90,CPI
2023-05-16 14:01:00+00:00,0.48759897085917164,10.87481982477101,4135.75,ES,90,Retail Sales
2023-05-24 19:31:00+00:00,0.8309767293168254,-30.257209165363008,4137.5,ES,90,FOMC Meeting Minutes
2023-05-25 14:01:00+00:00,1.0037165605059886,-13.86502919771715,4150.0,ES,90,GDP
2023-05-26 14:01:00+00:00,0.0,39.90356981809384,4189.25,ES,90,Wholesale Inventories
2023-06-01 15:31:00+00:00,0.0,24.896278419603846,4212.25,ES,90,ISM Manufacturing
2023-06-02 14:01:00+00:00,0.0,27.58460533634377,4253.75,ES,90,Employment Report (NFP)
2023-06-05 15:31:00+00:00,-0.8694070366909236,-0.5814798664260934,4299.5,ES,90,ISM Services
2023-06-08 15:31:00+00:00,0.0,-7.580838337233331,4288.75,ES,90,Wholesale Inventories
2023-06-13 14:01:00+00:00,-0.7439088338266813,2.293314996890672,4360.0,ES,90,CPI
2023-06-15 14:01:00+00:00,0.0,15.942609992940504,4387.25,ES,90,Retail Sales
2023-06-28 14:01:00+00:00,-0.5725846848338905,14.743410666078205,4405.5,ES,90,Wholesale Inventories
2023-06-29 14:01:00+00:00,1.1476296108855086,-9.614569640348236,4422.5,ES,90,GDP
2023-07-03 15:31:00+00:00,0.0,-0.5569014007633655,4489.25,ES,90,ISM Manufacturing
2023-07-05 19:31:00+00:00,0.7977085801363165,-13.37420093474151,4489.25,ES,90,FOMC Meeting Minutes
2023-07-06 15:31:00+00:00,0.0,16.938629762819346,4424.0,ES,90,ISM Services
2023-07-07 14:01:00+00:00,0.0,-15.179201790118668,4450.25,ES,90,Employment Report (NFP)
2023-07-10 15:31:00+00:00,-1.8466287315941965,-13.528750654181465,4438.0,ES,90,Wholesale Inventories
2023-07-12 14:01:00+00:00,-0.6946705545796724,12.725111678690837,4515.75,ES,90,CPI
2023-07-18 14:01:00+00:00,1.1147614809004496,-2.192742032676165,4561.0,ES,90,Retail Sales
2023-07-27 14:01:00+00:00,0.0,-25.423971718012695,4627.5,ES,90,GDP+Wholesale Inventories
2023-08-01 15:31:00+00:00,1.4334974061719092,0.543699877795234,4598.0,ES,90,ISM Manufacturing
2023-08-03 15:31:00+00:00,0.0,-7.181725580061027,4527.0,ES,90,ISM Services
2023-08-04 14:01:00+00:00,0.7434022547107138,7.165890668510144,4533.75,ES,90,Employment Report (NFP)
2023-08-08 15:31:00+00:00,-1.424458673980582,-8.909182615006728,4491.75,ES,90,Wholesale Inventories
2023-08-10 14:01:00+00:00,0.0,-6.6072020903718,4542.0,ES,90,CPI
2023-08-15 14:01:00+00:00,-0.8178816739082287,-29.651200778211262,4475.25,ES,90,Retail Sales
2023-08-16 19:31:00+00:00,-0.7629892403453269,-4.523863456462607,4422.0,ES,90,FOMC Meeting Minutes
2023-08-30 14:01:00+00:00,1.3777862083220427,-43.720150439767735,4527.25,ES,90,GDP+Wholesale Inventories
2023-09-01 14:01:00+00:00,-0.8631759852632799,17.663948068253887,4525.0,ES,90,Employment Report (NFP)
2023-09-01 15:31:00+00:00,1.0332429421051006,-17.169287815512746,4517.75,ES,90,ISM Manufacturing
2023-09-06 15:31:00+00:00,-1.0816622710265578,-6.718549046205169,4466.75,ES,90,ISM Services
2023-09-08 15:31:00+00:00,1.0563702019835388,-12.8638961781391,4472.75,ES,90,Wholesale Inventories
2023-09-13 14:01:00+00:00,0.44622850625623334,-7.830853963213258,4471.25,ES,90,CPI
2023-09-14 14:01:00+00:00,-0.5263951417229754,-4.455087226347132,4490.25,ES,90,Retail Sales
2023-09-28 14:01:00+00:00,0.0,-32.42432346844737,4324.75,ES,90,GDP
2023-09-29 14:01:00+00:00,0.36787196563560637,-29.222195268481244,4369.5,ES,90,Wholesale Inventories
2023-10-02 15:31:00+00:00,0.0,-61.901791485006186,4334.75,ES,90,ISM Manufacturing
2023-10-04 15:31:00+00:00,0.0,25.110235390108926,4275.75,ES,90,ISM Services
2023-10-06 14:01:00+00:00,-0.41797439718601037,40.96687417330713,4263.0,ES,90,Employment Report (NFP)
2023-10-10 15:31:00+00:00,0.0,11.33080399966957,4410.25,ES,90,Wholesale Inventories
2023-10-11 19:31:00+00:00,-0.8684488208833321,23.83656066193396,4399.75,ES,90,FOMC Meeting Minutes
2023-10-12 14:01:00+00:00,-0.9059017463969624,10.227273618710342,4397.75,ES,90,CPI
2023-10-17 14:01:00+00:00,-0.6723688241964166,42.819282688562055,4369.5,ES,90,Retail Sales
2023-10-26 14:01:00+00:00,0.0,12.549677447140084,4180.75,ES,90,GDP+Wholesale Inventories
2023-11-01 15:31:00+00:00,0.0,6.494465172934838,4233.0,ES,90,ISM Manufacturing
2023-11-03 14:01:00+00:00,0.0,-15.441368771149655,4374.75,ES,90,Employment Report (NFP)
2023-11-03 15:31:00+00:00,0.0,14.854599086397968,4372.5,ES,90,ISM Services
2023-11-08 16:31:00+00:00,0.8087789242878374,-14.244610824363235,4390.75,ES,90,Wholesale Inventories
2023-11-14 15:01:00+00:00,1.1203653607328399,14.97130779515743,4505.25,ES,90,CPI
2023-11-15 15:01:00+00:00,0.0,18.22248495628287,4523.25,ES,90,Retail Sales
2023-11-21 20:31:00+00:00,0.0,-1.6486687037797765,4549.5,ES,90,FOMC Meeting Minutes
2023-11-29 15:01:00+00:00,1.157245967922346,-39.2456624949844,4595.5,ES,90,GDP+Wholesale Inventories
2023-12-01 16:31:00+00:00,-0.7839438603406945,31.065234673022246,4580.0,ES,90,ISM Manufacturing
2023-12-05 16:31:00+00:00,1.649990772707813,-6.013393648451881,4574.5,ES,90,ISM Services
2023-12-07 16:31:00+00:00,0.0,19.088658955404014,4579.5,ES,90,Wholesale Inventories
2023-12-08 15:01:00+00:00,0.0,13.58437462684492,4597.75,ES,90,Employment Report (NFP)
2023-12-12 15:01:00+00:00,0.33350057229259195,15.684580948729376,4618.75,ES,90,CPI
2023-12-14 15:01:00+00:00,-0.8764237085517125,-17.44878169077424,4732.25,ES,90,Retail Sales
2023-12-21 15:01:00+00:00,0.6301144906297481,-0.5228621474984152,4781.5,ES,90,GDP
2023-12-28 15:01:00+00:00,0.534610502951768,3.618786712031863,4835.0,ES,90,Wholesale Inventories
2024-01-02 16:31:00+00:00,0.0,18.794054083279832,4784.25,ES,90,ISM Manufacturing
2024-01-03 16:31:00+00:00,0.0,-11.568597809095138,4757.0,ES,90,ISM Manufacturing
2024-01-03 20:31:00+00:00,-0.9519776300671924,-12.632245482109283,4752.75,ES,90,FOMC Meeting Minutes
2024-01-05 15:01:00+00:00,0.0,10.535743481021598,4743.25,ES,90,Employment Report (NFP)
2024-01-05 16:31:00+00:00,0.0,-14.222880159913132,4749.25,ES,90,ISM Services
2024-01-10 16:31:00+00:00,0.0,0.0,4802.0,ES,90,Wholesale Inventories
2024-01-11 15:01:00+00:00,0.0,-16.119390953583945,4811.75,ES,90,CPI
2024-01-17 15:01:00+00:00,0.0,9.977158387961538,4758.5,ES,90,Retail Sales
2024-01-25 15:01:00+00:00,-0.540081726986984,19.31091158088094,4914.75,ES,90,GDP+Wholesale Inventories
2024-02-01 16:31:00+00:00,0.0,19.937127990417025,4885.5,ES,90,ISM Manufacturing
2024-02-02 15:01:00+00:00,-0.6015997011301628,7.584760053163109,4942.25,ES,90,Employment Report (NFP)
2024-02-05 16:31:00+00:00,-0.8230294562436382,9.0844863419548,4951.25,ES,90,ISM Services
2024-02-08 16:31:00+00:00,0.0,5.989518521936077,5007.25,ES,90,Wholesale Inventories
2024-02-13 15:01:00+00:00,0.4050796117073045,24.130315348322995,4967.0,ES,90,CPI
2024-02-15 15:01:00+00:00,-0.7057838399691405,-0.9952229307685911,5024.25,ES,90,Retail Sales
2024-02-21 20:31:00+00:00,-0.6560911491753975,54.19795471848232,4968.25,ES,90,FOMC Meeting Minutes
2024-02-28 15:01:00+00:00,0.7324152215446608,8.868743190681982,5071.75,ES,90,GDP+Wholesale Inventories
2024-03-01 16:31:00+00:00,0.0,3.4147174653043066,5124.0,ES,90,ISM Manufacturing
2024-03-05 16:31:00+00:00,-1.1946360502837992,-11.777986344618796,5097.25,ES,90,ISM Services
2024-03-06 16:31:00+00:00,0.0,0.0,5126.75,ES,90,Wholesale Inventories
2024-03-08 15:01:00+00:00,1.1699209192058886,0.48175358312363414,5189.25,ES,90,Employment Report (NFP)
2024-03-12 14:01:00+00:00,0.35961048966934017,36.38219832108547,5144.25,ES,90,CPI
2024-03-14 14:01:00+00:00,0.0,35.429190885309936,5142.0,ES,90,Retail Sales
2024-03-28 14:01:00+00:00,-1.0135137647333494,-3.294970492788707,5312.0,ES,90,GDP
2024-03-29 14:01:00+00:00,1.0498781457842596,,,ES,90,Wholesale Inventories
2024-04-01 15:31:00+00:00,1.7767584635441582,-17.96605844702981,5292.5,ES,90,ISM Manufacturing
2024-04-03 15:31:00+00:00,-0.9781582403487936,-17.533472090462965,5280.25,ES,90,ISM Services
2024-04-05 14:01:00+00:00,0.0,-11.965445225925464,5226.5,ES,90,Employment Report (NFP)
2024-04-10 14:01:00+00:00,-0.949673301040787,23.04922989228686,5200.25,ES,90,CPI
2024-04-10 15:31:00+00:00,0.0,-19.704439872967328,5207.0,ES,90,Wholesale Inventories
2024-04-10 19:31:00+00:00,0.0,1.4415799741485102,5202.25,ES,90,FOMC Meeting Minutes
2024-04-15 14:01:00+00:00,-0.6743776709720211,-43.77006098113867,5209.0,ES,90,Retail Sales
2024-04-25 14:01:00+00:00,0.32338635002425725,33.76201012500246,5026.75,ES,90,GDP+Wholesale Inventories
2024-05-01 15:31:00+00:00,1.46173041557294,-18.325455216334774,5052.25,ES,90,ISM Manufacturing
2024-05-03 14:01:00+00:00,-0.7035263079766506,-15.549835486616814,5148.75,ES,90,Employment Report (NFP)
2024-05-03 15:31:00+00:00,0.788547988351509,17.495266162477208,5139.75,ES,90,ISM Services
2024-05-08 15:31:00+00:00,0.9785750231026715,0.0,5209.75,ES,90,Wholesale Inventories
2024-05-15 14:01:00+00:00,0.4977681525307216,10.382256713619142,5294.75,ES,90,CPI+Retail Sales
2024-05-22 19:31:00+00:00,-1.1710500963181016,26.75743880207193,5318.5,ES,90,FOMC Meeting Minutes
2024-05-30 14:01:00+00:00,-0.444198758553009,-9.018631203403515,5269.25,ES,90,GDP+Wholesale Inventories
2024-06-03 15:31:00+00:00,0.0,-3.311023372951638,5286.25,ES,90,ISM Manufacturing
2024-06-05 15:31:00+00:00,1.304444743361116,0.46826344508588136,5338.75,ES,90,ISM Services
2024-06-07 14:01:00+00:00,0.0,8.395522881166073,5357.75,ES,90,Employment Report (NFP)
2024-06-07 15:31:00+00:00,1.2332909296800942,-4.657011214419526,5369.5,ES,90,Wholesale Inventories
2024-06-12 14:01:00+00:00,-0.5704059126091213,19.28021162800775,5440.75,ES,90,CPI
2024-06-18 14:01:00+00:00,0.0,-3.1916106506102437,5484.0,ES,90,Retail Sales
2024-06-27 14:01:00+00:00,0.0,4.054510698665581,5548.25,ES,90,GDP+Wholesale Inventories
2024-07-01 15:31:00+00:00,0.0,3.6218761714224,5521.0,ES,90,ISM Manufacturing
2024-07-03 15:31:00+00:00,0.0,8.514261902199394,5576.5,ES,90,ISM Services
2024-07-03 19:31:00+00:00,-0.8837775207083427,,,ES,90,FOMC Meeting Minutes
2024-07-05 14:01:00+00:00,0.0,-10.716200346791993,5602.0,ES,90,Employment Report (NFP)
2024-07-10 15:31:00+00:00,0.0,0.4423702197087209,5651.25,ES,90,Wholesale Inventories
2024-07-11 14:01:00+00:00,0.0,-28.15292406250336,5691.25,ES,90,CPI
2024-07-16 14:01:00+00:00,0.0,-4.387119487780922,5699.75,ES,90,Retail Sales
2024-07-24 14:01:00+00:00,0.0,-9.95880757695744,5525.5,ES,90,Wholesale Inventories
2024-07-25 14:01:00+00:00,0.0,26.567740422258623,5450.5,ES,90,GDP
2024-08-01 15:31:00+00:00,0.0,-24.066307449537305,5512.25,ES,90,ISM Manufacturing
2024-08-02 14:01:00+00:00,0.642681244004389,-60.479365553121056,5390.0,ES,90,Employment Report (NFP)
2024-08-05 15:31:00+00:00,0.0,0.0,5245.5,ES,90,ISM Services
2024-08-08 15:31:00+00:00,0.0,-6.578020253158456,5322.5,ES,90,Wholesale Inventories
2024-08-14 14:01:00+00:00,0.0,8.70820688895435,5452.25,ES,90,CPI
2024-08-15 14:01:00+00:00,0.0,9.475893586312623,5537.75,ES,90,Retail Sales
2024-08-21 19:31:00+00:00,-1.1775645042312048,14.190689742790141,5633.5,ES,90,FOMC Meeting Minutes
2024-08-29 14:01:00+00:00,-0.5536356203049512,2.6575718808174997,5643.5,ES,90,GDP+Wholesale Inventories
2024-09-03 15:31:00+00:00,0.0,-12.53637952412845,5587.25,ES,90,ISM Manufacturing
2024-09-05 15:31:00+00:00,0.0,-6.8214377687780825,5499.25,ES,90,ISM Services
2024-09-06 14:01:00+00:00,0.0,-53.849443318192414,5493.0,ES,90,Employment Report (NFP)
2024-09-09 15:31:00+00:00,1.1426833637313403,28.35065230577527,5459.5,ES,90,Wholesale Inventories
2024-09-11 14:01:00+00:00,0.0,-58.40842599162954,5451.75,ES,90,CPI
2024-09-17 14:01:00+00:00,0.0,25.17391193638474,5653.5,ES,90,Retail Sales
2024-09-26 14:01:00+00:00,0.0,-19.787505918706927,5817.5,ES,90,GDP
2024-09-27 14:01:00+00:00,0.0,5.590075611578982,5812.25,ES,90,Wholesale Inventories
2024-10-01 15:31:00+00:00,1.2831465559606887,4.344048721627303,5753.75,ES,90,ISM Manufacturing
2024-10-03 15:31:00+00:00,-0.8871362949250963,13.035545428046191,5749.75,ES,90,ISM Services
2024-10-04 14:01:00+00:00,0.0,-28.63094095314267,5771.25,ES,90,Employment Report (NFP)
2024-10-09 15:31:00+00:00,0.0,14.14397081262564,5828.75,ES,90,Wholesale Inventories
2024-10-09 19:31:00+00:00,0.0,3.854637390610094,5836.0,ES,90,FOMC Meeting Minutes
2024-10-10 14:01:00+00:00,0.0,3.003067441440521,5826.5,ES,90,CPI
2024-10-17 14:01:00+00:00,0.8338945946779537,-3.8120248666828616,5903.5,ES,90,Retail Sales
2024-10-29 14:01:00+00:00,-0.5111209336167448,13.236269305068049,5851.25,ES,90,Wholesale Inventories
2024-10-30 14:01:00+00:00,0.7144122808763972,13.190649318062242,5871.5,ES,90,GDP
2024-11-01 14:01:00+00:00,0.0,38.43252058661761,5778.25,ES,90,Employment Report (NFP)
2024-11-01 15:31:00+00:00,0.0,-26.325458096785326,5800.5,ES,90,ISM Manufacturing
2024-11-05 16:31:00+00:00,0.0,6.467887166827779,5796.0,ES,90,ISM Services
2024-11-07 16:31:00+00:00,0.0,6.6716706669467385,5993.5,ES,90,Wholesale Inventories
2024-11-13 15:01:00+00:00,0.4933469110434503,-3.7455522006268893,6008.25,ES,90,CPI
2024-11-15 15:01:00+00:00,0.0,-27.46848136144564,5924.0,ES,90,Retail Sales
2024-11-26 20:31:00+00:00,0.0,9.110485970573734,6034.25,ES,90,FOMC Meeting Minutes
2024-11-27 15:01:00+00:00,0.0,-12.86013742603842,6030.25,ES,90,GDP+Wholesale Inventories
2024-12-02 16:31:00+00:00,0.0,7.012478373340514,6058.5,ES,90,ISM Manufacturing
2024-12-04 16:31:00+00:00,1.6076426415497935,2.053852006653756,6085.5,ES,90,ISM Services
2024-12-06 15:01:00+00:00,1.0314429356830597,0.40930765614177744,6107.75,ES,90,Employment Report (NFP)
2024-12-09 16:31:00+00:00,0.0,-0.41136181334167077,6077.5,ES,90,Wholesale Inventories
2024-12-11 15:01:00+00:00,-0.6266984256554953,1.2329189371484972,6082.75,ES,90,CPI
2024-12-17 15:01:00+00:00,-0.6743644080280097,-11.98570125506393,6052.5,ES,90,Retail Sales
2024-12-19 15:01:00+00:00,0.7891474248828976,-27.516156635272182,5913.75,ES,90,GDP
2024-12-27 15:01:00+00:00,0.0,-56.06443390110627,6036.75,ES,90,Wholesale Inventories
2025-01-02 16:31:00+00:00,1.3692455335824407,3.7823867310748938,5947.5,ES,90,ISM Manufacturing
2025-01-03 16:31:00+00:00,2.0,10.045624719907664,5969.75,ES,90,ISM Manufacturing
2025-01-07 16:31:00+00:00,0.0,-23.395732596718233,5991.0,ES,90,ISM Services
2025-01-08 16:31:00+00:00,1.7915076970784076,13.432963148254373,5951.5,ES,90,Wholesale Inventories
2025-01-08 20:31:00+00:00,-0.5617934249133884,13.002539423929704,5956.5,ES,90,FOMC Meeting Minutes
2025-01-10 15:01:00+00:00,-0.9952634109368,2.978660050523274,5874.25,ES,90,Employment Report (NFP)
2025-01-15 15:01:00+00:00,0.0,4.176935025874684,5984.0,ES,90,CPI
2025-01-16 15:01:00+00:00,0.0,12.124000732569584,5976.25,ES,90,Retail Sales
2025-01-29 15:01:00+00:00,1.1058560944377382,-5.7537400896734425,6084.75,ES,90,Wholesale Inventories
2025-01-30 15:01:00+00:00,-0.7428564166020963,-37.39090129265321,6095.75,ES,90,GDP
2025-02-03 16:31:00+00:00,0.0,-4.150238698272801,6025.0,ES,90,ISM Manufacturing
2025-02-05 16:31:00+00:00,2.0,27.61806409335321,6056.5,ES,90,ISM Services
2025-02-07 15:01:00+00:00,0.0,-29.520316640798683,6106.5,ES,90,Employment Report (NFP)
2025-02-07 16:31:00+00:00,-1.543048326472476,-17.740376375385836,6065.0,ES,90,Wholesale Inventories
2025-02-12 15:01:00+00:00,0.0,11.569293084505716,6047.0,ES,90,CPI
2025-02-14 15:01:00+00:00,1.3931976704104647,-4.072988000274336,6139.25,ES,90,Retail Sales
2025-02-19 20:31:00+00:00,-0.7564835899586558,0.8120178648240994,6157.25,ES,90,FOMC Meeting Minutes
2025-02-27 15:01:00+00:00,0.884147549925454,62.95135779708971,5938.25,ES,90,GDP
2025-02-28 15:01:00+00:00,-0.8864018086048117,30.091781379688598,5889.75,ES,90,Wholesale Inventories
2025-03-03 16:31:00+00:00,0.0,5.881117581836293,5949.5,ES,90,ISM Manufacturing
2025-03-05 16:31:00+00:00,0.0,47.5841188545445,5765.5,ES,90,ISM Services
2025-03-06 16:31:00+00:00,0.0,-73.87121308745748,5808.5,ES,90,Wholesale Inventories
2025-03-07 15:01:00+00:00,1.0474395724816623,-21.76942691839656,5748.25,ES,90,Employment Report (NFP)
2025-03-12 14:01:00+00:00,0.0,-6.246932513178649,5604.5,ES,90,CPI
2025-03-17 14:01:00+00:00,0.9395194239243084,-23.408353775664636,5667.0,ES,90,Retail Sales
2025-03-27 14:01:00+00:00,-0.7041522012783589,9.112408692857343,5758.75,ES,90,GDP+Wholesale Inventories
2025-04-01 15:31:00+00:00,-1.2549448389187805,14.095055850695815,5671.75,ES,90,ISM Manufacturing
2025-04-03 15:31:00+00:00,0.0,35.96880514134426,5481.0,ES,90,ISM Services
2025-04-04 14:01:00+00:00,0.0,-104.2395026147247,5279.75,ES,90,Employment Report (NFP)
2025-04-09 15:31:00+00:00,0.0,-80.6295429278947,5043.25,ES,90,Wholesale Inventories
2025-04-09 19:31:00+00:00,1.0519633575176828,46.94523331927769,5472.25,ES,90,FOMC Meeting Minutes
2025-04-10 14:01:00+00:00,0.0,12.634831695592652,5339.0,ES,90,CPI
2025-04-16 14:01:00+00:00,0.7075427747183963,28.92197752398573,5351.5,ES,90,Retail Sales
2025-04-29 14:01:00+00:00,0.0,-4.508769633169152,5546.0,ES,90,Wholesale Inventories
2025-04-30 14:01:00+00:00,0.0,65.1260414133148,5471.5,ES,90,GDP
2025-05-01 15:31:00+00:00,-1.3299112298608446,-42.40101754675152,5672.25,ES,90,ISM Manufacturing
2025-05-02 14:01:00+00:00,0.0,45.28375986961208,5673.5,ES,90,Employment Report (NFP)
2025-05-05 15:31:00+00:00,1.3510859568712241,-1.3184205341332245,5689.0,ES,90,ISM Services
2025-05-08 15:31:00+00:00,0.0,49.905982842695096,5696.5,ES,90,Wholesale Inventories
2025-05-13 14:01:00+00:00,1.412839830360825,27.981533498575573,5888.5,ES,90,CPI
2025-05-15 14:01:00+00:00,-1.1958337962872438,-7.632617085953086,5898.0,ES,90,Retail Sales
2025-05-28 19:31:00+00:00,0.0,-42.74867365470669,5919.25,ES,90,FOMC Meeting Minutes
2025-05-29 14:01:00+00:00,0.7247037489277036,-16.4428647624959,5934.5,ES,90,GDP
2025-05-30 14:01:00+00:00,0.0,25.38824196172129,5900.75,ES,90,Wholesale Inventories
2025-06-02 15:31:00+00:00,1.6353817901756382,18.18374536348699,5906.5,ES,90,ISM Manufacturing
2025-06-04 15:31:00+00:00,-1.8249132129673173,1.2525311583289067,5987.5,ES,90,ISM Services
2025-06-06 14:01:00+00:00,-0.6545504502853503,-17.047466759265717,6017.75,ES,90,Employment Report (NFP)
2025-06-09 15:31:00+00:00,-0.9116138815938827,5.822416467253788,6009.5,ES,90,Wholesale Inventories
2025-06-11 14:01:00+00:00,-0.7622253117084516,14.85945706200198,6052.25,ES,90,CPI
2025-06-17 14:01:00+00:00,-0.638763740853567,6.644242593196736,6018.25,ES,90,Retail Sales
2025-06-26 14:01:00+00:00,0.0,10.527595417002544,6171.0,ES,90,GDP+Wholesale Inventories
2025-07-01 15:31:00+00:00,-1.4149740093550016,-4.003683442199701,6245.5,ES,90,ISM Manufacturing
2025-07-03 14:01:00+00:00,0.0,6.332370496942019,6314.75,ES,90,Employment Report (NFP)
2025-07-03 15:31:00+00:00,0.0,7.901391055824547,6325.5,ES,90,ISM Services
2025-07-09 15:31:00+00:00,0.0,-0.397574793815636,6288.25,ES,90,Wholesale Inventories
2025-07-09 19:31:00+00:00,-0.48211697444735635,7.930214531377544,6302.5,ES,90,FOMC Meeting Minutes
2025-07-15 14:01:00+00:00,0.0,-1.9784350643092807,6318.75,ES,90,CPI
2025-07-17 14:01:00+00:00,0.0,-5.143931263873469,6319.75,ES,90,Retail Sales
2025-07-29 14:01:00+00:00,0.0,-3.10957362479769,6432.75,ES,90,Wholesale Inventories
2025-07-30 14:01:00+00:00,1.4886863382926823,17.152662867552237,6407.5,ES,90,GDP
2025-08-01 14:01:00+00:00,0.0,49.87342514006343,6250.25,ES,90,Employment Report (NFP)
2025-08-01 15:31:00+00:00,0.0,42.224409452487066,6262.75,ES,90,ISM Manufacturing
2025-08-05 15:31:00+00:00,0.0,3.9522567900363015,6324.25,ES,90,ISM Services
2025-08-07 15:31:00+00:00,0.0,-10.212900565598204,6367.75,ES,90,Wholesale Inventories
2025-08-12 14:01:00+00:00,0.6302860951521663,38.54019368993988,6409.5,ES,90,CPI
2025-08-15 14:01:00+00:00,-0.8063558157141136,8.87842408399564,6473.5,ES,90,Retail Sales
2025-08-20 19:31:00+00:00,0.0,-3.8969643141584243,6416.5,ES,90,FOMC Meeting Minutes
2025-08-28 14:01:00+00:00,0.7611998926543313,5.396238182129309,6484.25,ES,90,GDP
2025-08-29 14:01:00+00:00,0.0,-20.071027272123843,6483.5,ES,90,Wholesale Inventories
2025-09-02 15:31:00+00:00,0.0,-13.319754378571247,6385.75,ES,90,ISM Manufacturing
2025-09-04 15:31:00+00:00,0.0,1.9281568808082739,6482.25,ES,90,ISM Services
2025-09-05 14:01:00+00:00,0.6882981860365317,-62.6551606682213,6524.25,ES,90,Employment Report (NFP)
2025-09-10 15:31:00+00:00,0.0,11.074409701130605,6543.0,ES,90,Wholesale Inventories
2025-09-11 14:01:00+00:00,0.0,8.746744297063458,6571.0,ES,90,CPI
2025-09-16 14:01:00+00:00,-0.9315055803882605,-3.7805754485731313,6614.0,ES,90,Retail Sales
2025-09-25 14:01:00+00:00,0.7152078632011107,42.0942478970332,6637.75,ES,90,GDP+Wholesale Inventories
2025-10-01 15:31:00+00:00,0.0,9.268700265003815,6740.0,ES,90,ISM Manufacturing
2025-10-03 15:31:00+00:00,0.0,9.935420588789157,6790.5,ES,90,ISM Services
2025-10-08 19:31:00+00:00,0.9136940366091406,0.7352400561799755,6800.25,ES,90,FOMC Meeting Minutes
2025-10-24 14:01:00+00:00,0.0,-18.31435257887648,6831.5,ES,90,CPI
2025-11-03 16:31:00+00:00,0.0,10.542963549049489,6873.0,ES,90,ISM Manufacturing
2025-11-05 16:31:00+00:00,0.0,17.186847153887186,6830.75,ES,90,ISM Services
2025-11-17 16:31:00+00:00,-1.2266378846279749,32.20257071895105,6743.25,ES,90,ISM Manufacturing
2025-11-19 20:31:00+00:00,0.9512647067406818,-9.75097587012641,6669.25,ES,90,FOMC Meeting Minutes
2025-11-20 15:01:00+00:00,0.0,-3.3158331334703917,6786.75,ES,90,Employment Report (NFP)
2025-11-21 15:01:00+00:00,1.1374089604325799,-17.119057687331463,6577.25,ES,90,CPI
2025-11-21 16:31:00+00:00,0.0,61.99694752751839,6592.75,ES,90,Wholesale Inventories
2025-11-25 15:01:00+00:00,0.0,12.27655889756818,6716.0,ES,90,Retail Sales
2025-12-01 16:31:00+00:00,0.0,12.421907994593084,6838.5,ES,90,ISM Manufacturing
2025-12-03 16:31:00+00:00,0.0,-2.1903406067025344,6849.0,ES,90,ISM Services
2025-12-11 16:31:00+00:00,0.0,10.188858637718567,6866.75,ES,90,Wholesale Inventories
2025-12-16 15:01:00+00:00,0.0,-44.08368330960144,6820.25,ES,90,Employment Report (NFP)+Retail Sales
2025-12-18 15:01:00+00:00,-0.6351845284771738,11.767735701404547,6794.25,ES,90,CPI
2025-12-23 15:01:00+00:00,0.0,2.523204483040331,6934.75,ES,90,GDP
2025-12-30 20:31:00+00:00,-0.45504721007382054,-7.196574741179518,6950.25,ES,90,FOMC Meeting Minutes
2026-01-05 16:31:00+00:00,-1.1653690539719899,4.671637853341792,6955.25,ES,90,ISM Manufacturing
2026-01-07 16:31:00+00:00,0.0,20.36842527346039,6989.0,ES,90,ISM Services
2026-01-08 16:31:00+00:00,0.0,5.387253887896293,6959.0,ES,90,Wholesale Inventories
2026-01-09 15:01:00+00:00,1.264604622868318,26.842771258017706,6975.75,ES,90,Employment Report (NFP)
2026-01-13 15:01:00+00:00,0.0,-25.718892547814676,7007.75,ES,90,CPI
2026-01-14 15:01:00+00:00,0.0,3.6010083212190125,6941.25,ES,90,Retail Sales
2026-01-21 16:31:00+00:00,0.0,-50.87774902673203,6896.75,ES,90,ISM Manufacturing
2026-01-22 15:01:00+00:00,-0.8466610544916482,16.57777516754777,6931.25,ES,90,GDP
2026-01-29 16:31:00+00:00,1.3602574692067668,13.335017203210953,6932.0,ES,90,Wholesale Inventories
2026-02-02 16:31:00+00:00,1.2131355527314014,7.494780771608589,7002.25,ES,90,ISM Manufacturing
2026-02-04 16:31:00+00:00,0.0,-19.156747766544413,6923.25,ES,90,ISM Services
2026-02-10 15:01:00+00:00,-0.6999338086341799,9.286046597516417,6996.5,ES,90,Retail Sales
2026-02-11 15:01:00+00:00,-0.907073749619837,-61.78180571183134,6981.5,ES,90,Employment Report (NFP)
2026-02-13 15:01:00+00:00,0.555068347703022,43.010818993884925,6844.0,ES,90,CPI
2026-02-18 20:31:00+00:00,1.1978065461284475,16.69691857959066,6881.75,ES,90,FOMC Meeting Minutes
2026-02-19 15:01:00+00:00,0.0,-8.725052358506957,6879.75,ES,90,Wholesale Inventories
2026-02-20 15:01:00+00:00,0.0,18.500050619643105,6885.5,ES,90,GDP
2026-02-24 16:31:00+00:00,0.0,13.42647393933305,6884.75,ES,90,Wholesale Inventories
2026-02-27 16:31:00+00:00,1.319211978423964,-5.812686351269747,6883.5,ES,90,ISM Manufacturing
2026-03-02 16:31:00+00:00,1.6700855687792118,40.01023778478441,6859.5,ES,90,ISM Manufacturing
2026-03-04 16:31:00+00:00,0.0,8.723149609970449,6875.25,ES,90,ISM Services
2026-03-06 15:01:00+00:00,0.7239554878533567,31.47626142993687,6740.5,ES,90,Employment Report (NFP)+Retail Sales
2026-03-11 14:01:00+00:00,0.8066703132583152,-48.91424033395708,6814.25,ES,90,CPI
2026-03-13 14:01:00+00:00,-0.8363223831893767,-23.077505961524025,6724.25,ES,90,GDP
2026-03-19 15:31:00+00:00,0.0,6.070724120270654,6587.0,ES,90,Wholesale Inventories
2026-03-23 15:31:00+00:00,2.0,-72.41650317368453,6687.0,ES,90,ISM Manufacturing
2026-04-01 14:01:00+00:00,0.9891793448045483,17.760316040700275,6610.0,ES,90,Retail Sales
2026-04-01 15:31:00+00:00,-1.1209574844414285,26.741508563148386,6628.75,ES,90,ISM Manufacturing
2026-04-03 14:01:00+00:00,0.969471555416736,,,ES,90,Employment Report (NFP)
2026-04-06 15:31:00+00:00,0.0,15.443436785034237,6632.0,ES,90,ISM Services
2026-04-08 19:31:00+00:00,-1.7553536373355758,27.884809849787473,6804.25,ES,90,FOMC Meeting Minutes
2026-04-09 14:01:00+00:00,0.0,-12.479813688450747,6815.25,ES,90,GDP
2026-04-09 15:31:00+00:00,1.019348024921337,45.326685052877735,6823.75,ES,90,Wholesale Inventories
2026-04-10 14:01:00+00:00,0.0,20.73368874725645,6865.75,ES,90,CPI
2026-04-21 14:01:00+00:00,-0.7338090633655042,-2.442130247466423,7166.75,ES,90,Retail Sales
2026-04-29 14:01:00+00:00,0.0,15.00951465967404,7156.75,ES,90,Wholesale Inventories
2026-04-30 14:01:00+00:00,0.8066995598065249,7.319751455270307,7169.75,ES,90,GDP
2026-05-01 15:31:00+00:00,0.0,0.0,7285.25,ES,90,ISM Manufacturing
2026-05-05 15:31:00+00:00,-1.4890015429483812,-3.776629574723245,7283.0,ES,90,ISM Services
2026-05-07 15:31:00+00:00,1.4857131131371397,-20.968622401582593,7399.75,ES,90,ISM Manufacturing
2026-05-08 14:01:00+00:00,0.0,1.0119579708600668,7411.0,ES,90,Employment Report (NFP)
2026-05-08 15:31:00+00:00,0.0,8.42871882809959,7412.0,ES,90,Wholesale Inventories
2026-05-12 14:01:00+00:00,1.0439711175860744,-7.103834677906207,7393.0,ES,90,CPI
2026-05-14 14:01:00+00:00,0.904134144913033,13.001952124191973,7494.0,ES,90,Retail Sales
2026-05-20 19:31:00+00:00,1.0192673197013726,1.007269126382937,7445.5,ES,90,FOMC Meeting Minutes
2026-05-28 14:01:00+00:00,0.0,30.789119023921785,7539.75,ES,90,GDP
2026-05-29 14:01:00+00:00,0.0,-15.782208839070222,7609.5,ES,90,Wholesale Inventories
2026-06-01 15:31:00+00:00,1.7974483321994983,1.315962628538614,7598.5,ES,90,ISM Manufacturing
2026-06-03 15:31:00+00:00,-1.0316714478915878,-13.184352086170747,7589.75,ES,90,ISM Services
2026-06-05 14:01:00+00:00,-0.8743150134123374,13.639163139664845,7510.0,ES,90,Employment Report (NFP)
2026-06-09 15:31:00+00:00,-1.368336147548763,-21.153197925158906,7335.25,ES,90,Wholesale Inventories
2026-06-10 14:01:00+00:00,0.0,20.657316138716908,7374.75,ES,90,CPI
2026-06-17 14:01:00+00:00,0.0,14.955882941301013,7516.5,ES,90,Retail Sales
2026-06-25 14:01:00+00:00,-0.7848867431853864,68.34468148340989,7400.25,ES,90,GDP
2026-06-26 14:01:00+00:00,0.0,26.28565239291447,7408.75,ES,90,Wholesale Inventories
2026-07-01 15:31:00+00:00,2.0,,,ES,90,ISM Manufacturing
2026-07-02 14:01:00+00:00,1.0057032588878212,,,ES,90,Employment Report (NFP)
2026-07-06 15:31:00+00:00,1.157947698351306,,,ES,90,ISM Services
2026-07-08 15:31:00+00:00,1.2196101814011269,,,ES,90,Wholesale Inventories
2026-07-08 19:31:00+00:00,-1.0064009317860718,,,ES,90,FOMC Meeting Minutes
2026-07-14 14:01:00+00:00,0.8091919421504308,,,ES,90,CPI
2026-07-16 14:01:00+00:00,0.8193680934736378,,,ES,90,Retail Sales
2016-07-01 16:01:00+00:00,0.0,-17.894427679845393,2097.5,ES,120,ISM Manufacturing
2016-07-06 16:01:00+00:00,0.0,15.586598683379194,2083.5,ES,120,ISM Services
2016-07-08 14:31:00+00:00,0.0,10.646478795885983,2112.25,ES,120,Employment Report (NFP)
2016-07-12 16:01:00+00:00,0.0,8.149485287169966,2146.5,ES,120,Wholesale Inventories
2016-07-15 14:31:00+00:00,0.0,3.47403164862925,2158.5,ES,120,CPI+Retail Sales
2016-07-29 14:31:00+00:00,0.0,31.204879409703068,2159.75,ES,120,GDP
2016-08-01 16:01:00+00:00,0.0,-25.41591016953504,2166.75,ES,120,ISM Manufacturing
2016-08-03 16:01:00+00:00,0.0,-1.1605640354250824,2154.25,ES,120,ISM Services
2016-08-05 14:31:00+00:00,0.0,4.597701230419915,2174.5,ES,120,Employment Report (NFP)
2016-08-09 16:01:00+00:00,0.0,-11.465261517358272,2181.75,ES,120,Wholesale Inventories
2016-08-12 14:31:00+00:00,0.0,9.170106098812525,2180.0,ES,120,Retail Sales
2016-08-16 14:31:00+00:00,0.0,-4.588734736934441,2179.75,ES,120,CPI
2016-08-26 14:31:00+00:00,0.0,-13.73783845138199,2185.25,ES,120,GDP+Wholesale Inventories
2016-09-01 16:01:00+00:00,0.0,32.37371309361414,2158.75,ES,120,ISM Manufacturing
2016-09-02 14:31:00+00:00,0.0,-1.1468547521076289,2180.0,ES,120,Employment Report (NFP)
2016-09-06 16:01:00+00:00,0.0,-2.2920009268379005,2181.75,ES,120,ISM Services
2016-09-09 16:01:00+00:00,0.0,-12.794418727013479,2150.75,ES,120,Wholesale Inventories
2016-09-15 14:31:00+00:00,0.0,26.91161748220594,2133.75,ES,120,Retail Sales
2016-09-16 14:31:00+00:00,0.0,,,ES,120,CPI
2016-09-29 14:31:00+00:00,0.0,-20.818883300233182,2163.75,ES,120,GDP+Wholesale Inventories
2016-10-03 16:01:00+00:00,0.0,-12.79590705625111,2150.5,ES,120,ISM Manufacturing
2016-10-05 16:01:00+00:00,0.0,5.800800673130269,2154.25,ES,120,ISM Services
2016-10-07 14:31:00+00:00,0.0,-11.636026446719683,2149.75,ES,120,Employment Report (NFP)
2016-10-07 16:01:00+00:00,0.0,-15.171853292486048,2143.75,ES,120,Wholesale Inventories
2016-10-14 14:31:00+00:00,0.0,-15.189580533387925,2141.25,ES,120,Retail Sales
2016-10-18 14:31:00+00:00,0.0,14.0696470624313,2130.75,ES,120,CPI
2016-10-26 14:31:00+00:00,0.0,36.310435209241376,2130.5,ES,120,Wholesale Inventories
2016-10-28 14:31:00+00:00,0.0,19.942525232146124,2129.0,ES,120,GDP
2016-11-01 16:01:00+00:00,0.0,-23.702310219633205,2112.0,ES,120,ISM Manufacturing
2016-11-03 16:01:00+00:00,0.0,-20.32156577651989,2093.5,ES,120,ISM Services
2016-11-04 14:31:00+00:00,0.0,13.177599990150668,2085.5,ES,120,Employment Report (NFP)
2016-11-09 17:01:00+00:00,0.0,-24.383176086431035,2155.75,ES,120,Wholesale Inventories
2016-11-15 15:31:00+00:00,0.0,1.153469059467227,2167.25,ES,120,Retail Sales
2016-11-17 15:31:00+00:00,0.0,0.0,2177.75,ES,120,CPI
2016-11-25 15:31:00+00:00,0.0,0.0,2207.25,ES,120,Wholesale Inventories
2016-11-29 15:31:00+00:00,0.0,17.023212418285638,2201.0,ES,120,GDP
2016-12-01 17:01:00+00:00,0.0,-12.524909123827754,2197.0,ES,120,ISM Manufacturing
2016-12-02 15:31:00+00:00,0.0,9.116809748270782,2192.75,ES,120,Employment Report (NFP)
2016-12-05 17:01:00+00:00,0.0,-6.807352202971018,2204.25,ES,120,ISM Services
2016-12-09 17:01:00+00:00,0.0,6.660006906180627,2251.5,ES,120,Wholesale Inventories
2016-12-14 15:31:00+00:00,0.0,-4.406742387059737,2269.75,ES,120,Retail Sales
2016-12-15 15:31:00+00:00,0.0,5.516632787339049,2265.25,ES,120,CPI
2016-12-22 15:31:00+00:00,0.0,-6.647463129789699,2257.25,ES,120,GDP
2016-12-29 15:31:00+00:00,0.0,-13.357081237881374,2247.5,ES,120,Wholesale Inventories
2017-01-03 17:01:00+00:00,0.0,-4.457817971958988,2243.75,ES,120,ISM Manufacturing
2017-01-05 17:01:00+00:00,0.0,6.645254425512448,2256.5,ES,120,ISM Services
2017-01-06 15:31:00+00:00,0.0,11.039965793413486,2263.25,ES,120,Employment Report (NFP)
2017-01-10 17:01:00+00:00,0.0,9.902625004638566,2271.0,ES,120,Wholesale Inventories
2017-01-13 15:31:00+00:00,0.0,4.402861931334101,2270.75,ES,120,Retail Sales
2017-01-18 15:31:00+00:00,0.0,1.1040574121068403,2264.25,ES,120,CPI
2017-01-26 15:31:00+00:00,0.0,0.0,2293.75,ES,120,Wholesale Inventories
2017-01-27 15:31:00+00:00,0.0,-2.18412144583624,2289.5,ES,120,GDP
2017-02-01 17:01:00+00:00,0.0,6.602112915867764,2271.25,ES,120,ISM Manufacturing
2017-02-03 15:31:00+00:00,0.0,7.6390029359973965,2290.0,ES,120,Employment Report (NFP)
2017-02-03 17:01:00+00:00,0.0,3.2727868071535937,2291.25,ES,120,ISM Services
2017-02-09 17:01:00+00:00,0.0,-2.1703743981049683,2304.0,ES,120,Wholesale Inventories
2017-02-15 15:31:00+00:00,0.0,10.694044436982963,2336.5,ES,120,CPI+Retail Sales
2017-02-28 15:31:00+00:00,0.0,1.0566914999010635,2365.75,ES,120,GDP+Wholesale Inventories
2017-03-01 17:01:00+00:00,0.0,14.612256018207148,2393.5,ES,120,ISM Manufacturing
2017-03-03 17:01:00+00:00,0.0,5.257347263718515,2377.0,ES,120,ISM Services
2017-03-08 17:01:00+00:00,0.0,8.447730175040746,2366.5,ES,120,Wholesale Inventories
2017-03-10 15:31:00+00:00,0.0,-10.542963549067252,2372.5,ES,120,Employment Report (NFP)
2017-03-15 14:31:00+00:00,0.0,-4.214519080401047,2373.25,ES,120,CPI+Retail Sales
2017-03-28 14:31:00+00:00,0.0,12.817775734834669,2339.0,ES,120,Wholesale Inventories
2017-03-30 14:31:00+00:00,0.0,21.152837078135533,2361.25,ES,120,GDP
2017-04-03 16:01:00+00:00,0.0,14.922194199362693,2343.75,ES,120,ISM Manufacturing
2017-04-05 16:01:00+00:00,0.0,8.439709330998468,2368.75,ES,120,ISM Services
2017-04-07 14:31:00+00:00,0.0,0.0,2353.25,ES,120,Employment Report (NFP)
2017-04-07 16:01:00+00:00,0.0,6.371456093212657,2353.5,ES,120,Wholesale Inventories
2017-04-14 14:31:00+00:00,0.0,,,ES,120,CPI+Retail Sales
2017-04-27 14:31:00+00:00,0.0,-12.58917497364287,2384.5,ES,120,Wholesale Inventories
2017-04-28 14:31:00+00:00,0.0,3.14811902489609,2382.0,ES,120,GDP
2017-05-01 16:01:00+00:00,0.0,3.1428422028145775,2386.0,ES,120,ISM Manufacturing
2017-05-03 16:01:00+00:00,0.0,-1.0497034597367616,2381.75,ES,120,ISM Services
2017-05-05 14:31:00+00:00,0.0,-2.094240845345041,2387.75,ES,120,Employment Report (NFP)
2017-05-09 16:01:00+00:00,0.0,-8.344633841890214,2397.75,ES,120,Wholesale Inventories
2017-05-12 14:31:00+00:00,0.0,1.0480532420586997,2385.25,ES,120,CPI+Retail Sales
2017-05-24 20:01:00+00:00,0.0,0.0,2401.75,ES,120,FOMC Meeting Minutes
2017-05-25 14:31:00+00:00,0.0,2.0718947551578992,2413.0,ES,120,Wholesale Inventories
2017-05-26 14:31:00+00:00,0.0,-3.1073592875241474,2414.0,ES,120,GDP
2017-06-01 16:01:00+00:00,0.0,1.03300449449506,2420.0,ES,120,ISM Manufacturing
2017-06-02 14:31:00+00:00,0.0,8.222839398470683,2431.25,ES,120,Employment Report (NFP)
2017-06-05 16:01:00+00:00,0.0,3.077080900224516,2437.0,ES,120,ISM Services
2017-06-09 16:01:00+00:00,0.0,-13.317627333293558,2442.0,ES,120,Wholesale Inventories
2017-06-14 14:31:00+00:00,0.0,-10.257463203195982,2438.5,ES,120,CPI+Retail Sales
2017-06-28 14:31:00+00:00,0.0,23.639458051079032,2429.5,ES,120,Wholesale Inventories
2017-06-29 14:31:00+00:00,0.0,5.144826990060025,2429.0,ES,120,GDP
2017-07-03 16:01:00+00:00,0.0,-15.42337460645804,2433.25,ES,120,ISM Manufacturing
2017-07-05 20:01:00+00:00,0.0,-6.176016665682127,2429.5,ES,120,FOMC Meeting Minutes
2017-07-06 16:01:00+00:00,0.0,-13.442947063460053,2419.25,ES,120,ISM Services
2017-07-07 14:31:00+00:00,0.0,-4.139929680331278,2416.0,ES,120,Employment Report (NFP)
2017-07-11 16:01:00+00:00,0.0,-7.234768544597259,2419.75,ES,120,Wholesale Inventories
2017-07-14 14:31:00+00:00,0.0,-3.0626308238002053,2449.25,ES,120,CPI+Retail Sales
2017-07-27 14:31:00+00:00,0.0,2.0169423222959892,2478.75,ES,120,Wholesale Inventories
2017-07-28 14:31:00+00:00,0.0,5.0727947113227145,2463.5,ES,120,GDP
2017-08-01 16:01:00+00:00,0.0,0.0,2472.75,ES,120,ISM Manufacturing
2017-08-03 16:01:00+00:00,0.0,4.048583051261545,2469.5,ES,120,ISM Services
2017-08-04 14:31:00+00:00,0.0,-7.07535279932614,2474.25,ES,120,Employment Report (NFP)
2017-08-09 16:01:00+00:00,0.0,-3.037513312467155,2469.5,ES,120,Wholesale Inventories
2017-08-11 14:31:00+00:00,0.0,7.1607593464406705,2443.0,ES,120,CPI
2017-08-15 14:31:00+00:00,0.0,8.121827857632269,2461.5,ES,120,Retail Sales
2017-08-16 20:01:00+00:00,0.0,2.0265477828118605,2467.0,ES,120,FOMC Meeting Minutes
2017-08-28 14:31:00+00:00,0.0,15.350767994242176,2441.0,ES,120,Wholesale Inventories
2017-08-30 14:31:00+00:00,0.0,8.164932072300957,2448.5,ES,120,GDP
2017-09-01 14:31:00+00:00,0.0,12.11387186296875,2475.0,ES,120,Employment Report (NFP)
2017-09-01 16:01:00+00:00,0.0,4.036326997294282,2477.0,ES,120,ISM Manufacturing
2017-09-06 16:01:00+00:00,0.0,5.076915375337165,2461.5,ES,120,ISM Services
2017-09-08 16:01:00+00:00,0.0,-2.029838634802772,2463.5,ES,120,Wholesale Inventories
2017-09-14 14:31:00+00:00,0.0,3.0055603091483363,2495.0,ES,120,CPI
2017-09-15 14:31:00+00:00,0.0,,,ES,120,Retail Sales
2017-09-28 14:31:00+00:00,0.0,2.995656320781137,2503.25,ES,120,GDP+Wholesale Inventories
2017-10-02 16:01:00+00:00,0.0,9.917684042122232,2519.5,ES,120,ISM Manufacturing
2017-10-04 16:01:00+00:00,0.0,0.9855615244802607,2536.5,ES,120,ISM Services
2017-10-06 14:31:00+00:00,0.0,-14.734053055995844,2547.0,ES,120,Employment Report (NFP)
2017-10-06 16:01:00+00:00,0.0,1.9665683445957427,2542.25,ES,120,Wholesale Inventories
2017-10-11 20:01:00+00:00,0.0,-0.9792880583603392,2553.0,ES,120,FOMC Meeting Minutes
2017-10-13 14:31:00+00:00,0.0,-3.914277376519948,2555.25,ES,120,CPI+Retail Sales
2017-10-26 14:31:00+00:00,0.0,19.516009316831173,2559.5,ES,120,Wholesale Inventories
2017-10-27 14:31:00+00:00,0.0,5.835440741357445,2569.75,ES,120,GDP
2017-11-01 16:01:00+00:00,0.0,5.820721933833539,2576.25,ES,120,ISM Manufacturing
2017-11-03 14:31:00+00:00,0.0,0.9702614862305836,2576.5,ES,120,Employment Report (NFP)
2017-11-03 16:01:00+00:00,0.0,10.654269979717412,2579.75,ES,120,ISM Services
2017-11-09 17:01:00+00:00,0.0,-31.14660878882347,2572.5,ES,120,Wholesale Inventories
2017-11-15 15:31:00+00:00,0.0,22.40951880473574,2563.0,ES,120,CPI+Retail Sales
2017-11-22 21:01:00+00:00,0.0,-3.853935879671866,2595.25,ES,120,FOMC Meeting Minutes
2017-11-28 15:31:00+00:00,0.0,5.750431440798565,2607.75,ES,120,Wholesale Inventories
2017-11-29 15:31:00+00:00,0.0,-4.759864909704703,2626.75,ES,120,GDP
2017-12-01 17:01:00+00:00,0.0,9.509319849350106,2627.75,ES,120,ISM Manufacturing
2017-12-05 17:01:00+00:00,0.0,-6.622830082658737,2643.25,ES,120,ISM Services
2017-12-08 15:31:00+00:00,0.0,6.609697610926446,2646.75,ES,120,Employment Report (NFP)
2017-12-08 17:01:00+00:00,0.0,11.321824022871851,2648.25,ES,120,Wholesale Inventories
2017-12-13 15:31:00+00:00,0.0,1.8723085619143376,2670.25,ES,120,CPI
2017-12-14 15:31:00+00:00,0.0,-0.9374267642314749,2667.0,ES,120,Retail Sales
2017-12-21 15:31:00+00:00,0.0,5.577244985630614,2688.75,ES,120,GDP
2017-12-28 15:31:00+00:00,0.0,3.725088513917285,2684.0,ES,120,Wholesale Inventories
2018-01-03 17:01:00+00:00,-0.9032113980781937,4.617018411590124,2706.75,ES,120,ISM Manufacturing
2018-01-03 21:01:00+00:00,-2.0,-4.610632199337772,2711.75,ES,120,FOMC Meeting Minutes
2018-01-05 15:31:00+00:00,0.0,5.494002518933172,2729.5,ES,120,Employment Report (NFP)
2018-01-05 17:01:00+00:00,0.0,0.9146202046039775,2733.25,ES,120,ISM Services
2018-01-10 17:01:00+00:00,0.0,2.7293818119566993,2747.5,ES,120,Wholesale Inventories
2018-01-12 15:31:00+00:00,0.0,17.979149035856068,2778.5,ES,120,CPI+Retail Sales
2018-01-26 15:31:00+00:00,-1.1697899327904677,12.26994018967531,2850.75,ES,120,GDP+Wholesale Inventories
2018-02-01 17:01:00+00:00,-2.0,-3.52827030209113,2834.75,ES,120,ISM Manufacturing
2018-02-02 15:31:00+00:00,1.3281514847353868,2.6815642618771562,2796.5,ES,120,Employment Report (NFP)
2018-02-05 17:01:00+00:00,0.0,-33.711480152121,2748.5,ES,120,ISM Services
2018-02-09 17:01:00+00:00,-1.494819097860344,-61.5386557437958,2567.25,ES,120,Wholesale Inventories
2018-02-14 15:31:00+00:00,1.1278935352624595,0.0,2672.75,ES,120,CPI+Retail Sales
2018-02-21 21:01:00+00:00,0.0,12.04651954974878,2696.25,ES,120,FOMC Meeting Minutes
2018-02-27 15:31:00+00:00,1.2940358520555268,-63.892230849056375,2787.0,ES,120,Wholesale Inventories
2018-02-28 15:31:00+00:00,1.2535651754164654,-43.58492325959418,2759.25,ES,120,GDP
2018-03-01 17:01:00+00:00,-1.4170648902186591,-56.312172809143135,2715.75,ES,120,ISM Manufacturing
2018-03-05 17:01:00+00:00,0.0,-3.6876556147547035,2712.25,ES,120,ISM Services
2018-03-09 15:31:00+00:00,1.0623123525910918,16.28075612874369,2761.75,ES,120,Employment Report (NFP)
2018-03-09 17:01:00+00:00,-1.5938495483107917,3.607178323896676,2771.75,ES,120,Wholesale Inventories
2018-03-13 14:31:00+00:00,1.121261372025974,-19.706204872331767,2793.75,ES,120,CPI
2018-03-14 14:31:00+00:00,-1.1315397018313433,0.9037097290587326,2766.25,ES,120,Retail Sales
2018-03-28 14:31:00+00:00,-1.1078183222910394,-15.315404544331557,2613.75,ES,120,GDP+Wholesale Inventories
2018-04-02 16:01:00+00:00,0.0,13.569838274989365,2577.5,ES,120,ISM Manufacturing
2018-04-04 16:01:00+00:00,0.0,32.56707859264907,2605.75,ES,120,ISM Services
2018-04-06 14:31:00+00:00,0.0,-64.40026045913427,2648.25,ES,120,Employment Report (NFP)
2018-04-10 16:01:00+00:00,0.0,-50.007180684392694,2656.25,ES,120,Wholesale Inventories
2018-04-11 14:31:00+00:00,2.0,-34.93370875503388,2652.5,ES,120,CPI
2018-04-11 20:01:00+00:00,0.0,0.9466559386162032,2640.75,ES,120,FOMC Meeting Minutes
2018-04-16 14:31:00+00:00,1.718847721888915,-7.475238621310609,2676.5,ES,120,Retail Sales
2018-04-26 14:31:00+00:00,1.497648340027736,17.861344349014985,2657.0,ES,120,Wholesale Inventories
2018-04-27 14:31:00+00:00,0.0,2.8159759889589964,2663.0,ES,120,GDP
2018-05-01 16:01:00+00:00,-1.4088940008300632,19.00418663943526,2628.5,ES,120,ISM Manufacturing
2018-05-03 16:01:00+00:00,0.0,-18.23329520064476,2607.5,ES,120,ISM Services
2018-05-04 14:31:00+00:00,0.0,30.277248978745064,2638.25,ES,120,Employment Report (NFP)
2018-05-09 16:01:00+00:00,-1.4178818926441799,31.680980653856494,2678.75,ES,120,Wholesale Inventories
2018-05-10 14:31:00+00:00,-1.491976253247085,0.922551778881342,2709.75,ES,120,CPI
2018-05-15 14:31:00+00:00,1.885206651582777,18.44848784470443,2707.75,ES,120,Retail Sales
2018-05-23 20:01:00+00:00,0.0,-4.577706648944968,2731.25,ES,120,FOMC Meeting Minutes
2018-05-30 14:31:00+00:00,1.4767562636222016,35.02953434471934,2707.25,ES,120,GDP+Wholesale Inventories
2018-06-01 14:31:00+00:00,0.0,8.242136095528707,2728.75,ES,120,Employment Report (NFP)
2018-06-01 16:01:00+00:00,0.0,2.745115998390446,2731.75,ES,120,ISM Manufacturing
2018-06-05 16:01:00+00:00,-1.3122258900053387,0.911618579415574,2742.25,ES,120,ISM Services
2018-06-08 16:01:00+00:00,0.8496757769040776,23.4445553733309,2769.25,ES,120,Wholesale Inventories
2018-06-12 14:31:00+00:00,0.0,4.488531876596369,2784.25,ES,120,CPI
2018-06-14 14:31:00+00:00,1.3303358787592152,-34.15426652848552,2786.25,ES,120,Retail Sales
2018-06-27 14:31:00+00:00,0.0,-4.5576774864741765,2743.25,ES,120,Wholesale Inventories
2018-06-28 14:31:00+00:00,-0.8573816353187279,40.688053173951744,2698.0,ES,120,GDP
2018-07-02 16:01:00+00:00,-1.017829271994621,-5.536587757930533,2710.0,ES,120,ISM Manufacturing
2018-07-05 16:01:00+00:00,-1.0676366400046164,14.646652197303212,2729.0,ES,120,ISM Services
2018-07-05 20:01:00+00:00,0.0,1.82598375381815,2738.0,ES,120,FOMC Meeting Minutes
2018-07-06 14:31:00+00:00,0.0,13.639465628951797,2747.5,ES,120,Employment Report (NFP)
2018-07-11 16:01:00+00:00,0.0,7.198776518926309,2777.25,ES,120,Wholesale Inventories
2018-07-12 14:31:00+00:00,0.0,-11.63883922064457,2794.0,ES,120,CPI
2018-07-16 14:31:00+00:00,0.0,-10.722903359674518,2799.25,ES,120,Retail Sales
2018-07-26 14:31:00+00:00,-1.12067773530999,12.319607330777416,2839.25,ES,120,Wholesale Inventories
2018-07-27 14:31:00+00:00,0.0,-10.582944809929273,2836.25,ES,120,GDP
2018-08-01 16:01:00+00:00,0.8160412605372415,-9.785171798863956,2811.75,ES,120,ISM Manufacturing
2018-08-03 14:31:00+00:00,-0.9362065803901604,-7.05965437015621,2834.0,ES,120,Employment Report (NFP)
2018-08-03 16:01:00+00:00,-1.5057649014547412,15.889833851794322,2829.75,ES,120,ISM Services
2018-08-09 16:01:00+00:00,-1.2237077424057545,1.7496282084827897,2857.5,ES,120,Wholesale Inventories
2018-08-10 14:31:00+00:00,-0.9335172982872548,11.454250338207572,2835.75,ES,120,CPI
2018-08-15 14:31:00+00:00,-0.8852798727605676,0.0,2806.75,ES,120,Retail Sales
2018-08-22 20:01:00+00:00,0.0,-4.368147538116318,2862.25,ES,120,FOMC Meeting Minutes
2018-08-28 14:31:00+00:00,-1.4392437012111599,3.4491679224402105,2898.75,ES,120,Wholesale Inventories
2018-08-29 14:31:00+00:00,0.0,12.038869800434782,2905.5,ES,120,GDP
2018-09-04 16:01:00+00:00,-0.9257504050612964,-9.518453537413762,2890.5,ES,120,ISM Manufacturing
2018-09-06 16:01:00+00:00,-2.0,-2.6079019576741302,2876.25,ES,120,ISM Services
2018-09-07 14:31:00+00:00,0.8685509533973597,9.549026290933682,2878.5,ES,120,Employment Report (NFP)
2018-09-11 16:01:00+00:00,0.0,-4.323576529809969,2891.75,ES,120,Wholesale Inventories
2018-09-13 14:31:00+00:00,-1.6028014856698563,-11.208347080184922,2901.25,ES,120,CPI
2018-09-14 14:31:00+00:00,0.0,-1.7204301117779153,2906.5,ES,120,Retail Sales
2018-09-27 14:31:00+00:00,-1.197409284299778,10.249403015460956,2925.5,ES,120,GDP+Wholesale Inventories
2018-10-01 16:01:00+00:00,-1.2912403622114137,-14.478561486814812,2937.5,ES,120,ISM Manufacturing
2018-10-03 16:01:00+00:00,0.0,0.8498703952675157,2941.5,ES,120,ISM Services
2018-10-05 14:31:00+00:00,0.0,-24.10677017635976,2907.25,ES,120,Employment Report (NFP)
2018-10-10 16:01:00+00:00,0.6833561121738569,0.8793914616944676,2842.75,ES,120,Wholesale Inventories
2018-10-11 14:31:00+00:00,-1.016323870286992,-65.79267570421266,2783.0,ES,120,CPI
2018-10-15 14:31:00+00:00,-2.0,21.719465551779393,2759.5,ES,120,Retail Sales
2018-10-17 20:01:00+00:00,0.0,15.09970531600402,2812.5,ES,120,FOMC Meeting Minutes
2018-10-25 14:31:00+00:00,0.0,4.642310096834024,2692.0,ES,120,Wholesale Inventories
2018-10-26 14:31:00+00:00,-0.817213292894107,-49.24718732421951,2646.25,ES,120,GDP
2018-11-01 16:01:00+00:00,1.8908009397997894,9.160865426309783,2727.75,ES,120,ISM Manufacturing
2018-11-02 14:31:00+00:00,-0.8528491905649056,-14.635933823754499,2735.0,ES,120,Employment Report (NFP)
2018-11-05 17:01:00+00:00,0.0,-2.747126980331416,2730.5,ES,120,ISM Services
2018-11-09 17:01:00+00:00,-1.3957636959101223,-5.406379659547156,2775.25,ES,120,Wholesale Inventories
2018-11-14 15:31:00+00:00,-1.0282180113775359,-22.92001920176645,2730.0,ES,120,CPI
2018-11-15 15:31:00+00:00,-1.01586590876861,14.904520691114698,2681.75,ES,120,Retail Sales
2018-11-28 15:31:00+00:00,-0.8898304977262154,19.533981375357,2685.0,ES,120,GDP+Wholesale Inventories
2018-11-29 21:01:00+00:00,0.0,13.680516521006325,2739.25,ES,120,FOMC Meeting Minutes
2018-12-03 17:01:00+00:00,0.0,27.868944185005518,2777.0,ES,120,ISM Manufacturing
2018-12-06 17:01:00+00:00,0.0,51.8648906502861,2644.25,ES,120,ISM Services
2018-12-07 15:31:00+00:00,-1.5565516255449492,2.7983769596318098,2679.75,ES,120,Employment Report (NFP)
2018-12-07 17:01:00+00:00,-1.5799996123603417,0.0,2652.5,ES,120,Wholesale Inventories
2018-12-12 15:31:00+00:00,0.0,14.956069342364486,2672.5,ES,120,CPI
2018-12-14 15:31:00+00:00,-1.8818512624918073,12.379185506983248,2623.75,ES,120,Retail Sales
2018-12-21 15:31:00+00:00,0.0,,,ES,120,GDP
2019-01-03 17:01:00+00:00,0.0,3.0283147659915244,2476.25,ES,120,ISM Manufacturing
2019-01-04 15:31:00+00:00,-1.5167302741866022,-8.936994785777586,2518.75,ES,120,Employment Report (NFP)
2019-01-07 17:01:00+00:00,0.0,-6.836271568566588,2560.75,ES,120,ISM Services
2019-01-09 21:01:00+00:00,-2.0,-9.675859487359162,2585.0,ES,120,FOMC Meeting Minutes
2019-01-11 15:31:00+00:00,-1.0740346293926186,36.761190668332944,2579.5,ES,120,CPI
2019-02-01 15:31:00+00:00,0.7011225004691396,-24.92040608530033,2712.0,ES,120,Employment Report (NFP)
2019-02-01 17:01:00+00:00,2.0,-24.913507695849546,2712.75,ES,120,ISM Manufacturing+Wholesale Inventories
2019-02-05 17:01:00+00:00,-0.9084371129565915,-16.483520215757608,2732.25,ES,120,ISM Services
2019-02-13 15:31:00+00:00,0.0,2.718499405069963,2758.5,ES,120,CPI
2019-02-14 15:31:00+00:00,1.3685929168605486,-9.114940016718975,2744.0,ES,120,Retail Sales
2019-02-20 21:01:00+00:00,0.0,7.178751205625389,2785.0,ES,120,FOMC Meeting Minutes
2019-02-25 17:01:00+00:00,-1.9304012510233695,-13.355297359698426,2809.75,ES,120,Wholesale Inventories
2019-02-27 15:31:00+00:00,-0.8463538508800144,11.68486942532354,2779.75,ES,120,Wholesale Inventories
2019-02-28 15:31:00+00:00,-0.9712352056219836,-5.38068347662346,2788.5,ES,120,GDP
2019-03-01 17:01:00+00:00,0.0,16.114596146099558,2790.25,ES,120,ISM Manufacturing
2019-03-04 17:01:00+00:00,-1.2203950956761196,-10.79816536130096,2779.75,ES,120,ISM Manufacturing
2019-03-05 17:01:00+00:00,-1.3396752238124814,-0.8956159604700531,2791.5,ES,120,ISM Services
2019-03-08 15:31:00+00:00,1.1012362741546993,0.0,2730.25,ES,120,Employment Report (NFP)
2019-03-11 14:31:00+00:00,1.5677667375181812,19.873538609651575,2764.75,ES,120,Retail Sales
2019-03-12 14:31:00+00:00,-1.240587143676528,-7.155635367936952,2796.0,ES,120,CPI
2019-03-13 16:01:00+00:00,-1.1339640318392525,-7.105427068658798,2815.75,ES,120,ISM Manufacturing
2019-03-22 16:01:00+00:00,0.7487134837697225,4.443457082672353,2812.5,ES,120,Wholesale Inventories
2019-03-28 14:31:00+00:00,0.0,-25.72633931654522,2821.75,ES,120,GDP
2019-04-01 14:31:00+00:00,0.0,0.0,2860.5,ES,120,Retail Sales
2019-04-01 16:01:00+00:00,0.0,5.240174792398022,2861.75,ES,120,ISM Manufacturing
2019-04-03 16:01:00+00:00,-0.9932120116786577,-4.329566678009655,2887.75,ES,120,ISM Services
2019-04-05 14:31:00+00:00,0.0,-2.5921285840979635,2893.75,ES,120,Employment Report (NFP)
2019-04-10 14:31:00+00:00,-0.7421622491036475,7.794570177690474,2885.5,ES,120,CPI
2019-04-10 20:01:00+00:00,0.0,6.909059779101057,2893.75,ES,120,FOMC Meeting Minutes
2019-04-17 16:01:00+00:00,0.6961194196493123,-1.721318534233518,2905.0,ES,120,Wholesale Inventories
2019-04-18 14:31:00+00:00,0.0,12.068966982212714,2898.25,ES,120,Retail Sales
2019-04-26 14:31:00+00:00,1.1354465572761026,-0.853934503748377,2927.75,ES,120,GDP
2019-05-01 16:01:00+00:00,0.0,-18.642493323959286,2953.0,ES,120,ISM Manufacturing
2019-05-03 14:31:00+00:00,0.0,17.021280705300512,2935.0,ES,120,Employment Report (NFP)+Wholesale Inventories
2019-05-03 16:01:00+00:00,0.0,13.589266572306968,2941.5,ES,120,ISM Services
2019-05-09 16:01:00+00:00,1.0243415738499824,42.042630028262806,2848.25,ES,120,Wholesale Inventories
2019-05-10 14:31:00+00:00,-0.9636056695553685,-50.20046651466714,2845.75,ES,120,CPI
2019-05-15 14:31:00+00:00,1.0742279485515136,-0.879236822992624,2843.5,ES,120,Retail Sales
2019-05-22 20:01:00+00:00,0.0,-6.125038472983846,2858.0,ES,120,FOMC Meeting Minutes
2019-05-30 14:31:00+00:00,0.6050569754726709,-29.544763869964186,2796.5,ES,120,GDP+Wholesale Inventories
2019-06-03 16:01:00+00:00,0.0,-40.98553030010166,2750.5,ES,120,ISM Manufacturing
2019-06-05 16:01:00+00:00,-1.0165325313598628,-2.6627612991880767,2817.0,ES,120,ISM Services
2019-06-07 14:31:00+00:00,-0.914138675522342,38.21107558529491,2873.25,ES,120,Employment Report (NFP)
2019-06-07 16:01:00+00:00,0.0,13.031581706073325,2875.75,ES,120,Wholesale Inventories
2019-06-12 14:31:00+00:00,-0.7913841149976503,6.945047592292752,2878.75,ES,120,CPI
2019-06-14 14:31:00+00:00,0.0,12.129615072318245,2883.75,ES,120,Retail Sales
2019-06-26 14:31:00+00:00,-0.7220653149366218,5.974990575108308,2928.0,ES,120,Wholesale Inventories
2019-06-27 14:31:00+00:00,-0.625437918098575,-4.267850348593782,2929.5,ES,120,GDP
2019-07-01 16:01:00+00:00,0.0,-9.273701292720204,2966.75,ES,120,ISM Manufacturing
2019-07-03 16:01:00+00:00,0.0,7.510953826894706,2994.5,ES,120,ISM Services
2019-07-05 14:31:00+00:00,0.0,4.2000924637797254,2975.5,ES,120,Employment Report (NFP)
2019-07-10 16:01:00+00:00,0.9967516401979449,-4.17135950652181,2997.25,ES,120,Wholesale Inventories
2019-07-10 20:01:00+00:00,0.0,0.0,2997.75,ES,120,FOMC Meeting Minutes
2019-07-11 14:31:00+00:00,-0.8801760928451507,0.8337849673623055,2998.25,ES,120,CPI
2019-07-16 14:31:00+00:00,0.0,-2.48560422175359,3017.75,ES,120,Retail Sales
2019-07-25 14:31:00+00:00,1.1266225164939763,9.957680683392311,3011.25,ES,120,Wholesale Inventories
2019-07-26 14:31:00+00:00,0.0,4.970179028731536,3017.25,ES,120,GDP
2019-08-01 16:01:00+00:00,-1.3812047151125353,-7.479121136420019,3009.5,ES,120,ISM Manufacturing
2019-08-02 14:31:00+00:00,-0.7739593906094547,-38.522497666697575,2926.0,ES,120,Employment Report (NFP)
2019-08-05 16:01:00+00:00,0.0,-14.849109598369381,2864.25,ES,120,ISM Services
2019-08-08 16:01:00+00:00,0.0,9.396489821345,2925.25,ES,120,Wholesale Inventories
2019-08-13 14:31:00+00:00,-0.8224862073987373,-40.90333781277877,2939.75,ES,120,CPI
2019-08-15 14:31:00+00:00,0.0,9.66310963757877,2844.5,ES,120,Retail Sales
2019-08-21 20:01:00+00:00,0.0,13.661204310420061,2926.0,ES,120,FOMC Meeting Minutes
2019-08-29 14:31:00+00:00,-0.8415860877920771,-8.57044961612985,2918.25,ES,120,GDP+Wholesale Inventories
2019-09-03 16:01:00+00:00,0.0,-10.332358418789767,2905.0,ES,120,ISM Manufacturing
2019-09-05 16:01:00+00:00,-0.9355377948340338,-7.559531669070196,2977.5,ES,120,ISM Services
2019-09-06 14:31:00+00:00,0.0,5.030602939974926,2981.0,ES,120,Employment Report (NFP)
2019-09-11 16:01:00+00:00,2.0,-0.8353869935007197,2992.75,ES,120,Wholesale Inventories
2019-09-12 14:31:00+00:00,0.0,-37.37080294946793,3016.0,ES,120,CPI
2019-09-13 14:31:00+00:00,0.0,2.487252842051646,3015.0,ES,120,Retail Sales
2019-09-26 14:31:00+00:00,1.2717809822737514,-15.968402771218138,2977.0,ES,120,GDP+Wholesale Inventories
2019-10-01 16:01:00+00:00,0.0,-14.393973951261074,2954.75,ES,120,ISM Manufacturing
2019-10-03 16:01:00+00:00,-1.4693075428704239,21.608548102936,2889.25,ES,120,ISM Services
2019-10-04 14:31:00+00:00,-0.8301120385367184,7.686067247156814,2926.25,ES,120,Employment Report (NFP)
2019-10-09 16:01:00+00:00,-1.483442292236274,5.142269568239044,2916.25,ES,120,Wholesale Inventories
2019-10-09 20:01:00+00:00,0.0,18.848531968131965,2915.25,ES,120,FOMC Meeting Minutes
2019-10-10 14:31:00+00:00,0.0,23.815610474002824,2935.75,ES,120,CPI
2019-10-16 14:31:00+00:00,1.2791967238380746,12.522437667605857,2992.75,ES,120,Retail Sales
2019-10-28 14:31:00+00:00,0.7697583677110397,-6.581112445509518,3040.0,ES,120,Wholesale Inventories
2019-10-30 14:31:00+00:00,0.0,9.89364414117233,3030.75,ES,120,GDP
2019-11-01 14:31:00+00:00,-1.0795122967417714,0.0,3059.5,ES,120,Employment Report (NFP)
2019-11-01 16:01:00+00:00,-0.7941474893994073,-3.270645981707787,3058.0,ES,120,ISM Manufacturing
2019-11-05 17:01:00+00:00,0.0,-7.323921066273442,3073.25,ES,120,ISM Services
2019-11-08 17:01:00+00:00,0.0,1.6207455464822829,3084.75,ES,120,Wholesale Inventories
2019-11-13 15:31:00+00:00,0.0,8.901477423712834,3088.0,ES,120,CPI
2019-11-15 15:31:00+00:00,0.0,6.430868388846989,3109.0,ES,120,Retail Sales
2019-11-20 21:01:00+00:00,-2.0,5.630404331320449,3107.25,ES,120,FOMC Meeting Minutes
2019-11-26 15:31:00+00:00,0.6373397416713767,6.379076844993392,3134.25,ES,120,Wholesale Inventories
2019-11-27 15:31:00+00:00,-0.9665252614219954,5.564166909586277,3144.25,ES,120,GDP
2019-12-02 17:01:00+00:00,0.7028696013267599,-8.822232596905621,3118.5,ES,120,ISM Manufacturing
2019-12-04 17:01:00+00:00,-0.9155315032557694,-3.211819523336601,3114.0,ES,120,ISM Services
2019-12-06 15:31:00+00:00,-1.1682727013839425,11.920373327143352,3144.0,ES,120,Employment Report (NFP)
2019-12-06 17:01:00+00:00,0.0,0.7938713138599951,3149.0,ES,120,Wholesale Inventories
2019-12-11 15:31:00+00:00,0.0,-13.545279151614409,3139.75,ES,120,CPI
2019-12-13 15:31:00+00:00,1.105706561553738,-26.052989117637537,3170.75,ES,120,Retail Sales
2019-12-20 15:31:00+00:00,0.9180144771056891,,,ES,120,GDP
2019-12-30 15:31:00+00:00,-0.9308857477089714,9.311710147485996,3220.25,ES,120,Wholesale Inventories
2020-01-03 17:01:00+00:00,1.0265812781940757,0.7710397474980368,3242.25,ES,120,ISM Manufacturing
2020-01-03 21:01:00+00:00,0.0,-0.7727079553987437,3235.5,ES,120,FOMC Meeting Minutes
2020-01-07 17:01:00+00:00,0.7017995654887136,4.632489273710405,3237.25,ES,120,ISM Services
2020-01-10 15:31:00+00:00,0.0,3.0485481525488467,3279.75,ES,120,Employment Report (NFP)
2020-01-10 17:01:00+00:00,0.7946935651960014,-6.1087356817424165,3275.0,ES,120,Wholesale Inventories
2020-01-14 15:31:00+00:00,0.9936894141104292,2.2831919121912847,3284.5,ES,120,CPI
2020-01-16 15:31:00+00:00,1.3598828756062864,-3.780861325246576,3306.75,ES,120,Retail Sales
2020-01-29 15:31:00+00:00,0.0,18.282933408499957,3278.75,ES,120,Wholesale Inventories
2020-01-30 15:31:00+00:00,0.0,-42.29962084799865,3257.5,ES,120,GDP
2020-02-03 17:01:00+00:00,-0.8110769476183127,12.311482010609609,3247.0,ES,120,ISM Manufacturing
2020-02-05 17:01:00+00:00,-0.8999295989837058,-2.2558935313909956,3325.0,ES,120,ISM Services
2020-02-07 15:31:00+00:00,0.0,-7.500187856273044,3334.5,ES,120,Employment Report (NFP)
2020-02-07 17:01:00+00:00,0.0,6.74283599249037,3335.75,ES,120,Wholesale Inventories
2020-02-13 15:31:00+00:00,0.0,20.025966269869855,3367.25,ES,120,CPI
2020-02-14 15:31:00+00:00,0.0,8.144227303894525,3375.25,ES,120,Retail Sales
2020-02-19 21:01:00+00:00,-1.8908523877502597,-4.427064190970498,3389.0,ES,120,FOMC Meeting Minutes
2020-02-27 15:31:00+00:00,-0.7876102405172587,114.35277421568912,3021.5,ES,120,GDP
2020-02-28 15:31:00+00:00,0.0,90.23922406584006,2868.25,ES,120,Wholesale Inventories
2020-03-02 17:01:00+00:00,0.0,-37.118036594669945,3036.5,ES,120,ISM Manufacturing
2020-03-04 17:01:00+00:00,-1.2318606357236863,36.7782687458984,3053.25,ES,120,ISM Services
2020-03-06 15:31:00+00:00,-0.7930911533861821,5.893496276669907,2968.5,ES,120,Employment Report (NFP)
2020-03-06 17:01:00+00:00,-1.019151774297244,-28.086320007787435,2941.5,ES,120,Wholesale Inventories
2020-03-11 14:31:00+00:00,-1.3163556705458743,6.296379789763051,2778.5,ES,120,CPI
2020-03-17 14:31:00+00:00,-0.738826196688137,54.25060646718549,2435.75,ES,120,Retail Sales
2020-03-26 14:31:00+00:00,0.0,-45.084855354318165,2556.5,ES,120,GDP+Wholesale Inventories
2020-04-01 16:01:00+00:00,0.0,-33.31821952432534,2480.25,ES,120,ISM Manufacturing
2020-04-03 14:31:00+00:00,1.105045529346154,-9.007657117088286,2499.0,ES,120,Employment Report (NFP)
2020-04-03 16:01:00+00:00,-0.7533427669283026,-32.323260465787484,2479.0,ES,120,ISM Services
2020-04-08 20:01:00+00:00,1.8373965754409558,0.0,2736.75,ES,120,FOMC Meeting Minutes
2020-04-09 16:01:00+00:00,0.0,2.684203478739988,2793.75,ES,120,Wholesale Inventories
2020-04-10 14:31:00+00:00,0.0,,,ES,120,CPI
2020-04-15 14:31:00+00:00,-0.6582217237489921,15.396461855932131,2758.25,ES,120,Retail Sales
2020-04-28 14:31:00+00:00,-1.3018834105351866,-100.15324299684991,2885.0,ES,120,Wholesale Inventories
2020-04-29 14:31:00+00:00,0.5839781528865506,7.6998763268676385,2921.0,ES,120,GDP
2020-05-01 16:01:00+00:00,-1.365223098507237,3.5473572560817956,2818.5,ES,120,ISM Manufacturing
2020-05-05 16:01:00+00:00,0.0,-4.330691679133025,2887.0,ES,120,ISM Services
2020-05-08 14:31:00+00:00,0.0,-5.159958834823897,2907.75,ES,120,Employment Report (NFP)
2020-05-08 16:01:00+00:00,0.0,0.0,2915.0,ES,120,Wholesale Inventories
2020-05-12 14:31:00+00:00,0.0,22.2621891755459,2916.5,ES,120,CPI
2020-05-15 14:31:00+00:00,0.7327127541053575,-61.88685652510628,2836.5,ES,120,Retail Sales
2020-05-20 20:01:00+00:00,-2.0,4.211058301173409,2967.75,ES,120,FOMC Meeting Minutes
2020-05-28 14:31:00+00:00,0.0,27.923802638447626,3039.75,ES,120,GDP
2020-05-29 14:31:00+00:00,0.0,-23.232668929900058,3016.5,ES,120,Wholesale Inventories
2020-06-01 16:01:00+00:00,-1.227214988185777,18.046104479125802,3045.0,ES,120,ISM Manufacturing
2020-06-03 16:01:00+00:00,0.0,-1.6061676873491137,3113.25,ES,120,ISM Services
2020-06-05 14:31:00+00:00,0.0,29.841391706781906,3178.75,ES,120,Employment Report (NFP)
2020-06-09 16:01:00+00:00,-0.9140934220050866,12.476607981568577,3204.0,ES,120,Wholesale Inventories
2020-06-10 14:31:00+00:00,1.01102432336997,-11.771631730148613,3187.5,ES,120,CPI
2020-06-16 14:31:00+00:00,0.9156458813119736,-232.64325331204816,3152.75,ES,120,Retail Sales
2020-06-25 14:31:00+00:00,-1.1137197670952155,-32.87043801094569,3047.25,ES,120,GDP+Wholesale Inventories
2020-07-01 16:01:00+00:00,-0.8000955891405589,29.794280606125767,3100.0,ES,120,ISM Manufacturing
2020-07-01 20:01:00+00:00,0.0,2.417307936504187,3102.25,ES,120,FOMC Meeting Minutes
2020-07-02 14:31:00+00:00,0.0,-27.92740694054885,3137.5,ES,120,Employment Report (NFP)
2020-07-06 16:01:00+00:00,-0.6854452929400164,-9.48391756850242,3164.75,ES,120,ISM Services
2020-07-09 16:01:00+00:00,0.8347953174746228,22.394634649387513,3122.25,ES,120,Wholesale Inventories
2020-07-14 14:31:00+00:00,0.0,-11.127892412936546,3147.0,ES,120,CPI
2020-07-16 14:31:00+00:00,1.0607121228741618,-7.03317342320986,3200.25,ES,120,Retail Sales
2020-07-29 14:31:00+00:00,1.0357993524750688,13.142130143251052,3231.75,ES,120,Wholesale Inventories
2020-07-30 14:31:00+00:00,-0.3598221146282434,14.806158948772463,3205.75,ES,120,GDP
2020-08-03 16:01:00+00:00,0.0,-7.599362019341527,3291.0,ES,120,ISM Manufacturing
2020-08-05 16:01:00+00:00,1.5017268965584893,-6.786051155813766,3316.75,ES,120,ISM Services
2020-08-07 14:31:00+00:00,-0.7415340469695675,17.957356116191647,3338.25,ES,120,Employment Report (NFP)
2020-08-07 16:01:00+00:00,0.0,22.466870829802588,3334.5,ES,120,Wholesale Inventories
2020-08-12 14:31:00+00:00,-1.7001026230910925,2.223787118609266,3372.25,ES,120,CPI
2020-08-14 14:31:00+00:00,1.0020541993555294,-0.7432457545419879,3363.75,ES,120,Retail Sales
2020-08-19 20:01:00+00:00,-1.6014328356426886,2.9673590722012477,3369.5,ES,120,FOMC Meeting Minutes
2020-08-27 14:31:00+00:00,0.659624800037802,7.155635367936952,3492.5,ES,120,GDP
2020-08-28 14:31:00+00:00,-0.6870169797166523,-20.79673738908383,3489.75,ES,120,Wholesale Inventories
2020-09-01 16:01:00+00:00,0.0,4.989486542825716,3506.5,ES,120,ISM Manufacturing
2020-09-03 16:01:00+00:00,-1.4738549944989578,-0.719502104864489,3474.75,ES,120,ISM Services
2020-09-04 14:31:00+00:00,0.0,-43.528048364436245,3396.0,ES,120,Employment Report (NFP)
2020-09-10 16:01:00+00:00,-0.5900111900428479,-22.114117813529788,3395.25,ES,120,Wholesale Inventories
2020-09-11 14:31:00+00:00,-0.3354531392704343,12.668133889874866,3352.75,ES,120,CPI
2020-09-16 14:31:00+00:00,0.0,-1.466060697552507,3410.75,ES,120,Retail Sales
2020-09-29 14:31:00+00:00,1.0833357365691572,-51.71456157217591,3344.25,ES,120,Wholesale Inventories
2020-09-30 14:31:00+00:00,0.8500562673543104,-2.9761904981739917,3360.5,ES,120,GDP
2020-10-01 16:01:00+00:00,-0.8993217524792221,3.7076860756357632,3370.75,ES,120,ISM Manufacturing
2020-10-02 14:31:00+00:00,0.0,-12.710757253593385,3345.75,ES,120,Employment Report (NFP)
2020-10-05 16:01:00+00:00,0.0,4.430660240863915,3384.75,ES,120,ISM Services
2020-10-07 20:01:00+00:00,0.0,6.605262432373138,3405.25,ES,120,FOMC Meeting Minutes
2020-10-09 16:01:00+00:00,0.0,0.7202794687444225,3470.75,ES,120,Wholesale Inventories
2020-10-13 14:31:00+00:00,-0.7098374715730147,2.1340921297507975,3514.0,ES,120,CPI
2020-10-16 14:31:00+00:00,0.0,-23.553774138278527,3506.75,ES,120,Retail Sales
2020-10-28 14:31:00+00:00,-0.423130237352759,-3.0446034639197705,3285.0,ES,120,Wholesale Inventories
2020-10-29 14:31:00+00:00,0.0,-12.915481377504534,3292.75,ES,120,GDP
2020-11-02 17:01:00+00:00,-0.8905784122800605,8.32293015168517,3302.75,ES,120,ISM Manufacturing
2020-11-04 17:01:00+00:00,0.8393741095936056,19.437751341619958,3469.25,ES,120,ISM Services
2020-11-06 15:31:00+00:00,0.0,-22.175337246288507,3498.75,ES,120,Employment Report (NFP)
2020-11-06 17:01:00+00:00,0.883981057913256,-19.985731134930518,3506.0,ES,120,Wholesale Inventories
2020-11-12 15:31:00+00:00,-0.542625470839106,12.645779400557444,3556.25,ES,120,CPI
2020-11-17 15:31:00+00:00,0.0,29.15858772411184,3595.75,ES,120,Retail Sales
2020-11-25 15:31:00+00:00,0.9856289864006079,-2.7607150427044758,3622.75,ES,120,GDP+Wholesale Inventories
2020-11-25 21:01:00+00:00,-1.9736762298302832,4.824092991810858,3626.75,ES,120,FOMC Meeting Minutes
2020-12-01 17:01:00+00:00,-0.6028840326159217,10.91107582336548,3664.0,ES,120,ISM Manufacturing
2020-12-03 17:01:00+00:00,-0.8746566537353413,-9.525754275436782,3676.0,ES,120,ISM Services
2020-12-04 15:31:00+00:00,0.0,20.333475895526476,3684.75,ES,120,Employment Report (NFP)
2020-12-09 17:01:00+00:00,0.0,-14.889011954650755,3696.75,ES,120,Wholesale Inventories
2020-12-10 15:31:00+00:00,0.49874667932859157,10.213462229913262,3669.75,ES,120,CPI
2020-12-16 15:31:00+00:00,-0.26479123898079354,-9.461378012005639,3701.0,ES,120,Retail Sales
2020-12-22 15:31:00+00:00,0.3339477526724751,-7.4654725378309195,3685.0,ES,120,GDP
2020-12-30 15:31:00+00:00,-0.7648409524584513,-8.037508805074367,3734.0,ES,120,Wholesale Inventories
2021-01-04 17:01:00+00:00,0.0,-20.444330413837974,3672.25,ES,120,ISM Manufacturing
2021-01-05 17:01:00+00:00,1.3901807325673605,5.401026326268266,3702.0,ES,120,ISM Manufacturing
2021-01-06 21:01:00+00:00,-1.475173168152046,34.087524234394095,3734.0,ES,120,FOMC Meeting Minutes
2021-01-07 17:01:00+00:00,-0.7530785599075461,-7.912957880726879,3792.75,ES,120,ISM Services
2021-01-08 15:31:00+00:00,0.0,31.53954910949608,3798.75,ES,120,Employment Report (NFP)
2021-01-08 17:01:00+00:00,0.0,3.9395929596608426,3806.75,ES,120,Wholesale Inventories
2021-01-13 15:31:00+00:00,0.9826528252086598,17.10639274971726,3796.5,ES,120,CPI
2021-01-15 15:31:00+00:00,-0.9957383053164377,13.99393824478068,3749.0,ES,120,Retail Sales
2021-01-28 15:31:00+00:00,0.0,21.051254402628672,3796.25,ES,120,GDP+Wholesale Inventories
2021-02-01 17:01:00+00:00,0.0,21.933477272035873,3757.25,ES,120,ISM Manufacturing
2021-02-03 17:01:00+00:00,0.0,-3.265306151476466,3828.75,ES,120,ISM Services
2021-02-05 15:31:00+00:00,1.561106003247652,12.246609542465592,3876.25,ES,120,Employment Report (NFP)
2021-02-10 15:31:00+00:00,-0.6760146796062754,15.389550969366894,3895.75,ES,120,CPI
2021-02-10 17:01:00+00:00,-0.9194320975216005,-0.6417867345120953,3895.5,ES,120,Wholesale Inventories
2021-02-17 15:31:00+00:00,0.0,23.016441335386162,3905.75,ES,120,Retail Sales
2021-02-17 21:01:00+00:00,0.0,-5.730111893953449,3927.75,ES,120,FOMC Meeting Minutes
2021-02-25 15:31:00+00:00,-0.7243555356490714,-8.987033600114103,3896.25,ES,120,GDP
2021-02-26 15:31:00+00:00,0.43764135162109796,80.75414005546122,3792.5,ES,120,Wholesale Inventories
2021-03-01 17:01:00+00:00,0.8530544121692645,-3.2079043036503663,3897.25,ES,120,ISM Manufacturing
2021-03-03 17:01:00+00:00,0.5651232043975734,-10.378828124224526,3856.0,ES,120,ISM Services
2021-03-05 15:31:00+00:00,-0.46176381037162473,-36.563112031124945,3767.5,ES,120,Employment Report (NFP)
2021-03-08 17:01:00+00:00,-0.7833263925401769,35.58607488717058,3857.0,ES,120,Wholesale Inventories
2021-03-10 15:31:00+00:00,-0.4838779356143167,14.128831584230284,3890.0,ES,120,CPI
2021-03-16 14:31:00+00:00,0.9263697445865329,-13.202982019180354,3979.0,ES,120,Retail Sales
2021-03-25 14:31:00+00:00,0.7558249413761802,-35.64604053121201,3864.25,ES,120,GDP
2021-03-26 14:31:00+00:00,-0.26065842327683764,-17.208965654305075,3925.75,ES,120,Wholesale Inventories
2021-04-01 16:01:00+00:00,0.0,10.626661415713556,3997.25,ES,120,ISM Manufacturing
2021-04-02 14:31:00+00:00,1.3028201463057971,,,ES,120,Employment Report (NFP)
2021-04-05 16:01:00+00:00,1.5950025840601854,6.757794758804891,4068.0,ES,120,ISM Services
2021-04-07 20:01:00+00:00,0.0,6.75364569030279,4070.5,ES,120,FOMC Meeting Minutes
2021-04-09 16:01:00+00:00,0.0,-1.2202562552943164,4097.75,ES,120,Wholesale Inventories
2021-04-13 14:31:00+00:00,-0.327697635187022,-2.425124299492154,4124.0,ES,120,CPI
2021-04-15 14:31:00+00:00,2.0,10.232643021268473,4151.25,ES,120,Retail Sales
2021-04-28 14:31:00+00:00,0.0,-3.584229429058894,4185.75,ES,120,Wholesale Inventories
2021-04-29 14:31:00+00:00,-0.522860227688286,-14.322375188058345,4192.25,ES,120,GDP
2021-05-03 16:01:00+00:00,1.6498567397131276,-8.950148274919911,4191.75,ES,120,ISM Manufacturing
2021-05-05 16:01:00+00:00,0.0,-9.57395956326934,4180.0,ES,120,ISM Services
2021-05-07 14:31:00+00:00,-0.7316493043279559,1.1829419780795547,4226.5,ES,120,Employment Report (NFP)
2021-05-07 16:01:00+00:00,1.0882134575115743,-12.421994439897333,4229.0,ES,120,Wholesale Inventories
2021-05-12 14:31:00+00:00,-0.520630037963084,-25.595723645501778,4107.5,ES,120,CPI
2021-05-14 14:31:00+00:00,0.5340347322929765,12.040215770348084,4150.25,ES,120,Retail Sales
2021-05-19 20:01:00+00:00,-0.7056399748800292,-13.991546523186571,4112.5,ES,120,FOMC Meeting Minutes
2021-05-27 14:31:00+00:00,0.6830896586221508,-6.538861876599356,4207.0,ES,120,GDP
2021-05-28 14:31:00+00:00,-0.7798524589170723,5.942830150544864,4205.5,ES,120,Wholesale Inventories
2021-06-01 16:01:00+00:00,-1.9616350598393228,-4.7573740193129765,4205.0,ES,120,ISM Manufacturing
2021-06-03 16:01:00+00:00,0.0,-3.573768576963232,4198.0,ES,120,ISM Services
2021-06-04 14:31:00+00:00,-0.5290230039379181,7.111954309131363,4216.75,ES,120,Employment Report (NFP)
2021-06-09 16:01:00+00:00,0.5432552067344797,5.912961383280901,4226.75,ES,120,Wholesale Inventories
2021-06-10 14:31:00+00:00,1.0974951971301221,-35.43171298588277,4241.0,ES,120,CPI
2021-06-15 14:31:00+00:00,-0.6251241255449805,-7.656291784243763,4246.5,ES,120,Retail Sales
2021-06-24 14:31:00+00:00,-1.231102472521411,-8.219821975252728,4259.75,ES,120,GDP+Wholesale Inventories
2021-07-01 16:01:00+00:00,-1.0457720783882118,-1.1624527766684878,4301.5,ES,120,ISM Manufacturing
2021-07-02 14:31:00+00:00,0.8027716159597884,2.890424045318696,4324.0,ES,120,Employment Report (NFP)
2021-07-06 16:01:00+00:00,-0.6338834492150518,-11.59756581138538,4313.75,ES,120,ISM Services
2021-07-07 20:01:00+00:00,1.4456832944246425,4.023335399274686,4348.75,ES,120,FOMC Meeting Minutes
2021-07-09 16:01:00+00:00,0.5611362236931708,-4.5947964738957126,4353.75,ES,120,Wholesale Inventories
2021-07-13 14:31:00+00:00,0.0,-3.998971746277391,4377.0,ES,120,CPI
2021-07-16 14:31:00+00:00,-0.7982273578816871,3.4540326173626568,4342.0,ES,120,Retail Sales
2021-07-28 14:31:00+00:00,-0.9986144928088222,-0.5683917357401924,4398.5,ES,120,Wholesale Inventories
2021-07-29 14:31:00+00:00,-0.6235170222605468,15.846966924897288,4413.75,ES,120,GDP
2021-08-02 16:01:00+00:00,0.6576903968962515,-0.5692653632038969,4391.75,ES,120,ISM Manufacturing
2021-08-04 16:01:00+00:00,0.8489208505227185,-1.1368157802138512,4398.5,ES,120,ISM Services
2021-08-06 14:31:00+00:00,0.3794963649265654,-5.64780315475133,4427.75,ES,120,Employment Report (NFP)
2021-08-06 16:01:00+00:00,0.6630007285497709,-1.128923008621996,4429.25,ES,120,Wholesale Inventories
2021-08-11 14:31:00+00:00,0.8042323572886906,-7.885547327610709,4440.25,ES,120,CPI
2021-08-17 14:31:00+00:00,-0.5505144240079103,-4.49615024717076,4449.25,ES,120,Retail Sales
2021-08-18 20:01:00+00:00,0.0,-10.24240444614577,4395.75,ES,120,FOMC Meeting Minutes
2021-08-26 14:31:00+00:00,0.5239476065662494,-25.141784900455377,4480.25,ES,120,GDP
2021-08-27 14:31:00+00:00,0.0,11.668936950464115,4496.5,ES,120,Wholesale Inventories
2021-09-01 16:01:00+00:00,0.8562628926334993,3.311989431900031,4528.25,ES,120,ISM Manufacturing
2021-09-03 14:31:00+00:00,-0.4660475995322359,-0.5520744197440308,4528.5,ES,120,Employment Report (NFP)
2021-09-03 16:01:00+00:00,-0.7015217376628761,3.8634545282789645,4528.75,ES,120,ISM Services
2021-09-10 16:01:00+00:00,-0.979032516574536,22.291583015956462,4481.0,ES,120,Wholesale Inventories
2021-09-14 14:31:00+00:00,0.0,-12.899247463131758,4460.5,ES,120,CPI
2021-09-16 14:31:00+00:00,-0.5753987415922822,-8.985735750073331,4453.5,ES,120,Retail Sales
2021-09-28 14:31:00+00:00,-0.5907874988994556,-6.3057126111232265,4362.5,ES,120,Wholesale Inventories
2021-09-30 14:31:00+00:00,0.0,-23.577457082240016,4352.5,ES,120,GDP
2021-10-01 16:01:00+00:00,0.0,5.208785602626165,4318.5,ES,120,ISM Manufacturing
2021-10-05 16:01:00+00:00,-0.9362821808427048,-9.200690700801317,4349.5,ES,120,ISM Services
2021-10-08 14:31:00+00:00,-0.9418870040090251,-11.37980208156364,4396.25,ES,120,Employment Report (NFP)
2021-10-08 16:01:00+00:00,0.7631121178197868,-6.84033544313678,4387.25,ES,120,Wholesale Inventories
2021-10-13 14:31:00+00:00,-0.4772117661778652,21.945030751986394,4324.25,ES,120,CPI
2021-10-13 20:01:00+00:00,0.0,-1.1481056269957435,4355.25,ES,120,FOMC Meeting Minutes
2021-10-15 14:31:00+00:00,-0.44131164826476743,17.39374824836659,4451.75,ES,120,Retail Sales
2021-10-27 14:31:00+00:00,0.8062922758335574,1.6434303907431058,4563.25,ES,120,Wholesale Inventories
2021-10-28 14:31:00+00:00,0.0,9.284291101359088,4575.5,ES,120,GDP
2021-11-01 16:01:00+00:00,-0.6482705758783679,4.890905730192685,4599.25,ES,120,ISM Manufacturing
2021-11-03 16:01:00+00:00,2.0,-1.0824853875135432,4619.25,ES,120,ISM Services
2021-11-05 14:31:00+00:00,0.0,1.0625298846633768,4705.5,ES,120,Employment Report (NFP)
2021-11-10 15:31:00+00:00,-0.40930453953221074,-1.06963311687025,4674.75,ES,120,CPI
2021-11-10 17:01:00+00:00,0.8740061981246572,-10.707785582475537,4672.0,ES,120,Wholesale Inventories
2021-11-16 15:31:00+00:00,1.0870478928280038,5.331911616579532,4687.5,ES,120,Retail Sales
2021-11-24 15:31:00+00:00,-0.7025964598902878,6.9464856249013,4677.0,ES,120,GDP+Wholesale Inventories
2021-11-24 21:01:00+00:00,0.0,3.1916591579062015,4699.0,ES,120,FOMC Meeting Minutes
2021-12-01 17:01:00+00:00,-0.9922394302270385,0.0,4630.0,ES,120,ISM Manufacturing
2021-12-03 15:31:00+00:00,0.0,-58.93547944726407,4552.25,ES,120,Employment Report (NFP)
2021-12-03 17:01:00+00:00,0.0,32.12409298139818,4506.5,ES,120,ISM Services
2021-12-09 17:01:00+00:00,1.1013208680924933,0.0,4683.75,ES,120,Wholesale Inventories
2021-12-10 15:31:00+00:00,0.866433491366546,-29.31849963868416,4696.75,ES,120,CPI
2021-12-15 15:31:00+00:00,0.6013762198364915,2.163214545234382,4622.25,ES,120,Retail Sales
2021-12-22 15:31:00+00:00,1.0388365920459022,36.467032422287105,4653.25,ES,120,GDP
2021-12-29 15:31:00+00:00,-0.45708355482070234,13.074973751479035,4777.0,ES,120,Wholesale Inventories
2022-01-03 17:01:00+00:00,0.0,14.169883501367053,4760.25,ES,120,ISM Manufacturing
2022-01-04 17:01:00+00:00,0.0,-0.5227528164297723,4782.5,ES,120,ISM Manufacturing
2022-01-05 21:01:00+00:00,1.1423271054888353,4.793225666297474,4693.0,ES,120,FOMC Meeting Minutes
2022-01-06 17:01:00+00:00,0.0,13.298227976399346,4696.75,ES,120,ISM Services
2022-01-07 15:31:00+00:00,-0.7038801976483061,-38.541881659739374,4679.25,ES,120,Employment Report (NFP)
2022-01-10 17:01:00+00:00,0.0,-22.850934861686767,4600.25,ES,120,Wholesale Inventories
2022-01-12 15:31:00+00:00,-0.503196209986525,-26.99628455864911,4729.25,ES,120,CPI
2022-01-14 15:31:00+00:00,-0.5142937650090722,7.549204995882519,4634.5,ES,120,Retail Sales
2022-01-26 15:31:00+00:00,-0.6033561254159685,15.370167828230308,4388.25,ES,120,Wholesale Inventories
2022-01-27 15:31:00+00:00,-0.4738010895311057,45.51151330442593,4384.5,ES,120,GDP
2022-02-01 17:01:00+00:00,0.0,-14.421212771651426,4510.5,ES,120,ISM Manufacturing
2022-02-03 17:01:00+00:00,0.6364370859588921,-5.5463118448884074,4508.75,ES,120,ISM Services
2022-02-04 15:31:00+00:00,0.0,-36.9872647630487,4469.25,ES,120,Employment Report (NFP)
2022-02-09 17:01:00+00:00,-1.0147397254002655,2.738900622425433,4563.25,ES,120,Wholesale Inventories
2022-02-10 15:31:00+00:00,1.1324914344349843,-25.77250350416449,4565.0,ES,120,CPI
2022-02-16 15:31:00+00:00,-0.40102079508397975,-0.5637773081090813,4434.5,ES,120,Retail Sales
2022-02-16 21:01:00+00:00,1.5646427996118384,-0.5594875095837892,4468.5,ES,120,FOMC Meeting Minutes
2022-02-24 15:31:00+00:00,-0.8286703896481457,55.2620339569998,4150.5,ES,120,GDP
2022-02-28 15:31:00+00:00,0.0,60.34327669578232,4337.0,ES,120,Wholesale Inventories
2022-03-01 17:01:00+00:00,0.0,11.621151801790575,4300.0,ES,120,ISM Manufacturing
2022-03-03 17:01:00+00:00,-1.049940035612443,-21.202838807710123,4367.25,ES,120,ISM Services
2022-03-04 15:31:00+00:00,-0.729224614697829,-9.315324381127255,4296.0,ES,120,Employment Report (NFP)
2022-03-08 17:01:00+00:00,0.6933295741971315,134.24615036448984,4180.5,ES,120,Wholesale Inventories
2022-03-10 15:31:00+00:00,0.0,-41.98829315580355,4236.25,ES,120,CPI
2022-03-16 14:31:00+00:00,1.3298907666233855,-5.188067561228138,4338.0,ES,120,Retail Sales
2022-03-28 14:31:00+00:00,-0.7793770285157785,8.809118006212202,4538.75,ES,120,Wholesale Inventories
2022-03-30 14:31:00+00:00,0.6593840966156933,-8.676790132220447,4612.0,ES,120,GDP
2022-04-01 14:31:00+00:00,0.0,16.01900527596456,4522.25,ES,120,Employment Report (NFP)
2022-04-01 16:01:00+00:00,0.0,0.0,4510.5,ES,120,ISM Manufacturing
2022-04-05 16:01:00+00:00,0.7335103846546076,-16.51618961659551,4544.75,ES,120,ISM Services
2022-04-06 20:01:00+00:00,0.0,2.2351363526240675,4473.5,ES,120,FOMC Meeting Minutes
2022-04-08 16:01:00+00:00,1.590213166569358,13.86155304981429,4505.75,ES,120,Wholesale Inventories
2022-04-12 14:31:00+00:00,0.44463919982948774,-25.34427309139886,4444.5,ES,120,CPI
2022-04-14 14:31:00+00:00,-0.7291202520399992,8.479607054354688,4420.5,ES,120,Retail Sales
2022-04-27 14:31:00+00:00,-0.722910379401794,90.83908756284842,4164.25,ES,120,Wholesale Inventories
2022-04-28 14:31:00+00:00,-1.1924931310210183,20.267055101328424,4189.75,ES,120,GDP
2022-05-02 16:01:00+00:00,0.0,-8.486906425986263,4125.75,ES,120,ISM Manufacturing
2022-05-04 16:01:00+00:00,0.768548535542234,44.39385778002958,4158.0,ES,120,ISM Services
2022-05-06 14:31:00+00:00,0.0,78.3174934672104,4101.75,ES,120,Employment Report (NFP)
2022-05-09 16:01:00+00:00,0.0,32.92030675826396,4018.25,ES,120,Wholesale Inventories
2022-05-11 14:31:00+00:00,0.0,-26.713897786372343,4029.5,ES,120,CPI
2022-05-17 14:31:00+00:00,0.0,-16.066245808978863,4049.0,ES,120,Retail Sales
2022-05-25 20:01:00+00:00,-2.0,-32.10477719015614,3977.75,ES,120,FOMC Meeting Minutes
2022-05-26 14:31:00+00:00,-0.3857710210420263,24.750956265293667,4035.25,ES,120,GDP
2022-05-27 14:31:00+00:00,0.718489215117009,-23.072262815482247,4122.25,ES,120,Wholesale Inventories
2022-06-01 16:01:00+00:00,0.8123489853376505,16.547670248563406,4075.75,ES,120,ISM Manufacturing
2022-06-03 14:31:00+00:00,0.7133787573995607,-27.329888560707616,4122.0,ES,120,Employment Report (NFP)
2022-06-03 16:01:00+00:00,1.0825311874473733,6.081985347421437,4109.25,ES,120,ISM Services
2022-06-08 16:01:00+00:00,0.0,-27.137058715958062,4151.25,ES,120,Wholesale Inventories
2022-06-10 14:31:00+00:00,-0.7620523748981656,3.8370531902742755,3908.5,ES,120,CPI
2022-06-15 14:31:00+00:00,-0.5525995802707138,-25.811589829416448,3782.25,ES,120,Retail Sales
2022-06-28 14:31:00+00:00,-0.7343153550138238,-10.87895669321881,3908.75,ES,120,Wholesale Inventories
2022-06-29 14:31:00+00:00,-0.39046628118319915,-11.09986728831558,3831.0,ES,120,GDP
2022-07-01 16:01:00+00:00,-0.7265375903063549,37.071404828203924,3769.5,ES,120,ISM Manufacturing
2022-07-06 16:01:00+00:00,0.8700005683705454,1.96290117422393,3820.5,ES,120,ISM Services
2022-07-06 20:01:00+00:00,0.0,7.791196342701312,3849.0,ES,120,FOMC Meeting Minutes
2022-07-08 14:31:00+00:00,0.0,3.838280497490132,3907.25,ES,120,Employment Report (NFP)
2022-07-08 16:01:00+00:00,0.0,-46.7574911113644,3912.25,ES,120,Wholesale Inventories
2022-07-13 14:31:00+00:00,0.0,83.04272331709939,3777.5,ES,120,CPI
2022-07-15 14:31:00+00:00,0.0,-11.674667300844987,3856.75,ES,120,Retail Sales
2022-07-27 14:31:00+00:00,1.0186046632079895,10.694178982895153,3972.0,ES,120,Wholesale Inventories
2022-07-28 14:31:00+00:00,-0.5158373002993518,68.50621548274205,4000.5,ES,120,GDP
2022-08-01 16:01:00+00:00,0.7694304720110786,-16.92456883681359,4139.5,ES,120,ISM Manufacturing
2022-08-03 16:01:00+00:00,1.0092183219609037,3.6181632186327306,4145.0,ES,120,ISM Services
2022-08-05 14:31:00+00:00,0.0,-14.487507061318183,4144.5,ES,120,Employment Report (NFP)
2022-08-10 14:31:00+00:00,-0.5726245454231442,38.72856153044779,4187.75,ES,120,CPI
2022-08-10 16:01:00+00:00,1.572330793039817,-21.40819085948209,4208.5,ES,120,Wholesale Inventories
2022-08-17 14:31:00+00:00,-1.1564513546228854,-25.17049943062233,4276.25,ES,120,Retail Sales
2022-08-17 20:01:00+00:00,1.7438045912264404,8.179481643217912,4277.25,ES,120,FOMC Meeting Minutes
2022-08-25 14:31:00+00:00,-0.8523035391359898,-15.551172462373586,4183.0,ES,120,GDP
2022-08-26 14:31:00+00:00,0.0,-21.151239189265425,4141.25,ES,120,Wholesale Inventories
2022-09-01 16:01:00+00:00,0.0,3.8279954531716953,3917.75,ES,120,ISM Manufacturing
2022-09-02 14:31:00+00:00,-0.6023745786685842,-3.7425150137337937,4008.75,ES,120,Employment Report (NFP)
2022-09-06 16:01:00+00:00,1.1464358197421853,-52.22941809378767,3935.25,ES,120,ISM Services
2022-09-09 16:01:00+00:00,0.7890216281722773,-16.04443417310364,4054.5,ES,120,Wholesale Inventories
2022-09-13 14:31:00+00:00,-0.8518467847057997,-43.82676687065157,4001.75,ES,120,CPI
2022-09-15 14:31:00+00:00,0.5685838268988755,-51.61712910119576,3933.25,ES,120,Retail Sales
2022-09-28 14:31:00+00:00,0.8920749980252487,5.420054333207247,3689.0,ES,120,Wholesale Inventories
2022-09-29 14:31:00+00:00,0.0,45.27377742782335,3636.25,ES,120,GDP
2022-10-03 16:01:00+00:00,-0.8269646621661413,-11.602116981386246,3665.25,ES,120,ISM Manufacturing
2022-10-05 16:01:00+00:00,0.0,45.18880629643007,3753.5,ES,120,ISM Services
2022-10-07 14:31:00+00:00,0.35315468035722936,12.884415033056484,3684.25,ES,120,Employment Report (NFP)
2022-10-07 16:01:00+00:00,0.0,-28.620121750506655,3674.0,ES,120,Wholesale Inventories
2022-10-12 20:01:00+00:00,1.372663262613844,5.569091685870831,3590.25,ES,120,FOMC Meeting Minutes
2022-10-13 14:31:00+00:00,0.7016682280630403,28.868177062832956,3545.5,ES,120,CPI
2022-10-14 14:31:00+00:00,-0.6941485863459045,23.300449138226043,3643.75,ES,120,Retail Sales
2022-10-26 14:31:00+00:00,1.3110668974713449,31.644574180411666,3865.0,ES,120,Wholesale Inventories
2022-10-27 14:31:00+00:00,-0.5531202548800693,-64.87631422373852,3866.0,ES,120,GDP
2022-11-01 16:01:00+00:00,0.0,-5.819780952514009,3867.25,ES,120,ISM Manufacturing
2022-11-03 16:01:00+00:00,0.8007311756640938,42.10251148634825,3733.0,ES,120,ISM Services
2022-11-04 14:31:00+00:00,0.0,-15.818616533458396,3796.0,ES,120,Employment Report (NFP)
2022-11-09 17:01:00+00:00,0.7435494475004768,-15.774947401716588,3806.5,ES,120,Wholesale Inventories
2022-11-10 15:31:00+00:00,-0.5468856766530775,34.51806035371874,3904.25,ES,120,CPI
2022-11-16 15:31:00+00:00,-0.37083029128250045,-12.577826952195892,3977.75,ES,120,Retail Sales
2022-11-23 21:01:00+00:00,2.0,9.910189724067209,4034.25,ES,120,FOMC Meeting Minutes
2022-11-30 15:31:00+00:00,-0.5180208804112457,0.0,3951.25,ES,120,GDP+Wholesale Inventories
2022-12-01 17:01:00+00:00,0.8522304153295482,14.102212705289219,4074.5,ES,120,ISM Manufacturing
2022-12-02 15:31:00+00:00,0.5968982453161434,6.185822293005572,4040.25,ES,120,Employment Report (NFP)
2022-12-05 17:01:00+00:00,0.7176151817798999,14.936522567836619,4014.0,ES,120,ISM Services
2022-12-09 17:01:00+00:00,0.0,-13.839961947468282,3976.75,ES,120,Wholesale Inventories
2022-12-13 15:31:00+00:00,0.0,-9.872887387203377,4053.5,ES,120,CPI
2022-12-15 15:31:00+00:00,0.0,8.954842609405489,3906.75,ES,120,Retail Sales
2022-12-22 15:31:00+00:00,0.0,-1.3047165521840043,3832.5,ES,120,GDP
2022-12-27 15:31:00+00:00,0.0,-14.238563016526484,3865.5,ES,120,Wholesale Inventories
2023-01-03 17:01:00+00:00,0.9493036563324931,-5.879471016996263,3828.0,ES,120,ISM Manufacturing
2023-01-04 17:01:00+00:00,1.5006236632511736,-4.496258546389242,3893.0,ES,120,ISM Manufacturing
2023-01-04 21:01:00+00:00,-0.8195411067468792,1.937671570715338,3870.25,ES,120,FOMC Meeting Minutes
2023-01-06 15:31:00+00:00,0.0,49.62789342126683,3869.25,ES,120,Employment Report (NFP)
2023-01-06 17:01:00+00:00,0.9702363236361783,-16.039524819362327,3899.75,ES,120,ISM Services
2023-01-10 17:01:00+00:00,-0.8388676737204418,22.372088975792792,3906.75,ES,120,Wholesale Inventories
2023-01-12 15:31:00+00:00,0.6510178783186046,-20.068993879220898,3990.25,ES,120,CPI
2023-01-18 15:31:00+00:00,0.5935087615701468,-42.35183211367399,4022.5,ES,120,Retail Sales
2023-01-26 15:31:00+00:00,0.661026422834645,-51.97066699647479,4051.25,ES,120,GDP+Wholesale Inventories
2023-02-01 17:01:00+00:00,-0.8880833163224554,-3.0713474242460848,4070.5,ES,120,ISM Manufacturing
2023-02-03 15:31:00+00:00,0.6859514033792784,19.740980897253735,4175.0,ES,120,Employment Report (NFP)
2023-02-03 17:01:00+00:00,1.011453814395998,36.49093272457549,4171.5,ES,120,ISM Services
2023-02-08 17:01:00+00:00,0.0,15.710922320408827,4134.0,ES,120,Wholesale Inventories
2023-02-14 15:31:00+00:00,0.9232421389225743,-55.528872765648885,4153.5,ES,120,CPI
2023-02-15 15:31:00+00:00,0.0,-6.662830738015657,4128.75,ES,120,Retail Sales
2023-02-22 21:01:00+00:00,-0.7719721662007112,-2.500468850961113,3999.75,ES,120,FOMC Meeting Minutes
2023-02-23 15:31:00+00:00,-1.1567521884387446,-34.26260944085158,4020.0,ES,120,GDP
2023-02-28 15:31:00+00:00,-0.5964381112074377,10.667337001279975,3982.0,ES,120,Wholesale Inventories
2023-03-01 17:01:00+00:00,1.104122475179695,6.30159451191048,3966.0,ES,120,ISM Manufacturing
2023-03-03 17:01:00+00:00,0.0,3.723239261113065,4028.0,ES,120,ISM Services
2023-03-07 17:01:00+00:00,0.8626854275982818,23.055124397366455,4007.5,ES,120,Wholesale Inventories
2023-03-10 15:31:00+00:00,1.0098899677945286,51.24931140258582,3892.5,ES,120,Employment Report (NFP)
2023-03-14 14:31:00+00:00,-1.3797010564440757,-5.095541511508372,3926.0,ES,120,CPI
2023-03-15 14:31:00+00:00,0.0,-0.647773279602859,3859.5,ES,120,Retail Sales
2023-03-28 14:31:00+00:00,0.0,-17.514234789182126,4000.25,ES,120,Wholesale Inventories
2023-03-30 14:31:00+00:00,-0.7138425182474971,-11.026710257198147,4083.25,ES,120,GDP
2023-04-03 16:01:00+00:00,0.0,2.4161884744344775,4138.25,ES,120,ISM Manufacturing
2023-04-05 16:01:00+00:00,0.8481165481876387,-26.791710600484464,4111.25,ES,120,ISM Services
2023-04-07 14:31:00+00:00,-0.6385171489414915,,,ES,120,Employment Report (NFP)
2023-04-10 16:01:00+00:00,-0.7860683281605957,2.4335341118941756,4108.75,ES,120,Wholesale Inventories
2023-04-12 14:31:00+00:00,0.6079259360967528,-45.27216255578281,4151.0,ES,120,CPI
2023-04-12 20:01:00+00:00,0.0,-6.070539857425672,4119.5,ES,120,FOMC Meeting Minutes
2023-04-14 14:31:00+00:00,0.0,-12.616781991461323,4163.75,ES,120,Retail Sales
2023-04-26 14:31:00+00:00,0.0,17.1138725224651,4086.75,ES,120,Wholesale Inventories
2023-04-27 14:31:00+00:00,0.0,-13.382811170679076,4112.5,ES,120,GDP
2023-05-01 16:01:00+00:00,1.1620112193966148,12.510799642022619,4193.75,ES,120,ISM Manufacturing
2023-05-03 16:01:00+00:00,-1.126686101270546,8.445946448034647,4142.25,ES,120,ISM Services
2023-05-05 14:31:00+00:00,0.792031213528975,6.044122275241648,4135.0,ES,120,Employment Report (NFP)
2023-05-08 16:01:00+00:00,0.0,-5.420870483625606,4151.75,ES,120,Wholesale Inventories
2023-05-10 14:31:00+00:00,-0.5945820461137608,-27.769411144227263,4147.0,ES,120,CPI
2023-05-16 14:31:00+00:00,-1.2583863663944996,-13.293053316978387,4140.25,ES,120,Retail Sales
2023-05-24 20:01:00+00:00,0.0,39.920212695392365,4125.0,ES,120,FOMC Meeting Minutes
2023-05-25 14:31:00+00:00,0.0,18.081007818899764,4144.25,ES,120,GDP
2023-05-26 14:31:00+00:00,0.0,10.693282074036858,4206.0,ES,120,Wholesale Inventories
2023-06-01 16:01:00+00:00,-2.0,13.607456618203173,4222.75,ES,120,ISM Manufacturing
2023-06-02 14:31:00+00:00,0.0,34.520117361758196,4265.5,ES,120,Employment Report (NFP)
2023-06-05 16:01:00+00:00,-1.0295141836206825,5.813277689590279,4299.25,ES,120,ISM Services
2023-06-08 16:01:00+00:00,0.0,26.798734360582444,4285.5,ES,120,Wholesale Inventories
2023-06-13 14:31:00+00:00,-1.0503483717098516,6.303905764788453,4361.0,ES,120,CPI
2023-06-15 14:31:00+00:00,0.7282817850062633,6.8247741942428775,4394.25,ES,120,Retail Sales
2023-06-28 14:31:00+00:00,0.798283925447139,9.062075835402084,4412.0,ES,120,Wholesale Inventories
2023-06-29 14:31:00+00:00,1.0916519531422515,0.5658188815260701,4418.25,ES,120,GDP
2023-07-03 16:01:00+00:00,1.419731749858206,5.010996457954775,4489.0,ES,120,ISM Manufacturing
2023-07-05 20:01:00+00:00,-1.6719698628235415,-0.5576467309609257,4483.25,ES,120,FOMC Meeting Minutes
2023-07-06 16:01:00+00:00,2.0,15.220274084555285,4431.5,ES,120,ISM Services
2023-07-07 14:31:00+00:00,0.0,9.559961363549974,4443.5,ES,120,Employment Report (NFP)
2023-07-10 16:01:00+00:00,0.0,0.5640635136927585,4432.0,ES,120,Wholesale Inventories
2023-07-12 14:31:00+00:00,-0.7171880959907261,-5.5306676925326315,4521.5,ES,120,CPI
2023-07-18 14:31:00+00:00,-0.8318507825769083,19.170209896550716,4560.0,ES,120,Retail Sales
2023-07-27 14:31:00+00:00,0.0,-2.708485702207497,4615.75,ES,120,GDP+Wholesale Inventories
2023-08-01 16:01:00+00:00,-1.001201933778063,-11.968231218588699,4598.25,ES,120,ISM Manufacturing
2023-08-03 16:01:00+00:00,-1.3704799172940876,13.806435991270405,4523.75,ES,120,ISM Services
2023-08-04 14:31:00+00:00,0.9268637481196995,15.966968292460137,4537.0,ES,120,Employment Report (NFP)
2023-08-08 16:01:00+00:00,-0.9228501570523661,16.14205354542264,4487.75,ES,120,Wholesale Inventories
2023-08-10 14:31:00+00:00,-0.5487575887736397,-46.373054285169246,4539.0,ES,120,CPI
2023-08-15 14:31:00+00:00,0.6711899354634547,9.520343451399071,4462.0,ES,120,Retail Sales
2023-08-16 20:01:00+00:00,0.0,-3.960060018393108,4420.0,ES,120,FOMC Meeting Minutes
2023-08-30 14:31:00+00:00,0.6432544167959302,26.586921609919045,4507.5,ES,120,GDP+Wholesale Inventories
2023-09-01 14:31:00+00:00,-0.7221723961775,-29.826037023852336,4533.0,ES,120,Employment Report (NFP)
2023-09-01 16:01:00+00:00,0.0,17.72264531226142,4510.0,ES,120,ISM Manufacturing
2023-09-06 16:01:00+00:00,-0.7611479717567678,-15.133259621009643,4463.75,ES,120,ISM Services
2023-09-08 16:01:00+00:00,1.4006590861319774,2.7979071836981007,4467.0,ES,120,Wholesale Inventories
2023-09-13 14:31:00+00:00,0.0,16.77289893393663,4467.75,ES,120,CPI
2023-09-14 14:31:00+00:00,0.4409276304342957,22.25561481690619,4488.25,ES,120,Retail Sales
2023-09-28 14:31:00+00:00,0.9357585249962886,33.00237485738933,4310.75,ES,120,GDP
2023-09-29 14:31:00+00:00,-0.8649974827369769,0.5738057669191221,4356.75,ES,120,Wholesale Inventories
2023-10-02 16:01:00+00:00,0.0,-5.224205604257293,4308.0,ES,120,ISM Manufacturing
2023-10-04 16:01:00+00:00,0.5051370112593339,5.830563980673276,4286.5,ES,120,ISM Services
2023-10-06 14:31:00+00:00,0.9991655766834622,14.007239362712198,4280.5,ES,120,Employment Report (NFP)
2023-10-10 16:01:00+00:00,-1.0404828269108042,3.9627502004435655,4415.25,ES,120,Wholesale Inventories
2023-10-11 20:01:00+00:00,2.0,16.991395116505714,4410.25,ES,120,FOMC Meeting Minutes
2023-10-12 14:31:00+00:00,0.6757639149113355,1.7035291486777737,4402.25,ES,120,CPI
2023-10-17 14:31:00+00:00,-0.5606972218948894,14.232446682456157,4388.25,ES,120,Retail Sales
2023-10-26 14:31:00+00:00,-0.8061566527322902,23.264841823440463,4186.0,ES,120,GDP+Wholesale Inventories
2023-11-01 16:01:00+00:00,1.346839570095214,-11.811257500227157,4235.75,ES,120,ISM Manufacturing
2023-11-03 14:31:00+00:00,0.6725200856833726,6.865774385715895,4368.0,ES,120,Employment Report (NFP)
2023-11-03 16:01:00+00:00,1.388028643241319,15.40261007896504,4379.0,ES,120,ISM Services
2023-11-08 17:01:00+00:00,-0.7268240470896405,-10.839491034779769,4384.5,ES,120,Wholesale Inventories
2023-11-14 15:31:00+00:00,0.0,4.985459180950613,4512.0,ES,120,CPI
2023-11-15 15:31:00+00:00,0.6974908749803843,8.823205601657946,4531.5,ES,120,Retail Sales
2023-11-21 21:01:00+00:00,1.7020643557433457,-0.5496166425089655,4548.75,ES,120,FOMC Meeting Minutes
2023-11-29 15:31:00+00:00,0.0,3.276361084303403,4577.5,ES,120,GDP+Wholesale Inventories
2023-12-01 17:01:00+00:00,-1.1924016855598674,12.507819016533972,4594.25,ES,120,ISM Manufacturing
2023-12-05 17:01:00+00:00,0.8006912129243259,0.5468215995918513,4571.75,ES,120,ISM Services
2023-12-07 17:01:00+00:00,2.0,2.1792427217803834,4588.25,ES,120,Wholesale Inventories
2023-12-08 15:31:00+00:00,0.0,0.5429913394294772,4604.0,ES,120,Employment Report (NFP)
2023-12-12 15:31:00+00:00,0.0,10.262782114480729,4626.0,ES,120,CPI
2023-12-14 15:31:00+00:00,0.653091738499044,6.3485347598302155,4724.0,ES,120,Retail Sales
2023-12-21 15:31:00+00:00,0.803898452006964,-2.614720893454603,4781.25,ES,120,GDP
2023-12-28 15:31:00+00:00,1.4773836752322036,-4.135863161884856,4836.75,ES,120,Wholesale Inventories
2024-01-02 17:01:00+00:00,0.0,-5.738881075743052,4793.25,ES,120,ISM Manufacturing
2024-01-03 17:01:00+00:00,1.2389724985648125,8.414852710707521,4751.5,ES,120,ISM Manufacturing
2024-01-03 21:01:00+00:00,1.2453516516534788,-1.5801532781622996,4746.75,ES,120,FOMC Meeting Minutes
2024-01-05 15:31:00+00:00,-0.8343799047477938,19.46191077959014,4748.25,ES,120,Employment Report (NFP)
2024-01-05 17:01:00+00:00,1.069923884250683,-31.67901276555085,4742.5,ES,120,ISM Services
2024-01-10 17:01:00+00:00,1.2175096670691783,7.285974821407137,4802.0,ES,120,Wholesale Inventories
2024-01-11 15:31:00+00:00,0.5069802659996812,-28.141141089470523,4804.0,ES,120,CPI
2024-01-17 15:31:00+00:00,0.0,15.733168758274019,4763.25,ES,120,Retail Sales
2024-01-25 15:31:00+00:00,-0.8662954236222423,-21.854599433197563,4924.25,ES,120,GDP+Wholesale Inventories
2024-02-01 17:01:00+00:00,2.0,12.249274231024287,4895.25,ES,120,ISM Manufacturing
2024-02-02 15:31:00+00:00,0.0,26.753505268573008,4946.0,ES,120,Employment Report (NFP)
2024-02-05 17:01:00+00:00,0.0,19.65478773090723,4955.75,ES,120,ISM Services
2024-02-08 17:01:00+00:00,0.0,4.988526492759604,5010.25,ES,120,Wholesale Inventories
2024-02-13 15:31:00+00:00,1.2063427828731703,-3.515379822758291,4979.0,ES,120,CPI
2024-02-15 15:31:00+00:00,0.9069683988439693,1.4927972560485614,5023.75,ES,120,Retail Sales
2024-02-21 21:01:00+00:00,2.0,47.93059253447751,4995.25,ES,120,FOMC Meeting Minutes
2024-02-28 15:31:00+00:00,0.0,18.205530651442814,5076.25,ES,120,GDP+Wholesale Inventories
2024-03-01 17:01:00+00:00,0.8248845966542466,12.18590972371203,5125.75,ES,120,ISM Manufacturing
2024-03-05 17:01:00+00:00,0.0,12.26843485987672,5091.25,ES,120,ISM Services
2024-03-06 17:01:00+00:00,-1.4844537715750972,11.696477769973512,5126.75,ES,120,Wholesale Inventories
2024-03-08 15:31:00+00:00,-0.41411815047468564,-10.603943732334642,5189.5,ES,120,Employment Report (NFP)
2024-03-12 14:31:00+00:00,0.0,9.19584799696338,5163.0,ES,120,CPI
2024-03-14 14:31:00+00:00,-0.6810101704341838,-10.664082445401846,5160.25,ES,120,Retail Sales
2024-03-28 14:31:00+00:00,-1.2274090499969095,5.647856318091726,5310.25,ES,120,GDP
2024-03-29 14:31:00+00:00,-0.7438205391105441,,,ES,120,Wholesale Inventories
2024-04-01 16:01:00+00:00,0.0,19.855346191199885,5283.0,ES,120,ISM Manufacturing
2024-04-03 16:01:00+00:00,-1.1104684510453915,10.429012559391992,5271.0,ES,120,ISM Services
2024-04-05 14:31:00+00:00,0.7570255562336188,51.11191236540691,5220.25,ES,120,Employment Report (NFP)
2024-04-10 14:31:00+00:00,-1.0983409424394055,-11.517974110120122,5212.25,ES,120,CPI
2024-04-10 16:01:00+00:00,0.0,0.0,5196.75,ES,120,Wholesale Inventories
2024-04-10 20:01:00+00:00,1.8033498962595595,-7.2099789227308975,5203.0,ES,120,FOMC Meeting Minutes
2024-04-15 14:31:00+00:00,-1.0050988924466409,-32.832823662012345,5186.25,ES,120,Retail Sales
2024-04-25 14:31:00+00:00,-0.920768543196814,-16.86675665268922,5043.75,ES,120,GDP+Wholesale Inventories
2024-05-01 16:01:00+00:00,0.0,20.799294379933997,5043.0,ES,120,ISM Manufacturing
2024-05-03 14:31:00+00:00,-0.8200579802304756,-9.730940290069157,5140.75,ES,120,Employment Report (NFP)
2024-05-03 16:01:00+00:00,-0.936505838325487,5.824960118125944,5148.75,ES,120,ISM Services
2024-05-08 16:01:00+00:00,0.0,-3.359650627956512,5209.75,ES,120,Wholesale Inventories
2024-05-15 14:31:00+00:00,0.0,14.140273849321261,5300.25,ES,120,CPI+Retail Sales
2024-05-22 20:01:00+00:00,0.0,-2.3442811369278616,5332.75,ES,120,FOMC Meeting Minutes
2024-05-30 14:31:00+00:00,0.0,-11.879025416270395,5264.5,ES,120,GDP+Wholesale Inventories
2024-06-03 16:01:00+00:00,-1.238654760488483,-41.24303648893601,5284.5,ES,120,ISM Manufacturing
2024-06-05 16:01:00+00:00,0.0,4.681428857580272,5339.0,ES,120,ISM Services
2024-06-07 14:31:00+00:00,-0.9792376669242856,4.195119738987785,5362.25,ES,120,Employment Report (NFP)
2024-06-07 16:01:00+00:00,-2.0,20.009778890788255,5367.0,ES,120,Wholesale Inventories
2024-06-12 14:31:00+00:00,-1.3237531015970072,-12.390153708601304,5451.25,ES,120,CPI
2024-06-18 14:31:00+00:00,-0.5608090776642086,-6.386278841254978,5482.25,ES,120,Retail Sales
2024-06-27 14:31:00+00:00,0.0,-13.972463003852909,5550.5,ES,120,GDP+Wholesale Inventories
2024-07-01 16:01:00+00:00,0.9671463612510721,17.637885313348534,5523.0,ES,120,ISM Manufacturing
2024-07-03 16:01:00+00:00,-1.30396292793804,10.744505667226179,5581.25,ES,120,ISM Services
2024-07-03 20:01:00+00:00,2.0,,,ES,120,FOMC Meeting Minutes
2024-07-05 14:31:00+00:00,0.0,2.2334889423447635,5596.0,ES,120,Employment Report (NFP)
2024-07-10 16:01:00+00:00,0.0,15.470642023025505,5651.5,ES,120,Wholesale Inventories
2024-07-11 14:31:00+00:00,-0.612011408239293,-30.883285818852357,5675.25,ES,120,CPI
2024-07-16 14:31:00+00:00,0.0,5.702880108948705,5697.25,ES,120,Retail Sales
2024-07-24 14:31:00+00:00,0.0,-9.968735249401561,5520.0,ES,120,Wholesale Inventories
2024-07-25 14:31:00+00:00,1.2633539414286246,33.794615896241,5465.0,ES,120,GDP
2024-08-01 16:01:00+00:00,0.0,0.9092148935607725,5499.0,ES,120,ISM Manufacturing
2024-08-02 14:31:00+00:00,-1.023771641776536,-43.022887162145196,5357.5,ES,120,Employment Report (NFP)
2024-08-05 16:01:00+00:00,0.0,54.65922969392523,5245.5,ES,120,ISM Services
2024-08-08 16:01:00+00:00,0.0,2.3497897046453886,5319.0,ES,120,Wholesale Inventories
2024-08-14 14:31:00+00:00,1.3628389082197243,9.158348474187505,5457.0,ES,120,CPI
2024-08-15 14:31:00+00:00,1.1171152155696713,6.763002128877815,5543.0,ES,120,Retail Sales
2024-08-21 20:01:00+00:00,0.0,-0.44315437289554893,5641.5,ES,120,FOMC Meeting Minutes
2024-08-29 14:31:00+00:00,0.0,9.738392164422294,5645.0,ES,120,GDP+Wholesale Inventories
2024-09-03 16:01:00+00:00,0.0,-5.377548863627624,5580.25,ES,120,ISM Manufacturing
2024-09-05 16:01:00+00:00,-0.6370895402036313,16.817803559376898,5495.5,ES,120,ISM Services
2024-09-06 14:31:00+00:00,0.8469306376159139,2.7451159983726825,5463.5,ES,120,Employment Report (NFP)
2024-09-09 16:01:00+00:00,1.907309569046367,19.159715728456206,5475.0,ES,120,Wholesale Inventories
2024-09-11 14:31:00+00:00,0.5338984714695393,0.0,5420.0,ES,120,CPI
2024-09-17 14:31:00+00:00,-0.85682196196088,-8.825736418600627,5667.75,ES,120,Retail Sales
2024-09-26 14:31:00+00:00,0.0,-28.459335322494894,5806.0,ES,120,GDP
2024-09-27 14:31:00+00:00,0.0,-0.8598082632715887,5815.5,ES,120,Wholesale Inventories
2024-10-01 16:01:00+00:00,0.0,9.98415640857786,5756.25,ES,120,ISM Manufacturing
2024-10-03 16:01:00+00:00,2.0,-3.04010773007235,5757.25,ES,120,ISM Services
2024-10-04 14:31:00+00:00,1.3555619801919772,29.064113290822036,5754.75,ES,120,Employment Report (NFP)
2024-10-09 16:01:00+00:00,1.5346352391121347,-10.284539816360905,5837.0,ES,120,Wholesale Inventories
2024-10-09 20:01:00+00:00,0.0,-10.71099693241706,5838.25,ES,120,FOMC Meeting Minutes
2024-10-10 14:31:00+00:00,0.0,-13.306150691647645,5828.25,ES,120,CPI
2024-10-17 14:31:00+00:00,0.659786878785118,-11.444801283140293,5901.25,ES,120,Retail Sales
2024-10-29 14:31:00+00:00,0.7955528906196391,14.923148568612987,5859.0,ES,120,Wholesale Inventories
2024-10-30 14:31:00+00:00,-0.7646880437371512,-5.954912979042604,5879.25,ES,120,GDP
2024-11-01 14:31:00+00:00,-0.849663478802567,-15.09629564882431,5800.5,ES,120,Employment Report (NFP)
2024-11-01 16:01:00+00:00,0.0,-6.05169898300062,5785.25,ES,120,ISM Manufacturing
2024-11-05 17:01:00+00:00,-0.951579535599814,8.61734725219776,5799.75,ES,120,ISM Services
2024-11-07 17:01:00+00:00,-1.738505163795649,2.500729392451717,5997.5,ES,120,Wholesale Inventories
2024-11-13 15:31:00+00:00,0.0,14.558162419824328,6006.0,ES,120,CPI
2024-11-15 15:31:00+00:00,0.0,-8.890582918752443,5907.75,ES,120,Retail Sales
2024-11-26 21:01:00+00:00,2.0,2.8970512359904887,6039.75,ES,120,FOMC Meeting Minutes
2024-11-27 15:31:00+00:00,0.8068286919380392,-10.383138717067197,6022.5,ES,120,GDP+Wholesale Inventories
2024-12-02 17:01:00+00:00,1.6225034936231344,-5.362041003706963,6062.75,ES,120,ISM Manufacturing
2024-12-04 17:01:00+00:00,0.0,-2.053852006653756,6086.75,ES,120,ISM Services
2024-12-06 15:31:00+00:00,0.0,-2.8655054742898756,6108.0,ES,120,Employment Report (NFP)
2024-12-09 17:01:00+00:00,0.0,-5.349244032508693,6077.25,ES,120,Wholesale Inventories
2024-12-11 15:31:00+00:00,0.0,0.4109392016005131,6083.5,ES,120,CPI
2024-12-17 15:31:00+00:00,0.0,11.159562215397045,6045.25,ES,120,Retail Sales
2024-12-19 15:31:00+00:00,-1.3254268565261973,13.132534559865405,5897.5,ES,120,GDP
2024-12-27 15:31:00+00:00,0.5829814745181175,19.138761822858896,6003.0,ES,120,Wholesale Inventories
2025-01-02 17:01:00+00:00,1.4439682107845895,-64.91886892135312,5949.75,ES,120,ISM Manufacturing
2025-01-03 17:01:00+00:00,2.0,-5.858721292462121,5975.75,ES,120,ISM Manufacturing
2025-01-07 17:01:00+00:00,1.4786129778740391,-1.6732201160252202,5977.0,ES,120,ISM Services
2025-01-08 17:01:00+00:00,0.0,-66.07907206628738,5959.5,ES,120,Wholesale Inventories
2025-01-08 21:01:00+00:00,-0.8599895593882745,-5.450619618834196,5964.25,ES,120,FOMC Meeting Minutes
2025-01-10 15:31:00+00:00,0.0,-11.919967354323546,5876.0,ES,120,Employment Report (NFP)
2025-01-15 15:31:00+00:00,0.0,-12.117921379264374,5986.5,ES,120,CPI
2025-01-16 15:31:00+00:00,1.0346969074325325,17.949953683107367,5983.5,ES,120,Retail Sales
2025-01-29 15:31:00+00:00,0.0,-4.934413521731074,6081.25,ES,120,Wholesale Inventories
2025-01-30 15:31:00+00:00,-0.9530020918360546,-10.708844056495082,6073.0,ES,120,GDP
2025-02-03 17:01:00+00:00,-0.9471320296442409,-2.906192285827558,6022.5,ES,120,ISM Manufacturing
2025-02-05 17:01:00+00:00,0.0,-3.7054573575900918,6073.25,ES,120,ISM Services
2025-02-07 15:31:00+00:00,1.0263490558160973,-31.2551660920235,6088.5,ES,120,Employment Report (NFP)
2025-02-07 17:01:00+00:00,1.4920583097760658,9.492953227479006,6054.25,ES,120,Wholesale Inventories
2025-02-12 15:31:00+00:00,0.805742835119272,9.90589481695281,6054.0,ES,120,CPI
2025-02-14 15:31:00+00:00,0.0,4.072988000274336,6136.75,ES,120,Retail Sales
2025-02-19 21:01:00+00:00,0.0,-5.685510224608947,6157.75,ES,120,FOMC Meeting Minutes
2025-02-27 15:31:00+00:00,0.0,-12.558608482500233,5975.75,ES,120,GDP
2025-02-28 15:31:00+00:00,-1.1109718582051582,2.961897328432883,5907.5,ES,120,Wholesale Inventories
2025-03-03 17:01:00+00:00,0.0,11.332397175074505,5953.0,ES,120,ISM Manufacturing
2025-03-05 17:01:00+00:00,0.0,23.276875891866666,5793.0,ES,120,ISM Services
2025-03-06 17:01:00+00:00,0.0,-20.399755332896063,5765.75,ES,120,Wholesale Inventories
2025-03-07 15:31:00+00:00,0.0,-19.19637603581492,5735.75,ES,120,Employment Report (NFP)
2025-03-12 14:31:00+00:00,-1.0593439689452693,-53.25707949065617,5601.0,ES,120,CPI
2025-03-17 14:31:00+00:00,0.71649984097377,3.9788678435570546,5653.75,ES,120,Retail Sales
2025-03-27 14:31:00+00:00,1.4354484800246206,25.124552960811286,5764.0,ES,120,GDP+Wholesale Inventories
2025-04-01 16:01:00+00:00,0.0,-22.91456517575341,5679.75,ES,120,ISM Manufacturing
2025-04-03 16:01:00+00:00,0.0,20.884416925177618,5500.75,ES,120,ISM Services
2025-04-04 14:31:00+00:00,0.5687365909787998,-21.554313218565824,5225.0,ES,120,Employment Report (NFP)
2025-04-09 16:01:00+00:00,1.2645478536316377,81.62091796588555,5002.75,ES,120,Wholesale Inventories
2025-04-09 20:01:00+00:00,0.0,-0.4547211423400199,5498.0,ES,120,FOMC Meeting Minutes
2025-04-10 14:31:00+00:00,-1.0889239186151247,-50.63539348061141,5345.75,ES,120,CPI
2025-04-16 14:31:00+00:00,-0.8726287834992367,15.359913653085755,5367.0,ES,120,Retail Sales
2025-04-29 14:31:00+00:00,1.070932380871192,53.97152617273804,5543.5,ES,120,Wholesale Inventories
2025-04-30 14:31:00+00:00,-1.0240456959223632,23.124542713119922,5507.25,ES,120,GDP
2025-05-01 16:01:00+00:00,0.0,-8.85621985883489,5648.25,ES,120,ISM Manufacturing
2025-05-02 14:31:00+00:00,0.0,1.3158760463483077,5699.25,ES,120,Employment Report (NFP)
2025-05-05 16:01:00+00:00,0.0,11.420540642177457,5688.25,ES,120,ISM Services
2025-05-08 16:01:00+00:00,1.7820310501946055,-0.4366907575104051,5725.0,ES,120,Wholesale Inventories
2025-05-13 14:31:00+00:00,0.638972023400417,0.8467042044202344,5905.0,ES,120,CPI
2025-05-15 14:31:00+00:00,0.0,13.141441938699927,5893.5,ES,120,Retail Sales
2025-05-28 20:01:00+00:00,0.0,31.761519067323718,5894.0,ES,120,FOMC Meeting Minutes
2025-05-29 14:31:00+00:00,0.0,14.757660848836451,5924.75,ES,120,GDP
2025-05-30 14:31:00+00:00,0.0,-10.147563341682542,5915.75,ES,120,Wholesale Inventories
2025-06-02 16:01:00+00:00,0.0,-4.6485093913162245,5917.25,ES,120,ISM Manufacturing
2025-06-04 16:01:00+00:00,0.0,-12.532376943141799,5988.25,ES,120,ISM Services
2025-06-06 14:31:00+00:00,0.8019492746977733,8.319468033910482,6007.5,ES,120,Employment Report (NFP)
2025-06-09 16:01:00+00:00,1.8330873048070366,0.8314971110223723,6013.0,ES,120,Wholesale Inventories
2025-06-11 14:31:00+00:00,-1.4466081270164592,2.886776521684453,6061.25,ES,120,CPI
2025-06-17 14:31:00+00:00,1.190380308181605,-9.1369721449297,6022.25,ES,120,Retail Sales
2025-06-26 14:31:00+00:00,0.0,4.8551546511177435,6177.5,ES,120,GDP+Wholesale Inventories
2025-07-01 16:01:00+00:00,0.0,4.403963638388575,6243.0,ES,120,ISM Manufacturing
2025-07-03 14:31:00+00:00,1.000702307954403,7.514485512487568,6318.75,ES,120,Employment Report (NFP)
2025-07-03 16:01:00+00:00,0.0,-5.925457914983667,6330.5,ES,120,ISM Services
2025-07-09 16:01:00+00:00,0.0,-0.7951970104613793,6288.0,ES,120,Wholesale Inventories
2025-07-09 20:01:00+00:00,2.0,-4.360839728967392,6307.5,ES,120,FOMC Meeting Minutes
2025-07-15 14:31:00+00:00,0.0,-24.96187678051598,6317.5,ES,120,CPI
2025-07-17 14:31:00+00:00,0.0,5.9350705047833685,6316.5,ES,120,Retail Sales
2025-07-29 14:31:00+00:00,0.0,-12.447972977014388,6430.75,ES,120,Wholesale Inventories
2025-07-30 14:31:00+00:00,-1.3151972490421473,-4.2854082506949,6418.5,ES,120,GDP
2025-08-01 14:31:00+00:00,-0.9269883685112038,-23.90820392896842,6281.5,ES,120,Employment Report (NFP)
2025-08-01 16:01:00+00:00,-1.8529202428701876,-2.7829129326661928,6289.25,ES,120,ISM Manufacturing
2025-08-05 16:01:00+00:00,0.0,14.609783254542208,6326.75,ES,120,ISM Services
2025-08-07 16:01:00+00:00,0.9661756113299196,9.820289505704238,6361.25,ES,120,Wholesale Inventories
2025-08-12 14:31:00+00:00,-0.7031342274663018,10.097088236484808,6434.25,ES,120,CPI
2025-08-15 14:31:00+00:00,0.0,-12.35473690993416,6479.25,ES,120,Retail Sales
2025-08-20 20:01:00+00:00,0.0,-3.118665236563345,6414.0,ES,120,FOMC Meeting Minutes
2025-08-28 14:31:00+00:00,-0.9504179392612224,15.01704138508586,6487.75,ES,120,GDP
2025-08-29 14:31:00+00:00,0.0,-8.1170404317632,6470.5,ES,120,Wholesale Inventories
2025-09-02 16:01:00+00:00,0.0,6.662094887310843,6377.25,ES,120,ISM Manufacturing
2025-09-04 16:01:00+00:00,0.6043010753069878,-1.156849514423186,6483.5,ES,120,ISM Services
2025-09-05 14:31:00+00:00,-0.7007224122432893,-30.895212649362236,6483.5,ES,120,Employment Report (NFP)
2025-09-10 16:01:00+00:00,0.9077350301565024,-9.164153530001329,6550.25,ES,120,Wholesale Inventories
2025-09-11 14:31:00+00:00,1.1119320825240726,9.498661403029018,6576.75,ES,120,CPI
2025-09-16 14:31:00+00:00,0.9921678280698438,-3.782005264270083,6611.5,ES,120,Retail Sales
2025-09-25 14:31:00+00:00,-0.9111699796238731,0.0,6665.75,ES,120,GDP+Wholesale Inventories
2025-10-01 16:01:00+00:00,2.0,-1.8530529099791693,6746.25,ES,120,ISM Manufacturing
2025-10-03 16:01:00+00:00,0.0,-0.36780256362334285,6797.25,ES,120,ISM Services
2025-10-08 20:01:00+00:00,0.0,8.818666748275916,6800.75,ES,120,FOMC Meeting Minutes
2025-10-24 14:31:00+00:00,1.183715292640971,7.329766508590296,6819.0,ES,120,CPI
2025-11-03 17:01:00+00:00,2.0,0.7266913744885528,6880.25,ES,120,ISM Manufacturing
2025-11-05 17:01:00+00:00,1.2578507740062335,10.95490341434413,6842.5,ES,120,ISM Services
2025-11-17 17:01:00+00:00,0.0,-5.914535142110822,6765.0,ES,120,ISM Manufacturing
2025-11-19 21:01:00+00:00,0.0,37.077999819921104,6662.75,ES,120,FOMC Meeting Minutes
2025-11-20 15:31:00+00:00,-0.9012688093451948,-37.65648485654083,6784.5,ES,120,Employment Report (NFP)
2025-11-21 15:31:00+00:00,0.9451925975744331,-8.761070934646398,6566.0,ES,120,CPI
2025-11-21 17:01:00+00:00,0.0,6.404581378163243,6633.75,ES,120,Wholesale Inventories
2025-11-25 15:31:00+00:00,0.0,6.318410944068376,6724.25,ES,120,Retail Sales
2025-12-01 17:01:00+00:00,0.0,-5.1130346974304075,6847.0,ES,120,ISM Manufacturing
2025-12-03 17:01:00+00:00,0.0,17.144841597307448,6847.5,ES,120,ISM Services
2025-12-11 17:01:00+00:00,1.472539872205247,28.328630843041935,6873.75,ES,120,Wholesale Inventories
2025-12-16 15:31:00+00:00,-0.8429214970479125,18.759316188656783,6790.25,ES,120,Employment Report (NFP)+Retail Sales
2025-12-18 15:31:00+00:00,0.0,13.22217109663626,6802.25,ES,120,CPI
2025-12-23 15:31:00+00:00,1.2114925261623055,12.606481400148084,6936.5,ES,120,GDP
2025-12-30 21:01:00+00:00,2.0,0.3599517664909513,6945.25,ES,120,FOMC Meeting Minutes
2026-01-05 17:01:00+00:00,0.0,-6.828514704046995,6958.5,ES,120,ISM Manufacturing
2026-01-07 17:01:00+00:00,0.0,-0.35698348956003656,7003.25,ES,120,ISM Services
2026-01-08 17:01:00+00:00,0.0,-2.1545532976219306,6962.75,ES,120,Wholesale Inventories
2026-01-09 15:31:00+00:00,1.3346160541589362,-13.591332254243582,6994.5,ES,120,Employment Report (NFP)
2026-01-13 15:31:00+00:00,-0.9865829404479005,14.296439048173681,6989.75,ES,120,CPI
2026-01-14 15:31:00+00:00,-0.803657596174172,-12.609206390088445,6943.75,ES,120,Retail Sales
2026-01-21 17:01:00+00:00,-1.6206824134992164,-16.40868934590145,6861.75,ES,120,ISM Manufacturing
2026-01-22 15:31:00+00:00,1.1015759083797094,7.199165207794067,6942.75,ES,120,GDP
2026-01-29 17:01:00+00:00,2.0,29.849158155670352,6941.25,ES,120,Wholesale Inventories
2026-02-02 17:01:00+00:00,-1.1697136504435823,3.210330156520058,7007.5,ES,120,ISM Manufacturing
2026-02-04 17:01:00+00:00,-0.9082818133908696,-44.963452357009714,6910.0,ES,120,ISM Services
2026-02-10 15:31:00+00:00,0.0,-10.35806861072075,7003.0,ES,120,Retail Sales
2026-02-11 15:31:00+00:00,-0.7552837721683379,35.607065512870406,6938.5,ES,120,Employment Report (NFP)
2026-02-13 15:31:00+00:00,0.0,-14.55922219758321,6873.5,ES,120,CPI
2026-02-18 21:01:00+00:00,1.3538478139234045,-2.176278572250112,6893.25,ES,120,FOMC Meeting Minutes
2026-02-19 15:31:00+00:00,0.9834754488271937,17.80556076447226,6873.75,ES,120,Wholesale Inventories
2026-02-20 15:31:00+00:00,0.0,23.528996755679543,6898.25,ES,120,GDP
2026-02-24 17:01:00+00:00,0.0,15.219048485946018,6894.0,ES,120,Wholesale Inventories
2026-02-27 17:01:00+00:00,-1.200128728051804,-16.730318505047137,6879.5,ES,120,ISM Manufacturing
2026-03-02 17:01:00+00:00,0.0,4.355084630063288,6887.0,ES,120,ISM Manufacturing
2026-03-04 17:01:00+00:00,0.0,-11.26883559518177,6881.25,ES,120,ISM Services
2026-03-06 15:31:00+00:00,0.0,14.778145815839139,6761.75,ES,120,Employment Report (NFP)+Retail Sales
2026-03-11 14:31:00+00:00,-1.0884494839267722,30.921028833006403,6781.0,ES,120,CPI
2026-03-13 14:31:00+00:00,0.6192918713088393,-68.42810928500143,6708.75,ES,120,GDP
2026-03-19 16:01:00+00:00,1.639374460472706,1.5171053658846745,6591.0,ES,120,Wholesale Inventories
2026-03-23 16:01:00+00:00,-1.3682857274238216,-29.038543588981724,6638.75,ES,120,ISM Manufacturing
2026-04-01 14:31:00+00:00,0.0,19.236215266893453,6621.75,ES,120,Retail Sales
2026-04-01 16:01:00+00:00,0.0,-9.407869435307248,6646.5,ES,120,ISM Manufacturing
2026-04-03 14:31:00+00:00,0.0,,,ES,120,Employment Report (NFP)
2026-04-06 16:01:00+00:00,0.0,-3.3879802315439633,6642.25,ES,120,ISM Services
2026-04-08 20:01:00+00:00,1.3095832386237536,-4.764260805103504,6823.25,ES,120,FOMC Meeting Minutes
2026-04-09 14:31:00+00:00,0.0,15.047254880649064,6806.75,ES,120,GDP
2026-04-09 16:01:00+00:00,1.8287522915452503,12.02821307380475,6854.75,ES,120,Wholesale Inventories
2026-04-10 14:31:00+00:00,-0.9511377259156597,-9.815862493525174,6880.0,ES,120,CPI
2026-04-21 14:31:00+00:00,0.8443577416352948,-46.51415174610207,7165.0,ES,120,Retail Sales
2026-04-29 14:31:00+00:00,-0.9355064282186023,1.3950892879677212,7167.5,ES,120,Wholesale Inventories
2026-04-30 14:31:00+00:00,-0.9183139823399219,26.793342054816094,7175.0,ES,120,GDP
2026-05-01 16:01:00+00:00,0.9621929329449622,-17.17269277634159,7285.25,ES,120,ISM Manufacturing
2026-05-05 16:01:00+00:00,0.822761960304409,6.179196901072714,7280.25,ES,120,ISM Services
2026-05-07 16:01:00+00:00,1.1720086944289525,-5.418402381174303,7384.25,ES,120,ISM Manufacturing
2026-05-08 14:31:00+00:00,0.8072353219536116,8.766015396126647,7411.75,ES,120,Employment Report (NFP)
2026-05-08 16:01:00+00:00,-1.5973253880678286,3.032600478150016,7418.25,ES,120,Wholesale Inventories
2026-05-12 14:31:00+00:00,0.0,-7.786184993641143,7387.75,ES,120,CPI
2026-05-14 14:31:00+00:00,0.0,18.63995480285041,7503.75,ES,120,Retail Sales
2026-05-20 20:01:00+00:00,0.0,2.3499001400750785,7446.25,ES,120,FOMC Meeting Minutes
2026-05-28 14:31:00+00:00,-0.856701556759391,5.948250398439825,7563.0,ES,120,GDP
2026-05-29 14:31:00+00:00,-0.8590348549837069,-10.205930201578894,7597.5,ES,120,Wholesale Inventories
2026-06-01 16:01:00+00:00,0.0,-3.619314014997599,7599.5,ES,120,ISM Manufacturing
2026-06-03 16:01:00+00:00,0.0,-11.22038267016734,7579.75,ES,120,ISM Services
2026-06-05 14:31:00+00:00,0.9510705977395711,1.6620406573153446,7520.25,ES,120,Employment Report (NFP)
2026-06-09 16:01:00+00:00,1.1619411768587675,-44.499286136847616,7319.75,ES,120,Wholesale Inventories
2026-06-10 14:31:00+00:00,1.1488530695033627,-63.12166748330128,7390.0,ES,120,CPI
2026-06-17 14:31:00+00:00,0.0,-31.59980675960128,7527.75,ES,120,Retail Sales
2026-06-25 14:31:00+00:00,0.0,0.0,7451.0,ES,120,GDP
2026-06-26 14:31:00+00:00,0.0,-7.743717034252029,7428.25,ES,120,Wholesale Inventories
2026-07-01 16:01:00+00:00,0.0,,,ES,120,ISM Manufacturing
2026-07-02 14:31:00+00:00,-0.8422154851987101,,,ES,120,Employment Report (NFP)
2026-07-06 16:01:00+00:00,0.0,,,ES,120,ISM Services
2026-07-08 16:01:00+00:00,0.0,,,ES,120,Wholesale Inventories
2026-07-08 20:01:00+00:00,0.0,,,ES,120,FOMC Meeting Minutes
2026-07-14 14:31:00+00:00,0.0,,,ES,120,CPI
2026-07-16 14:31:00+00:00,-0.8689996190079284,,,ES,120,Retail Sales
